x1,x2,x3,x4,v1,v2,v3,v4,a1,a2,a3,a4
-0.0007430977,-0.0007305806,0.0002818378,0.0015929461,0.006006636,0.0049583754,0.0011062413,-0.010822076,0.038032223,0.061637677,0.025627702,-0.087280795
-0.0007366016,-0.00055073865,0.00084507186,0.0029570907,0.009936769,0.00673066,0.002284199,-0.017068911,0.045694567,0.07554773,0.04559475,-0.13123432
-0.0005430402,-0.00028048878,0.001268724,0.004137811,0.012459238,0.008168081,0.003789472,-0.022145363,0.040664546,0.07927495,0.080454,-0.17404284
-0.00031924757,-4.7999427e-05,0.0015445707,0.0050121183,0.013810407,0.009404121,0.0049885125,-0.026645597,0.029877314,0.080002636,0.11405166,-0.20909196
-0.0001271113,0.00011598414,0.0016753046,0.0055215824,0.013878118,0.01000702,0.0063694343,-0.030022914,0.017847544,0.079875246,0.13930777,-0.2329743
-8.674784e-06,0.00019494555,0.0017132978,0.0057393243,0.0133906035,0.010072566,0.007911292,-0.032514904,0.007891286,0.08144575,0.15252149,-0.24561226
0.00013456076,0.00029584765,0.0018028984,0.005808701,0.012835066,0.009991812,0.009803682,-0.034807675,-0.004030528,0.08454425,0.15021682,-0.2445594
0.00031367881,0.0004107453,0.0019278306,0.0058062836,0.011927966,0.009756252,0.012045541,-0.036934096,-0.01909414,0.089764014,0.13959932,-0.23604302
0.00049096864,0.0005302728,0.0020618504,0.005710473,0.010617977,0.009488068,0.014451048,-0.038868327,-0.033434507,0.09504637,0.12223437,-0.22091658
0.0005925553,0.00058866484,0.0021856672,0.0055514523,0.009029046,0.0091262385,0.017109727,-0.040800784,-0.04304328,0.10360372,0.09701844,-0.2017214
0.0006405475,0.00060172955,0.0022995165,0.0053045214,0.0073742038,0.008707322,0.019951977,-0.042647865,-0.049339198,0.114150174,0.06384951,-0.17681065
0.00070100423,0.00064838276,0.002453361,0.005041352,0.00587802,0.008410797,0.022619145,-0.044327136,-0.054775722,0.12340004,0.027133191,-0.1481182
0.0007171636,0.0006433459,0.002547894,0.0046659126,0.0046949903,0.008467011,0.024592234,-0.045640193,-0.057370678,0.13194853,-0.01051634,-0.11694778
0.00072074076,0.0006691657,0.0026727794,0.0042665657,0.00391752,0.008932542,0.025822109,-0.046665806,-0.056378115,0.13761333,-0.050332647,-0.083228655
0.00072311197,0.0007448451,0.0028763628,0.0038975142,0.0033311779,0.009721438,0.02647846,-0.047456667,-0.051715203,0.14150044,-0.09466447,-0.04659861
0.00072158634,0.0008697279,0.0031841751,0.003588562,0.002854303,0.010922819,0.026425103,-0.048039425,-0.042814225,0.14467996,-0.14411531,-0.00769079
0.0006760002,0.0009863973,0.003501071,0.0032609215,0.0025301147,0.012463399,0.025462192,-0.04814326,-0.028870951,0.14628205,-0.1947392,0.031672362
0.00061829964,0.0011333595,0.0038486205,0.0029382603,0.002505347,0.014297246,0.023767881,-0.047906257,-0.011591958,0.14472596,-0.24614778,0.071993135
0.0005404045,0.0012724793,0.004176503,0.0025948624,0.0027862012,0.016389629,0.021527808,-0.04737614,0.007754794,0.14108978,-0.29674488,0.11241451
0.00045706195,0.0014192582,0.0044883303,0.002273249,0.0032461022,0.01849505,0.018882278,-0.046593845,0.02806485,0.13497548,-0.34362888,0.15061848
0.00033583047,0.001510924,0.0047205435,0.0019498281,0.00371166,0.020214485,0.015761066,-0.045367677,0.049556173,0.12804322,-0.38387677,0.18379807
0.0002228119,0.0016107543,0.0049246703,0.0016563161,0.0042196102,0.02160105,0.012377703,-0.043783594,0.07060762,0.118485264,-0.4182821,0.21356153
0.00016500954,0.0017470205,0.0051016137,0.0013864139,0.004923375,0.022908442,0.008882747,-0.04194798,0.087162554,0.10607469,-0.44602883,0.24072161
0.00016981346,0.0019168622,0.0052429284,0.0011287523,0.005850321,0.024003226,0.005138325,-0.039907,0.098047145,0.0912657,-0.4664713,0.2650835
0.00021596253,0.002094902,0.0053069443,0.00083670043,0.006918185,0.024758296,0.0010115113,-0.037551295,0.10417681,0.07353747,-0.4780125,0.2860957
0.00029115312,0.0022882102,0.005296911,0.0005121962,0.008101814,0.025382292,-0.0035069948,-0.034893233,0.10760021,0.051340945,-0.4803479,0.3036357
0.0003941166,0.0025226907,0.005248653,0.00020620612,0.0093501955,0.025853876,-0.0083405115,-0.03195397,0.110106535,0.023600006,-0.47368947,0.3168766
0.00053991546,0.0028447844,0.005221271,-3.4252473e-05,0.010706416,0.026052395,-0.0133517105,-0.028756835,0.11238608,-0.01060897,-0.46018273,0.326696
0.00070055935,0.0032103136,0.005184546,-0.00023001916,0.012139944,0.025920253,-0.018408025,-0.02525084,0.11475376,-0.049236406,-0.44005832,0.33233902
0.00085776934,0.0035627785,0.0050815437,-0.00042964143,0.013616336,0.025379522,-0.023425031,-0.021408426,0.11620616,-0.09022017,-0.41234002,0.3333359
0.0010181637,0.0038966897,0.0049137254,-0.00061596,0.015027482,0.024260791,-0.028195009,-0.01732146,0.115965985,-0.13262698,-0.3764194,0.32896498
0.0011800261,0.004204629,0.0046972,-0.0007629093,0.016312981,0.022534661,-0.03238605,-0.013320072,0.113812186,-0.17445047,-0.33370894,0.31904548
0.0013422137,0.0044681258,0.004433896,-0.00086423336,0.017386911,0.020335373,-0.035646375,-0.009751366,0.10871214,-0.21307606,-0.28604218,0.30414268
0.0015170757,0.004685807,0.0041222856,-0.0009240835,0.018170219,0.017657604,-0.037930418,-0.0066524753,0.099374324,-0.24776754,-0.23404117,0.28504103
0.0016992535,0.004845762,0.0037400157,-0.0009750731,0.018804193,0.014574931,-0.039532278,-0.0038940127,0.08595434,-0.27898172,-0.17771237,0.262452
0.0018809997,0.004947714,0.003291819,-0.0010329129,0.019505184,0.011370107,-0.040703025,-0.0014149034,0.06927888,-0.30686375,-0.11854258,0.23731849
0.0020596485,0.0049852226,0.0027840121,-0.001092865,0.020276953,0.008130706,-0.04147644,0.00079120614,0.04937168,-0.3305509,-0.05734156,0.20949014
0.002254585,0.0049996036,0.0022608382,-0.0011291439,0.021011679,0.004811423,-0.04181141,0.0027351137,0.026533816,-0.35136732,0.0044384995,0.18021229
0.0024580443,0.005010674,0.0017695036,-0.0011197029,0.02159207,0.0014693367,-0.04165915,0.004374494,0.0025343932,-0.3690512,0.063712984,0.15070423
0.0026610473,0.005010715,0.001316332,-0.0010822086,0.021843713,-0.0018709209,-0.041013386,0.0057560317,-0.022304174,-0.38256857,0.118455894,0.12206206
0.0028644502,0.0049931714,0.00089661154,-0.0010237875,0.021624725,-0.005255169,-0.039783467,0.006913054,-0.04859016,-0.39120373,0.16838552,0.094423845
0.0030865332,0.0049854326,0.0005421307,-0.0009190986,0.02091377,-0.008706229,-0.037888188,0.00773987,-0.07686308,-0.39522386,0.21248177,0.06856249
0.0033208067,0.0049770093,0.00025012658,-0.0007672206,0.01969424,-0.012287105,-0.03537803,0.008205958,-0.1068591,-0.39402425,0.25061727,0.044423718
0.0035498221,0.0049337815,-1.4164834e-05,-0.0006074831,0.018059162,-0.01595373,-0.032430578,0.008425896,-0.1383243,-0.38698423,0.28350276,0.021914152
0.0037702965,0.004838836,-0.00026961288,-0.000460865,0.016154464,-0.019641869,-0.029247353,0.0084805535,-0.17160664,-0.37402624,0.3122746,0.00060815015
0.0039678123,0.0046848333,-0.0005120715,-0.00033669613,0.014210986,-0.023134667,-0.026020614,0.0083668865,-0.20528662,-0.35525495,0.33590925,-0.018894393
0.004120406,0.004457288,-0.00074406475,-0.00024029217,0.012280002,-0.026298402,-0.022890456,0.008085966,-0.23755708,-0.33040354,0.35352463,-0.03661947
0.0042313505,0.0041684913,-0.0009578411,-0.00015642584,0.010201769,-0.029161735,-0.019812284,0.0076655233,-0.2678485,-0.3001933,0.3655266,-0.053097326
0.0043080784,0.0038325696,-0.0011438979,-6.80847e-05,0.007755898,-0.031743042,-0.016644977,0.007077405,-0.29592365,-0.2652697,0.37194875,-0.06857217
0.0043471535,0.0034510775,-0.0013033623,2.3445857e-05,0.004785971,-0.03403013,-0.013325316,0.006337799,-0.32131124,-0.2258783,0.3723287,-0.08280237
0.0043466217,0.0030253865,-0.0014425858,0.000102625796,0.0013857256,-0.03600172,-0.0098866355,0.005510873,-0.3443247,-0.18218398,0.366284,-0.095117755
0.0043193414,0.002573608,-0.0015608817,0.00015801188,-0.002266341,-0.03770763,-0.0064534275,0.0047004325,-0.36607406,-0.13518386,0.35411102,-0.104769595
0.0042687217,0.0021127881,-0.0016499851,0.00019694884,-0.006072177,-0.039130673,-0.0031136388,0.003906736,-0.38620347,-0.08620005,0.3363276,-0.111717485
0.004180568,0.0016504723,-0.0017035486,0.00022476463,-0.010030366,-0.04016093,0.00012567817,0.003049561,-0.4024649,-0.036864925,0.313095,-0.11592401
0.0040542693,0.0012083222,-0.001705893,0.00025556498,-0.0141736455,-0.04072583,0.003238409,0.0020449725,-0.41317958,0.010736437,0.28495148,-0.11729878
0.0038820084,0.0007882276,-0.0016603345,0.0002803799,-0.018490683,-0.04074236,0.006149812,0.000886224,-0.41703582,0.05523187,0.25239566,-0.11562054
0.003661441,0.00039075228,-0.0015667052,0.00030007737,-0.02293614,-0.040131737,0.008801287,-0.0004016604,-0.4136739,0.09615003,0.21574001,-0.1109228
0.0034057877,2.4740195e-05,-0.0014246248,0.0003223122,-0.027436439,-0.038939048,0.011110923,-0.0017121333,-0.40400827,0.13308083,0.17592561,-0.10351197
0.0031238154,-0.0003099199,-0.0012517587,0.00034614027,-0.031799898,-0.03731582,0.012945407,-0.0029346403,-0.38906968,0.16560662,0.13479868,-0.094181605
0.0028124258,-0.00062349305,-0.001073005,0.00035854816,-0.035845004,-0.03537902,0.014233416,-0.00396881,-0.3689761,0.1934795,0.093686566,-0.083424814
0.0024587326,-0.0009391053,-0.00090283056,0.00035840968,-0.039483476,-0.03315367,0.015045898,-0.004824167,-0.34335458,0.21804383,0.05275799,-0.07197627
0.002066684,-0.0012665326,-0.0007598294,0.00032593793,-0.042608548,-0.030668434,0.01542724,-0.005511458,-0.31349644,0.23993258,0.012420629,-0.0596512
0.0016456731,-0.0015943289,-0.0006387958,0.00026608448,-0.045271818,-0.028056122,0.015412366,-0.0059899893,-0.28015935,0.25893342,-0.026670162,-0.046740383
0.0012065766,-0.0018992497,-0.00052444916,0.00019252156,-0.047548573,-0.025431992,0.015033706,-0.00628837,-0.24340545,0.27385485,-0.06372038,-0.03363033
0.0007432508,-0.0021747577,-0.00040981866,0.00011008212,-0.049516402,-0.02286205,0.014337832,-0.006428958,-0.2022046,0.28396934,-0.0985713,-0.02066904
0.00024857346,-0.0024222925,-0.00028826768,2.3840956e-05,-0.051190946,-0.020311512,0.013367189,-0.006445503,-0.15589485,0.28945667,-0.13175757,-0.007952727
-0.00027064027,-0.0026322838,-0.00015507879,-6.197038e-05,-0.052463777,-0.01771232,0.012125863,-0.006362376,-0.104804665,0.2899467,-0.16331579,0.0047052186
-0.00081347354,-0.002815556,-3.0905925e-05,-0.00015376898,-0.053166673,-0.0150360465,0.010574345,-0.006193809,-0.049644545,0.28550375,-0.19198592,0.016523505
-0.0013731668,-0.0029745263,7.485204e-05,-0.00024829755,-0.05320368,-0.012362623,0.008698663,-0.0058952523,0.008812451,0.2760794,-0.21661429,0.026670478
-0.0019372168,-0.0031034637,0.00016157603,-0.00033635725,-0.052590005,-0.009786836,0.0065599335,-0.005461933,0.06949404,0.26159436,-0.23640938,0.03467402
-0.0024972474,-0.003204166,0.00022576944,-0.00040868818,-0.051358555,-0.0073191496,0.004232512,-0.00498203,0.13123892,0.24248572,-0.25087535,0.040197827
-0.003047897,-0.0032867112,0.00025416253,-0.00046875558,-0.049534936,-0.0049856463,0.0017586888,-0.0044587003,0.19277948,0.21936876,-0.25953865,0.043089595
-0.003577813,-0.0033489987,0.00024531467,-0.0005093281,-0.047141988,-0.0028021755,-0.00082194904,-0.0039164107,0.2528194,0.19245955,-0.2618371,0.043125752
-0.004082368,-0.003385818,0.00020353208,-0.0005288434,-0.0441643,-0.00079045823,-0.0034806216,-0.0034178721,0.3109241,0.16175038,-0.25794217,0.04056787
-0.0045501473,-0.0033904705,0.00013752146,-0.00053640245,-0.04064745,0.00094604545,-0.00617506,-0.0029413598,0.36601844,0.12798335,-0.24902618,0.036448006
-0.0049732667,-0.0033685025,4.8216774e-05,-0.00054314674,-0.036625996,0.0023662637,-0.008844715,-0.002518515,0.41681185,0.09277221,-0.23602799,0.031338338
-0.005344665,-0.0033293632,-6.520338e-05,-0.0005543274,-0.032159913,0.0034002133,-0.011427113,-0.0021494075,0.46201998,0.05793423,-0.21966037,0.02540908
-0.0056663095,-0.0032867219,-0.00020532664,-0.00057504757,-0.027311346,0.0040192595,-0.013846143,-0.0018504461,0.50121355,0.024915896,-0.2006968,0.018709058
-0.0059365234,-0.0032460624,-0.00036800734,-0.0005998934,-0.022163322,0.004226796,-0.016015785,-0.0016427597,0.5339209,-0.0052882168,-0.17971592,0.011103476
-0.006154205,-0.0032150953,-0.0005531676,-0.00063149445,-0.016811805,0.004081028,-0.017868381,-0.0015592081,0.55953074,-0.031773515,-0.1573379,0.0027268964
-0.00631488,-0.0031929067,-0.00074899435,-0.0006618403,-0.011352864,0.0036376945,-0.01936079,-0.0016076912,0.5775305,-0.053791735,-0.13437782,-0.006329719
-0.006408745,-0.0031720188,-0.0009414169,-0.00068382814,-0.005891773,0.0029241259,-0.02048153,-0.0017754702,0.58732194,-0.07110636,-0.11140086,-0.015890576
-0.006440484,-0.0031580841,-0.0011386451,-0.0007019873,-0.00041484096,0.00199447,-0.021270545,-0.0020589312,0.58912545,-0.08404579,-0.08776677,-0.026355967
-0.0064044115,-0.0031385836,-0.0013363773,-0.0007122039,0.005167775,0.00084335293,-0.021753268,-0.0023713768,0.5828381,-0.09372485,-0.062950715,-0.037680455
-0.0063011902,-0.0031108775,-0.0015356928,-0.0007092408,0.01095586,-0.00046392184,-0.021963796,-0.0027059757,0.5684809,-0.100672744,-0.036395155,-0.05016774
-0.006139564,-0.0030831974,-0.0017376514,-0.00070180825,0.01680309,-0.0018184239,-0.02200167,-0.0031033673,0.54688317,-0.104469135,-0.009285805,-0.06317199
-0.005937667,-0.0030689791,-0.0019459014,-0.0007145136,0.022407124,-0.0030865893,-0.021950137,-0.0035657305,0.51973486,-0.1046927,0.016227113,-0.07532424
-0.005704228,-0.00306909,-0.002156393,-0.0007511551,0.027518587,-0.004207482,-0.021867475,-0.004083938,0.4881399,-0.10138414,0.039219406,-0.086112216
-0.0054374333,-0.0030835338,-0.0023660092,-0.0007973907,0.03211038,-0.005256088,-0.021733293,-0.004653359,0.45163786,-0.094094925,0.060163893,-0.096208215
-0.0051373593,-0.0031209185,-0.002580637,-0.00084398093,0.036327206,-0.0062180585,-0.021482993,-0.0053662723,0.4094009,-0.08205008,0.07976461,-0.10641498
-0.004800408,-0.003180787,-0.0028012116,-0.00089251227,0.040192608,-0.0070193755,-0.021106407,-0.006249166,0.36121,-0.06525635,0.098040774,-0.11660934
-0.004432089,-0.0032596441,-0.0030234382,-0.0009546323,0.04356271,-0.007506243,-0.020572819,-0.007305681,0.30852288,-0.044624455,0.114061795,-0.12575988
-0.004036415,-0.0033442075,-0.0032297457,-0.0010245998,0.04628482,-0.0075941617,-0.019772692,-0.008594048,0.2531467,-0.021479694,0.12727933,-0.1331989
-0.0036172045,-0.00342655,-0.0034135366,-0.0010980167,0.048275158,-0.007339951,-0.018614246,-0.010090862,0.19620535,0.0031955107,0.13817115,-0.13901493
-0.0031813832,-0.0035067315,-0.0035802608,-0.0011813879,0.049574398,-0.006822073,-0.017191287,-0.0116757555,0.13835658,0.028910141,0.14702387,-0.14314061
-0.0027317123,-0.0035767034,-0.0037277623,-0.0012768119,0.0502464,-0.0061540897,-0.015653405,-0.013194095,0.080071524,0.05505051,0.15373054,-0.14527896
-0.0022736066,-0.003635929,-0.0038583234,-0.0013930859,0.050324574,-0.005406977,-0.014071002,-0.014570883,0.021884652,0.08121947,0.15816984,-0.14518307
-0.0018145236,-0.0036933245,-0.003983485,-0.0015422417,0.049831126,-0.004590176,-0.012492091,-0.015732389,-0.03586829,0.10738322,0.16060872,-0.14295053
-0.0013557252,-0.0037516777,-0.004108497,-0.0017175839,0.048818808,-0.0036577396,-0.010971501,-0.016683215,-0.09320272,0.13352391,0.1617855,-0.13931149
-0.000895407,-0.0038079307,-0.0042258147,-0.001905327,0.04730894,-0.0025027136,-0.0095170075,-0.017544307,-0.149993,0.15969643,0.16184789,-0.13476701
-0.00043765586,-0.003859943,-0.004329209,-0.0021010698,0.04523442,-0.0010021365,-0.008105048,-0.018429883,-0.20565352,0.18581101,0.16032611,-0.1292719
2.0653002e-05,-0.0038880005,-0.0044135638,-0.0023130123,0.04266776,0.00087132416,-0.0067274165,-0.01940693,-0.2595191,0.2100533,0.15719935,-0.12199356
0.00048024775,-0.0038803539,-0.0044793836,-0.0025493158,0.03966942,0.0030995703,-0.0053718816,-0.020466538,-0.31107315,0.2309633,0.1527162,-0.11240207
0.0009139953,-0.0038244703,-0.004523663,-0.0028130908,0.036382794,0.005559747,-0.0040448266,-0.021604499,-0.35665017,0.24574108,0.14681874,-0.099986084
0.001333903,-0.0037386094,-0.004558991,-0.003101085,0.032762207,0.008265198,-0.0026426304,-0.02282725,-0.39860052,0.25632906,0.1401728,-0.08551363
0.0017066058,-0.0036157784,-0.0045669656,-0.0033733624,0.028841939,0.011045383,-0.0012031418,-0.024049837,-0.43279672,0.26129487,0.13291354,-0.07000158
0.002004847,-0.0034706963,-0.004549204,-0.0036032717,0.024803987,0.013672023,0.00023268766,-0.02513701,-0.4570825,0.26083243,0.12569232,-0.05487975
0.0022536346,-0.0033104885,-0.004523454,-0.0038208966,0.02050369,0.016284596,0.0017007295,-0.026015997,-0.47471347,0.2562951,0.11843779,-0.03936039
0.0024345096,-0.0031465106,-0.0045003816,-0.0040321834,0.016114108,0.018638536,0.0030585732,-0.026513698,-0.48431998,0.24753945,0.11120848,-0.023679143
0.0025749223,-0.002961505,-0.0044806935,-0.004274129,0.011355884,0.020903083,0.0043561165,-0.026604371,-0.4879164,0.23392747,0.10333348,-0.006043356
0.0026515925,-0.0027618662,-0.0044561042,-0.0045288173,0.00665032,0.022921195,0.0054417606,-0.02630046,-0.483247,0.21537699,0.09492016,0.012528521
0.0026866992,-0.0025289967,-0.0044182343,-0.004805719,0.0018364092,0.024813885,0.006357811,-0.025677603,-0.4716719,0.19133572,0.08577158,0.032861818
0.0026805736,-0.0022735528,-0.004370425,-0.0050894725,-0.0027756486,0.026488302,0.007089425,-0.02484779,-0.4540152,0.16305412,0.076643705,0.05366332
0.0026284505,-0.001996532,-0.004308674,-0.0053609167,-0.007119797,0.027949387,0.0076978332,-0.023842838,-0.42967966,0.13033623,0.068257205,0.074008234
0.0025364321,-0.0016962946,-0.004235348,-0.0056206794,-0.011278335,0.02914375,0.008265232,-0.022720896,-0.3991238,0.0930633,0.060784347,0.09400199
0.0024042171,-0.0013782603,-0.004153321,-0.005855754,-0.015169914,0.029968798,0.008780134,-0.02155263,-0.36262253,0.05171764,0.05493028,0.11288107
0.0022324736,-0.0010673709,-0.004072409,-0.006061466,-0.018678863,0.030456387,0.009237919,-0.020498915,-0.32183048,0.008835138,0.050579954,0.12992115
0.002007624,-0.00075752306,-0.003984558,-0.0062414776,-0.021667635,0.030435162,0.009688699,-0.019354817,-0.274741,-0.036728743,0.047125548,0.1458141
0.0017545944,-0.0004443142,-0.0038908024,-0.00641854,-0.024350971,0.029865282,0.010154591,-0.018083762,-0.22410983,-0.08392264,0.04359057,0.16185516
0.0014951805,-0.00012837508,-0.0037864384,-0.0065958733,-0.02667235,0.028654577,0.010578227,-0.016567856,-0.1726508,-0.13101974,0.03936268,0.17842616
0.0012383262,0.0001841966,-0.0036761796,-0.0067847595,-0.02874206,0.02683849,0.010917986,-0.014756939,-0.12179872,-0.17704824,0.03393922,0.19587283
0.0009868296,0.00047640418,-0.0035572115,-0.006959668,-0.030336253,0.02460997,0.011146613,-0.012726571,-0.07315958,-0.21975105,0.027576104,0.21276449
0.0007154924,0.00073932356,-0.0034274692,-0.007107734,-0.031074278,0.021991694,0.011348288,-0.01051663,-0.024472384,-0.2594873,0.020424038,0.22840402
0.00044078246,0.0009702808,-0.003290593,-0.007223644,-0.031200193,0.019173583,0.011511145,-0.008214299,0.022537291,-0.29537022,0.012598724,0.24240695
0.0001705559,0.0011553224,-0.0031685731,-0.0073230006,-0.030789753,0.016223462,0.011594638,-0.005856635,0.06615164,-0.32643047,0.004697346,0.25452003
-0.00011298965,0.0013007582,-0.0030586696,-0.0074007907,-0.02977005,0.012983312,0.011663439,-0.0033246025,0.10871733,-0.3541881,-0.0030733338,0.26460773
-0.00039480097,0.0013978502,-0.0029684906,-0.0074540614,-0.028279023,0.009620148,0.0116829565,-0.0007267882,0.14795503,-0.3770367,-0.010408636,0.27220383
-0.00066693424,0.0014548925,-0.0028818108,-0.0074646138,-0.026339294,0.006164487,0.01164078,0.0019213462,0.18329756,-0.39426804,-0.017868344,0.2772908
-0.00092749135,0.0014734947,-0.0027954264,-0.0074440194,-0.024077456,0.0025722417,0.011473991,0.0046744402,0.2145633,-0.4055705,-0.026384832,0.2807012
-0.0011667361,0.0014587584,-0.0027078243,-0.007398506,-0.021694435,-0.0010802044,0.011182166,0.0074685784,0.24103162,-0.41097835,-0.035961032,0.28281978
-0.0013924658,0.0014084406,-0.0026170374,-0.0073248995,-0.01909619,-0.004970965,0.0107097505,0.010428619,0.26337433,-0.4103957,-0.046925306,0.28358
-0.0015995047,0.0013197389,-0.0025316854,-0.0072243977,-0.01639673,-0.008991862,0.010094256,0.013464474,0.28092822,-0.40398425,-0.05813902,0.28244483
-0.0017727611,0.0012046597,-0.0024428088,-0.007090732,-0.013654494,-0.013014098,0.009329475,0.016470492,0.29284114,-0.39214033,-0.069135554,0.2794533
-0.001895054,0.0010719863,-0.0023498107,-0.00692236,-0.011082414,-0.016753068,0.0085351085,0.019274142,0.29768378,-0.37506992,-0.07910755,0.2744706
-0.0019736718,0.00092727353,-0.0022622505,-0.0067406665,-0.0086055575,-0.020159509,0.007759243,0.021873565,0.29652497,-0.35441703,-0.08809679,0.26835138
-0.0020207216,0.00075391814,-0.0021820914,-0.0065336605,-0.0060237763,-0.023381332,0.0069237254,0.024403617,0.2896661,-0.32898337,-0.09609296,0.26026455
-0.0020488633,0.0005572694,-0.0021131632,-0.00630235,-0.003405452,-0.02633951,0.00600901,0.026862886,0.27909204,-0.30059165,-0.10251302,0.25003338
-0.0020389415,0.0003298625,-0.0020530794,-0.006039364,-0.0007062471,-0.029002002,0.0049805567,0.029200513,0.26205504,-0.26715568,-0.107419334,0.23719439
-0.0020056556,6.28923e-05,-0.0020077245,-0.005750568,0.0018899733,-0.031317547,0.0038435915,0.031422958,0.23988523,-0.22893597,-0.1109685,0.22164305
-0.0019593749,-0.00024743497,-0.0019767473,-0.0054403236,0.0040974063,-0.03313539,0.0027048476,0.03338906,0.21370113,-0.18626364,-0.11347304,0.20354885
-0.0019095801,-0.0005836683,-0.0019494626,-0.0051079514,0.0058742026,-0.034501716,0.0016355242,0.035158686,0.18583381,-0.14110163,-0.11514722,0.18351725
-0.001835258,-0.00096522144,-0.0019124551,-0.004731404,0.0074700303,-0.03549646,0.0005708496,0.036768973,0.15249915,-0.08898903,-0.117227644,0.16120236
-0.0017606047,-0.0013640808,-0.0018875445,-0.004351071,0.008665183,-0.03593195,-0.00048737656,0.038081404,0.118637025,-0.036202233,-0.11822916,0.13806558
-0.001698206,-0.0017639312,-0.0018872439,-0.0040021986,0.0095325755,-0.03589476,-0.0015116065,0.039156154,0.08662853,0.014297214,-0.118077554,0.11561593
-0.00162216,-0.0021634626,-0.0018993511,-0.003639448,0.010138616,-0.035265278,-0.0025689672,0.039939296,0.053413518,0.06457765,-0.115656294,0.09190842
-0.001534847,-0.0025630216,-0.0019210656,-0.003257941,0.010562871,-0.0342087,-0.0037128627,0.040545445,0.019207833,0.11479292,-0.11105335,0.06669586
-0.001438663,-0.002937099,-0.0019543553,-0.0028743404,0.010745991,-0.032761775,-0.0048579997,0.040933166,-0.014048132,0.16155367,-0.10359186,0.040751796
-0.0013277269,-0.0032756831,-0.0020020779,-0.002492576,0.0106369965,-0.03095291,-0.0059615495,0.041127026,-0.046799906,0.20414482,-0.092897244,0.0141437305
-0.0012087334,-0.0035928532,-0.002065546,-0.0020901703,0.010303944,-0.028745139,-0.0069944197,0.041049734,-0.07918361,0.24386804,-0.07843578,-0.014446635
-0.00109085,-0.0038635724,-0.0021345755,-0.0016923685,0.009674495,-0.026297523,-0.007857196,0.04069375,-0.10887538,0.2780134,-0.06184244,-0.042738203
-0.0009872367,-0.004108124,-0.0022178376,-0.001303923,0.008786675,-0.02365066,-0.008557338,0.040037,-0.13550605,0.30756664,-0.043316115,-0.07091373
-0.0009031044,-0.0043246923,-0.002306025,-0.000918015,0.007559695,-0.020728253,-0.009036703,0.03906617,-0.15843591,0.33266273,-0.023391172,-0.09877514
-0.0008493451,-0.004506449,-0.0023916196,-0.00055360876,0.006080482,-0.017667476,-0.009242823,0.037889622,-0.17595859,0.35239908,-0.003386851,-0.12479213
-0.00081759586,-0.004651116,-0.0024654013,-0.00019731442,0.004426618,-0.014486772,-0.009155693,0.036572985,-0.18863146,0.3673835,0.016948422,-0.14945632
-0.00080582424,-0.00475649,-0.0025145228,0.00017426153,0.0025164052,-0.011005983,-0.00873828,0.035021093,-0.1959529,0.37755007,0.037934367,-0.17366932
-0.00080686586,-0.0048323856,-0.0025633625,0.00052378944,0.00050752773,-0.007503883,-0.0080458075,0.033296525,-0.1992111,0.3829318,0.059796512,-0.19668289
-0.00081742054,-0.0048787324,-0.0026096653,0.00084993243,-0.0014795348,-0.0039899903,-0.0071289646,0.031419493,-0.19891755,0.3838577,0.082042605,-0.21824688
-0.0008444055,-0.0049008266,-0.002656335,0.0011521283,-0.0033310747,-0.0004459485,-0.0060547786,0.029340686,-0.19480722,0.38053688,0.1046423,-0.23854741
-0.000889954,-0.0049072444,-0.002707779,0.001415614,-0.005023423,0.0029865243,-0.004871077,0.027134778,-0.18731387,0.37367815,0.126579,-0.25691345
-0.00095437985,-0.004892446,-0.0027686832,0.0016521531,-0.0066792145,0.006587322,-0.0034778048,0.02453476,-0.17623644,0.36224055,0.14951038,-0.27429906
-0.0010359763,-0.004842756,-0.002814682,0.0018583941,-0.008009013,0.009998354,-0.0019727098,0.021812206,-0.16120942,0.3465828,0.17068826,-0.2888566
-0.0011310104,-0.0047596446,-0.0028487025,0.0020435986,-0.009211693,0.0134144565,-0.00025930104,0.01881143,-0.14270346,0.32672134,0.19122045,-0.30153915
-0.0012293214,-0.0046412586,-0.0028524492,0.0022045174,-0.010149349,0.0164289,0.0014928341,0.015872126,-0.12186984,0.30452684,0.20861112,-0.31106094
-0.001336112,-0.0044798763,-0.0028270206,0.00233041,-0.010901776,0.019154882,0.003394775,0.01290056,-0.097533576,0.27827764,0.22283725,-0.31674576
-0.0014462059,-0.004286845,-0.0027757012,0.0024309617,-0.011519358,0.021564303,0.0054483144,0.009901675,-0.07112476,0.24959008,0.23405224,-0.31931967
-0.0015641479,-0.004066004,-0.002702,0.0025003755,-0.011987893,0.023704717,0.0076268357,0.006912018,-0.042282447,0.21841861,0.24226382,-0.31874952
-0.0016821544,-0.003827196,-0.0026086576,0.0025579801,-0.012340785,0.025658786,0.009864507,0.0038718518,-0.0125738,0.18659735,0.24846771,-0.31632525
-0.0017977634,-0.0035717888,-0.002496874,0.0025707257,-0.012547894,0.027256131,0.012270446,0.0008845995,0.017883297,0.1539841,0.25063184,-0.30986628
-0.0019053878,-0.0033142576,-0.0023731035,0.002559368,-0.012592118,0.028621912,0.014710283,-0.002022547,0.047327287,0.122789636,0.24983713,-0.3009329
-0.0020193195,-0.0030346029,-0.0022230085,0.0025011583,-0.012235952,0.029646289,0.017194431,-0.004859319,0.078427024,0.09071008,0.2440027,-0.28711763
-0.002127918,-0.0027354842,-0.002045438,0.002402636,-0.011481885,0.030338753,0.019757293,-0.0076584956,0.10981809,0.058709085,0.23331337,-0.2688634
-0.0022279934,-0.0024327165,-0.0018496667,0.0022734033,-0.010264463,0.03068901,0.022181531,-0.010300953,0.13981318,0.028597582,0.21865982,-0.24734952
-0.0023279276,-0.0021008027,-0.0015939077,0.002134597,-0.008447338,0.030617531,0.02458183,-0.012835674,0.17083763,-0.00069129304,0.19754031,-0.22146116
-0.002415013,-0.0017726257,-0.0013147222,0.0019909986,-0.006242491,0.030346407,0.026749996,-0.015118493,0.1998736,-0.027277032,0.1731967,-0.19407777
-0.002487743,-0.0014392472,-0.0010056725,0.0018364402,-0.003673144,0.029870622,0.02872537,-0.017191963,0.22732712,-0.051927358,0.14517546,-0.16467549
-0.0025417474,-0.0011221011,-0.00069048634,0.0016668586,-0.0008891473,0.029222427,0.030303298,-0.018925246,0.25147423,-0.073296495,0.11490614,-0.13452435
-0.002569515,-0.0008242561,-0.00037882064,0.0014804818,0.0019995868,0.028491896,0.03147434,-0.020335626,0.27102762,-0.09113601,0.08299305,-0.10391424
-0.0025695246,-0.00055762334,-8.3306775e-05,0.0012850655,0.004920327,0.027701396,0.032101274,-0.021417607,0.28500056,-0.10443535,0.05056199,-0.07400335
-0.002541636,-0.0003158579,0.00019984183,0.0010946839,0.0078026596,0.026829151,0.032232665,-0.022134757,0.2938346,-0.11359446,0.018395694,-0.045359544
-0.0024843933,-8.7738525e-05,0.00048705534,0.00090997457,0.01074128,0.025864717,0.03187687,-0.022525495,0.29798052,-0.11877423,-0.014765416,-0.016975766
-0.0023903013,0.00013144479,0.00077674043,0.00074192276,0.013543485,0.024891306,0.031137314,-0.022538675,0.29718378,-0.12046066,-0.047468286,0.010478305
-0.002260679,0.00034604062,0.0010657837,0.0005789887,0.01622646,0.023933994,0.030203452,-0.02230416,0.29219884,-0.119620144,-0.07966549,0.03755703
-0.0020945969,0.00056237425,0.0013745546,0.0004085114,0.018905208,0.022809483,0.02895262,-0.021675937,0.28299955,-0.115608804,-0.11414419,0.06632986
-0.0018920099,0.00077407504,0.0016809443,0.00024087346,0.021371014,0.021574138,0.027585683,-0.020666733,0.26969394,-0.10924523,-0.14786957,0.094743446
-0.001647984,0.0009932899,0.0019970874,7.342785e-05,0.02364721,0.02018903,0.025945878,-0.019207474,0.25219432,-0.10083511,-0.18188019,0.12371304
-0.0013646355,0.0012215532,0.0023164598,-0.000104135805,0.025829472,0.01870451,0.024002269,-0.017388508,0.2307452,-0.09104395,-0.21604276,0.15344673
-0.0010501714,0.0014475699,0.0026059344,-0.00028471695,0.027737021,0.01724304,0.021769596,-0.015290103,0.2056623,-0.080955766,-0.24678162,0.18142305
-0.00072035124,0.0016606225,0.0028608625,-0.00044846526,0.02940793,0.015919482,0.01927372,-0.013051917,0.17813782,-0.07053856,-0.2730748,0.20608124
-0.00038363258,0.0018593177,0.0030719207,-0.0005945829,0.030875439,0.014865166,0.016604561,-0.01086148,0.14912815,-0.0608501,-0.2938902,0.22682096
-5.557353e-05,0.002035792,0.0032330442,-0.0007053503,0.032039203,0.014148672,0.013723826,-0.008708795,0.11986263,-0.052071627,-0.30811757,0.24226712
0.0002833646,0.0022077397,0.003360977,-0.0007994097,0.032957662,0.0136201065,0.010572935,-0.006436374,0.08906605,-0.044109438,-0.31762552,0.25441325
0.0006233135,0.002369482,0.0034466644,-0.00086296804,0.033609655,0.013300513,0.0072715795,-0.0041468907,0.05741328,-0.037372086,-0.32100677,0.26200765
0.0009574108,0.0025200092,0.0034900599,-0.00089323136,0.034011062,0.013167669,0.004021236,-0.001867498,0.025804332,-0.032344148,-0.31817922,0.2650457
0.0012883103,0.0026633667,0.0034978772,-0.0008993702,0.034158178,0.013101578,0.00089242304,0.00039898884,-0.0058853347,-0.028838234,-0.31026027,0.26454964
0.0016297259,0.0027999345,0.0034681642,-0.0008787062,0.034090076,0.013135105,-0.0022722099,0.0027735976,-0.03934429,-0.026234463,-0.2967543,0.2602322
0.0019823452,0.0029367448,0.0034138977,-0.0008309592,0.03378977,0.013224684,-0.0053345207,0.0051968843,-0.074146196,-0.024632132,-0.27876076,0.25297385
0.0023280727,0.0030733778,0.003336797,-0.0007494495,0.033174265,0.0133052785,-0.0080816895,0.007495499,-0.10822672,-0.02480752,-0.2564377,0.24260087
0.0026695933,0.0032109804,0.0032415257,-0.0006443799,0.032200515,0.0132765295,-0.010515275,0.009697997,-0.14166248,-0.02652571,-0.2307089,0.22995217
0.0029971474,0.00334491,0.0031308883,-0.0005218318,0.030843347,0.013119535,-0.01261763,0.011816057,-0.17344104,-0.029618217,-0.20245993,0.21542844
0.0033066957,0.003473831,0.0030064897,-0.00038026154,0.029114844,0.012827681,-0.01440527,0.0138259055,-0.20319496,-0.034001365,-0.17190073,0.19902831
0.0035983333,0.003595682,0.002864014,-0.00021924623,0.027035723,0.012380008,-0.015872922,0.015714418,-0.23110613,-0.039586216,-0.13869783,0.18058231
0.0038749806,0.0037156735,0.002704848,-3.928665e-05,0.024632007,0.011758511,-0.01698847,0.017464198,-0.25715473,-0.04668378,-0.102521166,0.16013162
0.004117124,0.003824123,0.0025392505,0.00016087397,0.022012759,0.011018962,-0.017624784,0.018931972,-0.27941328,-0.054766208,-0.06483891,0.13821855
0.0043316525,0.0039235232,0.0023634376,0.00038064906,0.019122405,0.010200595,-0.017837785,0.020151876,-0.2984634,-0.0640385,-0.02486331,0.11446637
0.00450858,0.0040085353,0.002185275,0.0006129986,0.016083177,0.009329872,-0.017626392,0.021118987,-0.31324232,-0.07429072,0.016120289,0.089534976
0.004658101,0.0040812297,0.0019893863,0.0008566268,0.01274057,0.008302646,-0.017021947,0.02190896,-0.3247996,-0.08605809,0.05998419,0.062548555
0.0047602137,0.0041308952,0.0018000401,0.001079191,0.009487689,0.007185259,-0.016117275,0.022427974,-0.3315985,-0.097994484,0.10110444,0.03694458
0.0048245015,0.0041726585,0.0016193911,0.0013012235,0.0060480055,0.0058714617,-0.014830451,0.02267685,-0.33385488,-0.11118305,0.1410735,0.011804584
0.004854545,0.004209317,0.001464147,0.0015167706,0.0026087444,0.00445824,-0.013212507,0.022664381,-0.33226138,-0.124443114,0.17703286,-0.011279401
0.0048528216,0.004241296,0.0013352804,0.00172925,-0.0007753737,0.0029760287,-0.011253386,0.022370948,-0.3273825,-0.13730443,0.208574,-0.032236263
0.0048223287,0.004273578,0.0012339224,0.0019487576,-0.00417385,0.0014128579,-0.008917251,0.021797683,-0.3194634,-0.14985682,0.2361513,-0.051467627
0.0047682626,0.0043031727,0.0011686032,0.002173174,-0.0074034254,-0.00017366174,-0.0063762856,0.021072151,-0.30967483,-0.16061859,0.25825304,-0.06840749
0.004683358,0.0043298774,0.0011412757,0.0024158636,-0.010644592,-0.0018881414,-0.0034674003,0.020122154,-0.2969459,-0.17004468,0.2757044,-0.08383747
0.00457298,0.004346243,0.001153115,0.0026539648,-0.013645972,-0.0036412445,-0.00046169604,0.019071154,-0.28243676,-0.17686774,0.28694218,-0.096504584
0.0044348524,0.004346531,0.0011963816,0.0028796003,-0.016412746,-0.00539289,0.0025564416,0.017962513,-0.26599833,-0.18122128,0.29255357,-0.10653985
0.0042643743,0.004324767,0.0012700862,0.003090015,-0.018973356,-0.0071721897,0.0055879415,0.016807413,-0.24731386,-0.1828066,0.29230434,-0.113862894
0.0040486786,0.00427032,0.0013767402,0.003281137,-0.02139541,-0.009068459,0.008677359,0.015550187,-0.22534224,-0.18103848,0.2850889,-0.11813678
0.0038059754,0.004183463,0.0015043565,0.003439802,-0.023520362,-0.0109006865,0.011526837,0.014332259,-0.20203136,-0.17586996,0.27198428,-0.11931345
0.00353064,0.004060932,0.0016547239,0.0035740081,-0.025416436,-0.012656551,0.014224315,0.013060276,-0.1767953,-0.167247,0.25290364,-0.1177091
0.0032300428,0.0039060737,0.0018245813,0.0036989704,-0.027138622,-0.014308839,0.016749019,0.011795311,-0.1502083,-0.15541059,0.22933021,-0.11438505
0.0029119665,0.0037217042,0.0020160528,0.003821737,-0.028651483,-0.015827607,0.019072104,0.010583058,-0.12292174,-0.14021511,0.20142324,-0.109542415
0.0025842588,0.0035127092,0.002224975,0.003949675,-0.02994981,-0.017189004,0.021128492,0.009467383,-0.095465444,-0.12212203,0.1703681,-0.10383233
0.0022678673,0.003296796,0.0024503837,0.004073519,-0.030943517,-0.018246325,0.022817388,0.008441986,-0.0693918,-0.10211102,0.13678804,-0.096831396
0.0019593213,0.00308023,0.0026942017,0.0041983947,-0.031679057,-0.01909497,0.024147512,0.00756305,-0.043889374,-0.08093345,0.10113199,-0.08876889
0.0016458188,0.0028528117,0.0029571557,0.0043161,-0.032097124,-0.019708013,0.025041291,0.006765968,-0.01815289,-0.057965923,0.06222477,-0.079199895
0.0013202878,0.002613528,0.0032349166,0.004419917,-0.032217264,-0.020060316,0.025491215,0.0060242144,0.00849701,-0.033679392,0.020221358,-0.06803715
0.0009899683,0.002379526,0.0035276015,0.004510932,-0.032087654,-0.020134723,0.025551377,0.00536085,0.035849366,-0.009500193,-0.023602938,-0.055444684
0.00064800575,0.0021454107,0.0038251395,0.0045798817,-0.031724967,-0.019933809,0.025195738,0.004773154,0.06406791,0.014429487,-0.069003366,-0.041464377
0.00030595806,0.0019208118,0.004112498,0.0046242876,-0.031102946,-0.01949254,0.024410984,0.0043376777,0.092101134,0.036966875,-0.11368872,-0.026894642
-2.9293364e-05,0.0017046126,0.004378164,0.004654153,-0.030151144,-0.018839007,0.02318227,0.0040273974,0.11903298,0.058096815,-0.15596212,-0.012912746
-0.00034751825,0.0014972008,0.004614252,0.004680533,-0.028902635,-0.018058809,0.021540206,0.0038796503,0.14392053,0.07781755,-0.19415146,-0.0007248438
-0.0006545834,0.0012933031,0.0048345444,0.0047187703,-0.027317967,-0.017133439,0.019486481,0.0038572678,0.16726996,0.09719753,-0.22938873,0.009631629
-0.0009378738,0.0010992544,0.0050354777,0.0047753262,-0.025419025,-0.016120195,0.017080922,0.003988263,0.18824366,0.11582867,-0.2605291,0.017625624
-0.0011816375,0.0009201726,0.005182558,0.0048315455,-0.023242624,-0.015022006,0.014293692,0.0042836824,0.20519528,0.13203514,-0.28434864,0.022368466
-0.0013982889,0.0007588065,0.0052967505,0.0048922854,-0.020858271,-0.013848398,0.0112387035,0.004736934,0.21982887,0.14584742,-0.30287647,0.024825752
-0.001591113,0.0006136179,0.0053698844,0.0049536307,-0.01831791,-0.012567194,0.007932835,0.005301336,0.2323444,0.15680486,-0.31555223,0.024822783
-0.0017448836,0.00049633265,0.0054073837,0.005017435,-0.015823394,-0.011194347,0.0046739485,0.005827509,0.24201386,0.16447237,-0.32213053,0.02250116
-0.0018744104,0.00040040226,0.0054247906,0.0050788056,-0.013261462,-0.009691164,0.0014247403,0.0063161217,0.250285,0.16959718,-0.32491857,0.018899389
-0.0019843152,0.0003121831,0.0054048626,0.0051416755,-0.010589615,-0.00798806,-0.0018265471,0.0065930225,0.25666872,0.17243414,-0.3225933,0.01306997
-0.0020847488,0.00022972684,0.0053538913,0.005193505,-0.007998083,-0.006232277,-0.0048736245,0.0067090597,0.26240852,0.1730486,-0.31667212,0.0059604812
-0.0021720314,0.00015533922,0.0052762455,0.0052417647,-0.005383898,-0.004410375,-0.007863285,0.0066524567,0.267189,0.17163162,-0.30711633,-0.0025031045
-0.0022353225,9.315651e-05,0.005176242,0.00529606,-0.0026575567,-0.0025254583,-0.010865096,0.006453448,0.26990154,0.1686616,-0.29355747,-0.012629078
-0.002274827,4.4862358e-05,0.005048668,0.005340343,-4.1103332e-05,-0.0007255816,-0.013689741,0.0061515234,0.27071142,0.16361436,-0.2763472,-0.023754433
-0.0022797743,1.0499731e-05,0.0048874402,0.005384347,0.0026215836,0.0010330448,-0.016402153,0.00568744,0.26820794,0.15683003,-0.25430435,-0.036656864
-0.0022561161,-7.094459e-06,0.004696722,0.0054252855,0.0052219927,0.0026348284,-0.018857732,0.0051185815,0.26334828,0.14789362,-0.22810793,-0.05087535
-0.0021981488,-8.021612e-06,0.0044792774,0.005466339,0.007774686,0.0040083793,-0.020939082,0.0044328896,0.25557265,0.13750872,-0.1980629,-0.0663295
-0.002112744,2.6930647e-06,0.0042373263,0.0055073295,0.0103068305,0.0051980335,-0.022687703,0.0036138955,0.2453901,0.12600964,-0.1647727,-0.08295944
-0.001992192,3.3462286e-05,0.003960586,0.0055389637,0.012916672,0.0062368778,-0.02419179,0.0025542935,0.2322319,0.11227832,-0.12702732,-0.10092568
-0.0018512475,7.8730394e-05,0.0036778192,0.0055580074,0.015338232,0.0070596808,-0.025289034,0.0014097227,0.21764511,0.09777856,-0.08881703,-0.118410565
-0.0016918886,0.00013738761,0.0033945462,0.00555979,0.01750035,0.007701535,-0.025994254,0.00012074993,0.20176716,0.08286739,-0.050888024,-0.13496858
-0.0015003096,0.00021472372,0.0030905835,0.005549311,0.01965033,0.008287861,-0.026503831,-0.0013753024,0.18317015,0.06649235,-0.010031315,-0.15221624
-0.0012996271,0.0002963423,0.0028069813,0.0055259867,0.021438027,0.008651573,-0.026485344,-0.0028926674,0.16376986,0.05166517,0.027486011,-0.16739094
-0.0010856094,0.00038731072,0.0025319925,0.0054845936,0.023070555,0.008942703,-0.026088925,-0.0045282855,0.14329761,0.037269715,0.063270055,-0.18106493
-0.00086417387,0.00048244992,0.0022682457,0.005421996,0.024558308,0.009206548,-0.02534902,-0.006322274,0.122136116,0.023689121,0.096495636,-0.19296262
-0.0006211456,0.0005876744,0.0020067093,0.005346036,0.02594811,0.009470937,-0.024285061,-0.008307399,0.098973416,0.010473017,0.12893519,-0.20398152
-0.00036562057,0.00070412125,0.001769782,0.0052626543,0.027196161,0.009775973,-0.023075163,-0.0103389155,0.074887075,-0.0016374416,0.15840301,-0.21317676
-9.388931e-05,0.0008249579,0.001551793,0.005165815,0.027999036,0.009967126,-0.021504333,-0.012519019,0.04911702,-0.011963418,0.18449464,-0.22030078
0.00017723627,0.0009464346,0.0013721166,0.005067884,0.028456172,0.010085095,-0.019804886,-0.0146500645,0.023352072,-0.01987747,0.20570843,-0.22500828
0.0004546335,0.0010649838,0.0012129055,0.0049651866,0.028551904,0.010082615,-0.01784467,-0.016815681,-0.0031914539,-0.025746955,0.22393727,-0.22824141
0.00072423514,0.001173063,0.0010814032,0.004855302,0.028295912,0.00998901,-0.015730297,-0.018909043,-0.029199403,-0.029249866,0.23797639,-0.22935428
0.0009879112,0.0012789167,0.0009807183,0.0047276863,0.02772456,0.009821397,-0.013551036,-0.020880692,-0.054468848,-0.031118592,0.2472311,-0.22733106
0.0012507635,0.0013781951,0.0008936185,0.00457104,0.026844108,0.009579831,-0.011237868,-0.022805117,-0.07975364,-0.031725533,0.2528808,-0.22259253
0.0015049318,0.0014775882,0.0008265163,0.004392925,0.025855135,0.009356459,-0.009006131,-0.024510466,-0.10400166,-0.031853437,0.25509784,-0.21522641
0.0017508863,0.0015716669,0.00076833833,0.004168152,0.024582852,0.009034743,-0.00667978,-0.026139759,-0.12752362,-0.031441655,0.2529132,-0.20414217
0.0019731952,0.001659463,0.00073086336,0.0039341613,0.023200609,0.008661116,-0.0044862954,-0.027572619,-0.14854679,-0.03059406,0.2473122,-0.19113083
0.0021993855,0.0017460102,0.0007014891,0.0036536471,0.021433793,0.008155771,-0.0021120382,-0.029088818,-0.16998199,-0.029011883,0.23762217,-0.17443351
0.0024049284,0.0018261266,0.0006926062,0.003356569,0.019505339,0.0075902017,0.00015949307,-0.030460764,-0.18922713,-0.026784366,0.22397469,-0.15535988
0.0025773968,0.0018866078,0.00069284375,0.00304613,0.0174278,0.0070958114,0.0023212559,-0.03176184,-0.20543541,-0.023896834,0.20737146,-0.13505216
0.002705124,0.0019198882,0.0007069584,0.002720144,0.0152387945,0.0067069298,0.004327015,-0.03301589,-0.21766981,-0.01986064,0.18659566,-0.11303948
0.002802448,0.0019405844,0.0007410205,0.0023944615,0.013033872,0.006550579,0.006171785,-0.034291644,-0.22683422,-0.015145993,0.16282926,-0.08998432
0.002891279,0.001974412,0.00078774994,0.0020194475,0.010742227,0.006433349,0.0077439514,-0.035298973,-0.23407444,-0.011874181,0.13556126,-0.06350594
0.0029483815,0.0020021927,0.0008544094,0.0016638414,0.008391236,0.0064475555,0.009091843,-0.0361429,-0.23810098,-0.008448619,0.106707,-0.03722888
0.002967326,0.0020162272,0.00092707574,0.0012927242,0.006043473,0.006470611,0.010003718,-0.03657353,-0.23832686,-0.0055251573,0.07582288,-0.010069334
0.0029683383,0.0020350602,0.0010077214,0.0009433313,0.0037763154,0.006544113,0.010557394,-0.036682036,-0.23617423,-0.003809664,0.04602314,0.0158733
0.0029567182,0.0020584082,0.0010927122,0.0005883365,0.001548776,0.006639266,0.010791617,-0.03649629,-0.23232971,-0.0031397466,0.015941305,0.04214684
0.0029373537,0.002094266,0.0011825851,0.00024150999,-0.0005272974,0.0067234826,0.010673873,-0.035958137,-0.22708064,-0.003935505,-0.013276658,0.0680195
0.0029081372,0.002139451,0.0012805999,-9.0373214e-05,-0.0025188006,0.006828948,0.010274999,-0.035164893,-0.2202331,-0.0057212836,-0.041908573,0.093325295
0.0028792263,0.0022078995,0.001407219,-0.00039131686,-0.0045316103,0.0070196693,0.009734442,-0.034300074,-0.21203388,-0.00827565,-0.0708649,0.118531615
0.0028356137,0.0022772662,0.0015143617,-0.0007087616,-0.0063486523,0.0070406105,0.008846357,-0.033038687,-0.20194538,-0.013101136,-0.09811204,0.14341491
0.002782741,0.0023609279,0.0016227074,-0.0010260688,-0.008202198,0.0069699585,0.0077834376,-0.03153421,-0.18971607,-0.020174794,-0.124459915,0.16825609
0.002716749,0.0024501162,0.0017235163,-0.0013204841,-0.009926821,0.00677604,0.006535964,-0.029833509,-0.1755274,-0.029242987,-0.14791167,0.19116725
0.0026467503,0.0025386065,0.0018151696,-0.0015679889,-0.011519561,0.006492509,0.0052365,-0.028111825,-0.16068333,-0.039242867,-0.16726564,0.21067572
0.0025588397,0.0026295686,0.0018989778,-0.0018188166,-0.013082595,0.006030727,0.003741715,-0.026166296,-0.1432815,-0.051394794,-0.1854193,0.2298905
0.0024636942,0.0027302331,0.0019793706,-0.0020455471,-0.014609839,0.0053708637,0.002139626,-0.024074048,-0.12413397,-0.065573975,-0.20092344,0.24737719
0.0023603973,0.0028185379,0.0020319195,-0.002247507,-0.015892483,0.0045457156,0.00047273957,-0.021911185,-0.10476691,-0.080413386,-0.21231319,0.26167798
0.0022315371,0.0029034647,0.0020708663,-0.0024319526,-0.01713622,0.0034606892,-0.0013277251,-0.019482175,-0.08259164,-0.09717216,-0.22135314,0.27412796
0.0020951075,0.0029636591,0.0020703766,-0.0025945972,-0.01792016,0.0022652198,-0.003169336,-0.017046127,-0.0614727,-0.11341626,-0.22627495,0.28310668
0.0019328567,0.0030240805,0.0020712514,-0.002743828,-0.01855296,0.0009542122,-0.005122699,-0.014492783,-0.037496615,-0.13085955,-0.23098361,0.29156935
0.0017658857,0.003046597,0.002013438,-0.002855814,-0.01873347,-0.0005982329,-0.0071394285,-0.01181768,-0.015745211,-0.14702475,-0.22928837,0.29450387
0.0015835976,0.0030360548,0.0019146979,-0.002948363,-0.018586094,-0.0022662529,-0.009287196,-0.009035009,0.005427566,-0.16206585,-0.22375445,0.29382363
0.0013911966,0.003005803,0.0017906602,-0.003018873,-0.018279037,-0.0040226122,-0.011423721,-0.006198162,0.026314126,-0.17644858,-0.21503796,0.2901256
0.001191296,0.0029546302,0.0016403932,-0.0030667516,-0.01782084,-0.0058515756,-0.013495576,-0.0033292572,0.04648301,-0.18999149,-0.20303297,0.2833045
0.0009952569,0.0028847125,0.0014707246,-0.0030936636,-0.017270532,-0.0077216304,-0.015396836,-0.0005584553,0.06478336,-0.20212014,-0.18830676,0.27386397
0.00080054573,0.0027896063,0.001278952,-0.0031025473,-0.01664294,-0.0096594,-0.017147014,0.0021026654,0.08107032,-0.21241078,-0.17113416,0.26189542
0.0006075029,0.0026845373,0.0010806369,-0.0030953127,-0.015784752,-0.011634593,-0.018841816,0.004674566,0.09601151,-0.22164357,-0.15251915,0.24840978
0.0004236561,0.0025391143,0.0008651696,-0.003059975,-0.0149743045,-0.013634869,-0.020243686,0.0070641823,0.10732883,-0.22663794,-0.13234384,0.2320052
0.0002504164,0.0023853274,0.0006685579,-0.0029912593,-0.014266347,-0.015658883,-0.021342361,0.009293979,0.11687354,-0.2290201,-0.112830445,0.21461742
8.79723e-05,0.002211564,0.00046396872,-0.0028910597,-0.013399693,-0.01779621,-0.02227497,0.011420507,0.12390908,-0.2289515,-0.09155632,0.19469331
-5.3571966e-05,0.0020226168,0.00025042857,-0.0027800342,-0.012335059,-0.020021707,-0.023030903,0.013360534,0.12743178,-0.22637226,-0.06935289,0.17358465
-0.00018054919,0.0017951003,1.1226337e-05,-0.0026424371,-0.011287695,-0.022391912,-0.023559568,0.015176592,0.12700355,-0.21991336,-0.04486617,0.1494755
-0.00028116966,0.0015486185,-0.00023797677,-0.0024963308,-0.010254064,-0.02466503,-0.023789639,0.016627198,0.12258213,-0.21041837,-0.020104093,0.12461511
-0.00036298492,0.0012955503,-0.00048749615,-0.0023465012,-0.00938436,-0.026698694,-0.023683844,0.017737508,0.11562407,-0.19891262,0.0041442425,0.09989489
-0.00043611322,0.0010204475,-0.000745603,-0.0021679844,-0.008452927,-0.028680239,-0.023298392,0.018596543,0.106690384,-0.18480147,0.029253576,0.07307124
-0.0004931841,0.0007357575,-0.0009996968,-0.0019825285,-0.007528113,-0.030402636,-0.022622516,0.019139037,0.09564799,-0.16835108,0.05327165,0.046373434
-0.00053755706,0.00044397483,-0.0012453377,-0.001794012,-0.006607718,-0.031873375,-0.021769797,0.019395035,0.08300678,-0.14980994,0.07578181,0.02023392
-0.0005746045,0.00016693244,-0.0014610091,-0.0016179398,-0.00578694,-0.033011112,-0.020903317,0.019447835,0.070602,-0.1307764,0.09484287,-0.0032828115
-0.0006039784,-0.00013919847,-0.0016761232,-0.0014419976,-0.005083334,-0.033833697,-0.019818965,0.019220635,0.05599698,-0.107944734,0.11222561,-0.026735807
-0.0006214483,-0.00045122288,-0.0018703176,-0.0012578914,-0.0044903853,-0.034425005,-0.0186552,0.018821761,0.04000555,-0.08260156,0.12745729,-0.04949926
-0.0006316497,-0.000793843,-0.002065483,-0.0010677306,-0.0040608007,-0.034816325,-0.017345041,0.018208163,0.021736156,-0.053442705,0.14158472,-0.07266422
-0.0006467794,-0.0011505621,-0.0022421482,-0.000876036,-0.0038799962,-0.03491733,-0.015996614,0.0173919,0.0036146184,-0.02204148,0.1528034,-0.094739005
-0.00067108276,-0.0015164689,-0.0024018246,-0.0006800343,-0.0038956462,-0.034804143,-0.014632276,0.016381798,-0.013896165,0.010779654,0.16150428,-0.115815
-0.0006988736,-0.00187111,-0.0025446399,-0.0004929316,-0.0039990274,-0.034561064,-0.01332373,0.015264051,-0.030488178,0.0430208,0.16810419,-0.1350621
-0.000729674,-0.0022291213,-0.0026700997,-0.00031643783,-0.004410731,-0.03403154,-0.011907788,0.013943255,-0.046881653,0.07632947,0.17147368,-0.15225354
-0.00077099865,-0.0025911944,-0.002792509,-0.00016485457,-0.0049753347,-0.033262677,-0.010472799,0.012521059,-0.062440187,0.10957297,0.17262514,-0.16748872
-0.0008188295,-0.0029435167,-0.0029068345,-5.8542922e-05,-0.0058673304,-0.032095525,-0.008946476,0.0109132165,-0.07677501,0.14154509,0.17037061,-0.17898068
-0.0008696189,-0.003280708,-0.0030079589,3.3312434e-05,-0.0069413334,-0.030665396,-0.007393647,0.009223149,-0.08995779,0.17225075,0.16642487,-0.18858966
-0.0009269461,-0.0036085215,-0.003091346,0.00011898973,-0.008154484,-0.028966494,-0.0058162236,0.007389228,-0.10181379,0.20236383,0.16062726,-0.19677879
-0.0010036572,-0.003924617,-0.0031621861,0.00018290992,-0.009468729,-0.026933772,-0.004242596,0.0054104337,-0.11071369,0.23056352,0.15283565,-0.20302707
-0.0010929022,-0.0042195506,-0.0032169253,0.00023819425,-0.010677511,-0.024695637,-0.0027754381,0.0033388406,-0.11695917,0.25633025,0.14395598,-0.20800819
-0.0011995787,-0.004475469,-0.003243349,0.0002739543,-0.011837804,-0.022186121,-0.0014510937,0.0012235006,-0.11899851,0.27800095,0.13277936,-0.21031725
-0.0013284065,-0.00470419,-0.0032537717,0.0002911298,-0.012952556,-0.019449934,-0.0002412379,-0.00095640286,-0.11700762,0.29602033,0.120078295,-0.21069725
-0.0014660446,-0.0048960443,-0.003250596,0.000297949,-0.013922651,-0.016617773,0.0008335172,-0.0031354409,-0.11194059,0.3099839,0.107244946,-0.20986603
-0.0016074664,-0.0050455467,-0.003233101,0.0002945731,-0.014752179,-0.013710589,0.0017795202,-0.0052873325,-0.10391982,0.31948894,0.09471034,-0.20780008
-0.0017592034,-0.0051508895,-0.0032038607,0.00026278177,-0.015440382,-0.010757217,0.0025789102,-0.00727899,-0.09199207,0.32364345,0.08200858,-0.20351137
-0.0019250418,-0.005227293,-0.0031667058,0.00020574378,-0.015985733,-0.0077139204,0.0032443565,-0.009203246,-0.0765614,0.3238301,0.0689638,-0.19746883
-0.0020898313,-0.005277575,-0.003130438,0.00012620621,-0.01636129,-0.0048190393,0.0037722145,-0.01097612,-0.059671413,0.32087964,0.056671172,-0.19037846
-0.0022707398,-0.0052952175,-0.0030887653,-2.0228472e-06,-0.016663782,-0.0016622021,0.004242209,-0.01272256,-0.038702592,0.31317997,0.04296087,-0.18000701
-0.0024450829,-0.005287536,-0.0030532829,-0.0001537079,-0.016792748,0.0013402364,0.004611275,-0.01428319,-0.016900662,0.30249768,0.030334331,-0.16861334
-0.0026146553,-0.0052517094,-0.0030145966,-0.00033447405,-0.016749308,0.004417638,0.0048972433,-0.015761787,0.0062949606,0.28865886,0.017379593,-0.1551437
-0.0027653724,-0.005189488,-0.0029663628,-0.00052386604,-0.016523937,0.0073477104,0.005037398,-0.01707224,0.02908155,0.27322417,0.004522035,-0.14062801
-0.0028983087,-0.0050946907,-0.002918377,-0.0007409317,-0.016004393,0.010222711,0.0050323564,-0.01827967,0.051950622,0.25475243,-0.007778163,-0.1245125
-0.0030156807,-0.0049715172,-0.002874294,-0.0009775313,-0.01519705,0.012967928,0.004874854,-0.019435836,0.074950755,0.2334932,-0.018790687,-0.10760602
-0.0031158554,-0.0048238933,-0.0028362582,-0.0012203567,-0.014168755,0.0154004255,0.004626029,-0.020510336,0.09749488,0.21006174,-0.027835047,-0.09080519
-0.0032021168,-0.004661782,-0.0028045585,-0.0014573453,-0.012965242,0.017372012,0.004296774,-0.021417495,0.119037494,0.18562931,-0.0348742,-0.07478843
-0.0032869698,-0.0044856532,-0.00277199,-0.0016904485,-0.011564187,0.018974097,0.0038865483,-0.022193827,0.14106071,0.15989658,-0.04092819,-0.05896239
-0.003378366,-0.004306799,-0.0027415059,-0.0019228479,-0.009916357,0.02011948,0.00331179,-0.022692427,0.1634779,0.13371259,-0.046697766,-0.04321168
-0.0034819487,-0.0041176407,-0.0027151692,-0.002165918,-0.0079566855,0.02095414,0.0026008922,-0.022985566,0.18744485,0.105675496,-0.05219608,-0.026949918
-0.0035921296,-0.0039206436,-0.0026973472,-0.0024174934,-0.0057285633,0.021449862,0.0017845823,-0.023011608,0.21197928,0.076246575,-0.057020087,-0.010562002
-0.0036988112,-0.0037426164,-0.002693303,-0.002651731,-0.003582453,0.021647798,0.0009824417,-0.022763712,0.234206,0.04939981,-0.060955968,0.00399343
-0.0037760548,-0.0035351543,-0.0026832155,-0.0028784974,-0.0010972637,0.021565355,9.153242e-06,-0.022330334,0.2545291,0.021085437,-0.06349986,0.018693302
-0.0038210629,-0.0033206402,-0.0026745074,-0.003089493,0.0014661076,0.021327263,-0.00096095394,-0.02180102,0.2711809,-0.0060241898,-0.06467703,0.032390635
-0.0038334813,-0.003103384,-0.0026770409,-0.003296044,0.0040920433,0.020956498,-0.0018214221,-0.021197286,0.28378057,-0.0319206,-0.064046904,0.04504886
-0.0038123778,-0.002892896,-0.0026891958,-0.0034949589,0.0067378525,0.020507772,-0.0025466199,-0.02056751,0.2919838,-0.055726614,-0.06198829,0.056560855
-0.003762474,-0.002696458,-0.0027095964,-0.0036710526,0.009347241,0.019944584,-0.0031237358,-0.019898152,0.2957671,-0.076617695,-0.058423728,0.06617737
-0.0036876034,-0.0024993138,-0.0027230545,-0.0038200323,0.012078599,0.019243944,-0.00359167,-0.019292777,0.2966235,-0.095915295,-0.053716227,0.0745088
-0.003586565,-0.0023133077,-0.0027451455,-0.003959472,0.014849596,0.01835026,-0.0039795395,-0.018682018,0.29361045,-0.11285272,-0.04783289,0.08162084
-0.0034646692,-0.0021512636,-0.0027756777,-0.004091075,0.017543612,0.017350124,-0.0043349913,-0.017936382,0.28642175,-0.1260189,-0.041957088,0.0876742
-0.0033128834,-0.0020046826,-0.002807262,-0.004212449,0.02013873,0.01627991,-0.0046167457,-0.017206414,0.2745603,-0.13534677,-0.03620546,0.09279325
-0.0031373182,-0.0018805513,-0.0028323054,-0.004318641,0.022518927,0.015148861,-0.004932797,-0.01652072,0.25904825,-0.14043984,-0.031264905,0.09707264
-0.0029331646,-0.0017653978,-0.0028504436,-0.00441809,0.024646392,0.013990912,-0.005246228,-0.015782636,0.23968862,-0.14213291,-0.02728569,0.10111735
-0.002692935,-0.0016438052,-0.0028742414,-0.004531525,0.026612042,0.0127442265,-0.0055382634,-0.014808569,0.2159003,-0.14207564,-0.02349122,0.10554039
-0.002417943,-0.0015301235,-0.0028941673,-0.0046375003,0.028332049,0.011479438,-0.005836952,-0.0138023775,0.18798898,-0.13911006,-0.01995424,0.10964112
-0.002128042,-0.001425358,-0.002929357,-0.004755177,0.029741842,0.010282679,-0.0060412097,-0.012650872,0.15745948,-0.13468754,-0.016344858,0.11358137
-0.0017902479,-0.0013146269,-0.002956357,-0.004856411,0.030926265,0.009067572,-0.00619607,-0.011463497,0.12194203,-0.12785362,-0.0123809,0.11711744
-0.0014378773,-0.0012057171,-0.0029827203,-0.004946012,0.031811148,0.007908981,-0.0063121743,-0.0101815155,0.08483443,-0.119968385,-0.00803074,0.12004021
-0.001079424,-0.0011004383,-0.0030104674,-0.0050239903,0.032377254,0.0068632723,-0.0063737677,-0.008881233,0.046976298,-0.11145992,-0.0032390524,0.122360244
-0.00071718876,-0.0010055464,-0.0030442686,-0.0050913207,0.0325317,0.0059055104,-0.006369025,-0.0075284177,0.0084333075,-0.10200554,0.0021531186,0.12383645
-0.00037119983,-0.00093969365,-0.0031004655,-0.00515707,0.03238095,0.0049343235,-0.0063362606,-0.006041413,-0.030029409,-0.090987615,0.008204779,0.12393991
-2.9438203e-05,-0.00089736166,-0.0031631843,-0.00520609,0.03175284,0.0041124485,-0.006218057,-0.004686948,-0.068510614,-0.07845607,0.01488085,0.12284211
0.00028130302,-0.00089019915,-0.003257692,-0.0052599516,0.030692391,0.0033437337,-0.00595849,-0.0033107158,-0.10501582,-0.0656164,0.022820214,0.12035927
0.00057656167,-0.0008887259,-0.0033425568,-0.0053025754,0.02933857,0.0027890261,-0.005639725,-0.0020889412,-0.13984875,-0.052621543,0.029748209,0.11805341
0.0008658134,-0.0009052907,-0.0034419575,-0.0053453404,0.027497655,0.002189486,-0.0051389844,-0.0007333678,-0.17452013,-0.03887623,0.037534922,0.11481308
0.0011377794,-0.00091507006,-0.0035257575,-0.005375994,0.025342183,0.0017165922,-0.00457275,0.0006191926,-0.20637782,-0.026317574,0.044759803,0.11181391
0.0013945845,-0.0009191419,-0.0035950434,-0.0053862785,0.022826493,0.0013166966,-0.003931397,0.0019848547,-0.23572364,-0.014833997,0.052125156,0.108388804
0.0016254076,-0.0009054856,-0.003630394,-0.0053674667,0.020055965,0.0010699659,-0.003298058,0.0032210944,-0.26076007,-0.005357705,0.058274172,0.10539619
0.0018371906,-0.0008840211,-0.0036563603,-0.0053400495,0.017202722,0.0008136008,-0.002750826,0.0044171233,-0.28290305,0.0025153712,0.06433414,0.10240946
0.002029699,-0.00086965394,-0.003672689,-0.005292265,0.014040057,0.00060580106,-0.002108938,0.005621841,-0.302992,0.010405246,0.0702442,0.09865387
0.0021941636,-0.0008538194,-0.0036773137,-0.0052313413,0.010731808,0.00039535968,-0.0014251019,0.0068190377,-0.31966057,0.016988384,0.07572077,0.09470151
0.002317577,-0.00083527894,-0.0036731893,-0.0051627033,0.0074108094,0.000308137,-0.00072306953,0.007934388,-0.33120838,0.021157717,0.080621645,0.09095478
0.0024066996,-0.0008251773,-0.0036725886,-0.005093069,0.0041265427,0.00025232424,-1.7403509e-06,0.008978932,-0.3394134,0.02428115,0.085401334,0.0869049
0.0024525938,-0.00081908854,-0.0036662738,-0.005013003,0.0010303732,0.00025067455,0.0007587146,0.009954191,-0.34299487,0.02581141,0.08962858,0.0826615
0.0024685846,-0.00081622787,-0.003655826,-0.004910252,-0.0022887143,0.00036219668,0.0016475467,0.010887906,-0.34305665,0.026118103,0.09426031,0.077539615
0.0024579314,-0.0008147639,-0.0036329941,-0.00477778,-0.0054803975,0.00047100094,0.0025424047,0.011833737,-0.34013185,0.025642779,0.099158056,0.071253516
0.0024001598,-0.00081072934,-0.0036058605,-0.0046392484,-0.008635514,0.0007743594,0.003595187,0.01252372,-0.33160028,0.022626195,0.10357751,0.06514838
0.002309032,-0.00079511886,-0.003566767,-0.0044976007,-0.011613284,0.0010811848,0.0047126347,0.01311818,-0.31854787,0.017059527,0.10730746,0.05958859
0.002191767,-0.00077220896,-0.0035200082,-0.0043704063,-0.014298734,0.0012807124,0.0057836487,0.013603165,-0.30212995,0.0097270375,0.10981898,0.055078465
0.002040723,-0.0007454004,-0.0034602638,-0.0042325654,-0.017083472,0.0014207505,0.006942281,0.014104471,-0.28129297,0.00078057486,0.1115526,0.050652266
0.001855393,-0.0007256293,-0.0033872102,-0.004093717,-0.01940145,0.0013720384,0.00805244,0.014566464,-0.257052,-0.008233262,0.11137816,0.046800468
0.001650224,-0.0007073993,-0.0033017788,-0.0039538373,-0.021541333,0.0011611354,0.009125084,0.014973579,-0.23042794,-0.017480804,0.109934986,0.0433873
0.0014219811,-0.000695011,-0.0032001904,-0.0038041766,-0.023436734,0.00080085546,0.010203049,0.015301745,-0.20133927,-0.026464008,0.107057385,0.040166397
0.0011701357,-0.00067904434,-0.0030850684,-0.0036601287,-0.025127757,0.0003330385,0.011296668,0.015569299,-0.16923155,-0.036425088,0.10256982,0.038000297
0.0008887456,-0.00066660927,-0.002959576,-0.0035216277,-0.026591266,-0.00023615363,0.012398011,0.015778637,-0.1339308,-0.04694409,0.096380405,0.036716893
0.0005875074,-0.00067147776,-0.0028315987,-0.0033927555,-0.027724272,-0.00095446693,0.013408397,0.015969299,-0.09751341,-0.056245003,0.08845646,0.03605159
0.00028561227,-0.00068669824,-0.0026950354,-0.0032542031,-0.028540095,-0.0017266056,0.014265811,0.016157692,-0.061709754,-0.06391412,0.07956961,0.03534353
-3.3198252e-05,-0.0007081324,-0.002545621,-0.0031061883,-0.029043607,-0.0025513736,0.01501441,0.016361712,-0.024497665,-0.07105304,0.06946663,0.034843605
-0.0003622908,-0.00074166525,-0.0023777338,-0.0029391786,-0.02916327,-0.0034610068,0.015673097,0.016563315,0.012835239,-0.076218754,0.057718515,0.03425741
-0.00068731076,-0.0007903899,-0.002203632,-0.002761093,-0.028950755,-0.0043922025,0.016209727,0.016806189,0.04851538,-0.07894181,0.0449941,0.033455823
-0.0010075913,-0.00084938254,-0.0020252464,-0.002577012,-0.028374104,-0.0053163553,0.016613515,0.017105442,0.082808,-0.07988385,0.031476177,0.032693706
-0.0012910899,-0.0009355652,-0.0018412492,-0.0023457296,-0.027535139,-0.006130378,0.01691253,0.017452745,0.11098258,-0.07523812,0.018550029,0.029596746
-0.0015617572,-0.0010109969,-0.0016683075,-0.0021529247,-0.026168985,-0.0068920352,0.017015822,0.017805468,0.13802989,-0.07171179,0.005091324,0.02844608
-0.0018235649,-0.0010933769,-0.0014922324,-0.0019523997,-0.02446782,-0.0076096547,0.01700533,0.018188838,0.16335426,-0.06649534,-0.008900108,0.027210675
-0.0020632658,-0.0011762297,-0.0013074002,-0.0017403021,-0.022441471,-0.008304054,0.016849495,0.01859883,0.18586603,-0.059328023,-0.023385376,0.025862299
-0.0022677775,-0.0012585404,-0.0011294738,-0.0015384891,-0.020141253,-0.008895989,0.016535092,0.019000445,0.20418525,-0.050568633,-0.037677497,0.024763804
-0.0024390784,-0.0013381684,-0.000960667,-0.0013490207,-0.017777367,-0.009351997,0.01608883,0.019357491,0.2187611,-0.040690493,-0.051524796,0.023887172
-0.0025870607,-0.0014216271,-0.000788437,-0.001152521,-0.015129407,-0.009756653,0.01547778,0.019661093,0.23037827,-0.02875638,-0.06559143,0.022777721
-0.0027147047,-0.0015089537,-0.00062567764,-0.00095950847,-0.012494028,-0.009996532,0.0146711385,0.019897653,0.23946033,-0.01569437,-0.07879788,0.0211067
-0.0028497926,-0.0016174935,-0.0004733738,-0.00074831187,-0.009599686,-0.0101087205,0.013964776,0.020242304,0.24805877,-0.0010846588,-0.09074483,0.017398145
-0.0029630975,-0.0017053313,-0.00030497427,-0.0005309188,-0.00657603,-0.01000999,0.013031756,0.020624328,0.25517616,0.01340953,-0.10288517,0.014061722
-0.0030345365,-0.0018005645,-0.00015330811,-0.0003145972,-0.0036710347,-0.009856792,0.011734151,0.02076996,0.25696808,0.030193048,-0.113323525,0.009527971
-0.0030726846,-0.001887468,-9.455587e-06,-9.58154e-05,-0.000888423,-0.009547872,0.010358715,0.020849736,0.25540426,0.04738106,-0.12199949,0.0041657984
-0.0030914785,-0.0019822083,0.00013027294,0.00014136733,0.0019838987,-0.009052377,0.008878869,0.020831944,0.25111648,0.06620447,-0.12932825,-0.0026548472
-0.0030694944,-0.0020599877,0.00024935073,0.0003653582,0.004668091,-0.008358052,0.0073743593,0.02074151,0.24301182,0.0841267,-0.13371448,-0.010064767
-0.003030235,-0.0021440422,0.00032803637,0.00056654145,0.0070056524,-0.0075313835,0.005959886,0.020560503,0.23234287,0.1015339,-0.13496698,-0.018691624
-0.0029598011,-0.0022188947,0.00039812655,0.0007830245,0.009132397,-0.0064980127,0.004537294,0.020296836,0.21860358,0.11904532,-0.1335859,-0.028722808
-0.0028628004,-0.0022796062,0.0004461732,0.0009878908,0.0109771285,-0.0053043803,0.0032226352,0.01994126,0.20257066,0.13497315,-0.1294384,-0.03929275
-0.002739131,-0.002327635,0.00047891506,0.0011922369,0.012710681,-0.0039065643,0.0019556505,0.019492518,0.18422566,0.14978059,-0.12264948,-0.05058069
-0.0025957522,-0.002365902,0.00048899394,0.0013770761,0.01422652,-0.0024148652,0.00082994695,0.018958248,0.16434483,0.1629176,-0.11376161,-0.06181167
-0.0024272695,-0.0023925928,0.00048923213,0.001574556,0.015666824,-0.0006830042,-0.00025816378,0.018279007,0.14235167,0.17527653,-0.10241671,-0.07400932
-0.0022689144,-0.0024129676,0.0004708105,0.0017385691,0.016923502,0.0010776584,-0.0010991287,0.01748407,0.12215797,0.18495463,-0.090833806,-0.084921055
-0.0020747613,-0.0024000145,0.0004530868,0.0019189434,0.018021906,0.0030051146,-0.0019299844,0.016584698,0.09956003,0.19272858,-0.07640664,-0.09652356
-0.0018792215,-0.0023625274,0.00042877923,0.0020825646,0.018861871,0.0050124745,-0.0025877322,0.015613319,0.07818882,0.1972623,-0.061013855,-0.107111625
-0.0016648049,-0.002303986,0.00039535173,0.0022356403,0.019537821,0.007066302,-0.003118848,0.014568409,0.05567215,0.20000748,-0.044084743,-0.11743437
-0.0014444186,-0.0022200795,0.0003642755,0.0023813548,0.019971697,0.009144594,-0.0034475853,0.0134093,0.03398098,0.20026153,-0.026598385,-0.12692182
-0.0012430922,-0.0021332658,0.00032817185,0.0025043108,0.020278918,0.011069443,-0.003602539,0.012236497,0.014903792,0.19886675,-0.010033324,-0.13514103
-0.0010193815,-0.0020126728,0.0002867942,0.0026165098,0.020451775,0.013104182,-0.0036074596,0.010806607,-0.0050145993,0.19464217,0.008420312,-0.14298408
-0.00079601177,-0.0018669404,0.00024548493,0.0027088611,0.020428784,0.015034405,-0.0034330406,0.00931935,-0.02345907,0.18770342,0.027103337,-0.14968754
-0.0005698073,-0.0016986944,0.00020738118,0.002790878,0.020258024,0.016925998,-0.0030708702,0.0077393157,-0.04095433,0.1787414,0.04619056,-0.15575528
-0.00036832903,-0.0015161398,0.00018562659,0.0028629252,0.019818462,0.018580342,-0.002434602,0.0061708726,-0.05414063,0.16755046,0.06385342,-0.16057919
-0.00014269444,-0.0012985421,0.00016342636,0.0029179538,0.019261021,0.020348208,-0.0016655065,0.0043477463,-0.06801287,0.15346825,0.08328648,-0.16478378
5.7865254e-05,-0.0010894991,0.00013507603,0.0029393923,0.01866408,0.021893052,-0.000840118,0.00264873,-0.07932502,0.13862391,0.10123535,-0.16768266
0.00024386295,-0.00086295133,0.00012514171,0.0029470022,0.017876117,0.023158021,0.0002086125,0.0009392218,-0.08762128,0.1218716,0.11714127,-0.16878328
0.00042889398,-0.0006166361,0.00012621687,0.0029390317,0.017024586,0.024270045,0.001361762,-0.000822796,-0.09445137,0.10325807,0.1322089,-0.16848522
0.00060541386,-0.00035378366,0.00014775715,0.0029224292,0.016089112,0.025166478,0.0026524947,-0.0025665837,-0.09904963,0.08328583,0.14533326,-0.1666177
0.00079659116,-6.3220235e-05,0.00020148016,0.0029090154,0.015245891,0.025919648,0.0039499477,-0.004330176,-0.10351828,0.06275814,0.15603322,-0.16280396
0.0009553756,0.00021181081,0.0002707396,0.0028766843,0.01427019,0.026306702,0.0053548245,-0.0059292074,-0.10480276,0.042887367,0.16278243,-0.15705904
0.0011055137,0.00049337564,0.00036334372,0.0028410603,0.013236346,0.026515577,0.0068398286,-0.007477441,-0.1044405,0.022928018,0.16674584,-0.14963545
0.001248951,0.0007743862,0.0004643445,0.0027794172,0.01217458,0.026523583,0.008401508,-0.008914068,-0.10331943,0.0032283866,0.16742146,-0.13981871
0.0013767502,0.0010425799,0.0005707683,0.0026826053,0.011107183,0.026247442,0.009988811,-0.010122698,-0.10122689,-0.015309431,0.16362536,-0.12717757
0.001486504,0.0012810514,0.00067038205,0.002560785,0.010160086,0.025819529,0.01141522,-0.011048315,-0.09913408,-0.031563427,0.15683779,-0.113122374
0.0015884108,0.0015165274,0.0007793744,0.0024280602,0.009234923,0.0252743,0.012799085,-0.011868026,-0.096401505,-0.047362275,0.14788857,-0.0976944
0.0016901785,0.0017476563,0.00088817405,0.0022817866,0.008347898,0.024657771,0.014133204,-0.012601535,-0.09400934,-0.06261917,0.13788533,-0.08142312
0.0017906681,0.0019929816,0.0010244304,0.0021302982,0.0074049444,0.023859015,0.01549197,-0.013247646,-0.09078347,-0.077892266,0.12480693,-0.06297397
0.0018766536,0.002228178,0.0011739855,0.0019811043,0.006484235,0.022964433,0.016707344,-0.0137550095,-0.08663124,-0.09197996,0.10993231,-0.043981273
0.0019503332,0.0024547814,0.0013334203,0.0018301716,0.0056567374,0.021993516,0.017715974,-0.014064039,-0.08171206,-0.10517276,0.09367109,-0.024459798
0.0020453883,0.002696695,0.0015147671,0.0016814757,0.004994825,0.020940617,0.01848892,-0.01424765,-0.07858296,-0.117501624,0.07617562,-0.003933887
0.0020860534,0.0028847188,0.0016837652,0.00154468,0.0043733227,0.0198587,0.019111745,-0.014284783,-0.07233231,-0.12729256,0.057867944,0.015048963
0.0021212227,0.0030799026,0.0018775217,0.0014031536,0.0038282513,0.01857778,0.019588526,-0.0141414525,-0.06504818,-0.13667716,0.036919206,0.03571994
0.0021483877,0.0032610307,0.0020734458,0.0012584657,0.003338093,0.017152362,0.019828953,-0.01376985,-0.057664853,-0.1446711,0.015023396,0.05650632
0.0021742429,0.0034368692,0.0022750471,0.0011082824,0.0028276471,0.01561573,0.019881722,-0.013180116,-0.05052041,-0.15170537,-0.007961155,0.07786487
0.0021913394,0.0036014542,0.0024830182,0.0009596875,0.0022816842,0.014013436,0.019743167,-0.012386808,-0.043151956,-0.15743236,-0.031968813,0.09929353
0.0021958568,0.0037309953,0.0026720962,0.00082651037,0.0018120433,0.012475872,0.019288907,-0.011402746,-0.03660038,-0.16067861,-0.054585047,0.11844766
0.002197663,0.003849046,0.0028635657,0.0007099499,0.0014417522,0.010955223,0.018615205,-0.010272103,-0.030545522,-0.16244757,-0.0770121,0.13663298
0.002200799,0.003952864,0.0030448483,0.0005928128,0.0011002176,0.009366553,0.017714009,-0.008932771,-0.025553294,-0.16294871,-0.098942965,0.15408954
0.0022060524,0.0040357164,0.003211114,0.00047484168,0.0007816209,0.0076526036,0.016514916,-0.0073104324,-0.022223549,-0.16164377,-0.120230645,0.17049804
0.0022249178,0.004112991,0.0033513333,0.000381644,0.00032318902,0.005999688,0.01535723,-0.0056424253,-0.020877292,-0.16032608,-0.13722295,0.18376604
0.0022456304,0.004166051,0.0034823222,0.00030287798,0.0001482655,0.004425298,0.013783293,-0.0037963097,-0.021241106,-0.15660696,-0.15351288,0.19533473
0.002276196,0.004213222,0.0036007783,0.00023845742,-3.1351337e-05,0.0028442421,0.012061008,-0.0018606014,-0.022886457,-0.15244795,-0.16788934,0.2052095
0.0023002068,0.004235089,0.0036854811,0.00019463518,-9.0468086e-05,0.0013680173,0.010227699,9.345671e-05,-0.025025345,-0.14773178,-0.17863874,0.21179277
0.002322864,0.0042419373,0.0037558526,0.00016395029,-0.000100286175,-0.00010998716,0.008217013,0.002176612,-0.027636707,-0.14229329,-0.18783844,0.21660545
0.0023360464,0.0042338404,0.0038069042,0.00015687768,-0.00010695462,-0.0015178366,0.0062153726,0.0042570177,-0.029660998,-0.13703537,-0.19434355,0.21887118
0.0023482419,0.0042273803,0.00385202,0.0001662196,-0.00017987014,-0.0029175056,0.00426192,0.006332863,-0.031205464,-0.13259533,-0.199299,0.21995758
0.0023479064,0.0042020786,0.0038784514,0.0002079038,-0.00017276348,-0.004202899,0.0023168018,0.008307546,-0.032341707,-0.12778299,-0.20144275,0.21818346
0.0023425743,0.0041595083,0.0038883463,0.0002814768,-0.00017588431,-0.0054632775,0.0002388632,0.010332913,-0.033885308,-0.12218828,-0.20087372,0.21357892
0.0023324422,0.004107884,0.0038838757,0.00036007492,-0.00027286587,-0.0066044577,-0.0017081808,0.012250216,-0.035369296,-0.11666318,-0.19896181,0.20803742
0.0023099664,0.0040297695,0.0038476412,0.00046018418,-0.00052862416,-0.0076757506,-0.0036848232,0.014202927,-0.037235364,-0.110337935,-0.193489,0.19935818
0.0022715395,0.003935938,0.0037918128,0.0005800221,-0.00096788775,-0.0087080365,-0.0055034226,0.016076514,-0.03836881,-0.10413365,-0.1853253,0.18846178
0.0022301807,0.003834241,0.003719991,0.00071175024,-0.0014573591,-0.009678366,-0.0071778637,0.017809972,-0.039744016,-0.09816024,-0.17464662,0.17582127
0.0021749884,0.003728826,0.0036527677,0.00088481174,-0.0022645479,-0.010840489,-0.008714006,0.019525068,-0.03965003,-0.09232736,-0.16197507,0.16096981
0.002121834,0.00360229,0.0035547765,0.0010698714,-0.0028320525,-0.0117304865,-0.01002126,0.020923756,-0.041082922,-0.08598865,-0.14535746,0.1432521
0.0020577603,0.003454267,0.003440074,0.0012789066,-0.0034504975,-0.012661142,-0.011165405,0.022207012,-0.04233009,-0.07904458,-0.12609686,0.122895
0.001984742,0.0032904183,0.0033181533,0.0015059,-0.00404257,-0.013665039,-0.012197375,0.023426196,-0.043414433,-0.07132741,-0.105644956,0.10094433
0.0019131281,0.0031116372,0.0031711278,0.0017320999,-0.004546217,-0.014575777,-0.012943344,0.024374252,-0.045323122,-0.06352535,-0.08280679,0.077328034
0.0018415726,0.0029308193,0.0030177326,0.0019411562,-0.0049664895,-0.015392629,-0.013382711,0.025020147,-0.04720567,-0.055855785,-0.06055712,0.054403596
0.0017668859,0.0027433997,0.0028535714,0.002146774,-0.005363338,-0.01613149,-0.013606557,0.025440278,-0.04893603,-0.048159834,-0.038116883,0.031284217
0.0017164415,0.0025956354,0.002734131,0.002406279,-0.00582847,-0.016714161,-0.013774369,0.025524499,-0.051009603,-0.041166853,-0.015814617,0.0079281395
0.0016398829,0.0024116354,0.0025717574,0.0026104131,-0.006258036,-0.017236564,-0.0135288,0.025327811,-0.05201864,-0.03365376,0.0052828602,-0.014278732
0.0015566477,0.0022256626,0.0024205628,0.0028192077,-0.0066875652,-0.0176841,-0.01314001,0.024956118,-0.05224333,-0.025556011,0.02460463,-0.035795692
0.0014775355,0.002053234,0.0022950752,0.003045061,-0.0071160453,-0.018019313,-0.012564435,0.02437096,-0.052058008,-0.017284214,0.04215439,-0.056440815
0.0013896817,0.0018705139,0.0021736757,0.00329365,-0.0076636146,-0.018248383,-0.011754033,0.023493987,-0.051411588,-0.007989681,0.05944779,-0.07788638
0.0013025409,0.0016943531,0.0020626755,0.003542016,-0.008350474,-0.018320503,-0.010764621,0.022447914,-0.050639153,0.0013809819,0.07534543,-0.09839795
0.0012124295,0.0015248172,0.0019656648,0.0037898154,-0.009120985,-0.01821154,-0.009647271,0.021285022,-0.049449112,0.010680036,0.08964415,-0.117852055
0.0011283263,0.0013853929,0.0019084198,0.004051839,-0.009885756,-0.017853172,-0.0083783185,0.019940183,-0.047404055,0.019079398,0.102087684,-0.13592067
0.0010297843,0.0012355446,0.0018406576,0.0042713964,-0.010646792,-0.017489383,-0.00715823,0.018638235,-0.044639416,0.02732784,0.11243031,-0.1518621
0.0009146553,0.0010713107,0.0017727601,0.0044737784,-0.011344901,-0.017044976,-0.005910339,0.017182251,-0.04100394,0.03632562,0.12088864,-0.16674966
0.000794036,0.00091246783,0.0017203382,0.0046515362,-0.012017642,-0.01650541,-0.004535311,0.015527217,-0.036500804,0.04531421,0.12633677,-0.17929155
0.0006604199,0.00074600393,0.0016735349,0.0048032645,-0.012625507,-0.015959458,-0.0031187674,0.013730427,-0.030982185,0.054832526,0.12924102,-0.19007486
0.00052638457,0.00058786786,0.0016420208,0.004923886,-0.013045121,-0.015419277,-0.001823805,0.011937666,-0.02495293,0.064147264,0.12933864,-0.19828008
0.00038058273,0.0004283511,0.0016176404,0.005008858,-0.0133500155,-0.014830162,-0.00047526005,0.009914637,-0.01774438,0.073452316,0.12657051,-0.2040918
0.00024370081,0.00029603599,0.0016224162,0.0051009995,-0.013811272,-0.014529339,0.00076715497,0.007841496,-0.009898739,0.08173686,0.122751445,-0.20884617
0.00010094789,0.00015651733,0.0016265962,0.005145418,-0.013833811,-0.01393353,0.0018570811,0.0058700796,-0.0017954853,0.09043761,0.11610901,-0.21101654
-4.663228e-05,2.7426304e-05,0.0016473571,0.0051650987,-0.013732077,-0.013136242,0.002940074,0.0036861326,0.007475999,0.098734885,0.10659937,-0.21062952
-0.00018330886,-8.306071e-05,0.0016889285,0.00519251,-0.0134685105,-0.012213531,0.003856883,0.0015459117,0.016673667,0.10656637,0.09622738,-0.20938861
-0.00031591766,-0.00018451342,0.0017356332,0.0052042194,-0.013070798,-0.0111255385,0.0046485644,-0.0006132807,0.026000775,0.11383199,0.084757,-0.20675808
-0.00043663997,-0.0002736967,0.0017863631,0.0052107815,-0.012602861,-0.00998761,0.0053007863,-0.0026441754,0.034751914,0.12052379,0.07322325,-0.20363633
-0.00055587006,-0.00035625286,0.0018402176,0.005195823,-0.01208968,-0.008769282,0.005824973,-0.004656004,0.043839045,0.12665254,0.060183678,-0.19890985
-0.0006629091,-0.00041925523,0.0019065663,0.005148567,-0.01155464,-0.0074147456,0.0061891414,-0.006634061,0.052966535,0.13173836,0.04470397,-0.19128367
-0.0007534918,-0.00046998722,0.0019694176,0.00509765,-0.011147239,-0.0061542937,0.0065217665,-0.008432174,0.06098998,0.13604867,0.030165434,-0.18369706
-0.0008425,-0.00051166286,0.0020306248,0.00501643,-0.010677778,-0.004786826,0.0067195534,-0.010168994,0.06957788,0.13906865,0.014781878,-0.17449123
-0.0009327056,-0.0005544159,0.0020813535,0.0049217013,-0.0101946015,-0.003411481,0.006857964,-0.011844588,0.078185126,0.14156507,-7.648708e-05,-0.16523525
-0.0010120015,-0.0005779849,0.00213959,0.0048071565,-0.009583135,-0.0019411935,0.00686496,-0.013447537,0.086812906,0.14277169,-0.015486681,-0.1546044
-0.0010848406,-0.00059430493,0.0021915804,0.004681615,-0.008877989,-0.00044870612,0.0068326304,-0.014978028,0.09509777,0.14312625,-0.03007938,-0.14388536
-0.0011419492,-0.0005898675,0.002245913,0.004539558,-0.008071504,0.0009918191,0.0066865366,-0.016313992,0.10278206,0.14202662,-0.044434946,-0.13216852
-0.0011846869,-0.00056388014,0.002302911,0.0043742284,-0.0071085044,0.0024230024,0.0063869953,-0.01747936,0.1100726,0.1392984,-0.05899707,-0.11900942
-0.0012109971,-0.0005219566,0.0023513525,0.0041755266,-0.005960531,0.0038530037,0.0058917473,-0.018452961,0.116368234,0.13498485,-0.07333598,-0.10446352
-0.00122669,-0.0004732114,0.0023876368,0.0039730878,-0.004668207,0.0052055763,0.0052515375,-0.019281056,0.12151641,0.12974456,-0.08597335,-0.09042085
-0.0012329979,-0.000413417,0.0024271735,0.0037793838,-0.0032266357,0.0065401876,0.0044808853,-0.020072572,0.12608361,0.12379131,-0.097746976,-0.076683976
-0.0012301701,-0.00034427494,0.0024682446,0.0035961708,-0.0017453751,0.007792314,0.0036197451,-0.020763317,0.13004515,0.11727286,-0.10846056,-0.06348008
-0.001224271,-0.0002680044,0.002502644,0.0034030352,-0.00018524675,0.008993752,0.0025181982,-0.021297576,0.13391474,0.10950404,-0.118401974,-0.05005489
-0.0012087276,-0.00017468893,0.0025433318,0.003218715,0.0013795192,0.010069779,0.0012857122,-0.021649268,0.13753112,0.10062599,-0.1275582,-0.03670764
-0.0011808228,-7.223564e-05,0.0025878092,0.003050686,0.0027790766,0.010983604,0.000112404196,-0.02188605,0.14027597,0.091634184,-0.13558753,-0.02419259
-0.0011437378,3.2628326e-05,0.0026079235,0.0028636865,0.0041334876,0.011744046,-0.0011537864,-0.02198198,0.14206034,0.08140963,-0.14179657,-0.011909273
-0.0010978433,0.00014338888,0.0026175338,0.0026695703,0.0055010146,0.012404353,-0.0025051697,-0.021995852,0.14312664,0.070267126,-0.14675498,0.00011625141
-0.0010406377,0.00025914444,0.0026178567,0.0024799947,0.006837568,0.012927093,-0.0038498868,-0.021947943,0.143231,0.058674045,-0.15001695,0.011222549
-0.0009534674,0.000418957,0.0026559583,0.0023348383,0.008240893,0.013241189,-0.005260062,-0.02179946,0.14210068,0.04612039,-0.15252908,0.021864781
-0.00086885993,0.0005533626,0.0026295695,0.002148421,0.009598884,0.013474526,-0.0066357637,-0.021552242,0.1396849,0.0326422,-0.15153569,0.031222094
-0.0007687398,0.0006881575,0.0025774331,0.0019618017,0.010889279,0.013476888,-0.007959517,-0.021202236,0.1351137,0.018782705,-0.14769462,0.039120186
-0.0006519958,0.00082628155,0.0024976544,0.0017727497,0.012129137,0.013270003,-0.0092416145,-0.020804886,0.12854214,0.004063848,-0.14083819,0.04564337
-0.000514149,0.0009712409,0.0024122666,0.001598874,0.013321883,0.01294073,-0.010408834,-0.02037042,0.11967896,-0.010326046,-0.1321967,0.05103888
-0.00035978196,0.0011249637,0.0023441373,0.0014540119,0.014360568,0.01254407,-0.011568585,-0.019888606,0.109259196,-0.023549967,-0.12340378,0.055627324
-0.00020271698,0.0012608638,0.002232413,0.001277527,0.015398421,0.012093761,-0.0125800595,-0.019349784,0.0974784,-0.03700734,-0.11238348,0.059643418
-3.7988597e-05,0.0013892316,0.0020928534,0.0010865474,0.01635975,0.011587752,-0.013566693,-0.018728724,0.08445181,-0.05076249,-0.09937573,0.06286518
0.00013252953,0.0015118888,0.0019511858,0.0008972869,0.017156608,0.01102209,-0.01447368,-0.018026154,0.07059642,-0.063669525,-0.085930176,0.06558088
0.00029871974,0.001620935,0.0018059529,0.0007188036,0.017702939,0.010393339,-0.015308527,-0.017289849,0.056791075,-0.07558622,-0.07205372,0.067240365
0.00046609552,0.0017218502,0.0016506221,0.0005376112,0.018129965,0.009723435,-0.016065698,-0.016554715,0.042637877,-0.087199114,-0.057375714,0.06824258
0.0006441081,0.001816906,0.0014824814,0.00034920784,0.018406266,0.008958305,-0.01673816,-0.015776146,0.027029032,-0.09824245,-0.041577406,0.06850591
0.00082894997,0.0019029775,0.0013013723,0.00015844355,0.018522773,0.008082464,-0.017254548,-0.014969786,0.010095803,-0.108438104,-0.024802165,0.06790327
0.0010082932,0.0019767685,0.0011161978,-2.3306682e-05,0.018530475,0.007161624,-0.017614445,-0.014193187,-0.006991838,-0.11758232,-0.007881963,0.06647886
0.0012122027,0.0020725727,0.0009488132,-0.00017571973,0.018408207,0.0060699554,-0.017815182,-0.013413858,-0.025777241,-0.12653334,0.009903304,0.06426049
0.0014017278,0.002140062,0.0007812566,-0.00030645565,0.018069508,0.0048677027,-0.017669233,-0.012824299,-0.044382103,-0.13299626,0.026827326,0.061096188
0.0015887598,0.002200557,0.0006349183,-0.0004069235,0.01747273,0.00364063,-0.01729005,-0.012316383,-0.06289528,-0.13755153,0.042378824,0.057593845
0.0017663086,0.0022536356,0.00050266314,-0.00049590284,0.016721524,0.002437431,-0.016749796,-0.011862994,-0.080661096,-0.14086336,0.056296233,0.05445789
0.0019284962,0.0022854495,0.00036117423,-0.00060233497,0.015893852,0.0012726624,-0.016093478,-0.011399781,-0.09790988,-0.14296557,0.06865443,0.05214573
0.0020794577,0.0023050627,0.00021949087,-0.00071344443,0.014904587,9.179622e-05,-0.015350724,-0.010872228,-0.11461065,-0.14418884,0.079658255,0.050382327
0.0022059102,0.002305655,6.080052e-05,-0.0008362909,0.013679946,-0.0012260845,-0.014568805,-0.010474693,-0.12942713,-0.14550193,0.09061254,0.048532292
0.0023182086,0.002295622,-6.3304324e-05,-0.0009432605,0.012385515,-0.0024021075,-0.013709037,-0.00986164,-0.14339328,-0.14421184,0.09743667,0.047994576
0.00241897,0.0022724606,-0.00017527411,-0.0010279422,0.010737513,-0.0036428743,-0.012713138,-0.009200368,-0.15667927,-0.14116079,0.10285876,0.047170665
0.0025027948,0.0022351313,-0.00027798762,-0.0011087047,0.008985203,-0.004921609,-0.011672665,-0.008560045,-0.16861084,-0.13700403,0.10651576,0.046749707
0.002570736,0.0021770557,-0.0003855616,-0.0011954337,0.0070304787,-0.006217108,-0.010560429,-0.007911708,-0.17972042,-0.13160537,0.10900565,0.0464922
0.0026273944,0.0021000127,-0.0004990361,-0.0012906565,0.004816807,-0.0075186873,-0.009312383,-0.0072896983,-0.19042227,-0.124941096,0.11032989,0.046488732
0.002665203,0.002007498,-0.0006041624,-0.0013737777,0.0024546708,-0.008780043,-0.0080184555,-0.0067366315,-0.19949152,-0.11715871,0.110302955,0.046286657
0.0026790195,0.0018908163,-0.0007071976,-0.001457215,3.0814732e-05,-0.0100463675,-0.0067341193,-0.0062204516,-0.2069101,-0.10805589,0.1087303,0.046107765
0.0026733358,0.0017645771,-0.00079541025,-0.001536416,-0.0024965908,-0.0112494575,-0.005471664,-0.005725544,-0.21246323,-0.09806567,0.10517413,0.046429206
0.0026404122,0.0016100036,-0.0008881668,-0.0016377313,-0.005123908,-0.012373157,-0.0041762935,-0.005268084,-0.21644859,-0.086679585,0.09936143,0.0477378
0.0025771714,0.0014451195,-0.0009764621,-0.0017523549,-0.007524855,-0.013313203,-0.003074711,-0.0048068273,-0.2176391,-0.075551935,0.09196929,0.049850374
0.0024849307,0.0012691326,-0.0010555498,-0.0018674927,-0.009824214,-0.014062519,-0.0020846857,-0.0043590963,-0.21605767,-0.06436343,0.08296771,0.052411612
0.0023728334,0.0010866266,-0.0011262893,-0.00197781,-0.012119422,-0.014712153,-0.0011747794,-0.0038504852,-0.21256527,-0.053087812,0.07294018,0.05509423
0.0022399474,0.00090802414,-0.0011794642,-0.0020738977,-0.014222283,-0.015213873,-0.00042901773,-0.0033678673,-0.20654795,-0.042628556,0.06217589,0.057861548
0.0020837493,0.0007266533,-0.0012221998,-0.0021534362,-0.016153185,-0.015601774,0.00019193094,-0.0029098205,-0.19818719,-0.03268649,0.051125392,0.060259957
0.0019167977,0.0005594085,-0.0012463054,-0.0022083565,-0.017900173,-0.015855432,0.00066874624,-0.002518214,-0.18772149,-0.024198268,0.040438883,0.062252793
0.0017214552,0.00038389178,-0.0012635232,-0.00225652,-0.019496283,-0.01596427,0.0010419211,-0.002147471,-0.17452142,-0.016048526,0.029049896,0.064170495
0.0015136768,0.00021962891,-0.0012611528,-0.002277011,-0.020947136,-0.015956078,0.0012957619,-0.0017513285,-0.15906893,-0.008971589,0.017928721,0.06545411
0.0012943795,6.122838e-05,-0.0012502712,-0.0022803545,-0.022254787,-0.015883468,0.0014650004,-0.0012944846,-0.1419617,-0.002764025,0.007235651,0.06618302
0.0010737848,-9.385902e-05,-0.0012384251,-0.002268324,-0.023371296,-0.015759565,0.0014934978,-0.00082585076,-0.12442855,0.0029160494,-0.0023450162,0.0660431
0.00084579666,-0.0002654413,-0.0012665978,-0.002300704,-0.024390893,-0.0156232845,0.0012969106,-0.00034755486,-0.10713236,0.007817252,-0.010900093,0.06623396
0.0006022763,-0.00041912711,-0.001259746,-0.0022744273,-0.02520861,-0.015519433,0.0010528266,0.00026397873,-0.08688044,0.011710154,-0.018804487,0.06476938
0.00034558197,-0.0005788646,-0.0012573008,-0.002241162,-0.025839947,-0.015401987,0.0007066203,0.0008834463,-0.06542034,0.015222067,-0.026013626,0.06255636
6.8646084e-05,-0.00073637615,-0.0012438769,-0.002195972,-0.02627795,-0.015245955,0.00021697115,0.0015764539,-0.04151896,0.017891735,-0.03360051,0.060189884
-0.00021422285,-0.0009025603,-0.0012420682,-0.0021480452,-0.026454333,-0.015087557,-0.0003672179,0.0022584766,-0.017557422,0.02057123,-0.04013439,0.05697343
-0.0005001891,-0.0010643434,-0.0012423582,-0.0020935019,-0.026449664,-0.014934731,-0.001022128,0.002979546,0.0069557102,0.022447927,-0.04574035,0.05325306
-0.00077876,-0.0012183213,-0.0012465941,-0.0020275437,-0.026177578,-0.014749676,-0.0017338379,0.003653961,0.03099936,0.02360514,-0.049693648,0.048556194
-0.0010441821,-0.0013645964,-0.0012497073,-0.0019493273,-0.02576862,-0.014614191,-0.0024277647,0.0042743487,0.054005377,0.024702238,-0.052487645,0.04313846
-0.0013040893,-0.001518709,-0.0012691756,-0.0018706997,-0.025193652,-0.014410268,-0.0030453326,0.0047424566,0.07585131,0.026148237,-0.053842418,0.036815025
-0.0015758825,-0.0016764775,-0.0012876253,-0.0017858725,-0.024393901,-0.014176104,-0.0037258465,0.0051569846,0.09861998,0.027491668,-0.05520346,0.030204933
-0.0018339743,-0.0018424941,-0.0013330339,-0.0017156468,-0.023347663,-0.013799573,-0.004299173,0.005353554,0.11919936,0.02910876,-0.054852646,0.022973564
-0.0020814824,-0.0020147234,-0.0014134711,-0.0016975543,-0.022248063,-0.013439502,-0.0048485743,0.0055534607,0.13796175,0.029990274,-0.053795084,0.01674136
-0.0023197073,-0.0021616432,-0.0014532045,-0.0016261521,-0.02083276,-0.012995437,-0.005376332,0.005726938,0.15678112,0.031089295,-0.052868385,0.009757989
-0.0025353134,-0.0023054979,-0.0015088813,-0.0015641844,-0.019176,-0.012522672,-0.005875422,0.0057323556,0.17313358,0.03226631,-0.05044975,0.0022601013
-0.0027433387,-0.0024511286,-0.0015734656,-0.0015098549,-0.017290495,-0.011982397,-0.0063727186,0.005731753,0.18816112,0.033619765,-0.04758619,-0.0050981995
-0.0029400664,-0.0026107996,-0.001691509,-0.0015308245,-0.015374807,-0.011464098,-0.0067975153,0.0057303663,0.2012863,0.03395648,-0.043660104,-0.011277433
-0.003096999,-0.0027369903,-0.0017698584,-0.0015025771,-0.013285593,-0.010870435,-0.00714386,0.0055335714,0.21130395,0.03533431,-0.03997734,-0.017722312
-0.0032493765,-0.0028607794,-0.0018456061,-0.0014706609,-0.01100459,-0.010226607,-0.007472627,0.0052277157,0.22097066,0.03680164,-0.036163922,-0.024317164
-0.0033837338,-0.00300416,-0.0019702176,-0.001496832,-0.008790664,-0.009671353,-0.0077112964,0.0049386714,0.2275471,0.03871475,-0.031224413,-0.030398889
-0.003473945,-0.0031182691,-0.0020570874,-0.0014668873,-0.0064783897,-0.009063006,-0.0079097515,0.004429321,0.23021756,0.04227295,-0.02602533,-0.03726408
-0.0035452573,-0.0032249016,-0.0021389173,-0.0014323475,-0.0041142553,-0.008441575,-0.0080613475,0.0038136144,0.23097095,0.046395138,-0.020813849,-0.04401762
-0.0035990824,-0.0033258025,-0.0022175128,-0.0013919787,-0.0016603641,-0.0077768657,-0.008159995,0.003098515,0.22983335,0.051087234,-0.015310634,-0.050910268
-0.0036333997,-0.003413913,-0.0022950901,-0.0013632064,0.0006677795,-0.007162005,-0.008238662,0.002425799,0.22713122,0.055422235,-0.009807887,-0.05708096
-0.0036405728,-0.003483235,-0.0023661721,-0.0013355358,0.0029596726,-0.0066026202,-0.008254063,0.0018094657,0.22225866,0.059597533,-0.003949767,-0.06289433
-0.0036387993,-0.0035502303,-0.002438398,-0.0012993953,0.0055725267,-0.0059690312,-0.0082526235,0.0011265823,0.21617883,0.064099506,0.0028146259,-0.0693316
-0.003591894,-0.0036008267,-0.002508754,-0.0012732008,0.007878192,-0.005370902,-0.008176044,0.0003730189,0.2059331,0.06939751,0.00955518,-0.07493129
-0.0035191542,-0.003643968,-0.0025822937,-0.0012621027,0.010051814,-0.0047062645,-0.008013391,-0.0004493675,0.19325897,0.07504475,0.016211694,-0.07982616
-0.0034248647,-0.0036764895,-0.0026567318,-0.0012671329,0.012083558,-0.003980979,-0.007821118,-0.0012966612,0.1788778,0.08056656,0.022641651,-0.083830446
-0.0033076159,-0.0037041332,-0.0027388611,-0.001289564,0.01395843,-0.0031652963,-0.0075799427,-0.0021965327,0.16232216,0.08622878,0.029308423,-0.087247245
-0.003175046,-0.0037422443,-0.0028392938,-0.0013331467,0.015721966,-0.002257483,-0.007275812,-0.0031908858,0.14343925,0.09287508,0.036174525,-0.09036874
-0.0030253797,-0.003771059,-0.0029301182,-0.0013822583,0.017161189,-0.0012633264,-0.006896307,-0.0042619146,0.123501904,0.09974218,0.042111877,-0.09255208
-0.002858246,-0.003802357,-0.00302817,-0.0014476342,0.018331543,-0.00018152717,-0.006439042,-0.005379866,0.101734534,0.10720448,0.047770735,-0.09409451
-0.002681687,-0.00381985,-0.0031175683,-0.0015223527,0.019111723,0.0010000626,-0.005915922,-0.00648548,0.08012129,0.113851435,0.0527534,-0.094572894
-0.002494583,-0.003821443,-0.0031951098,-0.0016008194,0.019697623,0.0023208242,-0.0053777955,-0.007625157,0.058536347,0.11973435,0.057185605,-0.09416747
-0.0023007,-0.003810085,-0.003265845,-0.001686183,0.02011026,0.0036062752,-0.0048602526,-0.008640997,0.03704293,0.124800816,0.06139851,-0.09307929
-0.0021010865,-0.003774475,-0.0033232968,-0.0017833705,0.020264864,0.0048756124,-0.004289581,-0.009572605,0.016322548,0.12806568,0.06499324,-0.09063102
-0.0018886329,-0.0037299898,-0.0033802707,-0.0018877203,0.020285213,0.0061713927,-0.0037024703,-0.010491628,-0.005416492,0.13103753,0.068742335,-0.08777266
-0.0016685748,-0.0036693357,-0.0034252359,-0.0019964024,0.020102592,0.007524216,-0.0030630946,-0.011408509,-0.027066289,0.13315809,0.07187546,-0.08396219
-0.0014514825,-0.0036100894,-0.003457744,-0.0020832475,0.019578861,0.00881687,-0.0023656543,-0.012232343,-0.048330214,0.1358841,0.074752696,-0.080701254
-0.0012265086,-0.0035272024,-0.0034864459,-0.0021967476,0.018990668,0.010135007,-0.0017115822,-0.012998775,-0.06907816,0.13642293,0.077073164,-0.07566671
-0.0010204724,-0.0034215527,-0.0034980266,-0.0023215618,0.01807044,0.011496197,-0.0010122362,-0.013716051,-0.08623091,0.13412166,0.07793917,-0.06883745
-0.00083522784,-0.0032994344,-0.0034936483,-0.0024513775,0.017043883,0.012783644,-0.00034799144,-0.014297836,-0.10002287,0.12969272,0.077428505,-0.060645584
-0.0006481614,-0.0031608941,-0.0034834149,-0.002592774,0.015840271,0.014089037,0.00034416895,-0.0147966845,-0.11299113,0.12371062,0.07655167,-0.051451374
-0.0004788827,-0.0030001723,-0.0034535546,-0.0027341938,0.014460296,0.015270119,0.0010595449,-0.015132706,-0.12260877,0.115378335,0.07434486,-0.040902395
-0.0003268664,-0.0028285133,-0.00341857,-0.0028809325,0.012982912,0.01632011,0.0017822314,-0.0153230615,-0.12973247,0.10523044,0.071711846,-0.02965555
-0.00019197691,-0.0026418194,-0.0033807855,-0.0030441955,0.011492162,0.017324101,0.0025122976,-0.015376394,-0.13405088,0.09254942,0.06852664,-0.017168485
-6.832458e-05,-0.002437267,-0.0033326307,-0.003203811,0.00997071,0.018237809,0.0032728605,-0.015332887,-0.13601927,0.07775596,0.06526683,-0.0042238925
4.2408014e-05,-0.0022186404,-0.0032731541,-0.0033569697,0.008475422,0.019055603,0.0040470148,-0.015227735,-0.13569868,0.061294783,0.06177942,0.009033552
0.00013917914,-0.0019874403,-0.0032054759,-0.003506175,0.007002425,0.019722687,0.0047869175,-0.01503302,-0.13292523,0.043063734,0.058106188,0.022596395
0.0002282158,-0.0017447247,-0.003132671,-0.0036564812,0.005503156,0.02023829,0.0055253822,-0.014711311,-0.12853728,0.023395332,0.054446023,0.03642215
0.000279531,-0.0015475444,-0.0030864442,-0.00380156,0.0042271605,0.020614779,0.0061278977,-0.014429082,-0.12248623,0.0054889577,0.05162006,0.048189633
0.0003226901,-0.0013152661,-0.003025548,-0.003966638,0.00293498,0.020624496,0.0067654997,-0.013790585,-0.11348079,-0.015979167,0.047812033,0.061968084
0.00035678138,-0.0010811191,-0.0029580868,-0.004125761,0.0017280743,0.020412,0.007356817,-0.013001996,-0.10325396,-0.03774297,0.043799393,0.0756123
0.0003819765,-0.0008564955,-0.002886605,-0.004271717,0.0006494541,0.019979578,0.007883801,-0.012110663,-0.09252451,-0.058613364,0.039713945,0.088497125
0.00039234024,-0.0006449129,-0.0028055166,-0.0043899813,-0.00030865247,0.019262657,0.008321917,-0.011085914,-0.08067524,-0.078258626,0.035385936,0.100223236
0.00039444186,-0.00043956324,-0.00270973,-0.0044792136,-0.0011336199,0.018328931,0.008659301,-0.009981613,-0.06817234,-0.09678474,0.03063631,0.111127675
0.0003941459,-0.00023766208,-0.0026078539,-0.0045610215,-0.0018169205,0.01721744,0.008888165,-0.00875879,-0.05570062,-0.11463459,0.025478479,0.121869445
0.00038206388,-8.077952e-05,-0.0025241056,-0.004626052,-0.002316741,0.016120832,0.009015426,-0.0076254774,-0.044664025,-0.12889342,0.020888228,0.13051511
0.00036583593,7.600353e-05,-0.0024303193,-0.004684973,-0.0026777817,0.01475243,0.009106209,-0.0062531615,-0.033187266,-0.14273109,0.015512946,0.13928983
0.00034519803,0.00019603843,-0.0023583062,-0.004735939,-0.0029754087,0.0134024,0.009145123,-0.0049584843,-0.023569563,-0.15361741,0.0110705905,0.14626394
0.00032761542,0.00030890104,-0.0022840272,-0.004784245,-0.003172954,0.011898289,0.009138871,-0.0035165716,-0.014879097,-0.16313642,0.0060333074,0.15323561
0.00031517478,0.00040832543,-0.0022131861,-0.0048276056,-0.003325724,0.01028903,0.00910348,-0.0019935567,-0.007692986,-0.17080434,0.0008618013,0.15968738
0.000301907,0.00048750677,-0.0021463444,-0.0048517142,-0.003408489,0.008666382,0.009023963,-0.00045331835,-0.0017763401,-0.17616883,-0.0039722063,0.16472854
0.00028795117,0.0005729557,-0.0020688043,-0.0048730876,-0.003463552,0.006840753,0.008904332,0.0013188531,0.004521793,-0.18139806,-0.009743091,0.17021571
0.00026408315,0.0006321911,-0.001994498,-0.0048692487,-0.0034500347,0.0049971724,0.0087148165,0.0030922845,0.010324973,-0.1841368,-0.015319506,0.17405926
0.00023724424,0.0006696498,-0.0019289248,-0.004849372,-0.0034178542,0.0032207558,0.008469182,0.004811649,0.015058576,-0.18484318,-0.020282222,0.17647487
0.00020202689,0.00069584924,-0.0018575878,-0.0048112446,-0.0032988982,0.0013573243,0.008199772,0.006634542,0.019974545,-0.18425143,-0.025518868,0.17806588
0.00016994996,0.00069859304,-0.0017972899,-0.0047562695,-0.0031609226,-0.00038106533,0.007919726,0.008353291,0.022986485,-0.18126844,-0.029843073,0.1780492
0.00013987494,0.00068945705,-0.0017343776,-0.0046819383,-0.0029573264,-0.0021221035,0.0075827055,0.010058919,0.025040552,-0.17665745,-0.033979382,0.17701316
0.00011030879,0.0006597133,-0.0016756327,-0.004584913,-0.0026838763,-0.0037592177,0.0072017484,0.011646314,0.025834756,-0.17002235,-0.037352446,0.17436972
8.1610066e-05,0.00061883,-0.0016102388,-0.00446661,-0.0023724698,-0.0054577417,0.0067609404,0.013292248,0.025833294,-0.16162832,-0.040876713,0.17078978
5.4886095e-05,0.0005629562,-0.0015620115,-0.004357853,-0.0021072743,-0.0069735036,0.006328398,0.014770478,0.024881229,-0.15260656,-0.04355961,0.16668043
2.9864796e-05,0.0004937998,-0.00152291,-0.0042509967,-0.0017849786,-0.008463398,0.005855539,0.0162519,0.022926083,-0.14247437,-0.045965035,0.16206288
9.1486345e-06,0.0004088586,-0.0014806711,-0.004108252,-0.0015486085,-0.009900376,0.0053451317,0.017733762,0.019676603,-0.13028778,-0.047375645,0.15540905
-9.4014995e-06,0.0003074524,-0.0014351561,-0.0039353305,-0.0012954971,-0.011361132,0.004764632,0.019267604,0.015194377,-0.11583738,-0.048310935,0.14705454
-2.5890813e-05,0.00020843721,-0.0013925041,-0.0037652822,-0.0010700384,-0.012611089,0.00425758,0.020597534,0.010648018,-0.10181775,-0.048911307,0.1387891
-4.6825953e-05,7.8132085e-05,-0.0013463158,-0.0035477718,-0.00084823184,-0.013904943,0.0036188972,0.022076325,0.0047198823,-0.08418095,-0.048815545,0.12771727
-6.8120426e-05,-5.6661644e-05,-0.001310668,-0.0033446306,-0.00063718477,-0.014961603,0.0030098672,0.023381053,-0.0013683863,-0.066824704,-0.048351362,0.11684702
-0.00011732871,-0.00023491791,-0.0013140334,-0.003184775,-0.00033252078,-0.015840955,0.0024491218,0.024679143,-0.0067111226,-0.048337933,-0.04824191,0.10614216
-0.00013597602,-0.00038206406,-0.0012876772,-0.0029657113,-0.00023480828,-0.016424261,0.0019529782,0.025673492,-0.013676801,-0.03007326,-0.046239495,0.09370814
-0.00015593927,-0.0005397467,-0.0012599928,-0.0027235395,-0.00018777675,-0.016848823,0.001476907,0.0266013,-0.020997938,-0.010657186,-0.043385807,0.07981689
-0.00017191068,-0.00069185044,-0.0012297118,-0.0024652246,-0.00030333834,-0.01705608,0.0011149677,0.027393026,-0.028265936,0.008351728,-0.039474662,0.06513235
-0.00017529444,-0.000817138,-0.0011967958,-0.0022251874,-0.00047663794,-0.017072707,0.0008160407,0.028019851,-0.035352767,0.025107473,-0.035514835,0.051787443
-0.00018047853,-0.0009537701,-0.0011732294,-0.001964059,-0.0007297787,-0.016799992,0.0005300792,0.02851716,-0.04280938,0.042466518,-0.029816896,0.036691293
-0.00018955959,-0.0010866423,-0.0011617896,-0.0017081928,-0.0010397524,-0.016303547,0.00034461962,0.028865727,-0.049508456,0.058448702,-0.022835374,0.021276884
-0.00020731038,-0.0012162207,-0.0011529502,-0.0014421139,-0.0014442853,-0.015598073,0.00024986189,0.029006166,-0.054778468,0.0732429,-0.0149372835,0.005329473
-0.00022616673,-0.0013345157,-0.0011474394,-0.0011855795,-0.0019187512,-0.014853482,0.00020083252,0.029040173,-0.059022125,0.08635293,-0.006787065,-0.010055492
-0.00024521086,-0.0014414348,-0.0011399164,-0.0009217318,-0.0024987606,-0.01399813,0.00021294717,0.02890695,-0.06239301,0.09813003,0.0018979678,-0.025415815
-0.00027417715,-0.0015417123,-0.00112302,-0.00063367456,-0.0031358586,-0.01287394,0.0003479815,0.028479757,-0.06403299,0.108798996,0.0109826205,-0.041159153
-0.00031090932,-0.0016364721,-0.0011068053,-0.00034710646,-0.0038267297,-0.011631877,0.00056920596,0.027897777,-0.06429,0.11808433,0.020236885,-0.056590054
-0.00036217557,-0.0017332332,-0.0010973279,-7.546024e-05,-0.0045360657,-0.010370272,0.00084684417,0.02723739,-0.062922895,0.1262195,0.029188348,-0.071343705
-0.00042061871,-0.0018225671,-0.0010856835,0.00018594683,-0.0052318815,-0.009124062,0.0011724207,0.026491093,-0.06008797,0.133019,0.03767746,-0.08527722
-0.00048281444,-0.001915567,-0.0010802483,0.0004461445,-0.005900764,-0.007833981,0.0015199468,0.025613211,-0.05699007,0.13948934,0.046644546,-0.099459976
-0.0005515739,-0.0019913944,-0.0010549931,0.00071172696,-0.0064945626,-0.0064224754,0.0019683342,0.024586573,-0.051995043,0.14462808,0.054687798,-0.11277261
-0.0006144594,-0.002047478,-0.0010246363,0.0009669431,-0.0070406194,-0.004932536,0.0024898213,0.023397757,-0.046599254,0.1481508,0.06267229,-0.12519322
-0.0006825841,-0.0020972535,-0.0009902507,0.0012295267,-0.0075565646,-0.0032293077,0.003130298,0.021968113,-0.040269163,0.15091147,0.07102723,-0.13783121
-0.0007680055,-0.0021680023,-0.0009856966,0.0014443358,-0.00813656,-0.0017267772,0.003760325,0.020738116,-0.0330821,0.1533547,0.07909107,-0.14965135
-0.0008430988,-0.0021817381,-0.0009421893,0.0016543554,-0.008533444,-7.221017e-05,0.0045732786,0.01907968,-0.023845628,0.15211548,0.08552067,-0.15896884
-0.0009276206,-0.0021902681,-0.00090174755,0.0018397188,-0.008853779,0.001588469,0.0054620206,0.017310264,-0.01328812,0.14952146,0.091277346,-0.16715546
-0.0009905496,-0.0021670058,-0.0008387363,0.0020202082,-0.009152641,0.0032205663,0.006488112,0.015700214,-0.0034383764,0.14572954,0.09609646,-0.17385475
-0.0010838227,-0.002157995,-0.0007917859,0.0021714908,-0.009249671,0.004795494,0.0074773286,0.013791698,0.008971017,0.14103273,0.10013385,-0.17979935
-0.0011738292,-0.0021166494,-0.00072369317,0.0023066308,-0.009241906,0.0062712985,0.008543768,0.011811497,0.022831999,0.13413364,0.102417514,-0.183575
-0.001263266,-0.002062951,-0.0006435113,0.0024303375,-0.0091011375,0.007690957,0.009643942,0.0098141385,0.037233517,0.12674281,0.1030136,-0.1859042
-0.0013353254,-0.001978295,-0.0005334186,0.0025589052,-0.008850078,0.00904999,0.010799012,0.0080109695,0.05131512,0.11861935,0.10211116,-0.18673536
-0.0014195943,-0.0018957743,-0.00043142715,0.0026411843,-0.008484487,0.010174586,0.0118253175,0.006182719,0.0664429,0.11001755,0.098742254,-0.18508545
-0.0014996756,-0.0018048157,-0.00032359816,0.0027056567,-0.007919649,0.0112575395,0.012829905,0.004303978,0.08139927,0.101185374,0.09401234,-0.18196101
-0.001580573,-0.0017071348,-0.00020858426,0.002741193,-0.007161095,0.012125616,0.013748849,0.0025987527,0.096435376,0.092331365,0.086709164,-0.17660919
-0.0016472599,-0.0015922033,-7.6761484e-05,0.0027687547,-0.0062249717,0.012914402,0.014599937,0.00088250474,0.110651314,0.08346981,0.077840164,-0.16965878
-0.001705871,-0.0014684966,7.106844e-05,0.0027714085,-0.005055432,0.013475838,0.015268466,-0.0005903211,0.12444982,0.07513697,0.06603152,-0.16029884
-0.0017516741,-0.0013108985,0.0002613913,0.002804555,-0.003851414,0.013938986,0.015961885,-0.0018643104,0.13851373,0.066233814,0.052936304,-0.15006506
-0.0017872282,-0.0011689848,0.00042667746,0.0027758982,-0.0022310638,0.014352179,0.01643375,-0.0032331182,0.15032588,0.058384366,0.038229838,-0.13774177
-0.001788997,-0.0009829088,0.00063543144,0.0027744367,-0.0007033534,0.014849347,0.016922101,-0.0044132257,0.16069704,0.049746633,0.02276882,-0.12433141
-0.0017841501,-0.0008211695,0.0008120129,0.002725429,0.0010859036,0.015105001,0.017000144,-0.0054181647,0.16854726,0.042503405,0.0069980435,-0.11003653
-0.0017591577,-0.00065181905,0.000995596,0.0026818067,0.0029037618,0.015260501,0.016882962,-0.0062486017,0.17435606,0.035983514,-0.008634196,-0.09576235
-0.0017242212,-0.00048274588,0.0011798486,0.0026353537,0.0047994396,0.015424742,0.016644519,-0.007051669,0.17892444,0.02995898,-0.024181137,-0.081470616
-0.0016815068,-0.00031575444,0.0013593113,0.0025739472,0.0067457166,0.015628908,0.016302865,-0.007817327,0.18255639,0.024087522,-0.039787497,-0.06677609
-0.0016138017,-0.00014404755,0.0015311851,0.0024987157,0.008658791,0.01582813,0.01583108,-0.008435272,0.18377313,0.018185353,-0.054623418,-0.05182413
-0.001508867,4.25026e-05,0.0017059494,0.0024088656,0.010579024,0.01593889,0.015151231,-0.008836807,0.18156934,0.0126414485,-0.06953537,-0.03594101
-0.0013977793,0.00021542708,0.0018601738,0.0023070865,0.012430942,0.016074667,0.01439476,-0.009142669,0.17773594,0.0078416,-0.08323374,-0.020719724
-0.0012508124,0.00040193403,0.0020236378,0.0022195515,0.014333009,0.016269855,0.013436843,-0.009355892,0.17051068,0.0039333967,-0.09592607,-0.006093356
-0.0010919702,0.00057430245,0.0021655965,0.0021417215,0.016015632,0.016440589,0.012392775,-0.009406665,0.16120736,0.0010302418,-0.10602704,0.006450724
-0.0009074413,0.0007484593,0.0023085445,0.0020779036,0.017563922,0.016474167,0.011113705,-0.00919172,0.14887294,-0.00044030274,-0.11517062,0.018165438
-0.00070704863,0.00092107314,0.00243172,0.002006259,0.018982144,0.016506018,0.009819202,-0.008918913,0.13466433,-0.0020549982,-0.12239503,0.029072134
-0.00049223466,0.001096377,0.0025365546,0.0019333459,0.020214664,0.016567701,0.008522976,-0.008583878,0.11897191,-0.004319002,-0.12720443,0.0388482
-0.0002766211,0.0012621336,0.002622262,0.001869043,0.021210467,0.01663016,0.0072779376,-0.008219605,0.10263236,-0.006472351,-0.12989824,0.046926193
-5.0373274e-05,0.0014207597,0.0026828991,0.0018336852,0.02195075,0.016760562,0.0059515457,-0.0077893827,0.08462693,-0.008663181,-0.12834357,0.051707808
0.0001860669,0.0015858477,0.002734913,0.0017701929,0.022635411,0.01682186,0.0047025564,-0.007319999,0.065859586,-0.011692982,-0.12700257,0.057696138
0.00042247373,0.0017473863,0.0027697359,0.001698617,0.023127066,0.016791698,0.0035173204,-0.006746713,0.04690039,-0.015384466,-0.124441445,0.06323638
0.00065933925,0.0019085892,0.0027992234,0.001632998,0.023452036,0.016710551,0.0023671594,-0.0060786,0.02788068,-0.019327914,-0.12107373,0.06815743
0.00091878005,0.002081529,0.0028229442,0.0015697627,0.023597905,0.016531022,0.0011271061,-0.0052304193,0.006841803,-0.023649452,-0.11620695,0.07254166
0.0011933445,0.0022594905,0.0028418098,0.0015274825,0.023578849,0.01630152,-0.00014414931,-0.004294265,-0.015641378,-0.027997475,-0.1091512,0.07530688
0.0014327422,0.002407207,0.0028400088,0.0014900207,0.023379404,0.016010994,-0.0012076338,-0.0033900335,-0.035637062,-0.032084506,-0.10126828,0.07669447
0.0016937397,0.002569337,0.0028313438,0.0014538793,0.022978108,0.015631726,-0.002285702,-0.0023582787,-0.05728753,-0.037172105,-0.091558486,0.07768458
0.0019464364,0.0027202433,0.0028122352,0.0014631513,0.022240153,0.015169592,-0.0032789507,-0.0013272433,-0.07851591,-0.042003505,-0.078735724,0.07541932
0.00217213,0.002856043,0.0027897425,0.0014659645,0.02145902,0.014630052,-0.004025543,-0.00040409522,-0.09726324,-0.04690704,-0.06688717,0.07361676
0.002378737,0.0029751917,0.0027569768,0.0014766639,0.020598028,0.014112317,-0.0046638865,0.00042639847,-0.1146554,-0.051599715,-0.05438163,0.07084803
0.0025847307,0.0030960406,0.0027185848,0.0015080493,0.019482912,0.013488974,-0.005149432,0.001234205,-0.13165367,-0.056997046,-0.03973994,0.06651184
0.0027617533,0.0032028516,0.0026782057,0.0015361898,0.018281708,0.012837802,-0.005437153,0.0019389924,-0.14581433,-0.06261573,-0.025965128,0.062310677
0.0029357786,0.0033154364,0.0026387414,0.001569616,0.016906004,0.012103168,-0.005578836,0.0026308428,-0.1590547,-0.06909982,-0.011664441,0.057846993
0.0031027945,0.0034272135,0.0025969467,0.0016102716,0.0153815,0.011313919,-0.005567801,0.0033185312,-0.17128243,-0.07603126,0.0032371818,0.052802302
0.0032506485,0.0035303605,0.0025575627,0.0016562195,0.013696876,0.010455116,-0.0053850585,0.0039589256,-0.18149765,-0.082871564,0.017524077,0.04761902
0.0033735828,0.003619964,0.0025208222,0.001702229,0.011939913,0.0095600765,-0.005084,0.0045069205,-0.18947701,-0.08933309,0.030475166,0.04267094
0.0034842545,0.0037053658,0.0024847467,0.0017467543,0.0101329,0.008660722,-0.0046949037,0.0049804794,-0.19631073,-0.09585957,0.042757746,0.037945602
0.0035854736,0.0037926156,0.0024520124,0.0017933644,0.0081395805,0.007696347,-0.0041580102,0.005400368,-0.20187011,-0.10280131,0.054607414,0.033367552
0.0036602325,0.0038643177,0.0024220985,0.0018391553,0.0061404645,0.006692722,-0.0035276106,0.005744827,-0.20527111,-0.10916367,0.06500903,0.028969502
0.0037135582,0.003924863,0.002395494,0.0018888833,0.0040399395,0.0055869417,-0.0027699783,0.0060286997,-0.20678265,-0.11509969,0.074376635,0.024529072
0.0037563343,0.003995472,0.0023997915,0.001976144,0.0018505713,0.004497239,-0.0018774816,0.006472326,-0.20656252,-0.12081702,0.08273447,0.019641414
0.0037591415,0.004028094,0.0023879376,0.0020341983,-0.0002904968,0.003316248,-0.00087640143,0.0065620923,-0.20391288,-0.12515545,0.08865307,0.015658993
0.0037474798,0.004053973,0.0023815115,0.0020939976,-0.0024333291,0.0020756954,0.0001736263,0.00665034,-0.20015809,-0.12885822,0.093198575,0.0120323645
0.0037116583,0.0040626605,0.002381227,0.0021400384,-0.004392693,0.0008575402,0.0012100233,0.0067062527,-0.19476971,-0.1313674,0.09515758,0.00953085
0.0036544828,0.0040575988,0.0023885022,0.002184211,-0.0063120876,-0.000394782,0.0022792544,0.00672941,-0.1878575,-0.13278648,0.09505223,0.007650962
0.0035770163,0.004039766,0.0024114656,0.002236841,-0.008187324,-0.0017212935,0.0033797207,0.0066815615,-0.17940302,-0.13275528,0.09261973,0.006272548
0.003490004,0.0040128627,0.0024433665,0.002290485,-0.009920805,-0.0030401805,0.004410406,0.0066153184,-0.17044646,-0.13158388,0.08874246,0.005334436
0.0033781899,0.0039658886,0.002485208,0.0023483778,-0.011679274,-0.0044249576,0.0054717306,0.0064797774,-0.15973464,-0.12880121,0.0827318,0.004691138
0.0032660267,0.00391599,0.0025305664,0.002406911,-0.013271807,-0.0056958697,0.0064151995,0.0064184945,-0.14926012,-0.1254846,0.07635352,0.00414232
0.0031297263,0.0038474137,0.0025898523,0.0024709913,-0.014764285,-0.0069883596,0.007268328,0.0063478034,-0.13688847,-0.120565005,0.06754924,0.0041599283
0.002995962,0.0037737102,0.0026498167,0.0025313876,-0.01602233,-0.0081636645,0.007943762,0.0063468507,-0.1250581,-0.11502876,0.05830422,0.004397529
0.002823375,0.0036746687,0.0027379468,0.002594043,-0.017124377,-0.009374183,0.008473565,0.0062621776,-0.109832324,-0.107248746,0.04450099,0.0062326742
0.0026411489,0.0035607007,0.002816122,0.0026604463,-0.018200006,-0.010558381,0.008928724,0.006265375,-0.09435419,-0.09881767,0.031327803,0.007214183
0.0024404805,0.0034315577,0.0029071681,0.0027382658,-0.019153286,-0.011679738,0.009280109,0.006220122,-0.077538505,-0.08901219,0.016467744,0.008340298
0.002231533,0.0032949992,0.0030110362,0.0028143928,-0.019810345,-0.01264944,0.009376334,0.006204159,-0.060224175,-0.0782411,-0.00010448741,0.01028696
0.0020254424,0.0031542657,0.0031068958,0.0028860348,-0.020261263,-0.013422206,0.009302474,0.006286704,-0.0436577,-0.06739372,-0.016071167,0.011981716
0.0018106065,0.003006088,0.0032118952,0.0029578372,-0.020467678,-0.014087766,0.008936847,0.0064597465,-0.026522782,-0.0557994,-0.033369094,0.014141121
0.0015986492,0.0028592604,0.003318516,0.0030335144,-0.02046763,-0.014615806,0.008342741,0.0066614673,-0.009725868,-0.04418146,-0.05046268,0.016175944
0.0013887187,0.0027069845,0.003411821,0.0031154102,-0.020365626,-0.0150294965,0.0076452326,0.006891419,0.0063525275,-0.032538973,-0.06580396,0.016960517
0.0011627055,0.0025360729,0.003494846,0.0032005848,-0.02012325,-0.015308371,0.0068036467,0.007100355,0.022999408,-0.020222891,-0.08065482,0.01686176
0.0009559666,0.0023738812,0.003556369,0.0032733642,-0.019768415,-0.015453848,0.005899916,0.0072886413,0.037754845,-0.009115389,-0.09305703,0.01613215
0.00074486097,0.0022049798,0.0036144943,0.0033522057,-0.019263364,-0.0154852215,0.0048867054,0.0074564507,0.052472413,0.002227928,-0.10499323,0.014803954
0.0005469813,0.00204054,0.0036627718,0.0034300822,-0.018549556,-0.015392692,0.003706247,0.0075713275,0.06579018,0.013099914,-0.11535739,0.012848911
0.00034462,0.0018658276,0.0037000286,0.0035216676,-0.017807353,-0.015256218,0.0025057942,0.0076450435,0.07891375,0.024284914,-0.12422097,0.00937497
0.0001671303,0.0017112985,0.0037257127,0.0036122869,-0.017034672,-0.015056488,0.0013287588,0.007682455,0.0902651,0.03379379,-0.13050751,0.0051816106
-1.6831089e-05,0.0015510375,0.003752632,0.0037188933,-0.016048098,-0.014733699,-7.095202e-05,0.0076953135,0.101825595,0.04363899,-0.13624518,0.00010454981
-0.00015827251,0.0014183037,0.0037477056,0.0038143282,-0.014975676,-0.01430395,-0.0014739543,0.00760792,0.109963804,0.050731312,-0.13719955,-0.006217896
-0.00031276984,0.0012731055,0.0037413067,0.003923468,-0.013832383,-0.0137615325,-0.0028096393,0.0073789507,0.11879315,0.05834194,-0.13792697,-0.013464252
-0.00045767578,0.0011298764,0.0037156902,0.0040222085,-0.012668739,-0.0131531935,-0.0040796786,0.0070915567,0.1265991,0.06502711,-0.13683388,-0.021290204
-0.00059537526,0.0009860534,0.0036754322,0.0041161496,-0.011435915,-0.012489472,-0.0053447704,0.0067476733,0.13354543,0.07120188,-0.13435465,-0.029665818
-0.0007189561,0.00084927405,0.0036244194,0.004208582,-0.010122811,-0.011784131,-0.0065843645,0.0062896833,0.13928352,0.07658543,-0.13029884,-0.038532037
-0.00082410296,0.0007186422,0.0035499306,0.0042876783,-0.008675882,-0.010999262,-0.0078116213,0.0057039363,0.14324431,0.08086017,-0.123818874,-0.0480147
-0.00091251265,0.00059906085,0.0034685098,0.0043579396,-0.007319938,-0.010291696,-0.008927902,0.005197133,0.14598891,0.084350705,-0.11643629,-0.05736509
-0.0009823142,0.000495518,0.003383871,0.0044354103,-0.005884344,-0.0094905235,-0.009999247,0.0045688627,0.1475095,0.08677322,-0.107387185,-0.06721879
-0.0010353234,0.0004064045,0.0032971296,0.0045193443,-0.004439567,-0.008612486,-0.010955608,0.003811354,0.14799263,0.08835087,-0.09688182,-0.07748029
-0.0010482868,0.00035137986,0.0032358647,0.004644472,-0.0028986717,-0.00761391,-0.011891037,0.0028581165,0.14571342,0.08972628,-0.08500883,-0.088499956
-0.0010688825,0.00027165512,0.0031149734,0.00469794,-0.0013828346,-0.0066484315,-0.012729714,0.0019893823,0.14329042,0.08980804,-0.07163824,-0.09892352
-0.0010779771,0.00019631317,0.0029762024,0.0047340044,0.00017153093,-0.005661074,-0.013499381,0.0010343038,0.13975935,0.08895012,-0.056998186,-0.10922956
-0.0010667499,0.00014174239,0.0028464382,0.0047739297,0.0016349594,-0.004760429,-0.014076966,8.6059095e-05,0.13508296,0.08756013,-0.04212517,-0.11905437
-0.0010399704,9.696305e-05,0.0027182244,0.004810605,0.0029334745,-0.003997265,-0.014464477,-0.0008785896,0.12918383,0.08624165,-0.02710163,-0.12855461
-0.0009912308,6.18985e-05,0.002566909,0.004820659,0.0042866278,-0.003121584,-0.014784979,-0.0021022107,0.121398985,0.08360598,-0.010399759,-0.1378719
-0.00093932106,3.63625e-05,0.0024361098,0.0048318114,0.00547226,-0.002336922,-0.014908358,-0.0032926074,0.113734424,0.081551105,0.0042631943,-0.14596888
-0.0008818722,1.1184449e-05,0.0022965625,0.004818084,0.006499238,-0.0016358655,-0.014870134,-0.0045064595,0.105324246,0.07946519,0.018353198,-0.15302615
-0.0008109648,-1.5027079e-05,0.0021295794,0.004763659,0.0073982985,-0.0009690948,-0.0146072,-0.005884028,0.095269546,0.07667152,0.03290302,-0.15910128
-0.0007398997,-3.7507285e-05,0.001967764,0.0046907864,0.008135831,-0.00031668384,-0.014115738,-0.007313352,0.08523628,0.073978186,0.045690432,-0.16356346
-0.00066690595,-4.6659632e-05,0.0018173364,0.0046148626,0.008950953,0.0003935365,-0.013599376,-0.008781441,0.07551249,0.07077703,0.05773299,-0.16722113
-0.00059058645,-4.23913e-05,0.0016869929,0.0045291125,0.009545817,0.0010195461,-0.012921634,-0.0102537945,0.06606388,0.067644335,0.06744567,-0.16903223
-0.0005062763,-3.3253105e-05,0.001551985,0.004418584,0.009996464,0.0015741287,-0.012066187,-0.0118458215,0.05591937,0.0643364,0.07612914,-0.16945878
-0.00042615685,-1.6422127e-05,0.0014407818,0.004320532,0.010480975,0.0021585769,-0.011305453,-0.01332168,0.046706505,0.0612477,0.08337249,-0.16938542
-0.00034232208,5.2022515e-06,0.0013418845,0.004218004,0.0108769005,0.0027325575,-0.010489039,-0.014822416,0.037396427,0.05847522,0.08917997,-0.16830266
-0.0002492769,3.343283e-05,0.0012492627,0.004097176,0.011150868,0.0032837074,-0.00958566,-0.016358964,0.027469644,0.05574851,0.09364516,-0.16578496
-0.00015305886,6.355843e-05,0.0011633289,0.0039648428,0.011202986,0.0037494584,-0.008566657,-0.01789606,0.017282166,0.053313028,0.09680309,-0.1622453
-6.151089e-05,8.984858e-05,0.001075636,0.0038053393,0.011086353,0.00417627,-0.0074688317,-0.019408809,0.0073370654,0.05102722,0.09826536,-0.15722027
3.3899363e-05,0.00012372484,0.0009999346,0.0036340323,0.010936375,0.0046272464,-0.006374175,-0.020865843,-0.0025122017,0.048671693,0.09818808,-0.1508888
0.00012544067,0.0001671511,0.0009430317,0.0034521082,0.010728737,0.0050750463,-0.0053832885,-0.022153582,-0.01109474,0.045855276,0.0959431,-0.1428528
0.00022756726,0.00022426416,0.0009047143,0.0032788662,0.01050981,0.005497485,-0.0044249035,-0.023399074,-0.019903231,0.043007776,0.09299263,-0.13424921
0.000331557,0.00028754093,0.0008796877,0.0030883371,0.010187519,0.005896156,-0.003529229,-0.024594229,-0.028248036,0.040084835,0.088021904,-0.12386897
0.00043472982,0.00035256837,0.00086289877,0.0028740733,0.009772727,0.0062619634,-0.0026947889,-0.025698656,-0.036031023,0.03702071,0.08109176,-0.111681744
0.0005267292,0.00041639403,0.0008532164,0.0026522025,0.009377547,0.0065529617,-0.0020489316,-0.0265299,-0.042370923,0.033578962,0.0729744,-0.098729454
0.00062391587,0.0004894718,0.00085520354,0.0024149292,0.00895795,0.0068248007,-0.001429003,-0.027244957,-0.04848831,0.029725812,0.063260734,-0.08419408
0.0007141028,0.0005543701,0.0008564192,0.0021446208,0.008293099,0.007037335,-0.00073071814,-0.027907327,-0.05412174,0.026197515,0.051105082,-0.06761367
0.00079438026,0.00061966927,0.00086282945,0.0019061731,0.007745794,0.007198358,-0.00025476018,-0.028301552,-0.058757726,0.022475693,0.04039477,-0.0528575
0.0008692112,0.0006825826,0.0008669764,0.0016549574,0.007119933,0.007326924,0.000115599374,-0.028566223,-0.06288744,0.018489879,0.029067049,-0.03753897
0.00094141637,0.00074434053,0.00085868133,0.0013733188,0.0064487783,0.0073958947,0.00035597774,-0.02866543,-0.0667641,0.01364383,0.01731326,-0.02112758
0.0010066642,0.0008134873,0.0008498569,0.0010974295,0.0057463404,0.0074024503,0.000392285,-0.028529018,-0.069586106,0.007743403,0.0061978716,-0.005101911
0.0010657146,0.00088435994,0.0008384041,0.00080180436,0.005034677,0.0074579883,0.00031878205,-0.028308073,-0.07161244,0.0011502838,-0.005728911,0.011909672
0.0011326837,0.0009717442,0.00084459,0.0005284761,0.0042482675,0.007443334,0.00018266973,-0.027950278,-0.07387444,-0.005567311,-0.017479612,0.028456315
0.0011778129,0.0010445412,0.00083667936,0.00025999037,0.0034617025,0.0073856646,-3.0152958e-05,-0.027468378,-0.0746971,-0.012350527,-0.028326567,0.043996803
0.0011900191,0.0011003027,0.00081313454,-1.9828149e-05,0.0027200447,0.007229588,-0.00047959114,-0.026690295,-0.072825834,-0.019752556,-0.03912783,0.059321653
0.0012143701,0.0011689184,0.0007995293,-0.00026004238,0.001996677,0.0070310896,-0.0008943227,-0.02598312,-0.071868956,-0.02697344,-0.047875676,0.07269163
0.0012444734,0.0012469421,0.0007883807,-0.0004901596,0.0012806131,0.0067432546,-0.0013441679,-0.025185142,-0.07101485,-0.034779858,-0.055517938,0.08545284
0.0012716481,0.0013241622,0.0007750937,-0.00070976594,0.00060027326,0.00642963,-0.0018719202,-0.024330199,-0.06973655,-0.042925637,-0.0620287,0.09727867
0.001288304,0.0014007087,0.0007466425,-0.00094284094,-8.418298e-05,0.005970721,-0.0025569862,-0.023197873,-0.067298725,-0.05240075,-0.067359775,0.108821064
0.0012982114,0.0014735409,0.0007132822,-0.0011681437,-0.0007369162,0.0054543363,-0.0032658253,-0.021962894,-0.06423599,-0.062129747,-0.07167598,0.119466536
0.0013082683,0.001545602,0.0006849869,-0.0013727897,-0.0013509543,0.0049052723,-0.0039128447,-0.020775963,-0.061246917,-0.071397625,-0.07547193,0.12921412
0.0013168404,0.001613335,0.00065980875,-0.0015471929,-0.0019429302,0.0042214077,-0.004538064,-0.01953526,-0.05825144,-0.08008611,-0.07817946,0.13738102
0.0013199399,0.0016719227,0.00062733545,-0.0017076365,-0.002492168,0.0034642126,-0.005195037,-0.018247552,-0.055132203,-0.08845833,-0.0797178,0.14427571
0.0013131764,0.0017200453,0.00057747756,-0.00186405,-0.0029900488,0.002588721,-0.00591834,-0.016834147,-0.0516318,-0.09699233,-0.07973991,0.14995915
0.0012933732,0.0017575133,0.00051600015,-0.0020170573,-0.0034646885,0.0016193475,-0.0067307325,-0.015279203,-0.047329355,-0.10557295,-0.07900158,0.154804
0.0012700472,0.0017845735,0.00044582452,-0.002152021,-0.0038321808,0.0005917416,-0.007516347,-0.013750368,-0.04325694,-0.11357713,-0.077102706,0.15826109
0.0012424162,0.001803042,0.00037537527,-0.0022663118,-0.0042116353,-0.0005310923,-0.008276873,-0.01216409,-0.03912459,-0.120824635,-0.07460653,0.16053024
0.0012023033,0.0018073554,0.00030324032,-0.0023638422,-0.0043461937,-0.0016040904,-0.009070402,-0.0106671,-0.03423772,-0.12739354,-0.07168696,0.1616808
0.0011589036,0.001786312,0.00021178837,-0.002450973,-0.004667988,-0.0027870603,-0.009715109,-0.0090594,-0.030521516,-0.13217966,-0.06761764,0.16126512
0.0011135001,0.0017551195,0.00011482542,-0.0025251964,-0.004996945,-0.004000221,-0.010334092,-0.0074255457,-0.027158154,-0.13626339,-0.06265174,0.15974104
0.0010626279,0.0017103874,8.140858e-06,-0.002581666,-0.0053503965,-0.005354206,-0.010932016,-0.005707903,-0.023988523,-0.1395383,-0.056304455,0.15655786
0.0010127997,0.0016575024,-9.3728464e-05,-0.002616479,-0.0057115,-0.006691472,-0.0114352275,-0.0041388385,-0.021265233,-0.14168982,-0.049605053,0.15236282
0.00096121186,0.0015859833,-0.000202346,-0.0026409968,-0.006105045,-0.008025266,-0.0118208155,-0.0026674904,-0.019379029,-0.14225596,-0.042404883,0.14709488
0.00090304436,0.0014934595,-0.00031939492,-0.002664368,-0.006399492,-0.009273514,-0.01211914,-0.0013534167,-0.018127926,-0.14120135,-0.03519021,0.14121667
0.00084142684,0.0013842634,-0.00044871296,-0.0026802004,-0.006680131,-0.0106324125,-0.012381456,2.0437641e-05,-0.017436115,-0.13920462,-0.026908604,0.13404545
0.00078143296,0.0012754685,-0.00056771113,-0.0026781675,-0.006932011,-0.012037414,-0.012656565,0.0014005951,-0.016959867,-0.136586,-0.01857988,0.12631316
0.00071181665,0.0011401667,-0.0006968812,-0.0026627241,-0.0071711116,-0.013482803,-0.012796741,0.0027146954,-0.017085278,-0.13190505,-0.00993721,0.11719577
0.0006431699,0.0009900667,-0.00082179083,-0.0026360895,-0.0072938893,-0.0147267645,-0.012772763,0.0037127847,-0.0183424,-0.12524788,-0.0018926777,0.107784405
0.0005641078,0.00082343706,-0.000946972,-0.0025901943,-0.007413705,-0.016063126,-0.012699905,0.004767455,-0.019495739,-0.1171226,0.006167771,0.09727007
0.00048832817,0.00065442856,-0.0010639902,-0.002533316,-0.007473115,-0.017274026,-0.012567255,0.005698436,-0.021211792,-0.10802358,0.013637019,0.08673035
0.00041273906,0.00047928502,-0.0011793253,-0.0024753322,-0.0075400504,-0.018327046,-0.0123963505,0.006481584,-0.023207823,-0.09817352,0.020673452,0.07618394
0.00033291688,0.00029103854,-0.0012975382,-0.0024123497,-0.00763108,-0.019338803,-0.012185583,0.0072507216,-0.025349632,-0.087259315,0.027746042,0.06498326
0.00025149022,8.921138e-05,-0.001419611,-0.0023481282,-0.007791388,-0.020266805,-0.011868789,0.007943508,-0.027979646,-0.07508118,0.03454474,0.053438492
0.00016757596,-0.00012139511,-0.0015386967,-0.0022720401,-0.007965773,-0.021097673,-0.011522779,0.00853293,-0.030641701,-0.06187404,0.04106376,0.041386083
8.762362e-05,-0.00033485712,-0.0016506178,-0.0021978994,-0.008182724,-0.021645533,-0.0110737,0.008892033,-0.03364223,-0.047791056,0.0463074,0.029972665
5.4993725e-06,-0.00054871803,-0.00175069,-0.002105393,-0.008439685,-0.022072561,-0.010584301,0.009150679,-0.03627538,-0.033062033,0.051014896,0.018240545
-8.691414e-05,-0.00077788415,-0.0018464606,-0.001987877,-0.008762421,-0.022475751,-0.010047763,0.009400042,-0.038411506,-0.016948555,0.055730645,0.0053151343
-0.00018453506,-0.0010121973,-0.0019351912,-0.0018619893,-0.009232819,-0.0227056,-0.009415237,0.009514679,-0.040180497,-2.149219e-05,0.05957888,-0.007525419
-0.0002724462,-0.0012113887,-0.0020000166,-0.0017511444,-0.009738175,-0.022678776,-0.008810001,0.009439347,-0.04103395,0.014798286,0.061453994,-0.01777546
-0.00037088094,-0.0014541817,-0.0020952213,-0.001630214,-0.010180458,-0.022562312,-0.008085069,0.009156147,-0.04316185,0.032301765,0.064760506,-0.030222071
-0.00047703244,-0.0016827866,-0.0021740107,-0.0015186198,-0.010743302,-0.022206724,-0.0073545827,0.008763033,-0.04360816,0.04871755,0.06636807,-0.04104967
-0.0005772698,-0.0018960618,-0.0022454122,-0.001423731,-0.011288503,-0.021686237,-0.0066267145,0.008237944,-0.043914262,0.06400663,0.06701628,-0.05029205
-0.0006773541,-0.0021104089,-0.0023212486,-0.0013331502,-0.011831862,-0.02103107,-0.0058456734,0.0076200813,-0.044415675,0.07921808,0.067844056,-0.059431583
-0.00077949,-0.0023221597,-0.0023975056,-0.0012529152,-0.012396661,-0.02020623,-0.00502402,0.006903234,-0.04452843,0.0939144,0.06825895,-0.06786576
-0.0008759648,-0.0025041727,-0.0024519346,-0.0011819658,-0.012912231,-0.019229895,-0.0042575398,0.00616715,-0.04356112,0.10655613,0.06741538,-0.07446523
-0.000988183,-0.0026902994,-0.002500005,-0.0011045168,-0.013362569,-0.018112924,-0.0034889125,0.0053274976,-0.041054484,0.11909121,0.0659964,-0.08105765
-0.0011044244,-0.0028548639,-0.0025319213,-0.0010410168,-0.013745858,-0.01691494,-0.0028300462,0.0044679204,-0.036826115,0.12966122,0.06316587,-0.08591529
-0.0012385586,-0.003024626,-0.0025638165,-0.0009866362,-0.014100033,-0.015595151,-0.0021748117,0.0035314544,-0.030760001,0.13966791,0.05955129,-0.09025461
-0.0013649839,-0.0031777734,-0.0025962053,-0.0009492396,-0.014385738,-0.014336169,-0.0016052165,0.0026308903,-0.024662636,0.14805603,0.056166098,-0.0937379
-0.0015120455,-0.00333872,-0.0026310943,-0.0009259251,-0.014595956,-0.012833861,-0.001008513,0.0016003149,-0.01641176,0.15562354,0.052056056,-0.096693456
-0.0016629233,-0.0034879071,-0.0026603986,-0.0009087286,-0.014690632,-0.011296785,-0.0004828444,0.000566453,-0.007094479,0.16187753,0.047735833,-0.0991651
-0.0018061185,-0.0036202623,-0.0026790982,-0.00089125114,-0.014910126,-0.009731722,2.3454231e-05,-0.00049202086,0.0023351875,0.16721112,0.042953,-0.1010126
-0.0019503518,-0.0037081852,-0.0026732674,-0.0008821655,-0.0147992205,-0.008081684,0.00036482545,-0.0014155288,0.014553918,0.1684783,0.03745115,-0.10093554
-0.0021001173,-0.0037921271,-0.0026558654,-0.0008799499,-0.014583902,-0.0063100536,0.00067386706,-0.0023565665,0.027813802,0.16945226,0.030467652,-0.099907495
-0.0022461847,-0.0038532664,-0.0026447445,-0.00090650364,-0.014178118,-0.0046287864,0.00087528856,-0.0031843975,0.04193539,0.16756403,0.02408642,-0.09765192
-0.0024173274,-0.003951992,-0.0026610813,-0.00095345976,-0.013968231,-0.0029921827,0.0011696097,-0.0039321645,0.056984257,0.16703469,0.017815683,-0.09609311
-0.0025592463,-0.003984533,-0.0026397198,-0.0009914675,-0.013214032,-0.0011374236,0.0012763899,-0.0049172416,0.072526276,0.16249305,0.011655319,-0.092809245
-0.0026834602,-0.003990063,-0.0026144658,-0.0010371156,-0.012339323,0.0005341372,0.0013192873,-0.005825443,0.08756603,0.15613042,0.006331289,-0.088876955
-0.002799112,-0.003975228,-0.0025862798,-0.0010917707,-0.011297467,0.0021782254,0.0013320773,-0.00676497,0.10285821,0.1480247,0.0015130293,-0.08432251
-0.0028980651,-0.0039447546,-0.0025630265,-0.0011528747,-0.010225841,0.0036045448,0.0013240384,-0.007613087,0.117015816,0.13887636,-0.0021861787,-0.07964855
-0.0029878586,-0.0038947852,-0.002541193,-0.0012251544,-0.008921379,0.004966028,0.0012780586,-0.0084495675,0.13108331,0.12800914,-0.005273581,-0.07433426
-0.0030715482,-0.0038354162,-0.0025252497,-0.0013101439,-0.0074192886,0.006225195,0.0011521582,-0.009273861,0.14466682,0.11630156,-0.007989538,-0.06850316
-0.0031535549,-0.0037649034,-0.0025100266,-0.0014107653,-0.005714563,0.00744689,0.0009756223,-0.010101443,0.1584743,0.10350526,-0.010908758,-0.061797272
-0.0032157993,-0.0036772816,-0.0024953452,-0.0015140764,-0.004030329,0.0082748635,0.0007362178,-0.010673616,0.17067221,0.09012309,-0.013045734,-0.054899886
-0.0032678535,-0.0035971766,-0.002490884,-0.00162954,-0.0024547782,0.009146048,0.0005638569,-0.01135625,0.1811798,0.077696085,-0.015347883,-0.047691606
-0.0033082976,-0.0034993473,-0.002486388,-0.0017516632,-0.0006664059,0.009763304,0.00029596288,-0.011813797,0.19089733,0.06426895,-0.01714197,-0.040090404
-0.0033308587,-0.003404548,-0.0024909647,-0.0018817794,0.0010561539,0.010302806,5.7615405e-05,-0.012234903,0.19824332,0.05184294,-0.01874898,-0.032446098
-0.0033367502,-0.0033092215,-0.002502781,-0.0020128326,0.0028775993,0.010683734,-0.00019872088,-0.0125395,0.20335871,0.040164117,-0.019693201,-0.025133135
-0.0033201901,-0.003205875,-0.002516155,-0.0021461477,0.0046412023,0.011055539,-0.00038127397,-0.012824982,0.20620313,0.028855672,-0.020301174,-0.017646972
-0.0032761325,-0.0031067026,-0.0025321317,-0.002264451,0.006448781,0.011176642,-0.00056451495,-0.012936463,0.20539014,0.019602034,-0.019909287,-0.011244648
-0.0032058046,-0.0030071167,-0.0025481996,-0.0023814214,0.008099303,0.011235312,-0.0006567151,-0.012976859,0.2015106,0.011825775,-0.019340375,-0.004970301
-0.0031210368,-0.002917703,-0.0025812243,-0.0025138173,0.009827404,0.011205466,-0.00069970405,-0.012896595,0.19503215,0.005284441,-0.018091364,0.0010487023
-0.0030121428,-0.0028249992,-0.0026117829,-0.0026417265,0.01155273,0.011193644,-0.0007507599,-0.012747005,0.18593363,-0.00011071819,-0.016720999,0.0069729555
-0.0028752105,-0.0027076944,-0.0026280312,-0.002769727,0.013313238,0.011251303,-0.00086644205,-0.012670526,0.17548089,-0.006379212,-0.015383946,0.013753287
-0.0027117867,-0.0025887673,-0.0026452248,-0.0028911105,0.015114851,0.011078079,-0.0010193031,-0.01234887,0.16205929,-0.011351294,-0.01318692,0.019855214
-0.0025400757,-0.0024734228,-0.0026669332,-0.0030256596,0.016786762,0.011018004,-0.0012043687,-0.012071175,0.1477035,-0.015739836,-0.011443684,0.026410561
-0.0023532421,-0.0023611088,-0.002680215,-0.003143702,0.01822107,0.010906461,-0.0013764689,-0.01169118,0.13160342,-0.018424075,-0.009848647,0.0323026
-0.0021537365,-0.002259999,-0.002692498,-0.0032461397,0.019452348,0.010646603,-0.0015440718,-0.0111448,0.113424085,-0.01888436,-0.00797856,0.03711527
-0.001951546,-0.0021587955,-0.0027144589,-0.0033692045,0.020527225,0.010395139,-0.0016408884,-0.01048662,0.09469363,-0.01948995,-0.006254219,0.042463977
-0.0017720333,-0.002099746,-0.0027799136,-0.0035112184,0.021368975,0.01013099,-0.0017472805,-0.009947688,0.07645677,-0.01930504,-0.003121649,0.046661522
-0.0015498999,-0.0020073832,-0.0027867786,-0.003580983,0.0220158,0.009949968,-0.0017661697,-0.009411862,0.05513195,-0.01706723,-0.0007253446,0.05002349
-0.0013148817,-0.0019068822,-0.0027945107,-0.0036568092,0.022493891,0.009782542,-0.0017330624,-0.008942849,0.032825403,-0.015228754,0.0018445979,0.053777136
-0.0010675159,-0.0018200002,-0.002808705,-0.0037222267,0.022721043,0.009500892,-0.0016319274,-0.008377494,0.008307351,-0.011417498,0.004994721,0.056499176
-0.00081822014,-0.0017192545,-0.002818522,-0.0037923525,0.02269938,0.009272858,-0.0014733362,-0.0077899843,-0.015634414,-0.008916406,0.00798424,0.0599524
-0.0005643641,-0.0016234922,-0.0028249233,-0.0038466747,0.022434771,0.009137201,-0.0012243165,-0.00718946,-0.040394977,-0.0054223053,0.0111468695,0.06285487
-0.00032884604,-0.0015170958,-0.0028280264,-0.0039096167,0.022008333,0.009036508,-0.000950396,-0.006553065,-0.062268354,-0.004197505,0.013959312,0.06660383
-0.000106163665,-0.0014300245,-0.0028412705,-0.003960284,0.021231696,0.009039504,-0.00063443946,-0.0059807366,-0.08346675,-0.0022832993,0.017553428,0.06912632
0.000114976094,-0.0013338466,-0.0028538632,-0.004015371,0.020240568,0.009030411,-0.00032305327,-0.0053247586,-0.10386684,-0.0016021319,0.021394532,0.07194237
0.0002791704,-0.0012795682,-0.0028869407,-0.004077182,0.019125363,0.00916403,2.2272441e-05,-0.0045477045,-0.11989766,-0.00051075756,0.024793824,0.07391412
0.0004382971,-0.0012139166,-0.0029075823,-0.0041190684,0.01776873,0.009247216,0.00035985766,-0.0038668364,-0.13415189,-0.0007780194,0.028726848,0.075446695
0.0006032746,-0.0011373303,-0.0029239468,-0.004155638,0.016198454,0.009311633,0.0007671727,-0.0030941325,-0.14828818,-0.0019088115,0.03314688,0.07696255
0.0007478363,-0.0010583996,-0.0029276777,-0.0041766516,0.014442334,0.009409524,0.0012246072,-0.0023321211,-0.15956706,-0.0039230874,0.037163634,0.07824681
0.0008916149,-0.00095706386,-0.0029220886,-0.0042021316,0.012620942,0.009332823,0.0016880895,-0.0013963234,-0.16947265,-0.0079649,0.041044407,0.08033237
0.001002962,-0.000874571,-0.0029194644,-0.004216093,0.010731844,0.009276719,0.0021425795,-0.00056894,-0.1763649,-0.011978041,0.04488347,0.081435524
0.0011013481,-0.0007865677,-0.002912653,-0.0042285062,0.008793354,0.009153707,0.0026115524,0.00028793374,-0.18130289,-0.017210608,0.048741017,0.08253683
0.0011760312,-0.0006966979,-0.0028978148,-0.004235374,0.007002966,0.009054936,0.003078449,0.0010348102,-0.18347764,-0.023377659,0.052040156,0.08375927
0.0012396638,-0.0006048734,-0.0028774918,-0.004233582,0.0049797026,0.008906043,0.0036149432,0.0018241471,-0.18403216,-0.030164963,0.055387285,0.084664404
0.00127861,-0.0005157668,-0.0028563787,-0.0042350967,0.0030441894,0.008617255,0.0041175056,0.0026628415,-0.18205051,-0.037795164,0.058228303,0.08572697
0.0013021415,-0.0004295656,-0.002830969,-0.0042308266,0.0010817836,0.008230757,0.0046767443,0.0035691827,-0.17860655,-0.04553787,0.06064816,0.08671776
0.0013013583,-0.00036315675,-0.0028098603,-0.0042237635,-0.00058861857,0.007923283,0.005215627,0.004310662,-0.17381056,-0.052346148,0.062473807,0.087432034
0.0012822819,-0.0002927151,-0.0027642604,-0.004193165,-0.00212785,0.0074870866,0.005727265,0.005116564,-0.16677162,-0.059085924,0.062789954,0.08835298
0.0012313615,-0.00021659976,-0.0026969225,-0.0041376147,-0.0037051325,0.0069439826,0.006327524,0.0059601283,-0.15582886,-0.06680976,0.062120523,0.08910678
0.0011826204,-0.0001580143,-0.0026429463,-0.004090048,-0.0051598414,0.0065154345,0.007063905,0.0069140885,-0.14630447,-0.07300218,0.06157497,0.08940985
0.001112323,-9.9841076e-05,-0.0025713202,-0.0040216385,-0.006565106,0.005766412,0.0076219956,0.007862824,-0.13448638,-0.07909442,0.060080923,0.089425236
0.0010351033,-5.679421e-05,-0.0025024796,-0.0039470685,-0.007917337,0.0049440353,0.008192986,0.008831404,-0.12274223,-0.083946764,0.058456004,0.08883801
0.00095864385,-4.0967934e-06,-0.0024078954,-0.0038485015,-0.009290718,0.003975622,0.008786191,0.009864672,-0.11032046,-0.088565946,0.055823013,0.08826418
0.00086580537,3.5680085e-05,-0.002303717,-0.0037384983,-0.010364351,0.003007809,0.0093112085,0.010791041,-0.09689154,-0.09202231,0.052050214,0.08756758
0.00076606637,7.027828e-05,-0.0021960943,-0.0036333152,-0.01116187,0.002026265,0.009773245,0.011622891,-0.08307029,-0.09509186,0.047301807,0.087381445
0.0006627712,9.9277786e-05,-0.0020882732,-0.0035302436,-0.011935059,0.0012151501,0.010438218,0.012518229,-0.06909301,-0.09781394,0.04217503,0.08726336
0.0005456782,0.00012237308,-0.0019594168,-0.0033941255,-0.012550687,0.0002056936,0.010831591,0.013242405,-0.053866144,-0.099561416,0.036355164,0.08641842
0.000422037,0.00012897231,-0.00183759,-0.0032610032,-0.013050025,-0.0008691417,0.011165517,0.01394284,-0.03883862,-0.10001774,0.030128345,0.08534186
0.00030876583,0.00014473764,-0.001700895,-0.0031147865,-0.013335498,-0.0018017711,0.0115530295,0.014726087,-0.02449357,-0.10021029,0.02371412,0.08425374
0.00018776047,0.00012827099,-0.0015761391,-0.0029604854,-0.013469906,-0.0029352729,0.011664382,0.015427422,-0.011245567,-0.09769085,0.017246189,0.08207213
5.8446793e-05,9.509794e-05,-0.0014570922,-0.0028012043,-0.013493865,-0.0040992284,0.011717352,0.016175374,0.0019677198,-0.093936406,0.010688457,0.07930004
-0.000101720674,7.172217e-06,-0.0013866314,-0.0026958152,-0.013405838,-0.0051898584,0.011761172,0.016983746,0.015522139,-0.08829206,0.0033905036,0.076877184
-0.00023508006,-5.831864e-05,-0.0012845037,-0.002535365,-0.013197319,-0.006215873,0.0116837025,0.017727217,0.027164804,-0.08169764,-0.0032146778,0.0731449
-0.00037620188,-0.00013707063,-0.0011803573,-0.0023620655,-0.012820074,-0.007175307,0.0115430895,0.018474175,0.03893466,-0.07388658,-0.010057018,0.068798065
-0.00054121757,-0.0002644599,-0.0011224732,-0.0022419477,-0.012268164,-0.007936845,0.0113852,0.01924658,0.050601702,-0.06458864,-0.01735181,0.06490051
-0.00067064835,-0.0003588725,-0.0010272854,-0.0020647142,-0.011565131,-0.00864595,0.011113599,0.019907467,0.05997475,-0.05477358,-0.023924097,0.059908293
-0.000785854,-0.00045551383,-0.00093825004,-0.0018902544,-0.010846061,-0.00919045,0.010820711,0.02049418,0.06759857,-0.044313967,-0.029953185,0.05463654
-0.00089971576,-0.0005517295,-0.00082647987,-0.0016799371,-0.010013431,-0.009702851,0.010453556,0.021157863,0.07515377,-0.032580096,-0.036412656,0.04837616
-0.0009922474,-0.00064522837,-0.00071639754,-0.0014686438,-0.009049312,-0.010067376,0.00999046,0.02177671,0.08032808,-0.0201014,-0.042239945,0.04181239
-0.001066669,-0.0007418714,-0.0006116101,-0.0012533881,-0.00806093,-0.010262555,0.009437361,0.022310201,0.08321028,-0.0066334098,-0.04710695,0.034525268
-0.001141476,-0.00084086624,-0.0005122696,-0.0010364198,-0.006990754,-0.01026126,0.008841479,0.022742452,0.08594497,0.0068312194,-0.051360663,0.026849872
-0.0011859058,-0.00092764327,-0.0004258306,-0.0008291418,-0.0060153333,-0.0100925425,0.008167846,0.023117712,0.08579553,0.019826885,-0.053780686,0.018862067
-0.001229133,-0.0010101732,-0.0003329732,-0.00060660776,-0.0049404483,-0.009803772,0.007472962,0.023399496,0.085812,0.03278707,-0.055933412,0.0104841525
-0.0012597177,-0.0010851806,-0.00024110386,-0.00037822142,-0.0039035461,-0.009429651,0.0067654825,0.023588084,0.08494512,0.045377664,-0.057146482,0.0017801523
-0.0012875856,-0.0011600471,-0.00015978592,-0.00015885994,-0.0028960493,-0.009025762,0.0060883677,0.023664339,0.08391496,0.057306286,-0.05769403,-0.006908294
-0.001308759,-0.0012416026,-8.767472e-05,7.166734e-05,-0.0018933582,-0.008516797,0.0053876317,0.023650952,0.08178312,0.069684364,-0.056757983,-0.016790308
-0.0013191315,-0.0013281576,-2.2276421e-05,0.00031801156,-0.00086864835,-0.007850985,0.0046264417,0.023541655,0.078081094,0.08278882,-0.054268252,-0.027980626
-0.0013306126,-0.0014069412,3.2392592e-05,0.00055368844,-4.557464e-05,-0.006995311,0.0040390696,0.023197943,0.07499294,0.09423461,-0.05089228,-0.038922876
-0.0013302484,-0.0015040573,4.0426457e-05,0.0007571799,0.00078883325,-0.0059133847,0.0035520752,0.022888739,0.069569744,0.10557501,-0.04496548,-0.05068375
-0.0012994214,-0.0015657723,7.5090764e-05,0.001001902,0.0013610278,-0.0047060633,0.003029343,0.022211501,0.06262204,0.116116114,-0.03778569,-0.06306902
-0.0012874242,-0.0016060488,0.00012712162,0.0012580534,0.0019505663,-0.0033351062,0.002676229,0.021311862,0.059188396,0.124062434,-0.030997563,-0.07482055
-0.0012688966,-0.0016422991,0.00016427184,0.0014977999,0.002531369,-0.0019721456,0.0023416649,0.020343618,0.055129513,0.13109826,-0.02327832,-0.08644148
-0.0012346944,-0.0016566151,0.00020541926,0.0017316372,0.0031156382,-0.00053402316,0.002076422,0.019255437,0.05048407,0.13667172,-0.015169767,-0.097374685
-0.0011873721,-0.0016452802,0.00024595717,0.0019381794,0.0036795207,0.0009027773,0.0019248287,0.018161181,0.045726337,0.14000796,-0.0072908346,-0.10666265
-0.0011322964,-0.0016131882,0.00027834313,0.0021195041,0.0040055397,0.0023708756,0.0019292469,0.016937083,0.0412612,0.14058378,0.0015539544,-0.11497908
-0.0010888535,-0.0015899264,0.00029984378,0.0022888775,0.0044050305,0.0038798454,0.0019938217,0.015579274,0.03758498,0.14091143,0.010477053,-0.12329143
-0.0010408808,-0.0015461541,0.00031912368,0.0024392053,0.0046738447,0.005391311,0.0021901461,0.01410915,0.034590825,0.13876581,0.019868342,-0.13059695
-0.0010001062,-0.001487732,0.00035290007,0.0025770818,0.005101332,0.006728757,0.0024288972,0.012694575,0.033288654,0.13553835,0.027530817,-0.1363194
-0.0009499739,-0.0014152612,0.0003822489,0.0026994052,0.005423164,0.008057494,0.0027889716,0.011211293,0.03168439,0.13085255,0.0358346,-0.1414738
-0.0008821314,-0.0013191326,0.00042193674,0.0028176,0.0056914766,0.009360533,0.003261735,0.0096626,0.029437786,0.1250393,0.044172205,-0.14582321
-0.0008066311,-0.0012036073,0.0004755975,0.0029310163,0.005915699,0.010545305,0.0037982794,0.008101448,0.027496066,0.118375994,0.051627547,-0.14908928
-0.000712181,-0.0010677646,0.0005517877,0.0030601143,0.0061353114,0.011810741,0.0044884547,0.006636028,0.024565764,0.111897565,0.058580887,-0.15199609
-0.00064510957,-0.00092814106,0.0006193908,0.0031392328,0.0062961592,0.012800551,0.0050968276,0.005075153,0.025059925,0.10321535,0.0636667,-0.15260334
-0.0005737324,-0.0007867456,0.00068264204,0.0031982523,0.0064656767,0.013675757,0.0057583335,0.0035157686,0.025064528,0.09437664,0.0679361,-0.15210322
-0.00050360773,-0.0006426747,0.0007450383,0.003232395,0.006692191,0.014504674,0.0064739464,0.001933042,0.02521647,0.085302524,0.07047513,-0.14987533
-0.00042898997,-0.00048625463,0.0008186024,0.003252678,0.0069605275,0.01518803,0.0071869553,0.00041973928,0.025516659,0.0758232,0.07140811,-0.1461794
-0.00036480825,-0.00033730728,0.00090078625,0.0032772138,0.007184382,0.01585078,0.007992641,-0.0009890405,0.026849868,0.06696876,0.07097737,-0.14212328
-0.0002766564,-0.00017487485,0.0009818331,0.0032726028,0.007506743,0.01649297,0.008624538,-0.0023171422,0.02584082,0.058059048,0.06957447,-0.13633542
-0.0001677053,3.3217035e-05,0.0010920471,0.0032590018,0.007726851,0.01700343,0.009272915,-0.0036446762,0.025115669,0.046715204,0.0664164,-0.12800401
-5.274525e-05,0.00023811086,0.0011986082,0.003219374,0.008024261,0.017363265,0.009760194,-0.004795243,0.023338955,0.035873603,0.062154096,-0.11850002
6.1638515e-05,0.00044933532,0.0013079722,0.0031649503,0.008336061,0.017705584,0.01023213,-0.0059426,0.021854373,0.024471361,0.057195123,-0.10804452
0.00015734673,0.0006463798,0.0014243388,0.003106279,0.008585703,0.017829254,0.010638013,-0.0069196904,0.02171231,0.014084996,0.050419454,-0.09702042
0.00026251972,0.00085372204,0.0015452008,0.0030375507,0.008847817,0.017926635,0.010993763,-0.00784625,0.020974666,0.0032703986,0.04332949,-0.085213214
0.00036327282,0.0010460301,0.0016644798,0.0029674256,0.009123454,0.01791565,0.011230178,-0.008597248,0.019956525,-0.006130514,0.0357257,-0.073591076
0.00048068524,0.0012541099,0.001795181,0.0028910055,0.009429058,0.017872572,0.01139447,-0.009276923,0.017923044,-0.015888987,0.027525539,-0.061027423
0.0005868304,0.001452568,0.0019262242,0.0027993056,0.009685093,0.01769094,0.011496543,-0.009797612,0.016586004,-0.025031423,0.01771201,-0.0475282
0.00070535584,0.0016574168,0.0020615065,0.0026981207,0.009981147,0.017492335,0.011520028,-0.01022906,0.014138469,-0.033980448,0.0072842166,-0.033267725
0.0008135046,0.001834695,0.0021799777,0.002593976,0.010206875,0.01720426,0.01147555,-0.010468345,0.011377745,-0.041273218,-0.0028098184,-0.019853039
0.0009023257,0.0019958375,0.0023100239,0.0024979655,0.010492902,0.016789544,0.011274412,-0.0105298925,0.009961622,-0.047133908,-0.014692521,-0.0062903315
0.0010189492,0.00217519,0.0024347112,0.0023845606,0.010737412,0.016362296,0.011089669,-0.010542811,0.006424374,-0.053848103,-0.025703706,0.00799854
0.001133628,0.0023527425,0.0025693276,0.00227022,0.011015842,0.015801758,0.010803168,-0.0103814015,0.0030214023,-0.059860263,-0.037995037,0.02288858
0.0012476542,0.0025188823,0.0026865727,0.0022020526,0.010965475,0.015249261,0.010533007,-0.010206898,-0.0009475552,-0.06553243,-0.0461146,0.033869043
0.0013637675,0.002682078,0.0028115124,0.0020896266,0.011164716,0.014559656,0.010072066,-0.0098532215,-0.005399678,-0.07029146,-0.05766603,0.04791891
0.0014602127,0.0028151246,0.0029280565,0.0019935584,0.011334537,0.013815417,0.009428291,-0.009360014,-0.009333941,-0.073180795,-0.06885473,0.060311195
0.001565438,0.0029491626,0.003042523,0.0018921527,0.011413912,0.012950584,0.008680266,-0.008714158,-0.014285277,-0.07580001,-0.07994029,0.07284772
0.0016640398,0.003058732,0.003129755,0.0018057695,0.011331848,0.012155548,0.007880451,-0.008016082,-0.019888546,-0.07765972,-0.08817771,0.08276552
0.0017757155,0.00318634,0.0032291643,0.0017115376,0.0111571,0.011191847,0.0070028286,-0.007148212,-0.025959304,-0.08020577,-0.097187825,0.093865946
0.0018748977,0.0032821014,0.0032906749,0.0016393041,0.010842389,0.010336499,0.0061789607,-0.0062711556,-0.032334626,-0.08210262,-0.10224463,0.10137221
0.0019864386,0.0033811743,0.0033519845,0.0015616984,0.010467902,0.009345507,0.0051687816,-0.0051929364,-0.039996363,-0.083712555,-0.10724276,0.10906515
0.0020777315,0.0034535185,0.0033861736,0.0015045728,0.010059385,0.008507799,0.0042671645,-0.0041937116,-0.046727818,-0.08504274,-0.10955918,0.113940075
0.0022011187,0.0035539663,0.0034238242,0.0014343901,0.009512427,0.007495173,0.00323698,-0.002988819,-0.055576794,-0.08779819,-0.11116255,0.11969422
0.0022907753,0.0036144732,0.0034373219,0.0013883865,0.008906103,0.006499059,0.0022119116,-0.0017353357,-0.06268081,-0.08918333,-0.11098077,0.12243696
0.0023748474,0.003668136,0.0034410197,0.0013587367,0.008236434,0.0055496315,0.0012530417,-0.0004960579,-0.0694029,-0.090658724,-0.10915824,0.12361284
0.002474442,0.0037349993,0.0034485583,0.0013360819,0.0073401043,0.004462912,0.00024879148,0.00089195743,-0.07711234,-0.09255144,-0.10652596,0.124618985
0.0025496404,0.0037804693,0.0034439,0.0013366488,0.0064632446,0.0035536797,-0.00061059097,0.0021429418,-0.083010316,-0.09407722,-0.102451794,0.1235588
0.0026286608,0.003835483,0.0034450423,0.001360473,0.0052390136,0.0024318052,-0.0014066804,0.0034654795,-0.08856286,-0.0961769,-0.09704254,0.12142092
0.002694674,0.003874033,0.00343354,0.0013979572,0.0040625995,0.0014177201,-0.0021930619,0.004741503,-0.09344498,-0.09787147,-0.09028642,0.117764615
0.0027314548,0.0039015047,0.0034251367,0.0014786754,0.0026621514,0.00029630994,-0.0027122956,0.005759838,-0.095344536,-0.09976796,-0.08198553,0.111864485
0.0027685545,0.0039022483,0.0033857904,0.0015500116,0.0016258563,-0.00056477723,-0.0033668356,0.0068092095,-0.09902114,-0.10031883,-0.07209728,0.10475173
0.0027943805,0.003901263,0.0033587082,0.0015986509,0.0006400905,-0.001558667,-0.0040257475,0.007862458,-0.101372235,-0.100682445,-0.06531945,0.0997734
0.0028083853,0.0038855383,0.003323782,0.0016540379,-0.0002550731,-0.0024810955,-0.004631486,0.008790265,-0.1032331,-0.10044453,-0.05823628,0.094009474
0.0027843863,0.0038523178,0.0033152471,0.0017242006,-0.001197942,-0.0035822697,-0.0051577967,0.009599312,-0.101723984,-0.0987057,-0.05461356,0.08891198
0.0027708407,0.0038112667,0.0032747644,0.001788242,-0.0020634208,-0.0045330795,-0.005638516,0.010411039,-0.102079794,-0.09713862,-0.048335865,0.0824303
0.0027493637,0.0037585187,0.0032208932,0.0018705233,-0.003021084,-0.0054626227,-0.005931862,0.011085341,-0.10225351,-0.09528683,-0.040276702,0.07415032
0.0027135643,0.0036970768,0.0031700567,0.0019550368,-0.004007709,-0.0064722933,-0.0061803963,0.0117467465,-0.10137775,-0.09292005,-0.03315631,0.06598475
0.0026775738,0.0036343427,0.00311406,0.0020397794,-0.00488462,-0.007334373,-0.0063670953,0.012324054,-0.100718126,-0.09066772,-0.025336025,0.057420082
0.0026296505,0.0035532173,0.003040528,0.0021259359,-0.0058589955,-0.008179845,-0.0063111396,0.012634298,-0.09942861,-0.08799473,-0.016751865,0.047903366
0.0025816015,0.0034740723,0.0029731893,0.0022025304,-0.0066971276,-0.008966092,-0.006281432,0.012907502,-0.098066986,-0.08514306,-0.009234147,0.03928681
0.0025327085,0.0033892123,0.002901008,0.002286689,-0.007527548,-0.009782656,-0.0062102247,0.013168953,-0.096827134,-0.08196599,-0.0011455225,0.029970791
0.0024554757,0.0032723912,0.0028158787,0.002387225,-0.008495884,-0.010654207,-0.0059313397,0.013166554,-0.093797386,-0.077513516,0.0072080325,0.019125879
0.002360149,0.003143494,0.0027393505,0.0024988842,-0.009408345,-0.011548908,-0.0056980746,0.013166964,-0.089458786,-0.0721952,0.014605367,0.008077405
0.0022743838,0.0030252996,0.0026621304,0.0025796376,-0.010290281,-0.01222315,-0.005199621,0.012848999,-0.08559633,-0.067473814,0.0206104,-0.0010295059
0.0021659476,0.0028901044,0.0025977872,0.0026963726,-0.011082695,-0.012932229,-0.004819204,0.012596063,-0.08022391,-0.06137617,0.026550837,-0.011621899
0.0020578199,0.0027574296,0.0025287727,0.0027833555,-0.011873151,-0.013477726,-0.004214714,0.012093111,-0.07476004,-0.055654444,0.031177089,-0.020586742
0.0019345043,0.002612144,0.0024623529,0.0028810815,-0.012585411,-0.014003193,-0.003727029,0.011680766,-0.06845281,-0.04917927,0.03561569,-0.030148739
0.0017910465,0.002449649,0.0024061156,0.002992993,-0.013195054,-0.014461109,-0.0032985888,0.011187313,-0.060869567,-0.04133123,0.038809918,-0.039974835
0.0016330406,0.0022788492,0.0023502717,0.0031039144,-0.013876575,-0.014891028,-0.0027427026,0.010595788,-0.052131362,-0.033228196,0.041361287,-0.049682632
0.0014824531,0.002115337,0.0023002261,0.0031918688,-0.014392671,-0.015121988,-0.0021442908,0.009853831,-0.043864843,-0.025122281,0.042214945,-0.05762217
0.0013155779,0.0019379116,0.0022597685,0.003300988,-0.01487295,-0.015307138,-0.0015352309,0.009046629,-0.034595605,-0.01577408,0.042411536,-0.06622847
0.0011597542,0.0017592167,0.002211852,0.0033941644,-0.015170161,-0.015369757,-0.0011187933,0.00830332,-0.0268405,-0.006212369,0.042526785,-0.07438771
0.001000241,0.0015867902,0.002177583,0.0034580303,-0.015386369,-0.015296727,-0.0005800193,0.007331549,-0.018285735,0.0034350303,0.03949115,-0.079877645
0.0008575586,0.0014438748,0.0021636162,0.003494421,-0.015582066,-0.015175692,-7.525354e-05,0.0064031547,-0.0099885585,0.011832141,0.034113538,-0.08248939
0.00071736594,0.0012677646,0.0021162252,0.0035762622,-0.015597396,-0.014993794,0.00021994696,0.005572522,-0.0042479457,0.022125863,0.033511292,-0.089888
0.00058143295,0.0011047244,0.002090527,0.003642084,-0.015491801,-0.01466651,0.00049506646,0.0046699727,0.001773237,0.03250887,0.030022213,-0.09487678
0.00041150852,0.00090183446,0.002059068,0.0037231552,-0.015135715,-0.01427338,0.00048256735,0.0036796795,0.009139087,0.045171183,0.02593673,-0.10113227
0.00026232368,0.000711363,0.002011335,0.003784448,-0.014802852,-0.013786145,0.0005749481,0.0025932677,0.014866283,0.056651417,0.023262514,-0.107172295
6.965561e-05,0.0004996543,0.0019771468,0.0038269595,-0.014498923,-0.0132591985,0.0007735922,0.0012783303,0.02445371,0.06912747,0.016465869,-0.111074194
8.409454e-06,0.0004439205,0.002077687,0.003981204,-0.014324761,-0.01272924,0.0010998568,-9.99833e-06,0.027678221,0.07883022,0.009271474,-0.11319989
-0.00012622632,0.00030234767,0.002058063,0.003980802,-0.013897413,-0.012049729,0.001129453,-0.0011694564,0.034629174,0.08703199,0.0024324763,-0.113635294
-0.00025356864,0.00017464618,0.0020496722,0.00399347,-0.01347447,-0.011282074,0.0013178969,-0.0024972516,0.041761845,0.09429834,-0.0038452018,-0.11438575
-0.00042323614,2.608645e-05,0.0020532438,0.0039712917,-0.012813866,-0.010244229,0.0014010567,-0.004226517,0.052596305,0.10259362,-0.015120348,-0.11203018
-0.00053494057,-6.202839e-05,0.0020490892,0.00392088,-0.01219327,-0.0093990145,0.0011247117,-0.005222204,0.060248684,0.10604953,-0.022920124,-0.108861044
-0.0006520985,-0.0001464691,0.0020440656,0.003870785,-0.011499677,-0.008363148,0.0009404065,-0.0064399466,0.0686609,0.10856367,-0.030415352,-0.105649844
-0.00076140143,-0.00022546435,0.0020264557,0.0037953104,-0.010776238,-0.007354315,0.0006282033,-0.007522502,0.076545835,0.10990797,-0.0374122,-0.10176705
-0.0008853008,-0.00030084155,0.0020299153,0.0036565366,-0.009774845,-0.006059788,-3.4227778e-06,-0.008720286,0.08675183,0.11103151,-0.050538454,-0.09254754
-0.0009759706,-0.00035872115,0.0020164896,0.0035537977,-0.008880892,-0.005045045,-0.0006932006,-0.00945609,0.0940935,0.110752486,-0.058043245,-0.087015696
-0.001056837,-0.00040159962,0.001998275,0.0034245194,-0.007835693,-0.003988077,-0.0015777763,-0.010038976,0.10131882,0.108759426,-0.06547382,-0.080310464
-0.0011263816,-0.00045005674,0.00196049,0.0032883321,-0.0070498786,-0.002969659,-0.0019195073,-0.010836698,0.107154,0.107129045,-0.07188468,-0.074119136
-0.0012067104,-0.00048382184,0.0019305494,0.0031295049,-0.0058015203,-0.0018908721,-0.0030159333,-0.011252865,0.11494877,0.10325312,-0.079141185,-0.06635222
-0.0012704892,-0.00051922444,0.0018991686,0.0030357249,-0.0049499166,-0.0011256114,-0.0036407926,-0.0115663055,0.12055378,0.101029724,-0.08278667,-0.062545024
-0.0013266704,-0.00055475516,0.0018378878,0.0029201556,-0.0040133023,-0.00041457452,-0.004417224,-0.011806145,0.12540148,0.097257495,-0.08417341,-0.059251934
-0.0013819785,-0.0005796595,0.0017647448,0.0027412977,-0.002633052,0.00063318096,-0.0055189156,-0.012130978,0.13092121,0.09105347,-0.086939864,-0.052983653
-0.0014173433,-0.0006088474,0.0016885324,0.0026195631,-0.0015294256,0.001439917,-0.0062081474,-0.0124659315,0.13388775,0.08669672,-0.08650431,-0.050319135
-0.0013374188,-0.000503462,0.0017736211,0.0026567283,-0.000109090375,0.0029670487,-0.006792569,-0.013790156,0.13055404,0.082862034,-0.08861136,-0.046428587
-0.0013425101,-0.0005082824,0.001669003,0.0024865705,0.0010890617,0.0038681843,-0.007342136,-0.014220805,0.13124439,0.07594402,-0.08659616,-0.042324916
-0.0013558022,-0.00051801966,0.0015534528,0.0022799294,0.001999835,0.004561744,-0.0076273275,-0.014641738,0.13243978,0.068732895,-0.0861446,-0.036372725
-0.0013487411,-0.0004987729,0.0014415199,0.0020833327,0.0034928813,0.005469823,-0.008261551,-0.015017602,0.13275148,0.05923044,-0.08321048,-0.031209102
-0.0013336573,-0.0004918748,0.0013135761,0.0019209702,0.0046738903,0.0057908525,-0.00871062,-0.015088088,0.13080478,0.051578544,-0.0772429,-0.0290321
-0.0011933745,-0.00026225523,0.0014538299,0.0019780118,0.006159927,0.0064962003,-0.009919587,-0.015855728,0.12747973,0.040152162,-0.07727957,-0.02323461
-0.0011997018,-0.0002686672,0.0013888924,0.001907086,0.0067670033,0.0067667086,-0.010164917,-0.016086627,0.12794147,0.036213208,-0.07392745,-0.022874685
-0.0010792913,-0.00014384525,0.0014037319,0.0018793154,0.0076771085,0.0069249608,-0.0107729,-0.01607376,0.12120547,0.028526202,-0.06840518,-0.021373965
-0.00091034494,5.3050564e-05,0.0015145072,0.0019623986,0.008533658,0.006755771,-0.0116963,-0.01594457,0.11202765,0.02221341,-0.06446571,-0.020711178
-0.0006907819,0.0004592892,0.0017359017,0.0020410195,0.011469542,0.0077703483,-0.013236301,-0.01697075,0.10948115,-0.00072931254,-0.062011726,-0.0115981195
-0.00062686234,0.00054899004,0.001711172,0.0018905861,0.012260771,0.0080764955,-0.013830275,-0.016853476,0.10746522,-0.009917952,-0.06198818,-0.004358989
-0.00054701394,0.00062440743,0.0016700292,0.0017788062,0.0127781555,0.008299729,-0.0142617915,-0.016857918,0.102541395,-0.017054753,-0.058498368,-0.0005355249
-0.0004153841,0.0006860743,0.0014952132,0.0016383455,0.013688612,0.008013379,-0.01456784,-0.01672339,0.09033992,-0.02691668,-0.042757966,-0.002161323
-0.0003257453,0.0007743456,0.0014480543,0.0014400579,0.014291739,0.0081885485,-0.01513522,-0.016394872,0.0851601,-0.035841417,-0.043218575,0.0069725597
-0.00016373985,0.00081540877,0.0011890007,0.0012337073,0.015158783,0.007552838,-0.015238251,-0.01607237,0.06791225,-0.046013977,-0.02300128,0.00425345
-0.00019193465,0.000731202,0.0010817092,0.0011777905,0.015247187,0.0077301543,-0.014970571,-0.01657695,0.06615194,-0.04381558,-0.020189973,0.0024746687
-8.167704e-05,0.0008890388,0.0010798291,0.0010022108,0.01631574,0.0077454676,-0.016158227,-0.015408377,0.06227475,-0.056477956,-0.02009212,0.012315624
0.00030214767,0.0012826254,0.0011913964,0.0009566182,0.017438913,0.0072861183,-0.017262701,-0.014230314,0.03987374,-0.07460725,-0.008920164,0.01916948
0.0006254644,0.0014067561,0.00079725933,0.00062499475,0.018268688,0.005410248,-0.017262192,-0.013252411,0.007999106,-0.0919111,0.025699086,0.014971199
0.001280712,0.0018565359,0.0005852048,0.00013143163,0.01899556,0.003634263,-0.017479626,-0.011856729,-0.043170135,-0.11934563,0.05281035,0.029152777
0.0010981903,0.001783949,0.0006024093,9.743973e-05,0.020452786,0.0043188813,-0.018298233,-0.012265076,-0.026521366,-0.12104139,0.04487432,0.03198081
0.0015478235,0.0018810907,0.0003149298,2.96457e-05,0.01789483,0.0006709474,-0.015813742,-0.012624284,-0.07429272,-0.11967144,0.07937111,0.018726327
