x1,x2,x3,x4,v1,v2,v3,v4,a1,a2,a3,a4
0.0,0.0,0.0,0.01,0.0,0.0,0.0,0.0,0.0,0.0,0.1,-0.1
1.5751772429471947e-11,7.444102335198687e-09,4.977600779791914e-06,0.00999501494398519,3.1503544858943895e-09,1.4888204670397376e-06,0.0009955201559583827,-0.0009970112029619727,6.300708971788779e-07,0.0002977640934079475,0.09910403119167654,-0.09940224059239453
1.3454778997601853e-10,4.7016364154966047e-08,1.9858372333021933e-05,0.009980094515084643,2.0608849023414926e-08,6.425631896913734e-06,0.0019806341546876214,-0.0019870745771474047,2.861628010325229e-06,0.0006895981925668518,0.09791876855417114,-0.09861043424469187
5.975039555841053e-10,1.5782182523273773e-07,4.4523930755531804e-05,0.009955317814630105,7.198238409820242e-08,1.5735460318640604e-05,0.0029524775298143528,-0.0029682655137603514,7.413079004632271e-06,0.001172367491778522,0.09644990647117513,-0.09762775307789748
1.879424403019865e-09,3.8804834744193915e-07,7.882755222483937e-05,0.009920783020174451,1.844017053889495e-07,3.0309844123199678e-05,0.003908246764047159,-0.003938693377370309,1.5070785253517144e-05,0.0017425092691332926,0.0947039403753861,-0.09645781964409397
4.767258145553178e-09,7.946108099038851e-07,0.00012259482188714142,0.009876607023566181,3.9316504311771316e-07,5.10026483691895e-05,0.004845207168413253,-0.004896505944283757,2.6681882292235583e-05,0.0023960515800646722,0.0926881404978327,-0.09510469373859573
1.044462309048494e-08,1.442754418357626e-06,0.00017562436016978124,0.009822925025327289,7.423079458686395e-07,7.862607332155868e-05,0.005760700488114712,-0.005839893703494735,4.314669825794968e-05,0.0031286334104091646,0.09041052344245915,-0.09357285810359997
2.058164034923979e-08,2.405619141806958e-06,0.00023768862367934122,0.009759890086762875,1.2850955058823308e-06,0.00011394687136830772,0.0066521522137972825,-0.006767094009388003,6.541081374478855e-05,0.0039355261989406426,0.08787982169405495,-0.09186720307505356
3.7429285949450975e-08,3.763767426340853e-06,0.0003085347776389953,0.00968767264133653,2.0844336141599063e-06,0.00015768278553847132,0.007517078578133536,-0.007676395075880906,9.445680791072655e-05,0.0048116566350920745,0.08510545117319579,-0.08999301022352693
6.391743571063342e-08,5.6046774634455164e-06,0.0003878856366235891,0.009606459966945933,3.2131963380765833e-06,0.0002104992218824614,0.008353093218785223,-0.008566139802238661,0.00013129573687260882,0.005751630633705942,0.08209747695714176,-0.0879559350480241
1.0375575229854335e-07,8.022204407742254e-06,0.0004754406701676298,0.009516455620827877,4.7544669795054006e-06,0.0002730061669768861,0.00915791349002292,-0.009434729421372443,0.0001769583914131547,0.006749758385178995,0.07886657729039748,-0.08576198877873223
1.6153654142384968e-07,1.1116012046548031e-05,0.0005708770696504435,0.009417878838910923,6.801690845555865e-06,0.0003457553607842693,0.009929366406539821,-0.01028062696201842,0.00023248638179693818,0.007800080376297646,0.07542400601298282,-0.08341751935046313
2.428386868755727e-07,1.4990977520658137e-05,0.0006738508727046272,0.009310963901516782,9.458738244788736e-06,0.00042923773403775176,0.010665394204296921,-0.011102360516809802,0.0002989230980496362,0.008896394274398839,0.07178155353843707,-0.08092919160781323
3.543317616345966e-07,1.975657178202702e-05,0.0007839981412489768,0.009195959467388286,1.2839876707016051e-05,0.000523881118236025,0.011364059504572982,-0.01189852630888929,0.0003773045943958269,0.010032282565255818,0.06795150651677495,-0.07830396680808446
5.038794047315358e-07,2.5526218549350166e-05,0.0009009361891156494,0.009073127878092065,1.7069651912371777e-05,0.0006300482352286038,0.012023550068761556,-0.012667791550355016,0.0004686504466753185,0.011201140833259932,0.06394660632093985,-0.07554908148506081
7.006410508088323e-07,3.241663458674488e-05,0.0010242648551237257,0.008942744434907812,2.228267730308754e-05,0.0007480349722503396,0.012642183132853703,-0.013408897086495527,0.0005739546314678343,0.012396206571087226,0.05978000649748949,-0.07267202574304152
9.551711015102178e-07,4.054715418365194e-05,0.0011535678173478076,0.008805096650373103,2.8623332837189552e-05,0.0008780689471310718,0.013218409311962668,-0.014120659820446307,0.0006941764753525677,0.013610588405059215,0.05546522932430353,-0.06968052104711456
1.2795146348213227e-06,5.003904075563584e-05,0.0012884139442410378,0.008660483476702972,3.6245373825031425e-05,0.0010203083672657078,0.013750816066683368,-0.014801974913579775,0.0008302317222158069,0.014837295621868002,0.051016121619836485,-0.06658249757957899
1.6872987602720188e-06,6.101478851589508e-05,0.0014283586781970977,0.00850921451334691,4.5311451265107795e-05,0.00117484118478614,0.014238130724528612,-0.015451817757632798,0.000982983765799467,0.016069267882218435,0.04644680994921224,-0.06338607123102571
2.1938187444121343e-06,7.359741718599275e-05,0.0015729454470754414,0.008351609195982367,5.5992545562915314e-05,0.0013416845492333948,0.014679223051140135,-0.01606924571527571,0.001153235093762037,0.01729940500723251,0.04177165537309235,-0.06009952029755647
2.8161180520954092e-06,8.790976272161189e-05,0.001721707099168313,0.008187995969273356,6.846731597373967e-05,0.0015207845578904336,0.01507310736743417,-0.01665339962652647,0.0013417189884028322,0.018520596724175248,0.03700520788571471,-0.05673126195259551
3.57306147474019e-06,0.00010407376702510048,0.001874167357056981,0.008018711445745163,8.292136855521647e-05,0.0017120163028072834,0.015418944210299422,-0.017203505079112228,0.001549091527892529,0.019725752259194734,0.032162160687335795,-0.05328982856455619
4.485400546748574e-06,0.00012220976960131008,0.0020298422857880686,0.007844099553141696,9.95464458464604e-05,0.0019151842124346381,0.01571604153591811,-0.01771887344158111,0.0017759239303562577,0.020907829666276218,0.027257304436401175,-0.04978384392922022
5.575830485509233e-06,0.00014243580408690164,0.0021882417707987764,0.007664510672640474,0.0001185395419056714,0.0021300226846836723,0.01596385546622346,-0.01819890265866327,0.002022695281485942,0.02205986478353064,0.022305481624669166,-0.04622199948721148
6.869037928716021e-06,0.00016486690254608271,0.002348871001032056,0.007480300770301778,0.00014010194673568614,0.0023561970071525433,0.016161990580432484,-0.018643077809075977,0.002289785684517003,0.023174999710243588,0.01732154121713514,-0.042613030595329865
8.391738784920913e-06,0.0001896144103778822,0.0025112319527092206,0.007291830524123168,0.00016443822450529222,0.0025933045592073547,0.016310199755000407,-0.019050971426646045,0.0025774698694042125,0.024246510700718732,0.012320293696449158,-0.03896569291868365
1.017270555910595e-05,0.0002167853146218262,0.0026748248692678583,0.007099464449058437,0.00019175513033171541,0.0028408762895814435,0.016408383556727142,-0.0194222435863001,0.002885911295880424,0.025267835374099018,0.007316466648897735,-0.035288739012127285
1.2242783564389758e-05,0.000246481588380556,0.0028391497330269868,0.006903570022341255,0.00022226047072504608,0.003098378462164513,0.01645658919509855,-0.019756641757136265,0.0032151567827857063,0.026232599142514884,0.0023246610253834232,-0.03159089515510535
1.4634895483550693e-05,0.00027879955399985916,0.00300370772420882,0.006704516811428376,0.000256161913107141,0.0033652146616961233,0.01645500904126811,-0.020054000425439616,0.0035651316936332767,0.0271346407638072,-0.0026406917914715278,-0.027880838505564914
1.7384033799608706e-05,0.0003138292675591376,0.0031680026630270166,0.00650267560684547,0.0002936657501044616,0.0036407280501595685,0.016403978722371197,-0.020314240491141517,0.003935635705830843,0.027968036928881862,-0.007565371987911296,-0.02416717463481552
2.0527240673007113e-05,0.0003516539271289101,0.0033315424306444097,0.00629841756218057,0.0003349756245752198,0.00392420386379493,0.01630397480110743,-0.020537368441838476,0.00432633918832079,0.02872712579819034,-0.012435412264842571,-0.020458415504575972
2.4103574903708663e-05,0.00039234930714697144,0.003493840364908598,0.006092113343425947,0.0003802912215650903,0.004214872139817336,0.016155612051730207,-0.020723475309086116,0.004736780209653317,0.029406529406290988,-0.01723713761060186,-0.016762957944951945
2.815406567949245e-05,0.00043598322115176154,0.0036544166268909282,0.005884132289819211,0.0004298069335916668,0.004511910661140685,0.015959640344735855,-0.020872735412261024,0.005166362195661968,0.030001174858378693,-0.021957203788268376,-0.013089062690029768
3.272165287662568e-05,0.0004826150149908164,0.003812799534382853,0.005674841588278685,0.0004837105058349797,0.00481444810667029,0.015716941153649105,-0.020985404895844214,0.005614352253000608,0.03050631424754227,-0.026582634429081264,-0.009444834026608201
3.785111374559621e-05,0.0005322950924943841,0.003968526858642854,0.005464605463466902,0.0005421816679591258,0.005121567394043254,0.01542852369835106,-0.021061820066512433,0.006079880171828618,0.03091754322705062,-0.03110085663052764,-0.005838200107035424
4.358897588243053e-05,0.0005850644754699212,0.004121147080836558,0.005253784385449682,0.000605390759407739,0.005432309201064159,0.015095520740389824,-0.021102395536931613,0.0065619381178940155,0.031230818177130276,-0.035499734961719764,-0.0022768939768005036
4.998341645498568e-05,0.000640954399732783,0.004270220604771764,0.005042734296846867,0.0006734973551032911,0.005745675651508205,0.014719184046651287,-0.021107622183631408,0.007059381021216395,0.0314424719116789,-0.03976760378598765,0.001231564636841237
5.708414772318591e-05,0.0006999859487425507,0.004415320922698203,0.004831805861294732,0.0007466488985367543,0.006060634150445343,0.014300879538636534,-0.02107806492679545,0.007570927665476233,0.0315492278757489,-0.04389329781696294,0.0046798867303506075
6.494228896216826e-05,0.0007621697262636721,0.004556035731118407,0.004621343734959612,0.0008249793492597152,0.006376121353778921,0.0138420821454043,-0.021014360340228577,0.00809516247911596,0.03154821279096662,-0.047866180829483684,0.00806103058302396
7.361022496739487e-05,0.0008275055693140307,0.004691967993740349,0.0044116858627576425,0.0009086078517856084,0.0066910472562928015,0.013344370378984026,-0.020917214100165366,0.008630538026062671,0.03143696771180951,-0.051676172454571234,0.01136821742961816
8.31414513906752e-05,0.0008959823025063013,0.004822736948893945,0.004203162800847077,0.0009976374328704571,0.007004299382161321,0.012809420651735315,-0.020787398281947762,0.009175378190907081,0.031213457461894384,-0.05531377299517082,0.014594946213902754
9.359040722540957e-05,0.0009675775347250987,0.004947979058931328,0.003996097066867647,0.001092153734076416,0.00731474706159816,0.012239001355741129,-0.020625748513938134,0.009727882050284685,0.03087607842547327,-0.05877008620366653,0.0177350073880225
0.00010501229482791146,0.0010422574989186126,0.005067348899334343,0.003790802519306243,0.0011922237864239638,0.00762124577710462,0.011634966724862004,-0.020433160998342702,0.010286128419224884,0.03042366467581878,-0.062036839972158364,0.020782495731064027
0.00011746288792908716,0.0011199769356172557,0.005180519985461355,0.003587583767270074,0.0012978948338111748,0.00792264156262401,0.01099925050054027,-0.020210589408891148,0.010848081058217328,0.0298554924280591,-0.06510640489218844,0.02373182215924688
0.00013099832815675124,0.0012006790206244614,0.005287185535078267,0.003386735611847817,0.0014091932117216413,0.00821777543881713,0.010333859422842222,-0.019959041675560278,0.01141159452387597,0.029171282810565108,-0.06797181064742108,0.026577724506927164
0.00014567491065314465,0.0012842953371567695,0.005387059165035209,0.0031885425201363332,0.001526123287557041,0.008505487867644487,0.009640866568546172,-0.01967957666673644,0.011974420643203974,0.028371202954906055,-0.07062676021178904,0.029315277257840028
0.00016154885943451386,0.0013707458925423575,0.005479875520669612,0.002993278132905716,0.0016486664687168015,0.008784623209473126,0.008922404558334412,-0.01937330077938697,0.012534215588748123,0.027455865410821984,-0.07306564183056297,0.03193990021205392
0.0001786760931996314,0.0014599391794198197,0.005565390836737916,0.002801204806769035,0.001776780284306705,0.009054034166019295,0.008180658655326368,-0.019041364447949252,0.013088547529232606,0.026426325898411568,-0.07528353877104588,0.034447366075489844
0.00019711198235162304,0.0015517722812128747,0.005643383428901006,0.0026125731916155012,0.001910397546091623,0.009312586192591713,0.0074178597772916475,-0.018684958582757524,0.013634904827750984,0.02528407941607211,-0.07727623683589824,0.036833806962855514
0.00021691109805216082,0.0016461310214923963,0.005713654115012035,0.0024276218439572223,0.0020494255940159325,0.009559161863312609,0.006636277444914148,-0.018305310948898264,0.014170704757110906,0.02403105472810721,-0.07904022963960167,0.03909571980899676
0.0002381269541787399,0.001742890156675282,0.005776026565678824,0.0022465768767306075,0.0021937456312998817,0.009792665173264553,0.005838212688443702,-0.01790368249642469,0.014693302699678947,0.022669607262281483,-0.0805727216544877,0.04122997068571818
0.00026081174310415016,0.0018419136113507963,0.005830347583795829,0.0020696516459841304,0.0023432121537821722,0.010012025761838286,0.005025990934957262,-0.017481363652870733,0.01520000179677916,0.021202510452465267,-0.08187162904280021,0.04323379802507324
0.0002850160662621618,0.0019430547553696813,0.0058764873129619885,0.0018970464747748918,0.002497652477820155,0.010216203041938725,0.0042019548982746326,-0.017039670588976978,0.015688063010817377,0.0196329455676226,-0.08293557829372566,0.04510481475367742
0.000310788660504665,0.0020461567216800815,0.005914339374920005,0.001728948414487583,0.002656866370680487,0.010404190220141307,0.0033684574933286714,-0.016579941468484776,0.016154715561249033,0.01796449007289383,-0.08376390269546652,0.04684100934476268
0.0003381761212928492,0.0021510527637476724,0.005943820936369,0.0015655310436813342,0.0028206257869563454,0.01057501819337687,0.00252785479647041,-0.016103532692765005,0.01659716769392261,0.016201104574218833,-0.08435663667618576,0.04844074579919175
0.00036722262379830034,0.0022575666512558443,0.005964872705715445,0.0014069543044628755,0.0029886747141338885,0.01072775930825751,0.001682499072818474,-0.015611815150926732,0.017012617741586022,0.01434711840190897,-0.08471450805420144,0.04990276256846274
0.00039796964301898455,0.002365513102645826,0.0059774588605361195,0.001253364376278742,0.0031607291300029513,0.01086153096973882,0.0008347318913164668,-0.015106170485899963,0.017398265432226556,0.012407213894353036,-0.08483892824619998,0.05122617043689123
0.0004304556740398264,0.0024746982529267147,0.005981566906731001,0.0011048935869152092,0.003336477074165419,0.010975499086438936,-1.3122652340203517e-05,-0.014587987386806599,0.017751323400266972,0.01038640944567018,-0.08473198048513408,0.05241044938178144
0.0004647159535878625,0.0025849201550619144,0.0059772074705427706,0.000961660360392553,0.0035155788354418057,0.01106888134060099,-0.0008587645853058538,-0.014058657917724638,0.018069028855010383,0.008290041386740471,-0.08439640610799598,0.05345544443461067
0.0005007821840476471,0.00269596931312188,0.005964414024812596,0.000823769201340365,0.00369766725651511,0.011140950271392114,-0.0016999245607290767,-0.01351957389271296,0.018348655359650468,0.006123744771484502,-0.08383558897664856,0.05436136056772492
0.0005386822611136248,0.0028076292452837125,0.005943242551028322,0.0006913107153432908,0.003882348156680437,0.011191036160974404,-0.0025343701961256194,-0.012972123306701876,0.018587524673414957,0.0038934331449734516,-0.08305353810266003,0.05512875663449199
0.0005784400062624916,0.0029196770746563747,0.005913771138900756,0.0005643616646519601,0.004069200873092908,0.01121852971355804,-0.0033599122293876027,-0.012417686831564259,0.01878301860907927,0.0016052773717540048,-0.08205486854973665,0.05575853839303127
0.0006200749052300891,0.0030318841458164174,0.005876099525375814,0.00044298505856228904,0.004257778920426602,0.011222884518450502,-0.004174410475600836,-0.01185763438636995,0.018932590857659526,-0.0007343163932617414,-0.08084478069291001,0.0562519506458303
0.0006636018536740997,0.0031440166648534084,0.0058303485751545125,0.0003272302776779909,0.004447610768375521,0.011203619288947683,-0.004975779568659484,-0.011293321790489672,0.019033778732124085,-0.003118729507301937,-0.07942903791881939,0.05661056853022542
0.000709030911195702,0.003255836360646989,0.0057766597049485995,0.00021713323118626124,0.004638200735944944,0.011160319869768457,-0.005761994472523127,-0.010726087507856266,0.01908421478176059,-0.005541154328543213,-0.0778139428539093,0.056836287996455875
0.0007563670648804306,0.003367101165028879,0.005715194253846727,0.00011271654619541317,0.004829030001000778,0.011092641006609522,-0.0065310957478513015,-0.010157249490313347,0.019081638229406228,-0.007994618303243856,-0.0760063122117256,0.05693131551212785
0.0008056100035007742,0.003477565909423378,0.005646132802304064,1.3989788105925563e-05,0.005019557723067937,0.011000307872290269,-0.0072811945606813195,-0.009588102127584175,0.019023906184025496,-0.010472008560606844,-0.07401345035427798,0.05689815703370657
0.0008567539035005974,0.0035869830355091397,0.005569674442396773,-7.905028908688886e-05,0.005209222276896699,0.010883117344862076,-0.00801047742077692,-0.00901991331097871,0.01890900458172673,-0.012966096925031673,-0.0718431216648423,0.056739606287386196
0.00090978722785434,0.0036951033174033245,0.005486036002101581,-0.00016641946372941317,0.005397442593851824,0.010740939033974889,-0.008717210638261532,-0.00845392161752615,0.018735058809298377,-0.015469565252405643,-0.06950352183208008,0.056458732403126016
0.0009646925388622183,0.00380167659283679,0.005395451226469459,-0.0002481457399209201,0.005583619607723826,0.010573716052718219,-0.009399744488162737,-0.00789133362077524,0.01850034396510203,-0.01797503099892825,-0.06700324814816105,0.05605886694705589
0.001021446325906424,0.00390645250076577,0.005298169918660978,-0.0003242690146950289,0.005767137801117343,0.010381465533077852,-0.010056517073533508,-0.007333321334046516,0.01820329471360138,-0.020475072929145105,-0.06435126892599308,0.05554359039868892
0.0010800188491527096,0.004009181222851564,0.00519445704389899,-0.00039484072032251776,0.005947366848139758,0.010164278884080905,-0.010686057878864145,-0.0067810197914512545,0.017842514690881717,-0.02296225687024442,-0.06155689214013438,0.05491671812036339
0.0011403740001368877,0.004109614226235096,0.005084591799471847,-0.000459923443137338,0.0061236633486958575,0.00992232179262545,-0.011286991006564504,-0.0062355247715127965,0.017416785420338088,-0.025429161420846752,-0.05862973339993727,0.05418228586732818
0.0012024691801268256,0.004207505005037761,0.004968866653987143,-0.000519590520333594,0.006295372649291736,0.009655833967907625,-0.011858038090376262,-0.005697890667738407,0.01692507469883775,-0.027868403522718216,-0.055579683362414256,0.05334453488754967
0.0012662551970976253,0.004302609818033647,0.004847586359131972,-0.0005739256162222674,0.006461830744868201,0.009365128631269454,-0.012398020880657975,-0.005169128509996271,0.016366544416455242,-0.030272663804915917,-0.052416874693928195,0.05240789666087739
0.0013316761821010575,0.004394688419960934,0.004721066937240852,-0.0006230222794725143,0.006622366255818234,0.009050591754188007,-0.012905863497565938,-0.004650204140053113,0.015740557773551322,-0.032634711611373296,-0.04915164868766442,0.051376977327754175
0.0013986695257501341,0.0044835047839718945,0.0045896346480067815,-0.0006669834828934086,0.006776302473997095,0.008712681048004092,-0.013380594349248183,-0.004142036544125747,0.015046685862220799,-0.03494742962540967,-0.045794521648784725,0.05025654185771897
0.0014671658354761827,0.004568827812761172,0.004453624937694287,-0.0007059211473380177,0.006922959471212617,0.008351924709851384,-0.013821347713250796,-0.003645496344796072,0.014284713580883568,-0.03720383800513191,-0.04235615115173785,0.04905149800821598
0.0015370889141491527,0.0046504320359608865,0.0043133813742260085,-0.0007399556513326726,0.007061656263381381,0.007968919930091547,-0.014227364980404823,-0.003161404454134904,0.01345464485286929,-0.03939711794683545,-0.03884730227906741,0.04776688012401761
0.0016083557605823672,0.004728098291448173,0.0041692545715163315,-0.0007692153280502305,0.007191713023261514,0.0075643311673657294,-0.014597995561530578,-0.00269053088937667,0.012556707123157262,-0.04152063459832797,-0.035278813946083565,0.0464078328276292
0.0016808765923707822,0.004801614388275849,0.004021601106416937,-0.0007938359512570527,0.007312453334421489,0.0071388881981694925,-0.01493269745834824,-0.002233593751987778,0.011591355108837686,-0.04356795924091941,-0.0316615654174488,0.044979594650149196
0.001754554891437291,0.0048707757490097795,0.00387078243162012,-0.0008139602118693702,0.007423206478880257,0.006693383948616596,-0.01523103750101525,-0.0017912583704757178,0.01055927378291599,-0.045532890669660014,-0.028006443115953017,0.04348748165226282
0.001829287472584978,0.004935386029336745,0.003717163787836429,-0.0008297371867557285,0.0075233097506571716,0.006228672116776464,-0.015492691255722987,-0.0013641366067959374,0.009461380572466926,-0.04740947569836643,-0.024324307825594582,0.04193687108369323
0.0019049645752747609,0.004995257712893957,0.003561113118523931,-0.0008413218014183665,0.007612110787299388,0.005745664594665958,-0.01571744260677657,-0.0009527863257316595,0.008298826755976374,-0.04919202872373471,-0.020625962385122376,0.04033318512916237
0.0019814699787678333,0.005050212679365438,0.003402999990397327,-0.0008488742881777627,0.007688969911315099,0.005245328699630294,-0.015905183018544235,-0.0005577110261475836,0.007072998047165879,-0.05087515028339809,-0.016922119968410643,0.03868187478765281
0.002058681140691054,0.005100082743990903,0.003243194522886612,-0.0008525596414712767,0.00775326247332904,0.004728684225462741,-0.016055910483598737,-0.00017935963255522334,0.0057855143556223565,-0.05245374455011262,-0.013223373042489994,0.03698840393081923
0.0021364693590011706,0.005144710166739134,0.003082066329647257,-0.0008525470718589277,0.007804381188694277,0.004196800324183405,-0.01616972816427227,0.00018187355502502614,0.004438228717425052,-0.05392303570575466,-0.009540163092216725,0.03525823358523067
0.002214699957240851,0.005183948129509749,0.002919983475147311,-0.0008490094603070022,0.007841738459241788,0.003650792229939614,-0.016246842735716947,0.0005256487553600721,0.003033225392077177,-0.05527858314300346,-0.00588275119671855,0.03349680648177851
0.0022932324928962087,0.00521766117984428,0.0027573114492717445,-0.0008421228142935079,0.007864768671829777,0.0030918178369666134,-0.01628756243939634,0.0008516804473387937,0.001572817125520598,-0.05651629545159667,-0.0022611895391604353,0.03170953191396579
0.002371920988582165,0.005245725639749083,0.0025944121627911507,-0.0008320657272486254,0.007872930465361461,0.002521074143993986,-0.016292294856722418,0.0011597369616377132,5.954158081633576e-05,-0.057632443142928785,0.0013147060739451266,0.0299017709458181
0.0024506141856988706,0.00526802997835848,0.00243164296644101,-0.0008190188428084136,0.007865708957979672,0.0019397935778853136,-0.01626154441330572,0.0014496399264046426,-0.0015038430571742145,-0.05862367007880567,0.004835382609394534,0.02807882200756777
0.002529155820119851,0.005284475147296088,0.002269355696249498,-0.0008031643253212605,0.007842617926216383,0.0013492402096363207,-0.016195909624996695,0.0017212635710259787,-0.0031143632954836464,-0.059487003570992875,0.008291575052410183,0.026245906916699438
0.0026073849193908026,0.005294974877725084,0.0021078957476367262,-0.0007846853380041103,0.007803201927973951,0.0007507058761628163,-0.01609608009755766,0.001974533892404057,-0.004768836353002626,-0.060219863123708,0.011674330435397229,0.024408157358916258
0.002685136120837403,0.005299455938213684,0.0019476011806868127,-0.0007637655300995311,0.007747038361346113,0.00014550622155718286,-0.01596283329242504,0.0022094276885117766,-0.006463876972565008,-0.06082006779741869,0.014975030591126037,0.022570601862627673
0.0027622400099013523,0.0052978583526799355,0.001788801858866738,-0.0007405885343353965,0.007673739451443774,-0.0004650233283068042,-0.01579703107158991,0.0024259714643151504,-0.008195905007902904,-0.06128584217537872,0.01818541357590031,0.02073815329804711
0.002838523477946459,0.005290135577819448,0.0016318186233330526,-0.0007153374759365427,0.0075829541575775225,-0.0010795316437906643,-0.015599616035147148,0.0026242402154556086,-0.009961153765347341,-0.06161582092139331,0.021297593712652274,0.01891559693004448
0.0029138100987011898,0.005276254639560486,0.0014769625048296421,-0.000688194494382438,0.007474369993368671,-0.0016966560080016978,-0.015371607665534956,0.0028043560953653255,-0.011755679076422942,-0.0618090519208134,0.024304080209786028,0.0171075790518989
0.0029879205224310323,0.005256196228232393,0.0013245339750374394,-0.0006593402790468702,0.0073477147525998305,-0.0023150262576169013,-0.015114098292905595,0.00296648697174825,-0.013575369077345134,-0.06186499800222725,0.027197794316086155,0.015318596224685968
0.003060672886863469,0.005229954752275094,0.0011748222390907202,-0.0006289536197951431,0.007202758133887495,-0.0029332689338429745,-0.014828248896438249,0.0031108448785971653,-0.015415954665121911,-0.061783537242987324,0.029972084977383018,0.013552985145097105
0.003131883243820691,0.00519753835045895,0.0010281045708249253,-0.0005972109735514927,0.007039313257556899,-0.003550011429385848,-0.014515284756720731,0.003237684370132906,-0.017273020600997335,-0.06156496186558738,0.0326207429661205,0.011814913162051036
0.0032013660004505573,0.005158968862725011,0.0008846456921683657,-0.0005642860477846106,0.006857238068416391,-0.004163886117401903,-0.014176490974591185,0.003347300783243522,-0.01914201722710407,-0.06120997573762363,0.03513801345978851,0.010108369460072139
0.003268934373885024,0.005114281759895263,0.0007446971979351985,-0.0005303494017925367,0.0066564366184769215,-0.004773534448547705,-0.01381320787204225,0.0034400284151712554,-0.021018272760789825,-0.06071969049153683,0.03751860704999843,0.008437156925474601
0.003334400858097537,0.005063526032640294,0.0006084970271202433,-0.0004955680665999715,0.006436860224025697,-0.005377611002446162,-0.013426826290948797,0.0035162386233417893,-0.022897006129455,-0.0600956202881546,0.03975770916869226,0.006804884708632206
0.003397577701676928,0.005006764040227422,0.0004762689816380652,-0.0004601051842114994,0.006198508491852521,-0.005974787480128268,-0.013018782805486824,0.0035763378543526253,-0.024773340305180303,-0.05933967524826669,0.04185098792370234,0.0052149614935350225
0.00345827739518537,0.004944071319705318,0.0003482222932898055,-0.00042411966689354764,0.005941430209835895,-0.006563756624292411,-0.012590554864165111,0.0036207656092377256,-0.026642316098144714,-0.05845415358456171,0.0437946003406402,0.003670589483485018
0.0035163131667221522,0.004875536356311062,0.00022455123958201324,-0.0003877658770863512,0.005665724097520518,-0.007143236054558823,-0.01214365587739334,0.003649992352201566,-0.028498906364930687,-0.05744173246872067,0.045585197013713996,0.002174759109283067
0.0035714994842735615,0.004801260316011928,0.00010543480886273633,-0.0003511933284749973,0.005371539412761332,-0.007711972005267914,-0.011679630266462042,0.003664517370069214,-0.03033803058690665,-0.056305457673097664,0.047219925172545585,0.0007302444642465628
0.0036236525633922124,0.004721356741216646,-8.963584918130209e-06,-0.00031454640867600603,0.0050590764109688605,-0.008268742953788613,-0.011200048489711265,0.003664866589729035,-0.03215456977158759,-0.05504873203104224,0.04869643017760983,-0.0006604005322823764
0.003672590878716871,0.004635951210808931,-0.00011849633767426818,-0.0002779641239231003,0.004728586653962823,-0.008812363127754285,-0.010706502061516332,0.0036515903608521096,-0.03394338162961985,-0.05367530276209195,0.05001285546137679,-0.0019948452431026303
0.0037181356778163053,0.004545180965769495,-0.0002230318408794678,-0.00024157986606305264,0.004380373165924061,-0.00934168588013296,-0.010200598579523592,0.0036252612111574247,-0.035699315978132584,-0.05218924771364322,0.051167840937171194,-0.003270984695834353
0.0037601114958180884,0.004449194501760982,-0.00032245461765371643,-0.00020552120209999254,0.004014790434432569,-0.009855606921569678,-0.009683956775326132,0.0035864715814545945,-0.03741723032016575,-0.05059496057370036,0.052160519902320734,-0.00448694124473166
0.0037983466692656583,0.004348151130153165,-0.000416665409547755,-0.0001699096864545327,0.0036322442550814024,-0.0103530673999937,-0.009158201603481584,0.0035358315476373757,-0.03909200555006753,-0.0488971351111043,0.05299051446658898,-0.00564106551871206
0.0038326738476344006,0.004242220509062836,-0.0005055812144823728,-0.00013486069603274014,0.0032331914186670614,-0.010833056818072112,-0.008624959383441972,0.0034739665367211335,-0.04071856173280064,-0.04710074850457821,0.053657929541333305,-0.006731936664536378
0.0038629305009301113,0.004131582146073906,-0.0005891352764425431,-0.00010048328812954864,0.00281813924047508,-0.01129461577971377,-0.008085853008592086,0.0034015150439171667,-0.042291873905595634,-0.04521104382375321,0.054163345428644094,-0.007758361896256935
0.0038889594217909784,0.004016424874387989,-0.000667277027666395,-6.688008112188072e-05,0.00238764493169835,-0.011736838557469648,-0.007542497236178294,0.003319126357616418,-0.043806987849750345,-0.043233511727422486,0.05450780905411423,-0.008719375363892737
0.003910609220517201,0.003896946304233915,-0.0007399719842045701,-3.414715783872077e-05,0.0019423148135460904,-0.012158875473345198,-0.006996494071456739,0.0032274582990155726,-0.04525903578070156,-0.0411738714476875,0.05469282389019692,-0.009614236356276382
0.003927734811460556,0.003773352251436056,-0.0008072015958563617,-2.3739914288404726e-06,0.0014828033751250417,-0.012559935086226654,-0.006449428258901567,0.0031271749829604872,-0.046643251903508154,-0.039038051128603674,0.05472033862083747,-0.010442426854740686
0.0039401978892196375,0.0036458561451057463,-0.0008689630516148169,2.835660651799271e-05,0.0010098121766911935,-0.012939286179835249,-0.005902862892789472,0.0030189446064061505,-0.04795498778326146,-0.03683216759311539,0.05459273460158154,-0.011203648456126689
0.003947867393105035,0.0035146784164773433,-0.000925269041873373,5.796851590352168e-05,0.0005240886003883853,-0.013296259545845344,-0.005358335158921753,0.002903437270699644,-0.04918972747730016,-0.03456250560890381,0.054312812171962266,-0.011897818685174547
0.003950619958362485,0.0033800458709604187,-0.0009761474787612801,8.639231647543994e-05,2.6424451101478156e-05,-0.013630249557539574,-0.004817352218659671,0.002781322843684007,-0.05034310238008127,-0.03223549672994211,0.05388377588045423,-0.012525066717952879
0.00394834035267075,0.0032421910455220984,-0.0010216411760837546,0.00011356527503084483,-0.00048234558944840037,-0.013940715530124489,-0.004281387245835223,0.0026532688673969722,-0.05141090572989443,-0.02985769778704081,0.05330921868443528,-0.01308572853945407
0.003940921896464789,0.0031013515535485646,-0.0010618074904452403,0.0001394313119523328,-0.0010013456517438764,-0.014227182864582265,-0.0037518756264619257,0.0025199385169006223,-0.052389106729200774,-0.027435769104514424,0.0525931051902242,-0.013580341559815953
0.003928266865673377,0.0029577694193621525,-0.0010967179252300958,0.00016394094761446973,-0.0015296605065384021,-0.014489243972700166,-0.003230211330509164,0.0023819886155267618,-0.05327386422970437,-0.024976452519065856,0.05173975400032815,-0.014009638714956155
0.0039102868755038316,0.0028116904045902536,-0.0011264576992042511,0.00018705122924990065,-0.0020663375273707466,-0.014726558981679612,-0.002717743464321909,0.002240067711559422,-0.05406153993676455,-0.022486549276823392,0.050753819237122855,-0.014374542078511784
0.0038869032439545095,0.0026633633285943928,-0.0011511252815837062,0.00020872563891320367,-0.002610388782493661,-0.014938856217492556,-0.002215773011569116,0.002094814221101181,-0.054748711087818314,-0.019972897885765367,0.049640271313435735,-0.01467615601313639
0.00385804733378835,0.0025130393851723596,-0.0011708318954910008,0.00022893398322663597,-0.0031607932507382174,-0.015125932466914073,-0.001725549769889794,0.0019468546415852802,-0.05533218256109296,-0.017442351998538302,0.048404377022428724,-0.014915759890043831
0.0038236608717576092,0.0023609714577432195,-0.0011857009917888457,0.00024765226563507053,-0.00371649915540996,-0.015287653018913942,-0.0012482694896791965,0.001796801840101632,-0.05580899837325559,-0.014901758401435455,0.04705167901969076,-0.01509480040668583
0.003783696243931012,0.002207413435214448,-0.0011958676953408435,0.00026486254193759304,-0.004276426409909461,-0.015423951486840386,-0.0007850712207203497,0.0016452534204028694,-0.056176452526644716,-0.012357935183853225,0.0455879747720786,-0.0152148835330667
0.0037381167660395643,0.0020526195307124188,-0.0012014782258025541,0.0002805527599003457,-0.004839469168380097,-0.015534829413565439,-0.00033703487162178186,0.0014927901721476654,-0.056432099167482375,-0.009817650161157293,0.044019295047634965,-0.015277766117974115
0.003686896927826054,0.0018968436053321727,-0.0012026892950920316,0.0002947165837892033,-0.00540449847432195,-0.01562035566248378,9.482101372628956e-05,0.001339974605623847,-0.05657376202088826,-0.007287599622511048,0.042351882021979315,-0.015285347186789575
0.003630022610455607,0.0017403384990299106,-0.0011996674837273097,0.00030735320469169443,-0.005970364999767434,-0.015680665597968633,0.0005095412592180917,0.0011873495748743843,-0.05659954306820858,-0.004774387474459435,0.04059216707638112,-0.015239658963102934
0.003567491276120306,0.0015833553707421757,-0.0011925885982491567,0.0003184671375251958,-0.006535901867292761,-0.01571596005957835,0.0009062358364125141,0.0010354369918258856,-0.05650783043685681,-0.002284504847483798,0.03874674836250337,-0.015142857646596827
0.0034993121290496127,0.001426143049769396,-0.001181637011970752,0.0003280680056527936,-0.007099927546845945,-0.01572650413497759,0.0012840814192684176,0.0008847366336936784,-0.05629730547377998,0.00017568976763596145,0.036822368208677334,-0.014997213979844617
0.0034255062472198735,0.0012689474004085725,-0.0011670049913118095,0.0003361703140493122,-0.007661248819101882,-0.015712625737187114,0.0016423227125200901,0.0007357250456100457,-0.055966948977407394,0.0025999897904589175,0.034825890441657195,-0.014805103636881908
0.003346106684140301,0.001112010701760639,-0.001148892009983133,0.0003427932119778324,-0.00821866379681262,-0.015674713992399576,0.001980273553215221,0.0005888545400939913,-0.05551604656474052,0.004982359167048617,0.03276427769736899,-0.014568997466328962
0.0032611585401792252,0.0009555710445726492,-0.0011275040532887327,0.0003479602461515729,-0.008770964995402529,-0.015613217445198398,0.002297317785664826,0.0004445522946541055,-0.05494419315324117,0.0073169502731871006,0.030644568792551966,-0.014291451621648202
0.0031707190029828455,0.0007998617469037252,-0.0011030529148065597,0.0003516991053672935,-0.009316942443873415,-0.015528642088586399,0.002592909910769771,0.0003032195484900219,-0.05425129654093619,0.009598121049212455,0.028473856228436997,-0.01397509761116851
0.003074857356628859,0.0006451107903269397,-0.0010757554876957619,0.0003540413576044174,-0.009855386826923872,-0.0154215492267707,0.0028665755113897917,0.0001652308989347554,-0.053437580069155,0.011820451313927255,0.026259263895567223,-0.013622632299884793
0.002973654959248957,0.0004915402782972851,-0.0010458330528582828,0.00035502218058889446,-0.01038509264905659,-0.015292553179160213,0.0031179114561060307,3.093369796065308e-05,-0.052503584357388555,0.013978758208170322,0.024007925047680553,-0.01323680789493567
0.00286720518894693,0.0003393659182289479,-0.0010135105661557807,0.0003546800868224808,-0.01090486141134877,-0.01514231883450723,0.0033465858843943854,-9.935245124338332e-05,-0.05145016810104719,0.01606811072242606,0.021726960609990367,-0.012820421945871609
0.002755613357932744,0.0001887965287335826,-0.0009790159468494363,0.0003530566440766362,-0.01141350479148846,-0.014971559064565827,0.0035523379768744993,-0.0002253360979255406,-0.050278507926890925,0.0180838432658548,0.019423457886032378,-0.012376307390559851
0.0026389965948871025,4.003357337552308e-05,-0.0009425793693904471,0.00035019619234570267,-0.011909847817639813,-0.014781032007046079,0.003734977514923339,-0.00034675424826116185,-0.048990097303379776,0.02002156823809506,0.017104449723735607,-0.0119073226765644
0.0025174836956654506,-0.00010672927779976403,-0.0009044325606431162,0.00034614555824649283,-0.01239273202669055,-0.014571538228011346,0.0038943842345428407,-0.0004633725715808068,-0.04758674450676781,0.021877187568851514,0.014776894200164689,-0.01141634198736459
0.0023912149425447202,-0.00025130655781080625,-0.0008648081045706634,0.00034095376784095695,-0.012861018597455528,-0.014343917774197096,0.004030506979947707,-0.0005749855095263681,-0.04607056964622769,0.02364690319399851,0.012447654880808581,-0.010906245601747674
0.0022603418923101467,-0.0003935213823119032,-0.0008239387563564884,0.0003346717588453022,-0.013313591449459181,-0.014099047126022292,0.004143362662887307,-0.0006814162896045781,-0.044444000754503166,0.02532722644096233,0.0101234817071114,-0.010379910413894314
0.002125027133572846,-0.0005332057982536005,-0.0007820567678708702,0.0003273520931728927,-0.013749360298000923,-0.013837836062317173,0.004233035034236319,-0.0007825168448773309,-0.04270976895384526,0.026914986300061255,0.007810992562691035,-0.009840200640656258
0.001985444013801245,-0.0006702011008052092,-0.0007393932263252905,0.000319048670739566,-0.014167263656319286,-0.013561224448004559,0.0042996732748796255,-0.0008781676417880063,-0.040870902709827406,0.028407336562461555,0.005516655565970238,-0.009289958741478824
0.0018417763366406126,-0.0008043581178259539,-0.0006961774078840078,0.0003098164454387667,-0.01456627177580723,-0.013270178956144385,0.004343490413376919,-0.0009682774183718551,-0.038930721187761086,0.02980176180957314,0.0032467721334883543,-0.008731996575290932
0.001694218030184572,-0.0009355374612860943,-0.0006526361479255167,0.0002997111441702272,-0.014945389515400883,-0.012965689735883707,0.0043647615783212945,-0.001052782835336038,-0.0368928267309695,0.031096082242562356,0.0010074608553867076,-0.008169086817545648
0.0015429727869502592,-0.001063609745155241,-0.0006089932295654056,0.0002887889897799444,-0.01530365913146168,-0.012648767037945615,0.004363822093700934,-0.001131648042720522,-0.03476109648119008,0.03228845734505589,-0.0011953577794587694,-0.007603954659351195
0.0013882536763944744,-0.0011884557693916738,-0.0005654687919672259,0.000277106428741022,-0.015640162979695282,-0.012320437809340943,0.004341065425935,-0.0012048641650639592,-0.03253967316552997,0.033377388375878364,-0.003355975773728051,-0.007039269809336238
0.0012302827308914867,-0.0013099666697833651,-0.0005222787598796338,0.000264719864374709,-0.015954026120902246,-0.011981742268997326,0.004296940991583432,-0.001272448708198638,-0.03023295507586299,0.03436171969284493,-0.005468911096585524,-0.0064776388175995375
0.0010692905061738158,-0.0014280440335081997,-0.00047963429574660434,0.0002516853963787888,-0.01624441882263193,-0.011633730475969597,0.0042319518350224525,-0.0013344448909854045,-0.02784558527007397,0.03524063891270093,-0.007528920215610371,-0.005921597739753773
0.0009055156173150792,-0.0015425999803971766,-0.00043774127564331466,0.00023805856739650042,-0.01651055894911539,-0.011277458901825774,0.004146652185635483,-0.0013909209054722743,-0.025382440026617714,0.03601367591606361,-0.009531009661783538,-0.005373605157620184
0.0007392042514086086,-0.00165355720999977,-0.00039679979019367913,0.00022389411732354168,-0.016751714232178742,-0.010913987018692888,0.004041644904291623,-0.0014419691091194743,-0.02284861658605275,0.036680700710513686,-0.011470446606988607,-0.004836035571819788
0.0005706096581667772,-0.0017608490146647344,-0.00035700367152687024,0.00020924574601355347,-0.01696720441618754,-0.010544373914300005,0.003917578829070156,-0.0014877051528781678,-0.020249420215706748,0.03724192016806291,-0.01334276843730485,-0.004311173179918901
0.0003999916197336118,-0.001864419258962082,-0.000318540047229819,0.0001941658850039615,-0.01715640327044554,-0.010169674945169524,0.003775146030340096,-0.0015282670490402268,-0.017590350635893537,0.03769787365803315,-0.015143791308707147,-0.003801206052492914
0.00022761590106706902,-0.00196422232588235,-0.0002815889221510235,0.00017870547884430004,-0.017318740462863014,-0.009790938438884081,0.003615078985419001,-0.0015638141828920632,-0.01487708784760089,0.03804942759905569,-0.016869617675511858,-0.0033082207178743855
5.3753682307151044e-05,-0.0020602230303572756,-0.0002463227888083558,0.00016291377656830976,-0.01745370328912058,-0.009409202456101043,0.003438147683114536,-0.0015945262723059943,-0.012115477403912167,0.03829776895755191,-0.018516642785381135,-0.0028341971649118586
-0.0001213190253983792,-0.002152396500751234,-0.0002129062670503001,0.000146838133809337,-0.017560838251985473,-0.009025491622690607,0.003245156668496606,-0.001620602279488556,-0.009311515169066253,0.0384443977245352,-0.020081560138204932,-0.0023810042716004703
-0.0002973219790877194,-0.00224072802907493,-0.00018149577351653145,0.00013052382601601225,-0.01763975248588257,-0.008640814042048606,0.0030369420382571235,-0.0016422592791763952,-0.006471331610352515,0.038491118403865016,-0.021561365909691613,-0.0019503956659673444
-0.0004739713166285517,-0.002325212890771562,-0.0001522392213402978,0.00011401387318199738,-0.017690115022283896,-0.008256158297277823,0.0028143683969896085,-0.0016597312876265786,-0.003601175669913359,0.03844003055029163,-0.022953362343811387,-0.0015440060240693304
-0.0006509801811997497,-0.002405856135020656,-0.00012527575043203771,9.734887645991596e-05,-0.01771165789195569,-0.00787249055254099,0.0025783257846624078,-0.0016732680567897052,-0.0007073982644453247,0.03829351839707498,-0.024255160121628774,-0.001163347808555995
-0.0008280593559624726,-0.0024826723465957304,-0.00010073548858138801,8.056686698556045e-05,-0.017704177060588907,-0.007490751762473862,0.0023297265854675324,-0.0016831338380813967,0.0022035645378016833,0.038054239616350544,-0.025464679717346325,-0.0008098084497822761
-0.0010049179072396004,-0.002555685380398599,-7.873934351353121e-05,6.370316719425177e-05,-0.017667533194836653,-0.007111854998099885,0.0020695024281038275,-0.0016896061201803405,0.005125208612648868,0.03772511325844488,-0.026580151755394646,-0.00048464797000648263
-0.001181263834495228,-0.0026249280698751975,-5.939882593601995e-05,4.67902648669517e-05,-0.017601652256288864,-0.006736682897219792,0.0017986010873984242,-0.0016929743452796728,0.008050979096908883,0.03730930691757359,-0.027600116385686033,-0.0001889970498599597
-0.0013568047253838128,-0.0026904419105950807,-4.2815903514100514e-05,2.9857700099537495e-05,-0.017506525921428085,-0.0063660852467568385,0.0015179833969854633,-0.001693538608203168,0.01097428787524668,0.03681022317501717,-0.02852342169690615,7.614446516089612e-05
-0.001531248414121599,-0.002752276720348962,-2.9082885616435652e-05,1.2931965344677784e-05,-0.017382211826129163,-0.0060008767040194266,0.001228620182547509,-0.0016916083427687735,0.013888531184537478,0.036231485372465205,-0.029349221190684713,0.00030990862171799416
-0.0017043036414211984,-0.0028104902771856214,-1.8282338579281526e-05,-3.963581367865958e-06,-0.01722883363379071,-0.005641834663312444,0.0009314892248833164,-0.0016875009997399755,0.016787107283153246,0.035576922768931346,-0.0300769703421538,0.0005115599840416069
-0.0018756807142236984,-0.0028651479368710583,-1.0487031145877117e-05,-2.0808789969818386e-05,-0.017046580926709295,-0.005289697273774952,0.0006275722617975656,-0.0016815407206505107,0.019663434133129543,0.034850555138567135,-0.030706422274996356,0.0006804958338513384
-0.0020450921634614224,-0.0029163222313086934,-5.759909649314944e-06,-3.7586778631673896e-05,-0.01683570892083551,-0.004945161613752059,0.000317852037514869,-0.0016740570117205916,0.02251096704162714,0.03405657686601152,-0.03123762258154296,0.0008162459521324633
-0.0022122533980884823,-0.002964092449509599,-4.154102421724185e-06,-5.4283980800294316e-05,-0.016596538004576458,-0.0046088820264290654,3.3094080032828026e-06,-0.0016653834220034924,0.025323216210182964,0.03319934059858706,-0.03167090332077428,0.0009184719912873757
-0.002376883353625509,-0.003008544202746055,-5.712952830441719e-06,-7.089017905936443e-05,-0.016329453102828857,-0.004281468620862113,-0.0003150794897467895,-0.0016558562298105305,0.028093764139337174,0.032283340514803555,-0.032006876229240186,0.0009869664473049905
-0.0025387051334793955,-0.0030497689755600538,-1.0470080263188422e-05,-8.739852591522061e-05,-0.01603490286794848,-0.003963485941937658,-0.0006363459968025513,-0.0016458131413607062,0.030816282836738318,0.03131319527008733,-0.03224642518191216,0.0010216512426598628
-0.0026974466413185014,-0.0030878636643306557,-1.8449468309307297e-05,-0.00010380555164946946,-0.015713398699872684,-0.0036554518121827387,-0.0009595316124212238,-0.0016355920054890625,0.03348455077842105,0.03029363068089655,-0.032390697941822325,0.0010225759316688648
-0.0028528412028084415,-0.0031229301051302377,-2.9665579313040567e-05,-0.0001201111594175435,-0.015365513598115344,-0.0033578363477336595,-0.0012836905883254303,-0.0016255295481257457,0.03609246957304679,0.029229462208919282,-0.03244109723901899,0.0009899155409944932
-0.0030046281750432686,-0.003155074592619677,-4.412349440779251e-05,-0.00013631860780880393,-0.014991880848850066,-0.003071061150154231,-0.0016078924306249577,-0.0016159601301263407,0.03863408028000881,0.028125577306966437,-0.0323992712208865,0.0009239680588864901
-0.003152553542041438,-0.003184407391746321,-6.181907807749454e-05,-0.00015243448111890623,-0.014593192550783816,-0.0027954986751745152,-0.0019312243033154492,-0.0016072145318941186,0.04110357933324116,0.026986917688976736,-0.03226710331721182,0.0008251515875579291
-0.003296370494715318,-0.003211042244016233,-8.273916623269327e-05,-0.00016846864761880964,-0.014170197983992197,-0.0025314717788078784,-0.0022527933277242964,-0.0015996187680865639,0.043495334025082655,0.025818461584350666,-0.03204670156455759,0.0006940011739530044
-0.00343583999376702,-0.0032350958701137145,-0.00010686177673493778,-0.00018443420613695834,-0.013723701826348205,-0.0022792534406884408,-0.0025717287727246058,-0.001593492935543175,0.04580389750371572,0.024625206039536857,-0.03174038743550432,0.0005311653347247619
-0.0035707313140118623,-0.0032566874706364654,-0.00013415634125354966,-0.00020034742130171988,-0.013254562222620232,-0.0020390666638617477,-0.0028871841309977705,-0.001589150097409134,0.04802402324187882,0.02341214932580174,-0.03135068421912858,0.0003374022920834413
-0.0037008225686836604,-0.0032759382267041146,-0.00016458395729400052,-0.00021622764782007028,-0.012763688711739392,-0.0018110845496680916,-0.003198339077092401,-0.0015868952062609457,0.05015067893428926,0.02218427351292948,-0.030880304999797534,0.00011357593755424722
-0.0038259012123331012,-0.0032929708021812595,-0.0001980976591969629,-0.00023209724419570767,-0.01225204001814878,-0.001595430545760874,-0.0035044013035000765,-0.0015870240688665312,0.05217905978383308,0.02094652726851401,-0.030332140281737488,-0.00013934845867137613
-0.003945764520991534,-0.003307908849233706,-0.00023464270687168897,-0.00024798147631520644,-0.011720621713537736,-0.0013921788647284267,-0.0038046082314451357,-0.0015898223550332242,0.054104601138375785,0.019703808937975492,-0.029709245307274354,-0.00042030877466724126
-0.0040602200483373764,-0.0033208765189084604,-0.00027415689099673896,-0.00026390841135444566,-0.011170483755630792,-0.0012013550702224662,-0.004098228593564863,-0.001595564652814619,0.055922990443013076,0.018460949963216594,-0.029014827116671152,-0.0007281507816117166
-0.004169086056670793,-0.003331997978394291,-0.0003165708533952428,-0.00027990880247932354,-0.01060271791105249,-0.00102293682694367,-0.0043845638861359,-0.0016045135721609578,0.05763017847264751,0.017222698692542643,-0.028252231397536284,-0.0010616330876560415
-0.004272191921574151,-0.0033413969365805405,-0.0003618084212708289,-0.0002960159648346715,-0.010018455069619145,-0.0008568548103062103,-0.0046629496889813256,-0.0016169188989086387,0.0592223898140215,0.015993704634949285,-0.02742492917154883,-0.0014194322618801408
-0.004369378509210781,-0.0033491961794875065,-0.0004097869539740776,-0.000312265643333283,-0.009418862457706914,-0.0007029937710869864,-0.004932756851668415,-0.0016330168008136592,0.06069613256842443,0.014778503208895483,-0.0265365033658692,-0.001800148119123976
-0.004460498525292448,-0.003355517117092315,-0.0004604177009578137,-0.000328695872773056,-0.00880514075862638,-0.0005611937498747456,-0.005193392545078797,-0.0016530290871409432,0.06204820724768234,0.013581501033552684,-0.025590635316207103,-0.0022023091463328065
-0.004545416834826543,-0.003360479343019994,-0.0005136061695727002,-0.0003453468308244031,-0.00817852114819266,-0.00043125143566100587,-0.005444301177898504,-0.0016771625231284722,0.06327571483906136,0.01240696180919526,-0.024591091247734162,-0.002624378051172979
-0.004624010751837028,-0.0033642002085106275,-0.0005692525013523584,-0.00036226068444230453,-0.007540262253904332,-0.0003129216624657169,-0.005684965178033142,-0.0017056082004518127,0.0643760640186043,0.011258992829862535,-0.023541708779193496,-0.0030647574134951144
-0.004696170298338296,-0.003366794412010315,-0.0006272518554395398,-0.0003794814302676704,-0.006891647046349331,-0.00020591903747177258,-0.005914905639403144,-0.001738540964621357,0.06534697749239593,0.010141532168926326,-0.022446383494806862,-0.0035217954204137397
-0.004761798431928218,-0.00336837360566638,-0.0006874947978116235,-0.0003970547295910429,-0.006233979671635063,-0.00010991969374121918,-0.006133682835013584,-0.0017761189000531459,0.06618649745045768,0.009058336577184356,-0.02130905562728115,-0.00399379166594406
-0.0048208112414553075,-0.0033690460199361756,-0.0007498676949747921,-0.0004150277384581288,-0.005568582233782784,-2.456316021792553e-05,-0.0063408965976201395,-0.0018184828733640336,0.06689299011999827,0.008012970127474373,-0.02013369689402987,-0.00447900299623348
-0.004873138110304992,-0.0033689161074441695,-0.0008142531108115321,-0.0004334489335012179,-0.004896791536154046,5.054565861916326e-05,-0.006536186569727852,-0.0018657561352537907,0.06746514940574933,0.007008793639943386,-0.018924297527512693,-0.00497564938171792
-0.004918721846941108,-0.003368084207144053,-0.0008805302052854727,-0.00045236793408324875,-0.004219955791069307,0.00011583440140410157,-0.006719232325060271,-0.0019180439811523778,0.06790199961119836,0.006048954917044276,-0.017684853538970965,-0.005481919797999488
-0.0049575187824306656,-0.00336664622976171,-0.0009485751337308821,-0.00047183532134215345,-0.003539431306842121,0.00017176107506449727,-0.0068897533640216065,-0.0019754334706285613,0.06820289723423889,0.0051363798150348625,-0.016419354253296117,-0.0059959780972371896
-0.004989498834772341,-0.003364693365411286,-0.0010182614454812124,-0.0004919024547221888,-0.002856579161492937,0.00021881179502031815,-0.0070475089860444545,-0.0020379932053785177,0.06836753183559796,0.004273764176129312,-0.015131770151273524,-0.006515968852754059
-0.005014645539941887,-0.0033623118141906556,-0.0010894604806217707,-0.0005126212865762831,-0.0021727618724163055,0.0002574984491057664,-0.007192298042067208,-0.0021057731654403346,0.06839592597972832,0.0034635666409603347,-0.013826041053277241,-0.0070400231596092905
-0.005032956049660252,-0.0033595825404745838,-0.0011620417636857025,-0.0005340441754190409,-0.0014893400712567516,0.00028835629410860745,-0.007323958570719159,-0.0021788046031112154,0.06828843425218245,0.0027080023596078792,-0.012506064677113002,-0.007566264374566853
-0.00504444109598253,-0.0033565810515341467,-0.0012358733931498295,-0.000556223698404005,-0.0008076691931988332,0.0003119414939788035,-0.007442367322106239,-0.0022570999938816123,0.06804574135940122,0.0020090376144313235,-0.011175685600303034,-0.008092813779512556
-0.005049124922897573,-0.0033533772010198425,-0.0013108224256272877,-0.0005792124635911295,-0.00012909618980969366,0.00032882860888203326,-0.007547439173385392,-0.0023406530435432955,0.0676688593184267,0.0013683853662146347,-0.009838684655527494,-0.008617796152824084
-0.0050470451852189764,-0.0033500350177536,-0.0013867552536971656,-0.0006030629225612302,0.0005450437255289888,0.00033960804436644436,-0.0076391264405902045,-0.0024294387504768455,0.0671591237493098,0.0007875017306675849,-0.008498768785434888,-0.009139345233885945
-0.00503825281513785,-0.0033466125601819222,-0.0014635379763572333,-0.0006278271839235133,0.0012134302906963825,0.0003448834699691391,-0.007717418091423335,-0.002523413521979772,0.06651818928416892,0.00026758338987136615,-0.007159561381191323,-0.009655609066699364
-0.005022811856896071,-0.003343161796748996,-0.001541036761134172,-0.0006535568282502031,0.0018747613576593591,0.00034526921661609,-0.007782338863964383,-0.002622515343358192,0.0657480241084264,-0.00019043406048118577,-0.005824593127018343,-0.010164755208984647
-0.005000799270125395,-0.0033397285123550973,-0.0016191181969362474,-0.000680302724958867,0.0025277559964757457,0.0003413876621636681,-0.007833948296450705,-0.0027266639983745703,0.06485090365485091,-0.0005858768300031972,-0.0044972933702459444,-0.010664975794291029
-0.0049723047024824866,-0.003336352240972317,-0.0016976496367858867,-0.0007081148516483416,0.003171157532106016,0.00033386661439237404,-0.007872339673477157,-0.0028357613395203624,0.06382940347120314,-0.0009183327242556147,-0.00318098203504448,-0.011154492434867339
-0.004937430232292516,-0.003333066224396885,-0.0017764995296239011,-0.0007370421163782761,0.0038037365058880114,0.00032333670069400864,-0.00789763889412573,-0.002949691606466532,0.06268639128519593,-0.0011876500154174643,-0.001878862094670239,-0.011631560954366557
-0.004896290081994148,-0.0033298973970254508,-0.0018555377404329185,-0.0007671321833652971,0.004424293553785718,0.00031042877359286996,-0.00791000326767775,-0.003068321790937679,0.061425018294345324,-0.0013939354048102745,-0.0005940126157338993,-0.012094475939862806
-0.004849010303256228,-0.00332686639645194,-0.0019346358579847207,-0.0007984313025507572,0.005031662193798188,0.0002957713411093269,-0.007909620242682682,-0.0031915020461543305,0.060048709708148684,-0.0015375510918983412,0.000670617614747418,-0.012541575103467525
-0.004795728434711207,-0.00332398759959232,-0.0020136674895743934,-0.0008309841434760139,0.00562471151520604,0.0002799880308146633,-0.007896706075251862,-0.003319066138897023,0.058561154573421814,-0.0016191109670343692,0.001912215871416531,-0.01297124344507096
-0.0047365931333219116,-0.00332126918395706,-0.0020925085421632595,-0.0008648336338813086,0.006202348762653072,0.0002636950962372956,-0.00787150444252135,-0.0034508319421619124,0.05696629491598448,-0.0016394759484391827,0.003128110674685783,-0.013381917207906921
-0.0046717637804666754,-0.0033187132136055825,-0.0021710374894122675,-0.0009000208034236287,0.006763521808394148,0.00024749897405821643,-0.007834285007280246,-0.003586601966302101,0.055268314232230886,-0.001599748487376644,0.004315776373535182,-0.013772087620130727
-0.0046014100638927195,-0.003316315749233832,-0.0022491356241476045,-0.0009365846328875511,0.007307221506397048,0.00023199390029190168,-0.0077853419397871555,-0.0037261639264823876,0.05347162536834904,-0.0015012662658863071,0.005472837125082855,-0.014140304415926605
-0.004525711536748963,-0.003314066981765492,-0.002326687295860578,-0.0009745619092410441,0.007832483922354253,0.00021775959337610128,-0.007724992402807516,-0.0038692913442162024,0.051580857823092185,-0.001345595117273772,0.006597070270845204,-0.01448517913083637
-0.004444857154966948,-0.0033119513887396243,-0.0024035801329040625,-0.0010139870868656443,0.008338392434048717,0.0002053590117974143,-0.007653575005889428,-0.004015744180703836,0.0496008445158006,-0.001134521198463627,0.0076864091127723105,-0.0148053881666904
-0.004359044794312091,-0.003309947912712838,-0.002479705249107806,-0.001054892155267405,0.00882407969692266,0.0001953361935598095,-0.007571448234859268,-0.004165269499648314,0.04753660805898818,-0.0008700424490573275,0.008738945093259662,-0.01509967562220517
-0.004268480748476943,-0.0033080301608227366,-0.002554957434594412,-0.001097306513551612,0.009288729470107063,0.00018821418446049985,-0.007478988862461961,-0.004317602157193073,0.04539334657789229,-0.0005543593708046066,0.009752929386201661,-0.015366855886746675
-0.0041733792096334005,-0.003306166624591558,-0.002629235330636704,-0.001141256851920574,0.009731578298601346,0.00018449306177525406,-0.007376590345996396,-0.0044724655165993355,0.04317641912096415,-0.00018986516624455024,0.010726773906911333,-0.015605815994505737
-0.0040739617329017454,-0.0033043209189848413,-0.0027024415884551855,-0.001186767040429889,0.010151917047729674,0.00018464805956806666,-0.007264661217699912,-0.004629572185263675,0.04089133070470152,0.0002208647248070697,0.011659051752385477,-0.015815517738362192
-0.003970456686230869,-0.0033024520396797786,-0.002774483011911287,-0.0012338580252145455,0.010549092286445651,0.00018912780144447565,-0.007143623473520379,-0.004788624771667614,0.0385437170384938,0.0006750836504747296,0.012548497083521112,-0.015994999542425684
-0.0038630986872160793,-0.003300514637441827,-0.002845270684107815,-0.001282547732372128,0.010922507516512246,0.00019835264614587362,-0.00701391096578525,-0.00494931665984888,0.03613932897482497,0.0011698852898048631,0.013394004463504708,-0.016143378093827473
-0.0037521280284083004,-0.0032984593084563587,-0.0029147200779623657,-0.0013328509796663248,0.011271624245043535,0.0002127131509477557,-0.0068759678051248715,-0.005111332798990492,0.03368401673143284,0.0017022156705715566,0.014194627668571033,-0.016259849734494916
-0.003637790092691269,-0.0032962328994147003,-0.0029827511508722063,-0.001384779396189957,0.011595962898362785,0.00023256865738390854,-0.006730246776843242,-0.005274350505735933,0.031183713932417034,0.002268885616659007,0.014949577987754772,-0.016343691614593245
-0.0035203347603214585,-0.0032937788261110045,-0.0030492884236401783,-0.0014383413501029396,0.01189510357559928,0.00025824600335525884,-0.006577207776751166,-0.005438040276860588,0.028644421514882112,0.002866583577611055,0.01565822203066057,-0.016394262610337842
-0.0034000158092388853,-0.003291037404268159,-0.003114261043880323,-0.0014935418845370234,0.01216868664091537,0.0002900383652138396,-0.00641731627127779,-0.005602066609956179,0.026072191548335844,0.0034918887941050927,0.01632007906401446,-0.016411004008780247
-0.0032770903102656585,-0.0032879461912773984,-0.003177602834169069,-0.001550382661735892,0.012416413153729974,0.0003282042329382904,-0.006251041786471427,-0.005766088829817558,0.023473111014584824,0.004141284750785075,0.016934817897258245,-0.01639343996349564
-0.0031518180188131444,-0.0032844403375075536,-0.0032392523252528253,-0.0016088619154762992,0.012638045136772842,0.00037296652103066037,-0.006078856430279797,-0.005929761918263864,0.02085328559398858,0.004811172867688916,0.01750225334106771,-0.016341177725765474
-0.003024460764717917,-0.0032804529458160137,-0.003299152774665561,-0.0016689744117934693,0.012833405682272621,0.00042451181727731584,-0.005901233452267333,-0.0060927373451701485,0.018218823505967152,0.005497886381642177,0.01802234226142506,-0.01625390765549141
-0.002895281841821316,-0.0032759154378745117,-0.0033572521711503333,-0.0017307114180120063,0.013002378897047563,0.0004829897710230837,-0.005718645844687139,-0.006254663898537262,0.015575819449021089,0.006197704367511402,0.01849517925461365,-0.016131403017931242
-0.002764545398897456,-0.0032707579259088244,-0.003413503225316625,-0.0017940606800621228,0.01314490968772446,0.0005485126221143731,-0.00553156498857124,-0.00641518851148604,0.012930338686358511,0.0069068658507464645,0.018920991968566322,-0.01597351957182437
-0.002632515833520006,-0.0032649095884423767,-0.0034678633470007205,-0.00185900640804017,0.013261003387765587,0.0006211548711751709,-0.005340459348247832,-0.006573957084123413,0.010288401321866814,0.007621583961413096,0.019300136096115264,-0.015780194955650292
-0.0024994571904390426,-0.0032582990486295766,-0.0035202946098291023,-0.0019255292699522594,0.01335072522842705,0.0007009530913848567,-0.005145793217428529,-0.006730615298294446,0.007655966810425796,0.008338060080524075,0.01963309006774537,-0.015551447878556238
-0.0023656325660158604,-0.0032508547537654533,-0.0035707637035149076,-0.001993606393560259,0.0134141996562094,0.0007879058814397931,-0.004948025519732519,-0.00688480942330544,0.005038918746043897,0.009052497930463192,0.01992044947145656,-0.015287377123642462
-0.002231303520235895,-0.0032425053545637717,-0.003619241874444793,-0.002063211376230679,0.013451609499783636,0.0008819739588965343,-0.004747608666244581,-0.007036187110778622,0.0024430499688034013,0.009761117560885053,0.020162921226131045,-0.014988160370993944
-0.0020967294977880238,-0.0032331800828061933,-0.0036657048551381323,-0.0021343143026689546,0.013463194989790643,0.0009830803926191413,-0.004544987472423258,-0.007184398176876469,-0.00012595196740206038,0.01046016918363634,0.02036131753813354,-0.014654052848575558
-0.00196216725966251,-0.003222809125980185,-0.0037101327831821963,-0.002206881770404417,0.01344925263531208,0.0010911109725824945,-0.004340598136389542,-0.00732909537021599,-0.0026625189283103756,0.011145946809034309,0.020516549668609593,-0.014285385819328492
-0.0018278703266799636,-0.0032113239975431504,-0.0037525101102659003,-0.0022808769228748857,0.013410133961197236,0.0012059147148244574,-0.0041348672803512565,-0.00746993512387778,-0.005161215894658455,0.011814801639358267,0.020629621539047474,-0.013882564913029513
-0.0016940884363199668,-0.003198657901474553,-0.0037928255019508018,-0.002356259489944283,0.013346244110802125,0.0013273044988949907,-0.003928211056629043,-0.007606578290001664,-0.007616754184363805,0.012463155174748393,0.020701623205395245,-0.013446068311747342
-0.0015610670141707023,-0.0031847460898065207,-0.0038310717288312984,-0.0024329858356720332,0.013258040319050762,0.0014550578347114892,-0.0037210343194702808,-0.0077386908555483955,-0.010024004165908651,0.013087511988551286,0.020733724226357123,-0.012976444797598949
-0.0014290466612701105,-0.003169526211856409,-0.0038672455497464394,-0.002511009013139269,0.013146030261067608,0.001588917755310876,-0.0035137298635579215,-0.007865944637898758,-0.012378007430722149,0.013684472131326071,0.020727166956114748,-0.012474311672473606
-0.0012982626585550207,-0.0031529386539219354,-0.0039013475877134438,-0.002590278826124033,0.013010770281950346,0.0017285938315838357,-0.0033066777298429526,-0.007988017959054045,-0.014673988392730153,0.0142507431232659,0.02068325978687903,-0.01194035255858382
-0.0011689444895775045,-0.0031349268682405915,-0.00393338219925795,-0.002670741897405762,0.012852863513552904,0.0018737633046849323,-0.0031002445790582075,-0.00810459629729176,-0.01690736528675829,0.014783151496953424,0.02060337037006997,-0.011375315088958962
-0.0010413153825875915,-0.0031154376900599475,-0.0039633573378182385,-0.002752341743468352,0.0126729578844297,0.002024072331443866,-0.0028947831329995738,-0.008215372915226265,-0.019073760537882678,0.015278653854833284,0.020488918841656725,-0.010780008497942015
-0.0009155918730186698,-0.003094421641713979,-0.003991284411900253,-0.0028350188553610744,0.012471744029354631,0.002179137337749879,-0.00269063168340332,-0.008320049463318189,-0.021169010477131045,0.01573434740636937,0.020341371077594025,-0.010155301120442842
-0.0007919833873465628,-0.003071833222652492,-0.004017178138657219,-0.002918710785467503,0.012249953105066769,0.0023385464745475084,-0.002488113667989912,-0.00841833655796749,-0.023189174380441657,0.016147479953156456,0.020162232005087502,-0.00950211780941733
-0.0006706918492256572,-0.003047631184425896,-0.004041056393562152,-0.003003352239924445,0.012008354519114356,0.002501861170771694,-0.002287537312996657,-0.008509954333420913,-0.02513054281004068,0.01651545929168064,0.019953038993563585,-0.008821437281267289
-0.0005519113087357601,-0.0030217787896857327,-0.004062940056833558,-0.0030888751764256285,0.011747753578865055,0.0026686177772609304,-0.002089195341284543,-0.00859463296681582,-0.026989645239819837,0.016835862006166706,0.019715355348859168,-0.008114289397714289
-0.0004358275955018137,-0.0029942440543223366,-0.0040828528572643555,-0.003175208907138568,0.01146898906792423,0.002838329295418292,-0.0018933647448749705,-0.008672113175772071,-0.02876325694834525,0.01710644162530562,0.019450763933055323,-0.007381752393535904
-0.00032261799637542247,-0.002964999971924505,-0.004100821214091471,-0.0032622802064576134,0.011172930757354023,0.0030104871841480077,-0.0017003066205481796,-0.008742146688037017,-0.030448405165696024,0.017325136120637567,0.01916086093230286,-0.006624950059453391
-0.00021245095829258183,-0.002934024719811901,-0.004116874077528853,-0.0033500134233116754,0.010860476859214103,0.003184563238372824,-0.0015102660669280997,-0.008804496682775392,-0.03204237446228786,0.01749007472432574,0.018847249791713136,-0.005845048888221696
-0.00010548581684626322,-0.002901301845958819,-0.004131042768569907,-0.0034383305977414556,0.01053255143004962,0.003360011532243602,-0.001323472141282782,-0.008858938203180641,-0.033542711370608935,0.017599584049829857,0.018511535337350407,-0.005043255192827986
-1.8725510358520076e-06,-0.0028668204361976834,-0.004143360818646717,-0.003527151581458217,0.010190101732032626,0.0035362704199834874,-0.001140137874079171,-0.008905258540171674,-0.03494722823279017,0.01765219349814718,0.018155318103371773,-0.004220812205378524
9.824843542191663e-05,-0.0028305752611619745,-0.004153863809712892,-0.0036163941620941742,0.0098340955595211,0.0037127645871582863,-0.0009604603391558718,-0.008943257587019741,-0.036254006269514805,0.017646639936812585,0.017780188881288086,-0.00337899716423494
0.00019474650591368942,-0.002792566902500935,-0.004162589215294768,-0.003705974190853416,0.009465518538833456,0.0038889071450496407,-0.0007846207772192486,-0.008972748164828587,-0.037461397868013946,0.01758187164145831,0.017387723506036554,-0.002519118397534284
0.0002875009556530911,-0.0027528018579721235,-0.004169576243031966,-0.0037958057132719014,0.009085371409046882,0.0040641017607126375,-0.0006127847702203355,-0.00899355631886851,-0.03856802808930093,0.017457051491141067,0.016979477893746056,-0.0016425124104500893
0.0003764011491564011,-0.002711292625092415,-0.004174865679203211,-0.003885801102795438,0.008694667291615117,0.004237744815229058,-0.0004451024640287225,-0.009005521585838793,-0.03957279539705183,0.017271559412142985,0.016556983344576545,-0.0007505409836067317
0.00046134663039730305,-0.002668057763103141,-0.004178499735706879,-0.003975871196885649,0.008294428956565274,0.004409227582625716,-0.00028170883670484135,-0.009008497232203436,-0.04047487161291674,0.017024994067188597,0.016121742120199692,0.00015541171067824655
0.0005422472056450024,-0.002623121933080449,-0.004180521899938208,-0.0040659254353657215,0.00788568609297459,0.004577938421912756,-0.00012272400956096235,-0.009002350463811063,-0.04127370110522033,0.016717173790219315,0.01567522330857611,0.0010739419677961853
0.0006190229990666101,-0.0025765159160973726,-0.004180976787976546,-0.004155872000720146,0.007469472591346967,0.0047432649747024885,3.174640189324162e-05,-0.008986962607073804,-0.04196899922030417,0.016348136767727277,0.015218858982264681,0.0020036293796556054
0.0006916044812503744,-0.0025282766094193334,-0.00417991000146658,-0.0042456179600657284,0.007046823845405879,0.004904596360905338,0.00018161090010008192,-0.008962229262042714,-0.04256074996791337,0.015918140472842686,0.014754040659103379,0.002943039626562269
0.000759932470880882,-0.002478447000789514,-0.004177367988547342,-0.004335069408514803,0.006618774080695645,0.005061325365058593,0.0003267916837475323,-0.008928060427772222,-0.043049202974133505,0.015427660357808175,0.014282116070386694,0.003890727227536042
0.0008239581098705485,-0.00242707612093459,-0.004173397909152083,-0.004424131613655738,0.0061863537172376585,0.0052128506059262,0.00046722419530415536,-0.008884380600414701,-0.04343486971746369,0.014877387815713246,0.013804386240937924,0.004845238243968195
0.0008836428123233481,-0.0023742189744943697,-0.004168047504970902,-0.004512709160880524,0.005750586773322273,0.00535857868211782,0.0006028566409320508,-0.008831128844542617,-0.043718519065613415,0.014268227422610795,0.013322102884641182,0.005805112930448511
0.0009389581877766167,-0.002319936449650762,-0.004161364974336555,-0.004600706099294424,0.005312488317331432,0.005497926286603766,0.0007336494859374028,-0.008768258838237272,-0.04390117213255473,0.013601293474578509,0.012836466116429204,0.006768888330620379
0.000989885939234686,-0.0022642952068019397,-0.004153398852262246,-0.004688026087948226,0.00487306197428242,0.005630322283160663,0.0008595749289243713,-0.00869573889252309,-0.04398409647724766,0.012877905836801033,0.012348622480964508,0.007735100812216081
0.0010364177365739067,-0.0022073675466963635,-0.004144197895828544,-0.004774572542139676,0.004433297493561728,0.005755209737954562,0.0009806163578160705,-0.008613551945767068,-0.04396879966689082,0.012099585121978625,0.011859663297375325,0.008702288538988343
0.0010785550659621016,-0.002149231258508247,-0.004133810975085017,-0.004860248779536981,0.003994168384077256,0.005872047899668732,0.0010967677908892916,-0.008521695533693882,-0.04385702223000354,0.011268047220855386,0.011370623317268888,0.009668993875648804
0.0011163090559964902,-0.0020899694484008855,-0.004122286969600873,-0.004944958165883949,0.003556629622800471,0.005980314121803573,0.0012080333059395333,-0.008420181735699712,-0.04365073002535358,0.010385197206112758,0.01088247969277946,0.010633765723185293
0.0011497002813224927,-0.002029670349186825,-0.00410967467076795,-0.005028604260053302,0.0031216154424000193,0.006079505721008497,0.0013144264606451072,-0.008309037098170807,-0.043352106054736717,0.009453122634872073,0.010396151248335303,0.011595161782595911
0.0011787585445513994,-0.0019684271117539538,-0.004096022689928971,-0.005111090958221853,0.002690037203381333,0.00616914176556579,0.0014159697071506037,-0.008188302535539451,-0.04296354174900052,0.00847408627658653,0.009912498052764021,0.01255175074367508
0.0012035226373475374,-0.0019063375789840158,-0.004081379372374123,-0.005192322636948677,0.0022627813558462667,0.006248764788421802,0.00151269380381896,-0.008058033209825361,-0.042487627758012736,0.007450518294615953,0.00943232128090725,0.013502114399142853
0.0012240400816051493,-0.001843504042944666,-0.004065792717219924,-0.005272204294944918,0.0018407074956761087,0.006317942419448163,0.0016046372270209829,-0.007918298389422884,-0.041927144276018846,0.006385007910656111,0.008956363359497302,0.014444849681352609
0.0012403668516816162,-0.001780032986187809,-0.004049310303156075,-0.00535064169333161,0.0014246465196172684,0.006376268931923254,0.00169184558574867,-0.007769181287915411,-0.04128505093574919,0.0052802945843620705,0.008485308386040155,0.015378570620141821
0.0012525670786967728,-0.0017160348080354684,-0.004031979220018662,-0.005427541494189683,0.0010153988834140607,0.006423366698544856,0.0017743710417340078,-0.0076107788836992886,-0.04056447630489235,0.004139258739958358,0.008019782811027401,0.01630191022308268
0.0012607127379478007,-0.001651623536779658,-0.004013846006121758,-0.005502811397214208,0.0006137329667915163,0.006458887552617236,0.001852271737646732,-0.007443201721205743,-0.039768707019616545,0.002964912074517538,0.00756035637151746,0.017213522275626572
0.0012648833205254554,-0.0015869165287645591,-0.003994956591254362,-0.0055763602742928,0.00022038354873942217,0.006482514050402521,0.0019256112358324432,-0.0072665736945126,-0.03890117659080228,0.0017603874825394897,0.007107543265624752,0.018112083063001813
0.0012651654902501018,-0.0015220341553576463,-0.003975356245225603,-0.005648098301836048,-0.00016394960381015556,0.006493960630980053,0.001994457969919415,-0.0070810318141370145,-0.03796545391911327,0.0005289286329669338,0.006661803551769638,0.018996293012115376
0.0012616527270751408,-0.0014570994788511312,-0.003955089531818533,-0.005717937090695713,-0.0005386030311820339,0.006492974670322963,0.002058884711494602,-0.006886725957796008,-0.03696523155526239,-0.000726120764384823,0.006223544763267766,0.019864878256085836
0.0012544449581308635,-0.0013922379183661428,-0.0039342002679915245,-0.005785789813514268,-0.0009029507576734366,0.006479337426674702,0.0021189680539070942,-0.0066838186059148584,-0.035904313743018154,-0.0020013279652674257,0.005793123719230728,0.02071659212014411
0.0012436481776035087,-0.0013275769068593329,-0.0039127314881464426,-0.005851571329357125,-0.0012564053477975142,0.006452864874687293,0.0021747879151092896,-0.0064724845626565695,-0.034786604281797376,-0.0032931824322143186,0.005370848521208352,0.021550216531513663
0.0012293740566623223,-0.0012632455403550613,-0.0038907254132643956,-0.005915198305486568,-0.0015984188404397695,0.006413408426167012,0.002226427061300098,-0.0062529106632321415,-0.03361609424665367,-0.004598107271841852,0.004956980716953316,0.022364563353371905
0.001211739544661682,-0.0011993742205459088,-0.0038682234246930377,-0.005976589336143935,-0.001928483559688297,0.006360855535663496,0.002273970652971478,-0.006025295468241148,-0.032396849603051794,-0.0059124708288614755,0.004551737617322707,0.023158475644826745
0.0011908664628558691,-0.00113609429191995,-0.003845266042354157,-0.0060356650582140065,-0.002246132801474264,0.0062951301895282545,0.002317505814804663,-0.0057898489457731935,-0.031132998754141647,-0.007232598398186803,0.0041552947493143505,0.0239308288487642
0.001166881091870834,-0.0010735376745850032,-0.0038218929071266606,-0.006092348263652809,-0.002550941395532785,0.006216193277461128,0.0023571212306946255,-0.005546792141987272,-0.029828720057562555,-0.008554784015238563,0.0037677884286781566,0.02468053190842011
0.0011399137541803386,-0.0010118364939679105,-0.0037981427671480877,-0.006146564008567079,-0.0028425261425662706,0.006124042845957396,0.0023929067650199556,-0.005296356840866697,-0.028488229349134517,-0.009875302285507932,0.003389318436387831,0.025406528315694912
0.0011100983928332055,-0.0009511227085708356,-0.0037740534677674635,-0.006198239718840554,-0.0031205461268603452,0.006018714233457596,0.0024249531111048776,-0.005038785213828423,-0.02711576750968038,-0.011190420214452039,0.003019950780596539,0.026107797091959747
0.001077572147674069,-0.0008915277369665911,-0.003749661944873681,-0.006247305292208909,-0.003384702904966942,0.005900280087391301,0.0024533514676516096,-0.004774329459842493,-0.025715588111638973,-0.012496408998807003,0.0026597205287498954,0.026783353705226345
0.0010424749302920962,-0.0008331820852111784,-0.0037250042213166413,-0.006293693196691607,-0.0036347405714276327,0.0057688502636912345,0.0024781932437563468,-0.004503251436697128,-0.024291945180499167,-0.01378955574120632,0.0023086346921975115,0.027432250923846588
0.001004948998920656,-0.0007762149758440573,-0.003700115406133117,-0.006337338565295211,-0.003870445702860431,0.005624571609732996,0.0024995697929485004,-0.004225822284023748,-0.02284908110606053,-0.015066175050441395,0.001966675146233207,0.02805357961082934
0.0009651385344959576,-0.000720753979635247,-0.003675029696285717,-0.0063781792869086786,-0.004091647182079225,0.005467627632029051,0.002517572176531551,-0.003942322038669696,-0.021391214737698352,-0.0163226204903476,0.0016338015703769165,0.028646469459981158
0.0009231892190643121,-0.0006669246512232477,-0.0036497803806213747,-0.006416156093316957,-0.004298215904249883,0.005298238050370818,0.002532290956336865,-0.0036530392429859363,-0.01992252969643303,-0.017555295841298897,0.0013099543906858607,0.02921008967677076
0.0008792478177060008,-0.0006148501697690449,-0.0036243998457554934,-0.006451212642264747,-0.00449006436741238,0.005116658240469747,0.0025438160168394113,-0.003358270546572128,-0.018447162936066422,-0.018760666138915354,0.000995057709823402,0.02974364960599095
0.0008334617651188668,-0.0005646509857292208,-0.0035989195835891643,-0.006483295596507599,-0.00466714615001442,0.00492317856749507,0.002552236416426397,-0.00305832030199835,-0.016969193584341555,-0.019935268456020012,0.0006890222075737612,0.030246399308764618
0.0007859787579767636,-0.0005164444748255351,-0.00357337020016976,-0.006512354698792569,-0.0048294552784062155,0.004718123613242058,0.002557640267454491,-0.002753500154995498,-0.015492632094017536,-0.021075722394582434,0.00039174799804504723,0.030717630091805823
0.0007369463541470413,-0.0004703446002593818,-0.0035477814256095704,-0.00653834284271549,-0.0049770254875382515,0.004501851299988612,0.0025601146445833937,-0.0024441286295888115,-0.01402140973238973,-0.022178740256106784,0.00010312742773548045,0.031156674989531466
0.0006865115798174358,-0.00042646158418739393,-0.003522182124783023,-0.0065612161394065505,-0.005109929378382838,0.004274751914408959,0.002559745520726116,-0.002130530708623239,-0.012559368436527621,-0.023241136859823867,-0.00017695219919104666,0.03156290920358305
0.000634820545546189,-0.0003849015894392913,-0.0034966003085303014,-0.006580933980000204,-0.005228277475866529,0.004037247035211563,0.0025566177298181727,-0.0018130374101074681,-0.011110251060210671,-0.024259838979655453,-0.0004486059823975569,0.031935750499571106
0.0005820180722101002,-0.00034576641242098274,-0.0034710631451038347,-0.006597459093849631,-0.005332217191351222,0.003789788368450153,0.0025508149554751792,-0.0014919853597779626,-0.009677692036727983,-0.02523189437262651,-0.0007119488862011164,0.03227465956633001
0.0005282473277836509,-0.0003091531881051111,-0.00344559697160404,-0.006610757602449887,-0.00542193169393863,0.00353285649472418,0.0025424197444837925,-0.0011677163602731955,-0.008265208480753614,-0.026154480372568074,-0.0009670933120761865,0.032579140334623405
0.0004736494758384871,-0.00027515410796780646,-0.0034202273051618767,-0.006620799069037652,-0.005497638695094144,0.0032669595327367426,0.0025315135439488243,-0.0008405769572797342,-0.0068761917503491615,-0.027024912024919405,-0.0012141467949174228,0.03284874026406885
0.0004183633366065609,-0.00024385615168456476,-0.0033949788536380776,-0.006627556543839024,-0.0055595891512910875,0.002992631723911598,0.002518176760810996,-0.0005109180029947247,-0.0055138994890396725,-0.027840649740109476,-0.0014532098326482529,0.03308305059293305
0.0003625250614022803,-0.00021534083335006884,-0.0033698755256222884,-0.006631006604940196,-0.00560806588956504,0.0027104319429875874,0.0025024888423468626,-0.00017909421723971388,-0.004181448165750848,-0.028599306444692656,-0.0016843738601784314,0.0332817065580691
0.00030626782114925654,-0.00018968396293659212,-0.003344940439529727,-0.006631129394759069,-0.0056433821610397065,0.0024209421397077555,0.0024845283761653902,0.00015453625346519391,-0.0028818061291823044,-0.029298654211273763,-0.001907719376116071,0.03344438758291246
0.00024972150970585283,-0.00016695542365355228,-0.003320195931608239,-0.0066279086520989105,-0.005665880127641036,0.0021247657169002135,0.0024643732081322117,0.0004896122785664372,-0.0016177871910835334,-0.029936630350234632,-0.0021233142305196323,0.03357081743733621
0.0001930124626308812,-0.00014721896581700635,-0.0032956635626847034,-0.006621331739768112,-0.005675929287353291,0.0018225258504089717,0.002442100576574922,0.000825770187593344,-0.0003920447513675457,-0.030511342948013727,-0.002331212080938297,0.033660764368045146
0.0001362631919766625,-0.0001305320177825877,-0.0032713641234965517,-0.006611389667752876,-0.005673924843490447,0.0015148637564747582,0.002417787261055429,0.0011626442154537664,0.0007929335239363761,-0.031021075838828953,-0.0025314510229603043,0.03371404120403933
7.959213764142046e-05,-0.00011694551443877383,-0.003247317638471596,-0.006598077111932401,-0.0056602860235579625,0.0012024369122880154,0.0023915097439357216,0.0014998669486412895,0.0019348304625605023,-0.03146429299851961,-0.002724052400981128,0.03373050543346533
2.311343575681028e-05,-0.00010650374369964075,-0.00322354336783734,-0.00658139242832871,-0.005635454353364072,0.000885917235538601,0.0023633443829154254,0.0018370697720968031,0.0030315035762174952,-0.031839642351363266,-0.0029090198030781583,0.033710059257637384
-3.306329547053652e-05,-9.924421137760256e-05,-0.0032000598079593495,-0.006561337662885843,-0.005599891892105287,0.0005659892288690379,0.0023333675926827105,0.0021738833164766623,0.004080988675539424,-0.03214595898254936,-0.003086338243464784,0.03365264961833446
-8.883315210205547e-05,-9.519752475725397e-05,-0.0031768846898269955,-0.006537918556775579,-0.005554079434198503,0.0002433480952006791,0.0023016560337880904,0.0025099379055761417,0.005081502905817423,-0.0323822677511224,-0.0032559735354591862,0.033558268201561395
-0.00014409612269135788,-9.438729513152922e-05,-0.0031540349756239046,-0.006511144547229356,-0.00549851468366198,-8.130217005572851e-05,0.0022682868068300893,0.00284486400366837,0.006031447201487197,-0.03254778530015912,-0.003417871856141022,0.03342695141688433
-0.000198757248143964,-9.683005950116396e-05,-0.003131526853339571,-0.00648102876389844,-0.005433710406859241,-0.0004072507038712196,0.0022333376500366657,0.003178292662514921,0.00692940815906061,-0.0326419214629391,-0.003571959502543673,0.03325878035242581
-0.0002527267630253307,-0.00010253522157809614,-0.003109375729397777,-0.006447588020746828,-0.005360192569414098,-0.0007337817115152174,0.0021968871383220667,0.0035098559678075447,0.0077741593299679584,-0.03266428006586044,-0.0037181428403761513,0.03305388070609892
-0.00030592021818780945,-0.00011150501217316507,-0.0030875962192966223,-0.006410842803483821,-0.005278498463081654,-0.0010601764074985693,0.002159014881908908,0.003839187484793766,0.00856466193652082,-0.03261465913080994,-0.0038563084422555266,0.032812422691145274
-0.00035825858464481506,-0.00012373446898846104,-0.003066202136273949,-0.006370817252545663,-0.005189174828319468,-0.0013857149555606238,0.0021198017226257857,0.004165922702837815,0.009300065015916417,-0.03249305048160097,-0.003986323414368956,0.032534620917664445
-0.00040966833867764135,-0.00013921143577513308,-0.0030452064780307326,-0.006327539141638146,-0.005092775978245788,-0.001709678401773784,0.0020793299260174593,0.004489699478665672,0.009979704998819602,-0.03229963876103107,-0.00410803590729629,0.03222073424790707
-0.0004600815282168573,-0.00015791658075856951,-0.003024621411563435,-0.00628103985185466,-0.0049898619295974,-0.002031350594913503,0.0020376833674420254,0.004810158478031448,0.010603104730858029,-0.032034799866912676,-0.004221275807790484,0.03187106562524809
-0.0005094358205958923,-0.00017982343417480916,-0.0030044582561743476,-0.006231354341386818,-0.004880996546209596,-0.0023500200883344257,0.0019949477103754893,0.005126943615537014,0.011169971946702759,-0.03169909881727188,-0.0043258556055167235,0.03148596187586518
-0.000557674531829115,-0.00020489844470500184,-0.0029847274647464687,-0.006178521110847509,-0.004766745700434952,-0.0026649820177041105,0.0019512105752002872,0.005439702492324692,0.01168019720822601,-0.031293287056665085,-0.004421571429523666,0.031065813481670354
-0.0006047466376202724,-0.0002331010545388901,-0.002965438603386398,-0.0061225821642291005,-0.004647675457796529,-0.0029755399490735412,0.0019065616968138382,0.005748086831357073,0.01213385131945853,-0.030818299217221047,-0.004508204247766143,0.030611054324805945
-0.0006506067663594309,-0.0002643837927437988,-0.0029466003295549985,-0.00606358296552242,-0.004524350290035158,-0.0032810076919082,0.0018610930694660782,0.006051752909978953,0.012531182232815699,-0.030275249349710674,-0.004585521221785863,0.03012216139957012
-0.0006952151744174134,-0.00029869238656265995,-0.0029282203688211,-0.006001572391025292,-0.004397331321561342,-0.003580711071864029,0.001814899077313617,0.006350361989446687,0.012872611461947611,-0.02966542664145514,-0.004653277208706383,0.029599654493976515
-0.0007385377040960143,-0.0003359658902133225,-0.002910305490388232,-0.005936602677372554,-0.004267174614158845,-0.003873989658268484,0.0017680766092599957,0.006643580741100965,0.013158730018551737,-0.028990290639435888,-0.00471121640201784,0.029044095836879155
-0.0007805457246398616,-0.00037613683071195084,-0.0028928614815582005,-0.005868729365322882,-0.004134429494610612,-0.00416019844145718,0.0017207251567462976,0.006931081668833456,0.013390293891094682,-0.02825146599830334,-0.00475907410072178,0.028456089709619117
-0.0008212160567615697,-0.0004191313701958416,-0.0028758931213082,-0.0057980112393412634,-0.003999636929731006,-0.004438709455320969,0.001672946893253787,0.007212543527490216,0.013568219084826652,-0.027450736774454497,-0.004796578597780335,0.027836282021732814
-0.0008605308811756634,-0.00046486948417562356,-0.0028594041531700243,-0.005724510263019621,-0.00386332795308775,-0.004708913340635424,0.0016248467343813724,0.00748765173683823,0.013693576243824487,-0.026590040288436513,-0.004823453176702561,0.027185359847869975
-0.0008984776316785382,-0.0005132651551036704,-0.002843397257610752,-0.005648291510381933,-0.003726022147487203,-0.004970220844973948,0.0015765323774731086,0.007756098790699486,0.013767584876284947,-0.025671460579268245,-0.004839418204950222,0.026504050924381226
-0.000935048873351364,-0.000564226580604772,-0.0028278740241239777,-0.005569423093124208,-0.0035882261870779446,-0.005222064255246363,0.0015281143198817141,0.008017584660845354,0.0137916072055667,-0.024697221475214838,-0.004844193313328679,0.02579312310479233
-0.0009702421665002398,-0.0006176563956767816,-0.0028128349232492116,-0.005487976083843863,-0.0034504324426972194,-0.005463898759155552,0.0014797058550715095,0.008271817195223788,0.013767141670578367,-0.023669679306622858,-0.004837499648712232,0.025053383770894375
-0.0010040599169829684,-0.0006734519081331844,-0.0027982792787444163,-0.0054040244353173615,-0.003313117653848499,-0.005695203732125009,0.001431423045887554,0.008518512510076461,0.013695816099165689,-0.022591315287268578,-0.004819062188078857,0.024285679199640434
-0.0010365092136044812,-0.0007315053465264033,-0.0027842052401427747,-0.00531764489588955,-0.003176741670454076,-0.005915483946518778,0.0013833846744407698,0.008757395375485857,0.013579380579718983,-0.021464727591485176,-0.00478861210127797,0.02349089388223867
-0.0010676016532931256,-0.0007917041197602552,-0.002770609755929652,-0.005228916921042767,-0.0030417462672747957,-0.006124270700251596,0.0013357121681837599,0.008988199593870651,0.013419700056137004,-0.020292623155078217,-0.004745889150124014,0.02266994979472027
-0.0010973531547976664,-0.0008539310875723576,-0.0027574885475793193,-0.005137922581218713,-0.0029085540336333555,-0.006321122862168894,0.0012885295018827798,0.009210668370940136,0.013218746672151074,-0.01907780922838139,-0.004690644110071987,0.021823805619176614
-0.0011257837616699053,-0.0009180648410425265,-0.0027448360846932997,-0.005044746465971034,-0.002777567340814436,-0.006505627831864889,0.001241963075321139,0.009424554678595829,0.012978591891632849,-0.01782318471081771,-0.004622641202256125,0.020953455911961974
-0.001152917435320227,-0.0009839799922613495,-0.002732645561483201,-0.004949475584531781,-0.0026491673892498954,-0.0066774024118997095,0.001196141566698569,0.009629621609254752,0.012701398421275281,-0.016531731296146344,-0.004541660522257865,0.02005993021982276
-0.0011787818389531236,-0.0010515474722742045,-0.0027209088748405977,-0.004852199262880223,-0.0025237133373294347,-0.006836093590671274,0.0011511957618221293,0.0098256427210567,0.01238941196281683,-0.015206504458166438,-0.004447500453030093,0.01914429214056669
-0.0012034081132067914,-0.0011206348364000429,-0.00270961660423491,-0.004753009037407938,-0.0024015415134041192,-0.006981379234496413,0.0011072583593153874,0.010012402373400436,0.012044952822246283,-0.013850624306861424,-0.004339980048318273,0.018207638328180384
-0.0012268306443352043,-0.0011911065760113052,-0.0026987579936773227,-0.0046519985452797025,-0.0022829647122784586,-0.0071129686877560525,0.0010644637522020997,0.010189696052246606,0.011670407402885816,-0.012467266345066487,-0.004218941374339244,0.01725109744105381
-0.001249086825782668,-0.001262824435851377,-0.0026883209359845816,-0.0045492634115954205,-0.0021682715772143087,-0.0072306032802583,0.0010229477863461143,0.010357330684609797,0.011268219609944188,-0.011059652155382925,-0.0040842517968578546,0.01627582903158452
-0.001270216814009718,-0.0013356477359590315,-0.0026782919595710643,-0.004444901133464093,-0.0020577260681956568,-0.007334056741272602,0.0009828474963573552,0.01051512494165564,0.010840882193786192,-0.009631040047477536,-0.00393580620089394,0.015283022377583957
-0.0012902632794353607,-0.001409433697265329,-0.0026686562179907953,-0.004339010961106757,-0.0019515670169329064,-0.007423135519986879,0.0009443008196964458,0.010662909529811701,0.010390928058763862,-0.008184715695378007,-0.0037735291312879365,0.014273895253628308
-0.001309271153364097,-0.001484037769927436,-0.0026593974824431687,-0.004231693776111252,-0.0018500077688143252,-0.007497679012434531,0.0009074462898288637,0.010800527469289303,0.009920921564952376,-0.006723982794152351,-0.0035973768422284808,0.013249692641891922
-0.001327287371766897,-0.0015593139634657541,-0.002650498137447037,-0.0041230519669677446,-0.0017532359117456765,-0.007557559695229104,0.0008724227093974634,0.010927834359412098,0.009433449848777378,-0.005252153764762256,-0.00340733924405158,0.012211685382667245
-0.0013443606167834075,-0.0016351151777755626,-0.0026419391798775836,-0.004013189302019932,-0.001661413091556443,-0.0076026831667326,0.0008393688044932381,0.011044698630150418,0.00893111418906932,-0.0037725405359370426,-0.0032034417367934748,0.011161168764996635
-0.0013605410568081435,-0.0017112935340920534,-0.002633700221549061,-0.003902210799972935,-0.0015746749133907613,-0.007632988096565547,0.0008084228612113011,0.011151001779249013,0.00841652144406703,-0.0022884454306523958,-0.0029857469195939262,0.010099461054722245
-0.0013758800860163296,-0.0017877007049980913,-0.0026257594955140934,-0.003790222598104983,-0.0014931309282464513,-0.00764844608464204,0.0007797223457822005,0.011246638594341383,0.00789227558479498,-0.0008031521846461401,-0.002754356166226199,0.00902790196375182
-0.001390430064175456,-0.0018641882425772134,-0.002618093866236856,-0.003677331818336012,-0.0014168647035788249,-0.007649061431182389,0.0007534035096653073,0.011331517359452778,0.007360969348730331,0.000680082876576317,-0.0025094110571524247,0.007947851058526897
-0.0014042440575765653,-0.0019406079038302045,-0.002610678843783127,-0.0035636464313122894,-0.001345933976643037,-0.00763487081941582,0.0007296009810804417,0.011405560045291745,0.006825176038427236,0.002158039476737504,-0.0022510946598206932,0.006860686109266392
-0.0014173755819048455,-0.0020168119724919826,-0.002603488602155027,-0.0034492751186721246,-0.0012803708890130074,-0.0076059429129398115,0.0007084473445395865,0.011468702482741233,0.006287441487578663,0.0036275418184641764,-0.0019796326483503407,0.005767801380631252
-0.0014298783478523581,-0.0020926535764064043,-0.0025964960018822355,-0.0033343271336635566,-0.0012201823004895165,-0.00756237786994451,0.0006900727100187091,0.011520894518972367,0.005750276217119529,0.005085466780596147,-0.0016952942558251388,0.004670605865595437
-0.0014418060102567565,-0.002167986999639842,-0.0025896726169647444,-0.0032189121602906254,-0.001165350180390159,-0.007504306776743048,0.00067460427347951,0.011562100155613871,0.005216147802751939,0.006528751859696182,-0.001398393052014682,0.003570521462705298
-0.0014532119215287286,-0.002242667988539916,-0.0025829887662447786,-0.003103140171170425,-0.0011158320740042576,-0.007431891003271742,0.0006621658705136453,0.011592297668426219,0.004687473474428369,0.00795440283456502,-0.0010892875411582653,0.0024689810997640255
-0.0014641488901077236,-0.0023165540509734444,-0.002576413549267511,-0.0029871212842885572,-0.001071561641794747,-0.007345321483433937,0.0006528775249399014,0.01161147970794732,0.00416661296747374,0.009359501132995919,-0.000768381573590507,0.001367426804456326
-0.001474668944660399,-0.0023895047480074266,-0.0025699148866716493,-0.002870965618845844,-0.0010324492687403097,-0.007244817923362501,0.0006468549942324196,0.011619653380595334,0.0036558616434137353,0.010741210881291395,-0.0004361245679058573,0.00026730772514628465
-0.0014848231047092457,-0.0024613819773285405,-0.0025634595651320034,-0.0027547831503941713,-0.000998382741029061,-0.0071306279408602765,0.0006442093136967537,0.011616840309739203,0.0031574438988360015,0.012096785619153429,-9.301153922731953e-05,-0.0008299218963725569
-0.0014946611583501214,-0.002532050247730104,-0.0025570132868567978,-0.0026386835654641297,-0.0009692279871460737,-0.007003026139452406,0.0006450463413443714,0.011603076676269123,0.002673506877761453,0.013423574662420688,0.000260417068750865,-0.0019228047976436041
-0.0015042314476870536,-0.0026013769440305892,-0.0025505407236228878,-0.002522776115891642,-0.0009448298802403689,-0.006862313120644663,0.0006494663054376325,0.011578413238228372,0.0022061145033795,0.014719029099127957,0.0006235757499013367,-0.0030098828105065284
-0.0015135806625807989,-0.002669232581824461,-0.002544005575312218,-0.002407169473055013,-0.0009250130985086783,-0.006708814438129713,0.0006575633566963585,0.011542915329097488,0.0017572418429585984,0.015980707403862003,0.0009958345018438869,-0.004089699015670231
-0.001522753643274339,-0.002735491051504185,-0.0025373706328929327,-0.002291971582237764,-0.0009095830401993311,-0.006542879497815081,0.0006694251271606664,0.011496662834352314,0.0013287698189108493,0.0172062806590643,0.0013765195910176858,-0.005160799933364504
-0.00153179319242392,-0.002800029851031588,-0.0025305978457686147,-0.002177289517336235,-0.0008983267897168738,-0.006364880407665496,0.000685132297702918,0.011439750145953506,0.0009224802775806146,0.018393537370852774,0.001764914517432617,-0.00622173774639688
-0.0015407398970284953,-0.0028627303069772,-0.0025236483933992237,-0.0020632293361341654,-0.0008910141311981929,-0.006175210781456936,0.0007047581761753012,0.011372286094460381,0.000540051426155555,0.019540387870859134,0.002160261177044029,-0.0072710725522280445
-0.0015496319607136476,-0.0029234777833876224,-0.00251648276107756,-0.001949895936369359,-0.0008873986058322767,-0.005974284500627522,0.0007283682881574445,0.011294393858500876,0.0001830536470276839,0.02064486829502373,0.002561761219384631,-0.00830737463967289
-0.0015585050467883611,-0.0029821618780831983,-0.0025090608197255613,-0.0018373929128200003,-0.0008872186091104234,-0.005762534438487647,0.0007560199822422752,0.01120621085137088,-0.000147054302657032,0.02170514413295125,0.002968577597581498,-0.00932922678632632
-0.0015673921324545266,-0.003038676606031189,-0.0025013419095555266,-0.0017258224156402587,-0.0008901985241226818,-0.005540411151110482,0.0007877620517646652,0.011107888584577457,-0.0004489286997946401,0.022719513342481755,0.0033798363068964915,-0.010335226572358178
-0.0015763233745099145,-0.0030929205694830795,-0.002493284927422541,-0.001615285010176438,-0.0008960498869548956,-0.005308381539267632,0.0008236343748324997,0.010999592508186683,-0.0007213438666481137,0.02368640902608824,0.0037946283066704195,-0.011323988705796775
-0.00158532598684566,-0.0031447971146084564,-0.0024848484176760305,-0.0015058795384960948,-0.0009044725801941848,-0.005066927485807742,0.0008636675744695629,0.010881501827881945,-0.0009631947812097225,0.024604401665889918,0.004212011620742209,-0.01229414735515054
-0.001594424129999219,-0.003194214474401944,-0.0024759906663005785,-0.0013977029828632513,-0.0009151560505176194,-0.004816544472889756,0.0009078827006208392,0.010753809298686762,-0.0011734992834771946,0.025472200917707334,0.004631013609513054,-0.013244358483885957
-0.001603638812983388,-0.0032410858976838117,-0.002466669798118964,-0.0012908503313930353,-0.0009277805463161832,-0.004557740183483818,0.0009562909357020479,0.010616720995356448,-0.0013513998762355733,0.026288656963480338,0.005050633406728691,-0.014173302182177036
-0.0016129878075714567,-0.003285329764058932,-0.0024568438768139294,-0.0011854144461187878,-0.0009420183712975683,-0.0042910330915402455,0.0010088933253048784,0.010470456059493038,-0.0014961651200414566,0.027052761425234086,0.005469844513837405,-0.01507968499050484
-0.0016224855751780162,-0.0033268696847426225,-0.0024464710075094718,-0.001081485933703871,-0.0009575351500143317,-0.004016951045197848,0.0010656805355866532,0.010315246423490323,-0.0016071906233112304,0.02776364784324544,0.005887597542517567,-0.015962242210038266
-0.0016321432064344966,-0.003365634589205425,-0.0024355094416376164,-0.0009791530190290752,-0.0009739911012817489,-0.003736029847362664,0.0011266326387844108,0.010151336511468854,-0.0016839996301722254,0.028420591723791223,0.0063028230970339355,-0.016819740194255597
-0.0016419683735182827,-0.0034015587976319018,-0.00242391768380268,-0.0008785014218846552,-0.0009910423154754558,-0.003448811837932678,0.001191718928202855,0.009978982917415138,-0.0017262432085691365,0.029023010162205952,0.006714434786654913,-0.017650978616487553
-0.0016519652952543544,-0.0034345820792309567,-0.0024116546003420504,-0.0007796142369936085,-0.0010083420317388968,-0.003155844481878306,0.001260897763923079,0.009798454060794198,-0.001733700044119088,0.029570461048668485,0.007121332357389862,-0.018454792707700576
-0.001662134714968965,-0.003464649696476855,-0.002398679529270567,-0.0006825718175898391,-0.0010255419111831995,-0.0028576789673013803,0.001334116450373616,0.009610029819959683,-0.0017062758447414367,0.030062641866716665,0.007522404932717511,-0.019230055459202408
-0.001672473891035995,-0.0034917124354009025,-0.002384952391284709,-0.0005874516627713316,-0.0010422933022228302,-0.002554868817508098,0.0014113111467979474,0.009414001143741815,-0.001644002363184724,0.030499388091939784,0.007916534352148771,-0.019975679784371106
-0.001682976600018434,-0.003515726622093565,-0.0023704338014930537,-0.0004943283088443731,-0.0010582484942649405,-0.0022479685210243724,0.0014924068115331403,0.009210669641649898,-0.0015470360452373294,0.030880671204805386,0.008302598594889812,-0.020690620634012266
-0.0016936331522700262,-0.003536654125615495,-0.0023550851815309056,-0.00040327322487021636,-0.0010730619560535147,-0.0019375321833616924,0.001577317180896484,0.009000347153181446,-0.0014156563124775173,0.03120659632773063,0.00867947527777889,-0.021373877059678317
-0.0017044304198256055,-0.0035544623475534057,-0.0023388688717096476,-0.0003143547126203751,-0.0010863915550623575,-0.001624112204220419,0.0016659447833551053,0.008783355296786803,-0.0012502634892910397,0.03147739950052405,0.009046045213945378,-0.02202449421925
-0.0017153518763730995,-0.0035691241984928727,-0.002321748242845256,-0.00022763781114097426,-0.001097899754436428,-0.0013082579836729627,0.0017581809895232535,0.00856002499909337,-0.0010513763855230923,0.031693444608967204,0.009401196019684241,-0.022641565319436743
-0.0017263776490657403,-0.003580618061714864,-0.002303687807405615,-0.00014318420612026436,-0.0011072547840917286,-0.0009905146607252953,0.0018539060984049077,0.008330696005048611,-0.0008196295455370067,0.03185521998056625,0.009743825756646576,-0.023224233489515175
-0.0017374845818997299,-0.003588927744455995,-0.002284653329612758,-6.105214424654225e-05,-0.0011141317827061945,-0.000671421887500939,0.0019529894601665254,0.00809571636969581,-0.0005557701773561824,0.03196333466430499,0.010072846595676963,-0.023771693581045042
-0.0017486463103505816,-0.0035940424171040995,-0.0022646119341339743,1.8703647263685565e-05,-0.0011182139074641466,-0.00035151264211993915,0.002055289635590186,0.007855441932349752,-0.00026065477423421746,0.03201851441189498,0.01038718848905519,-0.02428319388816645
-0.0017598333469306658,-0.0035959565407305814,-0.0022435322129949176,9.603203579539528e-05,-0.0011191934085526913,-3.13120831764362e-05,0.002160654592221153,0.007610235773992192,6.475455652528439e-05,0.032021597376805606,0.010685802837138145,-0.024758037783345635
-0.0017710131773012022,-0.0035946697833891695,-0.002221384330348361,0.00017088555295914626,-0.0011167726655546058,0.00028866355145881376,0.0022689219370901825,0.007360467658758002,0.0004193940430918114,0.031973529550244385,0.010967666136667789,-0.0251955852634924
-0.0017821503665441361,-0.0035901869256369933,-0.0021981401247341465,0.0002432204585550999,-0.0011106651830321667,0.0006079079989764345,0.0023799191857527,0.007106513460432723,0.0008021024613960176,0.03187535995327976,0.011231783595835751,-0.02559525440156342
-0.0017932066751730675,-0.0035825177557583052,-0.002173773208469138,0.00031299679873191466,-0.0011005965427541122,0.000925925976761169,0.0024934640672489737,0.0068487545749302305,0.0012116255942148796,0.03172823560366713,0.011477192703418973,-0.0259565226989351
-0.0018041411844377405,-0.0035716769551936488,-0.0021482590638106105,0.0003801784582053939,-0.0010863053101804786,0.001242234136170126,0.002609364864456566,0.006587577319765615,0.0016466209205118348,0.03153339627812427,0.011702966738099549,-0.02627892833398794
-0.0018149104304535835,-0.003557683974697747,-0.002121575135542478,0.00044473320641213413,-0.0010675438929881207,0.0015563619630102573,0.0027274207891699346,0.006323372321582435,0.002105662517959725,0.031292169089901976,0.01190821820457412,-0.02656207130264797
-0.0018254685466664792,-0.0035405629017678346,-0.00209370091964108,0.0005066327374842252,-0.0010440793495910356,0.0018678526229721944,0.0028474223911096855,0.006056533892835779,0.0025872461614572934,0.031005962902485452,0.012092102183376072,-0.026805614446683293
-0.0018357674141433625,-0.003520342319900555,-0.0020646180476858616,0.0005658527039422662,-0.001015694145785613,0.0021762637504837393,0.002969151999933965,0.00578745939877242,0.0030897945996272574,0.0306762625998235,0.012253819581479766,-0.02700928436598858
-0.001845756819161441,-0.0034970551602498522,-0.0020343103666902165,0.0006223727440155601,-0.0009821868578300866,0.0024811681796567983,0.003092384199195057,0.005516548615886375,0.0036116629914779846,0.03030462323478831,0.012392620270738605,-0.027172872211220347
-0.001855384617552836,-0.003470738546270502,-0.002002764014038936,0.0006761765025103062,-0.0009433728204489125,0.0027821546162132395,0.0032168863310610414,0.005244203083062828,0.004151144484756827,0.02989266407649995,0.012507806102458288,-0.027296234353489254
-0.0018645969052472587,-0.0034414336319420185,-0.001969967487231125,0.0007272516451588988,-0.0008990847184356343,0.00307882824948347,0.003342419030501202,0.004970825446655699,0.004706475917898814,0.029442062577546092,0.012598733785573843,-0.027379292927936408
-0.001873338194443004,-0.0034091854341756858,-0.001935911708141038,0.0007755898663960403,-0.0008491731207134262,0.0033708113037830773,0.003468736787516154,0.004696818800772609,0.005275843626542806,0.028954548282375335,0.012664817617416571,-0.027422036248681655
-0.0018815515948260606,-0.0033740426600133468,-0.0019005900815240457,0.0008211868905202371,-0.0007935069558978818,0.003657743528684722,0.003595588535882303,0.004422586024066742,0.005857389336566057,0.02843189669795363,0.012705532055813248,-0.027424519092491786
-0.0018891789992485106,-0.003336057529230387,-0.001863998547510772,0.000864042466212364,-0.000731973928592123,0.00393928262790726,0.0037227182667724573,0.004148529114358648,0.006449216124585697,0.02787592314655387,0.012720414122217596,-0.027386862849126933
-0.0018961612732706242,-0.0032952855929570877,-0.001826135627849344,0.0009041603543963053,-0.0006644808758305947,0.004215104626752565,0.0038498656655131442,0.0038750485224295942,0.007049394427719971,0.027288476622507087,0.012709065625919766,-0.027309255536683855
-0.0019024384479661301,-0.0032517855489322036,-0.0017870024656735678,0.0009415483094401762,-0.0005909540632705959,0.004484904178224261,0.00397676676964207,0.0036025424863446003,0.0076559680842798045,0.026671433671832244,0.012671155199865405,-0.02719195168031495
-0.001907949915387067,-0.003205619054000293,-0.0017466028585936566,0.0009762180537102802,-0.0005113394209167946,0.004748394808157816,0.0041031546463401875,0.0033314063676761923,0.008266960386480462,0.02602669231487873,0.012606420139758087,-0.027035272053366657
-0.0019126346260833662,-0.003156850534460053,-0.0017049432849258093,0.0010081852455037018,-0.00042560271834303444,0.005005309099890198,0.004228760087229266,0.003062031991008122,0.008880380128271567,0.025356166031597648,0.012514668038057578,-0.026839603280247357
-0.0019164312880728483,-0.003105546994864666,-0.001662032922897418,0.0010374694403992672,-0.000333729679553372,0.005255398819187195,0.004353312318449008,0.0027948069881049737,0.009494227629660915,0.024661777827801858,0.01239577820589087,-0.026605397300382375
-0.001919278566659628,-0.003051777825867086,-0.0016178836626858793,0.0010640940460804641,-0.00023572603780258383,0.005498434980328848,0.0044765397238587055,0.0025301141481343997,0.010106500720496722,0.023945454400528553,0.012249702876048554,-0.026333170693732408
-0.0019211152845029743,-0.002995614611693268,-0.0015725101111708577,0.0010880862706977715,-0.0001316175308666659,0.005734207854434778,0.004598170579145617,0.0022683307753270836,0.010715200666686867,0.02320912042065757,0.012076468181333774,-0.026023503867730793
-0.0019218806213444168,-0.0029371309378146836,-0.001525929589302285,0.00110947706485168,-2.1449837421844695e-05,0.005962526921282069,0.004717933794568927,0.0020098280554546105,0.011318338022277372,0.02245469294880067,0.011876174903328165,-0.025677040106763846
-0.0019215143128082993,-0.0028764021993781023,-0.001478162122009339,0.001128301057291429,9.471154464535863e-05,0.006183220766034196,0.004835559664020289,0.0017549704324951758,0.011913938391163295,0.021684076001624676,0.011648998986944256,-0.025294484485123073
-0.0019199568476999966,-0.0028135054109356475,-0.001429230420599017,0.0011445964844381256,0.0002167814770151788,0.0063961369224567605,0.004950780618044081,0.0015041149968441523,0.012500048082800738,0.020899155282888236,0.011395191817814246,-0.02487660264508161
-0.0019171496632365973,-0.0027485190180016367,-0.0013791598576166472,0.0011584051138543976,0.00034465541566467507,0.006601141664345398,0.005063331978429891,0.0012576108864102596,0.013074739647098516,0.02010179309483915,0.011115080259347696,-0.02442421944169694
-0.0019130353376569326,-0.0026815227109447427,-0.001327978434164663,0.0011697721617960305,0.0004782097002682712,0.006798119747033393,0.005172952711966941,0.0010157987019163094,0.013636117273620713,0.019293823442759893,0.010809066448062357,-0.02393821745709311
-0.001907557779671369,-0.0026125972417046783,-0.0012757167397001398,0.0011787462049941127,0.0006173018968444512,0.006986974100979486,0.005279386180937716,0.0007790099377001272,0.014182322041615292,0.0184770473464587,0.010477627346092575,-0.023419535386143345
-0.0019006624142267016,-0.002541824243801985,-0.0012224079043558441,0.0011853790868290306,0.0007617711920890289,0.007167625479559194,0.005382380887921413,0.000547566429283458,0.01471153700730024,0.01765322836948293,0.01012131405064677,-0.022869166297190477
-0.0018922963640777251,-0.0024692860560877046,-0.001168087543853833,0.0011897258180701641,0.0009114388377062586,0.007340012063296875,0.005481691212480811,0.0003217798189432467,0.015221992116145694,0.01682408837805314,0.009740750861232925,-0.02228815577085179
-0.0018824086266745511,-0.002395065550656801,-0.0011127936971048343,0.0011918444723673122,0.0010661086429285386,0.00750408902288384,0.00557707813731893,0.00010195104048637342,0.01571196892831031,0.015991303539339884,0.009336634106390865,-0.021677599920522872
-0.0018709502458934097,-0.002319245965325288,-0.0010565667566106833,0.0011917960766916946,0.0012255675132997463,0.0076598280434187265,0.005668309961511276,-0.00011163017560989198,0.01617980514593123,0.015156500567637378,0.008909730732078333,-0.02103864329873021
-0.0018578744781584623,-0.002241910741046227,-0.000999449391810891,0.0011896444969357785,0.001389586033689739,0.0078072168123934785,0.005755162998447195,-0.0003186857755733414,0.01662389893206731,0.014321253227313056,0.008460876655105434,-0.020372476693959682
-0.0018431369525229626,-0.002163143364614141,-0.0009414864655378993,0.0011854563188921467,0.0015579190934101933,0.007946258474023724,0.005837422256151131,-0.0005189498331530037,0.017042713012023508,0.013487079098736122,0.007990974885681776,-0.019680334821972775
-0.001826695824299873,-0.0020830272169810905,-0.0008827249437686443,0.0011793007248421306,0.0017303065512077164,0.0080769710525864,0.005914882097699875,-0.0007121689768502134,0.017434778547481128,0.012655436613798886,0.0075009934240669734,-0.01896349391746914
-0.0018085119218546907,-0.0020016454274807546,-0.0008232137988826245,0.0011712493659949228,0.001906473937828752,0.008199386847480788,0.005987346879504082,-0.0008981027925913525,0.01779869877672599,0.011827722365078765,0.006991962936774385,-0.01822326923075869
-0.0017885488861966762,-0.0019190807342294785,-0.0007630039066586899,0.0011613762310273578,0.002086133193774154,0.008313551802774427,0.006054631565282834,-0.0010765242009216454,0.018133152412354386,0.01100526869364895,0.006464974218976086,-0.01746101243529989
-0.0017667733030288374,-0.0018354153509454604,-0.0007021479372641274,0.001149757510983456,0.0022689834397936074,0.008419524854029203,0.006116562313629668,-0.0012472198078587156,0.018436896791536345,0.010189341557306088,0.005921175450390823,-0.01667810895211415
-0.0017431548269418043,-0.001750730840399192,-0.0006407002405102633,0.0011364714608011492,0.0024547117776130066,0.008517377255224494,0.006172977037143151,-0.0014099902286026482,0.01870877077234348,0.009381138681752076,0.0053617692523057064,-0.015875975196672373
-0.0017176662974620679,-0.0016651079946800238,-0.0005787167256686565,0.0011215982577413189,0.0026429941183342878,0.008607191888609131,0.006223725931178206,-0.0015646503833634188,0.01894769737191279,0.008581787995175373,0.004788009554705361,-0.01505605575548176
-0.0016902838466908612,-0.0015786267224354006,-0.0005162547361609415,0.001105219857001351,0.002833496035907045,0.008689062560315495,0.006268671970364797,-0.0017110297646301723,0.01915268614263868,0.007792346346097288,0.0042011982826127975,-0.014219820497868949
-0.0016609869982961438,-0.001491365943211009,-0.000453372919453435,0.0010874198448018286,0.003025873643036431,0.008763093284562833,0.006307691371136504,-0.001848972675274291,0.0193228352832385,0.00701379850337034,0.0036026818717286163,-0.013368761630954809
-0.001629758757646634,-0.001403403488991898,-0.00039013109250468034,0.0010682832892407227,0.003219774486865522,0.008829397559259352,0.006340674018614426,-0.0019783384369468906,0.019457333482579747,0.006247056435933283,0.002993847623855697,-0.012504390703565113
-0.0015965856929035394,-0.0013148160130166727,-0.0003265901031301072,0.0010478965892144823,0.0034148384617534023,0.008888097635785722,0.006367523856300204,-0.0020990015683011844,0.01955546149499629,0.0054929588693407375,0.002376119913299987,-0.011628235567293657
-0.0015614580069124695,-0.0012256789059092057,-0.0002628116876628737,0.0010263473217097562,0.0036106987364605916,0.008939323785707672,0.006388159237146494,-0.002210851932644035,0.019616593446441538,0.004752271115049299,0.0017509562559580166,-0.010741837301276522
-0.0015243695997649094,-0.001136066219145072,-0.0001988583253036819,0.0010037240877730734,0.0038069826930514153,0.008983213567119093,0.006402513234691861,-0.0023137948546925217,0.019640197871723192,0.004025685167234984,0.0011198432531153019,-0.00984674710842083
-0.0014853181219255042,-0.0010460505958431589,-0.0001347930895648658,0.0009801163574686747,0.004003312874829628,0.009019911093263515,0.006410533913071362,-0.002407751206187217,0.019625838483919328,0.003313820061649507,0.00048429242278492934,-0.008944523190518291
-0.0014443050178481655,-0.0009557032088467411,-7.067949722529648e-05,0.0009556143141367929,0.004199307940638105,0.009049566306020029,0.006412184554842502,-0.0024926574601891512,0.019573174677775945,0.002617222489653327,-0.00015416406855685294,-0.008036727609868524
-0.0014013355600306049,-0.0008650937060328057,-6.581355222594463e-06,0.0009303086982660305,0.004394583622874031,0.009072334256767053,0.0064074438456979,-0.002568465713963322,0.019481961769409223,0.001936367659751602,-0.0007939777603634818,-0.007124923144965586
-0.00135641887348323,-0.0007742901627636658,5.7437394082254967e-05,0.0009042906512940685,0.0045887536866009325,0.009088374397060934,0.006396306015271987,-0.002635143680429091,0.01935205097597112,0.001271660399024467,-0.0014335883248192266,-0.006210670148188227
-0.0013095679506143528,-0.0006833590413709601,0.00012131282882555197,0.0008776515596507516,0.004781430887174509,0.009097849881480208,0.006378780933387411,-0.0026926746482342705,0.019183389138744206,0.0006234364848304516,-0.0020714280520958,-0.005295523412847655
-0.0012607996565592704,-0.0005923651575391003,0.00018498120429862782,0.0008504828993566472,0.004972227923841972,0.00910092688489174,0.0063548941612277575,-0.0027410574105866275,0.01897601819474834,-8.03580252419639e-06,-0.002705926379834925,-0.004381029057623734
-0.0012101347250059375,-0.0005013716534331539,0.0002483791098900977,0.0008228760814884415,0.005160758386824611,0.009097773936297555,0.006324686957066217,-0.002780306163054507,0.018730074401779456,-0.0006225539163128083,-0.003335514452473251,-0.003468721435952213
-0.0011575977445945692,-0.00041043997739509245,0.00031144362585705103,0.0007949222988200504,0.005346637695449059,0.009088561271314726,0.006288216236324453,-0.0028104503706237096,0.01844578732311017,-0.001219979080253085,-0.00395862969587947,-0.00256012007788832
-0.0011032171359925515,-0.000319629870012371,0.00037411247946807956,0.000766712373945061,0.005529484024954474,0.009073460205229564,0.006245554485881253,-0.0028315346043741663,0.018123478577972835,-0.00180023413677919,-0.004573720392760591,-0.0016567266722030544
-0.0010470251197694234,-0.00022899935634396678,0.00043632420006096994,0.0007383366091821148,0.0057089192196711535,0.00905264252845128,0.006196789632696822,-0.0028436183482150722,0.017763560365363057,-0.0023633012188776434,-0.005179250244125591,-0.0007600220959781551
-0.0009890576752193733,-0.00013860474407136563,0.0004980182725592773,0.0007098846385600841,0.0058845696903388695,0.00902627992606895,0.006142024866964642,-0.0028467757761910773,0.01736653376818023,-0.002909219257588448,-0.005773702902310482,0.00012853650077716827
-0.0009293544903006211,-4.850062732556646e-05,0.0005591352889948423,0.0006814452821744049,0.006056067293411553,0.008994543423090884,0.006081378420148361,-0.0028410955009447658,0.01693298684635644,-0.003438081338024722,-0.00635558646094582,0.0010075185484851173
-0.0008679589028821722,4.1260104073969814e-05,0.0006196170975876144,0.0006531064031997188,0.006223050190278238,0.00895760285681637,0.006014983298406057,-0.002826680293992443,0.016463592526980625,-0.00395003191687824,-0.006923437887515024,0.0018755228419794628
-0.0008049178335086917,0.00013062625024634215,0.0006794069489398819,0.0006249547678370606,0.00638516368441786,0.008915626377658097,0.0059429869720474485,-0.002803646778539204,0.015959106300943743,-0.004445263914776197,-0.007475827384206504,0.0027311802486683495
-0.0007402817099136146,0.00021954828203262693,0.0007384496389091736,0.0005970759084662301,0.006542061034597552,0.008868779979598857,0.005865551021810891,-0.0027721250956269016,0.015420363734994696,-0.004924015697071661,-0.008011362663104968,0.003573156333792085
-0.0006741043835290339,0.00030797831723726904,0.0007966916477326586,0.0005695539902657187,0.006693404242318601,0.008817227061329567,0.005782850742886116,-0.002732258544475371,0.014848277809215021,-0.005386567956786513,-0.008528693121849909,0.0044001538965140335
-0.0006064430382583722,0.00039587009263880433,0.0008540812749858131,0.0005424716815536465,0.0068388648118137335,0.008761128018977491,0.005695074707744785,-0.0026842031979390645,0.014243836089811529,-0.005833240513628636,-0.009026513906416386,0.005210915410747266
-0.0005373580917942963,0.00048317893208966306,0.0009105687699694068,0.0005159100280936374,0.00697812448100145,0.008700639871194257,0.0056024242889739445,-0.0026281274940627587,0.013608097747731834,-0.006264389043018424,-0.009503569847751817,0.006004225364513935
-0.00046691308977975243,0.0005698617110318011,0.0009661064571314543,0.000489948331599432,0.00711087592190732,0.008635915917233351,0.005505113143435568,-0.002564211804778327,0.012942190433442052,-0.0066804017491627135,-0.00995865925992355,0.006778912492372405
-0.0003951745931243705,0.0006558768177605049,0.0010206488561446407,0.00046466403266134167,0.007236823409169066,0.008567105428507414,0.005403366659201712,-0.0024926479828397343,0.012247307018907166,-0.007081695996024616,-0.010390637586847565,0.0075338518953461525
-0.00032221205880176993,0.0007411841117729222,0.0010741527962748203,0.0004401325983064137,0.007355683455351051,0.008494353373976034,0.005297421366834197,-0.002413638888145855,0.01152470221748994,-0.007468714910251341,-0.010798420886655488,0.008267967043429705
-0.00024809771446549395,0.0008257448795406838,0.0011265775246924548,0.0004164274143924369,0.0074671854119041465,0.008417800179576287,0.005187524316692705,-0.0023273978946495104,0.010775689093129065,-0.007841923969697982,-0.011180989141642908,0.008980231655839263
-0.00017290642723238056,0.000909521788047425,0.0011778848083962511,0.0003936196830237007,0.007571072034718528,0.008337581521771957,0.0050739324240665655,-0.00223414837909773,0.010001635469747333,-0.008201807591167933,-0.011537389383584937,0.009669671454516818
-9.671556699214278e-05,0.0009924788364320959,0.0012280390294367215,0.00037177832516376025,0.0076671000133290285,0.008253828155162218,0.004956911784027512,-0.00213412319289036,0.009203960252352678,-0.008548865730780085,-0.01186673862422584,0.010335365786957137
-1.9604864610768252e-05,0.0010745813060776966,0.001277007273146861,0.0003509698886073928,0.007755040462945874,0.008166665773957933,0.004836736958000379,-0.0020275641183831257,0.008384129671016455,-0.00888361051007678,-0.012168226581200745,0.010976449114489709
5.834373459694254e-05,0.0011557957094825088,0.0013247594091075647,0.00033125846146049267,0.007834679378596285,0.008076214907004504,0.004713690234140364,-0.0019147213109969047,0.007543653459065686,-0.00920656288060897,-0.012441118190802306,0.011592112362754467
0.00013704622174380023,0.0012360897382470504,0.0013712681645967149,0.0003127055912628773,0.007905818050775252,0.007982590845903817,0.004588060863689677,-0.0017958527285261705,0.006684080976727819,-0.009518249339528585,-0.01268475589933514,0.012181604131392368
0.0002164166792082565,0.0013154322105048944,0.0014165091902929858,0.0002953702098749088,0.007968273442116,0.007885903605664981,0.004460144275564516,-0.001671223549067532,0.005806997291421728,-0.009819198708238462,-0.012898561725697047,0.012744231760335331
0.00029636743904234617,0.0013937930181191975,0.0014604611180282828,0.00027930856423450594,0.008021878524701936,0.0077862579171956384,0.00433024127149488,-0.0015411055790130368,0.004914019225765648,-0.010109938985630153,-0.013082039088230121,0.013279362250563712
0.00037680924455461585,0.0014711430739593303,0.0015031056104062694,0.00026457415307657643,0.008066482577751999,0.0076837532508309166,0.004198657204102436,-0.0014057766525728643,0.00400679138424706,-0.010390994287314291,-0.013234774390258677,0.013786423037470782
0.00045765141467097513,0.0015474542595634287,0.0015444274021285678,0.00025121766969217284,0.008101951445519857,0.007578483869988765,0.004065701140357239,-0.0012655200243078535,0.003086982169324598,-0.010662881881116172,-0.013356438358780628,0.014264902615531386
0.0005388020106753452,0.001622699373483052,0.0015844143328948659,0.00023928695078981552,0.00812816775535415,0.007470538913935903,0.003931685012902385,-0.0011206237561636114,0.0021562797975339387,-0.010926109329456056,-0.013446787132190288,0.014714351013317015
0.0006201680049319762,0.0016968520805954806,0.0016230573717682542,0.00022882693150646708,0.008145031095972057,0.0073600025085498125,0.0037969227617752808,-0.000971380100506077,0.0012163883260475628,-0.011181171747761988,-0.013505663093230522,0.015134380118189864
0.0007016554511923382,0.0017698868626575812,0.001660350632922561,0.00021987960660062748,0.008152458156100339,0.007246953903870319,0.003661729469086083,-0.0008180848806618428,0.00026902369960887795,-0.011428549188136648,-0.013532995444608967,0.01552466385065697
0.00078316965609153,0.0018417789703626668,0.001696291382714178,0.00021248399784499093,0.008150382823738018,0.007131467637146796,0.0035264204892373092,-0.0006610368704654671,-0.0006840901720731318,-0.011668704156568045,-0.01352880052514581,0.01588493818861815
0.0008646153514421797,0.0019125043771484362,0.001730880038046786,0.00020667612762110562,0.008138756246391933,0.007013613720007075,0.003391310577284282,-0.0005005371743115949,-0.0016412252971437502,-0.011902079271376119,-0.013493181865459683,0.0162150010421563
0.0009458968669377883,0.001982039734989971,0.0017641201560234226,0.00020248899870354382,0.008117546852729775,0.0068934578482998735,0.0032567130180430432,-0.00033688860920076484,-0.0026006534352878974,-0.01212909507006419,-0.013426329982788018,0.016514711980009714
0.0010269183028823689,0.002050362332396946,0.001796018414906392,0.00019995258020626648,0.008086740336186341,0.00677106163309513,0.003122938758550828,-0.00017039509025470255,-0.003560649873398797,-0.012350147970884427,-0.013328521915655048,0.016783991809202745
0.0011075837025690267,0.0021174500548187514,0.0018265845864315173,0.00019909379964919282,0.008046339601145229,0.00664648285126597,0.002990295546474246,-1.361021160029176e-06,-0.0045194971348237745,-0.012565608394947782,-0.013200120499661336,0.01702282200973193
0.0011877972239367628,0.0021832813476451956,0.0018558314995491083,0.00019993654108850116,0.007996364672401987,0.006519775714022876,0.0028590870770439556,0.00016990930902169632,-0.005475488613824547,-0.012775819053670999,-0.01304157338639679,0.01723124402661317
0.0012674633101422438,0.0022478351819739326,0.0018837749956896644,0.00020250164923993217,0.007936852568694223,0.006390991151724508,0.002729612151067253,0.00034311232126450514,-0.006426932127728241,-0.012981093406002488,-0.012853411808943713,0.017409358421948594
0.0013464868586915118,0.002311091023298794,0.0019104338756776827,0.00020680693951037848,0.007867857141159373,0.006260177113247741,0.00260216384653642,0.0005179457328247584,-0.007372153379241825,-0.01318171428935102,-0.012636249097222843,0.01755732389010204
0.0014247733887855728,0.0023730288032558816,0.0019358298384419095,0.00021286721383936258,0.007789448877652825,0.006127378878169825,0.0024770287063089276,0.0006941091329720607,-0.008309499322067898,-0.01337793272623209,-0.012390778948275658,0.017675356139358438
0.0015022292065434658,0.0024336288945466804,0.0019599874116948803,0.00022069428223866496,0.007701714673925776,0.0059926393799899285,0.002354485944285238,0.0008713045468884155,-0.009237341423341677,-0.013569966909747232,-0.012117773456462269,0.01776372664391252
0.0015787615677767225,0.0024928720891396194,0.0019829338747785687,0.00023029698990540266,0.0076047575727255555,0.0058559995385978805,0.002234806672452442,0.0010492369864591252,-0.010154078816702578,-0.013758001368662322,-0.011818080910096937,0.017822761270229408
0.001654278838000047,0.0025507395798335555,0.0020046991738963227,0.00024168124977130826,0.007498696471939365,0.0057174986001893345,0.0021182531510983544,0.0012276149867219937,-0.011058141340535427,-0.013942186313046799,-0.011492623360720558,0.01785283878234429
0.001728690649374523,0.0026072129452486053,0.002025315829973953,0.0002548500803388558,0.007383665802955831,0.005577174482820626,0.0020050780644277197,0.0014061511267875115,-0.011947992456171258,-0.01412263716069493,-0.011142393973406425,0.017854389230759264
0.00180190805429165,0.002662274138291717,0.002044818839414749,0.000269803648643253,0.007259815180469557,0.005435064125801732,0.001895523823731469,0.0015845625340919279,-0.01282213204108365,-0.014299434243083907,-0.010768454165843724,0.017827892230123994
0.001873843675318983,0.0027159054781264033,0.002063245568034297,0.0002865393181681999,0.007127309024997052,0.005291203841135501,0.001789821900178161,0.0017625713708974546,-0.013679099053417326,-0.01447262269016223,-0.010371930544817873,0.017773875130981324
0.0019444118512410345,0.0027680896456582166,0.0020806356384811954,0.000305051701532731,0.006986326159413241,0.005145629665227165,0.0016881921892014898,0.0019399053020087722,-0.014517474063345054,-0.014642212491505012,-0.009954011650516362,0.01769291109128219
0.0020135287789423764,0.002818809682529922,0.0020970308114690037,0.00032533271775643914,0.006837059380855137,0.004998377709113941,0.0015908424083601739,0.002116297942732851,-0.015335881648275679,-0.014808178731139689,-0.00951594451774683,0.017585617053533613
0.0020811126508934884,0.002868048993602955,0.0021124748611630237,0.00034737165390094816,0.006679715009367257,0.004849484505492608,0.0014979675304438343,0.002291489286168953,-0.016132992649300265,-0.014970461993126925,-0.009059031065521098,0.017452651633686762
0.0021470837880137815,0.00291579135288472,0.0021270134450826787,0.0003711552308766845,0.006514512414691373,0.004698987350860448,0.0014097492534871567,0.0024652261089783125,-0.016907526285876523,-0.015128968933305044,-0.008584624325814402,0.017294712928185123
0.002211364767700371,0.0029620209128446615,0.002140693968896326,0.0003966676731958123,0.006341683522626537,0.0045469246411278166,0.0013263555092422954,0.0026372623548472527,-0.01765825212709063,-0.015283573013221384,-0.008094124523157845,0.01711253624560289
0.002273880546825505,0.003006722217045835,0.0021535654465002357,0.0004238907824446676,0.006161472302400208,0.004393336199106914,0.0012479400115396608,0.0028073594949238044,-0.018383991918175274,-0.015434115390959048,-0.00758897501736909,0.016906891769707437
0.002334558579520037,0.0030498802160030545,0.0021656783557871483,0.00045280401424216757,0.005974134236506229,0.004238263592336944,0.001174641845842855,0.0029752868645761873,-0.01908362126062038,-0.015580405963035025,-0.007070658121992049,0.01667858216076918
0.0023933289295749384,0.0030914802861635613,0.002177084490522251,0.00048338455844450115,0.005779935774474049,0.004081750439764433,0.0011065851011776806,0.0031408219758905296,-0.01975607114581565,-0.015722224551467302,-0.006540690811042846,0.016428440102099255
0.002450124377307494,0.0031315082518916875,0.002187836808755562,0.0005156074223509358,0.005579153772037066,0.003923842705860796,0.00104387854548451,0.0033037508053963913,-0.02040032934158101,-0.01585932222925992,-0.006000620327591258,0.016157325799073093
0.0025048805207535277,0.003169950410325138,0.002197989278209526,0.0005494455166608184,0.005372074917169671,0.003764588980829297,0.000986615345308337,0.0034638680565801314,-0.02101544163189803,-0.01599142277704,-0.005452019707643349,0.015866124437674926
0.002557535871061667,0.0032067935589574137,0.002207596719089103,0.000584869743927813,0.005158995144458178,0.003604040745625843,0.0009348728306070208,0.0036209773968187992,-0.021600512910400577,-0.016118224263650748,-0.004896483232619889,0.015555743610058688
0.002608031941980278,0.0032420250257885162,0.0022167146447687244,0.0006218490892541115,0.004940219039264015,0.0034422526205946714,0.0008887123053172571,0.0037748916684409023,-0.022154708128431982,-0.016239400742583544,-0.0043356218253328555,0.01522711071436194
0.002656313333342227,0.003275632701874505,0.002225399100816203,0.0006603507129647832,0.004716059233125826,0.0032792825966030436,0.0008481789041784526,0.003925433073693435,-0.02267725309920579,-0.016354604055741982,-0.003771058402428043,0.014881170336144507
0.002702327808467021,0.003307605076095718,0.002233706502817972,0.0007003400450005924,0.004486835791832918,0.003115192247639633,0.0008133014961753564,0.004072433333468395,-0.023167435159375888,-0.01646346573694011,-0.0032044231981911836,0.01451888161884745
0.0027460263654141043,0.003337931271953581,0.002241693473472927,0.0007417808807665185,0.004252875597583783,0.002950046923932908,0.000784092634815652,0.004215733819716823,-0.023624603690450968,-0.016565599004404817,-0.002637349073749698,0.014141215630838318
0.0027873633020351327,0.003366601086196915,0.002249416679423593,0.0007846354781728563,0.004014511726621907,0.002783915924733901,0.0007605485553175655,0.004355185661550753,-0.024048170501924288,-0.016660600835396534,-0.0020714668258676044,0.013749152735947616
0.0028262962747868272,0.003393605029070567,0.002256932668293381,0.000828864655606144,0.003772082823716994,0.0026168726499965493,0.0007426492186399831,0.004490649825106785,-0.02443761007905834,-0.016748054112073828,-0.0015084005096488579,0.013343679975258933
0.0028627863512795675,0.0034189343659720007,0.0022642977063973093,0.0008744278905682683,0.003525932474831051,0.0024489947302901607,0.0007303584021457159,0.004621997167318072,-0.024792459698130237,-0.01682752982920386,-0.0009497627892045973,0.012925788466998371
0.002896798056550122,0.0034425811602952893,0.0022715676175907775,0.0009212834187239204,0.00327640857927988,0.0022803641343675522,0.0007236238365479216,0.004749108463812344,-0.02511231941210404,-0.01689858935531787,-0.0003971503303542706,0.012496470831856073
0.0029282994130598533,0.003464538317236687,0.0022787976237167717,0.0009693883330991037,0.0030238627226663625,0.002111067253912003,0.0007223773886509265,0.004871874411224316,-0.025396851910599455,-0.016960786735792023,0.00014786075095525597,0.012056718650538416
0.00295726197443232,0.003484799628331673,0.0022860421871063216,0.001018698683176624,0.0027686495518269858,0.001941194965085169,0.000726535289259045,0.004990195604279734,-0.0256457822572759,-0.01701367102957476,0.0006837193706684536,0.011607519960545272
0.0029836608529564337,0.00350335981649006,0.0022933548555800687,0.0010691695736384042,0.002511126152995746,0.0017708426665922789,0.0007359984054903645,0.005103982488076307,-0.02585889750897205,-0.017056788669003266,0.0012089038755954268,0.01114985679876928
0.0030074747408931567,0.0035202145812934316,0.0023007881103905355,0.0011207552625090477,0.0022516514343488498,0.0016001102940820045,0.0007506525566030016,0.005213155286052396,-0.026036046220407255,-0.017089685833051614,0.0017219263469320095,0.010684702796448571
0.0030286859256351724,0.0035353606443178204,0.002308393217535105,0.0011734092584603025,0.001990585514054284,0.0014291023107957613,0.0007703688723109247,0.005317643904198562,-0.02617713783850592,-0.01711191082419703,0.002221336794652598,0.010213020832784574
0.0030472802987799676,0.0035487957942441847,0.0023162200828588586,0.0012270844170419386,0.001728289114904768,0.001257927674477099,0.0007950041924397682,0.005417387812128656,-0.02628214199139725,-0.01712301643953542,0.0027057272311161035,0.009735760753234297
0.003063247359187337,0.003560518931519812,0.0023243171113543214,0.0012817330356110228,0.0014651229665690697,0.0010866997806483888,0.0008244015066527946,0.005512335901688189,-0.02635108767574243,-0.017122562326206604,0.003173735611489162,0.009253857158672156
0.003076580210102444,0.0035705301123353404,0.0023327310710518825,0.0013373069467386312,0.001201447216452341,0.0009155363824572556,0.000858390432859423,0.005602446323833495,-0.026384062347603293,-0.017110117312020022,0.0036240496298365205,0.008768227270389124
0.003087275550435236,0.0035788305916845554,0.0023415069618802136,0.0013937576098806525,0.0009376208501060853,0.000744559487385741,0.0008967877328068108,0.005687686304570768,-0.026381210921647885,-0.017085261702282896,0.004055410359641035,0.008279768877065434
0.0030953336602961806,0.00358542286527753,0.0023506878898604732,0.0014510362011074904,0.0006740011220828317,0.0005738952312092204,0.0009393978632451094,0.005768031940796813,-0.026342734683002828,-0.017047589533021233,0.004466615728018694,0.007789358368143491
0.0031007583808970074,0.003590310710081968,0.0023603149469814833,0.0015090937006961335,0.00041094299808252957,0.000403673729678307,0.0009860135609569061,0.005843467976931798,-0.026268890117057603,-0.016996710773161457,0.004856523814340666,0.007297848858853699
0.0031035570889333527,0.0035934992232727683,0.0023704270970854864,0.0015678809783971983,0.00014879860918653082,0.00023402890848179462,0.0010364164598437075,0.005913987563281174,-0.026159987662142142,-0.016932253466141016,0.0052240559630196,0.0068060684110214445
0.0031037406655739183,0.003594994859375859,0.0023810610680755602,0.0016273488761991363,-0.00011208328107342155,6.509831213631913e-05,0.0010903777381710618,0.005979591997106413,-0.026016390389848335,-0.01685386580295408,0.005568199702451274,0.006314818354026412
0.003101323460187988,0.0035948054653991476,0.0023922512507363694,0.0016874482884217956,-0.00037135779611263225,-0.000102977107478585,0.0011476587939907622,0.006040290447425448,-0.025838512617993803,-0.016761218120026747,0.005888011461488804,0.005824871709780473
0.003096323248949883,0.0035929403137510436,0.00240402960443971,0.001748130238981922,-0.0006286844515083535,-0.00027005322214221426,0.0012080119466773452,0.006096099664599838,-0.025626818461150447,-0.01665400481269911,0.006182619075827803,0.005336971725097443
0.0030887611884651694,0.00358941013275534,0.002416425569985333,0.0018093459556839148,-0.0008837276454343689,-0.00043598297699848983,0.0012711811624472886,0.006147043675798717,-0.025381820324052617,-0.016531946158556,0.006451224078160886,0.004851830514678364
0.0030786617645691744,0.0035842271345803006,0.0024294659898058905,0.0018710469414002092,-0.0011361571337646485,-0.0006006166580093959,0.0013369028016641939,0.006193153467460169,-0.025104077342003317,-0.0163947900436252,0.006693103765220157,0.004370127817612195
0.0030660527364536273,0.0035774050404094853,0.0024431750357425753,0.0019331850420169934,-0.0013856484893447541,-0.0007638021761536683,0.0014049063856727629,0.006234466655896672,-0.024794193774017814,-0.016242313585229297,0.006907613036493662,0.0038925098696883167
0.003050965076282011,0.0035689591026921734,0.0024575741445752217,0.001995712511032549,-0.0016318835449784775,-0.0009253853673087197,0.0014749153808565297,0.006271027147214428,-0.024452817352726863,-0.016074324645780978,0.007094186000259697,0.0034195883938629643
0.003033432904458504,0.0035589061243221447,0.0024726819614673537,0.0020585820707072914,-0.00187455081972293,-0.0010852103066970073,0.0015466479975698596,0.0063028847877340585,-0.024080637596163634,-0.015890663231876524,0.007252337342406254,0.0029519397100630854
0.0030134934207192206,0.0035472644746050125,0.0024885142914629903,0.002121746969676551,-0.002113345928133771,-0.0012431196367294448,0.0016198180015574667,0.006330095006117902,-0.023678384086004645,-0.015691202774610967,0.007381663455115164,0.00249010396670573
0.0029911868312178197,0.0035340541018861957,0.0025050840591480184,0.0021851610369492415,-0.002347971972146422,-0.001398954907033914,0.0016941355354481516,0.0063527184484201745,-0.023246824716525505,-0.01547585128628285,0.007481843323021806,0.002034584493748666
0.00296655627178047,0.003519296542723959,0.0025224012765646935,0.0022487787322277497,-0.002578139915323503,-0.0015525569254134267,0.0017693079478868765,0.006370820607281452,-0.022786763918890673,-0.015244552389619713,0.0075526391647231655,0.0015858472785067954
0.002939647727507636,0.0035030149275046686,0.002540473019443412,0.002312555192496647,-0.002803568939243344,-0.0017037661184446488,0.001845040627856788,0.006384471446498029,-0.022299040865077502,-0.014997286216624696,0.007593896829259136,0.0011443205648085722
0.002910509948902196,0.00348523398241046,0.0025593034117913677,0.002376446274840108,-0.003023986781844642,-0.0018524229003970337,0.0019210378417343793,0.006393745022194169,-0.02178452765518213,-0.014734070173852275,0.007605545946259076,0.0007103945744195081
0.0028791943647050525,0.003465980027662842,0.0025788936188531684,0.0024404085954601888,-0.0032391300575840432,-0.001998368049126586,0.001997003570625771,0.006398719101821972,-0.021244127492698106,-0.014454959572058147,0.007587599832019273,0.00028442135114088024
0.00284575499162062,0.00344528097197931,0.0025992418484339966,0.002504399564880346,-0.0034487445593024356,-0.002141443087579793,0.0020726423455398693,0.00639947478220949,-0.02067877285098041,-0.014160048118583256,0.007540155150800434,-0.00013328527363715842
0.0028102483411154427,0.003423166303193769,0.002620343360551536,0.0025683774193307187,-0.003652585541733029,-0.0022814906695284064,0.0021476600779679863,0.00639609610786504,-0.020089423635138215,-0.013849468271139455,0.007463391334822975,-0.000542449595252785
0.002772733323473671,0.0033996670750054115,0.0026421904853587115,0.002632301248323701,-0.0038504179866213394,-0.002418354968143135,0.0022217648834671395,0.006388669690731429,-0.019477065342523914,-0.01352339145180622,0.0073575697650076904,-0.0009428338314694876
0.0027332711492932646,0.0033748158898346155,0.0026647726492554165,0.002696131018440203,-0.004042016849459921,-0.0025518820660160673,0.0022946678958738528,0.006377284332568946,-0.018842707225192323,-0.013182028122780277,0.00722303271633494,-0.001334237801027198
0.0026919252286065885,0.003348646877778346,0.002688076409083845,0.0027598275933586654,-0.004227167287875306,-0.002681920345237841,0.002366084069811867,0.006362030651123549,-0.018187380457884594,-0.012825627721574438,0.00706020207126791,-0.001716498488052283
0.0026487610678085326,0.00332119567167145,0.0027120854942789207,0.00282335275017034,-0.004405664871735876,-0.002808320876141324,0.002435732969203247,0.006343000711211324,-0.017512136314229543,-0.01245447845912221,0.006869577807008129,-0.002089489494392742
0.0026038461645744764,0.003292499378274044,0.0027367808568226656,0.0028866691920355256,-0.004577315775075362,-0.0029309378033399005,0.002503339539545743,0.006320287661825841,-0.016818044353667516,-0.012068906980593118,0.006651736261491084,-0.0024531203827039064
0.0025572499009493,0.003262596545618841,0.002762140728829269,0.002949740557246371,-0.004741936949959889,-0.0030496287277007174,0.0025686348617748925,0.00629398538034327,-0.016106190623237926,-0.011669277891570275,0.0064073281843388535,-0.0028073359138102646
0.002509043434787262,0.003231527126565773,0.0027881406875661196,0.0030125314247724114,-0.004899356282447727,-0.0031642550829128315,0.0026313568855952743,0.006264188124864773,-0.0153776758743297,-0.011255993150852538,0.006137076579737513,-0.0031521151818890217
0.0024592995897209377,0.003199332438624508,0.0028147537276952796,0.0030750073163752444,-0.005049412730817134,-0.0032746825053402285,0.002691251140236718,0.006230990195701827,-0.014633613799551637,-0.010829491334626885,0.005841774348551251,-0.003487470650700368
0.002408092743835546,0.003166055120118408,0.0028419503404997983,0.0031371346953886084,-0.005191956446261253,-0.0033807811958797575,0.0027480714206670155,0.006194485606970979,-0.013875129289272148,-0.010390246773278898,0.005522281737508253,-0.0038134470954692204
0.002355498717222909,0.0031317390827761437,0.0028696985998400096,0.0031988809622695625,-0.005326848876266147,-0.003482426272573085,0.0028015804473752607,0.006154767769219838,-0.013103356711706593,-0.009938768565386592,0.005179523604140743,-0.004130120454758961
0.0023015946585870205,0.003096429460849435,0.0028979642545665244,0.0032602144470354867,-0.005453962850911506,-0.003579498112768671,0.0028515504979276856,0.006111929183965011,-0.012319438217365142,-0.009475599473730632,0.004814486506344209,-0.004437596596206524
0.002246458931070725,0.0030601725568672475,0.0029267108270991174,0.003321104398710189,-0.005573182652347587,-0.0036718826836688125,0.0028977640085909176,0.006066061150975454,-0.011524522069851106,-0.009001314706297649,0.0044282156263022315,-0.004736010001705031
0.0021901709974703853,0.0030230157841481804,0.0029558997178641424,0.0033815209719104855,-0.005684404067720362,-0.00375947186014461,0.0029400141444140774,0.006017253489083837,-0.010719761004703954,-0.008516520588861841,0.004021811538329714,-0.0050255223766183035
0.002132811305002641,0.002985007606203697,0.002985490315267524,0.0034414352107122034,-0.005787534425828534,-0.0038421637287520574,0.0029781053362622116,0.005965594271259736,-0.00990631061693048,-0.008021853132627633,0.0035964268312971143,-0.005306321188201783
0.0020744611697844466,0.002946197473175252,0.003015440110865843,0.0035008190299416317,-0.005882492617810319,-0.003919862876936996,0.003011853783401594,0.005911169574625926,-0.009085327779426389,-0.007517976504360112,0.0031532625965793454,-0.005578618138560261
0.002015202661184547,0.002906635755458186,0.0030457048193845747,0.0035596451940449764,-0.005969209102169596,-0.003992480666476189,0.0030410879203447787,0.005854063246043021,-0.00825796909242904,-0.007005581403478546,0.0026935647920576095,-0.005842647578020825
0.0019551184862014086,0.0028663736746745144,0.003076238503220181,0.003617887293694356,-0.006047625894458086,-0.004059935490258116,0.0030656488467764847,0.005794356683832874,-0.00742538936526882,-0.006485383352906902,0.002218620494283577,-0.006098664864008514
0.0018942918740194057,0.002825463232165356,0.0031069937010515516,0.0036755197202942946,-0.006117696541942501,-0.004122153011573597,0.00308539071949763,0.005732128636154865,-0.006588740131614146,-0.005958120910189248,0.0017297540499454506,-0.006346944671593073
0.0018328064608917462,0.00278395713518173,0.003137921560176251,0.0037325176385575136,-0.006179386083589395,-0.004179066385151551,0.003100181105442244,0.005667455016488929,-0.00574916819776472,-0.005424553805401487,0.0012283231389773747,-0.0065877792615941025
0.0017707461754952647,0.002741908720959767,0.003168971972178176,0.0037888569573230665,-0.006232670995706899,-0.004230616459241044,0.0031099012949427777,0.005600408736621647,-0.004907814225736051,-0.00488546101249724,0.0007157147611294018,-0.006821476711862333
0.0017081951248987812,0.0026993718788729973,0.0032000937115256,0.003844514298793526,-0.006277539123589797,-0.0042767519581129185,0.0031144465745419894,0.005531059557470299,-0.004065811350843496,-0.004341638761877618,0.0001933411587129591,-0.0070483591184072394
0.0016452374812832603,0.0026564009708603116,0.003231234576692174,0.0038994669663709788,-0.0063139895995143825,-0.004317429644424218,0.00311372645877282,0.005459473958020213,-0.0032242838340735824,-0.003793898500382399,-0.0003373643125468423,-0.007268760771609921
0.0015819573695485167,0.002613050750333385,0.0032623415333883007,0.003953692911274032,-0.006342032747434341,-0.00435261446096113,0.0031076648804525334,0.005385715022590411,-0.002384345749918082,-0.00324306480699995,-0.0008749513515104862,-0.007483026314350445
0.0015184387559376942,0.002569376279771817,0.003293360859486374,0.004007170698119873,-0.006361689974730172,-0.004382279651352397,0.003096200339162109,0.005309842346577744,-0.0015470997092480454,-0.0026899732712534555,-0.0014179569065744385,-0.007691508888182978
0.0014547653378072182,0.002525432847217969,0.003324238291220726,0.00405987946965663,-0.006372993651365025,-0.004406406859417214,0.0030792860077083232,0.005231911960773754,-0.00071363561772253,-0.0021354683417101547,-0.0019649093841826865,-0.007894568272615095
0.0013910204346663886,0.0024812758818864443,0.0033549191702417283,0.004111798910831919,-0.006375986976800899,-0.004424986206887754,0.0030568897964921163,0.005151976274284067,0.0001149705305477644,-0.0015804011523978048,-0.0025143328590586794,-0.008092569025322342
0.001327286880607248,0.0024369608691053933,0.003385348591103337,0.0041629092123834305,-0.006370723835027229,-0.004438016349322451,0.0030289943758296436,0.0050700840360181805,0.0009376578241863109,-0.0010256273345415554,-0.003064751273435848,-0.008285878627854855
0.0012636469182418428,0.0023925432648082743,0.0034154715487644755,0.004213191034136835,-0.006357268638053798,-0.004445504510101351,0.0029955971563980313,0.0049862803146626476,0.0017533815704998679,-0.00047200482123847115,-0.003614692612886619,-0.008474865643251776
0.001200182094260486,0.002348078409795417,0.0034452330856869647,0.004262625468195073,-0.006335696158217547,-0.004447466492470067,0.002956710228099813,0.004900606496985002,0.0025611143967504413,7.960834749535378e-05,-0.004162693046757079,-0.008659897892277453
0.0011369731567211425,0.0023036214439846993,0.0034745784381162758,0.004311194002201304,-0.006306091349651177,-0.004443926669673507,0.002912360257762399,0.0048131003042612575,0.003359847316523612,0.0006283562118166372,-0.00470730102072571,-0.008841340652471379
0.001074099954176597,0.002259227220869865,0.0035034531811361258,0.004358878482855422,-0.006268549159257934,-0.0044349179532933835,0.0028625883462075987,0.004723795826562376,0.004148590762124926,0.0011733870642080327,-0.0052470812902343095,-0.009019554887304944
0.0010116413367426294,0.0022149502224035056,0.0035318033720938644,0.004405661079861113,-0.006223174327535565,-0.004420481739978473,0.0028074498453401365,0.004632723574575817,0.004926375582348874,0.001713855598773982,-0.005780618883258107,-0.0091948955100069
0.000949675059207006,0.002170844474519484,0.003559575692000681,0.004451524250476924,-0.006170081179589111,-0.004400667836825857,0.0027470141360231514,0.0045399105485863225,0.005692254006942066,0.0022489250317491508,-0.006306522980138882,-0.009367709687891974
0.0008882776862757238,0.0021269634635066458,0.003586717584518881,0.004496450704840781,-0.006109393406667338,-0.004375534365741776,0.002681364367616854,0.004445380324185102,0.006445300577412438,0.002777769185067079,-0.006823430701120584,-0.00953833519235208
0.0008275245000496019,0.0020833600534420392,0.003613177392157778,0.004540423372232842,-0.006041243838557031,-0.004345147647179532,0.0026105971601625673,0.0043491531542270275,0.007184613044649013,0.003299574527381756,-0.0073300107897367045,-0.009707098799262744
0.0007674894098209963,0.00204008640488756,0.0036389044893101,0.004583425368436498,-0.005965774207164105,-0.004309582063716295,0.002534822270301814,0.004251246086504173,0.007909313233936177,0.003813542165265492,-0.007824967182414003,-0.009874314745308137
0.0007082448642771323,0.001997193895049002,0.0036638494117721986,0.0046254399643517975,-0.005883134901608687,-0.004268919903995344,0.0024541622221179323,0.004151673096555764,0.008618547877147553,0.00431888977892473,-0.008307042454362298,-0.010040283244373623
0.0006498617661933005,0.001954733039590917,0.0036879639824037103,0.004666450556009527,-0.005793484715157678,-0.0042232511876216195,0.002368751904184398,0.004050445234990222,0.009311489413054264,0.004814853495820191,-0.008775021132344532,-0.010205289068734684
0.0005924093896959348,0.0019127534162945283,0.0037112014325956072,0.004706440636127738,-0.005696990584315456,-0.004172673471656146,0.0022787381341949926,0.003947570788651945,0.009987336755390097,0.005300689697274631,-0.009227732865536561,-0.010369600198920699
0.0005359553001724014,0.001871303590739197,0.0037335165192297643,0.004745393767345617,-0.005593827320391223,-0.0041172916394100895,0.0021842791926364197,0.003843055454923855,0.010645316029456509,0.005775676751936652,-0.009664055446178002,-0.010533466546697338
0.0004805652769011524,0.0018304310441806793,0.003754865636828183,0.0047832935572623215,-0.005484177333858583,-0.004057217672293471,0.0020855443270473375,0.003736902528416982,0.011284681277071607,0.006239116671387025,-0.010082917671638478,-0.010697118754677222
0.0004263032384727498,0.001790182103791601,0.003775206924605841,0.004820123635400734,-0.005368230351821942,-0.003992570405522198,0.0019827132284842056,0.0036291130992654693,0.011904715130256593,0.0066903366828675245,-0.010483302040987921,-0.01086076707562527
0.00037323117106913197,0.0017506018754213312,0.0037945003681576737,0.004855867632208107,-0.0052461831289016235,-0.00392347526853175,0.0018759754818823819,0.003519686262209164,0.012504729453807095,0.007128690715222076,-0.010864247279376835,-0.011024600335635855
0.00032140905966537836,0.0017117341790237196,0.003812707895527432,0.004890509160197242,-0.005118239151849097,-0.0038500640109905716,0.0017655299920692634,0.0034086193356178828,0.01308406595669831,0.007553560793013579,-0.01122485068324687,-0.011188784982620374
0.0002708948222151178,0.0016736214868920437,0.0038297934674240085,0.004924031797323241,-0.004984608338203015,-0.003772474415344597,0.0016515843872460477,0.0032959080895818968,0.013642096772518042,0.0079643583361814,-0.011564270281396269,-0.011353464224576788
0.00022174424687762334,0.001636304864831033,0.003845723161369263,0.004956419072681989,-0.00484550672929588,-0.0036908499968575405,0.00153435440180487,0.003181546982167703,0.014178225008908973,0.008360525361229852,-0.011881726806839313,-0.011518757258261951
0.00017401093234153516,0.001599823916386012,0.0038604652495802865,0.004987654454607437,-0.004701156177921755,-0.0036053396921466732,0.0014140632403998171,0.0030655294029218933,0.014691885265916027,0.008741535580943628,-0.012176505474171248,-0.011684758590899964
0.00012774623129704595,0.0015642167302390834,0.0038739902704084386,0.005017721341235443,-0.004551784030976088,-0.003516097537239046,0.001290940925230592,0.002947847922679278,0.015182544123217512,0.009106895400581815,-0.012447957559673775,-0.011851537457623067
8.299919710526739e-05,0.0015295198308719038,0.0038862710931772517,0.005046603053592439,-0.0043976228073796236,-0.0034232823361968635,0.001165223628532024,0.0028284945487199223,0.01564970059607529,0.009456144807854651,-0.01269550178003985,-0.012019137334248038
3.9816533710368414e-05,0.0014957681325840101,0.0038972829762813806,0.005074282831257588,-0.004238909871600172,-0.0033270573213818777,0.0010371529922937547,0.00270746098430995,0.016092886559815,0.009788858155142487,-0.012918625467613978,-0.012187575547746458
-1.757451163072679e-06,0.0014629948969448858,0.003907003618429126,0.005100743830637351,-0.004075887103088047,-0.003227589806442995,0.000906975437255263,0.0025847388916426144,0.016511667142610098,0.010104644832633992,-0.013116885540084375,-0.012356842985720658
-4.1680889488231125e-05,0.0014312316937470499,0.003915413202931602,0.00512596912588156,-0.003908800561943641,-0.003125050833124189,0.0007749414632399279,0.002460320157199119,0.016905641086271017,0.0104031498311273,-0.013289909262982638,-0.012526903902978441
-7.991439305364284e-05,0.001400508365516444,0.003922494434962313,0.005149941712460256,-0.0037379001511387007,-0.0030196148129970047,0.0006413049429023546,0.002334197158540064,0.017274441074717095,0.010684054194309546,-0.01343739480453203,-0.012697695828832574
-0.00011642109018741808,0.0013708529956253297,0.003928232571731643,0.005172644513410638,-0.0035634392756163486,-0.0029114591652258403,0.0005063224109636774,0.00220636303153648,0.017617734029753307,0.010947075359923307,-0.013559111583203401,-0.01286912957188429
-0.00015116665905849438,0.001342291880041832,0.003932615445541525,0.005194060388253615,-0.0033856744985989113,-0.0028007639514737027,0.00037025235101270534,0.0020768119370589257,0.017935221373734156,0.011191967390504244,-0.013654900406991008,-0.013041089323626527
-0.00018411935752867393,0.0013148495027392002,0.0039356334797062825,0.005214172144569622,-0.0032048651954369994,-0.0026877115090526505,0.00023335448193877975,0.0019455393261424655,0.018226639258648203,0.01141852109370619,-0.01372467340779411,-0.013213432859665523
-0.0002152500495325492,0.0012885485147768618,0.003937279697346219,0.005232962552213609,-0.003021273205338055,-0.0025724860834150276,9.588904604853376e-05,0.001812542202654849,0.01849175876114073,0.011626564033818378,-0.013768413770255089,-0.013385991837857776
-0.0002445322279658275,0.00126340971705444,0.003937549723080954,0.005250414360139437,-0.0028351624813176095,-0.0024552734610693372,-4.188389910157636e-05,0.0016778193825106964,0.0187303860429483,0.011815960435319704,-0.013786175259766935,-0.013558572190972722
-0.00027194203406602605,0.0012394520467291456,0.003936441777669683,0.005266510315794416,-0.002646798738722094,-0.002336260603989547,-0.00017970518315265605,0.0015413717484851948,0.018942362476154773,0.011986610980638392,-0.013778081550449003,-0.013730954614127606
-0.00029745827327302396,0.0012166925672763597,0.003933956665665443,0.005281233187035338,-0.0024564491026774875,-0.002215635286567626,-0.0003173172176953582,0.0014032024996992627,0.019127564732766555,0.012138452503745754,-0.013744325358091433,-0.013902895143058806
-0.00032106242756053206,0.0011951464621628395,0.003930097756170003,0.005294565786508193,-0.0022643817548241327,-0.002093585736136416,-0.000454464681392584,0.0012633173948716605,0.019285904837904377,0.012271457582496294,-0.01368516738135371,-0.014074125822461654
-0.0003427386642331736,0.0011748270320918381,0.003924870956795134,0.0053064909984248025,-0.0020708655797041756,-0.0019703002780638557,-0.0005908951935811996,0.0011217249884502521,0.019417330186087045,0.012385634032015723,-0.013600935056369404,-0.014244355461820006
-0.00036247384118756495,0.001155745695769566,0.0039182846809546765,0.005316991807660876,-0.0018761698111740951,-0.001845966986390568,-0.0007263599745103027,0.0009784368587643897,0.019521823519929038,0.012481024302641787,-0.013492021129451234,-0.014413270475352465
-0.00038025750863954064,0.0011379119941328614,0.0039103498086299985,0.0053260513310915344,-0.0016805636792210428,-0.0017207733409503423,-0.0008606144904252991,0.0008334678273673481,0.019599402870681404,0.012557704785403377,-0.01335888205354803,-0.014580535804055876
-0.000396081907323487,0.0011213335979687177,0.0039010796407690346,0.005333652851072214,-0.001484316057568232,-0.0015949058918784086,-0.0009934190817674747,0.0006868361687685485,0.019650121459880765,0.012615785028983341,-0.013202036214887067,-0.014745795915704026
-0.00040994196317363106,0.00110601631884746,0.0038904898474960863,0.0053397798509649975,-0.0012876951124605768,-0.0014685499323731364,-0.0011245395728221818,0.0005385638097881614,0.019674067561650244,0.012655406872071083,-0.013022061996054338,-0.014908675880373416
-0.0004218352785010727,0.0010919641232829094,0.003878598410325895,0.005344416052602931,-0.0010909679530277509,-0.0013418891805369684,-0.0012537478612161233,0.00038867651779853535,0.019671364324914953,0.012676743495162492,-0.012819595682733984,-0.015068782517551789
-0.0004317621196843523,0.0010791791500248265,0.0038654255585911295,0.005347545455577712,-0.0008944002836281704,-0.0012151054710796134,-0.0013808224857369325,0.00023720407715772484,0.019642169555001143,0.012679998396308477,-0.012595329221427878,-0.015225705610610311
-0.00043972540139540766,0.0010676617303813276,0.003850993700307333,0.005349152378229392,-0.0006982560585829004,-0.001088378457620174,-0.0015055491710223765,8.418045317814851e-05,0.01958667545405285,0.01266540429557942,-0.012350007835660912,-0.015379019185304953
-0.0004457306673868907,0.0010574104114618363,0.00383532734771348,0.00534922150021035,-0.0005027971397137044,-0.0009618853262780777,-0.0016277213477482442,-7.035605698646233e-05,0.019505108319786357,0.012633221972839857,-0.012084427509512621,-0.015528282847617217
-0.00044978606787098187,0.0010484219822244796,0.003818453037739604,0.005347737906489858,-0.00030828295710453365,-0.0008358005211932692,-0.001747140647026966,-0.00022636268711195387,0.019397728202047798,0.012583739044121835,-0.01179943234623175,-0.01567304317748109
-0.00045190233352405826,0.0010406915022056892,0.0038003992476654002,0.005344687132659997,-0.00011497017351074464,-0.0007102954825648117,-0.0018636173678137588,-0.0003837920788603264,0.019264828516710006,0.01251726868156968,-0.011495911811126816,-0.015812835172193417
-0.0004520927461558321,0.0010342123328041378,0.003781196306245295,0.005340055211398657,7.68876471559823e-05,-0.0005855383977454622,-0.0019769709162073103,-0.0005425921734075769,0.01910673561663538,0.012434148282300196,-0.011174797867583505,-0.015947183737256683
-0.00045037310608587517,0.0010289761709860379,0.00376087630058614,0.005333828719940703,0.0002670403668353985,-0.00046169396587453346,-0.002087030215623667,-0.0007027061181832221,0.018923808319247865,0.01233473809188556,-0.010837062015687862,-0.016075605217872373
-0.00044676169627477704,0.0010249730852742714,0.0037394729790734453,0.0053259948284042295,0.00045524159538422787,-0.0003389231764787658,-0.002193634086915261,-0.0008640721891115001,0.01871643739051801,0.012219419787267961,-0.010483712242630935,-0.016197608967783224
-0.0004412792432615423,0.001022191553879811,0.0037170216506508505,0.005316541348815199,0.00064124900726272,-0.00021738310241332012,-0.0022966315976037047,-0.0010266237286945719,0.018485044985180415,0.012088595025821179,-0.010115789895057861,-0.016312698948831132
-0.00043394887496321145,0.0010206185048304462,0.0036935590807653748,0.00530545678467056,0.0008248246524034503,-9.722670745963369e-05,-0.0023958823794914454,-0.0011902891002331755,0.01823008404296564,0.011942683964916108,-0.009734366482490306,-0.01642037535888958
-0.0004247960753970779,0.0010202393579489416,0.0036691233842978356,0.0052927303808772645,0.0010057352608232554,2.1397331158718434e-05,-0.002491256914016393,-0.0013549916584260054,0.017952037640995372,0.011782123758754315,-0.009340540422499169,-0.016520136279676405
-0.0004138486363902671,0.0010210380685304339,0.0036437539158036794,0.005278352173902437,0.0011837525405389057,0.00013834478513973945,-0.002582636784814836,-0.0015206497365395323,0.017651418302134708,0.01160736703744989,-0.008935433737189455,-0.016611479343028986
-0.0004011366063458335,0.0010229971725671276,0.0036174911573943255,0.005262313041968281,0.0013586534683478221,0.00025347602219900087,-0.0026699148970559575,-0.0016871766502916919,0.017328767259648575,0.01141888037440239,-0.00852018871103484,-0.016693903407402948
-0.00038669223613890525,0.001026097833367162,0.003590376604592977,0.005244604755124142,0.0015302205730378224,0.0003666561378078999,-0.0027529956632137403,-0.001854480718536044,0.016984653678351475,0.01121714274737741,-0.008095964520521678,-0.016766910241467488
-0.00037054992222075735,0.0010303198894139,0.0035624526505016914,0.0052252200250275235,0.001698242210591758,0.0004777550715396808,-0.002831795155043377,-0.0020224653007876506,0.01661967383243565,0.011002643998978781,-0.007663933845405604,-0.01683000620885388
-0.000352746147013012,0.0010356419033118209,0.003533762468618331,0.0052041525542657,0.0018625128309573166,0.0005866477080444967,-0.0029062412216287075,-0.0021910288515769962,0.016234450240676074,0.010775883301984382,-0.007225279471660559,-0.01688270394901526
-0.00033331941667843985,0.0010420412116656922,0.003504349894642848,0.005181397085049965,0.0020228332359571092,0.0006932139627297694,-0.002976273573467884,-0.0023600649915700065,0.015829630759282426,0.010537367635070169,-0.006781190896174752,-0.01692452404958677
-0.0003123101963590554,0.0010494939757407134,0.0034742593076121874,0.005156949447115417,0.0021790108279197765,0.0007973388522744622,-0.0030418438326642364,-0.002529462595339679,0.015405887633251042,0.010287610273868389,-0.00633286094309575,-0.016954996704347754
-0.0002897608429763539,0.00105797523275288,0.003443535510701928,0.005130806604660585,0.002330859848620531,0.0008989125501588599,-0.0031029155493876494,-0.002699105895626605,0.01496391650689985,0.010027129303011126,-0.005881482401586882,-0.016973663353037398
-0.0002657155356926147,0.0010674589476408858,0.003412223612030656,0.005102966702163079,0.002478201608127307,0.0009978304274422998,-0.003159464184866743,-0.002868874603874675,0.014504435394455367,0.009756446153676837,-0.005428244694231796,-0.01698007829657667
-0.00024022020413618671,0.0010779180651734506,0.003380368905799971,0.0050734291089097995,0.002620864703158289,0.0010939930790706668,-0.003211477061270266,-0.003038644046781216,0.014028183611741046,0.009476084171996565,-0.004974330586472855,-0.016973810284731543
-0.00021332245449755952,0.0010893245622490195,0.003348016754098986,0.005042194462083121,0.0027586852245671516,0.0011873063360431136,-0.0032589532789267187,-0.0032082853185545447,0.013535920670031426,0.009186567222492795,-0.004520912944817643,-0.01695444406993419
-0.0001850714936068032,0.0011016495002482943,0.0033152124696972365,0.005009264708247734,0.0028915069535841126,0.0012776812638118455,-0.0033019036014231887,-0.0033776654485227742,0.01302842513336075,0.008888418331253575,-0.004069151554476361,-0.01692158192371173
-0.0001555180511066135,0.001114863077304025,0.003282001200144056,0.004974643143086642,0.0030191815464538233,0.0013650341473342858,-0.0033403503092129232,-0.0035466475836955936,0.01250649344058144,0.008582158373234464,-0.003620190003470511,-0.01687484511085214
-0.00012471429983871793,0.0011289346803568805,0.0032484278134857604,0.0049383344492389975,0.003141568707125293,0.0014492864632368201,-0.003374327022446178,-0.0037150911858333645,0.011970938693712546,0.008268304807272406,-0.003175152643180426,-0.01681387531670208
-9.271377456476963e-05,0.001143832936871008,0.0032145367859044128,0.004900344732097127,0.003258536347664367,0.0015303648395886993,-0.0034038784938233554,-0.0038828522425407583,0.011422589414102263,0.007947370463103412,-0.0027351416322550087,-0.016738336024776708
-5.9571289146068934e-05,0.0011595257660880608,0.0031803720915735685,0.004860681553425134,0.0033699607360757724,0.0016082010038218513,-0.003429060372345501,-0.004049783491857776,0.010862288268178782,0.007619862383527007,-0.0023012340721741548,-0.016647913838626953
-2.5342852309492686e-05,0.001175980429704,0.0031459770950172518,0.004819353962666934,0.0034757266312394775,0.0016827317193659603,-0.003449938938917844,-0.004215734659782229,0.010290890764562272,0.007286280725294761,-0.0018744792422944884,-0.01654231974626364
9.914417870129182e-06,0.0011931635818588234,0.0031113944462485056,0.004776372525817409,0.0035757274046848966,0.001753898711598741,-0.0034665908148313967,-0.0043805527101228505,0.00970926392452151,0.006947117721261373,-0.0014558959404160216,-0.016421290321860675
4.614238063828575e-05,0.0012110413183355206,0.003076665978953261,0.004731749351736575,0.0036698651489464177,0.0018216485837407083,-0.003479102644217509,-0.004544082106043882,0.009118284927782688,0.006602856707132079,-0.0010464699368065017,-0.016284588862345635
8.328196024434151e-05,0.0012295792248709755,0.0030418326119739944,0.004685498115793192,0.003758050772264734,0.0018859327233502693,-0.0034875707516358093,-0.004706165082632821,0.008518839735880607,0.006253971214780149,-0.0006471515468535333,-0.016132006455442098
0.00012127323450276831,0.0012487424244882067,0.003006934254335742,0.004637634080731089,0.0038402040794206253,0.0019467072000959624,-0.003492100776014703,-0.004866641929787663,0.00791182169529761,0.005900924134358457,-0.00025885332892520985,-0.01596336297552637
0.0001600555240924256,0.0012684956237662044,0.0029720097140445508,0.004588174114658687,0.003916253838510835,0.0020039326555035793,-0.0034928072822235185,-0.005025351284692855,0.007298130122744356,0.005544166947164905,0.00011755208716217325,-0.015778508005512053
0.00019956748245247895,0.0012888031579706902,0.0029370966108754138,0.004537136706069582,0.003986137833499832,0.0020575741853935754,-0.0034898133516038806,-0.005182130433128084,0.00667866887505511,0.0051841390308343255,0.00048123403676543497,-0.015577321681533703
0.00023974718613200915,0.0013096290349763377,0.0029022312933532054,0.0044845419758098104,0.004049802902406207,0.0021076012157359237,-0.0034832501528378043,-0.0053368156188262125,0.006054344906219783,0.004821267037635343,0.0008314057164498373,-0.015359715458092109
0.0002805322254490815,0.0013309369779183299,0.002867448760116149,0.004430411685915305,0.004107204961008263,0.0021539873726625176,-0.0034732564945734365,-0.005489242360074872,0.005426066814191471,0.00445596434768343,0.001167325936423727,-0.015125632791639705
0.0003218597953140237,0.0013526904665185626,0.002832782585836956,0.004374769245251233,0.004158309011980176,0.002196710347384035,-0.0034599783612651856,-0.005639245772739511,0.004794743380191119,0.004088630596620055,0.001488300725226474,-0.014875049741288053
0.0003636667860709105,0.0013748527770392933,0.0027982648518620206,0.004317639711893206,0.004203089139397188,0.002235751756762106,-0.0034435684337219105,-0.0057866608988659685,0.0041612821032113445,0.0037196512789941655,0.0017936847834285202,-0.014607975484003506
0.0004058898742107803,0.0013973870208245603,0.0027639260817139853,0.004259049792198852,0.004241528488576769,0.0022710970002912906,-0.0034241855958851417,-0.00593132304000484,0.003526587732704839,0.0033493974268427457,0.0020828827839252523,-0.014324452743770803
0.00044846561280991994,0.0014202561813972266,0.0027297951815876604,0.004199027836526881,0.0042736192312511564,0.002302735114241967,-0.003401994429379833,-0.006073068094389312,0.0028915608021727046,0.0029782253632925776,0.0023553505171364925,-0.01402455813312365
0.0004913305215466547,0.0014434231500869935,0.0026958993859537367,0.0041376038315695035,0.004299362516095798,0.0023306586237114096,-0.0033771646974049053,-0.006211732897086172,0.0022570961667555955,0.002606476530595911,0.002610595877849106,-0.013708402406248259
0.0005344211761504743,0.0014668507601721715,0.0026622642083689993,0.004074809389272902,0.004318768404668117,0.002354863393324197,-0.0033498708195425853,-0.006347155562234192,0.0016240815477082393,0.002234477391961545,0.0028481796946148857,-0.013376130623355638
0.0005776742971380196,0.0014905018195253503,0.00262891339757592,0.004010677732329334,0.004331855792840948,0.002375348477311564,-0.0033202913390732304,-0.0064791758264793105,0.0009933960868579728,0.0018625394055118843,0.0030677163992561124,-0.013027922225668058
0.0006210268376914511,0.0015143391417603424,0.0025958688989585993,0.003945243676233383,0.004338652317845356,0.0023921159696868406,-0.003288608384390952,-0.0066076353927109486,0.00036590891402357717,0.0014909590695433989,0.0032688745371995537,-0.012663991020659522
0.0006644160705360188,0.0015383255758848675,0.002563150821406078,0.003878543607903801,0.0043391942510681725,0.00240517085521818,-0.003255007126113332,-0.006732378273205419,-0.0002575222694603252,0.0011200180367244988,0.0034513771183244807,-0.012284585078234593
0.0007077796736752593,0.0015624240344703675,0.0025307774096181407,0.0038106154608813485,0.004333526376779932,0.002414520861881829,-0.003219675231474092,-0.006853251131285072,-0.0008760525881878756,0.0007499832960052438,0.0036150018095235242,-0.011889986537695914
0.00075105581484416,0.0015865975203570681,0.0024987650218728833,0.003741498687121887,0.004321701857000198,0.002420176315458294,-0.003182802317577396,-0.006970103620607246,-0.00148885136775892,0.00038110741928780445,0.0037595809698156984,-0.011480511326738989
0.000794183234542846,0.0016108091519189066,0.002467128113259594,0.003671234225412834,0.0043037820827370185,0.002422149996909412,-0.003144579405080496,-0.007082788721203341,-0.0020951034848770422,1.3628870935769588e-05,0.0038850015295643497,-0.011056508792479998
0.0008371013275158731,0.0016350221869192074,0.0024358792243649344,0.003599864466449827,0.0042798365118683875,0.0024204570031507396,-0.0031051983738514003,-0.007191163071398053,-0.002694010688849141,-0.0003522276226702453,0.003991204716254734,-0.010618361246462198
0.0008797502225450356,0.0016592000449939782,0.0024050289753850458,0.0035274332146190807,0.004249942493964111,0.0024151146118034108,-0.0030648514221263174,-0.007295087294751215,-0.0032847928920060887,-0.0007162506467955215,0.004078185628761902,-0.010166483424170265
0.0009220708604267309,0.0016833063288054014,0.002374586065621093,0.0034539856465394254,0.004214185082374962,0.0024061421504812355,-0.0030237305306642544,-0.007394426321179844,-0.003866689425823716,-0.0010782416176395443,0.004145992663650719,-0.009701321861555472
0.0009640050700083395,0.0017073048439134886,0.0023445572783009536,0.0033795682664263574,0.0041726568339467505,0.002393560871136197,-0.0029820269333636048,-0.0074890497014337525,-0.004438960259818686,-0.0014380142513681776,0.004194726796479212,-0.00922335418922627
0.0010054956421618022,0.0017311596174189325,0.0023149474906552655,0.003304228858348605,0.004125457596745783,0.002377393829952595,-0.0029399305957740238,-0.007578831914116722,-0.005000887180374863,-0.001795393985352181,0.004224540721437006,-0.008733088347367628
0.001046486401576579,0.001754834915434916,0.002285759689161918,0.0032280164354556904,0.004072694286209577,0.0023576657732441147,-0.0028976297028954464,-0.007663652664466215,-0.0055517749268662875,-0.0021502173563439503,0.004235637854278454,-0.00823106172253086
0.0010869222762584499,0.0017782952594499908,0.002256994989859387,0.0031509811862627177,0.004014480650164602,0.002334403029770841,-0.002855310157610743,-0.007743397174128329,-0.006090952282128664,-0.002502331338310862,0.004228271202662268,-0.007717840209891962
0.0011267493646251751,0.0018015054416481275,0.002228652663616039,0.0030731744180861336,0.003950937023180452,0.002307633409856487,-0.002813155091058875,-0.007817956461188495,-0.006617773114701214,-0.00285159264455985,0.00420274210771128,-0.007194017202141086
0.0011659150000948488,0.0018244305392556355,0.0022007301662297393,0.002994648497731467,0.0038821900707542894,0.0022773861116451217,-0.002771344386201081,-0.0078872276097448,-0.00713161737053139,-0.003197866997713253,0.0041593988638475715,-0.006660212509119849
0.0012043678130678457,0.0018470359279878492,0.0021732231732198345,0.0029154567895410396,0.0038083725238450866,0.002243691634797621,-0.0027300542157798844,-0.007951114028340693,-0.007631892011309177,-0.003541028371786867,0.004098635220391736,-0.006117071210058785
0.001242057790208577,0.001869287294671268,0.0021461256191618416,0.0028356535909163224,0.003729622904301156,0.0022065817018861182,-0.0026894565958186876,-0.008009525696602744,-0.00811803189747698,-0.003880958210513666,0.004020888771847628,-0.0055652624423513306
0.001278936330938814,0.0018911506491192135,0.002119429741404011,0.002755294065436001,0.003646085241746247,0.002166089187703003,-0.0026497189557474297,-0.008062379399461552,-0.008589500613504802,-0.00421754462610939,0.003926639242403954,-0.00500547812941033
0.001314956301060103,0.0019125923353410228,0.0020931261279943636,0.002674434173696864,0.003557908782511565,0.0021222480566588523,-0.002611003726182047,-0.008109598948365833,-0.00904579123343166,-0.00455068158272072,0.0038164066706725536,-0.004438431651445744
0.001350072083428766,0.0019335790421663186,0.0020672037696368483,0.0025931306020103486,0.003465247691221028,0.002075093308400296,-0.0025734679453210283,-0.008151115388937251,-0.009486427024675698,-0.004880268068990598,0.0036907495015312125,-0.003864856462837969
0.0013842396256131487,0.001954077813367001,0.002041650115485966,0.002511440689092939,0.0033682607456555257,0.002024660931736226,-0.002537262884855393,-0.008186867194544638,-0.009910962088424818,-0.005206207263823329,0.0035502625915957847,-0.0032855046586394085
0.0014174164844691225,0.0019740560573602768,0.0020164511325805635,0.0024294223508936306,0.0032671110255392244,0.0019709878669188926,-0.0025025336962251304,-0.008216800445317063,-0.010318981934835464,-0.005528405699643343,0.0033955751344567214,-0.002701145495845554
0.0014495618675763541,0.001993481556576278,0.001991591368709515,0.002347134003706278,0.0031619655959070994,0.0019141119762813943,-0.00246941907798454,-0.008240868992153429,-0.010710103991589587,-0.00584677242785632,0.003227348513661396,-0.002112563871427768
0.0014806366714845214,0.0020123224765736486,0.001967054018494761,0.002264634485718905,0.0030529951857263663,0.0018540720231926835,-0.002438050964966291,-0.00825903460532122,-0.011083978044557047,-0.006161218189885839,0.003046274089988324,-0.0015205587621304265
0.0015106035167254395,0.0020305473749858546,0.001942820992470596,0.0021819829771558895,0.0029403738624572398,0.0017909076592485204,-0.0024085542398667196,-0.008271267107281875,-0.011440286609268241,-0.006471654598946788,0.0028530709299259688,-0.000925941630000364
0.0015394267795539708,0.0020481252103799717,0.0019188729889322597,0.0020992389191723955,0.0028242787032490358,0.0017246594195749034,-0.002381046467800535,-0.008277544489416911,-0.011778745232372517,-0.006777993335776597,0.0026484834833109955,-0.00032953479700682103
0.0015670726203876023,0.002065025351108254,0.0018951895683217586,0.0020164619316634536,0.002704889463477249,0.0016553687260815243,-0.0023556376542996876,-0.008277853012371474,-0.012099102721984806,-0.007080145362899207,0.002433279216858472,0.0002678302060944507
0.0015935090089216576,0.0020812175842309702,0.0018717492299144657,0.0019337117301527233,0.002582388243333814,0.0015830778984617534,-0.002332430027158885,-0.008272187289774593,-0.012401141306702196,-0.007378020161054974,0.00220824621130207,0.0008653143132813998
0.0016187057459042698,0.0020966721245867727,0.0018485294905663952,0.0018510480419281735,0.002456959153188627,0.0015078301726987376,-0.0023115178424552153,-0.008260550355135366,-0.012684676722335225,-0.007671524991548176,0.0019741907294318767,0.0014620726145641097
0.0016426344815624306,0.002111359624084259,0.00182550696527914,0.0017685305215937096,0.002328787978443531,0.0014296697267984855,-0.0022929872149958343,-0.008242953711757421,-0.01294955822668395,-0.007960564188502259,0.0017319347624443343,0.0020572560610246857
0.0016652687306776587,0.002125251181285433,0.0018026574493372883,0.0016862186662071443,0.0021980618446020934,0.0013486417134363827,-0.0022769159733744973,-0.008219417365555627,-0.013195668541603617,-0.00824503848391829,0.001482313561823087,0.0026500131793340057
0.0016865838843170618,0.0021383183513484652,0.0017799560017716964,0.0016041717301758514,0.0020649688832785297,0.0012647922991700345,-0.002263373539743899,-0.008189969840702966,-0.013422923723109131,-0.008524844369351345,0.0012261731642965873,0.0032394917911983054
0.0017065572182327834,0.0021505331563934924,0.0017573770299012857,0.001522448640081955,0.0019296978998657966,0.0011781687098353943,-0.0022524208343382276,-0.008154648178076323,-0.013631272959437474,-0.008799873497576674,0.000964367916837669,0.0038248407341300375
0.001725167897950017,0.0021618680963512524,0.0017348943747060527,0.0014411079096090182,0.0017924380435809075,0.001088819281716618,-0.0022441102047083762,-0.008113497916511026,-0.013820698297540374,-0.009070012126178625,0.0006977580091325902,0.004405211578929362
0.0017423969805709103,0.0021722961603500854,0.0017124813967847048,0.0013602075547418755,0.0016533784805977554,0.000996793518049976,-0.00223848537956121,-0.008066573056917513,-0.013991214299090032,-0.009335140607149753,0.0004272070203006767,0.004979760339773327
0.0017582274133287484,0.002181790838692297,0.001690111062651769,0.0012798050094105196,0.0015127080709698695,0.0009021421503923193,-0.0022355814470259505,-0.008013936009353656,-0.014142867626487171,-0.009595132924381564,0.00015357948675116806,0.005547649172998097
0.0017726440289337873,0.0021903261354660765,0.0016677560311311368,0.0011999570417478168,0.0013706150500379108,0.0008049172043636105,-0.0022354248571004862,-0.007955657523186917,-0.014275736559904578,-0.009849856281360217,-0.00012226150165835226,0.006108048060349598
0.001785633537758991,0.00219787658183414,0.0016453887396058074,0.0011207196711292787,0.0012272867150028264,0.0007051720692490767,-0.002238033447965394,-0.00789181660052069,-0.014389930447112315,-0.010099170741546523,-0.0003994566713231701,0.006660136472895865
0.0017971845169206676,0.0022044172500350167,0.0016229814898870347,0.0010421480861611838,0.0010829091173324896,0.0006029615709262765,-0.0022434164957891426,-0.0078225003930983,-0.014485589086955047,-0.010342928923013542,-0.000677152893426583,0.007203105011582063
0.0018072873963156076,0.0022099237681274604,0.0016005065334701732,0.0009642965637810088,0.0009376667616555127,0.0004983420475624608,-0.002251574787583154,-0.007747804082936705,-0.014562882048440334,-0.010580975749749574,-0.0009545054653757185,0.0077361570207369265
0.0018159344416827734,0.0022143723355028473,0.0015779361559492273,0.0008872183896314294,0.000791742311777654,0.00039137142751491963,-0.002262500716606025,-0.00766783074697917,-0.014622007927131392,-0.010813148259758668,-0.001230680339198445,0.008258510170770068
0.001823119734763849,0.002217739739184688,0.001555242760367405,0.0008109657798660718,0.0006453163044374489,0.0002821093088532349,-0.002276178399758445,-0.007582691206092358,-0.014663193540909641,-0.011039275472578283,-0.0015048562912855362,0.00876939800659226
0.001828839150643022,0.002220003370928492,0.0015323989492868491,0.0007355898045417643,0.0004985668713971636,0.00017061703990750815,-0.0022925838163527228,-0.007492503858769133,-0.014686693067147427,-0.011259178316567059,-0.0017762270275700348,0.009268071458052758
0.0018330903323522277,0.0022211412451292527,0.0015093776053671402,0.0006611403127482562,0.0003516694704439689,5.6957800244659645e-05,-0.0023116849675890614,-0.007397394499932493,-0.014692787123491508,-0.011472669616002643,-0.002044003219697707,0.0097538003092753
0.0018358726628337012,0.0022211320175378,0.001486151970249099,0.0005876658596222527,0.00020479662585074483,-5.880331853519198e-05,-0.0023334420560191904,-0.007297496125268193,-0.01468178179515331,-0.011679554139967682,-0.0023074144663280532,0.010225874623584714
0.0018371872343570614,0.002219955004781157,0.0014626957215478555,0.0005152136353881835,5.811767882129404e-05,-0.0001765992327934427,-0.0023578076842295,-0.00719294872154565,-0.014654007610736847,-0.01187962871168246,-0.0025657111757338286,0.010683606120923998
0.0018370368154932558,0.0022175902046759517,0.0014389830477670447,0.0004438293965633729,-8.820145158241322e-05,-0.00029636078824757834,-0.0023847270719326657,-0.007083899043416478,-0.014609818470004605,-0.012072682379144668,-0.0028181663648993577,0.011126329504910333
0.0018354258157525386,0.002214018317317835,0.001414988720954317,0.00037355739946024554,-0.0002339984965610416,-0.00041801668337574754,-0.002414138290612886,-0.006970500377208989,-0.014549590525721069,-0.012258496646489168,-0.0030640773711447106,0.011553403736587524
0.001832360247998203,0.0022092207669237754,0.0013906881669270925,0.00030444033611288287,-0.00037911505430606395,-0.0005414933954361958,-0.0024459725148319894,-0.006852912292263545,-0.014473721023283408,-0.01243684576560048,-0.003302767472675952,0.011964213252501195
0.0018278476887520353,0.0022031797243980997,0.001366057532906592,0.00023651927274966858,-0.000523396794927484,-0.0006667151096989485,-0.0024801542892681056,-0.006731300380379311,-0.014382627101000595,-0.012607497086950047,-0.003533587414547276,0.012358169124345612
0.001821897236511382,0.002195878130587214,0.0013410737524076261,0.00016983359092793805,-0.000666693653203187,-0.0007936036524782117,-0.0025166018105250805,-0.006605835983966795,-0.014276744554140002,-0.012770211468902594,-0.0037559168368476864,0.012734710158157532
0.0018145194682013391,0.0021872997201821103,0.001315714607241385,0.00010442093144049175,-0.0008088600088053713,-0.0009220784285424954,-0.0025552272227231596,-0.006476695913522464,-0.014156526566296863,-0.012924743743954158,-0.003969165602768096,0.013093303930708726
0.0018057263938888383,0.0021774290462220755,0.001289958786498497,4.031714109756761e-05,-0.0009497548536947906,-0.0010520563634644738,-0.0025959369258544106,-0.006344062155062365,-0.014022442411586993,-0.013070843240441533,-0.004172775023482081,0.013433447761311064
0.0017955314098883313,0.0021662515051474617,0.0012637859423899039,-2.244377751859423e-05,-0.0010892419464066073,-0.001183451851458273,-0.002638631895864234,-0.006208121568170003,-0.013874976130776335,-0.013208254358318315,-0.004366218978482592,0.013754669617161423
0.0017839492503913556,0.0021537533623440146,0.0012371767428335737,-8.382971323609826e-05,-0.0012271899529885404,-0.0013161767092311526,-0.0026832080154017956,-0.006069065575330804,-0.013714625185610268,-0.013336717196257598,-0.0045490049290297235,0.014056528950678333
0.0017709959377544728,0.0021399217781160797,0.0012101129206857385,-0.00014381049032895395,-0.0013634725743880106,-0.0014501401363558207,-0.0027295564141652418,-0.0059270898432403326,-0.013541899094283789,-0.013455968228676028,-0.004720674823659496,0.01433861746741593
0.0017566887315819276,0.0021247448340210545,0.0011825773195261297,-0.00020235790932908912,-0.001497968660121042,-0.0015852486826492271,-0.002777563817756524,-0.0057823939567867005,-0.01335731805232247,-0.013565741030005275,-0.0048808058945970095,0.01460055982331044
0.001741046076740848,0.00210821155949273,0.001154553935917593,-0.0002594457845451173,-0.0016305623080948657,-0.0017214062230156832,-0.002827112903950818,-0.005635181086418939,-0.013161411542442287,-0.013665767043285947,-0.005029011344261744,0.01484201425024178
0.0017240875504479158,0.002090311958676715,0.0011260279580714353,-0.00031504997822532434,-0.001761142950491589,-0.0018585139401873238,-0.0028780826652807265,-0.005485657649622467,-0.012954716936902349,-0.013755776391042175,-0.005164940921719999,0.015062673109052745
0.0017058338085671634,0.002071037037396951,0.001096985800860868,-0.00036914843130959006,-0.001889605425658878,-0.0019964703157654686,-0.002930348776832718,-0.00533403296723068,-0.01273777809655548,-0.013835498724586802,-0.005288281388678359,0.015262263369304578
0.0016863065312589054,0.0020503788301684317,0.0010674151371359364,-0.00042172119072228,-0.0020158500359927297,-0.002135171129938389,-0.0029837839681536023,-0.005180518915307307,-0.012511143970214838,-0.013904664109997224,-0.00539875687549847,0.015440547015370128
0.0016655283681197683,0.0020283304271676607,0.001037304925304316,-0.00047275043316550653,-0.0021397825918346948,-0.0022745094702158073,-0.0030382583981704908,-0.005025329573337998,-0.012275367198178195,-0.013963003945486462,-0.005496129127879265,0.015597321378491562
0.0016435228829533833,0.002004886001069137,0.001006645433153292,-0.000522220485379557,-0.002261314441442306,-0.002414375749488937,-0.0030936400320343256,-0.00486868086947209,-0.012031002723344047,-0.014010251909139494,-0.005580197644887666,0.015732419394690063
0.0016203144983105151,0.0019800408336532313,0.0009754282578990812,-0.0005701178408446951,-0.002380362487131326,-0.0025546577336922017,-0.003149795018807818,-0.004710790223555529,-0.011778606414460008,-0.014046144931513481,-0.0056507997098107915,0.01584570978862209
0.0015959284399362332,0.001953791342088252,0.0009436463424603848,-0.0006164311729059447,-0.0024968491877250558,-0.0026952405793036283,-0.0032065880689314515,-0.004551876188694405,-0.011518733704285949,-0.014070424190771848,-0.00570781031491592,0.015937097183602707
0.0015703906812601994,0.001926135104787297,0.0009112939879636341,-0.000661151344309845,-0.0026107025474817135,-0.002836006880887407,-0.003263882830418705,-0.004392158092085641,-0.011251938247045585,-0.014082836125983954,-0.0057511419825347215,0.01600652213815012
0.0015437278880642454,0.0018970708867386533,0.0008783668624977872,-0.000704271413149504,-0.002721856091709088,-0.002976836728841329,-0.003321542262750674,-0.004231855675846164,-0.01097877059842937,-0.01408313346480037,-0.005780744483859082,0.016053961109745336
0.0015159673634591519,0.001866598664207065,0.000844862006146725,-0.0007457866352215606,-0.0028302488293096037,-0.00311760777747634,-0.00337942900746176,-0.004071188738565154,-0.010699776921673749,-0.014071076262201852,-0.005796604458358209,0.016079426346456642
0.0014871369932999293,0.0018347196487021095,0.0008107778323372478,-0.0007856944628058658,-0.002935825202534915,-0.003258195323514752,-0.003437405754433682,-0.00391037677829588,-0.010415497723388494,-0.01404643294548056,-0.005798744936026126,0.016082965707398096
0.0014572651921659415,0.0018014363101092666,0.000776114125550373,-0.0008239945398858133,-0.003038535024262647,-0.0033984723950538152,-0.003495335602941276,-0.0037496386376936345,-0.010126466622157954,-0.014008981362332106,-0.005787224765492691,0.016064662413051038
0.0014263808500289221,0.001766752398878981,0.0007408720354530454,-0.0008606886938342548,-0.003138333403141223,-0.003538309851003315,-0.0035530824165242443,-0.0035891921519946527,-0.00983320915355727,-0.013958509827567835,-0.00576213795110099,0.01602463472674532
0.0013945132797283147,0.0017306729671691457,0.0007050540675164734,-0.0008957809235968186,-0.003235180656980256,-0.0036775764909637364,-0.0036105111707901536,-0.00342925380051811,-0.009536241614249336,-0.013894818164516452,-0.00572361290208083,0.01596303556856326
0.001361692165369438,0.001693204388836965,0.0006686640701960828,-0.0009292773844112023,-0.003329042214795081,-0.0038161391754723984,-0.003667488293287968,-0.003270038362358622,-0.009236069948715658,-0.013817718737215913,-0.005671811597482049,0.015880052063334323
0.0013279475117557425,0.001654354378177078,0.0006317072187565041,-0.0009611863691075997,-0.0034198885079440296,-0.003953862956505008,-0.0037238819946277643,-0.0031117585769208627,-0.008933188681074029,-0.013727037469305946,-0.005606928670477226,0.015775905024217544
0.0012933095949619036,0.0016141320073041533,0.0005941899958330642,-0.0009915182860418597,-0.003507694850823748,-0.00409061121807994,-0.0037795625900602244,-0.002954624809931147,-0.008628079894869616,-0.013622614845680371,-0.005529190416014809,0.015650848373725552
0.0012578089141497063,0.0015725477220798875,0.0005561201688289198,-0.0010202856337192237,-0.0035924413116157246,-0.004226245826773211,-0.00383440281076865,-0.0027988447255416463,-0.00832121226352574,-0.013504306892973904,-0.0054388537256702535,0.015505168504174598
0.0012214761447236144,0.0015296133564864525,0.0005175067642542384,-0.001047502972172548,-0.003674112573602652,-0.004360627291913785,-0.003888278104167636,-0.0026446229651232228,-0.008013040133859766,-0.013371986135141102,-0.005336204954126969,0.015339183579510147
0.0011843420929176203,0.0014853421453509355,0.0004783600391206736,-0.0010731868911647788,-0.003752697787596156,-0.0044936149351896305,-0.0039410669225453205,-0.0024921608333229187,-0.0077040026648410205,-0.013225542520027854,-0.0052215587214099884,0.015153242780550628
0.0011464376518994454,0.001439748735328197,0.0004386914495107988,-0.0010973559752910907,-0.003828190416038834,-0.0046250670693580576,-0.0039926509994296375,-0.0023416559919394652,-0.007394523023694626,-0.013064884313657578,-0.005095256655453365,0.014947725496140103
0.0011077937594724263,0.001392849194052818,0.00039851361644812944,-0.0011200307660615228,-0.0039005880693649855,-0.004754841185717763,-0.004042915613104238,-0.0021933021621469507,-0.007085007641535707,-0.012889938958283519,-0.004957666079466613,0.014723040462362828
0.0010684413574494867,0.0013446610173744103,0.0003578402891988817,-0.0011412337210501282,-0.003969892335222926,-0.004882794149963755,-0.004091749836745311,-0.00204728883557414,-0.006775845530052321,-0.012700653890914883,-0.004809178648748039,0.014479624852199342
0.0010284113527674868,0.001295203134594527,0.0003166863061416665,-0.0011609891702016035,-0.004036108601177062,-0.005008782406012927,-0.004139046774697731,-0.0019038009947209274,-0.006467407660774988,-0.012496997318919532,-0.004650208941735998,0.014217943318443164
0.0009877345804039867,0.001244495911627692,0.00027506755334589687,-0.0011793232693910506,-0.0040992458715229585,-0.005132662187354068,-0.0041847037844561915,-0.0017630188431684885,-0.006160046408404323,-0.012278958949308617,-0.004481193009956155,0.013938486992044592
0.0009464417681520585,0.001192561152013692,0.00023300092100379376,-0.0011962639513369616,-0.004159316578862685,-0.0052542897354459234,-0.00422862268396443,-0.00162511754601371,-0.005854095059541004,-0.012046550669062593,-0.004302586891691537,0.013641772438911064
0.0009045635033022598,0.0011394220957131839,0.00019050425786449907,-0.0012118408739716854,-0.004216336391097042,-0.0053735215246556965,-0.004270709943894509,-0.0014902669809310559,-0.005549867387330359,-0.011799807172891953,-0.004114865094324308,0.013328340577619786
0.0008621302012742732,0.0010851034156238919,0.00014759632382194517,-0.001226085366377533,-0.004270324014500285,-0.005490214493202702,-0.004310876864616273,-0.001358631500238443,-0.005247657293318293,-0.011538786536509103,-0.003918519050028421,0.01299875556090279
0.0008191720762340186,0.0010296312117601529,0.00010429674081078734,-0.0012390303724003,-0.00432130099355063,-0.005604226279545103,-0.004349039737615294,-0.0012303697043149614,-0.004947738516750604,-0.011263570731971019,-0.0037140555497758437,0.012653603623793537
0.000775719113725299,0.0009730330030443145,6.062594216687893e-05,-0.0012507103920553272,-0.004369291508193284,-0.005715415463622574,-0.0043851199911663875,-0.0011056342266904779,-0.004650364411780201,-0.010974266083523275,-0.0035019951604427363,0.012293491901103175
0.0007318010453382508,0.0009153377166644729,1.6605120610458755e-05,-0.0012611614208442718,-0.004414322169216375,-0.00582364181234574,-0.004419044320117646,-0.0009845715310984454,-0.0043557677928380105,-0.010671003661109936,-0.003282870629809101,0.01191904721730331
0.0006874473254300672,0.0008565756749592376,-2.7743824988567734e-05,-0.0012704208871035382,-0.004456421812420332,-0.005928766528701311,-0.004450744799687652,-0.0008673217207548345,-0.004064160847953319,-0.010353939610004324,-0.003057225284191875,0.011530914851418876
0.0006426871099066675,0.0007967785797966146,-7.239834390313445e-05,-0.0012785275875077944,-0.0044956212922596115,-0.00603065250382329,-0.004480158983225692,-0.0007540183600964068,-0.0037757351199025173,-0.010023255414391287,-0.002825611423416377,0.011129757280266668
0.0005975492370672071,0.000735979494420677,-0.00011733528873891997,-0.00128552162085419,-0.004531953275632474,-0.0061291645713642305,-0.004507229983931411,-0.0006447883091827347,-0.00349066155467,-0.009679158093796957,-0.002588588717727311,0.010716252902467742
0.0005520622105066004,0.0006742128227464258,-0.00016253097136145655,-0.0012914443202547926,-0.00456545203648886,-0.006224169763486022,-0.004531906540575905,-0.0005397515709377732,-0.0032090906166070514,-0.009321880330561229,-0.002346722611171484,0.010291094746524572
0.0005062541840645625,0.0006115142860901121,-0.00020796121940089182,-0.0012963381838663652,-0.00459615325191873,-0.00631553756777672,-0.004554143067311149,-0.0004390211513767503,-0.0029311524693669995,-0.008951680527578464,-0.0021005827358773627,0.009854989165679999
0.00046015294880310013,0.0005479208973292758,-0.00025360143317593897,-0.00130024680428793,-0.004624093800373734,-0.006403140184390533,-0.0045738996876982805,-0.0003427029329362032,-0.002656957221633876,-0.008568842795184196,-0.0018507413415489032,0.009408654522429429
0.0004137859219879136,0.0004834709324938226,-0.00029942664288007035,-0.0013032147967575877,-0.004649311562663572,-0.006486852782700104,-0.0045911422531279954,-0.0002508955609953287,-0.002386595236333628,-0.008173676866730005,-0.0015977717443940581,0.008952819865745469
0.0003671801380428219,0.0004182038997965976,-0.00034541156587494803,-0.0013052877262808094,-0.004671845226354767,-0.006566553756744898,-0.004605842345847541,-0.00016369034364901715,-0.002120137501905466,-0.0077665179422288025,-0.0013422467995151816,0.008488223603516844
0.00032036224144012644,0.0003521605061190924,-0.0003915306639384294,-0.0013065120338228787,-0.004691734094184325,-0.006642124978756144,-0.004617977266848737,-8.117116476483455e-05,-0.0018576360640059804,-0.007347726460020375,-0.0010847374007239424,0.008015612173319676
0.00027335848148378613,0.00028538262097511913,-0.000437758200317223,-0.00130693496169834,-0.004709017897083737,-0.00671345205003851,-0.004627530008909976,-3.4144103274221372e-06,-0.0015991245158765537,-0.006917687796452722,-0.000825811011523972,0.0075357387141628054
0.00022619470893641943,0.0002179132379824767,-0.0004840682964373834,-0.001306604478290216,-0.0047237366123896035,-0.006780424548489979,-0.004634489215122109,6.951109195219252e-05,-0.0013446185452966226,-0.006476811893841215,-0.0005660302309025561,0.007049361741760126
0.000178896374435489,0.00014979643387979955,-0.000530434988129311,-0.0013055692022313939,-0.004735930287796483,-0.006842936272045449,-0.004638849123263407,0.00013754411981224966,-0.0010941165360793086,-0.006025532817252689,-0.00030595139735707655,0.0065572438302513025
0.00013148852863857836,8.107732513289295e-05,-0.0005768322812277393,-0.0013038783261799449,-0.004745638871585644,-0.00690088547733587,-0.004640609496422261,0.00020063109047754765,-0.0008476002217528596,-0.005564308240831671,-4.612323441381683e-05,0.006060150302808293
8.399582403245498e-05,1.1802022181896346e-05,-0.000623234206411342,-0.0013015815403192596,-0.004752902049639031,-0.00695417511286345,-0.004639775540298267,0.0002587260816595075,-0.0006050353889245734,-0.005093618864684381,0.000212914459212718,0.005558847933583674
3.6442518335646636e-05,-5.798241861244174e-05,-0.0006696148731510441,-0.0012987289557127297,-0.0047577590897226385,-0.007002713046004168,-0.0046363578076421596,0.0003117908396464668,-0.00036637262779678006,-0.004613967763459147,0.00047063207200866153,0.005054103663808193
-1.1147520580450592e-05,-0.0001282280452582726,-0.0007159485226408692,-0.0012953710276413259,-0.004760248693496807,-0.007046412283162005,-0.004630372090322851,0.0003597947746343041,-0.00013154812703690053,-0.004125879668108269,0.0007265113918529104,0.004546683333759266
-5.8750808331347785e-05,-0.000198886062586156,-0.0007622095795901646,-0.0012915584790507925,-0.004760408856682631,-0.00708519118241467,-0.0046218392995362395,0.0004027149434723792,9.951548987211997e-05,-0.0036299001824247265,0.0009800467654694361,0.004037350433855752
-0.0001063442363036829,-0.00026990688678826883,-0.0008083727027613187,-0.0012873422242333213,-0.004758276737784393,-0.007118973658007897,-0.00461078533469457,0.0004405360200218587,0.00032690828977551337,-0.003126594936220674,0.0012307462028644939,0.0035268648760401478
-0.0001539050626712921,-0.00034124020195868375,-0.0008544128341425754,-0.0012827732928664885,-0.004753888535737444,-0.0071476893760750865,-0.004597240941556768,0.0004732502533446944,0.0005507321196142438,-0.0026165486772171884,0.0014781324246959243,0.0030159817885269946
-0.00020141090223407647,-0.000412835018543961,-0.0009003052466512601,-0.001277902754529947,-0.004747279376819432,-0.007171273940980361,-0.0045812415601801755,0.0005008574139636047,0.0007710996639883234,-0.002100364303837733,0.0017217438506225563,0.002505450335255066
-0.0002488397151738246,-0.00048463973360739595,-0.0009460255902686225,-0.001272781643817866,-0.0047384832111301975,-0.007189669071706633,-0.004562827163292303,0.0005233647284526096,0.0009881334738585483,-0.0015786618414166606,0.001961135526951943,0.001996012562545918
-0.0002961697948240372,-0.0005566021928046084,-0.0009915499365135672,-0.0012674608861624164,-0.004727532718912319,-0.007202822767735866,-0.004542042085696644,0.0005407868026372927,0.0012019649697171016,-0.0010520773644300055,0.0021958799921797806,0.0014884022743907044
-0.0003433797545533502,-0.0006286697539627643,-0.0010368548211687524,-0.0012619912244807249,-0.004714459226950279,-0.007210689463895302,-0.004518934845340392,0.0005531455337010191,0.0014127334226909198,-0.0005212618674570665,0.002425568079070531,0.0009833439383545861
-0.00039044851386435845,-0.0007007893521506032,-0.0010819172851788711,-0.0012564231467546631,-0.004699292635251375,-0.007213230173672487,-0.004493557956683358,0.0005604700115113336,0.0016205849170899018,1.3119912019930735e-05,0.0026498096523362297,0.00048155162370830396
-0.0004373552838114963,-0.0007729075661216266,-0.0011267149136473713,-0.0012508068146496222,-0.0046820613541761905,-0.007210412620532179,-0.004465967737016678,0.0005627964094968473,0.0018256712979469007,0.0005503907160417723,0.0028682342809997624,-1.6272026605562706e-05
-0.0004840795518431321,-0.0008449706860082887,-0.0011712258728643929,-0.00124519199327504,-0.004662792252150976,-0.007202211356800253,-0.004436224106387634,0.0005601678654195936,0.002028149107095995,0.0010898620303434678,0.003080491844809116,-0.0005094367888451856
-0.0005306010661741775,-0.0009169247821408538,-0.0012154289453052886,-0.0012396279821859338,-0.004641510614058096,-0.007188607869712762,-0.00440439038179152,0.0005526343524016461,0.0022281785114800882,0.0016308353871545625,0.003286253074413728,-0.000997265814744297
-0.0005768998197962904,-0.0009887157748607284,-0.001259303562545723,-0.0012341635477210351,-0.004618240110364487,-0.007169590674262155,-0.004370533066295337,0.0005402525405780904,0.0024259222272416565,0.002172603702967034,0.0034852100248228685,-0.001479096549966863
-0.0006229560342331721,-0.0010602895051945872,-0.0013028298360459939,-0.0012288468567693443,-0.004593002777011856,-0.007145155392509611,-0.00433472163375885,0.0005230856497600755,0.0026215444432845895,0.0027144526475417555,0.0036770764824744645,-0.0019542816136361163
-0.0006687501431485126,-0.0011315918062524764,-0.001345988585763877,-0.001223725412053033,-0.004565819006056254,-0.00711530481906823,-0.004297028309817793,0.0005012032935022001,0.0028152097478356293,0.0032556620407344847,0.0038615883057367267,-0.0024221896379389707
-0.0007142627759138359,-0.001202568575210312,-0.001388761366561923,-0.0012188459890106272,-0.004536707547008397,-0.007080048972498912,-0.004257527849791398,0.000474681314978949,0.00300708206173576,0.00379550727312903,0.004038503699542242,-0.002882206066711246
-0.0007594747412428276,-0.0012731658457348087,-0.0014311304923817375,-0.0012142545743603188,-0.00450568551878995,-0.00703940513240041,-0.004216297314171486,0.00044360161508273443,0.0031973235819536434,0.0043332607465713865,0.0042076034244403065,-0.0033337339125316667
-0.0008043670109977092,-0.001343329860706877,-0.0014730790581643166,-0.001209996306419088,-0.004472768432186363,-0.006993397862013236,-0.004173415842344354,0.000408051973163397,0.0033860937387636784,0.004868193330863392,0.004368690940986089,-0.003776194471335814
-0.0008489207042718448,-0.0014130071450979239,-0.0015145909595019771,-0.0012061154172490884,-0.004437970222640758,-0.00694205901619615,-0.004128964425187742,0.00036812586083654795,0.0035735481703574497,0.005399575832553814,0.004521592490336165,-0.004209027994033998
-0.0008931170718510461,-0.0014821445788522842,-0.0015556509100137957,-0.001202655176698443,-0.0044013032931994964,-0.006885427734675902,-0.004083025677175964,0.0003239222492925375,0.0037598377178948254,0.0059266804714956725,0.004666157112019412,-0.004631694314768092
-0.0009369374811539775,-0.0015506894696282075,-0.001596244456442745,-0.0011996578383992674,-0.004362778567386797,-0.006823550420508762,-0.004035683608613917,0.00027554541054258076,0.003945107444645119,0.00644878236193238,0.004802256600390062,-0.005043673435223259
-0.0009803634017496693,-0.0016185896252494214,-0.0016363579914788523,-0.0011971645877813443,-0.004322405551751549,-0.00675648070373402,-0.003987023398607534,0.00022310471304202165,0.004129495682404432,0.006965160993015897,0.004929785400886469,-0.005444466064888562
-0.0010233763915474176,-0.0016857934257192963,-0.0016759787643187108,-0.0011952154921554714,-0.004280192407798124,-0.006684279390240959,-0.003937131169364164,0.00016671441213255697,0.004313133108280482,0.007475101705596308,0.0050486604477875535,-0.005833594117004376
-0.001065958083751322,-0.001752249894650048,-0.0017150948889775315,-0.0011938494529160747,-0.004236146032982739,-0.006607014395909393,-0.003886093762399967,0.00010649343574678543,0.0044961418547965586,0.007977897160716708,0.005158820945051892,-0.006210601160149931
-0.0011080901746683598,-0.0018179087699602213,-0.0017536953503755957,-0.0011931041599082463,-0.0041902721504248315,-0.006524760666125248,-0.0038339985172128836,4.256516581889778e-05,0.004678634656784936,0.00847284879611234,0.0052602280923648576,-0.006575052825427599
-0.0011497544124552618,-0.0018827205736949048,-0.0017917700082264699,-0.0011930160479999294,-0.004142575406955568,-0.006437600080811458,-0.0037809330529619506,-2.4942784155517937e-05,0.004860714037067709,0.008959268266645705,0.005352864757821776,-0.006926537169455543
-0.0011909325868855322,-0.0019466366808247393,-0.0018293095987596485,-0.0011936202558955541,-0.004093059479098504,-0.006345621345155447,-0.003726985053673774,-9.589879496942798e-05,0.005042471534344967,0.009436478864556473,0.005436735099813503,-0.007264664993326467
-0.0012316065202137706,-0.002009609386881776,-0.0018663057343153956,-0.001194950587223023,-0.004041727186549186,-0.0062489198662518996,-0.0036722420574756345,-0.00017016747052434018,0.005223986975518773,0.00990381691615292,0.005511864139814374,-0.007589070117655972
-0.0012717580592100039,-0.0020715919742926208,-0.0019027509008544357,-0.0011970394739215732,-0.003988580612697467,-0.006147597615917043,-0.0036167912503323896,-0.000247609869185704,0.005405327794825016,0.010360633150818387,0.005578297288834563,-0.007899409614616798
-0.0013113690684320525,-0.0021325387772720516,-0.0019386384534298032,-0.0011999179419537116,-0.0039336212317122605,-0.006041762979969131,-0.0035607192647411057,-0.0003280837372419822,0.005586548402216323,0.010806294038764076,0.005636099829422217,-0.008195363996638838
-0.0013504214247990463,-0.002192405245143431,-0.0019739626096725855,-0.0012036155793601242,-0.0038768500416864957,-0.005931530594306714,-0.003504111983815369,-0.0004114437440405336,0.005767689602936683,0.011240183093719235,0.005685356355725132,-0.008476637363071443
-0.0013888970135240788,-0.0022511480039557065,-0.0020087184413474803,-0.0012081605066722304,-0.003818267703320012,-0.005817021168148423,-0.0034470543511635862,-0.0004975417183807093,0.005948778070360133,0.011661702137939024,0.005726170174631354,-0.008742957504963705
-0.00142677772545868,-0.0023087249162706217,-0.002042901864038014,-0.0012135793496928801,-0.003757874683600235,-0.0056983612948346115,-0.003389630186943163,-0.0005862268857492283,0.006129825873595191,0.012070272524823199,0.005758662669453282,-0.008994075968740106
-0.0014640454558962949,-0.0023650951389979228,-0.002076509625024957,-0.0012198972146515868,-0.0036956714039227253,-0.005575683250625596,-0.003331922010445417,-0.000677346105992111,0.00631083006190673,0.012465336316979748,0.005782972630095931,-0.009229768079836442
-0.001500682104876306,-0.0024202191791608345,-0.0021095392894248826,-0.0012271376657366664,-0.0036316583920794863,-0.0054491247819567585,-0.003274010869539715,-0.0007707441110238089,0.006491772306741101,0.012846357416787878,0.005799255551044477,-0.009449832926503143
-0.0015366695790243515,-0.0024740589474788527,-0.0021419892246589776,-0.0012353227050027006,-0.0035658364375296347,-0.005318828881646865,-0.0032159761772792782,-0.0008662637421830272,0.006672618603229246,0.013212822645190837,0.0058076829010429015,-0.009654093305340505
-0.0015719897949587763,-0.00252657780966,-0.0021738585833250934,-0.0012444727546478908,-0.0034982067493553215,-0.005184943554582598,-0.003157895555943884,-0.0009637461868550074,0.006853319031633404,0.01356424276766257,0.0058084413660360185,-0.009842395629055534
-0.0016066246842870403,-0.0025777406353000454,-0.0022051472845486565,-0.0012546066416521085,-0.0034287711162974766,-0.005047621573426498,-0.0030998446887687426,-0.0010630312139885423,0.007033807579935585,0.01390015346355742,0.005801732068992219,-0.010014609797651453
-0.0016405562002098136,-0.002627513844291801,-0.0022358559938903994,-0.0012657415847627887,-0.0033575320682571875,-0.004907020224924639,-0.0030418971795798267,-0.0011639574081474871,0.007214002028122241,0.014220116236814316,0.00578776976879096,-0.010170629034137513
-0.0016737663257443184,-0.002675865450653482,-0.0022659861018909495,-0.0012778931838122538,-0.0032844930386437656,-0.004763301047411518,-0.00298412442053019,-0.0012663624017455442,0.007393803894562161,0.014523719265809844,0.005766782041136412,-0.010310369685473886
-0.001706237083572275,-0.0027227651036911965,-0.0022955397013341224,-0.0012910754113466115,-0.00320965852694755,-0.004616629560131402,-0.0029265954681043952,-0.0013700831051259986,0.007573098444680976,0.014810578190213274,0.0057390084440225725,-0.010433770990616986
-0.0017379505475115743,-0.002768184126416933,-0.0023245195633123006,-0.001305300606543038,-0.003133034260912321,-0.004467174985015863,-0.00286937692753125,-0.0014749559341592782,0.00775175476236482,0.015080336832894427,0.005704699670606453,-0.010540794816038923
-0.0017688888556045565,-0.002812095551149884,-0.0023529291121785504,-0.0013205794713890457,-0.0030546273576841226,-0.004315109961574392,-0.0028125328457187164,-0.0015808170350422861,0.00792962588327491,0.015332667855399794,0.005664116691900298,-0.010631425360562663
-0.0017990342248095537,-0.0028544741522356118,-0.002380772399471137,-0.0013369210690942442,-0.002974446483315312,-0.004160610255571142,-0.0027561246127985775,-0.0016875025059974135,0.008106548990487166,0.0155672733452503,0.005617529892127451,-0.010705668830462811
-0.0018283689672761582,-0.0028952964758243416,-0.002408054076896835,-0.0013543328247021332,-0.0028925020100055827,-0.004003854462174828,-0.0027002108723410425,-0.0017948486155803705,0.008282345671458764,0.015783885334012447,0.0055652181993795374,-0.010763553086128586
-0.001856875508178534,-0.002934540866656617,-0.0024347793684599186,-0.001372820527866632,-0.0028088061704695804,-0.0038450237042802335,-0.0026448474402756754,-0.0019026920173193938,0.008456822235741662,0.015982266244906486,0.005507468213693925,-0.010805127261676095
-0.001884536405075024,-0.0029721874918115674,-0.0024609540418239506,-0.0013923883377553357,-0.0027233732088283993,-0.0036843013267098663,-0.0025900872325307182,-0.002010869960421344,0.00862977009249451,0.016162209269166915,0.005444573335297506,-0.010830461358713961
-0.0019113343687563262,-0.0030082183613801745,-0.0024865843789934864,-0.0014130387900389125,-0.0026362195274320724,-0.003521872587011545,-0.002535980201376439,-0.0021192204962940135,0.00880096618677088,0.016323538670497385,0.005376832895558306,-0.01083964581581992
-0.0019372522855386433,-0.003042617346033101,-0.0025116771464025454,-0.0014347728059236164,-0.002547363829031334,-0.00335792434357378,-0.0024825732804353677,-0.002227582680646778,0.008970173493376771,0.016466110017055578,0.005304551292655987,-0.01083279105473306
-0.0019622732409524577,-0.0030753701914598905,-0.0025362395644962206,-0.0014575897031815772,-0.0024568272537315496,-0.003192644741784096,-0.00242991033829968,-0.0023357967709453807,0.009137141566580114,0.01658981034088123,0.00522803713448157,-0.0108100270049874
-0.0019863805447720003,-0.0031064645296635936,-0.0025602792768910873,-0.001481487209131356,-0.00236463351017698,-0.003026222898956517,-0.002378032140673646,-0.0024437044190103703,0.009301607144333774,0.016694558224634524,0.005147602390725245,-0.010771502608010575
-0.002009557757325036,-0.003135889887102148,-0.0025838043191991453,-0.0015064614755192199,-0.0022708090004301385,-0.0028588485887543775,-0.002326976320937961,-0.0025511488585624087,0.009463294805034533,0.01678030381579341,0.005063561556411814,-0.010717385302397131
-0.002031788717017339,-0.0031636376896750774,-0.002606823087598892,-0.0015325070952496881,-0.0021753829380304368,-0.0026907119258315023,-0.0022767773590113777,-0.0026579750875312435,0.009621917674905795,0.016847028768781656,0.00497623082890479,-0.010647860491369843
-0.002053057569001166,-0.0031897012645612866,-0.0026293443072357807,-0.0015596171209121368,-0.002078387458735024,-0.0025220030514103305,-0.002227466568366365,-0.0027640300449584807,0.00977717818417671,0.016894746115452698,0.004885927300097806,-0.01056313099407763
-0.002073348794912188,-0.0032140758389208744,-0.0026513770005327977,-0.0015877830850486241,-0.0019798577234693892,-0.0023529118205072403,-0.00217907209103703,-0.0028691627823389907,0.009928768868950295,0.01692350006516532,0.004792968165769171,-0.010463416482024368
-0.00209264724359472,-0.0032367585354809545,-0.0026729304554901742,-0.0016169950221066056,-0.0018798320130369555,-0.002183627491508762,-0.002131618900438284,-0.0029732246292573017,0.010076373217536443,0.016933365734530283,0.004697669953980091,-0.010348952901637787
-0.0021109381627307045,-0.003257748365032454,-0.002694014194051372,-0.001647241492018844,-0.0017783518141599585,-0.002014338418791127,-0.002085128811801265,-0.0030760693531904004,0.010219666557862956,0.016924448808996816,0.004600347773423705,-0.01021999188498196
-0.002128207231283773,-0.0032770462158717185,-0.00271463794061044,-0.001678509605351604,-0.0016754618964537377,-0.0018452317490618027,-0.0020396205000123417,-0.003177553313361587,0.010358316983381227,0.016896885136868024,0.004501314584360941,-0.010076800149255438
-0.002144440592665845,-0.0032946548402274655,-0.002734811590733643,-0.0017107850499611197,-0.0015712103799606387,-0.001676493122087579,-0.0019951095246282923,-0.003277535608541545,0.010491986315238584,0.016850840257976694,0.0044008804924489525,-0.009919658886736127
-0.0021596248885301476,-0.003310578837720195,-0.002754545180165933,-0.0017440521190973653,-0.0014656487928999202,-0.0015083063764583465,-0.001951608361829697,-0.0033758782187075695,0.010620331096905116,0.01678650886786979,0.004299352067270126,-0.009748863146468778
-0.0021737472930912403,-0.003324824635907573,-0.002773848854190375,-0.0017782937408933179,-0.0013588321193186037,-0.0013408532610171948,-0.0019091264430586546,-0.0034724461404829453,0.010743003619358166,0.016704114220360576,0.004197031686938343,-0.009564721208606353
-0.0021867955478696256,-0.0033374004679755003,-0.002792732837406052,-0.001813491509177193,-0.0012508188363584633,-0.0011743131525683037,-0.0018676702000767847,-0.003567107516292085,0.010859652972669925,0.016603907469417624,0.004094216909435636,-0.009367553953221586
-0.002198757996755851,-0.003348316347640604,-0.0028112074039872946,-0.0018496257155445489,-0.0011416709408866188,-0.0010088627804524114,-0.0018272431161717195,-0.0036597337571790908,0.010969926121698965,0.016486166953760838,0.003991199871577408,-0.009157694224179613
-0.002209623621286628,-0.0033575840413356465,-0.002829282848484292,-0.0018866753826266836,-0.0010314539652687838,-0.0008446759585561253,-0.0017878457832277961,-0.003750199659247848,0.011073469001868046,0.01635119742549638,0.003888266717207281,-0.008935486189571795
-0.0022193820760234564,-0.003365217037754922,-0.0028469694572222795,-0.0019246182984914012,-0.000920236982096894,-0.0006819233252989255,-0.0017494759643696767,-0.0038383835136956775,0.011169927632509919,0.016199329225943603,0.0037856970544166008,-0.00870128469999415
-0.0022280237239225187,-0.003371230514841999,-0.0028642774803535453,-0.00196343105211199,-0.0008080925977155651,-0.0005207720921165416,-0.0017121286618834697,-0.003924167210422068,0.01125894924375585,0.016030917410533176,0.0036837634428247973,-0.00845545464528391
-0.002235539671583229,-0.003375641304307233,-0.002881217104613514,-0.0020030890698401293,-0.0006950969344265068,-0.0003613858009302388,-0.0016757961901103118,-0.004007436335205814,0.01134018341405581,0.01584634082672739,0.0035827309118067613,-0.008198370311465253
-0.0022419218042617844,-0.0033784678537672106,-0.0028977984268290886,-0.00204356665281843,-0.0005813296012845523,-0.00020392409106527337,-0.0016404682530045728,-0.004088080260454337,0.011413283214335084,0.015646001146265694,0.003482856509341062,-0.007930414738239244
-0.002247162820535365,-0.0033797301866028075,-0.0029140314282243406,-0.0020848370152683963,-0.00046687365343156496,-4.854247605410569e-05,-0.0016061320260458306,-0.004165992229538911,0.01147790635626238,0.015430321855967842,0.0033843888824073715,-0.007651979078675597
-0.002251256266502284,-0.0033794498596367135,-0.00292992594956552,-0.0021268723235897927,-0.0003518155399522206,0.00010460786927291141,-0.001572772242190016,-0.00424106943474036,0.011533716339606492,0.01519974720943558,0.0032875678887555743,-0.007363461961614248
-0.0022541965694033773,-0.0033776499187351773,-0.002945491667184186,-0.0021696437362076853,-0.00023624504026646296,0.00025538031103432507,-0.001540371281543234,-0.004313213088838157,0.01158038359754503,0.014954741142847151,0.0031926242406007804,-0.007065268857945173
-0.00225597907055026,-0.003374354852442303,-0.002960738069914121,-0.002213121444103806,-0.00012025518911008867,0.00040363294754054474,-0.0015089092644437485,-0.004382328490385988,0.011617586633729828,0.014695786158396777,0.0030997791792963386,-0.006757811451621076
-0.0022566000574467692,-0.0033695905437584844,-0.0029756744369745097,-0.0022572747119693633,-3.942190191747304e-06,0.0005492287892231567,-0.0014783641476339936,-0.004448325082725477,0.011645013149938443,0.014423382178125617,0.003009244182654622,-0.006441507016276715
-0.002256056794990947,-0.00336338422017751,-0.002990309816828726,-0.002302071919916981,0.00011259468135619746,0.0006920359269717303,-0.001448711823209302,-0.004511116506798027,0.011662361159650508,0.014138045371589102,0.0029212207022836917,-0.0061167777982333305
-0.0022543475556462823,-0.003355764402099476,-0.003004653007044932,-0.0023474806056900817,0.00022925318757673437,0.0008319276886350849,-0.0014199262200318234,-0.004570620647822151,0.011669340084456876,0.013840306961081829,0.0028358999332120244,-0.005784050406591412
-0.0022514716484726416,-0.0033467608497389136,-0.0030187125351815772,-0.0023934675073087578,0.00034592824715141247,0.0009687827834773725,-0.001391979407297254,-0.004626759675913052,0.01166567183047874,0.013530712007375677,0.0027534626137018653,-0.005443755211588852
-0.0022474294469093537,-0.0033364045086494783,-0.0030324966407178243,-0.002439998606091955,0.0004625120655061615,0.001102485434409695,-0.0013648416999521528,-0.0046794600807263794,0.011651091840471074,0.013209818179088818,0.002674078855318382,-0.0050963257510766025
-0.002242222415205294,-0.003324727453988151,-0.0030460132580458796,-0.002487039169996667,0.0005788942753057674,0.0012329254978557882,-0.0013384817656589075,-0.004728652700216005,0.011625350119450106,0.012878194510129858,0.002597908003330665,-0.004742198146848453
-0.002235853133393492,-0.0033117628336431547,-0.003059270000539246,-0.0025345537972157623,0.0006949620870546697,0.0013599985711434416,-0.0013128667330143705,-0.004774272743603089,0.01158821223033037,0.012536420147400841,0.0025250985255767383,-0.004381810530568464
-0.0022283253207107784,-0.0032975448103507218,-0.003072274145707977,-0.0025825064599770656,0.000810600449488021,0.0014836060873431496,-0.0012879623007318807,-0.004816259808657568,0.011539460256339878,0.012185083092540759,0.00245578793092123,-0.0040156024803272294
-0.0022196438573663002,-0.0032821085029264264,-0.003085032621449157,-0.0026308605484873532,0.0009256922194076196,0.0016036553975159313,-0.0012637328475040843,-0.004854557893399963,0.011478893727579837,0.011824778942015592,0.002390102714638062,-0.003644014468151824
-0.002209814804566318,-0.003265489926737039,-0.0030975519933980422,-0.002679578914966039,0.0010401183405887996,0.0017200598403615413,-0.0012401415422729596,-0.0048891154023371595,0.011406330508656175,0.011456109627106435,0.0023281583315869075,-0.003267487319287443
-0.0021988454227065894,-0.0032477259335387874,-0.003109838453382596,-0.0027286239177144803,0.0011537580313569465,0.0018327387992887734,-0.0012171504546377857,-0.00491988514735112,0.011321607644973215,0.011079682158339967,0.002270059195447857,-0.0028864616835045376
-0.0021867441876477784,-0.0032288541508074978,-0.0031218978089815035,-0.0027779574651680436,0.001266488980405253,0.0019416177469691609,-0.001194720665143725,-0.004946824343361543,0.011224582164688062,0.010696107377737539,0.0022158987033642635,-0.0025013775185802056
-0.002173520804993752,-0.003208912920685342,-0.0031337354741832243,-0.0028275410598793023,0.0013781875503999928,0.002046628277461957,-0.0011728123752004246,-0.0049698945988901995,0.011115131834259901,0.010305998720821698,0.002165759285295818,-0.002112673587151115
-0.0021591862222972748,-0.0031879412386678846,-0.0031453564611411814,-0.0028773358423820395,0.0014887289888954873,0.0021477081260295504,-0.0011513850163910047,-0.004989061901657247,0.010993155864838993,0.009909970992696991,0.0021197124765881675,-0.0017207869662582698
-0.002143752639122507,-0.0031659786921537513,-0.0031567653730178325,-0.0029273026348870484,0.001597987646058036,0.002244801176797122,-0.0011303973589392132,-0.005004296599344535,0.010858575567670743,0.009508639160817324,0.0020778190137701186,-0.001326152571199446
-0.0021272335148988324,-0.0031430653989775845,-0.003167966397908105,-0.002977401984762082,0.0017058371986769126,0.0023378574584362335,-0.00110980761911525,-0.0050155733756621695,0.010711334956104584,0.009102617167005021,0.0020401289510225268,-0.000929202692327491
-0.0021096435745058422,-0.0031192419460449937,-0.0031789633038305344,-0.0030275942077496796,0.0018121508799211253,0.0024268331280819285,-0.0010895735653706736,-0.005022871221857369,0.010551401292737978,0.008692516762133985,0.002006681797892748,-0.0005303665467125129
-0.0020909988115348247,-0.0030945493281859734,-0.0031897594347723864,-0.0030778394308780144,0.001916801714282371,0.002511690443722117,-0.0010696526229997188,-0.00502617340380959,0.010378765579511156,0.00827894636590367,0.0019775066762982157,-0.00013006984373159503
-0.002071316489177781,-0.003069028887340747,-0.003200357707773087,-0.0031280976350213435,0.002019662757126403,0.0025923977253231715,-0.0010500019771404255,-0.005025467424856222,0.010193442989295216,0.007862509954307241,0.001952622495560427,0.00027126563440521556
-0.00205061513870084,-0.0030427222521892234,-0.0032107606110284748,-0.003178328697068095,0.002120607338261799,0.0026689293049815556,-0.0010305786739371052,-0.005020744984494058,0.009995473237783974,0.0074438059773696205,0.0019320381451036345,0.000673222438027532
-0.0020289145554649225,-0.0030156712783322294,-0.003220970202996638,-0.0032284924316560858,0.0022195093089216796,0.0027412654664172443,-0.0010113397196955007,-0.005012001933104124,0.009784920894192212,0.007023426309768134,0.0019157527032172966,0.001075387839959363
-0.002006235792462611,-0.0029879179891294147,-0.003230988112484493,-0.003278548632435859,0.0023162432915406084,0.0028093923741456805,-0.0009922421778755003,-0.004999238222850508,0.00956187562959358,0.006601955235919131,0.0019037556607827827,0.001477354210763837
-0.001982601151346403,-0.002959504517295244,-0.0032408155396927533,-0.0033284571128246163,0.0024106849317010134,0.002873301992688485,-0.0009732432637766064,-0.004982457854900973,0.00932645240248738,0.006179968472641774,0.0018960271589959915,0.0018787193791431345
-0.001958034170929832,-0.002930473047350785,-0.003250453258195546,-0.0033781777462147285,0.00250271115161319,0.0029329919962032924,-0.0009543004367819322,-0.004961668823121451,0.00907879157994788,0.005758032230319697,0.0018925382399388596,0.002279086976761324
-0.0019325596131493207,-0.0029008657590251083,-0.003259901617829642,-0.0034276705056023042,0.0025922004044890436,0.002988465668932062,-0.0009353714900372576,-0.004936883054393701,0.008819058995222912,0.00533670231543424,0.0018932511089960607,0.002678066768788623
-0.001906203446481059,-0.0028707247716960246,-0.0032691605484670913,-0.0034768955026028103,0.002679032929163321,0.003039731796884663,-0.0009164146374526058,-0.004908116345707515,0.008547445939632563,0.00491652327508587,0.0018981194079342872,0.0030752749684484493
-0.0018789928268136804,-0.002840092089955649,-0.0032782295646439858,-0.003525813025822254,0.0027630910043123917,0.003086804551190453,-0.0008973885979262869,-0.0048753882981812414,0.008264169090181534,0.0044980275860721855,0.0019070884973294983,0.0034703345368062855
-0.0018509560757840027,-0.00280900955038186,-0.00328710777101711,-0.0035743835785539404,0.002844259201623134,0.0031297033635673166,-0.0008782526766985615,-0.004838722248156024,0.007969470371966974,0.0040817348893005465,0.0019200957482155695,0.0038628754682373256
-0.0018221226565895772,-0.0027775187695921895,-0.0032957938686193826,-0.003622567915772308,0.002922424637261968,0.003168452794366817,-0.0008589668437559494,-0.004798145195517484,0.007663616755799813,0.003668151270599586,0.001937070840306851,0.004252535059470597
-0.0017925231472982793,-0.002745661093652008,-0.0033042861618842374,-0.0036703270803968664,0.002997477220997609,0.0032030823936694997,-0.0008394918092150124,-0.004753687729394201,0.007346899991328353,0.003257768589936892,0.001957936067880542,0.004638958165186058
-0.0017621892116816125,-0.0027134775489040973,-0.003312582566408439,-0.003717622438800732,0.0030693099023357587,0.003233626555912642,-0.000819789095625297,-0.004705383951378951,0.007019636276301606,0.002851063858691584,0.0019826066500625433,0.005021797437863851
-0.00173115356760478,-0.0026810087942818355,-0.0033206806174222686,-0.003764415715539738,0.0031378189130307314,0.003260124368539702,-0.0007998211071406362,-0.0046532713964221855,0.006682165862692917,0.0024484986667203876,0.002010991046869595,0.005400713553489311
-0.0016994499530128976,-0.0026482950751632876,-0.003328577478935554,-0.0038106690272795615,0.0032029040053457663,0.003282619455169874,-0.0007795511955164601,-0.004597390951542541,0.00633485260031404,0.002050518659314028,0.0020429912779656306,0.00577537542243961
-0.0016671130895589547,-0.0026153761788184826,-0.0033362699535276416,-0.0038563449158997734,0.003264468685442811,0.0033011598137911405,-0.0007589437229010466,-0.004537786772499845,0.005978083419094931,0.0016575530649392198,0.002078503245117061,0.006145460386099588
-0.0016341786439252619,-0.0025822913914971208,-0.003343754492749121,-0.0039014063807551354,0.0033224204412957473,0.003315797650481223,-0.0007379641213948353,-0.004474506198572552,0.005612267751492334,0.0012700142730772482,0.002117417056125212,0.006510654399358884
-0.001600683186896118,-0.002549079457198887,-0.003351027208102919,-0.003945816910075907,0.00337667096453302,0.003326589209165545,-0.000716578949364746,-0.004407599665581857,0.005237836895962172,0.0008882974637871785,0.0021596173498926313,0.006870652198780081
-0.001566664150245307,-0.0025157785381634584,-0.0033580838825722614,-0.003989540511490321,0.0034271363656291813,0.0033335945979201514,-0.0006947559445037403,-0.0043371206173008995,0.004855243323270104,0.0005127802871340639,0.002204983622308518,0.007225157457411313
-0.0015321597815077523,-0.0024824261771122236,-0.00336491998266295,-0.004032541741653762,0.0034737373818817556,0.003336877612326821,-0.0006724640736340311,-0.004263125415387174,0.004464959927244754,0.00014382259419989246,0.0022533905516333302,0.007573882925333841
-0.0014972090967102056,-0.00244905926126866,-0.0033715306709274275,-0.00407478573497056,0.003516399577627594,0.0033365055563859183,-0.0006496735792614299,-0.004185673247972541,0.004067479221922927,-0.00021823378238041563,0.002304708322886914,0.007916550557592827
-0.0014618518311412076,-0.0024157139881793,-0.0033779108189382046,-0.0041162382313956435,0.0035550535361719986,0.003332549061486059,-0.0006263560228939875,-0.004104826037044121,0.0036633124869579863,-0.0005730651975914616,0.002358802950601549,0.008252891628091119
-0.0014261283882457342,-0.002382425833352237,-0.0033840550206783947,-0.004156865603304603,0.0035896350429226857,0.003325081903926515,-0.0006024843251440363,-0.0040206483447478595,0.0032529888631794464,-0.0009203663143173765,0.0024155365993886874,0.008582646831161111
-0.001390079786734901,-0.002349229519725209,-0.003389957606317303,-0.00419663488142205,0.0036200852592439595,0.0033141808214791017,-0.0005780328026376368,-0.0039332072787415144,0.0028370544010753278,-0.0012598501751652572,0.0024747679018912033,0.00890556637010792
-0.0013537476060058334,-0.0023161589889704654,-0.0033956126563393033,-0.004235513779799379,0.0036463508865695587,0.003299925329469618,-0.0005529772017624112,-0.003842572396724311,0.0024160710640444734,-0.0015912482267315328,0.0025363522731539218,0.009221410033332711
-0.001317173929971309,-0.002283247374638875,-0.0034010140159945624,-0.004273470719834323,0.003668384320335321,0.0032823975368484666,-0.0005272947292894015,-0.0037488156102644015,0.0019906156891080044,-0.0019143102974987572,0.0026001422214480124,0.009529947258649252
-0.001280401289403036,-0.0022505269771410886,-0.00340615531004055,-0.0043104748533258795,0.0036861437933192634,0.0032616819627088118,-0.0005009640799081622,-0.0036520110880469098,0.001561278907680503,-0.002228804530432192,0.002665987654799848,0.00983095718484911
-0.0012434726028964272,-0.0022180292405590547,-0.0034110299577436915,-0.004346496084559411,0.003699593508002499,0.003237865353697969,-0.0004739654607201015,-0.00355223515865934,0.0011286640289666465,-0.0025345172717363487,0.0027337361828122936,0.010124228692664883
-0.0012064311165684545,-0.002185784731276786,-0.00341563118811097,-0.004381505091417859,0.0037087037575920427,0.003211036502755741,-0.0004462806127356083,-0.0034495662130303822,0.0006933858889420393,-0.00283125291670918,0.0028032334140863507,0.01040956043312663
-0.0011693203426036234,-0.002153823118415017,-0.003419952055321785,-0.0044154733455161795,0.0037134510353741892,0.0031812860695980987,-0.0004178928294273535,-0.0033440846066336545,0.00025606966748729573,-0.003118833714819337,0.0028743232475646058,0.010686760846218946
-0.0011321839967662693,-0.002122173156050286,-0.0034239854543308902,-0.004448373131357172,0.0037138181320966303,0.0031487064033480588,-0.0003887869723937155,-0.003235872561564826,-0.000182650322999061,-0.003397099535188651,0.002946848159163004,0.010955648167546739
-0.0010950659350002503,-0.00209086266719504,-0.0034277241366137954,-0.0044801775645080056,0.003709794221107169,0.0031133913677012055,-0.00035894948418732024,-0.003125014068601902,-0.000622131874893201,-0.00366590759418204,0.003020649482116042,0.011216050425038093
-0.0010580100892396813,-0.002059918529511567,-0.0034311607260265765,-0.0045108606087977616,0.003701374931006638,0.0030754361689933735,-0.0003283683983688917,-0.0030115947893492954,-0.001061726145212976,-0.003925132147384346,0.003095567681569669,0.011467805425483257
-0.0010210604025566211,-0.00202936666272899,-0.0034342877347526496,-0.0045403970925373465,0.0036885624056053855,0.003034937187522005,-0.000297033346845739,-0.002895701958567703,-0.0015007789350374896,-0.004174664146889363,0.0031714426230608633,0.011710760730835157
-0.0009842607637735783,-0.001999232017729117,-0.0034370975793096567,-0.0045687627237641255,0.003671365351003186,0.002991991812452634,-0.00026493556455568356,-0.0027774242867880956,-0.0019386319854023774,-0.004414410866984818,0.003248113834950231,0.011944773625086336
-0.0009476549416703374,-0.0019695385672637506,-0.0034395825965902365,-0.004595934104514574,0.003649799069644982,0.002946698280620627,-0.00023206789156026287,-0.002656851863301673,-0.002374624286238431,-0.004644295499416563,0.0033254207641339045,0.012169711072198164
-0.0009112865189159292,-0.001940309298263041,-0.003441735059911097,-0.004621888744129187,0.003623885481236668,0.00289915551952127,-0.00019842477261183052,-0.0025340760596209108,-0.002808093395424354,-0.0048642567204548945,0.0034032030255525675,0.012385449663954329
-0.0008751988258575621,-0.0019115662056916453,-0.0034435471950454394,-0.004646605071594791,0.0035936531304367456,0.0028494629947578847,-0.00016400225425665458,-0.0024091894334997686,-0.003238376764560142,-0.005074248232222113,0.0034813006454826184,0.012591875560274135
-0.0008394348742990142,-0.0018833302879068716,-0.0034450111962144223,-0.004670062446930264,0.0035591371812728452,0.0027977205621968508,-0.00012879797953993446,-0.0022822856335948188,-0.0036648130682199014,-0.005274238279984654,0.0035595542978614086,0.012788884420715851
-0.0008040372914013283,-0.001855621543470603,-0.00344611924201401,-0.004692241171622514,0.0035203793982643357,0.0027440283250568867,-9.281118037761458e-05,-0.0021534593048551987,-0.004086743533482002,-0.005464209148008138,0.0036378055346025645,0.012976381327208186
-0.000769048253838685,-0.0018284589693646279,-0.003446863511254186,-0.004713122498120374,0.0034774281142643123,0.002688486496138126,-5.6042667657531864e-05,-0.002022805994716875,-0.00450351326652269,-0.005644156635743934,0.0037158970094139793,0.013154280700456489
-0.0007345094223420304,-0.0018018605605570708,-0.0034472361986881478,-0.004732688638394848,0.0034303381850666077,0.002631195265373295,-1.8494819134862238e-05,-0.0018904220601778919,-0.004914472573018209,-0.0058140895172222665,0.0037936726951199456,0.013322506207340157
-0.0007004618767624206,-0.0017758433108658945,-0.0034472295306097528,-0.004750922771574885,0.003379170930855365,0.0025722546728619644,1.982843481386227e-05,-0.0017564045758295275,-0.005318978269230373,-0.005974028985043865,0.003870978094624956,0.013480990662332715
-0.0006669460517851119,-0.0017504232150639559,-0.0034468357802980984,-0.00476780905066859,0.003323994064606378,0.002511764487525756,5.892162751701673e-05,-0.0016208512429113835,-0.005716394980567047,-0.006124008082197797,0.003947660446005936,0.013629675921296103
-0.0006340016734241767,-0.0017256152721688298,-0.0034460472832887495,-0.004783332608380437,0.0032648816075806562,0.00244982409149946,9.877777435275757e-05,-0.0014838602994580396,-0.006106096424577306,-0.006264071123061397,0.004023568921142234,0.013768512769372687
-0.000601667696425866,-0.0017014334898595733,-0.0034448564524517367,-0.0047974795620357325,0.0032019137920814744,0.002386532370351842,0.00013938839304979752,-0.001345530431601126,-0.0064874666752590855,-0.006394273106462213,0.0040985548182657545,0.013897460802009987
-0.0005699822427070775,-0.0016778908899617831,-0.0034432557928570544,-0.004810237017624176,0.003135176951676225,0.0023219876092061935,0.00018074352588666194,-0.0012059606860875208,-0.006859901405790774,-0.006514679122667476,0.004172471749107131,0.01401648830071106
-0.000538982540953126,-0.0016549995149417027,-0.0034412379164089637,-0.004821593072974968,0.0030647633991140923,0.002256287394809897,0.00022283176373148674,-0.001065250384070923,-0.007222809106635825,-0.006625363756591819,0.004245175819857828,0.014125572102608508
-0.0005087048674965604,-0.0016327704353497569,-0.003438795556230996,-0.004831536820076475,0.002990771292199023,0.0021895285235792616,0.0002656402718620763,-0.0009234990362304034,-0.007575612276378079,-0.0067264104895352825,0.004316525806260085,0.014224697465495428
-0.00047918448859603425,-0.0016112137581537325,-0.0034359215807841198,-0.004840058346553968,0.0029133044879062035,0.002121806915625608,0.00030915481751313874,-0.0007808062592683156,-0.00791774858218582,-0.00681791110119543,0.004386383323952404,0.014313857926922136
-0.0004504556042312184,-0.0015903386359018682,-0.003432609007701077,-0.004847148736319493,0.002832472385056968,0.002053217534747251,0.00035335979909544783,-0.0006372716938366719,-0.008248671987661254,-0.00689996507447601,0.004454612992509415,0.014393055159406587
-0.0004225512935264671,-0.0015701532766563772,-0.003428851017320438,-0.004852800069408346,0.0027483897558932915,0.0019838543143509556,0.0003982382770322874,-0.0004929949239339522,-0.008567853845074042,-0.006972679004783024,0.004521082594858495,0.014462298821137365
-0.00039550346191240753,-0.0015506649546383844,-0.0034246409659044598,-0.004857005421017104,0.002661176566918621,0.0019138100892476038,0.000443772006163392,-0.0003480753978176308,-0.008874783949860115,-0.007036166015887323,0.0045856632313624295,0.014521606402126908
-0.0003693427901308359,-0.0015318800215259113,-0.003419972398525328,-0.004859758859758543,0.002570957789395703,0.0018431765332470222,0.0004899414696629543,-0.000202612350470059,-0.009168971554723477,-0.007090545184229004,0.004648229468550025,0.014571003067387456
-0.0003440986851842796,-0.0015138039183473864,-0.003414839061604894,-0.004861055445149162,0.0024778631999155636,0.0017720441024579514,0.0005367259144238205,-5.670472765379066e-05,-0.009449946341304399,-0.007135940973585185,0.004708659483623211,0.01461052149586621
-0.0003197992333273349,-0.0014964411879141901,-0.003409234915093478,-0.0048608912243453695,0.0023820271714733742,0.0017005019841813051,0.0005841033878593887,8.954888841225685e-05,-0.009717259347133484,-0.007172482681744065,0.004766835203490433,0.014640201717343291
-0.0002964711551924277,-0.0014797954877369386,-0.003403154144273812,-0.004859263228144694,0.0022835884555080684,0.0016286380512689936,0.0006320507760738573,0.00023605035172283832,-0.00997048384592773,-0.007200303900718262,0.00482264243940329,0.014660090944773
-0.0002741397631379781,-0.0014638696033715793,-0.003396591171176669,-0.0048561694662686995,0.002182689955381844,0.0015565388218028741,0.0006805438433546793,0.00038270202347608236,-0.0102092161793171,-0.007219541992505608,0.004875971016761117,0.014670243405875815
-0.000252828920902099,-0.0014486654621428986,-0.0033895406655951813,-0.004851608921944507,0.002079478491793976,0.0014842894239332576,0.0007295572729429004,0.0005294068413623772,-0.010433076538256574,-0.007230337581417688,0.0049267149008830995,0.014670720171383145
-0.000232561005639928,-0.0014341841471947191,-0.0033819975556852937,-0.004845581545802056,0.001974104560640227,0.0014119735657026448,0.0007790647090346318,0.0006760683871278193,-0.01064170969249319,-0.007232834064704853,0.004974772317463173,0.014661588981705286
-0.0002133568724175028,-0.0014204259118178754,-0.0033739570381402825,-0.004838088249104446,0.0018667220838448158,0.0013396735096660882,0.000829038799967597,0.0008225909523941739,-0.010834785666589058,-0.0072271771426064765,0.005020045869129863,0.014642924071565633
-0.0001952358212297502,-0.0014073901940090086,-0.003365414587927689,-0.004829130896328865,0.001757488153705702,0.001267470052107275,0.000879451242551124,0.0009688796027219977,-0.011012000361233693,-0.007213514369156161,0.005062442647575539,0.014614805993999124
-0.00017821556660468774,-0.0013950756312152827,-0.0033563659675774596,-0.004818712297115739,0.00164656277130679,0.0011954425066379114,0.0009302728274947359,0.0011148402399032127,-0.011173076118548713,-0.007191994724716565,0.00510187434114685,0.014577321442243874
-0.00016231220985034369,-0.0013834800752223046,-0.0033468072360105434,-0.004806836197603857,0.0015341085795620214,0.0011236686919577081,0.000981473485888506,0.0012603796624732504,-0.011317762230405,-0.00716276821132409,0.0051382573376071335,0.014530563071763657
-0.00014754021399520398,-0.0013726006071448063,-0.0033367347568976306,-0.004793507271169311,0.001420290591465921,0.001052224923541952,0.0010330223366940602,0.0014054056244359936,-0.01144583538881509,-0.007125985471827155,0.005171512823503709,0.01447462932078496
-0.00013391238146720754,-0.0013624335524820153,-0.003326145206538158,-0.004778731108586151,0.001305275914133366,0.000981186009016238,0.0010848877352004377,0.001549826892195968,-0.01155710007769591,-0.007081797433315641,0.00520156687777178,0.014409624231209905
-0.00012143983455044908,-0.0013529744962020832,-0.0033150355812501552,-0.004762514207626675,0.0011892334692183261,0.0009106252469701973,0.0011370373224001285,0.0016935532996991821,-0.01165138890531207,-0.007030354975892515,0.005228350562166372,0.014335657269432912
-0.00011013199865282461,-0.0013442182978224534,-0.0033034032042619523,-0.004744863962119273,0.001072333710306567,0.00084061442895575,0.00118943807524046,0.0018364958017811912,-0.011728562877039734,-0.006971808626996957,0.00525180000589991,0.014252843146968907
-9.999658841188684e-05,-0.0013361591064556223,-0.0032912457320972434,-0.00472578865048174,0.0009547483378809882,0.0007712238444104833,0.001242056357701312,0.001978566525725401,-0.011788511608076018,-0.006906308282056371,0.005271856486270498,0.01416130164187306
-9.103959666017821e-05,-0.0013287903757923558,-0.003278561160445461,-0.004705297423747916,0.0008366500124607379,0.0007025222882428042,0.0012948579726551985,0.0021196788210395005,-0.011831153475974038,-0.006834002951479436,0.0052884665045068065,0.01406115742094689
-8.326528626529512e-05,-0.001322104878997081,-0.0032653478295098836,-0.00468340029310543,0.0007182120665158807,0.0006345770708121598,0.0013478082144602656,0.0022597473074577592,-0.01185643571299742,-0.006755040534649447,0.005301581856506598,0.013952539862704883
-7.66761848539214e-05,-0.0013160947234928378,-0.003251604428826401,-0.0046601081169622425,0.0005996082157588618,0.00056745403003649,0.00140087192223625,0.0023986879211796647,-0.01186433443840636,-0.006669567620484519,0.005311159698690272,0.013835582881676255
-7.127308242306786e-05,-0.001310751365615865,-0.0032373300015463595,-0.004635432587559561,0.00048101227041184673,0.0005012175453580564,0.0014540135337720553,0.002536417959356627,-0.011854854630996652,-0.006577729315202195,0.005317162608470771,0.013710424753716245
-6.705503183578199e-05,-0.0013060656251225817,-0.003222523948177431,-0.004609386217148551,0.00036259784704532763,0.00043593055329861895,0.0015071971400136756,0.0026728561228453883,-0.011828030042307165,-0.006479669096685299,0.005319558639853273,0.013577207944036006
-6.40193521926626e-05,-0.0013020276995344018,-0.0032071860297769703,-0.004581982323748112,0.00024453808157854945,0.00037165456433734244,0.001560386540078431,0.00280792255724245,-0.01178392305104847,-0.006375528695570003,0.0053183213730978,0.013436078935376395
-6.216163506464066e-05,-0.0012986271783084833,-0.003191316370592892,-0.004553235016500798,0.0001270053440258391,0.00030844968084636163,0.0016135452967372432,0.002941538892220251,-0.0117226244594936,-0.006265448002626163,0.005313429958664618,0.013287188060183763
-6.147575356668606e-05,-0.0012958530568251388,-0.003174915460147656,-0.004523159180643761,1.0170955565080397e-05,0.0002463746158225437,0.0016666367923099323,0.003073628279187209,-0.011644253232658136,-0.006149565002137418,0.0053048691558732035,0.013130689333207868
-6.195387424638262e-05,-0.0012936937501852302,-0.003157984154761543,-0.004491770462111361,-0.00010579509150439239,0.00018548671215918005,0.001719624284912683,0.0032041154272927173,-0.01154895618123642,-0.006028015730535317,0.005292629364676938,0.012966740287893751
-6.358647175569307e-05,-0.0012921371068134056,-0.0031405236785120054,-0.004459085251785873,-0.00022072441035769742,0.00012584196220573243,0.0017724709649948355,0.0033329266378049035,-0.011436907589424582,-0.005900934260154207,0.00527670665175357,0.01279550181454352
-6.636234626872642e-05,-0.0012911704218655246,-0.0031225356236265185,-0.004425120669412419,-0.00033445049224897164,6.749502737046689e-05,0.0018251400121025267,0.003459989836885935,-0.011308308788830261,-0.005768452706898901,0.0052571027697846835,0.012617138001662708
-7.026864360293275e-05,-0.0012907804504410313,-0.0031040219503069987,-0.004389894547194016,-0.00044680897459229406,1.0499257528194701e-05,0.001877594651801449,0.003585234606794687,-0.01116338767983422,-0.005630701261555536,0.005233825169999772,0.012431815980087736
-7.529087799589816e-05,-0.0012909534206033773,-0.003084984985984537,-0.004353425413082311,-0.0005576379040007883,-4.5093289997387605e-05,0.0019297982126909074,0.0037085922155463444,-0.011002398201864626,-0.005487808243560925,0.005206887007891892,0.012239705770243758
-8.141295748480624e-05,-0.0012916750462138489,-0.0030654274240038883,-0.004315732473779282,-0.0006667779937808285,-9.923183209693213e-05,0.001981714183438804,0.0038299956450593264,-0.010825619754143402,-0.0053399001763479795,0.005176307141687441,0.012040980132352597
-8.861721183068318e-05,-0.0012929305395863167,-0.0030453523217378775,-0.004276835597464875,-0.0007740728753945597,-0.00015186684239662778,0.0020333062697633574,0.003949379617822152,-0.010633356568602835,-0.005187101883591151,0.005142110123223232,0.011835814420212486
-9.688442292476205e-05,-0.0012947046239724894,-0.0030247630981326276,-0.0042367552962651826,-0.0008793693434212143,-0.0002029500348379133,0.0020845384512866182,0.004066680622116331,-0.010425937036728096,-0.00502953660466595,0.00510432618142893,0.011624386438623336
-0.00010619385760969773,-0.0012969815458892088,-0.0030036635306852806,-0.004195512708475466,-0.0009825175935659202,-0.0002524343485059777,0.0021353750381827895,0.004181836935826982,-0.010203712992213086,-0.004867326128946935,0.005062991197805334,0.011406876303506962
-0.00011652330284394669,-0.0012997450873011704,-0.0029820577518566674,-0.0041531295805519435,-0.0010833714532838734,-0.00030027393388632525,0.002185780727539852,0.004294788648877512,-0.00996705895137754,-0.004700590947122572,0.0050181466736071816,0.011183466306598989
-0.00012784910313340454,-0.0013029785776741767,-0.002959950244922202,-0.004109628248885919,-0.0011817886046076964,-0.00034642414071494714,0.0022357206593532014,0.004405477684327311,-0.00971637131338706,-0.004529450418601803,0.004969839689062661,0.010954340783360616
-0.00014014620015037618,-0.0013066649059156306,-0.0029373458392650924,-0.004065031621373449,-0.0012776307987866313,-0.0003908415075758342,0.002285160472068749,0.004513847818166686,-0.009452067522399944,-0.0043540229535755995,0.004918122854046868,0.010719685984514383
-0.0001533881744561481,-0.0013107865322204435,-0.002914249705116816,-0.004019363158793377,-0.0013707640623677546,-0.00043348375338673757,0.0023340663575865473,0.004619844697847871,-0.009174585193824712,-0.00417442620860508,0.004863054249512767,0.010479689951722614
-0.00016754728923984455,-0.0013153254998418784,-0.0028906673477506906,-0.00397264685600619,-0.0014610588943715318,-0.0004743097709002448,0.0023824051156385055,0.004723415859589412,-0.008884381206930726,-0.003990777294096366,0.004804697360878917,0.010234542396585434
-0.00018259453598288615,-0.0013202634468080416,-0.0028666046011352436,-0.003924907222985776,-0.0015483904542367881,-0.0005132796223324054,0.0024301442074508997,0.004824510744493489,-0.008581930766120537,-0.003803192992335745,0.004743121001599949,0.009984434584229995
-0.00019849968195523795,-0.0013255816176057946,-0.0028420676210549976,-0.0038761692656957307,-0.0016326387402335728,-0.0005503545372181798,0.0024772518085983087,0.004923080713515523,-0.008267726433236401,-0.003611789984819154,0.00467839922788189,0.009729559220176865
-0.00021523131944673664,-0.0013312608748547762,-0.002817062877707215,-0.0038264584668215454,-0.0017136887580661653,-0.0005854969125781472,0.0025236968609582003,0.0050190790613215235,-0.00794227713328207,-0.003416685087174319,0.004610611244096386,0.00947011034102314
-0.00023275691663413053,-0.001337281710994997,-0.002791597147784065,-0.0037758007663695665,-0.0017914306794126122,-0.000618670315466031,0.0025694491236717635,0.0051124610290742625,-0.007606107136007324,-0.003217995490402449,0.004539841298616242,0.009206283209524702
-0.0002510428699820527,-0.001343624260012084,-0.0027656775060506313,-0.003724222542143269,-0.0018657599901718202,-0.0006498394879513477,0.0026144792230150095,0.005203183816185198,-0.007259755015834278,-0.0030158390066608795,0.004466178570032998,0.008938274212662311
-0.00027005455807398117,-0.001350268309224728,-0.0027393113164301337,-0.0036717505901069938,-0.001936577628213874,-0.0006789703545774599,0.002658758701084506,0.005291206591069892,-0.006903772592576497,-0.0028103343185615706,0.004389717043866325,0.008666280764276713
-0.00028975639676732246,-0.0013571933111592173,-0.0027125062226087,-0.0036184121046469145,-0.002003790110454384,-0.0007060300323204038,0.002702260063202228,0.005376490500945959,-0.006538723855525529,-0.0026016012300271937,0.0043105553796779945,0.008390501210936496
-0.000310111895565089,-0.0013643783955361107,-0.002685270138172982,-0.003564234658738645,-0.002067309649098926,-0.0007309868430582608,0.0027449568239413507,0.0054589986807079185,-0.006165183873382864,-0.002389760917544205,0.004228796768146536,0.008111134741455462
-0.0003310837150952265,-0.001371802381394136,-0.002657611236294892,-0.0035092461840305284,-0.0021270542569285724,-0.000753810328546802,0.0027868235516767064,0.00553869626091543,-0.005783737692546441,-0.002174936180164032,0.004144548778924607,0.007828381300046882
-0.00035263372558748407,-0.0013794437893762798,-0.0026295379389786946,-0.0034534749508513007,-0.0021829478415229414,-0.0007744712678819579,0.0028278359115627445,0.005615550374930109,-0.005394979226327402,-0.0019572516868671466,0.004057923198282975,0.007542441502889009
-0.00037472306623681083,-0.001387280854202768,-0.0026010589058866667,-0.003396949548150477,-0.0022349202883424116,-0.0007929416974156953,0.002867970706842837,0.005689530165234615,-0.004999510137566686,-0.0017368342198803219,0.003969035857735493,0.007253516558012162
-0.00039731220534160324,-0.0013952915373552349,-0.002572183022760479,-0.0033396988633794668,-0.0022829075326160696,-0.0008091949330776661,0.0029072059183947404,0.005760606788967446,-0.004597938717164886,-0.0015138129125138247,0.003878006452645199,0.006961808188554009
-0.00042036100110471805,-0.001403453539995826,-0.002542919389456424,-0.003281752062321114,-0.002326851620006893,-0.0008232055950405801,0.0029455207424162384,0.005828753422703072,-0.0041908787609998485,-0.0012883194800689876,0.0037849583516544223,0.006667518558571239
-0.0004438287629850045,-0.0014117443161443023,-0.0025132773076135457,-0.0032231385688750564,-0.002366700756050397,-0.0008349496346546618,0.0029828956261594135,0.005893945266508484,-0.0037789484477009153,-0.001060488442747344,0.0036900183969806426,0.006370850202511203
-0.00046767431348719243,-0.001420141086135389,-0.0024832662679746464,-0.003163888044805986,-0.002402409344387189,-0.0008444043635626695,0.0030193123016204453,0.0059561595473056235,-0.0033627692196574674,-0.0008304573388541944,0.003593316695225713,0.006072005956916659
-0.0004918560502782976,-0.0014286208503776748,-0.0024528959373810648,-0.00310403036946164,-0.0024339380138338504,-0.0008515484848944933,0.0030547538170958826,0.006015375521563566,-0.0029429646696748427,-0.0005983669275105644,0.003494986399861743,0.005771188894671809
-0.000516332008519268,-0.0014371604034342867,-0.0024221761454629918,-0.0030435956194670797,-0.0024612536343602168,-0.0008563621264278882,0.00308920456651872,0.006071574477348477,-0.0025201594355984333,-0.00036436137916841943,0.003395163484705744,0.005468602262310562
-0.0005410599233013905,-0.0014457363484443812,-0.0023911168710479542,-0.002982614048401569,-0.0024843293220642936,-0.0008588268755910151,0.0031226503164887833,0.0061247397357536695,-0.002094978105216895,-0.0001285884534569584,0.003293986509306967,0.005164449418727891
-0.0005659972920780037,-0.0014543251119031896,-0.0023597282283109346,-0.002921116066464156,-0.0025031444332583334,-0.0008589258161706757,0.0031550782309151515,0.00617485665172895,-0.0016680441335910831,0.00010880033752484058,0.0031915963759667106,0.004858933776328133
-0.0005911014369833048,-0.0014629029588169391,-0.002328020452690393,-0.0028591322201338533,-0.0025176845478018985,-0.0008566435665792203,0.0031864768931931476,0.006221912614331559,-0.0012399787751219762,0.00034764958076623914,0.003088136079632497,0.004552258744193672
-0.0006163295669315091,-0.0014714460082474567,-0.0022960038865952226,-0.0027966931718301277,-0.00252794144183896,-0.0008519663195242965,0.003216836325840946,0.0062658970464135755,-0.0008114000322903756,0.0005877998302185397,0.0029837504499272034,0.0042446276722095215
-0.0006416388393912879,-0.0014799302492596556,-0.0022636889649283987,-0.0027338296795792506,-0.0025339130501167897,-0.0008448818829154882,0.0032461480075238326,0.0063068014037618286,-0.000382921623275502,0.000829087491543111,0.002878585886650086,0.003936243797440998
-0.0006669864217322954,-0.001488331557283402,-0.0022310862004537796,-0.0026705725766919264,-0.002535603418084722,-0.0008353797218337873,0.0032744048873999854,0.006344619173703022,4.484802968899443e-05,0.0010713447247970645,0.002772790088580491,0.003627310190797605
-0.0006923295520426673,-0.0014966257108994794,-0.0021982061690331476,-0.002606952751457498,-0.002533022643989661,-0.0008234510013816881,0.0033016013967264233,0.006379345873182686,0.0004713067893232434,0.0013143993656227967,0.002666511776707136,0.0033180297051351067
-0.0007176255993186343,-0.0015047884090575133,-0.0021650594947611843,-0.0025430011268599466,-0.002526186811203729,-0.0008090886302250951,0.0033277334576662376,0.00641097904632756,0.00089585976786314,0.0015580748656957924,0.0025599004112556896,0.003008604923839652
-0.000742832122929842,-0.0015127952887317951,-0.0021316568350266255,-0.0024787486403208283,-0.0025151179110378162,-0.000792287304631273,0.0033527984892455097,0.006439518261496108,0.0013179202653193708,0.0018021902530686237,0.0024531059045987506,0.0026992381098699843
-0.0007679069312665854,-0.0015206219430189604,-0.002098008865528326,-0.0024142262234742432,-0.002499843756310862,-0.0007730435528017875,0.0033767954104144326,0.0064649651078209,0.0017369106800714587,0.0020465601128284786,0.0023462783291858143,0.0023901311550885256
-0.0007928081394779422,-0.0015282439396794448,-0.0020641262652754057,-0.002349464781978926,-0.0024803978859605016,-0.000751355779295086,0.003399724640169591,0.006487323191242556,0.002152263390000596,0.0022909945885118063,0.0022395676218459164,0.0020814855292427444
-0.0008174942262127278,-0.001535636840122563,-0.0020300197016010412,-0.0022844951753725473,-0.0024568194609966157,-0.0007272243093285605,0.003421588094703299,0.006506598130033171,0.0025634216027765958,0.00253529940479328,0.0021331232848957223,0.0017735022288801298
-0.0008419240892782735,-0.0015427762188329438,-0.001995699815219765,-0.0022193481969733572,-0.002429153152112535,-0.0007006514327475866,0.003442389181551942,0.006522797549804847,0.002969840174039527,0.0027792759114015006,0.0020270940848328804,0.0014663817254551466
-0.0008660571001352469,-0.0015496376832339117,-0.001961177205358405,-0.002154054553834349,-0.0023974490192821417,-0.000671641447445997,0.0034621327907200855,0.006535931077996816,0.0033709863920391783,0.00302272114891642,0.0019216277487958296,0.0011603239129385871
-0.0008898531571500751,-0.0015561968939812477,-0.0019264624149909833,-0.0020886448467552104,-0.0023617623836834903,-0.0006402007020211992,0.0034808252827642364,0.006546010337830886,0.003766340727691074,0.00326542793604314,0.0018168706600343969,0.000855528053875499
-0.0009132727375299927,-0.0015624295856785896,-0.0018915659162080157,-0.002023149550357442,-0.0023221536923000354,-0.0006063376374471763,0.003498474473829281,0.0065530489417227845,0.004155397548999885,0.0035071849787614365,0.0017129675529744988,0.0005521927245040852
-0.0009362769478693007,-0.001568311588003562,-0.0018564980957506978,-0.0019575989932281482,-0.0022786883755615663,-0.0005700628275473208,0.0035150896176343034,0.006557062484135977,0.004537665798693934,0.003747777001209672,0.001610061208029933,0.0002505157581344404
-0.0009588275732390867,-0.0015738188472315534,-0.0018212692407404577,-0.0018920233381381699,-0.002231436698395632,-0.0005313890180509527,0.0035306813844137217,0.006558068533859696,0.004912669634492918,0.003986984898063935,0.0015082921478536855,-4.930581339051068e-05
-0.0009808871247564057,-0.0015789274481419046,-0.0017858895246342524,-0.001826452562340412,-0.0021804736050681597,-0.0004903311640192849,0.0035452618368273267,0.00655608662569188,0.0052799490310015615,0.004224585908269622,0.0014077983348673266,-0.00034707582017274793
-0.0010024188855727455,-0.0015836136362891455,-0.0017503689934358232,-0.0017609164379544216,-0.002125878558199803,-0.000446906465428895,0.003558844402858524,0.006551138251506196,0.005639060342669734,0.004460353809808366,0.0013087148713721193,-0.0006425990169642189
-0.0010233869552254942,-0.001587853840619805,-0.0017147175521928823,-0.0016954445124435023,-0.002067735372349946,-0.00040113440070301904,0.0035714438457296526,0.006543246850677668,0.005989576827301689,0.004694059135366822,0.0012111737028535734,-0.0009356811487413845
-0.0010437562923000725,-0.0015916246964132528,-0.0016789449518098845,-0.0016300660891909048,-0.0020061320425656974,-0.0003530367579865351,0.0035830762308698993,0.006532437799841836,0.006331089129547975,0.004925469407929962,0.0011153033251957607,-0.001226129018424938
-0.0010634927553543883,-0.001594903068523014,-0.0016430607762056412,-0.001564810208181903,-0.0019411605682974685,-0.00030263766396570384,0.0035937588899787607,0.006518738401958528,0.006663205724097808,0.005154349396236289,0.0010212284965765532,-0.0015137505582368364
-0.001082563142061302,-0.0015976660748930282,-0.001607074429844564,-0.0014997056267988624,-0.0018729167730852968,-0.0002499636100371233,0.0036035103822366775,0.006502177874649577,0.006985553318336536,0.0053804613894798195,0.00092906995500679,-0.0017983549035533349
-0.0011009352265288388,-0.0015998911103214052,-0.001570995125669772,-0.0014347808007367205,-0.0018015001204220436,-0.00019504347563828518,0.0036123504527217154,0.006482787337778808,0.007297777214314093,0.005603565490287808,0.000838944142000763,-0.0020797524706005037
-0.0011185777947619576,-0.0016015558704423917,-0.0015348318734656724,-0.001370063865046628,-0.0017270135262017097,-0.00013790854855901793,0.0036202999880982243,0.006460599800239692,0.007599541629752661,0.005823419925565641,0.0007509629333010588,-0.0023577550372226204
-0.0011354606782337667,-0.0016026383758954881,-0.0014985934686769186,-0.0013055826153158538,-0.0016495631681601162,-7.859254206025893e-05,0.003627380969652535,0.006435650145915141,0.007890529978566062,0.006039781374186162,0.0006652333775610357,-0.0026321758276875544
-0.0011515547855381395,-0.0016031169966489612,-0.0014622884817098681,-0.0012413644889924177,-0.001569258292714438,-1.7131608634357752e-05,0.003633616423757551,0.006407975118772075,0.008170445110569559,0.006252405310994073,0.0005818574434421249,-0.002902829600925628
-0.0011668321320997465,-0.0016029704764433873,-0.0014259252477418053,-0.0011774365468632973,-0.0014862110196069737,4.643564974912642e-05,0.0036390303698550053,0.0063776133070520165,0.008439009510923322,0.006461046365702761,0.0005009317760487735,-0.0031695327430861335
-0.001181265867921557,-0.001602177957319347,-0.0013895118570622675,-0.001113825454695449,-0.0014005361447551254,0.00011206817505893478,0.00364364776605257,0.006344605126517646,0.008695965459446321,0.006665458696258911,0.0004225474634641964,-0.003432103363788009
-0.0011948303033538633,-0.0016007190041919667,-0.0013530561459698038,-0.0010505574650492865,-0.0013123509417061333,0.00017972245041714078,0.0036474944524401663,0.006308992802714838,0.008941075150352105,0.0068653963753822905,0.00034678981405507,-0.003690361396773433
-0.0012075009328728495,-0.0015985736294336823,-0.0013165656882464236,-0.0009876583992746754,-0.001221774962091107,0.0002493525012397304,0.0036505970922358663,0.006270820352207395,0.00917412077265315,0.007060613789135625,0.000273738145084957,-0.003944128704715211
-0.0012192544568606386,-0.0015957223174253865,-0.001280047787230845,-0.0009251536296999262,-0.001128929835466717,0.0003209099004194358,0.003652983110879848,0.006230133562742448,0.00939490455222488,0.007250866046805457,0.0002034655837113812,-0.004193229188274316
-0.00123006880138261,-0.0015921460490350122,-0.0012435094685104412,-0.0008630680620246994,-0.0010339390689275492,0.00039434377765542504,0.003654680633200916,0.006186979972302897,0.009603248755608675,0.00743590940039239,0.00013603888050222127,-0.004437488899635845
-0.0012399231359615718,-0.00158782632598162,-0.001206957473250506,-0.0008014261179281681,-0.000936927846864825,0.00046960083302300315,0.00365571841878611,0.006141408847003362,0.00979899565693617,0.0076155016731232344,7.151823653657116e-05,-0.004676736160271155
-0.0012487978893520935,-0.0015827451950421788,-0.001170398252178121,-0.0007402517179042229,-0.0008380228312395159,0.0005466253548652455,0.0036561257956908965,0.006093471157785694,0.009982007468125643,0.007789402695325229,9.957144420692093e-06,-0.004910801683262345
-0.0012566747633219431,-0.0015768852720574767,-0.0011338379602365027,-0.000679568264335943,-0.0007373519627304028,0.0006253592420751761,0.0036559325926327803,0.006043219555870286,0.01015216623369699,0.007957374746660903,-4.859775604397834e-05,-0.005139518699819167
-0.0012635367444511303,-0.0015702297656929713,-0.0010972824519242543,-0.0006193986248219931,-0.000635044263107029,0.0007057420308259019,0.003655169069816895,0.005990708346919679,0.010309373690977765,0.008119183003484257,-0.0001041068071330857,-0.0053627230903023244
-0.0012693681139625084,-0.0015627625009098796,-0.0010607372773324387,-0.0005597651157680409,-0.0005312296391685853,0.000787710925792429,0.003653865848546233,0.005935993463870764,0.010453551096710971,0.008274595989821151,-0.00015653744699932817,-0.005580253519480504
-0.001274154455601254,-0.0015544679421014374,-0.0010242076788908284,-0.0005006894862567201,-0.0004260386885805384,0.000871200835896027,0.003652053839775822,0.005879132438393394,0.010584639020898408,0.008423386030898442,-0.0002058643070828696,-0.005791951575993593
-0.0012778826615837968,-0.0015453312158490047,-0.0009876985888330832,-0.0004421929022100866,-0.00031960250792802277,0.0009561444145904981,0.0036497641717732235,0.0058201843709333135,0.010702597109604715,0.00856532970799577,-0.0002520692934368414,-0.0059976619160225335
-0.0012805409366399116,-0.0015353381332525763,-0.0009512146273889585,-0.0003842959308589256,-0.00021205250329494143,0.0010424721046951857,0.003647028117051705,0.005759209899298888,0.010807403817011556,0.008700208312941729,-0.00029514165086681407,-0.006197232410862497
-0.001282118800174717,-0.001524475211790266,-0.000914760101709964,-0.0003270185255336712,-0.0001035202036661178,0.0011301121877668654,0.0036438770187471907,0.005696271165751986,0.01089905610875317,0.008827808301394222,-0.00033507801003611684,-0.006390514298517957
-0.0012826070865802263,-0.001512729696661482,-0.0008783390055331691,-0.0002703800107920867,5.8629225642319645e-06,0.0012189908379899546,0.003640342216611801,0.005631431782564914,0.010977569137316782,0.008947921743223633,-0.00037188241704184596,-0.0065773623388964315
-0.0012819979437288808,-0.0015000895815687756,-0.0008419550195861074,-0.00021439906789922673,0.00011596564770486651,0.0013090321805513205,0.0036364549728005384,0.005564756796007081,0.011042975890810127,0.00906034676904953,-0.0004055663452106513,-0.006757634972670189
-0.0012802848296841437,-0.0014865436288937527,-0.000805611512733958,-0.00015909372067555666,0.0002266571612425676,0.0014001583544532513,0.003632246397629348,0.005496312648726935,0.011095326816730092,0.00916488801133665,-0.0004361486890274817,-0.0069311944833591495
-0.0012774625076657586,-0.0014720813892229604,-0.0007693115438683863,-0.00010448132172943733,0.00033780724243443806,0.0014922895797052187,0.0036277473754849927,0.005426167140496933,0.011134689421643997,0.009261357039056825,-0.00046365573984357214,-0.007097907162641203
-0.001273527039309658,-0.0014566932201803239,-0.0007330578645356198,-5.05785390904967e-05,0.00044928642878570125,0.0015853442288220846,0.003622988491068298,0.005354389387291193,0.011161147848608641,0.009349572784316376,-0.00048812114349534516,-0.007257643478506704
-0.0012684757762647515,-0.0014403703045234907,-0.0006968529222995147,2.598656739302134e-06,0.0005609661801955875,0.0016792389025445478,0.0036179999561527184,0.0052810497786685735,0.011174802433368599,0.009429361960176283,-0.0005095858396206195,-0.00741027824601732
-0.0012623073501709364,-0.0014231046674623388,-0.0006606988648335455,5.503500529982662e-05,0.0006727190385674428,0.0017738885096858345,0.0036128115370411226,0.0052062199334363245,0.011175769241002446,0.009500559468081052,-0.0005280979826985492,-0.007555690800432547
-0.0012550216610646293,-0.0014048891931589297,-0.0006245975447338235,0.00010671596823487018,0.0007844187826939691,0.0018692063509959808,0.003607452482903275,0.005129972653572388,0.011164179584302821,0.00956300879394821,-0.0005437128448710256,-0.007693765172354827
-0.0012466198642599464,-0.0013857176403693327,-0.0005885505250434309,0.00015762774088467056,0.0008959405782426094,0.001965104206923416,0.0036019514551752538,0.005052381876387689,0.011140179525425235,0.009616562391538866,-0.0005564927007331681,-0.00782439026458508
-0.0012371043557553314,-0.001365584657188999,-0.0005525590854765476,0.00020775726339117393,0.001007161122680395,0.0020614924291433375,0.0035963364582014064,0.0049735226249129835,0.011103929362131889,0.00966108205244541,-0.0005665066940362846,-0.007947460030356023
-0.001226478756216966,-0.001344485794864725,-0.0005166242293290514,0.0002570922312982305,0.0011179587849926753,0.0021582800357114714,0.0035906347712978256,0.004893470956498333,0.011055603100324166,0.00969643926118137,-0.0005738306866798874,-0.00806287365257401
-0.0012147478935916802,-0.0013224175206377174,-0.0004807466910604966,0.00030562110562880714,0.001228213740064488,0.0022553748096900304,0.0035848728824131467,0.004812303909616992,0.010995387914038365,0.009722515534530393,-0.0005785470902558883,-0.00817053572369415
-0.0012019177844033238,-0.0012993772295838465,-0.0004449269445306291,0.0003533331224212385,0.001337808097606793,0.002352683401084147,0.0035790764235603474,0.004730099448869283,0.010923483594422693,0.009739202744292977,-0.0005807446803039566,-0.00827035642584788
-0.0011879956137876605,-0.0012753632554188365,-0.00040916521187187705,0.0004002183017065156,0.0014466260255258645,0.002450111431917848,0.003573270108190066,0.004646936408186135,0.010840101989391612,0.009746403422447134,-0.000580518393752328,-0.008362251710781598
-0.0011729897143217941,-0.001250374880237905,-0.0003734614729775689,0.0004462674559086261,0.001554553867647412,0.002547563604268463,0.0035674776706715624,0.004562894432235963,0.010745466434917864,0.009744031047675863,-0.0005779691099484056,-0.00844614347925281
-0.0011569095437049509,-0.0012244123431612108,-0.00033781547558399383,0.0004914721976500209,0.0016614802557212416,0.0026449438110703635,0.003561721808043452,0.004478053916042994,0.010639811179848076,0.009732010312704195,-0.0005732034156737294,-0.008521959759340957
-0.0011397656613481122,-0.0011974768478583986,-0.0003022267459228186,0.0005358249469443841,0.0017672962156464983,0.002742155249492094,0.003556024124191599,0.004392495942829647,0.010523380805203267,0.009710277371641887,-0.0005663333546968678,-0.008589634883328468
-0.001121569703930525,-0.0011695705689275283,-0.0002666945999188305,0.0005793189377590308,0.001871895267870941,0.00283910053668195,0.003550405076606021,0.004306302220099696,0.010396429639685286,0.00967878006632926,-0.0005574761624186804,-0.008649109662661813
-0.001102334359981511,-0.0011406966571057607,-0.0002312181549064845,0.0006219482239294516,0.001975173521931871,0.0029356818276715735,0.0035448839258631756,0.004219555013984459,0.010259221172500724,0.009637478131595448,-0.0005467539861504049,-0.008700331560385455
-0.0010820733435462572,-0.0011108592432912978,-0.00019579634183730126,0.0006637076844087632,0.0020770297651188686,0.0030318009352210172,0.003539478687973473,0.004132337081877865,0.01011202746489875,0.009586343378293324,-0.000534293591790181,-0.008743254860933258
-0.001060801366994405,-0.0010800634413582818,-0.00016042791794879693,0.0007045930278351121,0.0021773655452515706,0.003127359451382182,0.003534206089727392,0.004044731603391922,0.00995512856164166,0.009525359853939666,-0.0005202260574260313,-0.00877784083625548
-0.001038534113030251,-0.001048315349748602,-0.00012511147986432676,0.0007446007964004182,0.0022760852475792372,0.0032222588705537692,0.003529081527166643,0.003956822109669281,0.009788811903891633,0.009454523980377702,-0.0005046864547237247,-0.008804057908272721
-0.0010152882059632539,-0.0010156220518268522,-8.984547709199875e-05,0.0007837283690042314,0.0023730961658201856,0.003316400713796203,0.0035241190272989574,0.003868692411093365,0.009613371744298053,0.009373844668108991,-0.00048781351881339516,-0.008821881806910504
