x1,x2,x3,x4,v1,v2,v3,v4,a1,a2,a3,a4
0.0,0.0,0.0,0.01,0.0,0.0,0.0,0.0,0.0,0.0,0.1,-0.1
1.0207543326255624e-11,6.825443970822927e-09,4.977599003947418e-06,0.009995014943982533,2.0415086652511247e-09,1.3650887941645856e-06,0.0009955198007894836,-0.000997011203493492,4.0830173305022493e-07,0.0002730177588329171,0.09910396015789671,-0.09940224069869838
8.667984587024197e-11,4.208152287550416e-08,1.9858354159435657e-05,0.009980094515051241,1.3252951843546143e-08,5.6861269867716605e-06,0.0019806312303081645,-0.001987074582764786,1.8339869026087785e-06,0.0005911898796884978,0.09791832574583945,-0.09861043515556048
3.824628458933661e-10,1.3753935553940433e-07,4.452383564537394e-05,0.009955317814416333,4.5903648161078686e-08,1.3405439546008373e-05,0.0029524650668794933,-0.0029682655442168915,4.69615236089773e-06,0.0009526726321588445,0.09644844156842627,-0.09762775713486058
1.1950853699204415e-09,3.292971522491116e-07,7.882720713031389e-05,0.00992078301923478,1.1662085664433639e-07,2.494611979593308e-05,0.003908209230108496,-0.003938693492093818,9.447289335753811e-06,0.0013554634178260967,0.09470039107737413,-0.09645783244052467
3.011722027269881e-09,6.575801589981039e-07,0.00012259383356965676,0.009876607020345781,2.4670647482555154e-07,4.071048155386538e-05,0.00484511605776008,-0.004896506285705786,1.6569834300489222e-05,0.0017974089337603639,0.09268097445294257,-0.09510472628186903
6.557346334657986e-09,1.1665255420534186e-06,0.0001756219606312373,0.009822925016092311,4.6241838665206936e-07,6.107859505719757e-05,0.005760509354556028,-0.005839894564988251,2.6572548064814343e-05,0.0022762137669060734,0.0903976849062472,-0.09357292957462385
1.2845512421794227e-08,1.9039530715100235e-06,0.00023768346338145827,0.009759890063597567,7.952148307751788e-07,8.64069108341234e-05,0.006651791195488163,-0.006767095933960659,3.998674075980753e-05,0.0027894493884790946,0.08785868328017968,-0.09186734421985773
2.3231388271777634e-08,2.9211225024755933e-06,0.00030852466169410935,0.009687672588967265,1.281960339221503e-06,0.00011702697535899054,0.007516448467042055,-0.00767639899209964,5.736236092945727e-05,0.003334563516494333,0.08507277103059882,-0.08999326740793859
3.9466649872421915e-08,4.272478589319033e-06,0.00038786719968212876,0.009606459857986086,1.9650919809073533e-06,0.00015324424200969736,0.008352059130561827,-0.00856614720413616,7.926396740771283e-05,0.0039088898136470296,0.08204936167335566,-0.08795637499936557
6.375583394298993e-08,6.015384701931756e-06,0.00047540898629923334,0.009516455408969024,2.8927448332062493e-06,0.0001953369805128473,0.009156298192859088,-0.009434742599276348,0.00010626660305206635,0.00450965788698296,0.07879845078609646,-0.08576270402867206
9.88137370943925e-08,8.209846043112698e-06,0.0005708251941139054,0.009417878449515827,4.118835797074266e-06,0.0002435552877233411,0.009926943370075315,-0.010280649291363046,0.0001389515897215369,0.005134003555115798,0.07533058465714895,-0.08341863438866745
1.4792344141137003e-07,1.0918223492928568e-05,0.000673769313123004,0.009310963218998785,5.703105066321238e-06,0.0002981202022398331,0.01066188043174442,-0.01110239681204536,0.00017790226412785746,0.005778979348182598,0.07165682767667211,-0.08093086974779543
2.1499454053661178e-07,1.4204939129163333e-05,0.0007838742563465651,0.00919595831869069,7.711114758727113e-06,0.0003592229250071197,0.011359108212967798,-0.011898583249573408,0.00022369967435331738,0.006441565205274723,0.06778872856800336,-0.07830641775781419
3.046211364056406e-07,1.8136174492709846e-05,0.0009007535138294307,0.00907312601151078,1.0214204415078655e-05,0.00042702414770218303,0.012016743283605325,-0.012667878186408897,0.00027691825691699096,0.007118679333737944,0.0637382855595022,-0.07555256960928372
4.221391748364262e-07,2.2779562682937933e-05,0.0010240023515694556,0.00894274149343158,1.3289403271078465e-05,0.0005016534903434343,0.012633024264399653,-0.013409025429431117,0.00033812151428297096,0.007807189194512314,0.05951791059936343,-0.07267687899516026
5.736826882202958e-07,2.8203875380673904e-05,0.0011531990517963738,0.008805092138648852,1.701929940569545e-05,0.00058320904920376,0.013206315780983979,-0.014120845527114404,0.00040785771264042656,0.008503922577552836,0.0551403927175019,-0.06968714054149708
7.662385155844163e-07,3.447870590543503e-05,0.0012879061909401592,0.008660476720669965,2.1491866067128652e-05,0.0006717570557484649,0.013735112047773109,-0.014802238068662913,0.0004866556196462139,0.00920567873138814,0.05061886064032431,-0.0665913677682047
1.0076990742870429e-06,4.1674149418978304e-05,0.0014276719515530342,0.008509204611523113,2.680024567339666e-05,0.0007673316469601903,0.014218040074801897,-0.015452183760707526,0.000575020301607387,0.00990923951095693,0.04596674476543336,-0.06339777064071797
1.3069127635435592e-06,4.9860481389056635e-05,0.0015720314643852902,0.008351594961330594,3.304249217790662e-05,0.000869934747055476,0.014653862491649301,-0.016069746277796303,0.0006734289992946042,0.010611380508100204,0.041197738604047546,-0.060114732777037355
1.673731587835473e-06,5.9107835425548844e-05,0.0017205081767618713,0.008187975860523933,4.032127268047613e-05,0.0009795360602429656,0.01504147998366693,-0.01665407388353573,0.0007823271012192976,0.011308882129397707,0.03632575979947825,-0.056750788370848154
2.1190555979901984e-06,6.948588159587528e-05,0.001872615243364299,0.008018683487006873,4.8743529350468973e-05,0.0010960731738223226,0.015379933336818597,-0.01720440081987642,0.0009021242327792708,0.011998540586473677,0.03136491083085505,-0.05331459889728993
2.6548737592939174e-06,8.106350631787134e-05,0.0020278569354910177,0.007844061240594094,5.842010291027483e-05,0.0012194517705768893,0.01566840508852516,-0.01772004846267925,0.0010331904791819001,0.012677178764439662,0.026329439510457048,-0.04981492966327697
3.294300869363472e-06,9.39084949161203e-05,0.002185730064848618,0.0076644588670690735,6.946531910363608e-05,0.001349545949072903,0.015906220782994914,-0.01820042624232492,0.0011758527594903493,0.013341656934763052,0.02123369938349376,-0.04626062626585678
4.051610163599953e-06,0.0001080872179122087,0.002345725417916615,0.0074802315742136015,8.199653974366004e-05,0.0014861986501447768,0.016092849830604432,-0.01864503232876948,0.0013303913685144427,0.013988883279611702,0.016092110138410026,-0.042660591023055444
4.942261262813905e-06,0.0001236643221005349,0.002507329196929475,0.007291739142164354,9.613368009913045e-05,0.0016292221875204651,0.016227905971967577,-0.019053454081079967,0.0014970367025796392,0.014615824195525956,0.010919118134219113,-0.03902375943904221
5.9829231359812475e-06,0.0001407024274392588,0.0026700244635312915,0.0070993450304484155,0.00011199869453433804,0.001778398880224313,0.016311147348395748,-0.019425368262107803,0.0016759661844618786,0.015219514345243629,0.005729157151415171,-0.03535907676652475
7.191491770985604e-06,0.00015926183076081938,0.0028332925811808086,0.006903415484039967,0.0001297150324665333,0.0019334817840878028,0.016342476181507682,-0.01976054101958181,0.0018673014019771742,0.015797066427454348,0.0005366094709716995,-0.03167547472827667
8.587102267546852e-06,0.00017940021727826965,0.002996614652417254,0.006704318640764489,0.00014940706684571633,0.0020941955194022496,0.01632193806578144,-0.020058827635513837,0.002071105473859436,0.016345680635434984,-0.004644232616220295,-0.027981848458128594
1.0190135089242004e-05,0.00020117238083259368,0.0031594729471404568,0.006502423642354878,0.00017119949749331399,0.0022602371914625576,0.016249720878859068,-0.02032017204640842,0.002287380655660093,0.01686265377662663,-0.009799204768254105,-0.02428703372078775
1.2022216235502975e-05,0.0002246299537922986,0.00332135231811182,0.006298099751436023,0.00019521673175888017,0.0024312774004784246,0.01612615331541357,-0.020544606137362482,0.0025160661974531428,0.017345388026546754,-0.014914307920845277,-0.020599784470025112
1.410621111963165e-05,0.0002498211474800389,0.003481741599945696,0.006091715476680621,0.00022158224506685484,0.002606961337069632,0.015951703051361635,-0.02073224881371792,0.0027570364641417906,0.01779139929169468,-0.019975744889541763,-0.016928750801062792
1.646621196510705e-05,0.00027679050396196717,0.0036401349879332666,0.005883637708339567,0.00025041792402822564,0.002786909959316026,0.01572697454615249,-0.020883304854492888,0.003010099328132365,0.018198325157584155,-0.024969956152287504,-0.013282457353930438
1.9127518559669622e-05,0.0003055786599940517,0.003796033393122944,0.005674230866305269,0.0002818433948842885,0.002970721247100878,0.015452706491782951,-0.020998063552366678,0.003274994843080212,0.018563932399386224,-0.029883654721619995,-0.009669282220827385
2.211661223474741e-05,0.0003362221238759043,0.003948945770172257,0.005463856062815819,0.0003159753401312689,0.0031579715292696406,0.015129768918079748,-0.021076897145523413,0.003551394206315861,0.01888612403436632,-0.03470386001902073,-0.006097436410520102
2.546112296662912e-05,0.000368753065916877,0.00409839041458588,0.005252870281852329,0.0003529268062450733,0.0033482168789248997,0.014759159964644773,-0.021120259047174492,0.0038388990164450244,0.019162945896685518,-0.03941793066797414,-0.002574943919695899
2.9189789525277605e-05,0.0004031991231714654,0.004243896226062496,0.005041625577221114,0.0003928065054846239,0.003540994571992787,0.014342002330678368,-0.021128681879068613,0.0041370408314650945,0.019392592716891893,-0.04401359612530689,0.0008903775408720394
3.333241262670018e-05,0.000439583219051567,0.004385003934789314,0.0048304682912469,0.00043571811479989136,0.00373582460402753,0.01387953941468528,-0.021102775315774175,0.004445281031588399,0.01957341369005669,-0.048478987073310525,0.00429093511801551
3.79198010752333e-05,0.0004779233983720478,0.004521267287646788,0.004619738295933186,0.0004817595749067329,0.003932211260068633,0.013373131156809586,-0.021043223746968636,0.004763010989779904,0.019703917518163944,-0.052802664501828384,0.007619378643092561
4.298371091284085e-05,0.0005182326783335438,0.004652254191417091,0.004409768258371354,0.0005310223926147763,0.004129644732230571,0.012824249597251014,-0.020950783765397673,0.0050895525518287795,0.019782776914223782,-0.05697364740988595,0.01086861767109984
4.855677762344936e-05,0.0005605189158926362,0.00477754781022776,0.0042008829321015205,0.0005835909495069255,0.004327602779587909,0.012234474164882742,-0.020826281488569097,0.005424158826601045,0.019808832557243666,-0.06098143906376832,0.014031837694615662
5.467244147133088e-05,0.0006047846919146689,0.004896747614606196,0.003993398476045544,0.0006395418200693791,0.0045255524248186295,0.011605486710804412,-0.020670609722626267,0.0057660152858896915,0.019781096488900446,-0.0648160517518975,0.017102515493950504
6.136486608347529e-05,0.0006510272124486986,0.005009470379670928,0.0037876218025464075,0.0006989431023595019,0.004722951681987304,0.010939066302141998,-0.020484724977200976,0.006114241172134849,0.019698754944834446,-0.06846802998058524,0.020074433591107693
6.866885041664997e-05,0.0006992382274075664,0.005115351130141338,0.0035838499559585485,0.0007618537642754347,0.004919251309786266,0.010237083791940138,-0.020269644340370825,0.0064678912110517125,0.01956117061495785,-0.07192847205978667,0.02294169377492264
7.661973428030769e-05,0.000749403966879035,0.005214044030008376,0.003382369523140959,0.0008283230084561099,0.0051138965845074465,0.009501496181467404,-0.020026442223147065,0.006825957625083335,0.019367884329278412,-0.0751890500347602,0.025698729669829307
8.525329761655551e-05,0.0008015050952365237,0.005305223214874178,0.0031834560771092676,0.0008983896587934536,0.0053063290869903,0.008734340791692944,-0.019756246983191207,0.007187372442385409,0.01911861616729224,-0.07824202792013155,0.028340318321342123
9.460565376792346e-05,0.0008555166831603843,0.005388583565138044,0.00298737365500479,0.0009720815714801359,0.00549598849778182,0.007937729261080228,-0.019460237437704277,0.007551010094951039,0.01881326599101188,-0.08108027820241173,0.03086159077604353
0.0001047131369925572,0.0009114081976230621,0.005463841418379314,0.0027943742714380266,0.001049415073446613,0.0056823143947537244,0.007113841387173897,-0.01913963927564843,0.007915690298344413,0.018451913403368908,-0.08369729657885436,0.03325804163512594
0.00011561218451459272,0.0009691435098340729,0.005530735219463923,0.002604697468161555,0.0011303944309604907,0.0058647480474484336,0.006264918829747809,-0.01879572137964588,0.008280181204431103,0.018034817135572895,-0.08608721490636331,0.03552553756538454
0.00012733921342474402,0.0010286809210836643,0.00558902610708024,0.002418569900923031,0.0012150113510697687,0.006042734202469861,0.005393258693515623,-0.01842979206805898,0.008643202817424511,0.017562413868712684,-0.08824481234007395,0.03766032475199524
0.00013993049277244145,0.0010899732063674962,0.005638498435590765,0.0022362049642433066,0.001303244518469717,0.006215722854296503,0.00450120700858943,-0.01804319526788586,0.009003430662565171,0.017035316496615743,-0.09016552464516484,0.03965903528262835
0.000153422011216096,0.001152967675618843,0.005678960231268745,0.0020578024547578677,0.0013950591702611907,0.006383170995972855,0.0035911521270064807,-0.017637306629201918,0.009359499695729556,0.016454311838654617,-0.09184545167142497,0.041518692454160094
0.00016784934062213464,0.0012176062523198614,0.0057102435821724225,0.0018835482736521182,0.0014904067109465396,0.006544544344230829,0.002665518053729049,-0.017213529591947985,0.009710008441340201,0.01582035781294014,-0.09328136298406134,0.04323671499662626
0.00018324749602625996,0.0012838255692095406,0.005732204961093849,0.0017136141686128396,0.0015892243698785247,0.0066993190337050045,0.0017267577305562275,-0.016773291415907724,0.010053523345056803,0.015134580081894916,-0.09447070165050295,0.04481092021142566
0.0001996507923918425,0.0013515570807532263,0.005744725481203467,0.0015481575156096722,0.0016914349032379817,0.006846983275032154,0.00077734629136736,-0.016318039184725755,0.010388583326834589,0.014398268183535096,-0.09541158618727055,0.04623952602496803
0.0002170926986203725,0.0014207271919872311,0.005747711084195556,0.0013873211407120464,0.0017969463424680184,0.006987038971768799,-0.00018022569294955202,-0.01584923579479942,0.010713704519172728,0.013612871163793921,-0.09610281067611184,0.04752115196029863
0.00023560568928739727,0.0014912574033021683,0.0057410926609225855,0.0012312331820388941,0.0019056517909369366,0.007119003291218639,-0.001143458961644527,-0.015368355939831022,0.011027385174610905,0.012779992726174055,-0.09654384306288313,0.048654819033381175
0.0002552210945942771,0.0015630644706804253,0.005724826104688101,0.0010800069918309857,0.0020174292704390304,0.007242410184432752,-0.002109852285252415,-0.014876882101750661,0.011328110725807838,0.01190138591664855,-0.09673482165869449,0.04963994858269097
0.0002759689490413366,0.0016360605808567485,0.005698892297547438,0.0009337410785291493,0.0021321416189728675,0.007356811850831892,-0.0030769091428801887,-0.014376300558616623,0.01161435898095955,0.01097894736317942,-0.09667654986686017,0.05047636004411657
0.0002978778393415062,0.0017101535408263985,0.0056632970301429015,0.0007925190886362247,0.00224963644106105,0.007461780143098104,-0.004042144338027063,-0.013868097419968306,0.011884605436676887,0.010014711090062994,-0.09637048916251464,0.051164267685546966
0.0003209747521052818,0.0017852469810828561,0.005618070855774573,0.0006564098280366417,0.00236974611169407,0.00755690790819342,-0.0050030905356386515,-0.013353754699948287,0.01213732868992714,0.009010841929000063,-0.09581875035980306,0.051704276318456616
0.0003452849218377273,0.001861240571926754,0.005563268879579162,0.0005254673223452717,0.002492287834795037,0.007641810260586137,-0.0059573047034435726,-0.012834746438325703,0.012371015930266216,0.00796962854954339,-0.09502408320118114,0.052097376006060264
0.0003708316797962622,0.001938030252149672,0.0054989704838568935,0.0003997309157569307,0.002617063756911943,0.00771612578399746,-0.006902374441010084,-0.012312534879342509,0.012584168493114967,0.006893476132721316,-0.093989864312121,0.05234493579057861
0.00039763630426407345,0.002015508469360783,0.005425278990749859,0.00027922540776987545,0.0027438611366503046,0.0077795176582247496,-0.007835924180396763,-0.011788566718068534,0.012775307454557327,0.005784898712736658,-0.09272008356521474,0.05244869646421649
0.00042571787279813616,0.002093564431191153,0.00534232126363417,0.00016396122706106972,0.002872452570162238,0.007831674707849286,-0.008755621242741143,-0.011264269423692613,0.0129429792478293,0.004646511212170773,-0.09121932890366127,0.05241076241096784
0.0004550931170129945,0.0021720843665798853,0.005250247248742245,5.3934641698136646e-05,0.003002596272809432,0.007872312369897147,-0.009659181735643787,-0.010741047648894005,0.01308576128160952,0.0034810211974012073,-0.08949276967686756,0.05223359254875373
0.00048577628046162755,0.0022509517963183166,0.005149229458680264,-5.0871995217001604e-05,0.003134036416917176,0.007901173577789111,-0.01054437627675246,-0.010220279734133647,0.013202267539939272,0.0022912203809915266,-0.08754613854486717,0.051919990403317934
0.0005177789801728904,0.0023300478120032147,0.005039462399648821,-0.00015048996546456527,0.0032665035253354006,0.007918029559190512,-0.011409035529536165,-0.009703314315379089,0.013291154143705719,0.0010799758992885156,-0.08538571201187359,0.051473093347593674
0.0005511100724011746,0.0024092513625274294,0.00492116194431187,-0.0002449638722586138,0.0033997149203214387,0.007922680545652424,-0.012251055537853923,-0.009191467043430622,0.013351124853501895,-0.00014977860690620903,-0.08301828965167815,0.050896361042099686
0.000585775523138075,0.0024884395472167843,0.004794564652389742,-0.0003343512945890224,0.003533375227058642,0.007914956392218567,-0.01306840284657167,-0.00868601742265109,0.013380936493938766,-0.00139505207986515,-0.08045117209187111,0.050193563113806766
0.0006217782839279949,0.0025674879147052,0.004659927041176091,-0.0004187224105848706,0.0036671769309253215,0.007894717105464539,-0.013859119396158671,-0.00818820577651855,0.013379404279397123,-0.002652805270940667,-0.077692137825529,0.04936876611270122
0.0006591181735197788,0.002646270766626145,0.0045175248082958185,-0.0004981595912025694,0.0038008009874314734,0.007861853278724488,-0.01462132717989576,-0.0076992303470212135,0.013345407021833266,-0.003919960077069434,-0.07474941892188855,0.04842631978676595
0.0006977917658746644,0.0027246614651875475,0.004367652009131026,-0.0005727569656101681,0.003933917483545636,0.007816286433556018,-0.015353232653062673,-0.007220244534498528,0.013277892200999309,-0.00519340895662454,-0.07163167571149423,0.04737084271777112
0.0007377922850371053,0.0028025327436892794,0.00421062019144462,-0.0006426199597031729,0.004066186348942544,0.007757969266790351,-0.01605313088421865,-0.0067523542841024355,0.013175880878382373,-0.006470024396508817,-0.06834797051970085,0.04620720736144737
0.0007791095073593935,0.0028797570190372693,0.004046757489826203,-0.0007078648092467358,0.004197258115515098,0.0076868858028076355,-0.016719409439464726,-0.0062966156246101425,0.013038472436128346,-0.007746668400034212,-0.06490774052951434,0.04494052453701122
0.0008217296715535246,0.0029562067053061783,0.003876407682672027,-0.000768618049194111,0.004326774723311123,0.007603051450974168,-0.01735055199137042,-0.005854032364864898,0.012864849123076704,-0.00902020196665923,-0.06132076985162413,0.04357612741203756
0.0008656353970244684,0.0030317545274034003,0.003699929214489929,-0.0008250159807817188,0.004454370370877647,0.0075065129684702145,-0.017945141645049185,-0.005425553952656652,0.012654280390228112,-0.010287494534131553,-0.057597160884128945,0.042119555029611705
0.0009108056109179729,0.003106273833890899,0.003517694186391226,-0.0008772041180469,0.004579672407823242,0.007397348329029564,-0.018501863974691467,-0.005012073500379588,0.012406126998890854,-0.01154543335399863,-0.05374730504432765,0.040576535425801113
0.0009572154842933125,0.003179638908028034,0.003330087317694286,-0.0009253366154554095,0.004702302267244673,0.007275666498397425,-0.019019509764696494,-0.004614425981322323,0.012119844885395215,-0.012790932772429126,-0.0497818529566775,0.03895296838565185
0.0010048363778070587,0.0032517252761080123,0.003137504881618883,-0.0009695756783618115,0.004821876435504574,0.007141607117598222,-0.019496977450384097,-0.004233386599958065,0.011794988766585112,-0.014020943387411472,-0.04571168418084301,0.0372549078871999
0.0010536357972680658,0.0033224100121729194,0.0029403536180963837,-0.0010100909580571425,0.0049380074566968525,0.006995340095383188,-0.019933275254115784,-0.003869669339108135,0.01143121547187056,-0.015232461055595364,-0.041547876565494773,0.035488544282786
0.0011035773593965192,0.003391572038207331,0.002739049626758265,-0.0010470589331844633,0.005050304968993815,0.006837065111499176,-0.020327523013507955,-0.003523925686356035,0.011028286987521984,-0.016422535721207138,-0.03730167531293968,0.033660186267633924
0.0011546207680911624,0.0034590924189282653,0.0025340172431943604,-0.0010806622793241888,0.005158376769934825,0.006667011032687646,-0.020678953699272962,-0.0031967435415890632,0.010586073200679969,-0.017588280041098886,-0.03298446184006157,0.031776242685760486
0.0012067218014787933,0.0035248546503096013,0.002325687901592597,-0.0011110892285673582,0.005261829907591358,0.006485435243579553,-0.020986914621079742,-0.0028886463070448122,0.010104554330626602,-0.018726877780519652,-0.028607722521294038,0.029843204223089753
0.0012598323099888913,0.003588744941002016,0.0021144989868838206,-0.0011385329209062812,0.005360271794428253,0.006292622894903371,-0.021250868320675527,-0.002600092160739788,0.009583823036752448,-0.019835591954716597,-0.02418301739786291,0.02786762503791515
0.0013139002256639103,0.0036506524858348588,0.0019008926795186613,-0.001163190749278274,0.0054533113405755415,0.006088886071665197,-0.021470393152356323,-0.0023314735136587576,0.009024086192705316,-0.020911772692918246,-0.019721948938296124,0.025856104378290917
0.0013688695828824326,0.003710469730614149,0.0016853147959983003,-0.0011852637000995118,0.005540560103128922,0.005874562884192874,-0.02164518355171589,-0.0020831166505888158,0.008425666317970726,-0.021952864801546318,-0.015236130933617004,0.023815268235697434
0.0014246805506381492,0.0037680926274608877,0.0014682136282675694,-0.0012049556911224127,0.005621633448014398,0.005650016485154844,-0.021775049994430293,-0.0018552815539913767,0.0077890026591244995,-0.022956415006059744,-0.01073715760926372,0.021751751083790377
0.0014812694764826098,0.003823420879966055,0.0012500387850571506,-0.0012224729084414684,0.005696151720877713,0.005415634015878611,-0.021859918647653475,-0.0016481619098197516,0.0071146519135385725,-0.02392007884918687,-0.0062365730353727555,0.01967217775053462
0.0015385689422039836,0.0038763581774729165,0.0010312400382318512,-0.0012380231444591278,0.0057637414233970485,0.0051718254854936805,-0.021899830717406404,-0.0014618852937121353,0.006403288590328437,-0.024841627227799173,-0.0017458409152132093,0.01758314547098863
0.001596507831277806,0.003926812417833427,0.0008122661771641736,-0.001251815138605286,0.005824036391367427,0.004919022586608372,-0.021894941496129108,-0.0012965135355194981,0.005655705003747147,-0.02571895254926268,0.002723685170672313,0.015491206167538824
0.0016550114080889707,0.0039746959180235126,0.0005935638741068438,-0.0012640579225812185,0.0058766789708655145,0.004657677451408795,-0.021845519115336845,-0.0011520432596670116,0.004872810895870416,-0.026550074490652636,0.007160790987780358,0.013402849002958489
0.001714001408887181,0.004019925612041701,0.00037557656348478983,-0.0012749601718715423,0.005921321188776549,0.004388261352228871,-0.02175194300907396,-0.0010284065983977406,0.004055632686336597,-0.027333145345332016,0.01155443026479705,0.011324483250895717
0.0017733961444008116,0.0040624232355568,0.00015874333796648166,-0.0012847295652360722,0.005957625913949576,0.004111263350790885,-0.02161470209458767,-0.0009254720745082465,0.003205312348268685,-0.028066454942265368,0.015893752632460872,0.0092624215270031
0.0018331106139967814,0.004102115496813005,-5.650213589321595e-05,-0.001293572153857411,0.005985268005244373,0.003827188900450128,-0.021434392677351848,-0.0008430456497595023,0.0023231059106907596,-0.028748435125885957,0.02016813081470356,0.007222863422745723
0.001893056631236713,0.004138934233344758,-0.00026973267972123526,-0.001301691741779882,0.006003935442741959,0.003536558405900515,-0.021211716088252012,-0.000780871934734724,0.0014103815888264256,-0.02937766378403664,0.024367187005263885,0.0052118795822099495
0.001953142960642482,0.0041728165540987835,-0.00048052864046948336,-0.0013092892792311455,0.0060133304384118276,0.0032399057449046063,-0.020947476061397605,-0.0007386355555179617,0.00046861754514739874,-0.02995286841514508,0.02848081836561764,0.0032353962611425258
0.002013275465447355,0.004203704966606823,-0.0006884789000847443,-0.0013165622703696595,0.006013170522562749,0.0029377767567033194,-0.020642575861654588,-0.0007159626721848254,-0.0005006007149630735,-0.030472929225112272,0.03249922158298571,0.00129918040548474
0.002073357266072403,0.004231547488899535,-0.0008931818552509569,-0.0013237041969492455,0.0060031896024468605,0.002630727701839047,-0.02029801517158793,-0.0007124226437323878,-0.0014955833082146205,-0.0309368817477422,0.036412916430345804,-0.000591174714997228
0.0021332889090318703,0.004256297745899689,-0.001094246364849246,-0.0013309039593365375,0.005983138989446621,0.002319323698191805,-0.019914886748069884,-0.0007275298337260159,-0.00251453929183334,-0.031343918981706215,0.040212768273263505,-0.00243026328372839
0.002192968545935814,0.004277915050081017,-0.001291292662886311,-0.0013383453362582275,0.005952788391342105,0.0020041371380736975,-0.019494372859343127,-0.0007607455506119838,-0.0035555803290698625,-0.03169339304191529,0.04389000947208785,-0.004212880093465182
0.002252292122223696,0.004296364466227673,-0.0014839532347521679,-0.001346206464592958,0.005911926866234296,0.0016857460912575901,-0.019037741513828244,-0.0008114801163341152,-0.004616724692491992,-0.03198481632130615,0.04743625963088896,-0.005934033050961102
0.0023111535752288396,0.00431161686017816,-0.0016718736547834592,-0.0013546593404576287,0.005860363734794444,0.0013647326988398374,-0.018546342492430014,-0.0008790950566000168,-0.0056959015954782585,-0.0322178621622444,0.05084354464875726,-0.007588955002219205
0.002369445041140871,0.004323648931486546,-0.0018547133832282458,-0.0013638693427699908,0.00579792944761184,0.0010416815628373176,-0.018021603196527316,-0.0009629054058723942,-0.006790955841042634,-0.03239236503825957,0.05410431453178202,-0.009173114852256276
0.0024270570704015546,0.0043324432299827595,-0.002032146520832005,-0.0013739947803989064,0.005724476404524874,0.0007171781364053477,-0.01746502432422452,-0.0010621821199107415,-0.007899652776350607,-0.03250832024813441,0.05721145992877705,-0.01068222795541321
0.002483878851038901,0.004337988156262479,-0.0022038625193921205,-0.0013851864639407583,0.0056398797229443845,0.0003918071195385085,-0.016878175387798577,-0.0011761545884596248,-0.009019683539747159,-0.032565883125233425,0.06015832735641205,-0.012112265754363444
0.002539798439415193,0.004340277946185549,-0.002369566846759091,-0.001397587303085414,0.005544037952313995,6.615086507558501e-05,-0.016262690085595496,-0.0013040132404715265,-0.01014867058633071,-0.03256536776735128,0.06293873308420447,-0.013459464648016922
0.002594702997836732,0.004339312639509782,-0.002528981604896609,-0.0014113319304581134,0.005436873731993844,-0.0002592122002291024,-0.015620261541908133,-0.001444912234068345,-0.011284173477699411,-0.0325072452935862,0.0655469756532682,-0.014720334071346791
0.002648479038446745,0.00433509803283428,-0.002681846099749197,-0.001426546352744865,0.00531833439000874,-0.0005837091348711541,-0.014952637428609486,-0.0015979722232819576,-0.01242369491932147,-0.03239214163482415,0.067977847006461,-0.015891663771375714
0.0027010126727981063,0.004327645617072982,-0.002827917361804839,-0.0014433476298286445,0.005188392480263536,-0.0009067740173885376,-0.014261614982518862,-0.0017622831934739685,-0.01356468702971927,-0.03222083486865254,0.07022664221166366,-0.016970530267026468
0.0027521898664794133,0.004316972499724697,-0.0029669706163806273,-0.0014618435825821058,0.005047046255997866,-0.0012278494522684306,-0.013549035932638837,-0.0019369073572182904,-0.01470455782341482,-0.031994252107326066,0.07228916776434122,-0.017954302481837908
0.0028018966981465617,0.004303101312250523,-0.003098799702801457,-0.0014821325298798723,0.004894320077431814,-0.0015463880425663108,-0.012816781351527095,-0.002120882102335014,-0.015840677889795506,-0.03171346595224997,0.07416174845800719,-0.018840646541506773
0.0028500196222924147,0.004286060102912904,-0.003223217441784838,-0.001504303055310013,0.0047302647517387855,-0.0018618538249574985,-0.01206676644514909,-0.0023132229836931384,-0.01697038724881026,-0.031379690525987575,0.07584123281759378,-0.019627529730118137
0.0028964457350694754,0.004265882215472731,-0.0033400559504885947,-0.0015284338039802323,0.004554957803673357,-0.002173723663077127,-0.011300935295602275,-0.0025129267503506943,-0.01809100236427532,-0.03099427709793809,0.07732499709176946,-0.02031322360139301
0.0029410630424647533,0.00424260615418157,-0.0034491669048221504,-0.0015545933097298693,0.004368503675382223,-0.002481488595155155,-0.010521255571108864,-0.002718974399576714,-0.019199823293951403,-0.030558709317667604,0.07861094780691288,-0.020896306243810975
0.002983760730112305,0.004216275435545252,-0.003550421748765897,-0.0015828398529742318,0.004171033854128118,-0.002784655132108394,-0.009729713217640488,-0.00293033424929578,-0.020294140956869565,-0.030074598072980158,0.07969752288676216,-0.02137566370000224
0.003024429434017273,0.004186938427372589,-0.0036437118505864364,-0.0016132213493232925,0.003962706926865471,-0.0030827465024242068,-0.008928307146467352,-0.0031459650205163617,-0.021371244495659726,-0.0295436759901824,0.08058369134786511,-0.021750490544114126
0.003062961511455711,0.00415464817565873,-0.003728948605977838,-0.0016457752690326106,0.0037437085608221323,-0.0033753038403475694,-0.008119043931812966,-0.003364818921347255,-0.022428428713008118,-0.028967791594490117,0.08126895158301198,-0.02202028962206451
0.0030992513113070937,0.004119462219886615,-0.0038060634883001526,-0.001680528587260697,0.003514251409454412,-0.0036618873140754652,-0.007303932532649974,-0.0035858447242700367,-0.023463001560535914,-0.028348903151089094,0.08175332824958667,-0.02218487096249186
0.0031331954430711944,0.004081442397361936,-0.0038750080462258505,-0.0017174977650241607,0.0032745749433657203,-0.003942077190860299,-0.0064849790524895996,-0.003807990828422694,-0.02447229165720246,-0.02768907220587777,0.08203736778248807,-0.02224434986803961
0.003164693043818018,0.0040406546372269755,-0.003935753849242283,-0.0017566887606600596,0.0030249452059989803,-0.004215474836131831,-0.005664181550796813,-0.004030208298757098,-0.02545365581614554,-0.026990456848428518,0.08212213255606934,-0.022199144198841142
0.0031936460423187003,0.003997168744826512,-0.0039882923815933264,-0.0017980970715241523,0.002765654494137494,-0.004481703643960899,-0.00484352491941196,-0.004251453874061433,-0.026404486556151706,-0.026255304717384992,0.08200919372090124,-0.022049970862025897
0.0032199594196067535,0.003951058177124661,-0.004032634885375729,-0.0018417078055743994,0.002497020963473159,-0.004740409896409312,-0.004024975837068488,-0.004470692935987997,-0.027322219576715302,-0.02548594577229782,0.08170062274779308,-0.02179784152328687
0.0032435414652227483,0.0039023998098949124,-0.004068812153634963,-0.0018874957824113138,0.002219388159725797,-0.004991263549540364,-0.0032104778147783817,-0.0046869024313948736,-0.028204341172757073,-0.024684784853912428,0.08119898171022824,-0.021444057558088342
0.003264304028401492,0.0038512736974267233,-0.0040968742744313886,-0.0019354256632707803,0.0019331244760229594,-0.005233958944097463,-0.002401946344506721,-0.004899073740498421,-0.02904839556781045,-0.023854294057507303,0.08050731234410388,-0.020990204262621076
0.0032821627634689573,0.003797762825510757,-0.004116890326969754,-0.0019854521093909724,0.0016386225374700736,-0.005468215439095771,-0.0016012641631663698,-0.005106215483540002,-0.029851992142766702,-0.02299700494215437,0.0796291239239664,-0.02043814434569516
0.003297037368726627,0.003741952858481207,-0.004128948031003399,-0.0020375199681031443,0.0013362985140638723,-0.005693777966814261,-0.0008102766435626229,-0.005307356258894387,-0.030612812538473567,-0.022115500601543686,0.07856837999678298,-0.0197900107251818
0.0033088518181135585,0.0036839318811075195,-0.004133153350838571,-0.002091564485926556,0.0010265913633224267,-0.005910417507923219,-3.078732347186041e-05,-0.005501547305787975,-0.031328617609815555,-0.02121240762024798,0.0773294840213695,-0.019048198653535825
0.003317534584951258,0.0036237901361392635,-0.004129630055373795,-0.0021475115478807633,0.0007099620042174832,-0.006117931485727985,0.000735446416427056,-0.005687865085053456,-0.031997254211173144,-0.020290387940705062,0.07591726395841378,-0.01821535719956044
0.003323018857093391,0.0035616197583168037,-0.0041185192357139685,-0.0022052779421641295,0.00038689242420913506,-0.006316144078763976,0.00148671751553833,-0.005865413771619796,-0.032616661790496486,-0.01935213066649319,0.07433695586384101,-0.01729438011370757
0.0033252427428213894,0.0034975145056668614,-0.004099978781998598,-0.002264771649285847,5.788472139052616e-05,-0.006504906451224477,0.002221373227535846,-0.0060333276527236804,-0.0331848787732253,-0.018400343825606874,0.07259418653566221,-0.01628839610706942
0.0033241494668480856,0.003431569488905955,-0.004074182821178068,-0.0023258921546801176,-0.00027653991605129793,-0.006684096900956812,0.0029378189365700286,-0.006190773426130464,-0.03370004871513952,-0.017437746120860326,0.07069495527117428,-0.015200758574287293
0.0033196875558145827,0.003363880899776094,-0.004041321117560854,-0.0023885307837756015,-0.0006158422906492726,-0.006853620925015386,0.003634521786872836,-0.00633695239296631,-0.0341604262044554,-0.016467058690854436,0.06864561478938716,-0.0140350347928819
0.003311811012690575,0.0032945457391359866,-0.004001598438037957,-0.0024525710584408747,-0.0009594663341522377,-0.007013411203006085,0.004310014117706564,-0.006471102540088324,-0.03456438249613763,-0.015490996907285365,0.06645285137735843,-0.012794994631520923
0.0033004794795151934,0.003223661545627423,-0.0039552338839684295,-0.002517889073677597,-0.0013068403009241073,-0.007163427498706628,0.004962896696198908,-0.006592500507256166,-0.03491041085823627,-0.014512262232823342,0.06412366432111041,-0.011484598802047524
0.0032856583879441194,0.003151326125730425,-0.00390246019178139,-0.0025843538933874592,-0.0016573780132906938,-0.007303656480692974,0.005591841741208959,-0.006700463434716249,-0.03519713161508103,-0.013533534164445776,0.061665344680899764,-0.010107986689969178
0.003267319097099092,0.0030776372860122424,-0.0038435230044154066,-0.0026518279639968557,-0.0020104801557147755,-0.00743411146294357,0.006195595731987767,-0.006794350687163043,-0.035423296869735284,-0.012557462285673476,0.059085453474861854,-0.00866946379938957
0.0032454390182479337,0.003002692568364381,-0.0037786801157753277,-0.002720167544684704,-0.0023655356145169055,-0.0075548320666286774,0.006772981996028014,-0.006873565450406601,-0.03558779489069069,-0.011586658451347959,0.05639179933318758,-0.007173488849322035
0.003220001725876779,0.0029265889890086006,-0.003708200690439504,-0.0027892231529239534,-0.0027219228597140438,-0.007665883804527417,0.00732290307113676,-0.006937556197443296,-0.03568965414873699,-0.010623689128399977,0.05359241568856157,-0.005624660558016997
0.0031909970547511855,0.0028494227820372547,-0.003632364460896758,-0.002858840024016192,-0.003079011365404651,-0.007767357589741767,0.007844342837412364,-0.006985818021004401,-0.035728046989384414,-0.009671067914470005,0.050695537566559284,-0.004027704154203865
0.0031584211825991604,0.0027712891482355602,-0.003551460904632391,-0.0029288585832713972,-0.003436163065000358,-0.007859369170597128,0.00833636841546109,-0.007017893830036664,-0.03570229292975697,-0.008731248256602459,0.04770957804318568,-0.0023874576522488755
0.00312227669808673,0.002692282009913403,-0.0034657884034158533,-0.0029991149294613354,-0.0037927338374856997,-0.007942058493834354,0.008798131827846436,-0.007033375407950963,-0.03561186156731138,-0.007806616390842763,0.044643104433883835,-0.0007088579306107345
0.0030825726537954254,0.002612493772452212,-0.0033756533871695162,-0.003069441328155412,-0.004148075020775257,-0.008015588998403808,0.009228871421420972,-0.007031904330864393,-0.03545637509060002,-0.006899484523048144,0.0415048142810234,0.0010030733479247378
0.0030393246039508316,0.00253201509324833,-0.0032813694648181277,-0.003139666713531972,-0.0045015349481435036,-0.008080146842372607,0.009627913048856736,-0.007013172744447568,-0.03523561038304939,-0.006012084270711843,0.038303511206129265,0.002743243935440204
0.002992554626692036,0.00245093465870824,-0.003183256544532119,-0.0032096171972460915,-0.004852460503615593,-0.008135940065645388,0.00999467100834504,-0.006976923998376349,-0.03494950071136844,-0.005146560383844118,0.03504808069153156,0.004506505278803613
0.002942291330713301,0.002369338969923113,-0.003081639945784925,-0.003279116582926856,-0.005200198692131418,-0.008183197691379986,0.010328648741093734,-0.006922953137776541,-0.03459813699179653,-0.004304964763075486,0.031747465858207174,0.006287666841157974
0.0028885698461514676,0.0022873121376204442,-0.0029768495056449414,-0.0033479868848729213,-0.005544098220235268,-0.008222168769153786,0.010629439286902966,-0.006851107251436525,-0.03418176862897355,-0.0034892507916844118,0.02841064330363899,0.008081510426845268
0.0028314317996353307,0.0022049356869592055,-0.0028692186817167063,-0.0034160488495148175,-0.0058835110829921,-0.008253121363093951,0.010896725498744065,-0.006761285676942718,-0.03370080392239277,-0.002701267996348705,0.025046599064580594,0.009882804471916112
0.002770925273456405,0.002122288372702041,-0.0027590836541334725,-0.0034831224782159186,-0.006217794152793025,-0.008276341488338947,0.011130280017902694,-0.006653440063277506,-0.03315581003779217,-0.0019427570526504845,0.021664304767145343,0.011686318261126233
0.002707104748863989,0.0020394460052636427,-0.002646782428984583,-0.0035490275499912662,-0.006546310765690171,-0.008292131999340724,0.011329965011875213,-0.006527574291792014,-0.03254751254163684,-0.0012153451477047994,0.01827269402735862,0.013486836035972088
0.002640031033531107,0.0019564812880987353,-0.0025326539455360884,-0.003613584142734396,-0.006868432300886289,-0.00830081143364075,0.011495731677823702,-0.006383744256833919,-0.0318767944975868,-0.000520541712300232,0.014880639162338977,0.01527917095564682
0.0025697711732816466,0.0018734636668561535,-0.0024170371895719926,-0.0036766131515569567,-0.0071835397490057585,-0.008302712814875608,0.011627619514995462,-0.006222057507678236,-0.03114469512630707,0.00014026546532844297,0.011496928272013068,0.017058178875489743
0.002496398348212689,0.0017904591906874128,-0.0023002703151464997,-0.0037379368028641487,-0.007491025264785749,-0.00829818241887254,0.011725755370103112,-0.006042672753760175,-0.030352408029691032,0.0007658137352852534,0.008130242749517042,0.01881877190812256
0.0024199917533894904,0.001707530386059115,-0.002182689776994821,-0.0037973791628107445,-0.007790293699853996,-0.008287578506787002,0.011790352260232596,-0.005845799235558984,-0.029501278983958427,0.001354968681822416,0.004789135276379891,0.020555931732115534
0.002340636464333737,0.0016247361433785906,-0.002064629475801652,-0.0038547666388076413,-0.00808076411129669,-0.008271270029317901,0.011821707978401213,-0.005631695963820363,-0.028592803304580312,0.0019067268119976333,0.001482008357343606,0.022264722615608773
0.0022584232875684064,0.0015421316167014804,-0.001946419918472521,-0.0039099284727773945,-0.008361871241769406,-0.008249635306104126,0.011820203487425022,-0.005400670830130288,-0.02762862278996319,0.0024202178307573263,-0.001782906552581981,0.023940304122406192
0.002173448596524698,0.0014597681367486542,-0.0018283873954940495,-0.00396269722488891,-0.008633066966972316,-0.008223060684461112,0.01178630110826926,-0.005153079592172778,-0.026610522250618947,0.002894706497845484,-0.004997569278570285,0.025577943469095726
0.002085814153157929,0.0013776931374180391,-0.0017108531774049389,-0.004012909246536334,-0.008893821706381427,-0.008191939181661913,0.01172054250955287,-0.004889324737312084,-0.025540425631203116,0.0033295940619942066,-0.008154150464707716,0.02717302750304304
0.001995626915659935,0.001295950095934748,-0.0015941327323304255,-0.004060405141365035,-0.009143625793217407,-0.008156669114996327,0.011623546505349795,-0.004609854228428026,-0.024420391735993037,0.003724419271123186,-0.011245050375907478,0.028721074273768715
0.0019029988326951719,0.0012145784867404741,-0.0014785349664592868,-0.004105030213188258,-0.00938199079973521,-0.008117652723858435,0.011496006668877944,-0.004315160136216596,-0.02325260956756741,0.004078858956455128,-0.014262916918462626,0.030217744168517163
0.0018080466246263626,0.0011336137491805814,-0.001364361489264427,-0.004146634899681529,-0.009608450814026646,-0.008075294788120106,0.011338688770094009,-0.004005777162437575,-0.022039393290719862,0.0043927281912105876,-0.017200662838324415,0.03165885058728704
0.0017108915522329772,0.0010530872690047884,-0.0012519059051859056,-0.00418507519078792,-0.009822563664650428,-0.008030001247038504,0.01115242804561028,-0.0036822810588407096,-0.02078317683403657,0.004665980025109678,-0.02005148205842136,0.03304037013208602
0.0016116591734620309,0.0009730263736549694,-0.001141453133409238,-0.00422021303081582,-0.010023912089538843,-0.007982177822925292,0.010938126309723233,-0.003345286946739262,-0.019486508143646337,0.004898704797532599,-0.022808865118988247,0.03435845228820347
0.0015104790887854626,0.0008934543412714822,-0.0010332787572821683,-0.004251916703261649,-0.010212104845774807,-0.007932228653772137,0.010696748915690717,-0.002995447542426571,-0.018152043103546726,0.005091129033098635,-0.025466613687514933,0.03560942857433466
0.001407484675771661,0.0008143904233077124,-0.0009276484048201503,-0.00428006119744296,-0.010386777756985528,-0.007880554938981838,0.010429321576712886,-0.0026334512938356756,-0.016782539138597348,0.005243613924961171,-0.028018854108051133,0.036789821143844464
0.0013028128135104122,0.000735849880601324,-0.0008248171616547724,-0.004304528556082299,-0.010547594695264211,-0.00782755360229584,0.010136927056362684,-0.0022600204340321142,-0.015380848517139216,0.005356653412238482,-0.03046004996198906,0.03789635081686779
0.001196603597560573,0.000657844032710147,-0.0007250290176805898,-0.00432520820303901,-0.01069424849470365,-0.007773615975939559,0.009820701738473832,-0.0018759089573099727,-0.013949911370748365,0.005430871859017444,-0.03278501361578132,0.03892594452756051
0.0010890000461180147,0.0005803803202808216,-0.0006285163485545898,-0.004341997250444633,-0.010826461793808001,-0.007719126509925505,0.009481832086726177,-0.0014819005238147058,-0.012492748450121875,0.005467021343793316,-0.034988916733749736,0.039875742171492895
0.0009801477981277761,0.0005034623801793914,-0.0005354994330991008,-0.004354800784557483,-0.010943987804239717,-0.007664461510360537,0.009121551004371621,-0.0010788062987552747,-0.011012453636221449,0.005465978569200364,-0.03706729973716158,0.040743102840393314
0.0008701948040888018,0.0004270901330750888,-0.0004461860075536578,-0.004363532129713254,-0.011046611003555156,-0.007609987910499987,0.008741134104716978,-0.0006674627323988895,-0.009512186226866386,0.005428741402909526,-0.03901608019376704,0.041525610430883736
0.0007592910103220842,0.0003512598831317056,-0.0003607708575144585,-0.004368113089810957,-0.011134147749788364,-0.0075560620781766515,0.008341895903122884,-0.0002487292871417675,-0.00799516301977516,0.00535642506175768,-0.04083156012505182,0.04222107862054067
0.0006475880374933708,0.00027596442942528636,-0.00027943544829189067,-0.004368474166836854,-0.011206446815954316,-0.007503028663107195,0.007925185941390677,0.00017651388196239092,-0.006464650213415406,0.005250257952133658,-0.04251043222138953,0.04282755520029101
0.0005352388541997985,0.00020119318867253377,-0.0002023475943074771,-0.004364554755993246,-0.011263389842760133,-0.007451219487443322,0.007492384855492034,0.0006073682867592218,-0.004923955147747745,0.005111577180640897,-0.04404978495833886,0.043343325759075166
0.000422397446445819,0.00012693232882136243,-0.00012966116804177612,-0.004356303317063806,-0.011304891708035775,-0.007400952482790947,0.0070449003976481624,0.0010429194991286956,-0.003376417907380573,0.004941823749834234,-0.04544710661043552,0.04376691671481962
0.00030921848384752443,5.3164913023573596e-05,-6.151584893459565e-05,-0.004343677521712375,-0.011330900811623131,-0.007352530676766821,0.006584163423787933,0.0014822395711575108,-0.0018254028100907552,0.004742537454990953,-0.0467002881616104,0.0440970976909434
0.00019585698341593652,-2.012894652025991e-05,1.963087471379374e-06,-0.004326644376477655,-0.011341399274694451,-0.007306241231999881,0.00611162385740707,0.0019243894757866053,-0.0002742898041732597,0.00451535149839713,-0.047807625114562186,0.044332883234875484
8.246797177893458e-05,-9.297192538183366e-05,6.066493996248056e-05,-0.004305180321291856,-0.011336403052705935,-0.00726235454031487,0.005628746640813165,0.0023684215613730595,0.0012735342018764181,0.004261986838605097,-0.04876781820421869,0.044473533882415386
-3.07938532917449e-05,-0.0001653893149566987,0.0001144937115899231,-0.00427927130341687,-0.011315961961429961,-0.007221123374658142,0.005137007684675343,0.0028133820136242186,0.0028146840533182574,0.00398424629274044,-0.04957997302334563,0.044518556567816434
-0.00014377446117764192,-0.00023740884233569605,0.0001633681991468124,-0.00424891282675678,-0.01128015961574944,-0.007182782101141327,0.004637889826702518,0.0032583133183938144,0.004345785082785762,0.0036840084106226356,-0.05024359857121938,0.044467704386102716
-0.0002563208256620822,-0.00030906048260834207,0.0002072220423310804,-0.004214109976570394,-0.011229113281138616,-0.007147545953387876,0.0041328788101510795,0.0037022567188834147,0.005863481839379188,0.0033632211400674017,-0.050758604739068375,0.044320975711817354
-0.0003682812602577577,-0.00038037626423113847,0.0002460037328453966,-0.004174877419671686,-0.011162973637996485,-0.007115610371171403,0.0036234592927121678,0.004144254660858157,0.0073644467890470675,0.003023895303227303,-0.05112529874871394,0.04407861268313108
-0.00047950575074394414,-0.0004513900681126611,0.0002796765837897125,-0.004131239380269533,-0.011081924459240802,-0.007087150405133122,0.003111110896151008,0.0045833532195724246,0.008845388962089591,0.002668097904428929,-0.051344380563518005,0.04374109905972233
-0.000589846284049206,-0.0005221374210841262,0.0003082186598048022,-0.004083229591660669,-0.010986182201811573,-0.0070623201891599,0.0025973043068669263,0.00501860450220035,0.01030306252375595,0.002297945290215403,-0.0514169372932983,0.04330915746586274
-0.000699157172623125,-0.0005926552844389006,0.00033162266852570393,-0.004030891224051264,-0.010875995512972234,-0.007041252481794974,0.0020834974373134226,0.005449069019680741,0.011734275244112032,0.0019155961827697354,-0.05134443661740243,0.042783746030215494
-0.0008072953734506585,-0.0006629818382370773,0.0003498958140020884,-0.003974276788842763,-0.010751644652534455,-0.007024058277840368,0.001571131657963474,0.005873818022019315,0.013135896843443677,0.001523244608151647,-0.0511287192525873,0.042166054437499226
-0.0009141208008751646,-0.0007331562620817516,0.00036305961283804577,-0.003913448019776491,-0.010613440832366766,-0.0070108264910944944,0.0010616281092279962,0.00629193579123513,0.01450486719009398,0.0011231127410229746,-0.05077199049450823,0.041457499405663886
-0.0010194966324108912,-0.0008032185130819813,0.0003711496738963604,-0.003848475731388826,-0.010461725474778548,-0.007001623708951443,0.0005563841024349316,0.0067025218862979226,0.015838204327549614,0.000717443687587388,-0.05027681086410471,0.04065971960689464
-0.0011232896067427734,-0.0008732091017235869,0.0003742154425018066,-0.0037794396552844516,-0.010296869391597897,-0.006996494019369685,5.676961865430316e-05,0.007104693334576934,0.017133012308580615,0.000308494228764139,-0.049646085892020964,0.039774570048907706
-0.0012253703131306815,-0.0009431688663729283,0.0003723199101641381,-0.0037064282547890383,-0.01011927188598372,-0.0069954589104986,-0.0004358760861880008,0.007497586764505726,0.018386488814254913,-0.00010147245454697473,-0.048883055076439835,0.03880411593685053
-0.0013256134714567478,-0.001013138747140585,0.0003655392909240625,-0.0036295385185946567,-0.009929359779229542,-0.006998517243032749,-0.0009202477618271135,0.007880360474370598,0.019595932536580603,-0.0005101940522828918,-0.04799128005138267,0.03775062603612388
-0.0014238982021780294,-0.0010831595598314735,0.00035396266550439425,-0.0035488757340611217,-0.009727586365026773,-0.007005645295144929,-0.0013950773221065404,0.008252196432336389,0.0207587503039735,-0.0009154163701530493,-0.04697463200450272,0.03661656555703442
-0.0015201082854724623,-0.001153271770705357,0.0003376915945235923,-0.0034645532408842114,-0.009514430293859824,-0.007016796879631761,-0.0018591368740538516,0.008612302203045671,0.021872463929416282,-0.001314900527213475,-0.04583727838495952,0.03540458858482208
-0.0016141324088937696,-0.0012235152727669723,0.00031683970209984383,-0.003376692165887182,-0.009290394390401637,-0.007031903532691312,-0.0023112416106958406,0.008959912796360183,0.022934716762221412,-0.0017064300846967584,-0.044583668943438265,0.034117530078080174
-0.0017058644028806126,-0.0012939291642981247,0.0002915322312406008,-0.0032854211397351043,-0.00905600440696696,-0.007050874773539161,-0.00275025256115277,0.009294292434055391,0.023943279924714074,-0.0020878180848731,-0.043218521147947636,0.032758397460961416
-0.001795203463496758,-0.0013645515303351223,0.00026190557247487116,-0.003190875996412195,-0.008811807716262136,-0.007073598433860357,-0.0031750791919931535,0.009614736230526456,0.024896058216250565,-0.00245691397936601,-0.04174680502012909,0.031330361833251344
-0.0018820543618122767,-0.0014354192277838702,0.00022810676724348473,-0.0030931994563404416,-0.00855837194684159,-0.007099941055889227,-0.0035846818542841323,0.00992057178382424,0.025791095667858817,-0.0028116104264079567,-0.04017372743806666,0.02983674882630548
-0.001966327639370699,-0.0015065676748518544,0.00019029298761587884,-0.0029925407940532794,-0.008296283564842884,-0.007129748357707623,-0.003978074071237046,0.010211160673608197,0.026626580731882447,-0.0031498499372713262,-0.03850471595251606,0.02828102913048615
-0.0020479397892235393,-0.0015780306454611793,0.00014863099395058456,-0.0028890554913708847,-0.008026146405725156,-0.007162845764157359,-0.004354324661821809,0.010485899862870749,0.027400851091662966,-0.0034696313526758338,-0.03674540216443664,0.02666680872202419
-0.0021268134220515573,-0.0016498400692898207,0.00010329657216044701,-0.0027829048770536776,-0.007748580159878442,-0.007199039001570919,-0.004712559696205701,0.010744223000570666,0.028112398077679894,-0.0037690161300361347,-0.03490160471234163,0.024997818817959053
-0.002202877416931465,-0.0017220258380693785,5.4473952282615615e-05,-0.0026742557539378544,-0.007464218816103065,-0.007238114754340645,-0.005051964279360579,0.010985601622593984,0.028759870677395445,-0.004046134423909081,-0.0329793119186341,0.023277905586704603
-0.0022760670563473674,-0.0017946156187469242,2.355210087429951e-06,-0.0025632800145811326,-0.007173709067077452,-0.007279841381168492,-0.005371784159676553,0.011209546248750382,0.029342079127727287,-0.004299190941660341,-0.03098466414456083,0.02151101964457504
-0.00234632414508797,-0.0018676346740961098,-5.286034651054238e-05,-0.0024501542464683613,-0.0068777086810431,-0.0073239696886686365,-0.005671327159917911,0.011415607373803868,0.029857998079143085,-0.004526470558368495,-0.028923935903710757,0.01970120536612195
-0.0024135971127133495,-0.00194110569133861,-0.00011096680445191873,-0.002335059327845191,-0.006576884844032758,-0.007370233759831414,-0.005949964428357361,0.011603376350830176,0.030306769322925357,-0.0047263436741871445,-0.026803517784179248,0.01785259003913965
-0.0024778410993187765,-0.0020150486193112735,-0.00017175228413583599,-0.0022181800152635913,-0.006271912477052639,-0.007418351834701257,-0.006207131508426089,0.011772486165489779,0.03068770407309835,-0.0048972712997814305,-0.024629898229566266,0.015969372892780873
-0.0025390180243675575,-0.0020894805146871604,-0.00023499958780655842,-0.0020997045239356284,-0.005963472532703579,-0.007468027240476133,-0.006442329225718397,0.01192261210010281,0.03100028479671351,-0.005037809855193781,-0.022409645228895353,0.0140558140298256
-0.002597096638410007,-0.002164415397730029,-0.0003004868558935972,-0.001979824102001567,-0.005652250275786283,-0.007518949368097558,-0.0066551243916893555,0.012053472286709433,0.031244166586745732,-0.005146615669091109,-0.020149387965296278,0.01211622329149896
-0.002652052557551354,-0.0022398641180318693,-0.00036798822947144713,-0.00185873259982505,-0.005338933552483117,-0.007570794692270522,-0.006845150323880634,0.01216482814859401,0.031419178073887326,-0.005222449165501547,-0.01785579847295929,0.010154949085416379
-0.0027038682805775012,-0.0023158342306518957,-0.000437274517005862,-0.0017366260354318246,-0.005024211052746363,-0.007623227831734767,-0.0070121071830023364,0.012256484730051068,0.03152532187346364,-0.005264178727347496,-0.01553557335138131,0.008176367205995225
-0.002752533188693951,-0.0023923298830430674,-0.0005081138635593021,-0.0016137021572092654,-0.004708770570543553,-0.007675902646499568,-0.007155762127685692,0.012328290914460768,0.03156277456709838,-0.005270784225612807,-0.013195415585289832,0.006184869675944685
-0.0027980435278797703,-0.0024693517131188334,-0.0005802724206387399,-0.0014901600049817935,-0.004393297266620353,-0.007728463368653626,-0.007275949288201873,0.012380139531033604,0.0315318862175415,-0.005241360205198803,-0.010842016517946335,0.004184853638622518
-0.002840402373905067,-0.0025468967587784714,-0.0006535150148843217,-0.0013661994705722685,-0.004078471938439016,-0.007780545763273976,-0.007372569560914473,0.012411967350871415,0.03143317941872597,-0.005175118718871136,-0.008482038024573618,0.002180710328939642
-0.00287961958010693,-0.0026249583791742425,-0.000727605813817377,-0.001242020858951541,-0.003764969301933521,-0.007831778315880254,-0.00744559022569659,0.012423754973274092,0.031267347882373016,-0.005071391802384334,-0.00612209493184987,0.0001768141515957472
-0.002915711708065061,-0.002703526187967697,-0.0008023089868908398,-0.0011178244510676692,-0.003453456289692724,-0.007881783442810627,-0.0074950443889959814,0.01241552660350024,0.031035254565786423,-0.004929633583690168,-0.003768737728028465,-0.0018224881063658577
-0.0029487019413642363,-0.0027825859987859547,-0.0008773893601141875,-0.0009938100694328658,-0.00314459037014232,-0.00793017872084094,-0.007521030255673553,0.012387349723460438,0.030737929344294375,-0.004749422022372468,-0.0014284356074858173,-0.0038128879015947442
-0.002978619982676151,-0.0028621197830517786,-0.0009526130625584006,-0.0008701766475301226,-0.00283901789224062,-0.007976578132323829,-0.007523710233169059,0.012339334657088214,0.030376566236045614,-0.004530460274205367,0.0008924401083847122,-0.005790125372850161
-0.0030055019344380294,-0.0029421056403238356,-0.0010277481630840619,-0.0007471218040827142,-0.002537372460135055,-0.008020593322087577,-0.007503309871963202,0.01227163403239347,0.029952520185067395,-0.004272577678544359,0.0031876321327866386,-0.007749999566098689
-0.0030293901634494526,-0.0030225177812458364,-0.001102565295677409,-0.0006248414232084815,-0.002240273342149591,-0.008061834862312586,-0.007460116646706225,0.01218444214245306,0.029467303412025463,-0.003975730366457625,0.005451012918608694,-0.00968837842198332
-0.0030503331497520937,-0.003103326523165361,-0.00117683827182478,-0.0005035292414570337,-0.0019483239183786184,-0.0080999135215923,-0.007394478582767987,0.012077994207836505,0.028922581342169025,-0.0036400014894852617,0.00767659986903893,-0.011601208501327856
-0.003068385320199289,-0.0031844982984452325,-0.0012503446784052907,-0.0003833764427018561,-0.0016621101710604133,-0.008134441534382031,-0.007306802733334148,0.011952565543199019,0.028320168121472027,-0.0032656010684606607,0.009858570017728913,-0.013484524426169306
-0.003083606867163534,-0.0032659956754523974,-0.00132286645963458,-0.0002645712618308681,-0.001382199221788651,-0.008165033867050945,-0.007197553512523702,0.01180847063099858,0.02766202173288041,-0.002852865465322346,0.011991274144360214,-0.015334458013918431
-0.0030960635528699426,-0.003347777392171522,-0.0013941904816488833,-0.00014729859814832942,-0.0011091379194930328,-0.008191309476773965,-0.007067250890336969,0.011646062105509152,0.02695023872624324,-0.0024022564792814116,0.014069250292986418,-0.017147247083967185
-0.003105826499882324,-0.0034297984023530445,-0.0014641090783783623,-3.173963936825251e-05,-0.0008434514829832153,-0.008212892559530546,-0.006916468455558822,0.011465729650506231,0.026187048575720247,-0.0019143600720350207,0.01608723666264303,-0.018919243916616937
-0.0031129719683057533,-0.00351200993406831,-0.0015324205774213393,8.192850295525503e-05,-0.0005856422017026753,-0.008229413783522568,-0.0067458313530365825,0.011267898814195274,0.02537480768038774,-0.0013898847263691672,0.01804018384180492,-0.020646923345574483
-0.00311758112030517,-0.003594359560507802,-0.001598929804696657,0.0001935331457519115,-0.00033618819818063706,-0.008240511504375849,-0.006556014102026953,0.01105302974513602,0.024515993024019918,-0.0008296594442871175,0.01992326636012101,-0.022326890466276242
-0.0031197397725735918,-0.0036767912828224517,-0.0016634485667196078,0.00030290637374302636,-9.554225550374978e-05,-0.008245832958554048,-0.006347738302563202,0.010821615853086946,0.023613195511357536,-0.00023463139135285194,0.021731893532629137,-0.023955887943538298
-0.0031195381374158654,-0.0037592456247726577,-0.0017257961094175526,0.000409885365002728,0.00013586928704901937,-0.00824503543148716,-0.006121770237025775,0.01057418239885338,0.022669112999196293,0.00039413680473068813,0.02346171957485635,-0.02553080290317479
-0.003117070553144374,-0.0038416597389151082,-0.0017857995524742396,0.0005143127020838451,0.00035764756724925104,-0.008237787397002946,-0.005878918374311609,0.010311285017370046,0.02168654304085004,0.0010554700921119042,0.025108652967976902,-0.027048673393491915
-0.0031124352045117563,-0.003923967524023837,-0.0018432942982667478,0.0006160366680626098,0.0005694221592743082,-0.008223769624742791,-0.005620030784190032,0.010033508178382897,0.02066837536416139,0.0017480843599191609,0.026668865056338503,-0.02850669440393795
-0.0031057338339323297,-0.0040060997534092655,-0.0018981244145356976,0.0007149115269006137,0.0007708519566109989,-0.008202676252342922,-0.005345992469599935,0.009741463589217873,0.01961758410317673,0.0024705901200547664,0.028138797861680914,-0.029902223429066774
-0.0030970714442685207,-0.0040879842137673825,-0.0019501429900076388,0.0008107977875678656,0.000961625976150806,-0.008174215819280484,-0.0050577226247883,0.009435788544232505,0.01853721980478471,0.0032214964924328904,0.02951517110064608,-0.031232785568006696
-0.003086555993981081,-0.004169545854160785,-0.0019992124622681576,0.0009035624514172381,0.0011414640813371376,-0.008138112259399982,-0.004756171827315455,0.009117144225642007,0.017430401232481595,0.003999215483667634,0.03079498839392289,-0.0324960781500928
-0.0030742980854621808,-0.00425070694470411,-0.002045204917264987,0.000993079242347924,0.0013101176224429017,-0.008094105849265053,-0.0044423191720504695,0.008786213960495183,0.016300306988671222,0.00480206654331819,0.031975542659074235,-0.03368997487927218
-0.003060410647388554,-0.004331387244498536,-0.002088002359902042,0.00107922881934362,0.0014673699922824195,-0.008041954109620128,-0.0041171693553605,0.008443701438644018,0.015150166979232348,0.005628281385666928,0.03305442067891959,-0.03481252949096057
-0.0030450086119476662,-0.004411504178333576,-0.0021274969552676102,0.0011618989710198747,0.0016130370958951671,-0.007981432657387957,-0.003781749717753141,0.00809032889660691,0.013983253743317194,0.006476009060767424,0.034029506842552265,-0.03586197891646127
-0.003028208587803341,-0.00449097302164942,-0.0021635912401226755,0.001240984791864251,0.0017469677329699138,-0.007912336005780733,-0.0034371072532599165,0.007726835272268329,0.012802873671632152,0.0073433212606772436,0.034898986056092623,-0.03683674595125473
-0.0030101285296784083,-0.0045697070932296255,-0.002196198304358291,0.0013163888399025298,0.001869043892016599,-0.007834478310260417,-0.0030843055938631946,0.007353974335387455,0.011612358137704872,0.008228217843385927,0.03566134582325178,-0.03773544142492015
-0.0029908874054406557,-0.004647617955072171,-0.002225241942213881,0.0013880212755739835,0.001979180955533921,-0.007747694058248728,-0.0027244219772547705,0.00697251279890327,0.01041505456575955,0.009128632558951882,0.03631537749843303,-0.03855686587191674
-0.002970604861584672,-0.0047246156188666885,-0.0022506567731310507,0.0014557999816486348,0.0020773278156628037,-0.0076518387006547246,-0.002358544206179186,0.006583228416026997,0.009214317460016976,0.010042438959848826,0.03686017671668387,-0.03930001070333801
-0.0029494008880060598,-0.004800608758487273,-0.002272388332199746,0.0015196506640692811,0.002163466900059653,-0.007546789223462091,-0.001987767607559916,0.006186908068102265,0.00801349941935283,0.01096745647867789,0.037295143007170045,-0.039964058881608464
-0.002927395482965931,-0.004875504927893575,-0.002290393130235189,0.0015795069336507438,0.002237614107966126,-0.007432444657798309,-0.0016131919995286239,0.005784345848190272,0.006815942161941792,0.011901456654078518,0.037619978599088416,-0.04054838510079008
-0.002904708319142608,-0.004949210783818009,-0.0023046386836047253,0.001635310368618198,0.0022998186566984607,-0.0073087265270885046,-0.0012359186743786483,0.005376341145300588,0.005624967584525152,0.012842169487882388,0.03783468643090668,-0.04105255547714669
-0.002881458411664005,-0.0050216323126038775,-0.0023151035140033414,0.0016870105580153987,0.0023501628390221467,-0.007175579230085265,-0.0008570474053445814,0.004963696734139537,0.0044438688802120666,0.013787289912765593,0.03793956737590673,-0.041476326755063644
-0.0028577637890083046,-0.005092675060548054,-0.0023217771184549253,0.0017345651260620373,0.0023887616921179178,-0.007032970358750043,-0.00047767348497218797,0.004547216875188181,0.0032759017389421205,0.014734484354278682,0.037935216698571944,-0.041819645035207395
-0.002833741167652276,-0.005162244367092595,-0.002324659909893195,0.0017779397375872156,0.00241576257908779,-0.006880890950158125,-9.888480268172798e-05,0.004127705429847469,0.0021242756550323497,0.015681397364105037,0.03782251975952006,-0.04208264403293506
-0.002809505631335906,-0.005230245600202333,-0.002323763128751362,0.0018171080847129743,0.0024313446841861784,-0.0067193556717894615,0.0002782410310483022,0.003705963995304272,0.0009921453646453346,0.01662565830962756,0.03760264698648598,-0.04226564287570432
-0.002785170315799007,-0.005296584393260072,-0.0023191087260628993,0.0018520518550078754,0.0024357184231936255,-0.006548402939758388,0.0006526395066442257,0.003282790063675961,-0.00011739756315589517,0.0175648880965871,0.03727704813269872,-0.042369143449957916
-0.0027608460998301302,-0.005361166882807536,-0.0023107292186470294,0.001882760681375672,0.0024291247705817633,-0.006368094969734383,0.0010232619765297617,0.0028589752098833643,-0.0012013329592165181,0.018496705908213923,0.036847445844408466,-0.042393827308561435
-0.0027366413034505023,-0.005423899946458707,-0.002298667517021578,0.0019092320739880141,0.0024118345053438235,-0.006178517760499786,0.0013890783485605565,0.002435303312585051,-0.002256720088371432,0.019418735938705495,0.036315828561750474,-0.04234055215110123
-0.002712661394035868,-0.005484691440312615,-0.002282976726752491,0.001931471334612826,0.0023841473775830244,-0.005979781010281899,0.0017490797052567989,0.002012548812377339,-0.003280705463788426,0.02032861410487194,0.03568444277749799,-0.04221034789044119
-0.0026890087011571186,-0.005543450435194972,-0.0022637199240134456,0.0019494914537313474,0.0023463911981668707,-0.005772017966189492,0.0021022808425522855,0.0015914750113269322,-0.004270530419442274,0.02122399471360928,0.03495578468159938,-0.04200441231964015
-0.002665782140896474,-0.005600087451062318,-0.002240969906190412,0.001963312990876761,0.002298920853962054,-0.005555385207279636,0.0024477227220544373,0.0011728324177557581,-0.0052235384215209915,0.022102557068361922,0.034132591218831,-0.04172410639459466
-0.0026430769503698382,-0.005654514688908533,-0.0022148089184246575,0.0019729639386657496,0.002242117251365093,-0.005330062361963378,0.002784474831096464,0.0007573571400419862,-0.006137182097871306,0.022962011994889703,0.03321783058957434,-0.04137094914815971
-0.0026209844331578276,-0.0057066462595216005,-0.0021853283570433513,0.0019784795710311477,0.00217638619103704,-0.005096251760650144,0.003111637445164768,0.00034576933303763377,-0.007009029967739201,0.023800108267756998,0.032214692224086405,-0.040946612252710776
-0.00259959171631797,-0.005756398408448398,-0.0021526284508795396,0.001979902276198981,0.0021021571769345043,-0.004854178024709303,0.0034283437875975735,-6.122829947094e-05,-0.00783677285276798,0.024614638920411186,0.03112657626247467,-0.04045291424900398
-0.002578981519618762,-0.005803689736537,-0.0021168179215326787,0.0019772813749865713,0.002019882162907103,-0.004604087593011086,0.0037337620817746034,-0.00046295194301103457,-0.00861822995271231,0.025403447419232145,0.029957082572931337,-0.039891814459014935
-0.0025592319376027423,-0.005848441415439463,-0.0020780136236670643,0.0019706729250299347,0.0019300342402967924,-0.004346248187481491,0.0040270974913482905,-0.0008587380483162815,-0.009351354569349789,0.02616443368668689,0.028709999341806125,-0.03926540660203445
-0.0025404162350505985,-0.005890577397473233,-0.00203634016648827,0.0019601395115783696,0.001833106270131964,-0.004080948219272652,0.004307593944410564,-0.0012479446419967493,-0.010034239463615903,0.026895559955080833,0.02738929127064854,-0.038575912134059115
-0.0025226026563816466,-0.00593002461925621,-0.001991929517577026,0.0019457500255218205,0.001729609463658423,-0.003808496137322778,0.004574535837838261,-0.0016299525693130562,-0.010665121831092271,0.02759485643489404,0.02599908741489082,-0.03782567332920225
-0.002505854249487929,-0.005966713198548988,-0.0019449205902957603,0.0019275794293423317,0.0016200719150850824,-0.0035292197212327837,0.004827249618414844,-0.0020041666665847205,-0.011242387883575879,0.02826042678310478,0.024543668700425847,-0.03701714612513066
-0.002490228704459763,-0.0060005766237578575,-0.0018954588160152433,0.0019057085117045428,0.0015050370905481732,-0.0032434653205410725,0.005065105237688572,-0.0023700168609730584,-0.011764577023805976,0.02889045335523746,0.023027455154319754,-0.03615289275253694
-0.0024757782076199443,-0.006031551935573699,-0.0018436957024373349,0.0018802236314217435,0.001385062277415521,-0.0029515970426271876,0.005287517477893107,-0.002726959195586787,-0.012230385602724471,0.0294832022275395,0.0214549928865872,-0.035235574170208755
-0.0024625493112420973,-0.006059579900244896,-0.0017897883793147424,0.0018512164515534326,0.001260716998153891,-0.002653995891612213,0.00549394714662538,-0.0030744767780754036,-0.012638670249601545,0.030037027975455405,0.01983094085986742,-0.034267942327514594
-0.00245058281928595,-0.006084605174006732,-0.001733899132889875,0.0018187836644076004,0.0011325813930755557,-0.002351058860754951,0.0056839021383481075,-0.003412080651091043,-0.012988450766065508,0.030550378195997013,0.018160057484678027,-0.03325283227561329
-0.0024399136894387658,-0.006106576458215365,-0.0016761949303923398,0.0017830267082360454,0.001001244576361297,-0.002043197980971681,0.005856938361158941,-0.0037393105832199537,-0.013278912576786227,0.03102179776065697,0.016447187077488767,-0.03219315415016885
-0.002430570951707833,-0.0061254466447613325,-0.0016168469359483452,0.0017440514764239165,0.0008673029698252277,-0.0017308393282218656,0.00601266052763997,-0.004055735779205818,-0.013509408730427643,0.03144993278930616,0.014697246218717097,-0.031091885047004025
-0.0024225776437639913,-0.006141172951365494,-0.0015560300192652638,0.0017019680199853548,0.000731358618943141,-0.0014144219926103525,0.0061507228089763165,-0.0043609555085065204,-0.013679461445989714,0.03183353433299643,0.012915210048552173,-0.029952060813136366
-0.0024159507631907337,-0.00615371704638933,-0.0014939222584608553,0.001656890244185571,0.0005940174957083727,-0.0010943970121569746,0.006270829351905373,-0.004654599651450265,-0.013788763200963929,0.032171461757679126,0.011106098537259246,-0.028776767775612472
-0.0024107012367476314,-0.006163045162821492,-0.0014307044384091994,0.0016089356001159276,0.00045588779291209875,-0.0007712262742754139,0.006372734658425802,-0.004936329162478401,-0.013837177358290868,0.032462685818633014,0.009274962766826544,-0.027569134430014713
-0.0024068339067107526,-0.006169128201133302,-0.0013665595459742587,0.0015582247720526286,0.00031757821446365094,-0.0004453813880865723,0.0064562438285623485,-0.005205836450181389,-0.013824738331398696,0.03270629141913531,0.007426871260482748,-0.026332323110582895
-0.0024043475343065767,-0.006171941820727553,-0.0013016722634972234,0.0015048813614314486,0.00017969626637154252,-0.00011734253076359832,0.006521212666844706,-0.005462845674054617,-0.013751651287022985,0.03290148004545948,0.005566896395988785,-0.025069521664062705
-0.0024032348202097237,-0.006171466519737228,-0.0012362284618954306,0.0014490315682705822,4.284655299905581e-05,0.00021240272882866364,0.006567547653513863,-0.005707112958118656,-0.013618291387474356,0.03304757187299291,0.00370010093784251,-0.023783935148745133
-0.002403482442028775,-0.0061676877029636385,-0.0011704146947187613,0.0013908038708711772,-9.237091680929687e-05,0.0005433606258891674,0.00659520578181999,-0.005938426521762351,-0.01342520257419618,0.033144007539107845,0.001831524723382938,-0.02247877757999403
-0.002405071108658652,-0.0061605957377768574,-0.0011044176944940663,0.0013303287046204722,-0.00022536240916610665,0.0008750324114670449,0.0066041942631190065,-0.006156606728378646,-0.013173095897165775,0.03319034957646766,-3.382846357952163e-05,-0.021157263743264793
-0.002407975631332608,-0.006150185997835093,-0.0010384238726694273,0.0012677381407157227,-0.000355542125625084,0.0012069155768858345,0.006594570101808798,-0.006361506052571244,-0.012862847394629694,0.03318628350729025,-0.001891003798462243,-0.01982260109525477
-0.0024121650111619732,-0.006136458894513723,-0.0009726188244480146,0.001203165565618296,-0.00048233384024799037,0.0015385050873882441,0.0065664395424737424,-0.006553008966914084,-0.012495495529951585,0.03313161859319169,-0.0037351080685488758,-0.018477981773313307
-0.0024176025429074946,-0.0061194198959689675,-0.0009071868397760381,0.0011367453620365028,-0.000605172508856285,0.0018692946215627883,0.006519957391921551,-0.00673103174944458,-0.012072238191707323,0.03302628824171716,-0.0055613220418894715,-0.017126574732785865
-0.002424245934682549,-0.006099079533795566,-0.0008423104217209178,0.0010686125922229539,-0.0007235058461546,0.0021987778131174673,0.006455326219102512,-0.0068955222132651975,-0.011594429267955682,0.03287035006921868,-0.007364912521918232,-0.0157715180313375
-0.0024320474432458355,-0.006075453397272168,-0.0007781698134444173,0.0009989026843575432,-0.0008367958665027049,0.002526449491562167,0.006372795436197595,-0.007046459359816946,-0.011063574801665303,0.03266398561972128,-0.00914124405906519,-0.014415911279012178
-0.002440954024499417,-0.006048562115222467,-0.0007149425349412081,0.000927751122770608,-0.0009445203842136261,0.002851806918377968,0.006272660264444249,-0.007183852957570083,-0.010481328740518943,0.03240749974343893,-0.010885790291604025,-0.01306280827161524
-0.0024509074987673594,-0.0060184313255541855,-0.0006528029306762878,0.000855293142742491,-0.0010461744693748215,0.00317435101527841,0.006155260588539796,-0.007307743048053315,-0.009849488291720158,0.03210131963664953,-0.012594144889286507,-0.011715209825031131
-0.002461844730390774,-0.005985091632571804,-0.0005919217292149845,0.000781663430595661,-0.0011412718553080554,0.0034935875811979555,0.006020979703720865,-0.007418199381312703,-0.009169988894926602,0.03174599354725949,-0.014262032074499775,-0.01037605682684642
-0.002473697821136942,-0.005948578552192388,-0.0005324656158970712,0.0007069958297738384,-0.0012293462939255437,0.003809028494685238,0.00587024295986181,-0.007515320783051812,-0.008444898828571072,0.03134218915019704,-0.015885316697311136,-0.009048223520975313
-0.002486394316883469,-0.005908932445226796,-0.0004745968195619369,0.0006314230535792796,-0.0013099528553798838,0.004120192898433106,0.005703516307165043,-0.0075992344558599495,-0.007676413462296923,0.03089069159937652,-0.017460013842042266,-0.0077345110406522866
-0.00249985742700318,-0.005866198438920949,-0.00041847271428494914,0.0005550764052145719,-0.0013826691685623381,0.004426608362736362,0.005521304748232511,-0.007670095217081584,-0.006866849174193938,0.03039240126127485,-0.01898229794446421,-0.006437641203674488
-0.002514006255841839,-0.005820426336983566,-0.0003642454370362425,0.00047808550574907744,-0.001447096599169465,0.004727812024740136,0.005324150701508818,-0.0077280846760173095,-0.006018636947231433,0.029848331139479933,-0.020448511400274427,-0.00516025058347061
-0.002528756045648824,-0.005771670518357777,-0.0003120615221223404,0.0004005780306026023,-0.0015028613622275555,0.005023351700417632,0.005112632281271602,-0.007773410353277722,-0.00513431566438665,0.029259603996019345,-0.021855172647168686,-0.0039048848686119297
-0.002544018430290704,-0.005719989825024164,-0.00026206155321840713,0.00032267945511005737,-0.0015496155661484058,0.005312786966304942,0.004887361499515053,-0.0078063047452312595,-0.004216525119783383,0.028627449181442666,-0.02319898370414114,-0.002673993522095547
-0.0025597016990493255,-0.0056654474391520625,-0.00021437983374469994,0.0002445128097009048,-0.0015870381855759021,0.005595690208115446,0.004648982395226386,-0.007827024336599254,-0.003267998765715867,0.027953199180658084,-0.024476837153592335,-0.0014699247515033986
-0.0025757110697796092,-0.005608110749944203,-0.0001691440762851041,0.00016619844519613592,-0.0016148359604808379,0.005871647633456535,0.004398169096692779,-0.007835848564354523,-0.00229155621527128,0.02723828588755972,-0.025685822553128956,-0.0002949207995503189
-0.0025919489706778204,-0.005548051210546996,-0.00012647511168865138,8.785380869349871e-05,-0.001632744219161397,0.0061402602459848495,0.0041356238225977665,-0.00783307873617292,-0.0012900955208405215,0.026484236618103063,-0.02682323226587363,0.0008488864358710269
-0.002608315329888714,-0.005485344185424815,-8.64866184368097e-05,9.593230478778287e-06,-0.0016405276230173095,0.006401144778451302,0.00386207482777057,-0.007819036906771165,-0.0002665852503420177,0.02569266987518737,-0.02788656669956563,0.0019594794444798003
-0.0026247078721596934,-0.005420068788621508,-4.928487280025644e-05,-6.8472277632769e-05,-0.0016379808311785856,0.0066539345822101545,0.003578274299540081,-0.007794064715538294,0.0007759436180868121,0.02486529087658318,-0.028873538946532162,0.003034958802094284
-0.0026410224217320163,-0.0053523077133559565,-1.4968520248974383e-05,-0.00014623521215512527,-0.0016249290832859927,0.006898280470900069,0.0032849962107163303,-0.007758522188932957,0.0018344059604317661,0.024003886861399648,-0.029782078818217983,0.004073546518973042
-0.0026571532106431863,-0.005282147053420766,1.6371631480991538e-05,-0.00022359175565565608,-0.001601228698947997,0.007133851516138003,0.0029830341352768534,-0.007712786511173206,0.002905670907167375,0.02311032218618725,-0.030610336269677407,0.005073589032977083
-0.0026729931916010395,-0.005209676116874036,4.465279732174085e-05,-0.00030044194204547405,-0.0015667674926226575,0.0073603357932079455,0.0026731990328730084,-0.007657250766790386,0.003986570357900558,0.022186533227801286,-0.03135668421109156,0.006033559843586861
-0.0026884343545786585,-0.005134987232533609,6.980037752756774e-05,-0.0003766898091726947,-0.0015214651029011358,0.007577441074877477,0.002356317008292369,-0.007592322658653745,0.0050739075864037544,0.021234523106105074,-0.03201972070503628,0.006952061783741442
-0.002703368046270185,-0.005058175549801112,9.174809782911855e-05,-0.00045224353849145153,-0.0014652732354041638,0.007784895471622059,0.002033227052017793,-0.007518423205097619,0.0061644659129906285,0.020256356242811302,-0.032598270549878905,0.007827828927483654
-0.0027176852915408826,-0.004979338832359526,0.00011043812692926646,-0.0005270155816159306,-0.0013981758187353662,0.007982448016695108,0.0017047787680117888,-0.007435985419798189,0.007255017420768901,0.01925415277179865,-0.033091386251321964,0.008659728132402261
-0.0027312771160004114,-0.0048985772463028465,0.00012582117124345876,-0.0006009227736051847,-0.0013201890731703782,0.008169869194640743,0.0013718300948266716,-0.007345452978052641,0.008342331692228692,0.018230082817328297,-0.03349834838570148,0.00944676021670729
-0.002744034868826238,-0.004815993143269601,0.00013785654684807686,-0.0006738864328609961,-0.0012313614919949836,0.008346951412008311,0.001035245026096949,-0.007247278873109639,0.009423184542850245,0.017186360656185284,-0.03381866536024303,0.010188060771893298
-0.0027558505449644223,-0.004731690839163591,0.00014651222866061386,-0.0007458324475574744,-0.0011317737356418482,0.008513509409193687,0.0006958913364104516,-0.007141924066186006,0.010494366727776865,0.016125238780889672,-0.03405207257705645,0.010882900612833118
-0.0027666171058376753,-0.0046457763890551205,0.00015176487693506426,-0.0008166913485573138,-0.001021538439008742,0.008669380612500466,0.00035463831847962717,-0.0070298561337818815,0.011552692598844401,0.015049001880466095,-0.03419853100910844,0.011530685867991913
-0.0027762287976955922,-0.0045583573588641995,0.00015359984121468431,-0.0008863983688055946,-0.0009007999325746498,0.008814425425683732,1.2354537444384255e-05,-0.006911547915874285,0.012595008687974023,0.013959960756187106,-0.03425822519794014,0.01213095771352743
-0.0027845814667492685,-0.0044695425944337374,0.00015201114194207137,-0.0009548934892276035,-0.0007697338781606054,0.008948527460408681,-0.00033009439196697305,-0.006787476168527486,0.013618202194834846,0.012860446188802888,-0.03423156068433132,0.012683391755832357
-0.002791572870242122,-0.004379441988605534,0.00014700142998318083,-0.0010221214711922848,-0.000628546820410056,0.009071593705232047,-0.0006718479998111356,-0.006658120224408781,0.014619209355275047,0.01175280277587043,-0.03411916088450119,0.013187797067908708
-0.0027971029826206126,-0.004288166246914961,0.00013858192437731312,-0.0010880318756375262,-0.0004774756552880932,0.009183554632882495,-0.001012053121362406,-0.006523960664639494,0.015595023669117504,0.010639382754219051,-0.03392186342575286,0.01364411488594866
-0.0028010742959826544,-0.004195826652521604,0.00012677232867912484,-0.0011525790689874366,-0.0003167870171202654,0.009284364245788884,-0.0013498660182752504,-0.006385478005342581,0.016542703964448062,0.009522539827058862,-0.03364071595681602,0.014052416973433818
-0.002803392113997797,-0.004102534830992759,0.00011160072631121861,-0.0012157222160250245,-0.00014677658590824387,0.009374000059980217,-0.0016844544553059953,-0.006243151402175004,0.017459382277956244,0.008404623011207812,-0.03327697144933299,0.01441290366008166
-0.0028039648385116793,-0.004008402515554614,9.310345539672104e-05,-0.0012774252599161411,3.223168313176762e-05,0.009452463027648702,-0.0020149997275935175,-0.006097457376048321,0.018342271530046056,0.0072879705224890845,-0.03283208300817149,0.014725901565255078
-0.0028027042480677604,-0.003913541313422188,7.132496359034965e-05,-0.0013376568896121329,0.00021988640565201388,0.009519777398836528,-0.002340698633680761,-0.005948868563150029,0.019188672974003194,0.006174903715076008,-0.03230769820927719,0.014991861014403224
-0.002799525767601869,-0.0038180624738136325,4.63176434736861e-05,-0.0013963904948892912,0.0004158096875262687,0.009575990522874549,-0.002660765389651949,-0.005797852492281634,0.019995983400847774,0.005067721092528066,-0.03170565298496038,0.01521135315927577
-0.0027943487285895987,-0.003722076658247429,1.814164912560736e-05,-0.0014536041093128134,0.000619598114927788,0.009621172590366125,-0.0029744334799637995,-0.005644870392422811,0.020761702079456067,0.003968692405787122,-0.031027965077409722,0.015385066812488774
-0.0027870966189529616,-0.003625693713712254,-1.3135305478020841e-05,-0.0015092803414415348,0.0008308238123996392,0.00965541631666892,-0.0032809574407618412,-0.005490376033321462,0.021483437414914187,0.0028800528547721083,-0.030276827082198657,0.015513805007781073
-0.0027776973220609087,-0.0035290224492889664,-4.743816554030455e-05,-0.0015634062946170977,0.0010490355660109252,0.009678836567988583,-0.0035796145716949,-0.0053348146017911215,0.022158913307343008,0.001803997409160596,-0.0294545991044131,0.01559848129828692
-0.0027660833441882555,-0.0034321704167922743,-8.468477126113408e-05,-0.0016159734757074167,0.0012737600085197226,0.00969156993134984,-0.0038697065724710065,-0.0051786216162726904,0.022785975194416476,0.0007426752630907973,-0.028563801050808205,0.01564011580539923
-0.002752192029829135,-0.0033352436959862186,-0.0001247861096266676,-0.001666977693199232,0.001504502863304394,0.009693774229861299,-0.004150561100635697,-0.005022221882090359,0.023362595762517778,-0.0003018155607990014,-0.027607104582130046,0.015639831031066947
-0.0027359657642942498,-0.0032383466849127246,-0.00016764658136633745,-0.001716418945058171,0.001740750243672634,0.0096856279848375,-0.004421533247298272,-0.004866028489697437,0.023886880311130267,-0.0013274334439608015,-0.026587324750384903,0.015598847447517578
-0.0027173521630558164,-0.0031415818958561333,-0.00021316428224174035,-0.0017643012967970039,0.0019819700040140447,0.009667329826480777,-0.004682006927782308,-0.004710441858069142,0.02435707175715187,-0.0023321982273840636,-0.025507411346422246,0.015518478878141423
-0.002696304247340085,-0.003045049757448928,-0.0002612312978028161,-0.0018106327502136338,0.00222761313913221,0.009639097854960277,-0.0049313961844328425,-0.004555848825256841,0.024771555266481206,-0.003314196076716014,-0.024370439983684558,0.015400127684318837
-0.002672780605504588,-0.0029488484234048503,-0.00031173401072034685,-0.001855425103279774,0.0024771152279672295,0.009601168953855271,-0.005169146399073307,-0.004402621787971204,0.02512886250052273,-0.004271584144285301,-0.02317960294440828,0.015245279772808568
-0.002646745539775711,-0.002853073588345305,-0.0003645534197800638,-0.001898693801679197,0.0027298979178081656,0.009553798058053776,-0.005394735412870081,-0.004251117891913373,0.025427675467664536,-0.005202595016013722,-0.02193819981494656,0.015055499438757586
-0.0026181691979616957,-0.0027578183111634626,-0.0004195654696025655,-0.001940457782510867,0.0029853704449948823,0.009497257378314704,-0.005607674551630261,-0.004101678274420629,0.02566682996967875,-0.0061055409318007126,-0.020649627937089396,0.014832424059791155
-0.002587027689796638,-0.002663172846347842,-0.00047664139013485815,-0.0019807393106871527,0.0032429311880166163,0.009431835584809383,-0.005807509554828272,-0.003954627360836527,0.02584531863466808,-0.00697881776926379,-0.019317372702512617,0.014577758657029122
-0.002553303187612375,-0.0025692244836634736,-0.0005356480449436447,-0.0020195638085706295,0.003501969248836002,0.009357836952064335,-0.005993821406929042,-0.0038102722158588477,0.025962293529209,-0.007820908779745617,-0.017944997717641617,0.01429327033850672
-0.002516984011077191,-0.0024760573965640384,-0.0005964482873275308,-0.002056959679404729,0.0037618660582007923,0.009275580467822708,-0.006166227069848164,-0.003668901950961,0.02601706834374904,-0.008630388068579853,-0.01653613486618273,0.013980782641062811
-0.002478064695782949,-0.002383752499682782,-0.0006589013232550824,-0.0020929581251036434,0.004021997000647649,0.009185398908428575,-0.006324380115662154,-0.00353078718882192,0.02600912014562231,-0.009405923810246852,-0.015094474296615076,0.013642169786753172
-0.0024365460455054245,-0.002292387315723532,-0.0007228630801281658,-0.0021275929589754414,0.004281733054857245,0.009087637883421446,-0.006467971258954543,-0.003396179585537673,0.025938090696296913,-0.010146281191178774,-0.013623754361862875,0.013279350870096213
-0.002392435168006189,-0.002202035852045931,-0.0007881865803652097,-0.0021609004139592747,0.004540442444989873,0.00898265485209873,-0.0065967287884542355,-0.0032653114112290017,0.02580378733022861,-0.010850325073364475,-0.01212775153807559,0.012894283991638084
-0.0023457454942882074,-0.0021127684872110785,-0.0008547223187969405,-0.00219291894696291,0.004797492298606428,0.008870818114871774,-0.006710418897891914,-0.0031383951894980245,0.025606183393082495,-0.011517022372026675,-0.010610270349460119,0.012488960354557349
-0.002296496781261312,-0.0020246518677252416,-0.000922318642867733,-0.002223689039890522,0.00505225030677264,0.00875250578229559,-0.0068088459162665895,-0.0030156233960243885,0.02534541824015981,-0.012145444143210282,-0.00907513332547509,0.01206539834016987
-0.0022447150978177153,-0.0019377488151902619,-0.0009908221346389523,-0.002253252997952818,0.0053040863819467056,0.008628104724700365,-0.006891852437977263,-0.002897168216434807,0.025021796794653307,-0.012734767375834677,-0.007526171016659602,0.011625637577746456
-0.0021904327943616676,-0.0018521182440397778,-0.0010600779935965052,-0.002281654745852097,0.005552374309262841,0.008498009505396446,-0.006959319353533322,-0.0027831813634209748,0.024635788668573765,-0.01328427648494901,-0.0059672120945520185,0.011171733025019975
-0.002133688455881095,-0.0017678150900105377,-0.001129930419273231,-0.002308939622433822,0.005796493386851685,0.00836262130045157,-0.007011165781811855,-0.0026737939529240242,0.024188026849195167,-0.013793364504026018,-0.0044020735611544765,0.010705749074370136
-0.0020745268386924555,-0.0016848902494679566,-0.0012002229927076866,-0.0023351541743936934,0.006035830050876206,0.008222346808064655,-0.007047348905079251,-0.00256911643905029,0.023679305955709017,-0.014261533973357166,-0.00283455109232493,0.010229753700376737
-0.002012998791033024,-0.0016033905296747573,-0.0012707990557742671,-0.002360345949625106,0.006269779481010083,0.008077597150575202,-0.007067863708236854,-0.002469238607232193,0.023110580071066457,-0.014688397524533547,-0.0012684095391956723,0.009745812663242676
-0.0019491611577172542,-0.0015233586100611254,-0.0013415020874353828,-0.002384563290786252,0.006497747182143879,0.007928786772151183,-0.007072742623986277,-0.0023742296249970466,0.022482960155692643,-0.015073678160270054,0.0002926263893112263,0.009255983783786587
-0.0018830766691156284,-0.0014448330145243788,-0.0014121760759845177,-0.0024078551296590604,0.00671915053818129,0.007776332335198119,-0.007062055085840715,-0.002284138149564632,0.021797711051789494,-0.015417209230342843,0.00184488123980113,0.008762311302696307
-0.0018148138147553899,-0.0013678480947557916,-0.001482665886369372,-0.0024302707828636402,0.006933420333866412,0.007620651618519331,-0.007035906991130134,-0.0021989924913513397,0.021056248085235006,-0.015718934105414695,0.0033847377023150244,0.008266820339962205
-0.0017444467018826759,-0.0012924340245620033,-0.001552817621706824,-0.002451859749481986,0.007140002240676387,0.007462162420238325,-0.006994440076360271,-0.00211880083231778,0.020260133276759996,-0.015978905550786626,0.0049086452516576146,0.0077715114667497864
-0.001672054899364699,-0.0012186168051184767,-0.001622478978126086,-0.0024726715111334278,0.007338358262919007,0.007301281468466998,-0.006937831207492149,-0.002043551497970605,0.019411071171764126,-0.016197284803478817,0.006413128521966807,0.007278355402685205
-0.001597723267348668,-0.0011464182810628088,-0.0016914995921030681,-0.002492755335031748,0.007527968140287161,0.007138423342666577,-0.006866291587904258,-0.0019732132816934734,0.018510904301866506,-0.016374340356605233,0.007894795395611262,0.006789287852741105
-0.0015215417731309978,-0.001075856167306455,-0.0017597313794775137,-0.0025121600805400176,0.0077083307032468976,0.006973999408604198,-0.006780065886984856,-0.0019077358199604223,0.01756160829008093,-0.01651044645587052,0.009350344788269196,0.006306204493869122
-0.0014436052937259287,-0.0010069440864146485,-0.0018270288653748396,-0.00253093400972416,0.007878965177766912,0.006808416769757094,-0.006679431292480316,-0.0018470500168680838,0.01656528661392207,-0.016606081313550236,0.010776574112638923,0.00583095612459858
-0.0013640134056568903,-0.0009396916163760831,-0.001893249504286694,-0.0025491246023900353,0.008039412436040767,0.006642077237955991,-0.006564696489890582,-0.0017910685163069374,0.01552416504084888,-0.016661825046670353,0.012170386405307723,0.005365343987630694
-0.001282870162526675,-0.000874104348556347,-0.001958253989597939,-0.0025667783760714978,0.008189236190002289,0.0064753763259912285,-0.00643620057235837,-0.0017396862199855624,0.01444058575145555,-0.016678357346282313,0.01352879710113468,0.004911115276644312
-0.001200283860953692,-0.0008101839556022255,-0.0020219065518829534,-0.002583940711418524,0.008328024124594333,0.006308702264833065,-0.006294311884644537,-0.0016927808494197262,0.013317001166953245,-0.01665645488535028,0.014848940441632055,0.00446995883652293
-0.0011163667954911375,-0.00074792826903789,-0.0020840752453307517,-0.002600655683415131,0.008455388967916548,0.006142435048034042,-0.006139426804915134,-0.0016502135499015943,0.012155967497489796,-0.016596988474454344,0.016128075504248593,0.004043501067103467
-0.0010312350031737984,-0.0006873313662687505,-0.0021446322216962673,-0.00261696589883652,0.00857096949555128,0.005976945505793859,-0.0059719684681879825,-0.001611829534376274,0.01096013802945641,-0.016500919973582162,0.017363591841181594,0.0036333020379605563
-0.0009450079983633014,-0.0006283836666844166,-0.0022034539912142,-0.002632912340333744,0.008674431466548112,0.005812594411072916,-0.005792385435398535,-0.0015774587650685163,0.009732256169910004,-0.01636929897060635,0.018553014716707936,0.00324085182359099
-0.0008578084985868953,-0.0005710720365288579,-0.0022604216699519007,-0.0026485342175122085,0.0087654684887331,0.005649731620038823,-0.005601150312141627,-0.0015469166706243566,0.008475148267087527,-0.016203259236212242,0.019694009934673587,0.002867567065240967
-0.0007697621420872231,-0.0005153799021835413,-0.002315421213118782,-0.0026638688253476685,0.008843802811201356,0.005488695249024507,-0.005398758321234628,-0.0015200048964676455,0.007191716226563762,-0.016004014966650937,0.020784388246726057,0.0025147877661012286
-0.0006809971978209696,-0.0004612873714881034,-0.002368343633891574,-0.002678951410260021,0.00890918604204934,0.005329810890063062,-0.005185725833323771,-0.001496512086002859,0.0058849299430330446,-0.015772856825637893,0.021822109335445553,0.0021837743268560417
-0.0005916442686626965,-0.00040877136270304885,-0.0024190852073572686,-0.0026938150441412423,0.008961399789605284,0.0051733908669478485,-0.004962588859815151,-0.0014762146902414063,0.004557819568155909,-0.015511147797404812,0.02280528536627839,0.0018757048254345043
-0.0005018359885865565,-0.0003578057407000927,-0.0024675476592186736,-0.0027084905066093548,0.009000256225622703,0.005019733533643375,-0.004729901512465859,-0.0014588778033810805,0.0032134676353277256,-0.015220318863489846,0.02373218410357998,0.0015916725466306458
-0.0004117067146128862,-0.0003083614599481462,-0.002513638338951051,-0.0027230061757353803,0.009025598569111367,0.00486912261674593,-0.004488234434009645,-0.0014442560218240234,0.001855001062404972,-0.014901864515999064,0.02460123158766274,0.0013326837647807677
-0.0003213922143188635,-0.00026040671384660805,-0.0025572703771421833,-0.002737387927464921,0.009037301489693176,0.004721826603561697,-0.004238173204216787,-0.0014320943240840843,0.00048558305395676044,-0.014557338120847474,0.025411014370908716,0.0010996557832070597
-0.00023102934972246935,-0.00021390708994262303,-0.0025983628267922847,-0.0027516590439303767,0.00903527142958565,0.004578098177235305,-0.0039803167258034905,-0.0014221289690071013,-0.0008915950754622357,-0.014188347144431068,0.026160281311750563,0.0008934152321895261
-0.00014075575835687754,-0.0001688257305553275,-0.002636840788394356,-0.002765840130823942,0.009019446843532713,0.004438173700223804,-0.003715275594610765,-0.0014140884097059167,-0.00227332213512519,-0.013796548257869024,0.026847944926794612,0.0007146966280473788
-5.070953235811127e-05,-0.00012512349831785862,-0.0026726355186597246,-0.0027799490439754573,0.00898979835622054,0.004302272747269971,-0.0034436704584629536,-0.0014076942205971691,-0.0036563753273093566,-0.013383642332897683,0.027473082302767612,0.0005641411937021557
3.897110360766713e-05,-8.275914613708193e-05,-0.0027056845227975156,-0.002794000825253061,0.008946328836935143,0.004170597688885368,-0.003166130369095262,-0.0014026620349235396,-0.005037528529770109,-0.012951369344022856,0.028034935570770705,0.0004422959410237681
0.00012814811474952997,-4.1689491061616636e-05,-0.0027359316303005323,-0.002808007647878384,0.008889073391437425,0.00404333332620769,-0.002883291131508067,-0.001398702490141126,-0.00641356056977329,-0.012501503191512775,0.028532911946668224,0.00034961301545896606
0.00021668397806296472,-1.8695915408289955e-06,-0.0027633270542333933,-0.0028219787712218903,0.008818099271249526,0.003920646577949839,-0.0025957936550641274,-0.0013955221785601124,-0.007781263467806478,-0.012035846460057398,0.028966583342119726,0.0002864493007437574
0.000304442002923031,3.674707244896723e-05,-0.0027878274340616713,-0.0028359205051178954,0.008733505700763729,0.0038026862200094057,-0.00230428231059147,-0.0013928246006409111,-0.009137450629352693,-0.01155622512802923,0.02933568555241177,0.00025306628309648693
0.00039128664954085244,7.420841693980292e-05,-0.0028093958621030657,-0.0028498361837129456,0.008635423622800559,0.003689582678157732,-0.0020094032976874197,-0.0013903111183691164,-0.010478964963281469,-0.011064483242305467,0.029640117028398263,0.0002496301712624771
0.000477083844472135,0.00011056356970098092,-0.0028280018937232366,-0.002863726148835578,0.008524015363455956,0.0035814478740778676,-0.0017118030263467592,-0.001387681906157368,-0.011802686905639147,-0.010562477573667461,0.029879937239733853,0.0002762122710871784
0.000561701292375854,0.00014586268469572416,-0.0028436215414397296,-0.002877587742850148,0.00839947421728783,0.003478375124870779,-0.0014121265169518386,-0.0013846368967566653,-0.013105542327985754,-0.010052072267750178,0.03005536463925025,0.00033278960905339106
0.0006450087832327901,0.00018015675580007633,-0.002856237253137323,-0.002891415310932432,0.008262023954099406,0.003380439095999655,-0.0011110158225668269,-0.0013808767197001377,-0.01438451030969936,-0.009535133506474613,0.03016677423775209,0.00041924580225213837
0.0007268784942471847,0.00021349743031754139,-0.002865837874637032,-0.002905200212680163,0.008111918248779501,0.0032876958074933554,-0.0008091084773750004,-0.0013761036298460488,-0.015636630754281657,-0.009013524194785294,0.030214694800613187,0.0005353721685656121
0.0008071852856703762,0.00024593682282042235,-0.0028724185968988306,-0.0029189308429475934,0.00794944003585881,0.0032001826930828374,-0.0005070359749846995,-0.0013700224236400016,-0.016859011829856628,-0.008489098687318286,0.030199805677446998,0.000680869072643836
0.0008858069898028436,0.0002775273298448281,-0.0028759808881747943,-0.00293259266176965,0.007774900790634664,0.003117918711798316,-0.00020542228020805546,-0.0013623413407712948,-0.018048837214972503,-0.007963697569586037,0.030122933277881805,0.0008553475010975309
0.0009626246924505412,0.00030832144596087534,-0.002876532411464768,-0.0029461682332183273,0.007588639738904852,0.0030409045114111292,9.511762221334961e-05,-0.0013527729489642027,-0.019203373130989985,-0.007439142507851271,0.029985047206399204,0.001058330860320894
0.001037523006132731,0.00033837158173274657,-0.0028740869276607053,-0.0029596372730116964,0.007391022997533131,0.002969122642963116,0.00039397913859916543,-0.0013410350097096003,-0.02031997514335402,-0.00691723118175136,0.029787256070763962,0.001289256990599591
0.0011103903343616232,0.0003677298840750003,-0.0028686641847984863,-0.0029729767046743293,0.007182442648245288,0.002902537825487627,0.0006905694338446226,-0.001326851322816991,-0.021396094714214685,-0.006399732313346451,0.02953080297832747,0.0015474803879222676
0.0011811191263389606,0.00039644805950189287,-0.0028602897938671715,-0.002986160724027135,0.006963315747222187,0.0028410972598908895,0.0009843087524183558,-0.0013099525477441427,-0.02242928549040555,-0.00588838080600107,0.029217060736419193,0.0018322746266473955
0.0012496061214411682,0.0004245772007555007,-0.0028489950916552776,-0.0029991608717645727,0.006734083273219342,0.0027847309908306753,0.0012746316899604248,-0.0012900769997434025,-0.023417209310163466,-0.005384873006041735,0.028847526771994564,0.0021428349735006236
0.00131575258289274,0.00045216761728616084,-0.002834816991141664,-0.0030119461138580425,0.006495209017095025,0.002733352315301352,0.0015609884127622945,-0.0012669714189505583,-0.024357641914700003,-0.0048908620998229235,0.028423817788379407,0.0024782811850682374
0.0013794645200570868,0.0004792686700452193,-0.002817797819964966,-0.0030244829295059533,0.006247178415774317,0.002686858236510346,0.0018428458225772813,-0.0012403917106316048,-0.02524847834944157,-0.004407953658378316,0.027947664174617942,0.0028376604787224424
0.001440652898805037,0.0005059286110353343,-0.002797985147530156,-0.003036735406333605,0.005990497333815747,0.0026451299615126516,0.0021196886643847627,-0.001210103654898696,-0.02608773804227236,-0.00393770134116056,0.027420904186878342,0.0032199506678593226
0.0014992338394534807,0.0005321944280476718,-0.0027754316013336782,-0.0030486653425296014,0.005725690795872975,0.0026080334409548447,0.0023910205749107603,-0.0011758835843006094,-0.026873569546282082,-0.0034816027704007713,0.026845477918321176,0.003624063451758003
0.001555128801800167,0.0005581116949983032,-0.0027501946731096952,-0.003060232355590083,0.005453301673464308,0.002575419949171434,0.0026563650698858423,-0.0011375190277957115,-0.027604254935451357,-0.003041095586281406,0.026223421076695258,0.004048847849221576
0.0016082647568153535,0.000583724428258024,-0.0027223365154192187,-0.0030713939973276583,0.005173889329572982,0.002547126702772723,0.002915266468209463,-0.0010948093197193664,-0.028278213842813725,-0.002617553693460728,0.025556858588028947,0.0044930937660474235
0.0016585743445867226,0.0006090749493507119,-0.0026919237293212875,-0.0030821058747885605,0.004888028224700824,0.0025229775157648627,0.00316729075137677,-0.0010475661724610673,-0.028894007131617917,-0.002212283708111329,0.024847998045432446,0.004955535685612383
0.001705996018150665,0.0006342037543752945,-0.002659027143780849,-0.0030923217767092463,0.004596306488087663,0.0025027834891516586,0.0034120263567108955,-0.000995614211676084,-0.029450340191014245,-0.0018265216145294527,0.024099123021392638,0.005434856471384281
0.0017504741728805542,0.0006591493904854568,-0.0026237215874816027,-0.003101993805132459,0.004299324457890176,0.002486343732880808,0.003649084903138401,-0.0009387914729664427,-0.029946065848483118,-0.0014614296396406878,0.023312586264108454,0.005929691270543963
0.0017919592611409182,0.0006839483397394511,-0.0025860856537237233,-0.0031110725117926706,0.003997693194182632,0.0024734461179180384,0.0038781018484374884,-0.0008769498590759016,-0.030380186893025594,-0.0011180933529132409,0.02249080279570906,0.006438631507564269
0.0018304078919553358,0.0007086349106098422,-0.0025462014590961414,-0.003119507038871835,0.0036920329687008843,0.002463868056160183,0.004098737077078883,-0.0008099555567569934,-0.030751858203323913,-0.0007975189986578757,0.02163624293256991,0.006960228956217368
0.0018657829154753492,0.0007332411374197989,-0.002504154396620872,-0.0031272452637185343,0.003382971735301805,0.0024573773058311583,0.004310675417974963,-0.0007376894125828413,-0.031060388476491972,-0.0005006310671470393,0.020751425246646,0.007492999878613044
0.0018980534920775888,0.0007577966879486856,-0.002460032884072771,-0.0031342339471168946,0.0030711435851460984,0.00245373279994618,0.00451362709164524,-0.0006600472670892272,-0.03130524155464929,-0.00022827010984860507,0.01983890948740949,0.008035429220109774
0.0019271951459565247,0.0007823287794253012,-0.002413928108182063,-0.003140418884686075,0.0027571871906410844,0.0024526854953769456,0.00470732808649635,-0.0005769402467468733,-0.03148603734635349,1.880919600172337e-05,0.018901289482812583,0.008585974848361017
0.0019531898031207146,0.0008068621031022109,-0.002365933765429059,-0.003145745060986711,0.0024417442421968997,0.0024539792400049922,0.004891540464104521,-0.0004882950133803115,-0.031602552342483416,0.00023993972960756338,0.017941186038821527,0.009143071824951332
0.001976025813740969,0.0008314187575793028,-0.002316145800140643,-0.003150156805907421,0.0021254578818539565,0.0024573516554133863,0.00506605259357867,-0.00039405397076167314,-0.03165471972610525,0.0004345433520712705,0.01696123985600831,0.009705136698776345
0.0019956979588394213,0.0008560181910190443,-0.00226466214059642,-0.003153597952902345,0.0018089711378365318,0.0024625350325349128,0.005230679315265888,-0.00029417542822310805,-0.03164262907737967,0.0006021320722340295,0.015964104481435232,0.010270571808936674
0.0020122074413489546,0.0008806771523699817,-0.002211582433848868,-0.003156011998649681,0.0014929253640701182,0.002469257237652574,0.005385262034244537,-0.0001886337212441125,-0.03156652567590303,0.0007423089512982317,0.014952439314294491,0.01083776958686243
0.0020255618616126787,0.0009054096516889052,-0.0021570077799564977,-0.0031573422637013056,0.0011779586886747093,0.0024772426261321302,0.005529668744229527,-7.741928908081809e-05,-0.03142680940317875,0.0008547687446129881,0.013928902682703498,0.011405116845796454
0.002035775177433102,0.0009302269296258507,-0.0021010404663219053,-0.0031575320536947993,0.0008647044754099779,0.0024862129612569675,0.005663793982688942,3.946129038209202e-05,-0.031224033249767545,0.0009392982803544392,0.012896145009179488,0.011970999046785568
0.002042867648820147,0.0009551374361098112,-0.0020437837028177423,-0.0031565248207015262,0.000553789801999034,0.0024958883355351356,0.0057875587181436565,0.00016198530827251398,-0.030958901432421228,0.0009957765752791614,0.011856802081763401,0.012533804531298827
0.00204686576762616,0.0009801468182467571,-0.0019853413583730863,-0.003154264324287813,0.0002458339592034899,0.0025059880918540415,0.005900910170787563,0.00029011397447010795,-0.03063226712668759,0.001024174688502022,0.010813488447017822,0.013091928708219965
0.0020478021722944405,0.001005257917415385,-0.0019258176996805154,-0.0031506947918707416,-5.855302554736032e-05,0.002516231741871543,0.006003821567726614,0.00042379250894419396,-0.03024512982348245,0.0010245553149983433,0.009768790940792499,0.01364377818659724
0.002045715547985464,0.0010304707755200075,-0.001865317132670415,-0.003145761077955562,-0.00035877183624795556,0.002526339879052947,0.006096291834293454,0.0005629502740917083,-0.02979863231663659,0.0009970721212824163,0.008725262372575454,0.014187774842905641
0.0020406505123817904,0.0010557826503342265,-0.0018039439473837378,-0.0031394088218482338,-0.0006542352844867442,0.0025360350837908487,0.006178345223041998,0.0007075009473739558,-0.02929405733112115,0.0009419688262979342,0.007685415377133381,0.01472235981354384
0.0020326574875085914,0.0010811880398435756,-0.001741802066857671,-0.003131584603444079,-0.000944369690153048,0.002545042818078968,0.006250030882171344,0.0008573427334569633,-0.028732823802139616,0.0008595780313258583,0.006651716448735773,0.015245997403057675
0.002021792557941615,0.0011066787154702356,-0.0016789948006204728,-0.0031222360967019737,-0.0012286162232422583,0.0025530923072530445,0.00631142236526832,0.0010123586149641322,-0.028116482815702427,0.0007503198034894965,0.005626580170659284,0.015757178898376113
0.002008117315808238,0.0011322437640383005,-0.001615624603372198,-0.0031113122204228386,-0.0015064322034331488,0.0025599174063599354,0.006362617084386612,0.0011724166408628904,-0.02744671322247568,0.0006147000178886586,0.004612363652999246,0.016254426281375543
0.001991698693019896,0.0011578696383139529,-0.001551792839407236,-0.003098763285961429,-0.0017772923542352474,0.0025652574487705342,0.006403735708605813,0.0013373702514190174,-0.026725316937944034,0.0004533084642310836,0.003611361190840906,0.016736295829849847
0.0019726087812055497,0.00118354021593137,-0.0014875995533125581,-0.003084541141511495,-0.0020406900086339845,0.002568858074712908,0.006434921510329754,0.0015070586385678127,-0.025954213941803382,0.0002668167242436681,0.002625799153947256,0.017201381599909214
0.0019509246398458904,0.0012092368664922833,-0.0014231432474524376,-0.0030685993126162705,-0.0022961382632978823,0.0025704720374697446,0.006456339661694345,0.001681307140477063,-0.025135436990976125,5.597582712368876e-05,0.0016578311189710815,0.017648318781940876
0.0019267280931366084,0.0012349385266049193,-0.0013585206667261806,-0.0030508931385689,-0.002543171078558517,0.0025698599850574404,0.00646817648355707,0.0018599276689970192,-0.02427112606115086,-0.00017838630958455504,0.0007095332535739518,0.01807578692205033
0.0019001055161361928,0.0012606217826066138,-0.001293826591060231,-0.003031379904380792,-0.002781344321524596,0.002566791215281467,0.006470638649632838,0.0020427191686246257,-0.023363522532064897,-0.00043536764561014074,-0.00021710003842048686,0.01848251300347096
0.0018711476107793159,0.001286260960693765,-0.0012291536360699265,-0.0030100189680099558,-0.003010236749850794,0.00256104440214877,0.006463952348428061,0.002229468105542598,-0.02241496313317478,-0.0007139949809291668,-0.0011201602025348867,0.018867274380123554
0.0018399491723608355,0.0013118282241630444,-0.0011645920622992687,-0.0029867718825560847,-0.0032294509338452893,0.0025524082917071046,0.0064483624057035,0.002419948985231619,-0.02142787366572422,-0.0010132271074039245,-0.0019978283423773002,0.019228901557680568
0.0018066088471177613,0.0013372936774489485,-0.0011002295934194259,-0.0029616025131444378,-0.0034386141147695515,0.0025406823654737275,0.006424131370265062,0.0026139248970977616,-0.020404762519128226,-0.0013319581392714497,-0.0028483787453102705,0.019566280815547975
0.0017712288815571178,0.0013626254766249018,-0.0010361512437383803,-0.0029344771482364375,-0.003637378997359143,0.0025256774697169212,0.006391538565944054,0.002811148084502302,-0.01934821399879009,-0.0016690210120897664,-0.0036701821188912798,0.01987835666536012
0.0017339148641964536,0.0013877899460182702,-0.0009724391553452542,-0.0029053646051212484,-0.003825424474773701,0.0025072164089567604,0.006350879112681167,0.0030113605385355137,-0.018260881484121493,-0.0020231911399424263,-0.004461708533686298,0.02016413414128223
0.0016947754604007496,0.0014127517005738418,-0.0009091724451834821,-0.002874236329359406,-0.004002456284367101,0.002485134502157572,0.006302462919673259,0.0032142946138329345,-0.01714548043455847,-0.002393190219895258,-0.0052215300678951915,0.02042268091820191
0.0016539221410146407,0.001437473773585615,-0.0008464270623172209,-0.002841066487966779,-0.0041682075928546804,0.0024592801001970454,0.006246613653578974,0.0034196736646924675,-0.016004781262957422,-0.002777690172210079,-0.005948323150961915,0.020653129253704737
0.0016114689055021357,0.0014619177494031553,-0.0007842756556252946,-0.002805832056144725,-0.004322439509646303,0.002429515063311024,0.006183667684806288,0.003627212699718355,-0.014841602095367147,-0.003175317204994199,-0.0066408706035751275,0.020854677751472796
0.001567532000317381,0.0014860439007063585,-0.0007227874521266354,-0.0027685128973801805,-0.004464941527304634,0.00239571519732962,0.006113973014925546,0.0038366190531905543,-0.013658801436298905,-0.003584655991286545,-0.007298063372573299,0.021026592942967014
0.0015222296332394415,0.0015098113299312152,-0.0006620281461106966,-0.002729091836757558,-0.004595531888283275,0.002357770647641714,0.006037888188262214,0.004047593071333918,-0.012459270759429243,-0.004004253946294667,-0.007918901960093067,0.02116821068570577
0.0014756816844115504,0.0015331781144191558,-0.0006020597992157515,-0.0026875547273426752,-0.004714057877294949,0.0023155862499464218,0.005955781190726816,0.004259828811642658,-0.011245927042905578,-0.004432625592763806,-0.008502497546986593,0.021278937376042105
0.001428009414830793,0.0015561014548537626,-0.0005429407515674437,-0.002643890509517451,-0.004820396038856523,0.002269081836974922,0.0058680283389347405,0.004473014753402166,-0.0100217052694093,-0.004868257001536147,-0.009048072811428526,0.021358250975859562
0.001379335173037734,0.0015785378265411021,-0.00048472554405949584,-0.002598091263162725,-0.004914452319755268,0.002218192500492992,0.005775013162654831,0.00468683451754306,-0.008789550910339582,-0.005309610294849887,-0.009554962444553311,0.021405701852319124
0.0013297821007570703,0.0016004431330836706,-0.00042746485182819594,-0.002550152252605232,-0.004996162136377492,0.002162868808020702,0.005677125283605149,0.004900967593955565,-0.007552412414105238,-0.005755128199608106,-0.010022613365383265,0.021420913430182077
0.0012794738382399954,0.0016217728619929493,-0.0003712054289422431,-0.0025000719642634716,-0.0050654903670374896,0.002103076973835036,0.0055747592935854184,0.005115090074396491,-0.0063132337178942385,-0.006203238637525033,-0.010450584638562826,0.021403582658003094
0.0012285342300566104,0.0016424822417818762,-0.00031599006429982137,-0.002447852136945859,-0.005122431269639512,0.002038798983950347,0.005468313634898927,0.005328875389126002,-0.00507494680251034,-0.006652359339412772,-0.010838547098735468,0.02135348028789911
0.0011770870320824134,0.0016625264000761275,-0.0002618575486954592,-0.0023934977847731294,-0.005167008325199881,0.0019700326748999094,0.00535818948597351,0.005541995045419942,-0.0038404643095633836,-0.0071009024706747415,-0.011186282686347887,0.021270450970889053
0.0011252556204166765,0.0016818605222819853,-0.00020884265299039173,-0.0023370172127154206,-0.005199274007947495,0.0018967917662716545,0.00524478965503998,0.005754119366121808,-0.0026126722399594585,-0.007547279254976225,-0.011493683500357982,0.021154413169484
0.0010731627029623892,0.001700440010348742,-0.0001569761172918486,-0.0022784220247527363,-0.005219309482909974,0.0018191058470796691,0.005128517484668646,0.005964918226415054,-0.0013944227525362826,-0.00798990458342086,-0.011760750573908879,0.021005358889165292
0.0010209300343874508,0.0017182206411650402,-0.00010628465101900485,-0.0022177271246855467,-0.005227224232077707,0.0017370203161799899,0.005009775769900102,0.006174061787022875,-0.00018852708101017163,-0.008427201596515,-0.011987592379799988,0.020823353232398846
0.0009686781351749559,0.001735158724131275,-5.6790943706327605e-05,-0.0021549507096400833,-0.0052231556104212614,0.001650596277066965,0.004888965692635346,0.006381221222069794,0.0010022514122992945,-0.008857606226089998,-0.01217442307315117,0.020608533776985093
0.0009165260154567733,0.0017512112574541634,-8.513686368784131e-06,-0.0020901142563303768,-0.005207268333215258,0.0015599103875107076,0.004766485774873349,0.006586069439871524,0.0021752040289014438,-0.00927957168516147,-0.012321560479248289,0.020361109783360844
0.000864590904309225,0.00176633608271481,3.853239677208848e-05,-0.002023242500156231,-0.005179753896294407,0.0014650546646185994,0.004642730853301174,0.006788281794957657,0.003327683355268597,-0.00969157289326017,-0.01242942383518661,0.0200813612338658
0.0008129879851725688,0.001780492037268035,8.43365064268598e-05,-0.001954363407233093,-0.005140829931036834,0.001366136246026433,0.00451809107765309,0.0069875367896699275,0.004457109696246096,-0.01009211082517314,-0.012498531294430265,0.01976963770858823
0.0007618301380372234,0.0017936391040383752,0.00012889171649093175,-0.0018835081394661182,-0.005090739496032246,0.0012632771080415982,0.004392950935161301,0.007183516763725015,0.005560977304671567,-0.010479716771793823,-0.012529497203927459,0.019426357102429202
0.0007112276890193097,0.0018057385582869675,0.0001721949126833492,-0.001810711012796605,-0.00502975030755048,0.0011566137416768635,0.004267688303322188,0.007375908570177644,0.006636860391681619,-0.010852956501153088,-0.012523029163895277,0.01905200418809675
0.0006612881679261784,0.0018167531109334807,0.0002142467218654522,-0.0017360094487643635,-0.004958153911075791,0.0010462967876257632,0.004142673533098413,0.0075644042362706405,0.007682418903256195,-0.011210434309066986,-0.012479924880859666,0.01864712903050244
0.0006121160743892142,0.0018266470480283062,0.00025505143235379237,-0.00165944391954444,-0.004876264796317048,0.0009324906313393437,0.00401826856456962,0.007748701607714065,0.008695404048492415,-0.011550796948216924,-0.012401068824898914,0.01821234525818253
0.0005638126531164182,0.0018353863659823465,0.00029461690556130426,-0.0015810578866309094,-0.004784419458242157,0.0008153729594687121,0.003894826076932758,0.007928504974992052,0.009673663566485725,-0.011872737425909385,-0.01228742870247354,0.017748328197414752
0.0005164756787911359,0.0018429389021748905,0.00033295447931915706,-0.001500897733354171,-0.004682975406814299,0.0006951342790400887,0.003772688674637802,0.008103525680355633,0.010615146719085887,-0.012174998659815306,-0.012140051756517695,0.01725581287530168
0.0004701992511159137,0.0018492744605742213,0.0003700788632489766,-0.001419012691431268,-0.004572310128230142,0.000571977400826069,0.003652188111326109,0.008273482704224953,0.011517908997745442,-0.012456376982988626,-0.011960060905820885,0.016735591898562406
0.0004250736004718853,0.0018543649320206892,0.00040600802657119405,-0.0013354547617612006,-0.004452820000575533,0.0004461168884675172,0.0035336445531173777,0.008438103229788534,0.012380116533176354,-0.01271572548872174,-0.011748650735925376,0.016188513214153856
0.00038118490463440684,0.0018581844088379753,0.00044076307875011667,-0.001250278629688989,-0.004324919166920161,0.00031777847498970946,0.003417365882667145,0.008597123184653792,0.013200050197898085,-0.01295195720683981,-0.011507083354121178,0.015615477758897787
0.00033861511695495387,0.0018607092934551219,0.0004743681433899058,-0.0011635415749733451,-0.004189038368970433,0.00018719844843959478,0.0033036470452906864,0.008750287758474974,0.013976109392047485,-0.013164048103183126,-0.011236684121170543,0.015017437005338787
0.0002974418063876507,0.0018619184007395576,0.0005068502258079671,-0.0010753033767031918,-0.004045623744490205,5.462300844755283e-05,0.003192769438321579,0.008897351895555699,0.01470681550399814,-0.013351039895225264,-0.010938837272650964,0.014395390410805918
0.0002577380097063051,0.0018617930537597404,0.000538239074723293,-0.000985626213417934,-0.003895135591778916,-7.969240441098931e-05,0.003085000344743596,0.009038080761495851,0.01539081503825964,-0.013512042676483163,-0.01061498144294562,0.013750382777224436
0.00021957209622456783,0.0018603171727151367,0.000568567038507033,-0.0008945745586953132,-0.003738047104568533,-0.0002154838045097554,0.002980592412004406,0.009172250183028313,0.016026882403816924,-0.013646237343270057,-0.010266605104892385,0.013083501529267925
0.0001830076452979093,0.0018574773567909945,0.0005978689164509982,-0.0008022150724788378,-0.003574843080763173,-0.00035247938031868307,0.0028797831767886275,0.009299647060266761,0.016613922357255083,-0.013752877818515474,-0.009895241938263327,0.012395873918421708
0.00014810333685160113,0.0018532629587156768,0.0006261818055169225,-0.0007086164884241886,-0.00340601860849846,-0.0004904002347448599,0.0027827946363962433,0.009420069750663083,0.017150972095687424,-0.013831293066719902,-0.009502466140213522,0.011688664160842764
0.0001149128551439011,0.0018476661518191666,0.0006535449430351083,-0.0006138494975506204,-0.0032320777330415453,-0.000628961144557177,0.0026898328672409016,0.009533328424050563,0.017637202995695565,-0.013880888895743515,-0.009089887690854864,0.010963070516653163
8.348480593825852e-05,0.0018406819894126623,0.0006799995458255736,-0.0005179866284892282,-0.0030535321080869715,-0.0007678713367436805,0.002601087690852159,0.009639245388227864,0.018071921995219155,-0.01390114954155719,-0.00865914758689365,0.010220322318807172
5.386264722268094e-05,0.0018323084563308858,0.0007055886462180099,-0.00042110212462499974,-0.0028708996350285433,-0.0009068352796116246,0.0025167323876351105,0.009737655384617834,0.018454572616466512,-0.01389163903203161,-0.008211913056516057,0.009461676959186795
2.6084633578525568e-05,0.001822546512500779,0.0007303569254487416,-0.0003232718184338404,-0.002684703093802532,-0.001045553486409734,0.002436923458511215,0.00982840585361403,0.01878473562873576,-0.013852002327590263,-0.007749872768263083,0.00868841684005258
1.837742649954137e-07,0.0018114001284225913,0.0007543505449134836,-0.0002245730033192335,-0.0024954687689034984,-0.001183723329227812,0.002361800434437189,0.009911357169307354,0.019062129351070954,-0.013781966236025345,-0.007274732046542082,0.007901846298611938
-2.3812194950373185e-05,0.0017988763124719095,0.0007776169757540294,-0.00012508430325587776,-0.0023037250741702216,-0.0013210398609085413,0.0022914857336719776,0.009986382843363796,0.019286609595584404,-0.01368134010012051,-0.006788208106500243,0.007103288512676352
-4.5880826220854673e-05,0.0017849851299538847,0.0008002048272550795,-2.4885540549542772e-05,-0.0021100011799260764,-0.001457196642696422,0.0022260845665380492,0.010053369697903202,0.019458169253244582,-0.01355001625745561,-0.006292025320285416,0.006294082395204827
-6.600496035066351e-05,0.0017697397138636958,0.0008221636745242765,7.594239797650628e-05,-0.0019148256460356904,-0.0015918865753413545,0.0021656848873013402,0.010112218007306608,0.019576937524832617,-0.01338797027153088,-0.005787910527056378,0.005475579485476244
-8.417271390288163e-05,0.00175315626733012,0.0008435438859241588,0.0001773176960578241,-0.0017187250644079331,-0.001724802731373821,0.0021103573926751175,0.010162841608956951,0.01964317880071883,-0.013195260934962427,-0.005277588398188177,0.004649140844592482
-0.00010037745279709277,0.0017352540577418654,0.0008643964507192182,0.0002791577440175797,-0.0015222227144342947,-0.0018556391862770791,0.0020601555663367585,0.010205167982994165,0.019657291194008865,-0.012972030045689198,-0.004762776869483648,0.003816133962850264
-0.00011461775254327339,0.0017160554025790118,0.0008847728073945678,0.00038137927543875345,-0.0013258372348018297,-0.0019840918462936527,0.002015115768733169,0.010239138301240586,0.019619804732484113,-0.012718501957625528,-0.0042451826512342195,0.00297792968643399
-0.00012689734529258782,0.0016955856469944343,0.0009047246730949401,0.0004838985041725871,-0.0011300813150610565,-0.0021098592706218474,0.0019752573713412956,0.010264707445526143,0.01953137921567053,-0.012434982908013426,-0.0037264968271405186,0.002135899170677545
-0.0001372250539192018,0.0016738731332124088,0.0009243038746238655,0.0005866312613787937,-0.0009354604102617401,-0.002232643485783254,0.0019405829344437886,0.010281843995715176,0.019392801744192743,-0.012121860124267914,-0.0032083905523609124,0.0012914108671288407
-0.00014561471337997967,0.001650949161833629,0.0009435621814329754,0.0006894931322964053,-0.0007424714818938347,-0.0023521507899726883,0.0019110784273781878,0.010290530187807135,0.019204983929388332,-0.011779600713618887,-0.0026925108607592507,0.0004458275512631768
-0.00015208507963088264,0.001626847945157569,0.0009625511410204669,0.0007923995924481985,-0.0005516017682867578,-0.002468092545239316,0.0018867134901201016,0.010290761842551514,0.018968958792027056,-0.01140875033970662,-0.002180476590857988,-0.00039949660238754875
-0.000156659726409958,0.0016016065526544242,0.0009813219171459003,0.0008952661429863804,-0.0003633275875283154,-0.002580185955389654,0.0018674417349665855,0.01028254826508485,0.01868587735966141,-0.011009931690361074,-0.0016738744398452077,-0.001243218890944954
-0.00015936693022692512,0.0015752648487397229,0.0009999251312557242,0.000998008444892614,-0.00017811317586510753,-0.002688154827550607,0.0018532010869981952,0.010265912116161869,0.018357004972980172,-0.010583842741829497,-0.001174255153832876,-0.0020840108936513654
-0.00016023954392844686,0.0015478654230250467,0.0010184107075002788,0.001100542451751493,3.5904355607585872e-06,-0.0027917303153846304,0.0018439141619127286,0.010240889255613925,0.017983717312193052,-0.010131254824975178,-0.0006831298632604399,-0.0029205612159372354
-0.00015931485923615564,0.0015194535132380877,0.0010368277217085637,0.0012027845408232114,0.00018134650289748535,-0.0028906516420071668,0.0018394886797442505,0.010207528558729783,0.017567496155152303,-0.0096530104995321,-0.0002019665704351692,-0.0037515781608910767
-0.00015663445868131063,0.0014900769210244502,0.0010552242546718236,0.001304651642148409,0.00035473360807151684,-0.002984666800720337,0.0018398179129077191,0.010165891706309747,0.017109924879653994,-0.00915002124310188,0.00026781320312888046,-0.004575792323116369
-0.0001522440573855328,0.0014597859208621256,0.001073647250071055,0.001406061365425951,0.00052334665108405,-0.003073533231744578,0.001844781166938581,0.010116052949198616,0.01661268372285265,-0.008623264961746424,0.00072483760304351,-0.0053919590991099095
-0.00014619333516133545,0.0014286331623373845,0.0010921423773669198,0.0015069321244127237,0.0006867977937554183,-0.0031570184732036353,0.0018542442922343599,0.01005809884815595,0.01607754481142102,-0.008073783330064976,0.0011677874561122625,-0.006198861109423172
-0.00013853575942908224,0.001396673566047891,0.0011107538999533162,0.0016071832586033543,0.0008447173526952239,-0.0032349007846950648,0.001868060225044928,0.009992127989970172,0.015506366976540086,-0.007502678968220933,0.001595399106001344,-0.0069953105277323555
-0.00012932839946850784,0.001363964213415115,0.0011295245488580719,0.0017067351519570576,0.000996754639419657,-0.0033069697418601283,0.0018860695559062023,0.00991825068077049,0.01490109036834656,-0.006911112464791758,0.002006467066253542,-0.0077801513122039215
-0.00011863173254297914,0.0013305642307035533,0.0011484954022559233,0.0018055093484485726,0.0011425787456860828,-0.00337302680045223,0.0019081011236640772,0.009836588617532498,0.014263730884938562,-0.006300299253628572,0.002399846485321405,-0.008552261335394627
-0.00010650944245320995,0.0012965346675588324,0.001167705771040204,0.0019034286642303053,0.0012818792722677544,-0.003432885828491936,0.0019339726331920526,0.009747274538814044,0.013596374431395754,-0.005671506354312628,0.002774455420273686,-0.009310554408296236
-9.302821109412963e-05,0.0012619383703904243,0.0011871930906805213,0.0020004172962033518,0.0014143669995483098,-0.0034863736051896988,0.0019634912948714193,0.009650451855795255,0.012901171024715295,-0.005026048985239895,0.0031292769155996936,-0.010053982195461574
-7.825750360400708e-05,0.001226839850937415,0.0012069928195742297,0.00209640092680598,0.0015397744984762007,-0.003533330285412175,0.0019964544838702693,0.009546274264730401,0.01218032876086287,-0.004365287059255374,0.0034633608841703467,-0.01078153601750912
-6.22693477087131e-05,0.001191305150367521,0.0012271383440797458,0.002191306824839377,0.001657856680582596,-0.003573609828566586,0.0020326504172329543,0.009434905341948987,0.011436107660416216,-0.003690621571626862,0.0037758257883666324,-0.011492248538773696
-4.5138107876138246e-05,0.0011554016992702937,0.0012476608903997728,0.0022850639421619834,0.001768391285932374,-0.0036070803908788904,0.002071858846772448,0.009316518122572285,0.010670813409539383,-0.003003490890834015,0.004065860119532055,-0.012185195336566514
-2.6940254906245593e-05,0.0011191981739151744,0.001268589443462346,0.002377603006095519,0.0018711793080461567,-0.0036336246801449644,0.0021138517657421697,0.009191294664134823,0.009886791013217176,-0.0023053669623807616,0.004332723674412259,-0.012859496350925946
-7.75413159100803e-06,0.0010827643491537608,0.0012899506729273436,0.002468856607397795,0.0019660453550013556,-0.0036531402721377703,0.002158394127257369,0.0090594255963204,0.00908641837782257,-0.0015977514361804057,0.004575748628627557,-0.01351431721195865
1.2340284914456274e-05,0.0010461709483532622,0.0013117688664257897,0.0025587592836696046,0.002052837946091505,-0.0036655398879619503,0.0022052445724318422,0.008921109658041519,0.008272099840207346,-0.000882171728655623,0.004794340406267111,-0.014148870443817595
3.3261623362890324e-05,0.0010094894907546764,0.001334065870118937,0.0026472475980753294,0.0021314297435953053,-0.0036707516317552,0.0022541561661976075,0.008776553223103447,0.007446259660552713,-0.00016017702999432393,0.004987978346885941,-0.014762416543796876
5.492736067776322e-05,0.000972792136654677,0.0013568610366438496,0.0027342602132693823,0.0022017177193792738,-0.00366871918824467,0.0023048771387849357,0.00862596981570712,0.0066113354962410095,0.0005666657321003465,0.0051562161705796805,-0.015354264935468175
7.725406555581123e-05,0.0009361515308145711,0.0013801711804920255,0.002819737960433168,0.0022636232562303284,-0.003659401979776521,0.0023571516308502445,0.008469579617050025,0.00576977187396991,0.001296775961529495,0.005298682242482117,-0.015923774795950786
0.00010015764275689527,0.0008996406445029467,0.001404010540847572,0.0029036239033398714,0.0023170921839864795,-0.0036427752825483528,0.002410720440259058,0.008307608964290647,0.004924013677260329,0.002028563484104129,0.0054150796392805345,-0.01647035575592478
0.00012355357743035103,0.0008633326165807837,0.0014283907518916417,0.0029858633973770424,0.0023620947507046715,-0.003618830301884255,0.0024653217685548724,0.00814028984314355,0.004076499666378054,0.0027604326487154496,0.0055051860198823965,-0.0169934684734944
0.00014735717883024521,0.0008273005940388486,0.0014533208205602705,0.003066404143469599,0.0023986255292741663,-0.0035875742065027616,0.0025206919651708823,0.007967859375367791,0.0032296560475208666,0.0034907864275832146,0.005568853303319549,-0.017492625081657463
0.0001714838227768736,0.0007916175723971411,0.0014788071117235,0.0031451962368584836,0.0024267032600515095,-0.0035490301218387443,0.0025765662674750197,0.007790559302409123,0.002385890107947798,0.004218030505220238,0.005606007157507947,-0.017967389510076183
0.00019584919222842255,0.0007563562363750031,0.0015048533407347577,0.0032221922107027587,0.0024463706302582824,-0.0035032370825888413,0.0026326795347765227,0.007608635466445883,0.0015475839334067806,0.004940577344760333,0.005616646302792655,-0.018417377682571866
0.00022036951533493986,0.0007215888012382619,0.001531460573280956,0.0032973470744853796,0.0024576939910451786,-0.003450249944759399,0.0026887669744631447,0.007422337290078313,0.0007170882239724632,0.005656850221128107,0.0056008416345317,-0.01884225759094208
0.0002449618003565932,0.000687386855226453,0.0015586272324456935,0.0033706183472152138,0.00246076301328549,-0.0033901392576023825,0.002744564858484347,0.007231917255888511,-0.0001032837759102137,0.006365287210275239,0.005558735169708812,-0.019241749247018346
0.0002695440668396043,0.000653821203458789,0.0015863491128803434,0.003441966085430046,0.0024556902833167307,-0.003322991095930434,0.0027998112284456462,0.007037630387077968,-0.0009112622178416227,0.007064345124114413,0.005490538822551044,-0.01961562451509017
0.00029403557245619166,0.0006209617137121088,0.0016146194019607378,0.0035113529060172926,0.0024426108400007404,-0.0032489068534055972,0.0028542465876332207,0.00683973373037132,-0.00170462644535644,0.0077525033808529265,0.005396533014963872,-0.019963706826239568
0.00031835703492929775,0.0005888771644575907,0.0016434287077906273,0.003578744003880927,0.0024216816546204774,-0.0031680029974980235,0.002907614578344678,0.006638485842355535,-0.0024812106306961387,0.008428267800661804,0.005277065127327535,-0.020285870776917493
0.00034243084847877055,0.0005576350955355503,0.0016727650938971716,0.0036441071644946754,0.0023930810552740818,-0.003080410786910056,0.0029596626429641898,0.006434146280394179,-0.003238909238582978,0.009090174316931765,0.005132547796574877,-0.020582041615353562
0.0003661812942429633,0.0005273016618392147,0.001702614120448409,0.0037074127713927975,0.0023570080975644715,-0.0029862759523570613,0.0030101426672832737,0.006226975099230236,-0.003975682303339077,0.009736792593667165,0.004963457067241911,-0.020852194617435073
0.0003895347441483632,0.0004979414903689787,0.001732958891808002,0.003768633808660765,0.0023136818835155027,-0.0028857583416901367,0.003058811604635331,0.006017232354363273,-0.004689560506454672,0.01036672953971779,0.004770330403169626,-0.021096354355957546
0.0004124198577197991,0.00046961754100834633,0.0017637801102285953,0.003827745858498845,0.002263340830771686,-0.002779031530436341,0.0031054320794833383,0.0058051776132527055,-0.005378650042308718,0.010978632711041325,0.004553764566431778,-0.021314593866156008
0.0004347677713449548,0.00044239097136157166,0.0017950561354718728,0.0038847270939419373,0.0022062418942594454,-0.0026662823989185925,0.003149772969172166,0.0055910694753657595,-0.006041137260139363,0.01157119359250841,0.004314413371333731,-0.021507033711233157
0.0004565122795292613,0.00041632100598097465,0.0018267630501308902,0.003939558266829019,0.0021426597426018575,-0.0025477106772008084,0.0031916099626313173,0.005375165102050601,-0.0066752930713782285,0.012143150751048382,0.004052985320496499,-0.02167384095179862
0.0004775900077007038,0.0003914648102990515,0.0018588747304185019,0.003992222691125164,0.0020728858916866447,-0.0024235284591838232,0.0032307260948910128,0.0051577197571784205,-0.007279477111664358,0.012693292852348603,0.0037702411314426143,-0.021815228022637433
0.0004979405761485772,0.00036787736956686893,0.001891362922174731,0.004042706221708355,0.001997227797888033,-0.002293959687252689,0.003266912256354822,0.00493898635945972,-0.007852141648057996,0.01322046153387818,0.0034669911613192383,-0.021931451521102575
0.0005175067547056995,0.0003456113730858689,0.0019241973218357574,0.004090997228742127,0.0019160079135364196,-0.0021592396089473165,0.00329996767585044,0.0047192150472946375,-0.008391835222264644,0.013723554127196336,0.0031440927378043326,-0.022022810911913902
0.0005362346078099669,0.0003247171040051533,0.001957345662097829,0.004137086567763482,0.0018295627073170637,-0.002019614207195801,0.0033297003765638696,0.00449865275697642,-0.008897206021606562,0.01420152622310672,0.002802447404881586,-0.02208964715172971
0.0005540736296083382,0.0003052423349406138,0.00199077380200087,0.004180967545623478,0.001738241652357204,-0.0018753396057120974,0.0033559276040443817,0.004277542815022724,-0.00936700497036539,0.01465339407363403,0.0024429980912208105,-0.02213234123900939
0.0005709768687942874,0.000287232229655967,0.002024445821148853,0.004222635882425412,0.001642406184832642,-0.0017266814512172683,0.003378476225552198,0.004056124545364146,-0.009800088534547023,0.01507823682533177,0.0020667262103424566,-0.02215131269270635
0.0005869010428983947,0.0002707292510288951,0.0020583241177771373,0.004262089669612577,0.0015424286359888132,-0.001573914274197112,0.0033971831001046436,0.0038346328920689206,-0.010195421234218717,0.015475198578699445,0.001674648700146636,-0.022147017966338632
0.0006018066417809701,0.00025577307550812546,0.0020923695103709753,0.004299329324364112,0.0014386911405262724,-0.0014173208299568133,0.0034118954186629544,0.0036132980582380364,-0.010552077858289453,0.015843490269360327,0.001267815011515544,-0.022119948799838175
0.000615658020105345,0.00024240051424945886,0.0021265413425342224,0.004334357540463591,0.0013315845243486895,-0.0012571914217765065,0.0034224710139864663,0.0033923451616577442,-0.010869245377227145,0.01618239136670102,0.0008473040531868647,-0.022070630516220234
0.0006284234786006421,0.0002306454411005273,0.002160797590802982,0.004367179235810586,0.0012215071747107408,-0.001093823208009805,0.0034287786397654515,0.003171993907741251,-0.011146224550362592,0.01649125138663926,0.00041422110261016276,-0.02199962026707839
0.0006400753339533685,0.00022053872758547767,0.002195094975095464,0.004397801496750523,0.0011088638958345323,-0.000927519495000121,0.003430698218730934,0.00295245828024621,-0.01138243122487912,0.016769491215297527,-3.030530951367294e-05,-0.021907505231929823
0.000650589977197974,0.000212108185021889,0.0022293890714867293,0.004426233519402767,0.000994064753086582,-0.0007585890177176137,0.0034281210595221564,0.0027339462502025706,-0.011577397324710935,0.017016604241203936,-0.00048512653224183633,-0.021794900776798055
0.0006599479205075162,0.00020537851388309275,0.002263634426995232,0.004452486548170947,0.0008775239088218414,-0.0005873452100416369,0.0034209500421784173,0.002516659503433442,-0.011730771528237184,0.017232157293991412,-0.0009490769365059493,-0.02166244857702767
0.0006681338323166662,0.00020037126049972926,0.0022977846760671387,0.004476573811623126,0.0007596584530081715,-0.0004141054666310603,0.003409099772202879,0.002300793187002232,-0.0118423196344968,0.017415791388123908,-0.0014209770586017523,-0.021510814709214378
0.0006751365607404227,0.0001971047811748914,0.0023317926584442987,0.004498510455932472,0.0006408872317431322,-0.0002391903983365109,0.0033924967032291317,0.002086535674867069,-0.011911924618511073,0.01756722227078597,-0.0018996367361477084,-0.02134068771781824
0.0006809491452829627,0.00019559421376763383,0.002365610538102456,0.004518313476071678,0.0005216296767648516,-6.29230831150044e-05,0.003371079228402329,0.0018740683529741183,-0.011939586377145033,0.017686240773515327,-0.002383858229212804,-0.0211527766607719
0.0006855688168619934,0.00019585145678001386,0.0023991899229477884,0.004536001644956377,0.000402304639041299,0.00011437168559101028,0.0033447977406641533,0.00166356542396565,-0.011925421167565488,0.017772712967687607,-0.0028724393184223207,-0.020947809140921723
0.0006889969862046812,0.00019788515596323177,0.0024324819849621568,0.004551595440734383,0.0002833292294962507,0.00029236815105257235,0.003313614662209515,0.0014551937316356239,-0.011869660741444181,0.017826580124624812,-0.003364176372505384,-0.02072652932508349
0.0006912392207016432,0.0002017006984389076,0.0024654375804904942,0.004565116972418619,0.00016511766989616135,0.0004707403440825916,0.0032775044434579766,0.0012491126052114852,-0.011772651178573686,0.017847858481379035,-0.0038578673778022765,-0.020489695959744224
0.0006923052098355307,0.000207300214312118,0.002498007370367563,0.004576589904062119,4.808015688133843e-05,0.0006491628305594882,0.0032364535319557813,0.001045473723488597,-0.011634851424390899,0.01783663881400028,-0.004352314922636741,-0.020238080384833414
0.0006922087193303126,0.0002146825857335747,0.0025301419395858294,0.004586039377673568,-6.737825792496682e-05,0.0008273114537318556,0.003190460311697487,0.0008444209988011202,-0.01145683153687015,0.017793085820473224,-0.004846329129022192,-0.01997246455266196
0.0006909675341964247,0.00022384346334930415,0.0025617919162114304,0.004593491935071377,-0.00018085876885260219,0.001004864069414032,0.0031395350134227236,0.0006460904807607075,-0.011239270648656922,0.017717437315962044,-0.005338730525930452,-0.019693639055420577
0.0006886033908754021,0.00023477529005743524,0.0025929080892610973,0.004598975438873425,-0.0002919698953519214,0.0011815012722121863,0.003083699596510659,0.00045061027964897124,-0.010982954651206918,0.017610003243668786,-0.005828352856482449,-0.019402401166926674
0.0006851418987153899,0.00024746733197327045,0.0026234415252594507,0.004602518992818189,-0.00040032853665052803,0.0013569071109548571,0.0030229876031600275,0.00025810050930368325,-0.010688773608514411,0.017471164504865362,-0.006314045813643893,-0.019099552902130924
0.0006806124510359628,0.00026190571648574914,0.002653343683203258,0.004604152861611171,-0.0005055609992348774,0.0015307697915408803,0.002957443985601451,6.867324929272015e-05,-0.010357718908355469,0.017301371612339293,-0.006794677698071433,-0.018785899100061697
0.0006750481260669059,0.0002780734772707591,0.0026825665276670016,0.004603908390488273,-0.0006073039945765194,0.0017027823654611103,0.002887124907147246,-0.00011756747387223557,-0.009990880159972924,0.017101143171706697,-0.007269137992769598,-0.018462245532929446
0.0006684855780709553,0.0002959506061095568,0.0027110626397924423,0.0046018179246850345,-0.0007052056046135982,0.0018726434022984346,0.0028120975179408924,-0.0003005256867754831,-0.00958944184744285,0.01687106419575817,-0.0077363398485011114,-0.018129397047720062
0.0006609649189849127,0.0003155141113438633,0.0027387853259137323,0.004597914728997547,-0.0007989262125949192,0.0020400576445628632,0.0027324397063171035,-0.0004801134507220091,-0.009154679748821358,0.016611784257127567,-0.008195222476256675,-0.017788155741585134
0.0006525295909369531,0.0003367380827830509,0.002765688723578988,0.004592232907617354,-0.000888139396996993,0.0022047366432746606,0.0026482398267340477,-0.0006562508253166836,-0.008687957131593406,0.01632401548523193,-0.008644753440354452,-0.017439319177349775
0.000643226230020308,0.0003595937628632688,0.002791727904739087,0.004584807324418706,-0.0009725327863320262,0.002366399372768919,0.002559596405285734,-0.0008288658144128165,-0.008190720735413236,0.016008530413619777,-0.009083930849308225,-0.0170836786418768
0.000633104521724756,0.00038404962384340784,0.002816858975884722,0.004575673523872277,-0.0010518088727783886,0.0025247728232588836,0.0024666178238413146,-0.0009978942948730245,-0.007664496553859236,0.015666159684373175,-0.009511785439575676,-0.016722017450164793
0.0006222170484474486,0.0004100714508085166,0.0028410391749234326,0.004564867652754787,-0.0011256857826830763,0.002679592569762875,0.002369421983900761,-0.0011632799286249336,-0.007110885427078294,0.01529778961642509,-0.009927382548535063,-0.01635510930021703
0.0006106191295234904,0.0004376224302376839,0.002864226964599381,0.004552426382819039,-0.001193898002108566,0.002830603316070578,0.0022681359512889123,-0.0013249740585247506,-0.00653155845801965,0.014904359645115432,-0.010329823973834668,-0.015983716679746372
0.000598368654234332,0.00046666324388052805,0.002886382122270034,0.004538386834583541,-0.001256197055723114,0.002977559412498254,0.0021628955828417425,-0.0014829355885747182,-0.005928252264889931,0.014486859640419798,-0.010718249715599287,-0.015608589330247148
0.0005855259082683954,0.0004971521676743171,0.0029074658258655918,0.004522786502395314,-0.001312352137464204,0.003120225346259553,0.0020538451362697675,-0.0016371308490708038,-0.005302764083328061,0.01404632711184,-0.0110918395987957,-0.015230462768969964
0.0005721533941233793,0.0005290451754224059,0.0029274407358689625,0.004505663180913568,-0.0013621506915390282,0.0032583762033582086,0.0019411368644043714,-0.0017875334472783368,-0.004656946731636767,0.01358384430789112,-0.011449814774283501,-0.014850056872536634
0.0005583156459533694,0.0005622960469441497,0.002946271073166265,0.004487054893155846,-0.0014053989424629373,0.0033917981009905607,0.0018249305950561413,-0.0019341241042660602,-0.0039927034531450425,0.013100535218579283,-0.011791439095362538,-0.014468074525008055
0.0005440790393761694,0.0005968564803967539,0.00296392269263021,0.00446699982024176,-0.001441922372977079,0.0035202885895302804,0.0017053932977328635,-0.0020768904785511307,-0.0033119826496832636,0.012597562489364673,-0.012116020369293018,-0.014085200332006033
0.0005295115967671437,0.000632676208460676,0.002980363152311256,0.004445536232962884,-0.0014715661488280522,0.003643657023254132,0.001582698638476292,-0.0022158269772240527,-0.0026167725205113804,0.012076124255405656,-0.012422911482021265,-0.013702099402578348
0.0005146827885753191,0.0006697031180722214,0.002995561778124088,0.004422702425300531,-0.0014941954895368668,0.0037617248990549444,0.0014570265240901547,-0.002350934555246656,-0.0019090956212515428,0.011537450904756837,-0.012711511395206182,-0.01331941620194236
0.0004996633312054822,0.000707883373379885,0.0030094897239297236,0.004398536650006126,-0.0015096959844305123,0.0038743261624777847,0.0013285626370369617,-0.0024822205036342773,-0.0011910033574775505,0.010982801779811195,-0.012981266015432397,-0.012937773475581858
0.00048452498201655066,0.0007471615415948038,0.0030221200269263367,0.0043730770563517206,-0.0015179738533557994,0.003981307480505973,0.0011974979622856505,-0.0026096982272468014,-0.0004645704275798787,0.010413461825826316,-0.013231668934829827,-0.012557771246922957
0.00046934033199155697,0.0007874807214004071,0.003033427658274729,0.004346361630150862,-0.0015189561516429392,0.004082528480614681,0.0010640283073928094,-0.002733387012924906,0.0002681107701518956,0.009830738195915449,-0.013462262043738377,-0.012179985888697918
0.00045418259663816885,0.0008287826735819947,0.003043389568897178,0.004318428136142621,-0.001512590919034684,0.004177861955702835,0.0009283538170970195,-0.0028533117887233703,0.00100493575149916,0.009235956821715359,-0.013672636015419598,-0.011804969270994982
0.00043912540568077435,0.0008710079535335405,0.003051984730401161,0.004289314062823998,-0.0014988472724442156,0.004267194034606322,0.0007906784836995925,-0.0029695028750010752,0.0017437935665945078,0.008630458958982005,-0.013862430664065811,-0.011433247984546
0.0004242425921057876,0.0009140960452965168,0.0030591941710921295,0.004259056569808336,-0.0014777154425531355,0.004350424317988955,0.0006512096544940676,-0.0030819957281314632,0.00248257241162151,0.008015597717544516,-0.014031335177039167,-0.011065322641531629
0.0004096079811209843,0.0009579854967839615,0.0030650010070520793,0.004227692437779646,-0.0014492067544075247,0.00442746597949997,0.0005101575374958978,-0.003190830677606524,0.0032191652175006732,0.007392734584658438,-0.014179088222594782,-0.010701667253480505
0.00039529517958736857,0.0010026140558423607,0.0030693904682731026,0.004195258021105062,-0.0014133535523156218,0.004498245832179869,0.0003677347067087464,-0.003296052657310313,0.003951475200879885,0.006763235951321285,-0.014305477934835498,-0.010342728687277293
0.00038137736647831614,0.0010479188068042058,0.0030723499198473626,0.004161789203159822,-0.0013702090694948641,0.004562704360189159,0.00022415560814326377,-0.0033977109317375595,0.004677421363271671,0.006128469650536754,-0.014410341778261032,-0.009988926198172009
0.00036792708491555125,0.0010938363071852756,0.0030738688782269924,0.004127321354411483,-0.001319847243058113,0.004620795716024808,7.963606778270188e-05,-0.0034958588179303746,0.005394943924078556,0.005489801516593014,-0.014493566293851345,-0.009640651040391059
0.00035501603632491545,0.0011403027241828003,0.003073939022579246,0.004091889293302279,-0.001262362475069047,0.004672487683480116,-6.560719733196335e-05,-0.0035905534039103867,0.006102009673734664,0.004848591974468679,-0.0145550867290817,-0.009298266155611322
0.00034271487724690173,0.0011872539706336653,0.0030725542012738187,0.004055527249960868,-0.0011978693405336964,0.004717761606692901,-0.00021135706375352082,-0.0036818552643718225,0.006796617233335446,0.004206192668088367,-0.014594886555229794,-0.008962105936675825
0.0003310930193275857,0.0012346258400957,0.0030697104335505386,0.004018268832767013,-0.0011265022433295053,0.004756612285714049,-0.00035739648090250256,-0.0037698281743991898,0.007476802207502763,0.0035639431361413274,-0.014612996874566561,-0.008632476068797655
0.00032021843300491533,0.0012823541407198482,0.003065405906426629,0.0039801469977851995,-0.001048415021204573,0.0047890478391155724,-0.0005035089438794453,-0.00385453882196345,0.008140642217483708,0.0029231675441632812,-0.014609495720821972,-0.008309653444054356
0.00031015745539335956,0.001330374827586622,0.003059640966913399,0.00394119402107568,-0.0009637805011065825,0.00481508953423917,-0.0006494789587665382,-0.003936056519940505,0.008786261802114413,0.0022851714805562293,-0.014584507256596616,-0.00799388615135662
0.0003009746028567038,0.0013786241331866656,0.0030524181096225405,0.0039014414738840443,-0.0008727900062245655,0.0048347715857695785,-0.0007950924994051418,-0.004014452918386579,0.009411837174288985,0.0016512388255254876,-0.014538200871124105,-0.0076853935378582774
0.0002927323887443507,0.0014270386957324986,0.003043741959852146,0.0038609202007031645,-0.0007756528162460568,0.004848140923397007,-0.0009401374546737451,-0.004089801717789377,0.01001560082141275,0.0010226286999603304,-0.014470790182596574,-0.007384366342701308
0.00028549114675088854,0.0014755556849965214,0.0030336192522521167,0.0038196603001942097,-0.0006725955824463769,0.004855256929407569,-0.0010844040653321244,-0.0041621783840015865,0.010595845938523231,0.000400572502151926,-0.014382531949079277,-0.007090966899740571
0.0002793088603419728,0.0015241129253791444,0.003022058805177768,0.003777691108946483,-0.0005638616993367653,0.004856191147117021,-0.0012276853495376285,-0.00423165986554374,0.011150930683399111,-0.000213728960261568,-0.014273724892021514,-0.006805329408690018
0.00027424099867177524,0.0015726490159203947,0.0030090714908491663,0.003735041188049015,-0.0004497106347027508,0.004851026961133048,-0.0013697775161827057,-0.004298324313949892,0.01167928224340379,-0.0008191082365331323,-0.014144708436993933,-0.006527560272540568
0.00027034035939844345,0.0016211034469785584,0.002994670201442009,0.0036917383124402195,-0.0003304172199636078,0.004839859250499679,-0.001510480365248764,-0.004362250807809183,0.012179400704424796,-0.001414433890140572,-0.013995861376217736,-0.006257738499317621
0.00026765691878423843,0.0016694167133102695,0.0029788698112436793,0.003647809462995498,-0.00020627090287739653,0.004822794015842552,-0.0016495976744171667,-0.004423519081135123,0.012649862712817463,-0.001998613041284951,-0.013827600457462827,-0.005995916165870287
0.00026623768944633065,0.0017175304232979562,0.0029616871350154747,0.0036032808213064616,-7.757496470415869e-05,0.004799947981694791,-0.001786937571223762,-0.004482209256672155,0.013089324921830105,-0.002570593788267246,-0.013640378903856235,-0.005742118941536055
0.00026612658610269973,0.0017653874040826373,0.002943140882708889,0.003558177767099445,5.535429597797458e-05,0.00477144817524143,-0.0019223128900933799,-0.0045384015847311195,0.01349652721459655,-0.003129367502405049,-0.013434684870067312,-0.0054963466702569255
0.00026736429963525565,0.001812931802372714,0.0029232516106902267,0.0035125248782352067,0.00019218841053320908,0.004737431482773922,-0.00205554151363908,-0.004592176188116578,0.01387029569645035,-0.003673970991096516,-0.01321103983907275,-0.005258574006834681
0.0002699881797692467,0.0018601091807125703,0.002902041669633731,0.0034663459332261973,0.00033258761626500503,0.004698044185197321,-0.0021864466976600494,-0.0046436128136853085,0.014209545449908833,-0.004203488524223635,-0.012969996965121064,-0.005028751106911401
0.00027403212664430253,0.0019068666090084495,0.002879535149248815,0.0034196639162025057,0.0004762017587461567,0.00465344147397851,-0.002314857379323146,-0.004692790591053018,0.014513283046321507,-0.00471705371953874,-0.012712139367498224,-0.004806804366630467
0.00027952649152814457,0.0019531527511231733,0.002855757820011883,0.003372501024252567,0.0006226712180222511,0.004603786948966257,-0.0024406084680632517,-0.004739787798934726,0.014780608808897349,-0.00521385128291179,-0.012438078380522952,-0.0045926372097111826
0.00028649798689915135,0.0019989179463657703,0.0028307370720776193,0.003324878677059987,0.0007716278561791061,0.004549252099553135,-0.0025635411187894946,-0.004784681639581277,0.015010718822473668,-0.005693118599712506,-0.012148451764725635,-0.004386130919598906
0.0002949696060986544,0.0020441142857169437,0.0028045018515485045,0.0032768175287533506,0.0009226959837215045,0.004490015770681548,-0.0026835029870334697,-0.004827548021745993,0.015202906686006,-0.006154147174604878,-0.011843921884069394,-0.0041871455133444604
0.00030496055272813513,0.0020886956826464873,0.00277708259428469,0.0032283374818817003,0.001075493342174641,0.004426263615227176,-0.00280034846572939,-0.004868461352584061,0.015356565004621282,-0.006596283916269492,-0.011525173855114715,-0.00399552065426919
0.0003164861799404612,0.0021326179383942207,0.0027485111574392183,0.0031794577034244785,0.0012296321002905682,0.0043581875343195,-0.002913938903364995,-0.004907494338860298,0.01547118661856418,-0.00701893226526578,-0.011192913672006186,-0.0038110766009782707
0.000329557939748012,0.002175838801601706,0.0027188207489059254,0.0031301966427411078,0.0013847198612195982,0.004285985107177531,-0.003024142803293582,-0.004944717797813852,0.015546365567241805,-0.007421553163127932,-0.010847866313711221,-0.0036336151897324517
0.0003441833424440669,0.002218318022197884,0.0026880458548692167,0.003080572051362065,0.001540360677991377,0.004209859012058121,-0.0031308360040481625,-0.004980200477994709,0.015581797787113948,-0.007803665860754032,-0.010490773837204911,-0.0034629208464389896
0.0003603659262072359,0.0022600173994578037,0.002656222165646236,0.0030306010045203,0.0016961560746424215,0.004130016439925791,-0.0032339018405479585,-0.005014008890358304,0.015577281543094946,-0.00816484856571182,-0.0101223934627543,-0.003298761626280032
0.0003781052369320752,0.0023009008241697314,0.002623386500012813,0.0029802999243191317,0.0018517060703254424,0.004046668502459759,-0.003333231286136661,-0.005046207149875333,0.015532717593509226,-0.00850473892749453,-0.009743495654986264,-0.0031408902771257532
0.00039739681830241005,0.002340934314862129,0.0025895767282049288,0.0029296846044303466,0.002006610203741528,0.003960029636019718,-0.003428723075440178,-0.005076856827881689,0.015448109089707885,-0.008823034360513633,-0.009354862205717088,-0.0029890453241454215
0.00041823221209736326,0.0023800860480581764,0.0025548316937873267,0.002878770236214115,0.0021604685552491154,0.0038703170031897955,-0.0035202838080802437,-0.005106016815364674,0.015323561211809621,-0.009119492205470862,-0.008957284322296075,-0.0028429521724515974
0.00044059896869372246,0.002418326382541696,0.0025191911345802996,0.002827571436150539,0.002312882764022723,0.0037777498935141225,-0.0036078280333251603,-0.005133743197350496,0.01515928054291198,-0.009393929729663748,-0.008551560726687238,-0.002702324224712803
0.0004644806677021406,0.0024556278776344154,0.002482695602834649,0.002776102274471149,0.002463457037660909,0.0036825491250297633,-0.0036912783158049704,-0.005160089138527524,0.014955574184725217,-0.009646223967208094,-0.008138495769274764,-0.0025668640106928722
0.0004898569486488238,0.002491965305500505,0.0024453863848433086,0.002724376304877459,0.0026117991516757207,0.0035849364481881935,-0.0037705652824631055,-0.005185104780210462,0.014712848618237118,-0.009876311401105849,-0.007718897562352292,-0.0024362643258945757
0.0005167035515888768,0.002527315657510138,0.002407305420176196,0.002672406595232804,0.0027575214363348786,0.0034851339537383627,-0.0038456276509593913,-0.00520883714872052,0.014431608313594423,-0.010084187488860356,-0.007293576136904886,-0.0023102093761171796
0.0005449923675124201,0.0025616581447094433,0.0023684952207225014,0.0026202057591130697,0.002900241748373794,0.0033833634861227067,-0.0039164122397795445,-0.0052313300752263375,0.014112454094188643,-0.010269906034270866,-0.006863341627125721,-0.0021883759250462473
0.0005746914983800228,0.002594974192459615,0.002328998789721859,0.0025677859881016274,0.0030395844251467404,0.00327984606391163,-0.003982873960348909,-0.005252624127062133,0.013756081260400687,-0.010433578407944503,-0.006429002486747312,-0.002070434442113002
0.0006057653265999752,0.002627247429323034,0.002288859540962697,0.0025151590847137598,0.0031751812188437452,0.003174801308772136,-0.004044975791483565,-0.005272756550511388,0.01336327747900028,-0.010575372619954289,-0.005991363740183789,-0.0019560502477380046
0.0006381745937365137,0.002658463670289053,0.0022481212183225194,0.002462336495836127,0.0033066722084639406,0.00306844688443166,-0.004102688736551914,-0.005291761225015206,0.01293492044503881,-0.010695512248140852,-0.005551225273486213,-0.0018448846530254928
0.0006718764882153607,0.0026886108944465196,0.0022068278158209865,0.0024093293465673685,0.003433706687305464,0.0029609979470616985,-0.0041559917637546745,-0.005309668628736446,0.012471975323265872,-0.010794275225851475,-0.005109380167065816,-0.0017365960912225295
0.0007068247417709229,0.002717679217224151,0.0021650234983524074,0.002356148474346759,0.003555944023806978,0.00285266660846462,-0.004204871729961143,-0.00532650581538544,0.011975491977036911,-0.010871992493564235,-0.004666613074227929,-0.0016308412385764096
0.000742969734358236,0.002745660857333486,0.0021227525232597193,0.0023028044632589007,0.003673054493655646,0.0027436614134023264,-0.004249323288576474,-0.005342296402186233,0.011446601992696693,-0.010929046518894543,-0.004223698648838162,-0.0015272761215820649
0.000780258607232322,0.0027725500985622837,0.0020800591629071222,0.0022493076784037926,0.0037847200811615455,0.0026341868323572293,-0.004289348781942937,-0.005357060568835385,0.01088651550848314,-0.010965869690124856,-0.003781400024454526,-0.001425557208248475
0.0008186353838780739,0.0027983432465788984,0.002036987628403391,0.002195668300223206,0.003890635247988845,0.0025244427709657058,-0.004324958118803304,-0.00537081506728192,0.010296517856976762,-0.01098294258817984,-0.0033404673476189056,-0.0013253424810583878
0.0008580410984551549,0.0028230385809202836,0.001993581994622453,0.0021418963586761265,0.003990507667427344,0.002414624097311341,-0.004356168637384326,-0.00538357324213401,0.009677966030723083,-0.010980792142693145,-0.002901636368585467,-0.0012262924893596053
0.0008984139314047262,0.0028466363023478725,0.0019498861266621227,0.002088001767158096,0.004084058922486915,0.0023049201882064337,-0.0043830049546817115,-0.0053953450614720655,0.009032284981191064,-0.010959989678288325,-0.002465627090891556,-0.0011280713782515148
0.0009396893518481622,0.002869138475766563,0.0019059436078759744,0.0020339943560615933,0.004171025166200295,0.002195514495531692,-0.00440549880254795,-0.00540613715782849,0.00836096376148494,-0.010921148856660005,-0.002033142482356129,-0.0010303478930333912
0.0009818002663922866,0.0028905489689124353,0.0018617976696071968,0.001979883905877089,0.0042511577426245836,0.0020865841336427373,-0.0044236888512075604,-0.005415952879072363,0.007665551523372827,-0.01086492352113095,-0.0016048672495660582,-0.0009327963557412486
0.0010246771739411181,0.002910873387024586,0.0018174911227469555,0.0019256801797371502,0.004324223767141719,0.0019782994887874135,-0.004437620520840713,-0.005424792348915402,0.006947653380054274,-0.010792005449933799,-0.001181466677064466,-0.0008350976128664103
0.0010682483261006792,0.0029301190037255855,0.0017730662912332884,0.0018713929553088736,0.004390006664770491,0.0018708238514124854,-0.004447345781892708,-0.0054326525367399195,0.006208926145700167,-0.01070312202505181,-0.0007635855333345126,-0.0007369399520371286
0.001112439892751122,0.002948294688343487,0.0017285649475999153,0.0018170320559430361,0.0044483066653180645,0.0017643130721678108,-0.004452922944781897,-0.005439527336427579,0.005451073963814456,-0.010599033823883101,-0.0003518470445032368,-0.0006380199854947657
0.0011571761323492882,0.0029654108299160737,0.0016840282506775568,0.001762607380991633,0.004498941254315187,0.0016589152423495358,-0.004454416439689813,-0.005445407653853043,0.004675843835610084,-0.01048053213977191,5.314806291982499e-05,-0.0005380434995980385
0.001202379566514866,0.0029814792581250704,0.0016394966855434719,0.0017081289352089185,0.004541745578800371,0.001554770399449791,-0.004451896587127172,-0.005450281502689861,0.003885021061426696,-0.010348436440177071,0.0004508224496084373,-0.0004367262677653985
0.0012479711584445627,0.002996513161414362,0.0015950100058079403,0.0016536068571546651,0.00457657280713896,0.0014520102584085466,-0.004445439359979144,-0.005454134108160814,0.003080424606291033,-0.010203591768071792,0.0008406229799971382,-0.00033379482642522523
0.0012938704946911814,0.0030105270025518596,0.0015506071783193526,0.0015990514465220992,0.004603294442184785,0.0013507579690909622,-0.004435126137738388,-0.005456948018352364,0.002263902402874062,-0.010046866095445077,0.001222021468154158,-0.000228987211884836
0.0013399959698381942,0.003023536431899492,0.0015063263303624645,0.0015444731903168465,0.004621800587217779,0.0012511279004355491,-0.00442104345363924,-0.005458703222698188,0.0014373266037246875,-0.009879147635637527,0.0015945153516752492,-0.00012205365727987333
0.0013862649735953527,0.0030355581986599017,0.001462204699417225,0.0014898827878172191,0.004632000164213916,0.001153225451646368,-0.004403282735408652,-0.005459377277227282,0.0006025887955025226,-0.00970134212219869,0.001957628294442418,-1.2757248539142785e-05
0.0014325940798370692,0.0030466100603717588,0.0014182785855384348,0.0014352911742502787,0.004633821084129384,0.0010571468907250362,-0.004381940040349388,-0.005458945436160801,-0.00023840481240884268,-0.009514370062067685,0.00231091071741045,9.912546183547116e-05
0.0014788992371027494,0.0030567106909281925,0.0013745833064093315,0.001380709543122313,0.004627210369006667,0.0009629792205617153,-0.0043571157854712834,-0.00545738078943236,-0.0010837382121345225,-0.009319163970596504,0.002653940258210377,0.00021380388385257992
0.0015250959600769548,0.0030658795873946478,0.0013311531551150639,0.0013261493671466546,0.004612134225834399,0.0008708000727293367,-0.004328914473382236,-0.005454654405699289,-0.0019314904223190592,-0.00911666559587921,0.0029863221595991946,0.00033147286276172944
0.0015710995215672116,0.0030741369759035415,0.0012880213606749234,0.0012716224177161312,0.0045885780722169645,0.0007806776290494011,-0.00429744441464586,-0.005450735480405393,-0.002779740301167833,-0.0089078231401079,0.00330768958767598,0.00045231219601734457
0.0016168251444984717,0.0030815037169033828,0.001245220051365162,0.0012171407828718583,0.004556546514035057,0.0006926705709188625,-0.004262817447306435,-0.005445591488449197,-0.003626571335213668,-0.008693588485999833,0.0036177038802090306,0.000576486195221805
0.0016621881934456382,0.003088001210039558,0.0012027802208572594,0.001162716883724572,0.004516063275398244,0.0006068280563162171,-0.004225148654274063,-0.005439188341008043,-0.004470076392148848,-0.008474914434529239,0.003916054726265508,0.0007041432930090172
0.0017071043652291985,0.0030936512989427865,0.001160731697189626,0.0011083634892892094,0.004467171081313825,0.0005231897243294565,-0.004184556079252615,-0.00543149054606449,-0.005308362424734935,-0.008252751962822887,0.004202460278023998,0.0008354156957015926
0.0017514898781038402,0.0030984761761992954,0.001119103114583949,0.0010540937296979933,0.004409931493614517,0.00044178572697230667,-0.004141160441882777,-0.005422461372178733,-0.006139555115126694,-0.008028047508607077,0.004476667195943487,0.0009704190814498678
0.0017952616590759275,0.0031024982887740927,0.0010779218881107422,0.000999921107761844,0.004344424700802943,0.00036263678798716673,-0.0040950848527585995,-0.005412063015051148,-0.006961803447188063,-0.007801740288420907,0.004738450628892152,0.0011092523440672589
0.0018383375288928891,0.0031057402441553197,0.001037214191202134,0.000945859508854505,0.004270749262589371,0.00028575428825823384,-0.004046454528963029,-0.005400256766416627,-0.007773284195526298,-0.007574759657365669,0.004987614130221821,0.0012519973828368433
0.0018806363842558715,0.003108224717483565,0.0009970049360035558,0.000891923209098349,0.004189021810007097,0.00021114037739079975,-0.003995396510752616,-0.005387003184814588,-0.008572206320928543,-0.0073480225161211485,0.005223989511860691,0.0013987189375710765
0.001922078376816409,0.003109974359925237,0.0009573177565497707,0.0008381268818353697,0.004099376702100419,0.00013878811094360374,-0.003942039380004406,-0.005372262267781263,-0.009356815260407148,-0.0071224307733180545,0.005447436637781425,0.0015494644690938406
0.001962585088528351,0.0031110117085436403,0.0009181749947446458,0.0007844856023714025,0.004001965640287988,6.868161273707942e-05,-0.00388651298102057,-0.005355993625012189,-0.010125397102078892,-0.00689886886798681,0.005657843158985806,0.0017042640847211646
0.0020020797029378042,0.0031113590979152954,0.0008795976891182049,0.0007310148509861054,0.0038969572416026445,7.962615939362342e-07,-0.003828948144267623,-0.0053381566520472315,-0.010876282634989787,-0.006678201360641827,0.0058551241916035696,0.0018631305082703262
0.0020404871720063706,0.0031110385737322965,0.0008416055663288285,0.0006777305142056858,0.003784536572110634,-6.490109819372107e-05,-0.0037694764136076485,-0.005318710704036677,-0.011607851263412305,-0.006461270596889633,0.0060392219403913455,0.0020260590938406056
0.0020777343780764646,0.003110071808624167,0.0008042170353730043,0.0006246488843397459,0.0036649046419081565,-0.00012845192343216778,-0.003708229777557189,-0.005297615269151316,-0.012318534777083157,-0.006248894450799711,0.006210105269700519,0.0021930278832315783
0.002113750290601907,0.003108480020424746,0.0007674491844597736,0.0005717866572879573,0.003538277863180299,-0.0001899057164520525,-0.0036453404050889424,-0.005274830141206403,-0.01300682096848833,-0.006041864153177232,0.006367769223948813,0.0023639977057510544
0.0021484661172822945,0.0031062838931011473,0.0007313177805019863,0.0005191609286265347,0.0034048874728972224,-0.0002493197482676665,-0.0035809403864685307,-0.0052503155910781155,-0.013671257088127043,-0.005840942209945559,0.006512234500133565,0.0025389123199064043
0.002181815449255793,0.003103503500552826,0.0006958372711716678,0.0004667891879886526,0.0032649789218024573,-0.0003067587613966354,-0.003515161479595156,-0.0052240325364983015,-0.014310453130825972,-0.005646860415848224,0.0066435468745414256,0.0027176985960564518
0.00221373440002193,0.003100158233479255,0.000661020789462232,0.00041468931175704443,0.003118811231424936,-0.00036229465331752626,-0.0034481348622920063,-0.005195942709823331,-0.014923084944678245,-0.005460317968329947,0.006761776586088522,0.0029002667389376943
0.0022441617377836503,0.003096266729504735,0.0006268801606959331,0.0003628795540910134,0.0029666563209191587,-0.00041600614158645227,-0.0033799908909677738,-0.005166008823382876,-0.015507897156477223,-0.005281979685455258,0.006867017678758011,0.0030865105491531333
0.0022730390109162637,0.0030918468067384105,0.0005934259119108672,0.00031137853631397507,0.002808798305603518,-0.00046797841167846505,-0.0033108588660454123,-0.00513419473202479,-0.016063705906650894,-0.005112474332947297,0.006959387305714285,0.0032763077224641987
0.002300310666289929,0.0030869154009367217,0.0005606672835579913,0.0002602052346914302,0.002645532769129524,-0.0005183027486592974,-0.0032408668045297764,-0.005100465592484186,-0.016589401388147972,-0.004952393063219169,0.0070390249974128655,0.0034695201856565286
0.0023259241601919283,0.0030814885064242873,0.0005286122434350418,0.00020937896663292502,0.002477166011270365,-0.0005670761538275809,-0.0031701412200601177,-0.005064788019216849,-0.01708395018368374,-0.004802287970437535,0.007106091896518854,0.003665994467810761
0.002349830061615123,0.0030755811209176327,0.0004972675027809021,0.00015891937535509313,0.002304014273368558,-0.000614400947503356,-0.0030988069107678188,-0.005027130236349527,-0.017546397396677692,-0.004662670764717481,0.007160769961940969,0.0038655621056536207
0.0023719821476995986,0.0030692071943842826,0.00046663853445089355,0.00010884641304627898,0.002126402943526561,-0.0006603843591666639,-0.003026986755233893,-0.004987462225413302,-0.017975868571721666,-0.0045340115679440955,0.007203261144844222,0.004068040081591305
0.0023923374911355585,0.003062379582057568,0.00043672959309064985,5.918032257651256e-05,0.00194466574366542,-0.0007051381061762472,-0.0029548015168148474,-0.004945755868539981,-0.018371571400506558,-0.004416737833972551,0.007233786538964934,0.004273231293072922
0.0024108565393569275,0.003055110001715073,0.0004075437372236781,9.94161779973453e-06,0.00175914390060838,-0.0007487779623227195,-0.0028823696565794996,-0.0049019850868156235,-0.01873279721090142,-0.004311233395321922,0.007252585508104661,0.0044809250517985
0.002427503185376853,0.0030474089953160186,0.00037908285316541184,-3.884893750184476e-05,0.0015701853033767046,-0.0007914233174882029,-0.0028098071550737543,-0.004856125973500236,-0.01905892223543366,-0.004217837637774769,0.0072599147930443725,0.004690897611278978
0.0024422448301382634,0.003039285895080074,0.0003513476806745202,-8.717035197853479e-05,0.0013781436489053885,-0.0008331967297007203,-0.0027372273431045787,-0.004808156921837768,-0.01934940865882955,-0.004136844804728711,0.007256047600790752,0.004902912721214757
0.0024550524362748054,0.003030748794077144,0.000324337840250456,-0.00013500143032370426,0.0011833775784030305,-0.0008742234708852487,-0.002664740741708262,-0.004758058747196127,-0.01960380544164204,-0.004068503432176952,0.007241272678472563,0.005116722207113379
0.0024659005731997854,0.003021804521384629,0.0002980518619846967,-0.00018232079807614846,0.0009862498065929632,-0.000914631067617781,-0.002592454911443593,-0.0047058148032927145,-0.019821748920371408,-0.00401301591432952,0.007215893374461227,0.005332066573569182
0.002474767453463123,0.0030124586218555497,0.00027248721587185346,-0.00022910692755399772,0.0007871262460745668,-0.0009545488381980738,-0.0025204743111250554,-0.004651411092277137,-0.020002963183307864,-0.003970538201729035,0.007180226689246269,0.005548675629546453
0.0024816349603387143,0.003002715340527774,0.000247640343485795,-0.0002753381648576797,0.0005863751290436779,-0.0009941074273570735,-0.0024489001660866322,-0.004594836368459264,-0.020147260222869934,-0.003941179630070912,0.0071346023184383905,0.005766269134028078
0.0024864886666269566,0.0029925776116914407,0.00022350669092514845,-0.000320992757877412,0.00038436612860477746,-0.0010334383399095677,-0.0023778303460426824,-0.004536082235487194,-0.020254539864910142,-0.003925002880427953,0.007079361690351546,0.005984557460385877
0.0024893178446794557,0.0029820470526185825,0.0002000807429319928,-0.0003660488852388303,0.00018146948189505443,-0.0010726734746620793,-0.0023073592525884455,-0.004475143236796468,-0.020324789477034467,-0.00392202407007437,0.007014857000495825,0.006203242277759334
0.00249011546767504,0.002971123961945907,0.00017735605808725125,-0.000410484686118657,-2.194488277820685e-05,-0.0011119446598730114,-0.002237577716359865,-0.004412016939168863,-0.020358083457617786,-0.003932212972112038,0.006941450245220346,0.006422017247761626
0.0024888782021981006,0.002959807322688791,0.00015532530498620404,-0.00045427829086078106,-0.00022550821260965907,-0.001151383191550173,-0.0021685729038495778,-0.004346704009255954,-0.02035458250867266,-0.003955493363320305,0.0068595122568370775,0.006640568734820072
0.002485606392191913,0.0029480948098517612,0.0001339802992976871,-0.0004974078523217584,-0.0004288537886278531,-0.0011911193758558031,-0.00210042823385381,-0.0042792082829395065,-0.020314532694966147,-0.003991743497805723,0.00676942174231647,0.006858576528469475
0.002480304034380906,0.0029359828025881368,0.00011331204161089861,-0.0005398515778735462,-0.0006316177735735368,-0.0012312820768690938,-0.002033223303503888,-0.004209536827418051,-0.0202382642941706,-0.004040796704852422,0.006671564327667981,0.007075714575821755
0.0024729787452767876,0.00292346640084912,9.331075597430269e-05,-0.0005815877619902643,-0.000833440047250173,-0.0012719982709342656,-0.001967033823815296,-0.0041376999959255875,-0.020126190441156638,-0.004102442108181937,0.0065663316100504215,0.007291651722670912
0.002463641719903954,0.0029105394464504753,7.396592903188971e-05,-0.0006225948193449196,-0.0010339650273165262,-0.0013133926087946664,-0.0019019315646672998,-0.004063711475005458,-0.019978805572113973,-0.004176425463898247,0.0064541202195487896,0.007506052461355016
0.0024523076823996575,0.0028971945484730626,5.526634966301802e-05,-0.0006628513183413443,-0.0012328424735427819,-0.0013555869866878703,-0.0018379843091070383,-0.003987588324279483,-0.019796683673137177,-0.004262450114742512,0.0063353308925035295,0.007718577683840024
0.0024389948286639178,0.0028834231129019135,3.7200149033214205e-05,-0.0007023360150060845,-0.0014297282736051757,-0.0013987001275419543,-0.0017752558168537245,-0.003909351008668561,-0.019580476339341586,-0.004360178056074315,0.006210367558159249,0.007928885438344323
0.002423724761253129,0.00286921537639731,1.9754840964640296e-05,-0.0007410278871646156,-0.001624285208552566,-0.0014428471733787293,-0.0017138057968610575,-0.0038290234230376682,-0.019330910650136462,-0.004469231111280659,0.006079636440374167,0.008136631687834218
0.0024065224167296446,0.002854560444080439,2.917362536438818e-06,-0.0007789061688260779,-0.001816183696144316,-0.0014881392899954845,-0.0016536898887792378,-0.003746632909254782,-0.019048786868213558,-0.004589192212070391,0.005943545175989787,0.008341471068743021
0.002387415985697297,0.0028394463312056985,-1.3325885173168803e-05,-0.0008159503847006969,-0.002005102510325178,-0.0015346832849526095,-0.0015949596531422859,-0.0036622102656690254,-0.018734975967958794,-0.004719606779354613,0.005802501951400571,0.008543057648408271
0.0023664368257697976,0.002823860008581664,-2.89889962893372e-05,-0.0008521403847741874,-0.00219072947517474,-0.001582581239854274,-0.0015376625700913942,-0.003575789749029063,-0.01839041700195367,-0.004859984200978284,0.005656914658777781,0.00874104567958419
0.0023436193677351925,0.002807787451593071,-4.4086519371949275e-05,-0.0008874563788637252,-0.0023727621317462797,-0.0016319301578643372,-0.0014818420464310204,-0.0034874090688785083,-0.018016114312354264,-0.005009799401034343,0.005507190073296961,0.008935090350526788
0.002319001015195022,0.002791213692666986,-5.86334167581112e-05,-0.0009218789710805186,-0.002550908376287792,-0.001682821627352649,-0.0014275374308013653,-0.00339710937448017,-0.017613134595948172,-0.005168494496627995,0.005353733052634049,0.009124848529140826
0.0022926220379714786,0.0027741228770176447,-7.264502409581114e-05,-0.0009553891941245996,-0.002724887068420904,-0.0017353415025156424,-0.0013747840367386225,-0.0033049352343360256,-0.017182603830674253,-0.005335480535970705,0.005196945759914515,0.009309979499688072
0.0022645254595896704,0.002756498321496233,-8.613701014641998e-05,-0.000987968543338201,-0.0028944286079407326,-0.0017895696017667165,-0.001323613173383145,-0.003210934608384238,-0.016725704073291454,-0.005510139314244111,0.005037226911180984,0.009490145690669492
0.002234756939155028,0.002738322576364208,-9.912533693126221e-05,-0.0010195990104449645,-0.0030592754789877325,-0.001845579424638225,-0.0012740521835853018,-0.003115158812968479,-0.016243670136108484,-0.00569182526005756,0.004874971048387675,0.009665013392482304
0.002203364647957926,0.0027195774898016146,-0.00011162622029493542,-0.0010502631169032508,-0.0032191827604327343,-0.001903437887880495,-0.0012261244891493387,-0.0030176624786887856,-0.015737786152891915,-0.005879867388396475,0.004710567838804927,0.00983425346345631
0.0021703991411486994,0.0027002442749552687,-0.000123656090955417,-0.0010799439468029757,-0.003373918601412535,-0.0019632050813886766,-0.00117984964294698,-0.002918503501256199,-0.015209382043068192,-0.006073571313239868,0.004544401401666828,0.009997542023060947
0.0021359132248363957,0.0026803035793256675,-0.00013523155610827676,-0.0011086251792366923,-0.003523264661048207,-0.0020249340445315646,-0.0011352433876249699,-0.002817742985487123,-0.01465982988406624,-0.006272221315337733,0.004376849662735174,0.010154561130754268
0.0020999618189737686,0.0026597355562860262,-0.00014636936164952143,-0.0011362911200770503,-0.0036670165114772208,-0.0020886705633966886,-0.001092317720623964,-0.0027154451825844653,-0.014090540201736484,-0.006475082457687065,0.004208283737465998,0.010304999449777287
0.002062601816399243,0.0026385199385220146,-0.00015708635507874234,-0.0011629267330942985,-0.0038049840034278587,-0.0021544529894056306,-0.0010510809652202176,-0.002611677420865173,-0.013502958188391107,-0.006681402744101294,0.004039067343283256,0.010448552894081163
0.0020238919384137645,0.0026166361131765123,-0.00016739944914132704,-0.0011885176703491538,-0.003936991593667869,-0.0022223120796948355,-0.0010115378472967229,-0.002506510030105898,-0.012898559859611063,-0.006890415313739729,0.003869556241415703,0.010584925257773915
0.0019838925872766268,0.0025940631984800603,-0.00017732558626554185,-0.0012130503017981219,-0.00406287863375969,-0.0022922708595955734,-0.00097368957754624,-0.0024000162596877128,-0.012278848158753148,-0.00710134066640784,0.0037000977086808634,0.010713828825863102
0.0019426656960095413,0.002570780121644658,-0.00018688170384729936,-0.0012365117440502273,-0.004182499619657393,-0.002364344507484913,-0.0009375339388052619,-0.0022922721907333654,-0.011645349020787382,-0.007313388911460095,0.003531030039514757,0.01083498496500638
0.0019002745759023295,0.002546765697796148,-0.00019608470043240385,-0.0012588898882160884,-0.004295724401784977,-0.002438540262217052,-0.0009030653782156363,-0.002183356642438852,-0.01099960740472929,-0.007525762034967753,0.0033626820784103534,0.010948124693896243
0.0018567837621167166,0.0025219987097186434,-0.00020495140284302593,-0.0012801734267923366,-0.004402438355337599,-0.0025148573532838775,-0.0008702751039087794,-0.0020733510728107975,-0.010343183305795072,-0.007737656178397324,0.003195372782961045,0.01105298923171464
0.0018122588577867702,0.002496457988183278,-0.00021349853429210243,-0.0013003518795265425,-0.004502542510651687,-0.0025932869537892062,-0.0008391511859065209,-0.0019623394740303714,-0.009677647757022529,-0.007948263922668408,0.0030294108174906548,0.01114933052437058
0.0017667663770155467,0.0024701224926330246,-0.00022174268352629736,-0.0013194156182100552,-0.004595953643593003,-0.002673812156261461,-0.0008096786609324654,-0.0018504082626721748,-0.009004578831240822,-0.008156776571782532,0.0028650941773204347,0.011236911747268742
0.0017203735871675052,0.0024429713919953775,-0.00022970027503510062,-0.0013373558903484904,-0.0046826043260152946,-0.0027564079712679565,-0.0007818396408281865,-0.0017376461650148636,-0.008325557653217425,-0.008362386429516543,0.0027027098435353364,0.011315507784193511
0.0016731483508552192,0.0024149841453953848,-0.0002373875403605916,-0.001354164841662,-0.004762442936441918,-0.0028410413487305938,-0.0007556134242700078,-0.0016241440976870604,-0.007642164432107284,-0.008564289063010922,0.0025425334681003914,0.01138490568136711
0.0016251589680168785,0.00238614058254281,-0.00024482049053936117,-0.0013698355373699261,-0.004835433631226219,-0.0029276712217843324,-0.0007309766114839071,-0.0015099950438981654,-0.0069559745247528455,-0.008761685547736774,0.002384829089119758,0.011444905076411903
0.0015764740184780266,0.0023564209835690857,-0.0002520148897050726,-0.0013843619822169705,-0.004901556276544151,-0.003016248572960558,-0.000707903221658376,-0.001395293925510704,-0.006268554538833553,-0.008953784687508338,0.0022298488759864704,0.011495318601080363
0.0015271622053869497,0.002325806158092197,-0.0002589862298771575,-0.0013977391392006042,-0.004960806341671229,-0.003106716522417173,-0.0006863648127586098,-0.0012801374712160432,-0.00558145848658222,-0.009139805203814699,0.0020778329039667504,0.011535972257851822
0.0014772921999081311,0.0022942775232907033,-0.00026574970695819497,-0.0014099629469620824,-0.005013194754092492,-0.0031990104378815808,-0.0006663306034488806,-0.0011646240810795879,-0.004896223997670295,-0.009318977889066816,0.001929008957979081,0.011566705769439224
0.0014269324875522333,0.0022618171807717224,-0.0002723201979596094,-0.0014210303358061125,-0.005058747717087076,-0.003293058065914587,-0.00064776759683401,-0.001048853687726438,-0.004214368601246483,-0.009490547717534391,0.0017835923649950486,0.011587372901190739
0.001376151216514186,0.0022284079920219008,-0.00027871223947245876,-0.0014309392423169566,-0.0050975064905223666,-0.0033887796840497398,-0.000630640705735858,-0.0009329276144423886,-0.0035373860858115384,-0.009653775909496166,0.0016417858546353553,0.011597841755619155
0.0013250160483831723,0.002194033652235101,-0.00028494000739726717,-0.0014396886225415087,-0.005129527135680391,-0.0034860882733101805,-0.0006149128792258243,-0.0008169484304680313,-0.002866742945793272,-0.009807941942592002,0.0015037794473713867,0.011597995039252317
0.0012735940115796347,0.0021586787623157945,-0.0002910172979440955,-0.0014472784637126804,-0.005154880225027133,-0.0035848897105511543,-0.0006005452301398463,-0.000701019803766305,-0.0022038749235552095,-0.0099523455056028,0.0013697503698242158,0.011587730301092926
0.0012219513578649065,0.002122328898862897,-0.0002969575099113382,-0.001453709794489245,-0.005173650517918496,-0.003685082980028341,-0.0005874971633086847,-0.0005852463515466271,-0.0015501836547175026,-0.010086308389834552,0.0012398629964080893,0.011566960142842662
0.00117015342225873,0.002084970681945037,-0.00030277362824909424,-0.0014589846936911262,-0.005185936603316788,-0.003786560403543638,-0.0005757265042425267,-0.00046973348882959915,-0.0009070334249409,-0.010209176313224867,0.0011142688168235132,0.011535612400562924
0.0011182644866887957,0.0020465918404849463,-0.00030847820891038476,-0.001463106297511962,-0.005191850510670089,-0.003889207888474517,-0.0005651896280155771,-0.00035458727533754526,-0.00027574804571929915,-0.010320320672950922,0.000993106428566412,0.011493630297847855
0.0010663476476845506,0.002007181275077828,-0.00031408336499098047,-0.0014660788051936349,-0.005191517290178938,-0.003992905192949163,-0.0005558415881035651,-0.0002399142609970382,0.0003423921439495055,-0.010419140221978252,0.000876501553835965,0.011440972570253553
0.0010144646884149222,0.0019667291180761404,-0.00031960075415616944,-0.0014679074831503167,-0.005185074563746746,-0.004097526207388345,-0.0005476362449342297,-0.0001258213303393295,0.0009461531424888973,-0.010505062665858,0.0007645670800311283,0.011377613561288184
0.0009626759553563111,0.0019252267907812184,-0.0003250415673504328,-0.0014685986675324312,-0.005172672047975473,-0.004202939251596049,-0.0005405263939184384,-1.241554608357862e-05,0.0015343500117656235,-0.010577546175682784,0.0006574031231271343,0.011303543289861995
0.0009110402398632836,0.0018826670575905222,-0.00033041651878371216,-0.001468159765223789,-0.005154471050630012,-0.004309007386543204,-0.0005344638927374368,0.00010019600781203008,0.0021058494573265966,-0.010636080813748183,0.0005550971130731802,0.011218767489259745
0.0008596146648998572,0.0018390440769580222,-0.000335735837185747,-0.0014665992532679856,-0.005130643942055287,-0.004415588739956797,-0.0005293997876695274,0.00021190638334863616,0.0026595722576184984,-0.010680189868970392,0.0004577239005087025,0.011123307618061472
0.0008084545771741749,0.0017943534490342744,-0.0003410092583178324,-0.001463926676722974,-0.005101373603081163,-0.0045225368447927485,-0.0005252844387475518,0.0003226089256536851,0.0031944955372061705,-0.010709431098219823,0.00036534588388641154,0.011017200842948317
0.0007576134449037591,0.0017485922598620906,-0.00034624601872930416,-0.0014601526449455181,-0.005066852851001996,-0.00462970098964402,-0.0005220676435468057,0.00043219742983749334,0.003709654878627417,-0.010723397872034513,0.00027801315626281575,0.010900499993813328
0.000707142761422437,0.0017017591220133308,-0.00035145485074409454,-0.0014552888263100108,-0.005027283845262412,-0.004736926580107936,-0.0005196987594112701,0.0005405662972639843,0.004204146269289315,-0.010721720220748753,0.00019576367084429835,0.01077327349148487
0.0006570919548235173,0.0016538542115622267,-0.0003566439786608232,-0.001449347941368875,-0.004982877474521541,-0.004844055510112891,-0.0005181268239344597,0.0006476106909631851,0.004677127878884763,-0.010704065780242234,0.0001186234245177803,0.010635605248355284
0.0006075083038168871,0.0016048793013007275,-0.00036182111614809214,-0.0014423437544644766,-0.004933852726804497,-0.004950926542186954,-0.0005173006735193296,0.0007532266899164812,0.005127821664524173,-0.010670140634570346,4.660665850823864e-05,0.010487594542303958
0.0005584368599604613,0.0015548377901116472,-0.00036699346481494004,-0.001434291063805143,-0.0048804360444806676,-0.005057375695629094,-0.0005171690598502505,0.0008573114419502133,0.005555514800241652,-0.01061969005385759,-2.0283924692429678e-05,0.010329355864442457
0.000509920376408876,0.0015037347284258457,-0.00037216771393478387,-0.0014252056900205031,-0.004822860665836381,-0.005163236641531201,-0.0005176807641185152,0.0009597633149777865,0.005959560928615697,-0.01055249912656393,-8.205692896050276e-05,0.01016101874107216
0.00046199924330454084,0.0014515768397002536,-0.0003773500412996314,-0.00141510446321394,-0.004761365955030659,-0.005268341103587237,-0.0005187847088509907,0.0010604820463348344,0.006339381232528658,-0.010468393284643263,-0.0001387320175346013,0.00998272753033742
0.00041471142991818483,0.0013983725378642422,-0.00038254611517988526,-0.0014040052085324776,-0.004696196722240545,-0.005372519263615025,-0.0005204300671997824,0.0011593688899576506,0.006694465325494208,-0.01036723872091434,-0.00019033965222374494,0.00979464119422584
0.00036809243362790673,0.0013441319406926077,-0.00038776109736367976,-0.0013919267302768845,-0.0046276025358150735,-0.005475600170711876,-0.0005225663695591166,0.001256326761160973,0.007024371959600057,-0.010248942698455821,-0.00023692081964309109,0.009596933046438615
0.0003221752358075081,0.001288866879074244,-0.0003929996472483943,-0.001378888794577195,-0.004555837028264657,-0.005577412152960865,-0.0005251436073837935,0.001351260378776911,0.007328729550483231,-0.010113453751342049,-0.0002785267452922874,0.009389790476749028
0.00027699026467660704,0.0012325909021564199,-0.0003982659269557699,-0.0013649121106611968,-0.0044811571979155515,-0.005677783230603964,-0.0005281123340913295,0.0014440764044227354,0.007607236519337941,-0.009960761777277938,-0.00031521859621493065,0.009173414652415845
0.0002325653651467412,0.001175319278355392,-0.0004035636074409167,-0.001350018310745718,-0.004403822708057616,-0.00577654152960159,-0.0005314237629380253,0.0015346835786730427,0.007859661452249127,-0.009790898022247151,-0.00034706717312422974,0.008948020197645613
0.00018892577567941723,0.0011170689922348719,-0.00040889587556444077,-0.0013342299285827649,-0.004324095185407176,-0.005873515694502452,-0.0005350298617667888,0.00162299285391757,0.0080858430778389,-0.009603934957925376,-0.00037415259262847667,0.008713834851259882
0.0001460941121539046,0.0010578587372645778,-0.00041426544209593444,-0.0013175703766947094,-0.004242237519695349,-0.005968535299556365,-0.000538883444531945,0.0017089175236935238,0.008285690064526601,-0.009399986052857034,-0.0003965639604027599,0.008471099103930835
0.00010409035872454333,0.0009977089044817284,-0.000419674550616165,-0.0013000639223347953,-0.004158513166176908,-0.00606143125701352,-0.0005429382595141678,0.0017923733482892944,0.00845918063916153,-0.009179205438574024,-0.0004143990360418043,0.008220065815223287
6.29318656294864e-05,0.0009366415670888294,-0.00042512498728446266,-0.0012817356622112314,-0.004073185452834479,-0.006152036221566265,-0.0005471490741453632,0.001873278676423491,0.008606362029324282,-0.008941787471975004,-0.0004277638901972608,0.00796099981161601
2.263335389517342e-05,0.0008746804610314625,-0.00043061809143704225,-0.0012626114960150566,-0.003986516894028117,-0.006240184989907117,-0.0005514717563705561,0.0019515545628114687,0.008727349731948126,-0.00868796619619543,-0.0004367725548413276,0.007694177465979567
-1.679307313652437e-05,0.000811850961609952,-0.0004361547669813004,-0.0012427180987938013,-0.00389876851231144,-0.0063257148943949995,-0.0005558633524810777,0.0020271248814395775,0.008822326611387248,-0.008418014701380993,-0.00044154666726299585,0.007419886259642173
-5.533791154859284e-05,0.0007481800561887656,-0.00044173549455050234,-0.001222082892214722,-0.003810199170102254,-0.006408466189842265,-0.000560282161359306,0.0020999164343762887,0.008891541830449951,-0.008132244388072075,-0.0004422151083826459,0.007138424327700076
-9.299423196339528e-05,0.0006836963130772519,-0.0004473603443827094,-0.001200734014763053,-0.003721064912858233,-0.006488282432460492,-0.0005646878050821087,0.0021698590559575265,0.008935309618354297,-0.007831004135573316,-0.000438913636177915,0.006850099988547454
-0.0001297576481545209,0.0006184298466648096,-0.00045302898988730235,-0.0011787002909223053,-0.003631618325366891,-0.006565010850027951,-0.0005690412958364781,0.0022368857121919973,0.00895400787991409,-0.0075146793779186545,-0.000431784514695957,0.0065552312583466825
-0.0001656262792949247,0.000552412278902818,-0.00045874072186201777,-0.0011560111993851355,-0.003542107902713867,-0.0066385027023703755,-0.0005733050991066056,0.0023009325952419567,0.008948076650690733,-0.007183691090566224,-0.00042097613932955136,0.006254145351645247
-0.00020060070599571704,0.0004856766972345772,-0.000464494463323039,-0.0011326968403447067,-0.003452777437444604,-0.006708613631277787,-0.000577443193097637,0.0023619392128438176,0.008918016403161828,-0.0068384946909161755,-0.0004066426588767297,0.005947178168726929
-0.00023468392030484998,0.0004182576090831235,-0.00047028878491036204,-0.0011087879019177794,-0.003363865424381982,-0.0067752039990129475,-0.0005814211243669752,0.002419848472541645,0.008864386209362567,-0.006479578856115786,-0.00038894359499090647,0.005634673770838584
-0.00026788126984929236,0.00035019089301505286,-0.00047612192083039444,-0.0010843156257519882,-0.0032756044845064945,-0.006838139214601183,-0.0005852060596395049,0.0024746067606165913,0.008787801765734921,-0.006107464261531349,-0.0003680434595150356,0.0053169838441505905
-0.00030020039631805734,0.00028151374670640466,-0.0004819917852975328,-0.001059311771870884,-0.0031882208092465026,-0.006897290047128456,-0.000588766833788169,0.0025261640156042653,0.008688933286263505,-0.005722702243923194,-0.00034411137021779503,0.004994467153384242
-0.00033165116849660884,0.00021226463184419598,-0.0004878959894363059,-0.001033808582811352,-0.0031019336264637965,-0.006952532925313281,-0.0005920739939664499,0.0025744737963021326,0.008568503270277712,-0.005325873393041736,-0.000317320665438367,0.004667488986189194
-0.0003622456100757006,0.00014248321610434194,-0.0004938318586055597,-0.0010078387471089505,-0.0030169546893545553,-0.007003750222657529,-0.0005950998398843126,0.00261949334417815,0.008427284151570551,-0.0049175860758079,-0.0002878485181341678,0.004336420589014279
-0.000391997822469563,7.221031235343622e-05,-0.0004997964501060996,-0.0009814353621875503,-0.0029334877894179236,-0.007050830527523614,-0.0005978184602236592,0.0026611836401018987,0.008266095835755789,-0.004498474897409111,-0.0002558755497351489,0.004001638595735445
-0.00042092390288952396,1.4878152281768378e-06,-0.0005057865712331859,-0.0009546318967103969,-0.002851728294574272,-0.007093668897528262,-0.0006002057651936053,0.0026995094553287817,0.008085803132974561,-0.004069199103520393,-0.00022158544425408822,0.003663524449641121
-0.00044904185792960703,-6.964136474790174e-05,-0.0005117987976353078,-0.0009274621524503635,-0.0027718627134423416,-0.007132167097687455,-0.000602239515230772,0.002734439396677885,0.007887313093411525,-0.0036304409283183688,-0.00018516456317922703,0.0033224638201795435
-0.0004763715129303687,-0.0001411333693453042,-0.0005178294919407287,-0.000899960225737704,-0.002694068286709992,-0.0071662338217930365,-0.0006038993458534197,0.002765945945854014,0.00767157225305835,-0.0031829038927979163,-0.0001468015613503154,0.0029788460150462666
-0.0005029344173962011,-0.00021294346293700874,-0.0005238748226134075,-0.0008721604685440648,-0.002618512606456479,-0.007195784896547871,-0.0006051667886823378,0.0027940054928738216,0.007439563797644228,-0.0027273110581689693,-0.00010668700443332291,0.002633063388915235
-0.0005287537467495128,-0.00028502610475991897,-0.000529930783000047,-0.0008440974492618647,-0.0025453532642058644,-0.007220743468034176,-0.0006060252886455623,0.002818598363566203,0.007192304652478759,-0.0022644032390918938,-6.501298821155743e-05,0.00228551074956106
-0.000553854200712599,-0.0003573350229507793,-0.0005359932105302103,-0.0008158059132384024,-0.0024747375284113774,-0.007241040170137895,-0.0006064602173870816,0.002839708841126262,0.006930842506418639,-0.0017949371816519573,-2.1972760092317523e-05,0.001936584762450743
-0.0005782618986146052,-0.0004298232901744742,-0.0005420578060316648,-0.0007873207431242093,-0.0024068020519898634,-0.007256613274601084,-0.000606458882903825,0.0028573251817123574,0.006656252777884158,-0.001319683710985852,2.2239656743652803e-05,0.001586683354768293
-0.000602004271926768,-0.0005024434006595985,-0.0005481201531233756,-0.0007586769190952205,-0.0023416726104426864,-0.007267408822423768,-0.0006060105354383291,0.0028714396240853983,0.006369635531551249,-0.0008394258535509465,6.742983635550648e-05,0.0012362051198399164
-0.000625109954334067,-0.0005751473484536506,-0.0005541757376488579,-0.0007299094790082991,-0.0022794638710171154,-0.00727338073638666,-0.0006051063696581321,0.002882048393298882,0.006072112353562958,-0.00035495693902749467,0.0001134033196838885,0.0008855487228568333
-0.000647608669655548,-0.0006478867067081652,-0.0005602199671129275,-0.0007010534785495149,-0.0022202791932790854,-0.007274490914516249,-0.0006037395231558035,0.002889151698457963,0.005764823194043051,0.0001329213131097788,0.00015996598078184265,0.0005351123089593172
-0.0006695311179288591,-0.0007206127078025667,-0.0005662481900852399,-0.0006721439514343482,-0.002164210461383138,-0.007270709304364058,-0.0006019050713066598,0.002892753724575367,0.005448923185146431,0.0006234007173285157,0.00020692438904688915,0.00018529291452150723
-0.0006909088599769865,-0.0007932763241144985,-0.0005722557155343972,-0.0006432158697186671,-0.002111337948242346,-0.007262013958022295,-0.000599600018524803,0.0028928626185608535,0.005125579443011969,0.0011156685510240287,0.00025408616732446043,-0.00016351411742420233
-0.0007117742007767848,-0.0008658283492438486,-0.0005782378320568247,-0.0006143041042789096,-0.0020617302117173202,-0.007248391067847732,-0.0005968232859607025,0.0028894904693906537,0.004795967861993194,0.0016089094838885216,0.0003012603454956436,-0.0005109157166157778
-0.0007321600719496652,-0.0009382194794976666,-0.0005841898269650603,-0.0005854433855193936,-0.0020154440228587604,-0.007229834982915876,-0.0005935756956864123,0.002882653282512548,0.004461269909718752,0.0021023075024825914,0.00034825770936240674,-0.0008565216590053944
-0.0007520999136947358,-0.0010104003954436323,-0.0005901070052005797,-0.0005566682643640771,-0.0019725243261553447,-0.007206348206277264,-0.0005898599514174825,0.0028723709485507414,0.004122669430964381,0.0025950478252399385,0.0003948911444235509,-0.0011999451333558724
-0.0007716275564837947,-0.0010823218433406968,-0.0005959847080367849,-0.0005280130735894043,-0.0019330042316564426,-0.007177941373135625,-0.0005856806158235564,0.0028586672063838177,0.0037813494688160483,0.0030863188030878057,0.0004409759743616709,-0.0015408033000289152
-0.000790777102835864,-0.0011539347162569566,-0.0006018183315383161,-0.0004995118895540952,-0.0018969050387574091,-0.007144633210116351,-0.0005810440844826681,0.0028415696006780086,0.003438489110990633,0.0035753138007670777,0.00048633029381599246,-0.0018787178411329257
-0.0008095828094864237,-0.0012251901346867452,-0.0006076033447434118,-0.00047119849438087476,-0.0018642362913545477,-0.007106450475841356,-0.000575958556536487,0.0028211094339660823,0.003095260369581649,0.004061233054231738,0.0005307752954202133,-0.002213315501252356
-0.0008280789702631875,-0.001296039526481315,-0.0006133353075366284,-0.0004431063386441901,-0.0018349958639982049,-0.007063427883072618,-0.0005704340021068334,0.0027973217133708548,0.0027528251016869336,0.004543285499515815,0.0005741355905105189,-0.002544228617793142
-0.0008462997999761515,-0.0013664347059103403,-0.000619009888179847,-0.0004152685046169334,-0.0018091700785946001,-0.007015608002732431,-0.0005644821265368689,0.0027702450920804775,0.0024123319790340277,0.005020690568521679,0.0006162395234823731,-0.002871095640282307
-0.0008642793196247774,-0.0014363279516747623,-0.0006246228804701439,-0.00038771767012807883,-0.0017867338511305768,-0.006963041150151962,-0.0005581163315225139,0.002739921805690438,0.0020749135137706314,0.005492679947572122,0.0006569194793886318,-0.003193561637725561
-0.0008820512432195424,-0.0015056720836952428,-0.0006301702204937699,-0.00036048607308195014,-0.0017676508678224204,-0.006905785253944145,-0.0005513516732027001,0.0027063976035352996,0.0017416831478606239,0.005958499293991348,0.0006960121845741157,-0.0035112787933021423
-0.000899648866508741,-0.0015744205385046504,-0.0006356480029461838,-0.00033360547668857176,-0.0017518737900173056,-0.006843905707937369,-0.0005442048172800768,0.002669721675140377,0.0014137324131623212,0.00641740990736377,0.0007333589999505424,-0.0038239068856823592
-0.0009171049578943599,-0.0016425274430775746,-0.0006410524969888157,-0.00030710713545321374,-0.0017393444871064763,-0.006777475206647478,-0.0005366939912462969,0.0026299465719312274,0.0010921281690035207,0.006868690350614503,0.0007688062068054308,-0.004131113756147598
-0.0009344516518130988,-0.0017099476869348357,-0.0006463801616139918,-0.00028102176197182906,-0.0017299942966412997,-0.006706573564804742,-0.0005288389337889313,0.0025871281243457066,0.0007779099240317992,0.007311638017932599,0.0008022052846676925,-0.00443257576095658
-0.0009517203448502021,-0.0017766369923663,-0.0006516276604902349,-0.0002553794945775988,-0.0017237443107793523,-0.006631287521488138,-0.0005206608414596787,0.002541325354500349,0.00047208724835769503,0.007745570645388344,0.0008334131811828377,-0.004727978208114981
-0.0009689415948447274,-0.0018425519826210223,-0.0006567918762609668,-0.00023020986588225074,-0.0017205056881257048,-0.006551710529456307,-0.0005121823126867004,0.002492600384569261,0.00017563728237178153,0.0081698277609779,0.0008622925734128178,-0.005017015778102551
-0.0009861450232352272,-0.0019076502479197896,-0.0006618699242704843,-0.0002055417722542039,-0.0017201799899742678,-0.006467942530297157,-0.0005034272892168047,0.0024410183410401077,-0.00011049765208435633,0.008583772070852102,0.0008887121205663345,-0.0052993929277281755
-0.0010033592208845944,-0.0019718904091515273,-0.0006668591656919477,-0.00018140344427391362,-0.001722659539899158,-0.006380089716050388,-0.0004944209950758733,0.0023866472550179464,-0.00038541233289370383,0.008986790778501775,0.0009125467076199351,-0.005574824276704093
-0.0010206116576120504,-0.002035232179121713,-0.0006717572200330219,-0.00015782241820505808,-0.0017278278055920422,-0.006288264277986701,-0.0004851898731389684,0.002329557958753163,-0.0006482408056831361,0.009378296834235477,0.0009336776797610608,-0.005843034976252593
-0.0010379285956489685,-0.002097636421227921,-0.0006765619769957395,-0.00013482550851841443,-0.0017355598017915947,-0.006192584143254936,-0.000475761519404556,0.0022698239785755667,-0.0008981584342273759,0.009757730112117714,0.0009519930671214177,-0.006103761059266698
-0.0010553350072234518,-0.00215906520544487,-0.0006812716076681143,-0.00011243878150342841,-0.0017457225131050531,-0.006093172700134835,-0.0004661646150703978,0.002207521424421636,-0.0011343838284642964,0.010124558511902481,0.0009673877997102148,-0.006356749771519444
-0.0010728544964663687,-0.0022194818615088297,-0.000685884575026023,-9.068753000058551e-05,-0.001758175335478332,-0.00599015851265714,-0.00045642885651134307,0.002142728876146944,-0.0013561806461914912,0.010478278983636447,0.0009797639121007368,-0.006601759883418944
-0.0010905092258189177,-0.002278851029198978,-0.0006903996437248931,-6.959624928574935e-05,-0.0017727705350314754,-0.005883675025372523,-0.00044658488326268216,0.0020755272668202883,-0.0015628592644372045,0.010818418473286861,0.0009890307376314439,-0.0068385619819122286
-0.001108319847108777,-0.002337138705621194,-0.0006948158891617827,-4.918861413564653e-05,-0.0017893537229403717,-0.005773860259070709,-0.000436664204115237,0.0020059997632002765,-0.0017537783173420425,0.011144534787076044,0.0009951050918575871,-0.007066938742090089
-0.0011263054374485433,-0.0023943122894078952,-0.0006991327057895192,-2.9487457101649433e-05,-0.001807764345012891,-0.0056608564982695,-0.0004266991214320507,0.0019342316435991427,-0.001928346097161842,0.011456217373165777,0.0009979114447796616,-0.007286685178136677
-0.0011444834400965054,-0.002450340621755778,-0.0007033498146656759,-1.051474801694324e-05,-0.0018278361845795355,-0.005544809971307059,-0.0004167226537992942,0.0018603101733420965,-0.0020860218161670337,0.011753088019322445,0.00099738208177165,-0.007497608873272565
-0.001162869610405868,-0.0025051940242317283,-0.0007074672702203059,7.708425239936098e-06,-0.001849397877292973,-0.005425870523882989,-0.00040676845712671214,0.001784324478033771,-0.002226316726520499,0.012034801465491362,0.0009934572527447588,-0.007699530188392523
-0.0011814779669743827,-0.002558844333285665,-0.0007114854662275217,2.516187470433627e-05,-0.0018722734364099802,-0.005304191286904342,-0.00039687074431645386,0.0017063654148462629,-0.002348795096880924,0.012301045930237998,0.0009860853093068972,-0.007892282449109122
-0.001200320748091996,-0.0026112649314176902,-0.0007154051409672139,4.182632898879675e-05,-0.0018962827871126864,-0.005179928339500723,-0.00038706420362198484,0.0016265254420458333,-0.002453075043660307,0.012551543550485888,0.0009752228295869109,-0.008075712110976786
-0.001219408373569614,-0.002662430774955585,-0.0007192273815644321,5.76834486339136e-05,-0.0019212423084109,-0.005053240368078204,-0.0003773839158216455,0.0015448984869775358,-0.0025388292159823807,0.012786050734017885,0.0009608347304809611,-0.0082496789026827
-0.0012387494120174652,-0.002712318418407399,-0.0007229536274952124,7.271584013244585e-05,-0.0019469653811593432,-0.004924288322284629,-0.00036786527033441635,0.0014615798127289156,-0.002605785333706239,0.013004358424697004,0.000942894366964861,-0.008414055947041355
-0.0012583505536268495,-0.002760906035362623,-0.0007265856732489262,8.690706861456745e-05,-0.001973262940717522,-0.00479323506876017,-0.00035854388040834373,0.0013766658836954035,-0.0026537265779295223,0.01320629228019481,0.0009213836182496576,-0.008568729859661072
-0.0012782165884943195,-0.00280817343592415,-0.0007301256701385427,0.00010024166918440055,-0.0019999440327764613,-0.0046602450435451895,-0.00034945549751496253,0.0012902542302712164,-0.002682491833858363,0.013391712762801333,0.0008962929604265785,-0.00871360082517635
-0.0012983503905126038,-0.00285410208066195,-0.0007335761272515446,0.00011270515690020804,-0.002026816370880406,-0.004525483904014858,-0.00034063592508540915,0.0012024433128902804,-0.0026919757869306067,0.013560515143264996,0.0008676215254840997,-0.00884858265101086
-0.0013187529068378896,-0.0028986750910880432,-0.0007369399115356073,0.00012428403539286987,-0.0020536868941767516,-0.004389118181203773,-0.00033212093172714236,0.0011133323856420874,-0.0026821288723385232,0.01371262941895197,0.0008353771461692555,-0.008973602798627734
-0.001339423152928451,-0.0029418772566609337,-0.0007402202470145551,0.00013496580411951806,-0.0020803623239355118,-0.00425131493337432,-0.0003239461640624012,0.0010230213596875504,-0.0026529570794135045,0.01384802014693869,0.0007995763867789801,-0.009088602392279665
-0.0013603582131351006,-0.0029836950383361786,-0.000743420713131525,0.00014473896425145312,-0.002106649717394428,-0.004112241401674663,-0.00031614705933159256,0.0009316106666994614,-0.002604521612369775,0.013966686192992527,0.0007602445593827417,-0.009193536205338127
-0.001381553246809582,-0.003024116568688145,-0.0007465452422177239,0.00015359302319770758,-0.002132357017501872,-0.003972064668718627,-0.00030875875790818,0.0008392011225514306,-0.002536938409118967,0.014068660398214573,0.0007174157252997637,-0.009288372624268026
-0.0014030014998828379,-0.003063131648636269,-0.0007495981160866281,0.00016151849776785561,-0.002157293597149287,-0.0038309513209061645,-0.00030181601587266754,0.000745893791478176,-0.002450377520364016,0.014154009164277958,0.0006711326818027302,-0.009373093590382898
-0.0014246943218511328,-0.003100731740817225,-0.0007525839617549694,0.00016850691597988953,-0.00218127079650969,-0.0036890671152850466,-0.00029535311779559017,0.0006517898509286069,-0.0023450623517166265,0.014222831959945604,0.0006214469336127404,-0.009447694519530935
-0.0014466211880943102,-0.0031369099596523405,-0.0007555077462933562,0.00017455081752118862,-0.002204102452125804,-0.0035465766517380295,-0.00028940378988176637,0.000556990457331211,-0.0022212687715061734,0.014275260749457796,0.0005684186491520249,-0.009512184199948249
-0.0014687697274370444,-0.0031716610581673252,-0.0007583747708109114,0.0001796437528727897,-0.0022256054164210256,-0.0034036430512589234,-0.00028400111362928044,0.00046159661298900406,-0.0020793240875380987,0.014311459346363398,0.0005121166013451611,-0.00956658466849315
-0.0014911257548508524,-0.0032049814116289106,-0.0007611906635798471,0.00018378028110932959,-0.0022456000663405853,-0.003260427641058157,-0.0002791774401578574,0.0003657090343189746,-0.0019196058963738376,0.014331622693789913,0.00045261809293944966,-0.00961093106551274
-0.0015136733091818911,-0.0032368689980702813,-0.0007639613723074528,0.00018695596638916353,-0.0022639107998671517,-0.0031170896472159826,-0.00027496430536328505,0.0002694280216478145,-0.0017425408089394474,0.014335976074644919,0.00039000886597502504,-0.009645271468719279
-0.0015363946957772012,-0.003267323375784232,-0.0007666931555645437,0.0001891673731512646,-0.0022803665191948653,-0.00297378589557411,-0.00027139234605488914,0.00017285333077239794,-0.0015486030566032975,0.014324774253729532,0.0003243829957041561,-0.009669666706364034
-0.0015592705338701143,-0.003296345657869762,-0.0007693925733809874,0.00019041206003757657,-0.0022948010993877554,-0.0028306705215319613,-0.0002684912172338422,7.608404648999793e-05,-0.0013383129819747493,0.014298300554700206,0.0002558427685052378,-0.009684190150115967
-0.0015822798085740263,-0.0033239384839243366,-0.0007720664770205141,0.00019068857256152207,-0.0023070538413946465,-0.002687894689382932,-0.0002662895106715027,-2.0781541700899255e-05,-0.0011122354194035115,0.014256865875105617,0.00018449854396265786,-0.009688927488063468
-0.0016053999273226986,-0.0033501059889802405,-0.0007747219979486011,0.00018999643454535416,-0.002316969908339815,-0.002545606321797848,-0.0002648146749458913,-0.00011764606153268297,-0.0008709779696302218,0.014200807641911162,0.00011046860115962454,-0.009683976478293273
-0.0016286067805846916,-0.0033748537697893773,-0.0007773665360088075,0.0001883361383509816,-0.002324400744058779,-0.00240394984002952,-0.00026409293709539125,-0.00021441317734182855,-0.0006151891741625719,0.01413048871175444,3.387896894038733e-05,-0.009669446683535848
-0.0016518748066695003,-0.0033981888485664336,-0.0007800077468245261,0.00018570913393079017,-0.0023292044729029595,-0.0022630659153817312,-0.00026414922604834333,-0.00031098770669645687,-0.0003455565946735191,0.014046296217803334,-4.513675953080054e-05,-0.00964545918738981
-0.0016751770604334607,-0.0034201196343055995,-0.0007826535284446982,0.00018211781672682368,-0.002331246279889114,-0.002123091232451443,-0.0002650070979860622,-0.00040727573409684106,-6.280480255736395e-05,0.013948640368254227,-0.0001264376280129681,-0.009612146292687026
-0.0016984852856845457,-0.003440655881790943,-0.0007853120072536102,0.00017756551444847365,-0.002330398770327891,-0.0019841582646172905,-0.00026668866379633935,-0.0005031847215731659,0.00023230671480199347,0.013837953198576326,-0.0002098755340424613,-0.009569651202577942
-0.0017217699910768093,-0.0034598086484251005,-0.0007879915231664589,0.0001720564727605535,-0.0023265423081248356,-0.0018463950622141776,-0.0002692145187733985,-0.0005986236160108653,0.0005389857258090332,0.013714687282046233,-0.00029529546136937423,-0.00951812768496196
-0.0017450005292774609,-0.0034775902490051464,-0.0007907006141339158,0.000165595839915298,-0.0023195653320054713,-0.001709925053795002,-0.0002726036747179853,-0.0006935029530402327,0.000856409498063853,0.013579314401788879,-0.0003825357275479835,-0.009457739720911521
-0.0017681451791823853,-0.0034940142085783366,-0.000793447999980457,0.00015818965036342909,-0.002309364648979425,-0.0015748668608430425,-0.00027687349459026145,-0.0007877349573335503,0.0011837271071454443,0.013432324188603028,-0.0004714282469072406,-0.009388661137751993
-0.0017911712309493888,-0.003509095213513872,-0.0007962425656027355,0.00014984480738096194,-0.0022958457044212626,-0.0014413341262639926,-0.00028203962986543464,-0.0008812336391598782,0.0015200618044870322,0.013274222727206953,-0.0005617988081274006,-0.009311075227513569
-0.0018140450736125432,-0.0035228490609299163,-0.0007990933435557598,0.00014056906474988842,-0.0022789228282096155,-0.0013094353569449045,-0.0002881159607394161,-0.0009739148870548258,0.0018645134378423474,0.013105531136610681,-0.0006534673666688945,-0.009225174351475959
-0.0018367322850357532,-0.0035352926066177775,-0.0008020094960561019,0.00013037100753226328,-0.0022585194564323985,-0.0011792737806273397,-0.00029511453932901555,-0.0010656965564702025,0.0022161609176011114,0.01292678412690228,-0.0007462483512509915,-0.009131159531599379
-0.0018591977239590645,-0.0035464437116074546,-0.0008050002964327857,0.00011926003197853262,-0.002234568328229855,-0.0010509472173080906,-0.0003030455360077425,-0.0011564985542759296,0.0025740647229075715,0.012738528536947524,-0.0008399509844943948,-0.009029240029546023
-0.0018814056238872926,-0.0035563211875206846,-0.0008080751100578981,0.00010724632461217954,-0.0022070116574157603,-0.0009245479653379057,-0.00031191718901474243,-0.0012462429189946868,0.0029372694399113324,0.012541321857089439,-0.0009343796169055951,-0.008919632914205448
-0.0019033196885672912,-0.0035649447408591084,-0.0008112433747903225,9.434084053391639e-05,-0.00217580127858396,-0.0008001627023468602,-0.0003217357574701291,-0.0013348538966579436,0.0033048063264487122,0.012335730741119665,-0.001029334074171745,-0.008802562618445916
-0.0019249031887975782,-0.003572334916376296,-0.0008145145809673028,8.055528098972563e-05,-0.0021408987674734455,-0.0006778724010906403,-0.0003325054779259371,-0.0014222580121802074,0.003675695895654179,0.012122329510124309,-0.001124610016989852,-0.008678260486006843
-0.0019461190603121197,-0.0035785130396831003,-0.0008178982509798161,6.590207024803881e-05,-0.0021022755354348573,-0.0005577522602702296,-0.00034422852457671814,-0.0015083841361571563,0.00404895051206346,0.011901698653957831,-0.0012199993131663533,-0.00854696430938295
-0.0019669300024788275,-0.003583501159236138,-0.0008214039184689421,5.039433183224334e-05,-0.002059912897906688,-0.0004398716503373003,-0.0003569049732484896,-0.0015931635470019375,0.004423576993570415,0.011674423332628043,-0.0013152904211879424,-0.00840891785957332
-0.0019872985775527467,-0.003587321987859126,-0.0008250411071815848,3.40458641555195e-05,-0.0020138021168771615,-0.00032429407426034617,-0.00037053276928003954,-0.0016765299883428316,0.004798579212334859,0.011441091882762777,-0.001410268785122043,-0.0082643704086055
-0.002007187310224012,-0.003589998843946361,-0.0008288193095250051,1.6871115605732176e-05,-0.001963944417375891,-0.00021107714318665844,-0.00038510769940402085,-0.0017584197216146326,0.005172960687919264,0.011202294331974772,-0.0015047172396742137,-0.008113576245754709
-0.002026558787201413,-0.003591555592496787,-0.0008327479648606696,-1.1148408712675168e-06,-0.0019103509781042993,-0.00010027256689851174,-0.0004006233677288735,-0.0018387715737853056,0.005545727166399023,0.010958620925654566,-0.0015984164252963173,-0.007956794188379909
-0.0020453757565738295,-0.0035920165861259047,-0.0008368364375788977,-1.9896333641037958e-05,-0.0018530428963790201,8.073841074980335e-06,-0.00041707117591675304,-0.0019175269801687829,0.005915889178656802,0.010710660669043848,-0.0016911452122795878,-0.007794287088315536
-0.0020636012266938624,-0.0035914066062011957,-0.0008410939949967069,-3.945711865330304e-05,-0.0017920511276275663,0.0001139221438668246,-0.00043444030764508694,-0.001994630022284234,0.006282464571633967,0.010458999889325006,-0.0017826811333871984,-0.007626321334774696
-0.0020811985643307,-0.003589750804244781,-0.0008455297851220943,-5.9780406068382546e-05,-0.0017274163997399532,0.00021723824741609862,-0.00045271771743239994,-0.0020700274607316667,0.006644481005888641,0.010204220820529797,-0.001872800824075399,-0.00745316635471183
-0.0020981315918426058,-0.003587074643744745,-0.0008501528143287624,-8.084888718735759e-05,-0.0016591891026411947,0.00031799385259111574,-0.00047188812390120983,-0.002143668763063343,0.007000978413863063,0.009946900214473628,-0.001961280469686577,-0.007275094111623411
-0.002114364683123359,-0.0035834038425139234,-0.0008549719249859843,-0.00010264476163587479,-0.0015874291535094853,0.0004161663935732035,-0.000491934007543185,-0.002215506126640096,0.00735101141247883,0.009687607981943916,-0.002047896258708465,-0.007092378603727138
-0.0021298628580815396,-0.003578764315731971,-0.0008599957730889162,-0.00012514976475143188,-0.001512205838126594,0.000511738962817307,-0.000512835613043195,-0.0022854944964713223,0.0076936516640994275,0.009426905866876792,-0.0021324248412935287,-0.006905295362518157
-0.002144591875416691,-0.003573182119803214,-0.0008652328059351863,-0.00014834519512402434,-0.0014335976289036715,0.0006047002229340521,-0.0005345709562108116,-0.00235359157804717,0.008027990180485039,0.009165346156472229,-0.002214643792229798,-0.00671412095265134
-0.00215851832346211,-0.0035666833971591955,-0.0008706912398940344,-0.00017221194224016563,-0.001351691980180119,0.0006950443058696659,-0.0005571158355588067,-0.002419757845181089,0.008353139564225471,0.008903470430650526,-0.0022943320773692044,-0.006519132474132491
-0.0021716097088702612,-0.003559294322130891,-0.0008763790383146233,-0.00019673051418052378,-0.001266585101450155,0.0007827706997911986,-0.0005804438485589859,-0.0024839565428905414,0.008668236181767357,0.008641808353656036,-0.002371270522666641,-0.0063206070677579475
-0.0021838345429236188,-0.003551041048011381,-0.000882303889620402,-0.0002218810653217431,-0.0011783817092213538,0.00086788412411085,-0.0006045264125967375,-0.0025461536853533225,0.00897244226399287,0.008380876510274235,-0.0024452422848836586,-0.006118821424798245
-0.0021951624252610235,-0.0035419496554252743,-0.0008884731856365661,-0.0002476434239934424,-0.0010871947582595943,0.0009503943931104604,-0.0006293327906360926,-0.002606318048986533,0.009264947928359007,0.008121177289647855,-0.0025160333229873877,-0.0059140513018438624
-0.0022055641248174386,-0.003532046102116454,-0.0008948940001977334,-0.0002739971200418983,-0.0009931451530234307,0.0010303162686536487,-0.0006548301215973576,-0.0026644211607046503,0.009544973118873718,0.007863197818989795,-0.0025834328692656006,-0.0057065710417796255
-0.0022150116577832318,-0.003521356174260712,-0.0009015730680829182,-0.00030092141225253447,-0.0008963614401351947,0.0011076693024947145,-0.0006809834554396189,-0.0027204372814225836,0.009811769458773472,0.007607408949223363,-0.0026472338991866406,-0.005496653101807029
-0.002223478362397802,-0.0035099054394046553,-0.000908516764324768,-0.000328395315584041,-0.0007969794827788438,0.0011824776687166328,-0.00070775579293034,-0.0027743433848787208,0.01006462201249671,0.0073542642951602705,-0.0027072335989575813,-0.005284567589420416
-0.002230938970401467,-0.003497719201126807,-0.0009157310839397889,-0.0003563976281677455,-0.0006951421179541848,0.0012547699868530422,-0.000735108130073825,-0.0028261191318621854,0.010302850952435088,0.0071041993321216,-0.00276323382973942,-0.005070581807272493
-0.0022373696749790157,-0.003484822455511213,-0.0009232216221259619,-0.0003849069580267441,-0.0005909987975555406,0.0013245791362657766,-0.0007629995071607763,-0.0028757468399375325,0.010525813127293743,0.006857630550425306,-0.002815041587650835,-0.004854959807796929
-0.0022427481950381806,-0.0034712398495180545,-0.0009309935549737166,-0.00041390174947027544,-0.0004847052142774386,0.0013919420623658757,-0.0007913870623901682,-0.0029232114487687338,0.010732903528326659,0.006614954669594511,-0.0028624694582275456,-0.004637961958443352
-0.0022470538356764783,-0.003456995641329796,-0.000939051620735689,-0.00044336030911988324,-0.0003764229133820893,0.0014568995752857966,-0.0008202260900043094,-0.0029685004811528266,0.0109235566507432,0.006376547914389671,-0.0029053360646006943,-0.004419844518375179
-0.0022502675447003398,-0.0034421136627452637,-0.0009474001017000499,-0.00047326083152505826,-0.00026631889139021027,0.0015194961416206887,-0.0008494701028678768,-0.003011603999882178,0.01109724774763261,0.006142765352588744,-0.0029434665081127798,-0.0042008592274951385
-0.0022523719650712165,-0.0034266172836878135,-0.000956042806711443,-0.0005035814243272813,-0.000154565182785136,0.0015797796698693483,-0.0008790708994107484,-0.003052514560562437,0.011253493973382243,0.0059139402971431915,-0.0029766928004615334,-0.0039812529085565505
-0.002253351483164361,-0.003410529378887378,-0.0009649830543827185,-0.0005343001329326968,-4.133843584380101e-05,0.001637801290217784,-0.0009089786348443414,-0.0030912271605206517,0.011391855414884754,0.005690383772543953,-0.003004854286257075,-0.0037612670830864427
-0.0022531922727372132,-0.0033938722967897152,-0.0009742236570396958,-0.0005653949646550304,7.31805212733887e-05,0.001693615129314746,-0.0009391418965511322,-0.0031277391839460785,0.011511936008553186,0.0054723840468484525,-0.003027798055101061,-0.0035411376019989192
-0.002251882334515726,-0.003376667830739658,-0.0009837669054401279,-0.0005968439122918291,0.00018880712302404439,0.0017472780806967174,-0.0009695077835352769,-0.003162050343413657,0.011613384341577954,0.00526020622954583,-0.003045379341727883,-0.0033210942915167276
-0.00224941153131854,-0.0033589371924785537,-0.0009936145543068724,-0.0006286249770986298,0.0003053535164131398,0.0017988495715241253,-0.0010000219898136265,-0.003194162617946483,0.011695894336241127,0.005054091935935742,-0.0030574619139420167,-0.003101360615048506
-0.0022457716186506,-0.003340700987989463,-0.00100376780871402,-0.0006607161911272665,0.00042262901717487626,0.0018483913262939992,-0.0010306288916159005,-0.0032240801877808476,0.011759205816106167,0.004854259018039056,-0.00306391844651277,-0.002882153351824405
-0.0022409562707096094,-0.0033219791957170134,-0.0010142273113633571,-0.0006930956388961891,0.0005404405710232672,0.0018959671281959327,-0.001061271638251514,-0.0032518093660036836,0.011803104953572018,0.004660901362347633,-0.003064630880609931,-0.002663682292742827
-0.00223496110176057,-0.003302791147182147,-0.0010249931307870794,-0.000725741478362396,0.0006585932187845687,0.0019416425787773688,-0.0010918922464929405,-0.003277358527237702,0.011827424598688286,0.004474188753939581,-0.0030594907676753658,-0.002446149954060898
-0.0022277836828455354,-0.0032831555100053442,-0.0010360647505111146,-0.0007586319611663655,0.0007768905642223803,0.0019854848565831694,-0.0011224316983140985,-0.003300738033556195,0.011832044488874049,0.004294266807220545,-0.0030483995965562283,-0.0022297513096376474
-0.0022194235538075925,-0.0032630902733452828,-0.0010474410592117552,-0.0007917454521232157,0.000895135243366196,0.002027562475429118,-0.0011528300418140172,-0.003321960157813832,0.011816891339889102,0.0041212569619692024,-0.003031269103427492,-0.002014673541889781
-0.0022098822306199704,-0.003242612735753314,-0.0010591203418965566,-0.0008250604479352077,0.0010131293941582295,0.0020679450429646525,-0.0011830264951462758,-0.003341039004584569,0.01178193881851759,0.003955256545137717,-0.00300802156302421,-0.0018010958122576214
-0.002199163208022962,-0.0032217394954376297,-0.00107110027213862,-0.0008585555951026461,0.001130675125243413,0.0021067030201722004,-0.0012129595532663952,-0.003357990428903115,0.011727207398519113,0.0037963388963718897,-0.002978590060999653,-0.0015891890514516706
-0.002187271957483073,-0.003200486442924558,-0.0010833779053914566,-0.0008922097070122102,0.0012475749827344205,0.002143907482442148,-0.001242567097300937,-0.0033728319530097087,0.011652764099682422,0.0036445535576175997,-0.0029429187459087403,-0.0013791157698670418
-0.002174215920500415,-0.0031788687560980865,-0.0010959496734096283,-0.000926001780183767,0.0013636324137971446,0.002179629882852129,-0.0012717865063334019,-0.0033855826813016412,0.011558722112862397,0.0034999265243785965,-0.0029009630605842385,-0.0011710298885194738
-0.0021600044973018287,-0.0031569008975924954,-0.0011088113797982709,-0.0009599110096587669,0.0014786522259201563,0.0022139418182661064,-0.0013005547713951058,-0.003396263213698343,0.011445240311739945,0.0033624605584169215,-0.0028526899517565263,-0.0009650765908208979
-0.0021446490309684927,-0.003134596614506881,-0.0011219581967124514,-0.0009939168035154066,0.0015924410407470396,0.0022469147988567564,-0.0013288086114409984,-0.003404895557629607,0.011312522653636737,0.003232135559713037,-0.0027980780574219932,-0.0007613921954319237
-0.0021281627870578857,-0.003111968940404406,-0.0011353846627250787,-0.0010279987964978466,0.0017048077413743617,0.0022786200216382674,-0.001356484591084469,-0.003411503038858398,0.011160817471827688,0.0031089089965892075,-0.002737117871272121,-0.0005601040503262454
-0.0021105609287908112,-0.0030890301995533088,-0.0011490846818797908,-0.0010621368627488999,0.001815563912040538,0.002309128148581168,-0.001383519239857943,-0.003416110211352246,0.010990416661407588,0.002992716391990849,-0.0026698118834226903,-0.00036133044844333453
-0.002091860487884821,-0.003065792013361092,-0.0011630515239428828,-0.0010963111276377493,0.0019245242691574758,0.0023385090898621662,-0.0014098491727604608,-0.003418742766417643,0.010801654761979983,0.0028834718642087726,-0.0025961746970808997,-0.00016518056463609918
-0.0020720803311257,-0.00304226530894786,-0.0011772778258659247,-0.001130501978676405,0.002031507082666798,0.0023668317927842365,-0.0014354112118479191,-0.0034194274413134967,0.010594907939884424,0.0027810687202052403,-0.0025162331204107713,2.8245585465432738e-05
-0.0020512411227786983,-0.003018460329799538,-0.0011917555944682444,-0.0011646900755207718,0.002136334586733496,0.0023941640368801602,-0.00146014250861603,-0.003418191927559869,0.010370592873455164,0.002685380098979548,-0.0024300262332113687,0.0002188571652601591
-0.002029365282950923,-0.00299438664843668,-0.0012064762103459405,-0.0011988563590543608,0.0022388333788215483,0.00242057223569143,-0.0014839806669231762,-0.0034150647791579185,0.010129165544155262,0.0025962596632743834,-0.0023376054282178704,0.00040657251512987366
-0.0020064769420256407,-0.0029700531810297544,-0.0012214304330115321,-0.0012329820595548338,0.002338834806234922,0.0024461212456937187,-0.0015068638661951557,-0.003410075320936688,0.009871119938519479,0.002513542337183358,-0.002239034426178066,0.0005913191291162558
-0.0019826018912982492,-0.002945468203887217,-0.0012366084072657597,-0.0012670487039457242,0.0024361753392433774,0.002470874182813734,-0.0015287309846503518,-0.00340325355724139,0.009596986663171592,0.0024370450868196475,-0.0021343892648611473,0.0007730336099434042
-0.0019577675299522757,-0.0029206393717383524,-0.0012519996708004215,-0.0013010381221378118,0.002530696929951342,0.0024948922469592164,-0.0015495217222820025,-0.0033946300811761353,0.009307331478421287,0.0023665677422768233,-0.0020237582614689997,0.0009516616031075599
-0.001932002808521956,-0.002895573737728762,-0.0012675931630284905,-0.0013349324524667527,0.002622247356112604,0.00251823455495886,-0.0015691767233317994,-0.0033842359846120397,0.009002753753831128,0.002301893857651907,-0.0019072419484904013,0.001127157709711609
-0.0019053381689957216,-0.0028702777750425714,-0.0012833772351350857,-0.0013687141462356606,0.002710680549134255,0.0025409579822792557,-0.0015876376979872488,-0.003372102769169533,0.008683884850499046,0.0022427916064272496,-0.0017849529825994526,0.00129948537878977
-0.001877805481722254,-0.002844757400061858,-0.0012993396613401947,-0.001402365971373407,0.002795856905559256,0.0025631170138634206,-0.001604847543034546,-0.003358262258379774,0.008351386434501108,0.0021890147104056817,-0.0016570160268600254,0.0014686167791619874
-0.0018494379792876373,-0.002819017996970517,-0.0013154676513613603,-0.0014358710152214478,0.0028776435813640962,0.0025847636044047805,-0.0016207504611985813,-0.003342746511228372,0.008005948726466938,0.0021403033978662916,-0.0015235676059470182,0.0016345326511184623
-0.0018202701875385456,-0.0027930644437067823,-0.0013317478640618632,-0.001469212686463988,0.002955914768454248,0.0026059470483421675,-0.0016352920789019898,-0.003325587737279662,0.007648288691563466,0.0020963853896111134,-0.0013847559347346938,0.0017972221386235408
-0.0017903378539323254,-0.002766901139165902,-0.001348166422267252,-0.0015023747162182604,0.003030551952789795,0.0026267138598339156,-0.0016484195621757792,-0.0033068182135748162,0.007279148175545824,0.002056976908738503,-0.0012407407200231702,0.0019566826023456087
-0.0017596778734002535,-0.0027405320315520396,-0.0013647089287304127,-0.0015353411583036002,0.0031014441536245893,0.0026471076629385457,-0.0016600817304563654,-0.003286470203493153,0.006899291991413082,0.0020217837121875443,-0.0010916929360940686,0.0021129194139870543
-0.0017283282119151748,-0.0027139606477763435,-0.0013813604832227267,-0.0015680963887098746,0.00316848814339115,0.0026671690922006716,-0.0016702291680064248,-0.003264575877761713,0.006509505961899097,0.001990502140237646,-0.000937794573917794,0.0022659457323008815
-0.0016963278279591343,-0.0026871901237962904,-0.0013981057007262509,-0.001600625104287637,0.003231588647816946,0.002686935703809948,-0.0016788143326984097,-0.0032411672377907646,0.006110594923260094,0.0019628201816176555,-0.0007792383644791845,0.0024157822618888734
-0.0016637165920905,-0.002660223235789881,-0.0014149287306992686,-0.0016329123206841286,0.0032906585259098917,0.0027064418974719557,-0.0016857916619051473,-0.0032162760415075623,0.005703380695329007,0.001938418550783902,-0.0006162274768683473,0.002562456994751553
-0.0016305352048134375,-0.0026330624320570284,-0.001431813277385021,-0.0016649433695509399,0.003345618929502627,0.002725718849098532,-0.0016911176752453401,-0.003189933731854693,0.005288700023218063,0.0019169717745314424,-0.0004489751911702089,0.002706004935822289
-0.0015968251129554244,-0.0026057098655395535,-0.0014487426211309302,-0.0016967038950507728,0.003396399442099995,0.0027447944543964424,-0.0016947510739364737,-0.0031621713681118913,0.004867402496255568,0.001898149285050596,-0.00027770454705650094,0.0028464678127380107
-0.0015626284247607894,-0.0025781674268505663,-0.0014656996406831832,-0.001728179849692298,0.0034429381968269987,0.0027636932834010047,-0.001696652836514126,-0.003133019560193131,0.004440348449145138,0.001881616515861842,-0.00010264796847397895,0.002983893771014042
-0.001527987823910016,-0.002550436777703697,-0.0014826668364191628,-0.0017593574895235814,0.0034851819733276996,0.002782436545972832,-0.0016967863106817972,-0.003102508406063571,0.0040084068509950825,0.0018670359985036716,7.595313493974354e-05,0.0031183370548979496
-0.001492946482675777,-0.0025225193846326022,-0.0014996263544778897,-0.0017902233687159643,0.003523086273520096,0.0028010420682461484,-0.0016951173010635984,-0.003070667432413007,0.00357245318748416,0.001854068456159555,0.00025784878869999917,0.003249857675214903
-0.00145754797442735,-0.002494416552891442,-0.0015165600117463987,-0.0018207643335715947,0.0035566153761652894,0.002819524279985896,-0.00169161415263819,-0.0030375255387130764,0.0031333673415545153,0.0018423738917899696,0.00044278089638166707,0.003378521064771215
-0.001421836185695216,-0.0024661294604275933,-0.0015334493216577975,-0.0018509675159890538,0.0035857423702615053,0.0028378942127838527,-0.0016862478296415721,-0.003003110944778742,0.0026920314776886396,0.0018316126678014216,0.0006304837029418864,0.00350439772209565
-0.0013858552280072703,-0.0024376591918187037,-0.0015502755207546799,-0.0018808203264226702,0.0036104491673276504,0.002856159508994053,-0.0016789919897349035,-0.0029674511419445384,0.002249327935540401,0.001821446574238647,0.0008206842783918256,0.0036275628447450838
-0.001349649349707169,-0.0024090067720673332,-0.001567019595969562,-0.0019103104463721796,0.0036307264926926206,0.002874324441280043,-0.0016698230532415019,-0.0029305728479573382,0.0018061371374536346,0.0018115398829593593,0.0010131030202885083,0.003748095952694982
-0.0013132628479639197,-0.0023801732001478377,-0.0015836623125721158,-0.001939425820440353,0.0036465738559572146,0.0028923899426190605,-0.0016587202672692705,-0.002892501965677358,0.0013633355154651465,0.0018015603848441225,0.0012074541741577405,0.003866080503301065
-0.001276739981179891,-0.002351159482201842,-0.001600184242731176,-0.001968154647997096,0.0036579995008485153,0.002910353646580073,-0.0016456657645427817,-0.0028532635456711922,0.0009217934627950182,0.0017911804073583865,0.001403446371140038,0.003981603497932081
-0.0012401248820019788,-0.0023219666642806014,-0.0016165657946377984,-0.001996485374489297,0.0036650203347339313,0.0029282099376680584,-0.0016306446167816966,-0.002812881752769018,0.0004823733142881974,0.0017800778102386866,0.0016007831810769813,0.004094755082502791
-0.0012034614711377515,-0.0022925958645347534,-0.0016327872421340733,-0.0020244066824363855,0.0036676618381115363,0.002945950011501546,-0.0016136448824732872,-0.0027713798366487013,4.5927361232812186e-05,0.0017679369564588404,0.0017991636806048983,0.004205628141560554
-0.0011667933721749835,-0.0022630483047544276,-0.0016488287547909292,-0.0020519074821521333,0.003665957954442065,0.0029635619445636174,-0.0015946576488978783,-0.002728780106500858,-0.00038670409512713347,0.0017544496559554895,0.0019982830344768554,0.004314317888008071
-0.001130163827599109,-0.0022333253411653854,-0.001664670428376812,-0.002078976902233718,0.003659950960732826,0.0029810307732448115,-0.001573677068278674,-0.002685103909816094,-0.0008146946467206366,0.0017393160802833402,0.0021978330893639986,0.004420921448944789
-0.0010936156161988019,-0.0022034284943897916,-0.001680292315657909,-0.0021056042798594343,0.003649691319328606,0.002998338581873955,-0.0015507003879407396,-0.002640371615327161,-0.0012372336341233588,0.0017222456455453367,0.0023975029782228874,0.004525537448841769
-0.0010571909720451134,-0.0021733594784833737,-0.0016956744574694953,-0.0021317791509367075,0.0036352375114090873,0.0030154645994096185,-0.0015257279743765258,-0.0025946026001274687,-0.0016535279497804194,0.0017029578615873758,0.002596979734619864,0.004628265591096744
-0.001020931505224402,-0.0021431202289640986,-0.001710796913997017,-0.002157491240142232,0.0036166558527332125,0.0030323853044453976,-0.0014987633311278222,-0.0025478152409774708,-0.0020628037853945187,0.0016811831455684073,0.0027959489151208605,0.004729206238902831
-0.0009848781244996814,-0.002112712929751059,-0.0017256397962047002,-0.002182730450896115,0.0035940202922108864,0.003049074538162573,-0.0014698131104088066,-0.0025000269097991117,-0.0024643083190706953,0.0016566635978666616,0.0029940952286822697,0.004828459996768949
-0.0009490709620690175,-0.002082140038936027,-0.00174018329734879,-0.002207486855311853,0.003567412193921887,0.0030655036248438193,-0.0014388871184091686,-0.0024512539733484457,-0.0028573113387291744,0.0016291537383826687,0.003191103171245324,0.004926127293364283
-0.0009135493005832221,-0.002051404313314073,-0.0017544077245119814,-0.002231750684163823,0.003536920103237202,0.0030816414995469077,-0.001405998314229088,-0.002401511797045593,-0.003241106798207837,0.0015984212022349814,0.003386657664770809,0.00502230796720626
-0.000878351502578373,-0.0020205088316037393,-0.0017682935300951939,-0.0022555123169137035,0.003502639497732618,0.0030974548425198754,-0.00137116280241341,-0.0023508147529304976,-0.003615014302708986,0.0015642473923585948,0.003580444698364771,0.005117100855812854
-0.0008435149424716223,-0.0019894570162915224,-0.0017818213432025981,-0.0022787622718368756,0.003464672523617521,0.003112908219923498,-0.0013343998190674423,-0.002299176231703931,-0.003978380520310364,0.0015264280883659082,0.003772151970828752,0.005210603389500409
-0.0008090759412613743,-0.0019582526540398272,-0.0017949720008556842,-0.002301491196289399,0.003423127718432075,0.0031279642304155365,-0.0012957317115497653,-0.002246608658800725,-0.00433058051677886,0.0014847740100417534,0.003961469532706652,0.005302911191140795
-0.0007750697040652437,-0.0019268999146020657,-0.0018077265789722037,-0.002323689857155565,0.0033781197207940514,0.003142583657136778,-0.0012551839117541388,-0.002193123514432521,-0.004671019010825849,0.0014391113342066136,0.004148090426418671,0.005394117682500085
-0.0007415302606212577,-0.0018954033681932321,-0.0018200664230460083,-0.00234534913151537,0.003329768968003156,0.0031567256246299302,-0.0012127849030067928,-0.0021387313575284123,-0.004999131547353253,0.0013892821644237857,0.004331711323050547,0.005484313698321589
-0.0007084904088695704,-0.0018637680012690222,-0.0018319731784641445,-0.002366459997570464,0.0032782013823343067,0.003170347760212048,-0.001168566180620436,-0.0020834418534904594,-0.005314385586416569,0.0013351449519997255,0.004512033154220829,0.005573587109269026
-0.000675981661723534,-0.0018319992306714012,-0.0018434288203980577,-0.0023870135258662736,0.00322354804687296,0.0031834063593121588,-0.0011225622061622046,-0.0020272638056714246,-0.005616281505852739,0.0012765748680224481,0.00468876173742544,0.005662022454537955
-0.0006440341971303442,-0.0018001029161034386,-0.001854415683206398,-0.0024070008708469955,0.0031659448717650035,0.003195856554280364,-0.0010748103555058629,-0.0019702051904729547,-0.005904353515738547,0.001213464125618638,0.00486160839384292,0.005749700585156
-0.0006126768115126652,-0.0017680853709011915,-0.001864916489287701,-0.0024264132627791284,0.0031055322517708045,0.0032076524861690625,-0.0010253508607547224,-0.0019122731959536285,-0.006178170483101254,0.001145722252121048,0.005030290556385153,0.005836698318709258
-0.0005819368766736736,-0.001735953371075438,-0.0018749143773221606,-0.002445242000078022,0.0030424547160275146,0.0032187474789816084,-0.0009742267461372054,-0.0018534742638250969,-0.006437336665556747,0.0010732763103881299,0.005194532367118254,0.00592308810699704
-0.0005518403002388554,-0.0017037141626011195,-0.001884392929842794,-0.0024634784420706868,0.0029768605709361126,0.003229094215882118,-0.0009214837579894865,-0.0017938141347078474,-0.006681492352723684,0.0009960710697137637,0.005354065262425545,0.006008937716452837
-0.0005224114896986808,-0.0016713754669374155,-0.0018933362000775247,-0.00248111400222677,0.002908901537098818,0.003238644916858676,-0.0008671702889566364,-0.001733297896508792,-0.006910314414735285,0.0009140691255978967,0.005508628544144467,0.00609430992335824
-0.0004936733201069813,-0.001638945484766462,-0.0019017287380050862,-0.0024981401418881833,0.0028387323812410735,0.003247351517332035,-0.0008113372965556663,-0.0016719300357738798,-0.007123516756813598,0.0008272509690739754,0.005657969936049556,0.006179262223624197
-0.0004656471054804924,-0.0016064328979437867,-0.0019095556155691578,-0.0025145483645263697,0.002766510544056706,0.003255165847203016,-0.0007540382162586533,-0.0016097144918634015,-0.0073208506800598976,0.0007356150051222171,0.005801846123353049,0.00626384655847145
-0.0004383525739356238,-0.0015738468696585976,-0.0019168024509967924,-0.0025303302105546244,0.0026923957649170214,0.0032620398098348055,-0.0006953288692682779,-0.001546654713787538,-0.007502105147877015,0.0006391775212356426,0.005940023274722039,0.006348109056701249
-0.00041180784658910967,-0.0015411970428070708,-0.001923455432168984,-0.002545477252721229,0.0026165497043858,0.0032679255604705433,-0.0006352673651700571,-0.001482753719533359,-0.0076671069583673195,0.0005379726059119433,0.006072277544922122,0.006432089794134562
-0.0003860294202397837,-0.0015084935365867634,-0.0019295013389931332,-0.002559981092107443,0.0025391355654793943,0.003272775683590948,-0.0005739139996597572,-0.0014180141577094596,-0.007815720822913753,0.00043205201816896854,0.006198395557137859,0.006515822570645317
-0.00036103215383935224,-0.0014757469413251843,-0.0019349275647292134,-0.0025738333547526172,0.002460317714606898,0.003276543368724877,-0.0005113311475562863,-0.0013524383713253874,-0.0079478493515855,0.00032148500861674256,0.0063181748635563195,0.006599334706169132
-0.0003368292587507252,-0.0014429683115603994,-0.0019397221362236069,-0.0025870256889268402,0.0023802613031185115,0.0032791825842320888,-0.00044758315132241314,-0.0012860284635192116,-0.008063432946091843,0.00020635809282563977,0.006431424383218309,0.006682646855066036
-0.00031343229278322593,-0.0014101691573963062,-0.0019438737330068506,-0.002599549763069642,0.00229913189038134,0.0032806482485865495,-0.00038273620532632284,-0.0012187863650411036,-0.008162449601342447,8.677477806652567e-05,0.006537964815999747,0.006765772840555569
-0.00029085115798486793,-0.001377361434159873,-0.0019473717052139322,-0.0026113972644113198,0.0022170950692902603,0.003280896398700076,-0.0003168582360900055,-0.0011507139032944898,-0.008244914616873534,-3.714475536122086e-05,0.00663762903126372,0.006848719508767202
-0.000269094102162875,-0.0013445575303921934,-0.0019502060902882804,-0.002622559898291458,0.0021343160951083264,0.003279884354835865,-0.00025001877877964024,-0.001081812872733185,-0.008310880219513272,-0.00016526401748105657,0.006730262430809333,0.006931486603493794
-0.00024816772409475555,-0.0013117702542096413,-0.0019523676284331905,-0.002633029388187163,0.0020509595185155636,0.0032775708816745633,-0.00018228885020236322,-0.0010120851064077474,-0.008360435099039321,-0.00029743061477928434,0.006815723284646066,0.007014066661593713
-0.0002280769823835427,-0.0012790128180757208,-0.001953847776777123,-0.0026427974764614676,0.001967188823727007,0.0032739163451095256,-0.00011374081858413837,-0.0009415325484532145,-0.008393703858671952,-0.0004334766982282273,0.006893883038998905,0.0070964449293128805
-0.00020882520790229962,-0.0012462988220283688,-0.0019546387222221053,-0.0026518559258402563,0.0018831660725216078,0.0032688828643608727,-4.444827041233455e-05,-0.0008701573273045208,-0.0084108463824079,-0.0005732194515023631,0.006964626595361859,0.007178599300425862
-0.00019041411976468298,-0.0012136422354114898,-0.001954733392947336,-0.002660196521623904,0.0017990515550017202,0.003262434459014935,2.5514125366229252e-05,-0.0007979618294249964,-0.008412057121569626,-0.000716461617685224,0.007027852560350902,0.007260500275479028
-0.0001728438447502779,-0.001181057377163359,-0.001954125468543034,-0.002667811074637688,0.0017150034478792967,0.0032545371906112187,9.607075549415635e-05,-0.000724948773331812,-0.008397564302915096,-0.0008629920630579685,0.007083473465234517,0.007342110943157846
-0.00015611294010558268,-0.0011485588947182216,-0.0019528093887525967,-0.002674691424922846,0.0016311774810597454,0.003245159298416259,0.0001671452025932801,-0.000651121283699786,-0.008367629060995151,-0.0010125863759339188,0.007131415954590235,0.007423386983247345
-0.0001402184196339477,-0.0011161617415809321,-0.001950780360804202,-0.0026808294461679693,0.001547726613267248,0.0032342713290416424,0.00023866038708564925,-0.0005764829653249003,-0.008322544497504292,-0.001165007498989415,0.007171620943883593,0.007504276691729792
-0.0001251557829804775,-0.0010838811536378105,-0.001948034365316129,-0.002686217050878239,0.0014648007174267953,0.0032218462595826947,0.0003105387105289531,-0.0005010379767290261,-0.008262634670586255,-0.001320006392800152,0.007204043744777185,0.007584721027445059
-0.00011091904801090501,-0.0010517326242700307,-0.0019445681607632502,-0.0026908461962778193,0.0013825462764877018,0.00320785961397325,0.0003827022000468277,-0.0004247911031870368,-0.008188253517232447,-0.0014773227290888619,0.007228654158797733,0.007664653680952791
-9.750078617675771e-05,-0.001019731878338801,-0.0019403792864953649,-0.00269470889093854,0.0013011060903417582,0.0031922895722726855,0.00045507265353023665,-0.00034774782895711294,-0.008099783711956254,-0.0016366856110240219,0.007245436537884058,0.007744001165031985
-8.489216075276807e-05,-0.0009878948451143314,-0.0019354660643013009,-0.002697797202125818,0.0012206189944561701,0.003175117072621248,0.0005275717852825598,-0.0002699144084984507,-0.007997635465161346,-0.001797814319263527,0.007254389812580565,0.007822682926700467
-7.308296782645292e-05,-0.0009562376302231199,-0.0019298275985159834,-0.002700103263850625,0.0011412195908068598,0.0031563259056210575,0.0006001213717809438,-0.0001912979364629932,-0.007882245264700726,-0.0019604190807745864,0.007255527487096229,0.00790061148039103
-6.20616799141074e-05,-0.0009247764866903996,-0.0019234637746709622,-0.0027016192856141753,0.0010630379916622447,0.0031359028009230044,0.0006726433972232925,-0.00011190641624704297,-0.007754074564222269,-0.0021242018588360084,0.0072488776013735,0.007977692562799014
-5.1815492072141366e-05,-0.0008935277851566829,-0.00191637525669219,-0.002702337561829882,0.0009861995767309615,0.003113837505820323,0.000745060198531151,-3.17488268943177e-05,-0.007613608422034356,-0.002288857161700228,0.007234482660198209,0.008053825307746041
-4.233037036773996e-05,-0.0008625079833492189,-0.001908563482652139,-0.002702250481905084,0.0009108247641493201,0.003090122855672483,0.0008172946094790392,4.9164811853889744e-05,-0.007461354094293927,-0.002454072867867821,0.007212399529379417,0.008128902441895448
-3.359110256826447e-05,-0.000831733594890825,-0.0019000306590866395,-0.002701350540962985,0.0008370287957457784,0.003064754836006283,0.0008892701036208705,0.00013082337656598268,-0.0072978395864144,-0.0026195310653721465,0.007182699298986843,0.008202810500523142
-2.5581350904633456e-05,-0.0008012211575299742,-0.0018907797538900973,-0.002699630351183262,0.0007649215369804238,0.003037732636163894,0.0009609109356875725,0.0002132145793786066,-0.007123612166656513,-0.00278490890310569,0.00714546711435355,0.00827543006200164
-1.8283706760143893e-05,-0.0007709872008772076,-0.0018808144878059928,-0.0026970826537378715,0.000694607291917489,0.003009058694389429,0.0010321422811333113,0.0002963249096994699,-0.0069392368459304625,-0.00294987945178736,0.007100801974794228,0.008346636002171018
-1.1679747132814498e-05,-0.0007410482137339085,-0.0018701393245327783,-0.002693700331296663,0.0006261846335483901,0.0029787387342703796,0.0011028903735095948,0.00038013957854221147,-0.006745294827889315,-0.0031141125720225565,0.0070488165004624695,0.008416297766377298
-5.750092716363513e-06,-0.0007114206111001919,-0.0018587594594684717,-0.0026894764210755946,0.000559746249741807,0.0029467817924729487,0.0011730826393517237,0.0004646424656714825,-0.006542381933427304,-0.0032772757874636044,0.00698963666796331,0.008484279659476915
-4.7446744237460003e-07,-0.0006821207009491632,-0.0018466808071203704,-0.0026844041283985705,0.0004953788050559758,0.00291320023773278,0.0012426478302685405,0.0005498160697333519,-0.006331107003738946,-0.003439035160570106,0.006923401515400059,0.008550441152896951
4.168240675939154e-06,-0.0006531646508550658,-0.0018339099872093712,-0.0026784768407422162,0.00043316281860677504,0.0028780097810866996,0.0013115161519312948,0.0006356414615374923,-0.006112090286101195,-0.0035990561686459616,0.00685026281715078,0.008614637207931139
8.199917559690478e-06,-0.0006245684545628651,-0.0018204543095013904,-0.0026716881422312795,0.00037317255814348977,0.002841229477353437,0.0013796193896648593,0.0007220982406498651,-0.005885961806555862,-0.0037570045780065536,0.0067703847295621025,0.008676718614543402
1.1643160102619822e-05,-0.0005963478985866275,-0.001806321757401309,-0.002664031828550787,0.00031547595044237884,0.0028028817178940876,0.0014468910303514202,0.0008091644954486525,-0.005653359733666329,-0.003912547313863354,0.0066839434077500745,0.008736532345214085
1.4521212395264244e-05,-0.0005685185289236278,-0.0017915209703477232,-0.0026555019222396117,0.0002601345080865057,0.0027629922147058513,0.0015132663803657518,0.0008968167667863787,-0.005414928737508307,-0.004065353323783896,0.006591126595116244,0.008793921922331152
1.6857901298990768e-05,-0.0005410956179704772,-0.0017760612250495367,-0.0026460926883287205,0.00020720327265879917,0.002721589975924274,0.0015786826792715384,0.0009850300153918699,-0.005171318348032996,-0.004215094432531527,0.0064921331860410755,0.008848727798767095
1.8677571533955305e-05,-0.0005140941317266981,-0.001759952415608104,-0.0026357986502860645,0.00015673077433410828,0.002678707272831545,0.0016430792090149895,0.0010737775931393165,-0.004923181316905185,-0.00436144618601432,0.0063871727626491695,0.008900787750722242
2.0005020444701757e-05,-0.0004875286973700932,-0.0017432050325712056,-0.0026246146062288635,0.00010875900781518212,0.00263437959848944,0.0017063973983647183,0.0011630312183008936,-0.004671171986880048,-0.00450408868240669,0.006276465107296562,0.008949937281593198
2.086543260636354e-05,-0.0004614135712869653,-0.0017258301409675924,-0.002612535645362919,6.332342451717452e-05,0.002588645618136137,0.0017685809223579039,0.001252760954888014,-0.00441594467272147,-0.004642707388253911,0.006160239691340559,0.008996010035830906
2.1284314433277028e-05,-0.0004357626076387491,-0.0017078393573731838,-0.0025995571646075825,2.0452940865522922e-05,0.0025415471115070986,0.0018295757965238178,0.001342935196179275,-0.00415815205760885,-0.004776993937553806,0.006038735141842215,0.009038838222421283
2.1287428950269383e-05,-0.0004105892275449155,-0.001689244826062225,-0.0025856748853640716,-1.983003746705198e-05,0.002493128907259622,0.001889330465667943,0.0014335206525229066,-0.00389844360890613,-0.004906646911941551,0.005912198686982846,0.00907825304630501
2.0900730884949286e-05,-0.0003859063889601188,-0.001670059194298818,-0.0025708848703840164,-5.75095755969673e-05,0.0024434388096997183,0.0019477958870134807,0.0015244823434881255,-0.0036374640170769336,-0.0050313726000391495,0.005780885582124688,0.009114085146738768
2.015030223701636e-05,-0.0003617265573214771,-0.0016502955868261972,-0.0025551835406944176,-9.257615398961777e-05,0.002392527518028627,0.0020049256075106623,0.0016157835944316506,-0.0033758516614531622,-0.005150885734179114,0.0056450585173116255,0.009146165041966262
1.9062288477922504e-05,-0.00033806167703961373,-0.001629967579612955,-0.002538567692534586,-0.00012502659782915367,0.0023404485383440453,0.0020606758351377715,0.0017073860375346765,-0.003114237106454018,-0.0052649102027372136,0.0055049870081102445,0.00917432357863894
1.766283553117592e-05,-0.00031492314390465224,-0.0016090891729171068,-0.002521034514260146,-0.00015486399152016335,0.0022872580886482527,0.0021150055040318728,0.0017992496173533333,-0.0028532416317479173,-0.005373179736421277,0.005360946770710036,0.009198392385092416
1.5978027680187097e-05,-0.00029232177847575533,-0.0015876747637304355,-0.0025025816031687986,-0.000182097578677601,0.0022330149971311287,0.0021678763333023853,0.0018913326009161256,-0.0025934757997396127,-0.005475438567003485,0.005213219083392499,0.009218204327466048
1.4033826546826678e-05,-0.00027026780052003967,-0.0015657391176669365,-0.002483206982202273,-0.0002067426479944826,0.002177780594012004,0.0022192528793974096,0.0019835915923889845,-0.002335538063636712,-0.005571442056821488,0.005062090135612381,0.009233593967105727
1.1856011279810432e-05,-0.0002487708045637867,-0.0015432973403604216,-0.002462909116478741,-0.0002288204054087666,0.0021216185972385932,0.002269102581905579,0.002075981552317457,-0.002080013419220088,-0.005660957297860633,0.004907850366021531,0.009244398018588826
9.470120087659462e-06,-0.00022783973661582007,-0.0015203648484374238,-0.0024416869296099257,-0.00024835783302142733,0.0020645949923547287,0.002317395802693983,0.002168455821445567,-0.001827472103312057,-0.0057437636789122865,0.004750793791659276,0.009250455807033167
6.901393246317767e-06,-0.00020748287211973734,-0.0014969573401324597,-0.002419539819757205,-0.00026538753524691175,0.0020067779068618174,0.002364105858298841,0.0022609661490985947,-0.0015784683417848291,-0.005819653419669932,0.0045912173293122735,0.009251609723572349
4.17471770655878e-06,-0.00018770779518837653,-0.00147309076561346,-0.0023964676753811913,-0.0002799475727048857,0.0019482374794103446,0.002409209045501087,0.002353462726104125,-0.0013335391498099577,-0.00588843207062463,0.004429420111136957,0.009247705677533705
1.314573421092417e-06,-0.00016852137917048083,-0.0014487812970857697,-0.0023724708906395866,-0.0002920812843883868,0.0018890457241687952,0.0024526846600369744,0.002445894222216812,-0.0010932031868902611,-0.005949918977685251,0.004265702796040487,0.009238593545003712
-1.6550184941902156e-06,-0.0001499297685960007,-0.0014240452987435372,-0.0023475503803885044,-0.0003018370986681398,0.0018292763907272291,0.00249451500840954,0.00253820782799962,-0.0008579596690603472,-0.006003947710627969,0.004100366878472657,0.009224127611557956
-4.710545656109949e-06,-0.0001319383625428567,-0.0013988992966375686,-0.0023217075947429945,-0.00030926833371580685,0.001769004819901574,0.0025346854127841776,0.0026303493011023593,-0.0006282873404730646,-0.006050366454503062,0.0039337139964548615,0.009204167008989891
-7.829052264440487e-06,-0.00011455179946428596,-0.0013733599485288054,-0.002294944533153139,-0.00031443298795030096,0.001708307795812573,0.002573184208968453,0.0027222630168687555,-0.0004046435064257517,-0.0060890383632971196,0.0037660452404002023,0.009178576144289366
-1.0988184809846736e-05,-9.777394351212212e-05,-0.0013474440137964975,-0.0022672637579528405,-0.0003173935211309487,0.0016472633946201937,0.002610002737493123,0.0028138920231909367,-0.00018746312970379514,-0.006119841875178764,0.0035976604645338514,0.009147225120146915
-1.416623554919748e-05,-8.160787238752074e-05,-0.001321168323469888,-0.0022386684073392835,-0.0003182166267392002,0.0015859508303000835,0.0026451353278287857,0.002905178099520471,2.2842008053490515e-05,-0.00614267098884326,0.003428857602598652,0.00910999014575993
-1.7342183664427204e-05,-6.605586674675329e-05,-0.0012945497504517995,-0.002209162207742013,-0.00031697299630674457,0.0015244502978534068,0.0026785792757889025,0.002996061819933622,0.00022588407843763397,-0.006157435500492067,0.0032599319894246956,0.009066753936870217
-2.049573402777208e-05,-5.1119401185760166e-05,-0.0012676051800019196,-0.0021787494855416575,-0.00031373707636223063,0.001462842814345217,0.002710334814187082,0.0030864826201374915,0.00042129991046515464,-0.00616406120114589,0.0030911756902111745,0.009017406103903738
-2.3607353502989992e-05,-3.679913682318862e-05,-0.001240351480546818,-0.0021474351780994935,-0.0003085868186813519,0.0014012100581690925,0.002740405076833231,0.0031763788682952895,0.0006087516257105921,-0.0061624900340789684,0.002922876839018644,0.008961843527655874
-2.6658304719075566e-05,-2.3094915497655634e-05,-0.0012128054748828058,-0.002115224844060327,-0.00030160342453576283,0.0013396342069375048,0.0027687960559692215,0.003265687939538014,0.0007879272034072224,-0.006152680212238595,0.0027553189881794407,0.008899970720889064
-2.963067725998022e-05,-1.0005755590978254e-05,-0.001184983911836651,-0.0020821246728925406,-0.0002928710836451681,0.0012781977743979715,0.0027955165532617308,0.003354346294019271,0.0009585409747117288,-0.006134606295668074,0.0025887804703224535,0.00883170017536232
-3.250741622092579e-05,2.4701505148847652e-06,-0.0011569034384479187,-0.0020481414936306297,-0.0002824767085439466,0.0012169834467746317,0.002820578124484725,0.003442289558362907,0.0011203340455325714,-0.006108259228999893,0.00242353377427635,0.00875695269336492
-3.5272348089039753e-05,1.4335437343425398e-05,-0.0011285805727352933,-0.002013282782787106,-0.00027050966507884545,0.001156073918933495,0.0028439950180403537,0.0035294526103418584,0.0012730746474876528,-0.006073646339227454,0.0022598449368494353,0.00867565770242533
-3.791020391322216e-05,2.5593565591928605e-05,-0.0011000316771076761,-0.001977556671402297,-0.00025706149975763545,0.0010955517307671466,0.0028657841074830846,0.00361576966661989,0.0014165584167543446,-0.006030791294042229,0.002097972951696732,0.008587753553180935
-4.040663973536072e-05,3.6248819766720925e-05,-0.001071272932479136,-0.0019409719512023076,-0.00024222566467007697,0.001035499104191317,0.0028859648182249296,0.0037011743733780266,0.0015506086007573486,-0.005979734021123659,0.0019381691966722722,0.008493187798446364
-4.2748254262222196e-05,4.6306304193384166e-05,-0.0010423203131449358,-0.0019035380798372121,-0.0002260972407022182,0.000975997781141331,0.0029045590486151307,0.003785599899641061,0.0016750761928144078,-0.005920530588873554,0.001780676881367911,0.008391917454160527
-4.4922603764547806e-05,5.5771937413846415e-05,-0.0010131895624738497,-0.0018652651851734446,-0.00020877265976290373,0.0009171288629511189,0.0029215910856020886,0.0038689790331124497,0.0017898399950484825,-0.00585325304916888,0.0016257305160237087,0.008283909240117168
-4.691821419704956e-05,6.465244498605811e-05,-0.0009838961694698526,-0.0018261640686163003,-0.00019034942673744774,0.0008589726514912201,0.002937087515197327,0.00395124427831641,0.0018948066100427166,-0.00577798924281088,0.0014735554030240253,0.008169139800674977
-4.872459054012529e-05,7.295535070568949e-05,-0.0009544553462539905,-0.0017862462074405036,-0.0001709258418776971,0.0008016084924350554,0.0029510771279750835,0.004032327956842926,0.0019899103619074113,-0.005694842568422051,0.0013243671525271991,0.008047595904628155
-5.0332223371165306e-05,8.068896627293844e-05,-0.000924882006514845,-0.0017455237561088707,-0.00015060072433030667,0.0007451146210147345,0.0029635908198540227,0.004112162309483645,0.0020751131475706744,-0.0056039317156421214,0.0011783712232606505,0.007919274623515785
-5.173259268029612e-05,8.786237943110571e-05,-0.0008951907449734866,-0.001704009546561247,-0.0001294731374958566,0.00068956801061872,0.0029746614884176635,0.004190679600041096,0.002150404219319342,-0.005505390363560778,0.0010357624894675108,0.007784183487974314
-5.291816895227895e-05,9.448544060706948e-05,-0.0008653958179061899,-0.001661717087458096,-0.00010764211690070878,0.0006350442245740344,0.0029843239250416796,0.004267812220589122,0.0022157998997102205,-0.005399366845376355,0.0008967248353357118,0.007642340621630897
-5.388241154303781e-05,0.00010056874808716573,-0.0008355111247654426,-0.0016186605623653568,-8.520640125106355e-05,0.0005816172714452157,0.002992614703107772,0.004343492797958703,0.0022713432302188252,-0.0052860237803873805,0.0007614307778827586,0.007493774852285348
-5.461976438591608e-05,0.00010612363176524659,-0.0008055501909369449,-0.0015748548268694712,-6.226416732459054e-05,0.000529359464170956,0.0029995720625917675,0.00441765430121842,0.002317103555075778,-0.0051655376744645515,0.0006300411189163538,0.0073385257996581715
-5.51256490692371e-05,0.00011116213550283865,-0.0007755261516673699,-0.0015303154046138001,-3.8912769339612534e-05,0.00047834128334745587,0.003005235791323237,0.004490230149915798,0.0023531760419198237,-0.005038098490235468,0.0005027046273776078,0.00717664393981747
-5.539645533305884e-05,0.00011569699814435044,-0.0007454517371946419,-0.0014850584822500056,-1.5248483424735654e-05,0.00042863124495490256,0.0030096471032223632,0.004561154322843107,0.0023796811410555525,-0.004903909188275199,0.0003795577524476415,0.007008190645644355
-5.5429529039149464e-05,0.0001197416332331759,-0.0007153392591093968,-0.0014391009033003436,8.633742206610367e-06,0.0003802957728101893,0.0030128485138266586,0.0046303614670892895,0.0023967639852136517,-0.004763185240667447,0.000260724368411451,0.006833238203592204
-5.522315767415641e-05,0.00012331010747730278,-0.0006852005979731292,-0.0013924601609292076,3.264053079200076e-05,0.0003333990760151873,0.003014883713426853,0.0046977870071379215,0.0024045937318644267,-0.004616154118332952,0.00014631555162742532,0.006651869806134261
-5.4776553451683475e-05,0.0001264171180156559,-0.0006550471922153095,-0.00134515438962467,5.6680313702585955e-05,0.00028800303165543625,0.003015797438137087,0.004763367253769574,0.0024033628502526123,-0.00446305475361726,3.642939041941656e-05,0.00646417952019622
-5.4089834084514784e-05,0.00012907796853887907,-0.0006248900283284759,-0.0012972023557931867,8.066355973115227e-05,0.0002441670729891981,0.003015635339229639,0.0048270395125271015,0.00239328635546065,-0.004304136979630363,-6.884917190901757e-05,0.00627027223130934
-5.316400130351974e-05,0.00013130854432058232,-0.0005947396323769873,-0.0012486234472730365,0.00010450299646785668,0.00020194808335145215,0.0030144438510680722,0.004888742191502947,0.0023746009918802335,-0.00413966094791883,-0.0001694484604044047,0.0060702635638597985
-5.200091720482843e-05,0.0001331252862172474,-0.0005646060628317661,-0.0011994376617744888,0.00012811382327040545,0.0001614002959815648,0.0030122700579761704,0.004948414908206593,0.002347564368629521,-0.003969896526058642,-0.0002653101579759773,0.005864279776869388
-5.060327851167076e-05,0.00013454516369699074,-0.0005344989047399706,-0.00114966559425709,0.00015141391536112816,0.000122575199967102,0.0030091615603829386,0.005005998595273167,0.002312454049515021,-0.0037951226768339202,-0.0003563893606703464,0.005652457636445327
-4.897458884181551e-05,0.0001355856469592252,-0.0005044272652351341,-0.0010993284232568433,0.00017432401860992134,8.552145247978993e-05,0.0030051663405843538,0.005061435604776161,0.002269566600243614,-0.0036156268206284925,-0.00044265459904662546,0.005434944264153543
-4.711912907581829e-05,0.00013626467820893826,-0.0004743997703898939,-0.0010484478961784208,0.00019676793458952294,5.0284797462822274e-05,0.0030003326284636883,0.005114669810908332,0.0022192165956767037,-0.00343170418276504,-0.000524087825086457,0.005211896962280679
-4.504192592528158e-05,0.00013660064215080962,-0.0004444245634100111,-0.0009970463135698863,0.00021867269551781917,1.6907990911448523e-05,0.0029947087675128697,0.0051656467107985705,0.0021617355899825417,-0.00324365712750971,-0.0006006843650772573,0.004983483015766968
-4.274871880403807e-05,0.0001366123357697253,-0.0004145093041649736,-0.0009451465123997086,0.00023996872873088273,-1.4569267128312934e-05,0.002988343081494626,0.005214313523236975,0.002097471052630173,-0.0030517944804425816,-0.000672452838571487,0.004749879471914006
-4.024592510858319e-05,0.00013631893746540618,-0.0003846611700470796,-0.0008927718483581071,0.00026059001036009396,-4.411039373550935e-05,0.0029812837420841736,0.005260619285083332,0.002026785273212076,-0.002856430840996701,-0.0007394150435189803,0.00451127289735738
-3.754060401719844e-05,0.00013573997560985404,-0.000354886858147527,-0.0008399461772069957,0.0002804742079168564,-7.168197737492055e-05,0.0029735786378263488,0.0053045149451389495,0.0019500542381404081,-0.0026578858868855377,-0.0008016058080459534,0.004267859113766079
-3.4640418920018385e-05,0.0001348952965971278,-0.0003251925887346951,-0.0007866938352049603,0.0002995628115191539,-9.725382517032633e-05,0.0029652752447400345,0.005345953455268122,0.0018676664823191,-0.0024564836721956192,-0.0008590728092168695,0.00401984291206843
-3.1553598594796236e-05,0.00013380503245559683,-0.00029558411001650876,-0.0007330396186358205,0.00031780125352527596,-0.00012079900313586817,0.0029564204988972312,0.005384889858559834,0.001780021918905311,-0.002252551920912749,-0.0009118763593438176,0.0037674377462739023
-2.8288897245312815e-05,0.00013248956809327453,-0.00026606670416552854,-0.000679008762471383,0.0003351390163714082,-0.0001422938693285918,0.0029470606712988126,0.00542128137432768,0.0016875306503211455,-0.002046421317631974,-0.0009600891603398984,0.003510865407295352
-2.4855553521248214e-05,0.00013096950824711802,-0.00023664519458222016,-0.000624626918200984,0.00035152972844151197,-0.00016171809990271074,0.002937241245362863,0.005455087479752114,0.0015906117636996005,-0.0018384247971918125,-0.0010037960268500304,0.003250355677591507
-2.126324863989211e-05,0.0001292656442072863,-0.00020732395436873536,-0.0005699201308623412,0.00036693124782970904,-0.00017905470806363225,0.002927006797334098,0.005486269987976448,0.0014896921139398115,-0.0016288968349924878,-0.0010430935789030246,0.0029861459672753804
-1.7522063731307245e-05,0.00012739892038728315,-0.0001781069159824879,-0.0005149148153100789,0.0003813057338872636,-0.00019429005593699704,0.0029164008799153957,0.005514793122476006,0.0013852050975710958,-0.0014181727396804737,-0.0010780899048374384,0.0027184809326363107
-1.3642436529480057e-05,0.0001253904008106733,-0.00014899758203584242,-0.00045963773176006014,0.0003946197064781741,-0.00020741385938497438,0.0029054659094136974,0.005540623587527743,0.0012775894206110087,-0.0012065879499149942,-0.0011089041955021847,0.002447612077711117
-9.635117532593189e-06,0.0001232612355846533,-0.00011999903720535815,-0.0004041159606493411,0.0004068440928991994,-0.00021841918581902678,0.002894243056683157,0.00556373063461607,0.0011672878635940517,-0.000994477336895486,-0.0011356663506058642,0.002173797339954195
-5.5111257558382424e-06,0.00012103262743018484,-9.111396121125022e-05,-0.00034837687685316155,0.00041795426245178985,-0.00022730244507466416,0.0028827721421384282,0.005584086124619837,0.001054746046924038,-0.0007821745142319921,-0.0011585165583399212,0.0018973006607992532
-1.2817042001552484e-06,0.00011872579833766134,-6.234464282505765e-05,-0.0002924481233018899,0.00042793004868480893,-0.00023406337343003414,0.0028710915351000846,0.005601664585634488,0.00094041119967978,-0.0005700111568420017,-0.0011776048493287797,0.0016183915421309897
3.0417248400589636e-06,0.00011636195641618088,-3.369299486094321e-05,-0.00023635758404225,0.0004367557593580333,-0.00023870501086605924,0.0028592380577228053,0.005616443266293495,0.0008247309349650959,-0.00035831633036301734,-0.0011930906261270954,0.0013373445896703445
7.447604507884748e-06,0.00011396226300344508,-5.160570103605142e-06,-0.00018013335678846907,0.0004444201742071234,-0.00024123367168110108,0.0028472468937448072,0.005628402184462692,0.000708152034852921,-0.0001474158326453482,-0.001205142169472491,0.0010544390441690615
1.1924288032025376e-05,0.00011154780010209799,2.3251421876540776e-05,-0.0001238037250101969,0.0004509165306210022,-0.00024165890858831687,0.0028351515022843766,0.005637524171191742,0.0005911192479228448,6.23684512021886e-05,-0.0012139361226136056,0.0007699583016410189
1.6460083171991824e-05,0.00010913953820696483,5.1542097072442494e-05,-6.739712960514983e-05,0.0004562424973722873,-0.00023999347043831344,0.0028229835368959668,0.005643794909817668,0.0004740741023341651,0.0002707191787984977,-0.001219656955068378,0.0004841894235442651
2.104329634170583e-05,0.0001067583045861546,7.971087860734516e-05,-1.0942140205431611e-05,0.0004604001365705142,-0.00023625325372373475,0.0028107727700845664,0.005647202970125977,0.00035745373731121445,0.00047732416411724356,-0.0012224964072116637,0.00019742263811768634
2.5662276294740043e-05,0.0001044247520773562,0.0001077574775750816,4.5532573832629075e-05,0.0004633958540363281,-0.0002304572480359432,0.002798547023462723,0.005647739837486161,0.00024168975585157036,0.000681876973441067,-0.0012226529171570147,-9.004916608097713e-05
3.0305457256534183e-05,0.00010215932845889204,0.00013568187321099412,0.00010199827270450796,0.00046524033832249986,-0.00022262747565688997,0.0027863321037197796,0.005645399936889617,0.00012720710138277615,0.0008840775023695822,-0.001220331031431647,-0.0003779309532278424
3.49614013913192e-05,9.998224645319942e-05,0.0001634842924523813,0.00015842617564810403,0.00046594848863450416,-0.0002127889254816335,0.002774151744557658,0.005640180651829596,1.4422961018089805e-05,0.0010836325326817105,-0.0012157408009926887,-0.0006659260587763144
3.961884049413887e-05,9.791345441839778e-05,0.00019116518894882922,0.00021478749059712326,0.00046553933192942975,-0.00020096948147869533,0.002762027554731924,0.005632082337974249,-9.625430203297723e-05,0.0012802562679059219,-0.00120909716415412,-0.0009537367122930823
4.426671680127145e-05,9.597260778147162e-05,0.00021872522158409305,0.00027105344394497274,0.00046403592949708543,-0.0001871998459065366,0.0027499789723208433,0.005621108331595648,-0.00020442618443588557,0.0014736708465258232,-0.0012006193180619865,-0.001241064563427166
4.889422281551338e-05,9.417904126436441e-05,0.000246165232572342,0.00032719531036659875,0.00046146527335130057,-0.0001715134575149048,0.002738023225328944,0.0056072649527295565,-0.0003097050447210866,0.001663606831800538,-0.001190530080317935,-0.0015276112097912103
5.3490840046182414e-05,9.255174195194196e-05,0.0002734862251925616,0.0003831844426455093,0.0004578581727825067,-0.00015394640496958566,0.0027261752987149837,0.005590561503052549,-0.00041171506903769396,0.0018498036772632894,-0.0011790552424741432,-0.001813078725610165
5.804637656731849e-05,9.11093232483535e-05,0.0003006893412257242,0.00043899230145314665,0.00045324913144470904,-0.00013453733574810646,0.002714447907917531,0.005571010258474924,-0.0005100931985218323,0.00203201016703255,-0.001166422917016345,-0.0020971701899147738
6.255100330139639e-05,8.986999976580107e-05,0.00032777583815998324,0.0004945904850278214,0.0004476762153708711,-0.00011332736076237824,0.0027028514789342786,0.005548626456460035,-0.0006044900162457626,0.0022099848301130928,-0.0011528628796341825,-0.002379590213063068
6.69952889399031e-05,8.885156318712994e-05,0.00035474706622962604,0.0005499507587005833,0.0004411809123304696,-9.03599549718483e-05,0.002691394134994282,0.005523428278092328,-0.0006945705918345365,0.0023834963279928973,-0.0011386059083651687,-0.002660045460478308
7.137023341636289e-05,8.807135914098262e-05,0.00038160444535382306,0.000605045084215685,0.00043380798296148887,-6.568085425761528e-05,0.002680081689845121,0.005495436824928019,-0.0007800152819616105,0.0025523238148537058,-0.0011238831214670023,-0.0029382451723834607
7.566729985180242e-05,8.754626512552363e-05,0.0004083494420413469,0.0006598456487936986,0.0004256053041264184,-3.933794883418298e-05,0.002668917647659647,0.0054646760906747,-0.0008605204850524791,0.002716257269832755,-0.001108925315627833,-0.003213901678280326
7.987844489722396e-05,8.729266951394857e-05,0.0004349835463273946,0.0007143248938858602,0.0004166237049578882,-1.1381173480829147e-05,0.002657903209549897,0.005431172927757617,-0.0009357993486535602,0.0028750978008380123,-0.0010939623063221451,-0.003486730905136362
8.399614740238442e-05,8.732645167214791e-05,0.00046150824880843665,0.0007684555435688542,0.00040691679607420434,1.8137605120696673e-05,0.0026470372866585073,0.0053949570088411905,-0.0010055824280832178,0.0030286579194671514,-0.0010792222719558306,-0.0037564528781490053
8.801343534504795e-05,8.766296321600974e-05,0.0004879250178406339,0.0008222106325299924,0.000396540792458501,4.916470365166863e-05,0.0026363165197809462,0.005356060783386452,-0.00106961829505744,0.00317676178672724,-0.0010649311035563838,-0.004022792212798734
