x1,x2,x3,x4,v1,v2,v3,v4,a1,a2,a3,a4
0.00026758885,0.00045643712,0.0014046667,0.0026575883,0.0026296831,0.00046946597,0.0030643009,-0.007539181,0.0025775265,0.04080529,0.02177112,-0.078531146
0.0003547037,0.000571816,0.0018500102,0.0038476547,0.0024067233,0.00023289485,0.004976768,-0.010625958,-0.0026331777,0.059520155,0.045106716,-0.12209511
0.00036767375,0.00061302126,0.002118988,0.004646571,0.0027916648,0.000654309,0.006725154,-0.014076494,-0.0038805576,0.072706416,0.061059088,-0.15146935
0.0002611138,0.0005083444,0.0022323162,0.005160149,0.002900982,0.00089150487,0.008415243,-0.017488569,0.0012064442,0.086823,0.06976284,-0.17338799
0.00017980314,0.00042830597,0.0022948661,0.005485727,0.0027494892,0.0008456193,0.010159054,-0.02017323,0.0053849425,0.096341655,0.075365104,-0.18762916
0.00016008175,0.00041161152,0.0023497061,0.005662375,0.0022168427,0.0008287556,0.011864377,-0.022395685,0.0063350354,0.10232331,0.07660084,-0.19357081
0.00011621971,0.00035133015,0.0023941156,0.0057759862,0.0017736579,0.0011968921,0.013636633,-0.024819931,0.0076136086,0.111421,0.072296694,-0.19612552
7.979509e-05,0.00029716166,0.0024510082,0.005819717,0.0015864521,0.0020135134,0.015556341,-0.02751041,0.008280479,0.12055524,0.062716685,-0.19381486
5.185375e-05,0.0002645874,0.0025142005,0.0057256375,0.0012526565,0.0031111243,0.017473524,-0.030205268,0.009388883,0.12795219,0.0453512,-0.18305868
1.0557547e-05,0.00024051618,0.0025905604,0.0055278335,0.00057032227,0.0044009457,0.019179525,-0.032554045,0.013067627,0.13436784,0.020862732,-0.16577817
-1.0222919e-05,0.0002581955,0.0027199553,0.005317878,-0.00013004302,0.005850936,0.020684619,-0.03460355,0.016945811,0.1398683,-0.007986357,-0.14481184
-2.8618872e-05,0.00028683757,0.0028764626,0.005091657,-0.00088405906,0.007288904,0.021890976,-0.036273394,0.021131668,0.14536807,-0.04036402,-0.12122553
-5.5638753e-05,0.00032365337,0.0030469229,0.0048103505,-0.0015483213,0.00884653,0.022430938,-0.03753892,0.026633067,0.14960514,-0.07711985,-0.093267255
-7.356028e-05,0.00039771025,0.0032691294,0.004513296,-0.0020450035,0.010526395,0.022330366,-0.03854078,0.033515356,0.15216275,-0.11850618,-0.0610769
-8.798907e-05,0.00049242517,0.0035217488,0.004203628,-0.0025902302,0.012117114,0.021707484,-0.039144997,0.041765958,0.15354355,-0.16246817,-0.02654786
-9.329037e-05,0.0005988384,0.0037762797,0.0038656837,-0.0031058348,0.013614288,0.02053442,-0.039343808,0.050146416,0.15363279,-0.2071953,0.009779534
-0.0001076656,0.00070423516,0.004032847,0.0035131574,-0.0034795993,0.015213656,0.018975055,-0.039366927,0.059944227,0.15294781,-0.2528085,0.04716163
-0.00012097158,0.00083148683,0.0042941286,0.0031458724,-0.003577707,0.016989794,0.017089646,-0.03925302,0.07112201,0.1494921,-0.298194,0.085645944
-9.151306e-05,0.0010078262,0.0045333435,0.0027666232,-0.0035812736,0.018527953,0.014834376,-0.0384532,0.080354795,0.1409045,-0.3376027,0.12281356
-3.2797878e-05,0.0011968085,0.0047285827,0.0024149285,-0.003235913,0.019910177,0.012188007,-0.03721008,0.086687624,0.12984641,-0.36834982,0.15521836
3.4922123e-05,0.0013857554,0.0048770113,0.00208785,-0.0025341772,0.021293199,0.009359037,-0.035938177,0.091600254,0.11667861,-0.39128634,0.1829361
0.00010101429,0.0015809381,0.0049809767,0.0017670976,-0.0014822799,0.022598952,0.0064358152,-0.034677356,0.09667764,0.10037418,-0.40772676,0.20725179
0.0001398638,0.0017564964,0.0050370744,0.0014589592,-0.00024362325,0.023644177,0.0034022846,-0.033240225,0.10360892,0.08231379,-0.41860783,0.22757082
0.00017699046,0.0019593437,0.0050699813,0.0011494043,0.0011969423,0.02454432,0.00012908792,-0.031503942,0.111927174,0.05980162,-0.42489794,0.24638084
0.00020296125,0.0021949823,0.005093642,0.00083566294,0.0029511887,0.02546666,-0.0035674907,-0.029472506,0.122723766,0.032762803,-0.42830732,0.26464435
0.00023967488,0.002460591,0.005100277,0.0005199921,0.005012635,0.026324695,-0.0077060824,-0.027083512,0.13328828,0.0024613722,-0.42813486,0.28176373
0.00029505105,0.0027242033,0.00505836,0.00021011723,0.0073202807,0.026934052,-0.012135104,-0.02448966,0.14099701,-0.028665388,-0.42257324,0.29552653
0.00038813197,0.0029919804,0.004973301,-6.736508e-05,0.009745654,0.027196499,-0.01662482,-0.021850286,0.14437287,-0.060313374,-0.4104604,0.30474952
0.00052191515,0.003268085,0.004848588,-0.00031075918,0.012118462,0.02714788,-0.02095902,-0.019282605,0.14361554,-0.09315194,-0.39184588,0.3097995
0.0006962529,0.003557728,0.004692878,-0.00051563256,0.014181896,0.026639465,-0.025023157,-0.01680256,0.13897921,-0.12732841,-0.36715636,0.3110421
0.00089903397,0.0038586843,0.004504972,-0.00068379217,0.015891913,0.02556039,-0.02882556,-0.014331339,0.13142303,-0.16294579,-0.3363165,0.30846366
0.0011314551,0.004172312,0.0042658113,-0.00082969235,0.017295057,0.023781518,-0.032308817,-0.01172999,0.120719306,-0.20074908,-0.29733947,0.3016232
0.0013771042,0.0044853487,0.0039623645,-0.0009506234,0.018492509,0.021324394,-0.0352935,-0.009099493,0.10791437,-0.2400529,-0.24884288,0.28958794
0.0016166613,0.004777404,0.0035975445,-0.0010558624,0.019543411,0.018247861,-0.03769829,-0.0066148415,0.0939096,-0.27898467,-0.1929014,0.27298525
0.0018506923,0.0050357124,0.0031937251,-0.0011472916,0.020355567,0.014629087,-0.039534543,-0.0042551616,0.077881284,-0.31517303,-0.13318601,0.25284538
0.0020768493,0.005246098,0.0027632227,-0.0012189595,0.020874286,0.010569126,-0.04083575,-0.0019857192,0.059239265,-0.3468005,-0.07178997,0.22943771
0.0022826544,0.0053877286,0.0023074173,-0.0012664844,0.021151146,0.0062587373,-0.04157987,8.8503235e-05,0.038400553,-0.3724089,-0.010698782,0.20311724
0.0024754398,0.0054650106,0.0018389361,-0.0012881964,0.021177936,0.0018564471,-0.041751582,0.0020291694,0.015106675,-0.39176708,0.047919992,0.1751676
0.0026680597,0.0054835896,0.0013762041,-0.0012739951,0.021025928,-0.002549074,-0.041383784,0.0039357254,-0.011096935,-0.40450144,0.10319838,0.14632124
0.002868213,0.0054296367,0.0009224706,-0.0012219758,0.020699251,-0.006831193,-0.040413026,0.0056695035,-0.04092081,-0.40953475,0.15559073,0.11628956
0.0030728057,0.0053070425,0.0004888856,-0.0011270551,0.02018809,-0.010917455,-0.0388096,0.0070675863,-0.07362993,-0.406826,0.20508422,0.08499082
0.003267907,0.0051213717,9.116813e-05,-0.0009774934,0.019572798,-0.014739395,-0.036551636,0.007987749,-0.10788185,-0.39600644,0.25041124,0.052714355
0.003461648,0.0048996564,-0.00025654823,-0.00078644115,0.018864939,-0.018234694,-0.03369125,0.008446008,-0.14342283,-0.37867105,0.2901761,0.021222716
0.0036495482,0.0046604383,-0.0005629588,-0.0005898457,0.017859632,-0.021446863,-0.030395377,0.00856249,-0.17887749,-0.35752377,0.32380491,-0.00773865
0.0038221828,0.004412455,-0.0008303245,-0.00040225327,0.016392369,-0.024416473,-0.026850695,0.008440362,-0.21307106,-0.334009,0.35085857,-0.033299323
0.0039744596,0.0041601374,-0.0010474287,-0.00022068009,0.014445142,-0.02714283,-0.02316049,0.008206174,-0.24547343,-0.30833104,0.37058365,-0.055011824
0.004096449,0.003883654,-0.0012415882,-8.508723e-05,0.012032551,-0.029637702,-0.019440461,0.007854459,-0.2760595,-0.28038067,0.38294387,-0.07240867
0.0041948487,0.0035848625,-0.0014143549,8.119212e-06,0.009106012,-0.03196642,-0.015777973,0.0074330308,-0.3051076,-0.25016093,0.38884687,-0.086425796
0.004266971,0.003255675,-0.0015661967,6.693694e-05,0.0057309694,-0.03408288,-0.012195543,0.0069601648,-0.332443,-0.21687649,0.3888171,-0.09804198
0.004307849,0.002896016,-0.001689074,0.00010386036,0.0020600536,-0.03587382,-0.008733106,0.006317623,-0.3575887,-0.17968068,0.38248363,-0.10757785
0.004319596,0.0025224665,-0.0017611149,0.00014115566,-0.0018336945,-0.03725563,-0.0054161106,0.0054259924,-0.3799547,-0.1386623,0.36919835,-0.114712626
0.004303033,0.0021453497,-0.0017659358,0.00019269645,-0.0059620487,-0.038199414,-0.00225775,0.004280283,-0.39909527,-0.09414178,0.34832314,-0.11890318
0.0042618834,0.0017704491,-0.0017125416,0.00024774604,-0.010315663,-0.038759124,0.0007229198,0.0029997372,-0.4152992,-0.047346313,0.32066968,-0.11966002
0.004185881,0.0013903244,-0.0016224103,0.00028912514,-0.014732722,-0.0389623,0.0035040732,0.0016728204,-0.42779684,0.0004768242,0.28755188,-0.11695836
0.00406408,0.0009990048,-0.0015147221,0.00030918274,-0.018995786,-0.038830154,0.006053253,0.00035746454,-0.43522808,0.047665775,0.25073555,-0.11136214
0.003882947,0.0005843597,-0.0014049166,0.00030627073,-0.023152111,-0.038256038,0.008436582,-0.0009614911,-0.43603384,0.09280414,0.21159326,-0.103845075
0.003628138,0.00013670925,-0.0013086592,0.00026678696,-0.027321188,-0.03720632,0.010664078,-0.0022717756,-0.42889917,0.13494968,0.17064446,-0.09469769
0.003317486,-0.00030815726,-0.0012066737,0.00021160289,-0.031392086,-0.035860583,0.012648722,-0.0034968394,-0.4141529,0.17308053,0.12829046,-0.083836935
0.0029672896,-0.00072207063,-0.0010967671,0.00014386539,-0.035220437,-0.03434623,0.014227296,-0.00457484,-0.39279023,0.20614582,0.085566565,-0.07122891
0.0025927245,-0.0010867122,-0.0009732545,7.9851416e-05,-0.038695347,-0.032616746,0.015322964,-0.0054702647,-0.36583266,0.23311348,0.04410676,-0.057762712
0.0021927357,-0.0014100138,-0.00083720597,2.449294e-05,-0.04173809,-0.030613707,0.015928457,-0.0061876858,-0.33353534,0.2546503,0.00430209,-0.04424635
0.0017791566,-0.0016949854,-0.0006820047,-1.9686267e-05,-0.044263214,-0.028301474,0.016074672,-0.0068522412,-0.29733387,0.2720665,-0.034334704,-0.030855833
0.0013446346,-0.0019572,-0.00052427704,-6.371773e-05,-0.046330232,-0.02578823,0.015809016,-0.0073954053,-0.2573231,0.28549093,-0.071148,-0.018137006
0.000879143,-0.0022085302,-0.00037414045,-0.00010236021,-0.048019916,-0.023187337,0.015151312,-0.00770869,-0.21322984,0.2950292,-0.10535544,-0.0069519365
0.0003849669,-0.0024506066,-0.00024047516,-0.00013529873,-0.04939732,-0.020477721,0.014068447,-0.007816877,-0.1659867,0.30073538,-0.13629843,0.0022995851
-0.00013475856,-0.0026749542,-0.00012203147,-0.00015184653,-0.050487094,-0.017626729,0.012558393,-0.007771478,-0.11560823,0.30181512,-0.16323732,0.009350702
-0.0006802981,-0.0028821477,-1.9123429e-05,-0.00014681203,-0.051201016,-0.014675568,0.010683334,-0.0076598004,-0.061915316,0.29804972,-0.18589324,0.014203577
-0.0012359304,-0.003065627,6.426867e-05,-0.0001355893,-0.051435985,-0.011772458,0.008529998,-0.0074770665,-0.00641165,0.28940776,-0.20425437,0.017596185
-0.0017895902,-0.0032191796,0.00012185036,-0.00014028233,-0.051137503,-0.00905414,0.0061401464,-0.0071526663,0.04973487,0.27575272,-0.2186,0.020461531
-0.0023425655,-0.0033384077,0.00016750196,-0.00015355894,-0.050300162,-0.0065399213,0.0035389268,-0.00669536,0.10712302,0.2574914,-0.23015778,0.023247387
-0.0028864744,-0.003413967,0.00020626496,-0.0001800603,-0.048940826,-0.0042516,0.0007766641,-0.006167719,0.16550994,0.23456495,-0.23954126,0.02661513
-0.0034108204,-0.0034523169,0.0002300455,-0.00022135515,-0.047050614,-0.0022622736,-0.002032895,-0.005627661,0.22341073,0.20811372,-0.24635267,0.030195866
-0.003913413,-0.0034711435,0.00022096516,-0.0002905835,-0.04463733,-0.000632123,-0.004790161,-0.005066311,0.27965534,0.17933351,-0.2499618,0.03353565
-0.0043805363,-0.0034685466,0.00018470333,-0.00037230612,-0.041720897,0.0006803304,-0.0073768566,-0.004551518,0.33300614,0.14895937,-0.24974336,0.03599125
-0.004800056,-0.003444486,0.00011723327,-0.00046355298,-0.038370058,0.0017321918,-0.009715361,-0.0041174004,0.38213614,0.11743012,-0.24496362,0.03717557
-0.0051681977,-0.0034066124,1.5074176e-05,-0.000559806,-0.03457781,0.0025749453,-0.011821877,-0.0037616345,0.42619544,0.085611746,-0.23531115,0.03655798
-0.005485815,-0.0033537578,-0.00011450655,-0.0006490677,-0.030401452,0.0032183176,-0.013714875,-0.0034852917,0.4652691,0.053884767,-0.22123973,0.033922955
-0.005759994,-0.0032868139,-0.00026193494,-0.000719176,-0.02584947,0.003677429,-0.015430464,-0.0033236663,0.50012076,0.02257981,-0.20349576,0.029184913
-0.005987878,-0.0032094093,-0.00042140082,-0.0007673064,-0.020907339,0.00392497,-0.017014306,-0.003341282,0.5302581,-0.0074911485,-0.18276544,0.022449004
-0.006165976,-0.0031343305,-0.0005957705,-0.00079089706,-0.015617983,0.0038635153,-0.018483058,-0.003490967,0.55474466,-0.035199363,-0.15897016,0.013186451
-0.0062938984,-0.0030667726,-0.000778931,-0.0007930463,-0.010026914,0.0034961652,-0.019823063,-0.0037063386,0.5731468,-0.059966154,-0.13303335,0.0018722902
-0.006370963,-0.0030164705,-0.0009677555,-0.0007836869,-0.004191725,0.002836016,-0.020981763,-0.0039593913,0.58419126,-0.08035121,-0.106554136,-0.010657538
-0.006384767,-0.0029842705,-0.001161513,-0.0007729188,0.0017904886,0.0018662581,-0.021912292,-0.0042655384,0.58609545,-0.09552014,-0.08024686,-0.0237577
-0.0063307118,-0.0029698368,-0.0013645586,-0.0007736776,0.00776333,0.00064179284,-0.022581743,-0.0046494706,0.5783876,-0.105717085,-0.054256678,-0.036890548
-0.006219975,-0.0029654915,-0.001563971,-0.0007834432,0.0136016905,-0.0006262003,-0.022976553,-0.0051458087,0.5628714,-0.11176561,-0.029607745,-0.04925112
-0.006069166,-0.002975005,-0.0017712944,-0.00082155,0.019170202,-0.0018055269,-0.02313555,-0.005722263,0.54134125,-0.11453173,-0.0064438265,-0.06022613
-0.005875045,-0.002994981,-0.0019881304,-0.000881094,0.02442368,-0.002873237,-0.023050481,-0.006338642,0.51384425,-0.11396292,0.015792334,-0.07015015
-0.0056303437,-0.0030220435,-0.002210662,-0.0009476398,0.02933376,-0.003816605,-0.022680253,-0.0069403006,0.47988442,-0.10950461,0.037389856,-0.079498366
-0.00532823,-0.0030521343,-0.0024335817,-0.0010144857,0.03386984,-0.004587485,-0.022024998,-0.0075601293,0.43891832,-0.100738935,0.05811885,-0.08824565
-0.0049683633,-0.0030893725,-0.0026693442,-0.0010968174,0.037955195,-0.0052201515,-0.021113021,-0.008186177,0.39072287,-0.08790152,0.07844181,-0.09638226
-0.004560686,-0.0031304876,-0.0029059653,-0.0011938553,0.041543756,-0.0056946874,-0.020014545,-0.008853776,0.3368985,-0.07152685,0.097485594,-0.10350596
-0.0041237203,-0.003172317,-0.003130067,-0.0013121729,0.044624645,-0.0059838626,-0.018843008,-0.009584849,0.2799603,-0.052547418,0.11395272,-0.10884139
-0.0036623527,-0.0032129234,-0.0033400005,-0.0014611116,0.04719924,-0.006118526,-0.017717458,-0.010385247,0.22067583,-0.03136753,0.1274206,-0.112045586
-0.0031736442,-0.003253012,-0.0035350872,-0.0016359743,0.049256545,-0.006141737,-0.01665506,-0.011236988,0.15863459,-0.007505074,0.13789946,-0.11336297
-0.0026653113,-0.0032979164,-0.0037141773,-0.0018291296,0.050738055,-0.0060109715,-0.015631445,-0.012176661,0.094380036,0.01932912,0.1451986,-0.11308665
-0.0021422708,-0.003345606,-0.0038805993,-0.0020332625,0.051567093,-0.0056353793,-0.0146108195,-0.013261237,0.028549386,0.04839567,0.14997005,-0.11159786
-0.0016098388,-0.0034017551,-0.004043136,-0.0022356533,0.05165136,-0.0049577756,-0.013486682,-0.014491468,-0.038523946,0.07941173,0.15341921,-0.10991176
-0.0010803187,-0.0034676667,-0.0041971174,-0.002421727,0.050966974,-0.003911842,-0.012160375,-0.015867505,-0.105376184,0.11173613,0.15568686,-0.1083445
-0.00055993296,-0.0035294183,-0.0043311696,-0.0025838793,0.049511608,-0.0025097956,-0.010609757,-0.017332183,-0.17041118,0.14368743,0.15671906,-0.106501415
-5.187968e-05,-0.003573643,-0.0044397037,-0.002727699,0.047284257,-0.00078984577,-0.0088907555,-0.018817864,-0.23242885,0.1735992,0.15629123,-0.10363415
0.0004344596,-0.003590793,-0.0045199655,-0.0028650002,0.044360284,0.0012156321,-0.0070923404,-0.02027165,-0.2898699,0.19995265,0.15405382,-0.09893586
0.0008785632,-0.003578916,-0.004570779,-0.0030087999,0.04085391,0.0034374958,-0.0053862026,-0.021618357,-0.34026793,0.22115658,0.14972389,-0.09178366
0.0012856248,-0.003546608,-0.0046087983,-0.0031786363,0.03683791,0.0058482247,-0.0037363209,-0.02284262,-0.38495067,0.23787366,0.14379822,-0.08214462
0.0016384217,-0.0034875341,-0.0046314066,-0.0033849864,0.03260423,0.008299844,-0.002283169,-0.023819953,-0.4217796,0.24872456,0.13596892,-0.06945133
0.0019652927,-0.0033994205,-0.0046458547,-0.003631868,0.028074875,0.010827053,-0.00093220396,-0.02459784,-0.45377532,0.25479978,0.1271493,-0.054075103
0.002240569,-0.0032889838,-0.0046514524,-0.0039019017,0.023499753,0.013235746,0.00025228728,-0.025050124,-0.47827935,0.25549012,0.11800548,-0.037104424
0.0024879198,-0.0031384807,-0.004640032,-0.0041935155,0.018748721,0.015590703,0.001327646,-0.025190877,-0.4967262,0.2503161,0.10880768,-0.01827065
0.0026898738,-0.0029556258,-0.0046083815,-0.0044773524,0.014041868,0.01782364,0.002252903,-0.025043854,-0.5072906,0.23918433,0.10029799,0.0009530389
0.0028435953,-0.0027559442,-0.0045655626,-0.004744351,0.009565677,0.019887328,0.0030941812,-0.024726044,-0.5106538,0.22339447,0.09282948,0.019560447
0.0029459295,-0.0025371357,-0.0045164768,-0.0050105513,0.0051694596,0.021834724,0.003858591,-0.024280507,-0.5063118,0.20226015,0.08597795,0.03829924
0.0029847682,-0.0022965998,-0.004455345,-0.005255534,0.0008030568,0.02362433,0.004567358,-0.023702785,-0.49296808,0.17563865,0.07992596,0.056499936
0.0029626694,-0.0020510918,-0.0043962398,-0.005486894,-0.0034757643,0.025166275,0.005199878,-0.023057492,-0.47214502,0.14510384,0.07480739,0.07371942
0.0028956917,-0.001803043,-0.004341071,-0.0057090037,-0.0077077784,0.026454473,0.0057457853,-0.02237197,-0.4458784,0.1119515,0.07031336,0.09013156
0.0027684963,-0.0015392032,-0.004277033,-0.00591876,-0.0119408425,0.02748897,0.0063004484,-0.0215068,-0.41153735,0.07447596,0.065778956,0.10647986
0.002601755,-0.0012760338,-0.0042107236,-0.0061210473,-0.015944952,0.028198099,0.006824099,-0.020529391,-0.37254134,0.03525966,0.061174806,0.122321956
0.002412396,-0.0010111328,-0.0041400534,-0.006315055,-0.019465702,0.028507771,0.007388311,-0.01945327,-0.33087912,-0.0047437563,0.056637175,0.13764
0.002206861,-0.00072534656,-0.0040567266,-0.0065094465,-0.022590693,0.028421398,0.0080617815,-0.018275073,-0.28622168,-0.047060773,0.052015033,0.15338276
0.001990468,-0.00042626675,-0.0039610593,-0.0066928505,-0.02524711,0.027900094,0.00885119,-0.01693952,-0.2400369,-0.0901338,0.04741105,0.16903938
0.0017598929,-0.00012494167,-0.0038552124,-0.006857268,-0.02742603,0.02703672,0.009689587,-0.015535903,-0.19280645,-0.13290973,0.042716205,0.18431276
0.0014841373,0.00016482771,-0.0037431503,-0.0070006144,-0.029049106,0.025721878,0.010491256,-0.013840585,-0.14186078,-0.17586094,0.03775246,0.19889408
0.0011638083,0.00043650312,-0.003622562,-0.0071133026,-0.030082917,0.023965139,0.011144086,-0.011806068,-0.087738484,-0.21813701,0.0322957,0.21238577
0.0008108689,0.0006862169,-0.003489732,-0.007192541,-0.030488487,0.021766985,0.011594834,-0.009433521,-0.032125097,-0.25838402,0.025663104,0.22492886
0.00044726592,0.0009218638,-0.003355251,-0.0072806454,-0.030297095,0.019079762,0.011850392,-0.0067799604,0.022843694,-0.2968547,0.017238514,0.23819114
8.875945e-05,0.0011242626,-0.003228507,-0.0073756734,-0.029377978,0.01590561,0.011914722,-0.0039096503,0.07394615,-0.3305686,0.006850604,0.25158
-0.00024192432,0.0013018249,-0.0031146235,-0.0074813277,-0.02795403,0.012255381,0.011832818,-0.00094101543,0.1192991,-0.35968727,-0.004480708,0.2649437
-0.000542969,0.0014491293,-0.0030087892,-0.007558457,-0.02624365,0.008125217,0.011602871,0.00218443,0.15891571,-0.38349375,-0.015121541,0.27631655
-0.0008045168,0.0015467864,-0.0029168497,-0.0075794454,-0.02457311,0.0039889496,0.0112829115,0.0052235117,0.1918736,-0.40084743,-0.023089003,0.28352854
-0.0010448323,0.0015870942,-0.0028287368,-0.0075375545,-0.02292997,-0.000105201994,0.010957802,0.0081637055,0.22035219,-0.41163984,-0.029527817,0.28667033
-0.0012611263,0.0015762465,-0.0027322154,-0.0074404804,-0.021278644,-0.003950426,0.010654342,0.010856671,0.2446135,-0.4162273,-0.035732135,0.28664777
-0.0014442834,0.0015200346,-0.0026197087,-0.007295044,-0.019539203,-0.0074872575,0.010337631,0.013285951,0.26369324,-0.4141822,-0.04272819,0.28419313
-0.0016001329,0.0014147551,-0.0025011078,-0.0071158926,-0.017601639,-0.0107912095,0.009961339,0.015506269,0.277359,-0.4052713,-0.050924323,0.2797554
-0.0017333269,0.0012636452,-0.0023846766,-0.006908829,-0.015430846,-0.014007346,0.009506926,0.017627494,0.28581008,-0.38999045,-0.05989775,0.273358
-0.0018576428,0.0010707579,-0.00227376,-0.0066795107,-0.012963515,-0.017363494,0.008912674,0.01980785,0.29070714,-0.36938065,-0.06965358,0.26522136
-0.0019604566,0.00084740715,-0.0021721735,-0.0064291707,-0.0102465395,-0.020584658,0.00820188,0.021937653,0.2905888,-0.34371787,-0.07925255,0.2552497
-0.0020413948,0.00060522935,-0.0020883281,-0.0061723846,-0.007348217,-0.023653673,0.0073941853,0.023998579,0.28583145,-0.31438208,-0.0881607,0.24400981
-0.0020996763,0.00035016512,-0.0020277724,-0.005921772,-0.0044241305,-0.026529852,0.0065082703,0.026002519,0.27658433,-0.28215346,-0.096141465,0.23194078
-0.002131401,7.2371564e-05,-0.0019864156,-0.0056641656,-0.0015120849,-0.029227287,0.0054973615,0.028033836,0.26185176,-0.245491,-0.103305824,0.21836542
-0.002130412,-0.00023244822,-0.0019521429,-0.0053784475,0.0013777029,-0.03175227,0.0043712608,0.030155879,0.24076626,-0.20312166,-0.10989085,0.20272096
-0.0020947196,-0.0005546421,-0.0019217958,-0.005073288,0.004033556,-0.033922717,0.0032278257,0.03227475,0.21407442,-0.15666716,-0.115692556,0.18558963
-0.002029496,-0.00087957317,-0.001888253,-0.004753419,0.0062819193,-0.03554901,0.0021513475,0.034260444,0.18385452,-0.108665496,-0.12062405,0.16768032
-0.0019383251,-0.0012217975,-0.001839774,-0.0043862993,0.008250851,-0.036620043,0.0010912034,0.036137965,0.14969155,-0.05696764,-0.124906324,0.14772514
-0.00183189,-0.0015746662,-0.0017928949,-0.0039911866,0.009835381,-0.03718625,3.879515e-05,0.037832625,0.11349879,-0.0040920204,-0.12730402,0.12594658
-0.0017119255,-0.0019329292,-0.0017600792,-0.003584689,0.011035975,-0.037139796,-0.0009714331,0.03919831,0.07606886,0.048411258,-0.1271729,0.10270602
-0.0015905126,-0.0022841352,-0.0017465489,-0.003181569,0.011778818,-0.03645183,-0.0019336841,0.040161174,0.039912693,0.09796527,-0.12400732,0.07851293
-0.001467361,-0.0026325842,-0.0017505352,-0.0027711357,0.0120249195,-0.03519053,-0.002865387,0.04078686,0.0044335853,0.14552628,-0.11786161,0.052795257
-0.0013408378,-0.0029623222,-0.001781324,-0.0023612313,0.011854212,-0.033424217,-0.0037848125,0.041074026,-0.029747583,0.18907072,-0.107398435,0.025527949
-0.0012190314,-0.0032623082,-0.0018322011,-0.0019638282,0.011285103,-0.031126494,-0.004683673,0.041012146,-0.061119925,0.22701971,-0.09335564,-0.00226279
-0.0011085552,-0.0035434042,-0.0019031912,-0.0015699253,0.010460167,-0.028436018,-0.00555761,0.04065967,-0.089897856,0.2605889,-0.076017916,-0.031029548
-0.0010098597,-0.003814805,-0.0019919297,-0.0011809422,0.009520138,-0.025576994,-0.0064535956,0.040100005,-0.11642006,0.29084662,-0.056410078,-0.0604409
-0.0009396969,-0.004056166,-0.0020821902,-0.0007952086,0.008416594,-0.022373747,-0.0072827237,0.03920931,-0.13787638,0.31560647,-0.035192493,-0.0894384
-0.000879656,-0.0042885332,-0.0021882039,-0.0004330201,0.0071459897,-0.018933939,-0.007981516,0.038186304,-0.157015,0.33702075,-0.012691719,-0.11793762
-0.0008406186,-0.004495278,-0.0022947355,-8.9250476e-05,0.0057272483,-0.015483138,-0.008405955,0.03697877,-0.17197771,0.35416687,0.010096156,-0.14508778
-0.0008229679,-0.004666931,-0.0023920129,0.00023919024,0.0043139644,-0.01205261,-0.008528858,0.03560348,-0.1821929,0.36641598,0.033025697,-0.17055303
-0.0008450598,-0.0048038187,-0.0024751509,0.00055079325,0.0026634843,-0.008643933,-0.008263106,0.033905163,-0.18591388,0.3733859,0.055092055,-0.1938642
-0.0008795783,-0.0048944275,-0.002551862,0.0008418984,0.00088167907,-0.00515975,-0.007562107,0.031917874,-0.18586114,0.3757166,0.07738028,-0.2153239
-0.0009072867,-0.0049514016,-0.002634296,0.0011092992,-0.0009747893,-0.0016087337,-0.0065114694,0.029809965,-0.18511868,0.37551996,0.10028774,-0.23561083
-0.00095150195,-0.00493413,-0.0026834903,0.0013553883,-0.0027603265,0.0019293774,-0.0051349476,0.027387973,-0.17905541,0.3689141,0.121563025,-0.25250974
-0.0010053397,-0.0048737717,-0.0027185413,0.0015966676,-0.0044984715,0.005538494,-0.0035943892,0.024767565,-0.16977221,0.35781252,0.14296903,-0.26840675
-0.0010680942,-0.0047690673,-0.002725884,0.0018288961,-0.0060286135,0.008993769,-0.0019803122,0.022061443,-0.15685551,0.34205145,0.16278666,-0.28224078
-0.0011394388,-0.0046273195,-0.0027084523,0.0020523109,-0.0073971665,0.012318171,-0.00023128183,0.019211678,-0.14024022,0.32196927,0.18108891,-0.29400796
-0.0012187131,-0.0044750213,-0.0026830344,0.002234264,-0.008515376,0.015300648,0.001524092,0.016390542,-0.12124258,0.29978132,0.19667713,-0.30263236
-0.0013163708,-0.0042895223,-0.0026385332,0.0024000616,-0.00942848,0.018296594,0.0035988453,0.013210751,-0.097114265,0.2729186,0.2108775,-0.30862218
-0.0014245776,-0.004073344,-0.0025714072,0.0025447092,-0.01014502,0.021214837,0.005926429,0.00979507,-0.06903255,0.24250017,0.22285238,-0.31142396
-0.0015348755,-0.003837621,-0.0024881968,0.0026503378,-0.010687864,0.023862218,0.008384315,0.006305082,-0.038780604,0.21002363,0.2316178,-0.31040436
-0.0016427065,-0.0035873407,-0.0023909213,0.0027115233,-0.011040836,0.026107246,0.0108587695,0.0029316961,-0.0078777345,0.17685695,0.23665904,-0.30559325
-0.0017532741,-0.003320393,-0.0022751603,0.002733635,-0.011128654,0.027996337,0.01337995,-0.00041343982,0.024000699,0.14308596,0.23787287,-0.29720306
-0.0018573616,-0.0030415757,-0.0021322616,0.0027330085,-0.0108873965,0.029407337,0.015809279,-0.0035480845,0.05500848,0.11076777,0.23511069,-0.28601354
-0.0019531343,-0.0027376425,-0.00195626,0.0027060518,-0.010309968,0.030437563,0.018181287,-0.006606009,0.08591747,0.07845401,0.22843666,-0.27153268
-0.0020456829,-0.0024279929,-0.0017595503,0.002647488,-0.009409969,0.03110092,0.020439176,-0.009508887,0.11615049,0.047501806,0.21810856,-0.2543918
-0.0021293107,-0.0021232797,-0.0015500578,0.0025633054,-0.0082431575,0.03138679,0.022530796,-0.012068321,0.1443164,0.019063246,0.20500503,-0.23562127
-0.0022122092,-0.0018094701,-0.0013136496,0.002453881,-0.0067573716,0.031343166,0.024541236,-0.014452935,0.1722029,-0.008279973,0.18826771,-0.21436284
-0.002290765,-0.0015105591,-0.0010656635,0.002326441,-0.00508813,0.030964224,0.026346289,-0.016410694,0.19810459,-0.032820985,0.1689661,-0.1920526
-0.0023566955,-0.0012237693,-0.00080733706,0.0021732158,-0.0032108633,0.030340355,0.027913503,-0.017986199,0.22141328,-0.054689445,0.14650847,-0.1678644
-0.0024032735,-0.00094556424,-0.0005357717,0.0019970997,-0.0011358854,0.029572038,0.029223526,-0.019225245,0.24179506,-0.07379294,0.12054139,-0.14144583
-0.0024247607,-0.00065934076,-0.00023789982,0.0017928069,0.0012031333,0.028727598,0.030291313,-0.020254983,0.25964373,-0.09102829,0.09000955,-0.11148994
-0.0024081285,-0.000391375,6.881633e-05,0.0015851632,0.0037079845,0.027892869,0.03086992,-0.020882191,0.272146,-0.10368532,0.056641117,-0.0802454
-0.0023577989,-0.00014135457,0.00037791708,0.0013804472,0.006371688,0.027080026,0.03106474,-0.021248179,0.27979317,-0.11222207,0.021657404,-0.048712175
-0.0022793699,9.786831e-05,0.0006860721,0.0011688592,0.009145456,0.026207464,0.030939752,-0.021355668,0.28343254,-0.117651656,-0.014651744,-0.016656201
-0.002166665,0.00033636246,0.0010004402,0.0009531331,0.012005146,0.025212513,0.030471724,-0.021176703,0.28286016,-0.12026295,-0.052190527,0.016038831
-0.002021808,0.0005693447,0.0013117408,0.0007337439,0.014892223,0.024105359,0.0296789,-0.02073338,0.27794707,-0.12002643,-0.08990654,0.048613463
-0.0018495682,0.00079341955,0.0016071008,0.0005243977,0.01764457,0.022895113,0.02859427,-0.020044709,0.26905453,-0.11740219,-0.12553199,0.07930391
-0.0016569459,0.0010125055,0.001885061,0.00031962193,0.020241726,0.021598117,0.02722035,-0.019115292,0.2572228,-0.11354844,-0.15884809,0.10839405
-0.0014362625,0.0012396282,0.0021574176,0.00012823298,0.02281368,0.02025626,0.02554961,-0.017969025,0.24246626,-0.109234296,-0.18997362,0.13628265
-0.0011912294,0.0014678908,0.0024105716,-4.9899405e-05,0.025230568,0.0189245,0.023605136,-0.016633427,0.22479457,-0.104669005,-0.21767806,0.16207597
-0.00093740784,0.0016768622,0.0026292491,-0.00021489515,0.027320255,0.017729541,0.021523025,-0.015194672,0.2047428,-0.09916888,-0.24144877,0.1847638
-0.0006743,0.0018646984,0.0028169996,-0.0003551224,0.029061029,0.016697207,0.019344406,-0.0137300035,0.18228242,-0.092389375,-0.26104483,0.20383956
-0.00039476476,0.0020392707,0.0029819885,-0.00047576442,0.03053802,0.015862593,0.016959772,-0.012167495,0.15702462,-0.08450225,-0.27711985,0.22010268
-0.00010024457,0.002200467,0.0031221746,-0.00057883,0.03171347,0.015212526,0.014357187,-0.010431962,0.1293507,-0.07592035,-0.28944895,0.23355812
0.0001973534,0.0023463794,0.0032400575,-0.0006573703,0.032615844,0.014726843,0.011606163,-0.008505127,0.100793496,-0.06733647,-0.29787824,0.24404037
0.0005127917,0.002484167,0.0033386315,-0.0007173789,0.033200286,0.01437338,0.008580518,-0.006258473,0.07014239,-0.058584355,-0.3026637,0.2519796
0.00082423707,0.0026118786,0.0034186058,-0.0007479718,0.03344149,0.014073167,0.0055241263,-0.0037778167,0.039921638,-0.05066012,-0.30367365,0.2569555
0.0011431096,0.0027353393,0.0034811548,-0.00074507936,0.033423424,0.013803523,0.002407527,-0.0011293236,0.008977055,-0.043443333,-0.30058792,0.25873718
0.0014622012,0.002850329,0.0035200506,-0.0007125939,0.03323353,0.013538272,-0.00065811,0.0016015198,-0.02210794,-0.03721857,-0.2932683,0.2573261
0.0017809845,0.0029608868,0.0035263859,-0.00066543825,0.03282652,0.013267773,-0.0035786922,0.0042834477,-0.05318608,-0.03265992,-0.28171608,0.2530914
0.0020984884,0.0030685542,0.0035049133,-0.0005971473,0.032239538,0.012963421,-0.0062591857,0.0068360176,-0.08412569,-0.029535409,-0.26621094,0.24600026
0.0024011906,0.0031680109,0.0034581053,-0.00051518856,0.031504076,0.012623404,-0.008571389,0.009141023,-0.113591194,-0.027850863,-0.24775968,0.23672058
0.0027054,0.00327159,0.0033837252,-0.0004149798,0.030455409,0.012173302,-0.010644964,0.011318293,-0.14268196,-0.02819948,-0.22512862,0.22480375
0.003009886,0.0033815561,0.0032850192,-0.0002956327,0.02906915,0.011629778,-0.012450407,0.013366616,-0.17108463,-0.030662935,-0.19847848,0.21044788
0.003298538,0.0034918925,0.0031659696,-0.0001645402,0.027414897,0.011026495,-0.013872673,0.015198298,-0.19739075,-0.0351299,-0.16903222,0.19435985
0.0035652872,0.0036019615,0.0030392,-8.8229135e-06,0.025527129,0.0103763975,-0.0149650965,0.01680745,-0.22106063,-0.041019052,-0.13751632,0.17655486
0.0038055095,0.0037119596,0.0029122033,0.00016879544,0.023459284,0.00974342,-0.015782911,0.018183816,-0.24166217,-0.048235726,-0.10488995,0.15761642
0.00402384,0.003817411,0.002765804,0.00036816788,0.021053461,0.009102088,-0.016327186,0.019392068,-0.26011285,-0.05711675,-0.06879018,0.13623859
0.004209363,0.003917211,0.0026103405,0.0005764804,0.018422052,0.008493247,-0.01661762,0.02044129,-0.275221,-0.067551255,-0.031375293,0.11378732
0.004366785,0.0040087807,0.0024436861,0.0007969135,0.015571242,0.00786664,-0.016654713,0.021358045,-0.28777948,-0.07901009,0.0076416777,0.08995064
0.0044893962,0.0040892456,0.0022827054,0.0010337768,0.01258035,0.007188925,-0.016434047,0.022125985,-0.2970658,-0.090592615,0.046296548,0.06549746
0.0045815394,0.0041573825,0.0021263834,0.0012754655,0.009459695,0.006413074,-0.015945269,0.022747569,-0.3035035,-0.102080755,0.08394209,0.041074917
0.0046511106,0.0042132763,0.0019723875,0.0015157936,0.00627417,0.005561631,-0.01513004,0.023123508,-0.30792537,-0.113192484,0.1202866,0.017078662
0.0046968926,0.004259156,0.0018290916,0.0017508692,0.0030797406,0.0045692045,-0.013985872,0.023282737,-0.3098923,-0.12390246,0.15436187,-0.0058992263
0.0047200024,0.0042905374,0.0017079645,0.001968885,8.4081796e-05,0.0034990485,-0.012579197,0.023230582,-0.30997956,-0.13285406,0.1835469,-0.026309457
0.0047127157,0.0043071345,0.0016008166,0.0021791786,-0.0028429688,0.0022424497,-0.010831295,0.022961797,-0.30707452,-0.14097986,0.20952415,-0.045267563
0.00467817,0.0043093227,0.0015103935,0.002380845,-0.0056675593,0.00083823403,-0.008745812,0.022478806,-0.30159315,-0.1479684,0.23177102,-0.062459894
0.004615857,0.0042954995,0.0014360963,0.0025768606,-0.008381867,-0.0007215367,-0.0063594556,0.021786736,-0.29355422,-0.15374048,0.2505169,-0.07818915
0.00452904,0.004270578,0.0013806587,0.0027614692,-0.010896507,-0.002359888,-0.0037862116,0.020976491,-0.28327256,-0.15851292,0.2652675,-0.091911815
0.004413644,0.004232478,0.001347191,0.002931003,-0.013133108,-0.0040549473,-0.0011993614,0.020070624,-0.27037328,-0.16217439,0.27556854,-0.103422716
0.0042743357,0.0041809226,0.0013214274,0.0030922177,-0.015386506,-0.005808115,0.0016756526,0.018966405,-0.25533977,-0.16519785,0.28338912,-0.113659985
0.0040833107,0.004095332,0.0013298537,0.0032680496,-0.017512212,-0.007759001,0.0045114616,0.017859982,-0.2361788,-0.16532826,0.28565866,-0.12253923
0.003873444,0.003997287,0.0013737587,0.0034575928,-0.01952682,-0.009650779,0.0073175547,0.016678914,-0.21560235,-0.16320899,0.28374812,-0.12984821
0.0036395935,0.003880161,0.0014514718,0.003641875,-0.0214631,-0.011541731,0.010054172,0.015392695,-0.19348925,-0.15838665,0.27615237,-0.13458708
0.0033824362,0.0037446748,0.0015655827,0.0038239926,-0.023353145,-0.013343029,0.012774398,0.013994063,-0.16992831,-0.15053667,0.2625726,-0.13669755
0.0031254415,0.003603692,0.0017001443,0.0039876564,-0.025117574,-0.014928244,0.015370198,0.0125273615,-0.14694306,-0.14080347,0.24515806,-0.13647589
0.0028562215,0.0034475236,0.0018632672,0.0041282144,-0.02651101,-0.016243622,0.017548125,0.011057114,-0.123848565,-0.12826636,0.22249621,-0.13340256
0.00258068,0.003280558,0.0020364765,0.0042388174,-0.027934492,-0.017438471,0.019787882,0.009581157,-0.10050219,-0.11402443,0.1961662,-0.12802379
0.002296412,0.0031018616,0.0022342827,0.0043167896,-0.028969897,-0.018391047,0.021451894,0.008271096,-0.07701186,-0.097334966,0.16476227,-0.11962364
0.0019759794,0.0028940109,0.002460676,0.0043866932,-0.029869657,-0.019244928,0.022848215,0.0070588933,-0.051010553,-0.07728378,0.12783839,-0.10935473
0.0016720322,0.0026960697,0.0026876377,0.0044361097,-0.030503636,-0.019849615,0.023910236,0.0061078416,-0.026362129,-0.057207283,0.09084874,-0.09831377
0.0013675998,0.0025067457,0.0029354133,0.004471707,-0.030980062,-0.020318206,0.024693966,0.005344496,-0.0012354184,-0.036691047,0.051194232,-0.0854556
0.001051385,0.0023117056,0.0032024872,0.004522665,-0.031074863,-0.020574424,0.024951668,0.0046915496,0.024490923,-0.01475922,0.010054712,-0.072712444
0.0007332938,0.0021169155,0.0034717498,0.0045721587,-0.030896308,-0.020656263,0.024818664,0.0041914796,0.05018091,0.007184438,-0.03120476,-0.05981865
0.00042339228,0.0019285782,0.0037322892,0.004614953,-0.030452564,-0.0205743,0.024359917,0.0038710705,0.0752303,0.028110685,-0.07118549,-0.04707936
0.000111320835,0.0017331132,0.0039876876,0.0046608234,-0.029660085,-0.020298434,0.023420822,0.0036906835,0.09987023,0.049358636,-0.11056104,-0.035007656
-0.00020172095,0.0015274563,0.004231959,0.0047029755,-0.02850265,-0.019824186,0.022012444,0.0035621638,0.123879604,0.07085678,-0.14918263,-0.023453308
-0.0004856487,0.0013295133,0.0044445316,0.0047386778,-0.027059285,-0.01912099,0.020261852,0.0034534044,0.14518431,0.09067181,-0.18382885,-0.013258911
-0.0007531962,0.0011346235,0.0046361964,0.0047661182,-0.025436427,-0.018308714,0.018207762,0.0034401931,0.16483524,0.10958921,-0.21617527,-0.003838261
-0.0010052714,0.0009368035,0.00480319,0.0047994116,-0.023463093,-0.01722072,0.015799707,0.0033794327,0.18245952,0.12774199,-0.24503772,0.0036858802
-0.0012434303,0.00074567454,0.0049602045,0.004841064,-0.021211969,-0.015904516,0.013075739,0.0033605557,0.19870397,0.14495313,-0.2715006,0.0100433715
-0.0014486987,0.00057963684,0.0050905426,0.0048879655,-0.018949997,-0.014482628,0.010318206,0.0033649814,0.21237206,0.1593636,-0.29287913,0.014521885
-0.0016374306,0.0004309615,0.0052052327,0.004940769,-0.016488438,-0.012863793,0.007283495,0.003443484,0.22496648,0.17141823,-0.31064796,0.017557899
-0.0018148889,0.00029511622,0.0052990587,0.004989826,-0.013958561,-0.011113885,0.0041512707,0.0035943661,0.23699158,0.18124637,-0.32514942,0.019405592
-0.0019671437,0.00017802074,0.005342151,0.005025743,-0.01132072,-0.009275583,0.0007665694,0.0038004734,0.24708685,0.18699601,-0.3328533,0.018758105
-0.002104417,7.4747244e-05,0.005344685,0.0050517176,-0.008665736,-0.007406057,-0.002607419,0.004037154,0.25631174,0.18943474,-0.33511618,0.015970444
-0.002207765,-1.0394142e-06,0.0053059054,0.005070126,-0.006071858,-0.0056577893,-0.005819107,0.004282564,0.26332456,0.18823217,-0.33103746,0.010868914
-0.0022804874,-5.1264702e-05,0.005233047,0.0050881347,-0.003399871,-0.003910698,-0.008980624,0.0044982648,0.26842538,0.18389827,-0.3211987,0.0034993615
-0.0023306524,-8.071357e-05,0.0051436904,0.0051104794,-0.00053537195,-0.0021324393,-0.0122324955,0.0047445334,0.27238885,0.17756742,-0.3077323,-0.005225418
-0.002333336,-8.838332e-05,0.005000192,0.0051341336,0.0021965941,-0.0005244223,-0.0150454985,0.0048018433,0.2719717,0.16882692,-0.28679463,-0.017132519
-0.002317976,-9.117324e-05,0.0048197447,0.0051613725,0.0051094247,0.0011619701,-0.01784538,0.004730761,0.26960376,0.15866974,-0.2611128,-0.031319954
-0.0022649325,-8.0529855e-05,0.0045985347,0.005181046,0.007894674,0.0026478742,-0.020216642,0.0044747526,0.2635337,0.147144,-0.23080282,-0.047043752
-0.0021749514,-5.2626936e-05,0.0043601845,0.005204063,0.010531537,0.0040147295,-0.022130538,0.0039907843,0.2541696,0.13475192,-0.19778682,-0.06345307
-0.0020408619,-8.135794e-06,0.0040890835,0.005226847,0.013091406,0.0052812924,-0.023708861,0.003273683,0.24042715,0.12121103,-0.16062337,-0.08125345
-0.0018811631,4.713613e-05,0.0038098695,0.0052442574,0.015428331,0.0063845324,-0.024898864,0.0023985445,0.22410446,0.10735273,-0.12283117,-0.09866934
-0.0016872698,0.00011632273,0.003492675,0.005252935,0.017736046,0.0074082687,-0.025803756,0.0012124155,0.20427953,0.091578804,-0.08087542,-0.11721962
-0.0014720593,0.00019782546,0.0031672954,0.005254315,0.019915475,0.008311426,-0.026389394,-0.00021679694,0.18245032,0.07490689,-0.037954208,-0.13546608
-0.001254711,0.00028412844,0.002889293,0.0052552675,0.021537228,0.008900877,-0.02630511,-0.0017814697,0.160845,0.060283598,-0.0006501555,-0.15054403
-0.0010136282,0.00038486053,0.0026073412,0.005257827,0.023078362,0.009393256,-0.025940785,-0.003580772,0.13740623,0.044659093,0.03807618,-0.16566706
-0.0007699924,0.00048503804,0.002339375,0.005232487,0.024289396,0.009683654,-0.025269832,-0.005434282,0.1136553,0.029729504,0.073805094,-0.17838895
-0.00051089126,0.0005879949,0.002069947,0.005182612,0.025250224,0.009883181,-0.024295878,-0.007420281,0.08819325,0.015187058,0.10856683,-0.18975005
-0.00024788734,0.00068785454,0.0018221629,0.005107911,0.025907028,0.009965174,-0.023049721,-0.009430969,0.0620752,0.0027560086,0.1392354,-0.19861062
2.6307904e-05,0.00078593765,0.0015732552,0.005004359,0.026321325,0.009974232,-0.021522641,-0.01155432,0.034484427,-0.008561059,0.16812006,-0.2058328
0.0002960133,0.00087274716,0.0013349717,0.004857651,0.026455447,0.00989676,-0.019739537,-0.013703265,0.0067253704,-0.017624008,0.19242337,-0.21006897
0.00055666524,0.00095365,0.0011221599,0.0046884688,0.02630412,0.009759527,-0.017753014,-0.015796252,-0.020229613,-0.024495918,0.21178003,-0.21159868
0.0008337821,0.0010540723,0.0009338751,0.0045164586,0.026037445,0.009622555,-0.01561874,-0.017924305,-0.04779103,-0.030901294,0.22884732,-0.21150993
0.001091373,0.001140867,0.0007777493,0.004341579,0.025320314,0.009274722,-0.0132977525,-0.019968048,-0.07360646,-0.034786053,0.24105825,-0.20957056
0.0013365565,0.001218226,0.0006375102,0.0041287984,0.024253137,0.008905326,-0.010853232,-0.021919414,-0.09828375,-0.03695649,0.24828798,-0.2045924
0.0015692491,0.0012910232,0.0005222197,0.0038973868,0.023010062,0.008589035,-0.008409241,-0.023737004,-0.121360764,-0.03769806,0.25096792,-0.197034
0.0017901028,0.0013646581,0.00043638912,0.0036568053,0.021601306,0.00830059,-0.005954035,-0.025450952,-0.1425801,-0.03736643,0.24939871,-0.18716396
0.002019256,0.0014464882,0.00037418562,0.0033866232,0.019909931,0.007976484,-0.0032909599,-0.027226944,-0.16404592,-0.03602993,0.24353951,-0.17410304
0.0022145524,0.001521823,0.00035659742,0.0031163404,0.018114617,0.0077368487,-0.00089710817,-0.028819837,-0.18159011,-0.03332032,0.23192413,-0.15836684
0.0024062453,0.0015988902,0.00036492798,0.0028219782,0.01618916,0.007582337,0.0014397175,-0.03038412,-0.19853975,-0.029471945,0.2159222,-0.13970272
0.0025656037,0.0016719116,0.00040186546,0.0025464757,0.014305848,0.007503122,0.0034248687,-0.031692576,-0.21193998,-0.025363635,0.1974605,-0.1204468
0.002726919,0.001753356,0.00046665367,0.0022275827,0.012177109,0.007429652,0.005335722,-0.032957517,-0.22502275,-0.020509215,0.1735262,-0.09700732
0.0028659937,0.0018459721,0.00055682217,0.0019082233,0.010055642,0.007356819,0.0068942914,-0.033921886,-0.23504944,-0.01670773,0.14726408,-0.07203834
0.00297625,0.0019426285,0.0006682358,0.001594302,0.007921361,0.0072864913,0.008157851,-0.034613654,-0.241782,-0.013942269,0.11924401,-0.046162292
0.0030491909,0.002032105,0.0007935357,0.0012705219,0.005738529,0.007143318,0.009163349,-0.03507561,-0.244709,-0.011902075,0.08882209,-0.018988913
0.0030856617,0.0021160317,0.00092798437,0.00095403404,0.0036074943,0.0069369115,0.009934676,-0.035279166,-0.24378534,-0.0110125085,0.0577466,0.008164712
0.0030754972,0.002176988,0.0010503905,0.0006344223,0.0015079889,0.0066499948,0.010393885,-0.03513308,-0.23875098,-0.011175772,0.026978388,0.0346248
0.0030407463,0.0022323465,0.001170138,0.00032655356,-0.00044868406,0.0065468233,0.010644521,-0.034911685,-0.23116148,-0.01246655,-0.0028516275,0.06010115
0.002972819,0.0022713065,0.0012666284,-1.5869227e-05,-0.0025448676,0.0063276147,0.010509487,-0.03416309,-0.22047189,-0.015408469,-0.032370973,0.08618484
0.0028896334,0.0023087983,0.0013552991,-0.0003792407,-0.004773421,0.006161831,0.01007075,-0.03311629,-0.20793909,-0.019897655,-0.061953124,0.11315062
0.0027995622,0.0023480821,0.0014374354,-0.0007230303,-0.006907269,0.006021899,0.009283519,-0.03181987,-0.19423664,-0.025782593,-0.08912734,0.13863936
0.002706499,0.00238773,0.0015083367,-0.0010488007,-0.008993998,0.005825085,0.008240762,-0.030287044,-0.17991762,-0.032908373,-0.11346921,0.1623959
0.0025905317,0.0024207707,0.0015710603,-0.0013745317,-0.011095092,0.005555577,0.0069248434,-0.028426088,-0.16301903,-0.041472245,-0.13654163,0.185497
0.0024618716,0.0024467097,0.0016089563,-0.0016784256,-0.012862046,0.0052069654,0.0053795553,-0.026392635,-0.14490876,-0.051552564,-0.15552202,0.20571996
0.0023312226,0.0024867186,0.0016509793,-0.0019652522,-0.014289713,0.0049299146,0.0037882244,-0.024510732,-0.12578307,-0.063175954,-0.17312355,0.2249402
0.00219017,0.0025106533,0.0016505297,-0.0022217906,-0.015335229,0.004313072,0.0020024045,-0.022315638,-0.106263205,-0.07571623,-0.18477756,0.23950061
0.0020406146,0.0025304242,0.0016372978,-0.0024499418,-0.01611565,0.0035231255,0.00010603523,-0.020009734,-0.08592891,-0.0888894,-0.1934328,0.2511808
0.0018947505,0.0025613403,0.001626549,-0.002651446,-0.01655527,0.0027682695,-0.0018105567,-0.017891372,-0.065522574,-0.1027245,-0.20048097,0.2612133
0.0017357847,0.0025672663,0.0015806685,-0.0028217982,-0.016917083,0.001710741,-0.0038686674,-0.015401243,-0.045117304,-0.11621762,-0.20307997,0.2669182
0.001575586,0.0025580921,0.0015062079,-0.0029595816,-0.017072674,0.00048870425,-0.0059088846,-0.012863703,-0.025771627,-0.12918435,-0.2017767,0.26885816
0.0014279787,0.0025432846,0.0014156875,-0.0030720308,-0.01706045,-0.00078254635,-0.007836039,-0.010442006,-0.008594772,-0.14144519,-0.19766992,0.2683555
0.0012720126,0.0025220886,0.0012996458,-0.0031699846,-0.016821826,-0.0022250037,-0.00985868,-0.007892259,0.008855689,-0.15444145,-0.19044173,0.26549277
0.0011000258,0.0024953438,0.0011675954,-0.0032473942,-0.016421862,-0.0038500987,-0.011985675,-0.0051685125,0.027598867,-0.16824773,-0.18061654,0.26048213
0.0009361807,0.0024577444,0.0010306222,-0.0032896886,-0.01588364,-0.0055581806,-0.013865286,-0.0026606251,0.044361826,-0.18037322,-0.16884686,0.25332272
0.0007654704,0.0024029592,0.0008816179,-0.0033000826,-0.015266472,-0.007497616,-0.0156012345,-0.000111123314,0.060587686,-0.19123146,-0.15479565,0.24376854
0.0005972015,0.0023320052,0.00072230026,-0.003279498,-0.014478408,-0.009593394,-0.017169327,0.0023981873,0.07520258,-0.20034714,-0.13862184,0.23200008
0.0004438102,0.002244376,0.0005620269,-0.0032326696,-0.013670154,-0.011721023,-0.018492071,0.004789236,0.08678925,-0.20652959,-0.12165997,0.21884108
0.0003122428,0.00214618,0.000408092,-0.0031649268,-0.012899186,-0.013742497,-0.01956961,0.00698887,0.09502381,-0.20984477,-0.1047961,0.20499112
0.0001952468,0.0020220755,0.00023494031,-0.003084712,-0.012045776,-0.015723985,-0.020463482,0.009071697,0.09978353,-0.2103509,-0.086390786,0.18931173
9.0069894e-05,0.0018770157,4.782211e-05,-0.002994046,-0.011177286,-0.017644718,-0.021147223,0.011009101,0.10188631,-0.20869596,-0.06685381,0.17213756
-4.145475e-06,0.0017124965,-0.00014538506,-0.0028948165,-0.010278332,-0.019485038,-0.02164422,0.012789278,0.101654656,-0.20488217,-0.047015972,0.15393946
-9.0270434e-05,0.0015180332,-0.00035004364,-0.0027859956,-0.009261417,-0.021317018,-0.021982286,0.014416696,0.09878326,-0.1982392,-0.026755052,0.13436542
-0.00016043054,0.0013069608,-0.00055299024,-0.0026634065,-0.008362272,-0.023057612,-0.022096042,0.01582262,0.09340835,-0.18899946,-0.0067349,0.11398619
-0.00022539996,0.0010702098,-0.0007639795,-0.0025246344,-0.007540966,-0.024769306,-0.021959472,0.017028015,0.086210065,-0.17725644,0.013822842,0.09210478
-0.0002818914,0.0008141029,-0.0009681611,-0.0023653607,-0.0067708152,-0.02634688,-0.02156211,0.017923592,0.07720836,-0.16263363,0.033573378,0.06955104
-0.00033859842,0.00052432535,-0.0011835131,-0.002190261,-0.006031781,-0.027872562,-0.020930955,0.018587464,0.06640467,-0.14492828,0.053573597,0.045527175
-0.00038570812,0.00022997658,-0.0013857959,-0.0020058688,-0.005393956,-0.029192675,-0.020122,0.018909171,0.054500718,-0.12544933,0.07194506,0.022062903
-0.00043385848,-7.271584e-05,-0.0015776366,-0.0018137172,-0.00484021,-0.030375818,-0.019215737,0.018985838,0.04224777,-0.10444784,0.088901944,-0.0010692857
-0.0004740872,-0.00039183864,-0.0017703051,-0.0016181605,-0.0043782047,-0.031310856,-0.018184537,0.01871997,0.028415928,-0.08107864,0.104689114,-0.024013853
-0.00051913527,-0.0007216554,-0.0019565374,-0.0014241616,-0.0040589785,-0.032124136,-0.017136227,0.018294543,0.014437891,-0.05610827,0.11862558,-0.04617251
-0.0005614033,-0.0010460737,-0.0021203223,-0.001234727,-0.0038219292,-0.032612305,-0.016013829,0.017568469,0.00067741086,-0.029991342,0.12926848,-0.066256784
-0.0006108266,-0.0013966428,-0.0022848106,-0.0010359989,-0.003712965,-0.032891072,-0.014799775,0.016632216,-0.014280957,-0.00048918405,0.13829872,-0.08661094
-0.00065405195,-0.0017417818,-0.0024321373,-0.00084683846,-0.0037161862,-0.03276166,-0.013467725,0.015392447,-0.029933147,0.030567346,0.1441715,-0.105019756
-0.0007004769,-0.0020699177,-0.0025602283,-0.0006702476,-0.0038678849,-0.032352034,-0.012109593,0.014042631,-0.044855114,0.061442327,0.14751609,-0.12142572
-0.000753086,-0.0023834822,-0.0026732075,-0.00051312614,-0.0041745906,-0.031559084,-0.01069436,0.012506604,-0.05849088,0.09172184,0.14835405,-0.13569386
-0.0008150888,-0.0026832146,-0.0027726036,-0.00038026515,-0.004674986,-0.030458242,-0.009270393,0.01091595,-0.070285015,0.1204594,0.14722055,-0.14785819
-0.0008856785,-0.0029817729,-0.002857395,-0.00025464012,-0.0053834314,-0.029072523,-0.00776223,0.009240166,-0.080723464,0.14876415,0.14441459,-0.15881428
-0.00095798314,-0.0032491756,-0.0029272465,-0.00017350956,-0.006254491,-0.027498443,-0.006413386,0.0076526282,-0.08861178,0.1728433,0.14004798,-0.16659132
-0.0010332251,-0.0035096107,-0.0029850958,-0.0001103557,-0.007250075,-0.025704639,-0.005061326,0.0060100844,-0.09497516,0.19563931,0.13418639,-0.17275219
-0.001101552,-0.003751473,-0.0030239015,-5.653457e-05,-0.008272214,-0.023669664,-0.0037046955,0.0043122973,-0.10013337,0.21657237,0.12729426,-0.17743845
-0.001182329,-0.0039802794,-0.003053244,-3.1366086e-05,-0.009393869,-0.02140668,-0.0023813641,0.0025988435,-0.10243761,0.23478886,0.11907933,-0.18018138
-0.0012735385,-0.004193166,-0.0030702811,-1.841494e-05,-0.010528021,-0.01908035,-0.001134278,0.0009512298,-0.10213709,0.25051025,0.11025443,-0.18173942
-0.001385565,-0.0044076405,-0.0030710855,-3.2601238e-06,-0.01165279,-0.016527098,9.348391e-05,-0.0007804753,-0.099210724,0.26594034,0.09968135,-0.18253285
-0.0015031267,-0.004570848,-0.0030496502,-1.5612415e-05,-0.0126595525,-0.013911828,0.0010124799,-0.0024071992,-0.09293258,0.27666882,0.08770449,-0.18031226
-0.0016260464,-0.004700522,-0.0030139275,-3.643277e-05,-0.0135216275,-0.011239891,0.0018063373,-0.00400465,-0.08408313,0.2843997,0.07526661,-0.17665923
-0.0017532707,-0.004791462,-0.0029658806,-6.579689e-05,-0.014272114,-0.0086103985,0.0024930749,-0.0055636186,-0.072653845,0.28878316,0.06266035,-0.17161095
-0.0018916264,-0.0048570004,-0.0029101588,-0.000106960506,-0.014915881,-0.005959226,0.0030781587,-0.007077071,-0.058531336,0.2905331,0.049638018,-0.16531067
-0.0020465774,-0.004895559,-0.0028467714,-0.00016140909,-0.015501979,-0.003117445,0.003592743,-0.008725108,-0.040956955,0.289019,0.03592428,-0.15748164
-0.0022029441,-0.004898451,-0.0027821616,-0.00023577554,-0.01594984,-0.00038099918,0.004003577,-0.010274947,-0.021333802,0.28369364,0.022772154,-0.14826842
-0.0023531953,-0.0048650918,-0.002718258,-0.00032868664,-0.016238809,0.002275068,0.0043625887,-0.011810289,-0.00079423084,0.2748269,0.010429728,-0.13787068
-0.0024983746,-0.004797287,-0.0026608263,-0.00045270563,-0.016362814,0.004864675,0.004593537,-0.01320615,0.020678366,0.26190418,-0.0008545116,-0.12615137
-0.002625863,-0.0046954383,-0.0026039456,-0.00059046247,-0.016288545,0.0072513167,0.004729252,-0.01444556,0.04158849,0.24608836,-0.010663967,-0.11385621
-0.0027412672,-0.0045614783,-0.002552591,-0.00075250014,-0.015965952,0.009563862,0.0047731707,-0.0156044,0.062521994,0.22673339,-0.018995596,-0.10065104
-0.0028575636,-0.004422185,-0.0025110766,-0.0009276321,-0.015383888,0.011633703,0.004693943,-0.016587002,0.08371892,0.20600973,-0.026276434,-0.08750114
-0.0029816993,-0.004279787,-0.002485579,-0.0011295638,-0.014474316,0.013564293,0.0044548456,-0.01741071,0.10622261,0.18306534,-0.032603614,-0.073934145
-0.0031022895,-0.004141349,-0.0024738214,-0.0013377799,-0.013271037,0.015238115,0.004148468,-0.018088058,0.1285195,0.15958129,-0.0377132,-0.060913853
-0.0032062777,-0.004010002,-0.0024764119,-0.0015361415,-0.011837152,0.016691146,0.0038012173,-0.018691907,0.148798,0.13656788,-0.040777892,-0.049328137
-0.0033032934,-0.003883763,-0.0024920015,-0.0017363944,-0.010121853,0.01786576,0.0033752325,-0.019163178,0.1682496,0.11359177,-0.042617526,-0.038388457
-0.0033854477,-0.0037491922,-0.0025126275,-0.0019391873,-0.008077642,0.018789692,0.0029103123,-0.019509852,0.18656346,0.09008499,-0.043438405,-0.027546491
-0.0034417023,-0.003601891,-0.002526786,-0.0021263661,-0.005958899,0.019527175,0.0025338745,-0.019919727,0.20262504,0.06700027,-0.043512866,-0.017112717
-0.0034810188,-0.0034340222,-0.0025320977,-0.002323241,-0.0034698478,0.019935869,0.0020727173,-0.020195095,0.21751288,0.043168295,-0.043777827,-0.005725408
-0.0035023745,-0.0032625948,-0.0025306458,-0.0025123945,-0.00090757274,0.020012306,0.0015754224,-0.020269444,0.23010615,0.02042198,-0.04401293,0.005445081
-0.0035471737,-0.00312789,-0.0025654454,-0.0027468458,0.0016407757,0.019904371,0.00085002405,-0.020232487,0.2433314,-0.0015411185,-0.044662196,0.017084142
-0.0035314737,-0.0029485475,-0.002552258,-0.0029112312,0.004340749,0.019447342,0.00024607845,-0.019867107,0.2516934,-0.022106444,-0.044281088,0.027410802
-0.003490101,-0.0027778738,-0.0025460601,-0.003071293,0.007039557,0.01889062,-0.00037716678,-0.019432614,0.256163,-0.040243573,-0.043357514,0.036999013
-0.0034174495,-0.0026122557,-0.0025462299,-0.00323239,0.009724508,0.018194025,-0.0009809375,-0.018934105,0.25630152,-0.055860102,-0.042238966,0.046315465
-0.0033215429,-0.0024631827,-0.0025599478,-0.0033959108,0.01231402,0.01738496,-0.0015384122,-0.018347763,0.25241053,-0.06842144,-0.040842853,0.054975078
-0.0032060102,-0.0023238591,-0.0025763963,-0.0035488799,0.014795854,0.016550303,-0.0020380802,-0.017721865,0.2456353,-0.07862888,-0.039173074,0.062852226
-0.0030625567,-0.0021849668,-0.0026000843,-0.0037035197,0.017264867,0.015587995,-0.0025226795,-0.016975664,0.23517586,-0.08700444,-0.03699246,0.070349276
-0.002890788,-0.002043341,-0.0026173894,-0.0038479143,0.019549876,0.014681649,-0.0029422161,-0.016299337,0.22177304,-0.09361963,-0.034978855,0.07768696
-0.002683795,-0.0018986146,-0.0026388422,-0.003989006,0.021740787,0.013666965,-0.003337193,-0.0154984025,0.20389353,-0.09819516,-0.0324403,0.08459064
-0.0024436447,-0.0017559967,-0.002667486,-0.0041256226,0.023744617,0.01256551,-0.0037242945,-0.014554064,0.181609,-0.10068365,-0.029041402,0.090732545
-0.002174159,-0.0016205034,-0.0027022685,-0.004259064,0.02548028,0.011435328,-0.004078256,-0.013521365,0.15542623,-0.10108081,-0.025149256,0.096279755
-0.0018965744,-0.0014935244,-0.0027370818,-0.004383311,0.026924117,0.010415968,-0.004388754,-0.0125517985,0.12815882,-0.10036679,-0.02111587,0.101373844
-0.0015924778,-0.0013693718,-0.0027758053,-0.0045107524,0.028004128,0.009433873,-0.0045988145,-0.01151496,0.097599134,-0.09794023,-0.017122416,0.10644948
-0.0012962295,-0.0012713907,-0.002824466,-0.0046310024,0.028736595,0.00849083,-0.004740066,-0.010432637,0.06651345,-0.09370742,-0.012835854,0.11040496
-0.0010105004,-0.0011829978,-0.0028684852,-0.0047375658,0.029151926,0.0077248896,-0.004809272,-0.009488384,0.036505863,-0.08900064,-0.008678051,0.11388036
-0.0007185137,-0.0011012506,-0.002914013,-0.0048330096,0.029190619,0.0069826436,-0.0047658808,-0.008492464,0.0055702184,-0.08326787,-0.004061846,0.11661752
-0.0004321454,-0.0010323059,-0.0029541508,-0.0049054483,0.028897393,0.0063229185,-0.00466815,-0.00755913,-0.025211003,-0.076166086,0.0006633254,0.11825536
-0.00014945821,-0.0009743369,-0.002989411,-0.004958298,0.028267166,0.0057422435,-0.004505232,-0.0066473484,-0.056020837,-0.06791124,0.005511183,0.11891283
0.00012213597,-0.00092737074,-0.0030248517,-0.0049974965,0.027314955,0.005270779,-0.0042894147,-0.0057959883,-0.0858007,-0.059329897,0.01073971,0.1186426
0.00038124406,-0.0008889521,-0.0030622913,-0.0050259186,0.026043093,0.00490627,-0.0040044943,-0.004975955,-0.11427625,-0.050786544,0.016373662,0.11755132
0.0006221538,-0.0008503597,-0.0030991498,-0.0050534783,0.024491847,0.0046398286,-0.0036778636,-0.004164207,-0.1404371,-0.04332279,0.021967685,0.11633743
0.000858978,-0.00081774977,-0.0031318679,-0.0050596297,0.022714233,0.004381919,-0.0033206507,-0.0032761195,-0.16615684,-0.035557106,0.028167402,0.11418142
0.0010818476,-0.0007810571,-0.0031646308,-0.0050614504,0.020666154,0.004170457,-0.002952342,-0.002412844,-0.19008379,-0.028779816,0.03452386,0.11188212
0.0012731702,-0.0007750111,-0.003210122,-0.0050756396,0.01846416,0.004139691,-0.002405607,-0.0014924842,-0.2120945,-0.021055432,0.03991507,0.10957243
0.0014559157,-0.00075644563,-0.0032381678,-0.0050503956,0.015999177,0.004076496,-0.0019367595,-0.00064292265,-0.23210122,-0.014318142,0.04602537,0.106124036
0.0016133677,-0.0007457872,-0.0032677886,-0.0050157774,0.013421783,0.004003369,-0.0014353823,0.00027778524,-0.24951224,-0.008169212,0.052177265,0.10216074
0.0017477351,-0.00073489296,-0.0032874972,-0.0049654795,0.010782409,0.003926785,-0.0008591437,0.0012116001,-0.2640256,-0.002747005,0.057906,0.09800006
0.0018628092,-0.00071762555,-0.0032961438,-0.0048999162,0.007965971,0.0038452514,-0.00024379315,0.0022192006,-0.27569243,0.0014887704,0.06339893,0.09368801
0.0019504321,-0.000702047,-0.0033029225,-0.0048262677,0.0050718193,0.0037775778,0.00041093037,0.0032285422,-0.28407016,0.0045166584,0.06879253,0.08918903
0.0020084393,-0.0006847926,-0.0033053986,-0.004754117,0.0022356636,0.0037316966,0.0011026993,0.004192342,-0.28868216,0.005776337,0.07363994,0.08507558
0.002038751,-0.00066190667,-0.0032958316,-0.004672534,-0.00067975087,0.0037038089,0.0018165469,0.0052172374,-0.2894401,0.0052464404,0.07794548,0.08100293
0.002033831,-0.0006418169,-0.0032812261,-0.004599149,-0.0034324932,0.0036739996,0.0025269175,0.0061907796,-0.28601247,0.0030117673,0.08117513,0.07759368
0.002000131,-0.00062370143,-0.0032584139,-0.0045266566,-0.0060950634,0.0036164122,0.003227405,0.007152768,-0.27894458,-0.0005369579,0.083358936,0.074649915
0.0019355397,-0.00060087984,-0.003221916,-0.004449075,-0.0087996945,0.0035573286,0.003968007,0.008108144,-0.2675476,-0.0060051316,0.0844928,0.07225537
0.0018441632,-0.000576965,-0.003173422,-0.0043737465,-0.011285079,0.0034374578,0.004682475,0.008944421,-0.25275317,-0.012794319,0.08438342,0.07069364
0.0017247752,-0.0005558254,-0.0031178496,-0.0042989245,-0.013581501,0.003194187,0.0053579393,0.0097436765,-0.23479997,-0.020587746,0.08338302,0.06956731
0.0015702664,-0.0005456473,-0.0030587986,-0.004220541,-0.01574955,0.0027533306,0.006090259,0.010515796,-0.2134162,-0.028823387,0.08159111,0.06846862
0.0013972061,-0.0005335569,-0.0029877108,-0.0041286848,-0.0176532,0.002144676,0.0069120256,0.0112363715,-0.19010209,-0.03730851,0.07922447,0.06733347
0.0012035883,-0.0005108687,-0.0028954921,-0.0040144823,-0.019500196,0.0013479894,0.007885672,0.011945431,-0.16428463,-0.046531826,0.07621277,0.06632202
0.0009909708,-0.0004863644,-0.002790479,-0.0038826792,-0.021040924,0.00045282234,0.008892415,0.012581749,-0.13673921,-0.05582027,0.07275322,0.06510287
0.0007662562,-0.00047114398,-0.002684652,-0.0037508556,-0.022199957,-0.00045119843,0.009809314,0.013137646,-0.10871508,-0.06436693,0.06860652,0.063858
0.00053271407,-0.00045933196,-0.0025672945,-0.0036030628,-0.023056602,-0.0013861031,0.010676747,0.013641434,-0.08010074,-0.07212522,0.06376345,0.062322993
0.00029819374,-0.00045360526,-0.0024447127,-0.0034506808,-0.02352334,-0.0023436968,0.011451027,0.014128769,-0.05188241,-0.07878466,0.05822567,0.060687456
5.3425174e-05,-0.00045828882,-0.0023201886,-0.003304442,-0.023740062,-0.00331403,0.01212795,0.0146313645,-0.023100354,-0.08466182,0.051530346,0.059392408
-0.00020371925,-0.00048059708,-0.002193932,-0.0031569367,-0.023712825,-0.004281933,0.012705473,0.015126009,0.006128923,-0.08910571,0.04375576,0.057937313
-0.00046071262,-0.0005221142,-0.0020645557,-0.0029975912,-0.023434855,-0.0052588726,0.013171391,0.015597753,0.03422643,-0.09118,0.035297334,0.055815313
-0.00071114674,-0.0005749226,-0.0019311609,-0.0028324972,-0.022892535,-0.006197269,0.013482945,0.016019983,0.060776986,-0.091442816,0.02616135,0.05355435
-0.0009471412,-0.00064718677,-0.001812325,-0.002669781,-0.022174979,-0.0070619155,0.013652704,0.01641294,0.08421447,-0.08923774,0.017329616,0.050614364
-0.0011852531,-0.00074154657,-0.0016895973,-0.0024941924,-0.021219686,-0.007939054,0.013681154,0.016846698,0.106639884,-0.08456024,0.007782425,0.046981186
-0.0014075834,-0.00085136277,-0.0015759739,-0.0023146833,-0.020119896,-0.008739926,0.013597553,0.01729879,0.12607324,-0.07747433,-0.001578744,0.0426775
-0.0016481177,-0.0009761357,-0.0014693696,-0.0021553289,-0.018872423,-0.009275164,0.013488111,0.017865766,0.14667758,-0.06997361,-0.0120965,0.039018
-0.0018468888,-0.0010968178,-0.0013610385,-0.0019761443,-0.017368637,-0.009889523,0.013177186,0.018193498,0.16273521,-0.060375355,-0.021785472,0.03450407
-0.0020400858,-0.0012102207,-0.0012573934,-0.001823972,-0.015808886,-0.010317589,0.012920057,0.018614667,0.1789568,-0.051907744,-0.031869035,0.031175204
-0.0022163077,-0.0013331895,-0.00114377,-0.0016350994,-0.013904651,-0.010738157,0.012410664,0.018793022,0.19238777,-0.04023044,-0.042051733,0.026461976
-0.0023678395,-0.0014502697,-0.0010229226,-0.0014357858,-0.011790993,-0.011038678,0.0118412385,0.01894387,0.2029476,-0.027103616,-0.05223378,0.021624781
-0.0025002034,-0.0015663325,-0.0009036045,-0.0012374657,-0.009538149,-0.011187781,0.011217044,0.019049646,0.2107205,-0.012729785,-0.06220966,0.016847642
-0.0025997658,-0.0016720379,-0.00078290753,-0.0010359568,-0.0072394866,-0.011152305,0.010551065,0.019110888,0.21474428,0.0025552043,-0.07136299,0.011985775
-0.0026757405,-0.0017751135,-0.00065549865,-0.0008227426,-0.00477779,-0.01100866,0.00978379,0.019165061,0.21575695,0.019287242,-0.080139555,0.006775981
-0.0027197367,-0.0018781094,-0.0005389174,-0.00061248045,-0.0024165541,-0.0107225375,0.009000145,0.019249486,0.21267328,0.037220407,-0.08749261,0.0010103385
-0.0027392756,-0.0019836372,-0.0004340529,-0.0004024436,-0.00017376759,-0.010309059,0.008179011,0.019305538,0.20661101,0.05596916,-0.093382604,-0.0055418387
-0.0027361936,-0.0020793139,-0.00034437905,-0.0002035251,0.0018844788,-0.009736846,0.007328015,0.019229438,0.1987988,0.07367612,-0.0974386,-0.012341971
-0.002714035,-0.0021684763,-0.00026248465,-5.214024e-06,0.003748593,-0.008993788,0.006429734,0.019099878,0.18931346,0.09101858,-0.100125514,-0.019548878
-0.0026745612,-0.0022525548,-0.00018766867,0.00020423772,0.0055610277,-0.008050142,0.005461998,0.018869525,0.1782822,0.10823441,-0.100944884,-0.027811402
-0.0026265243,-0.00232793,-0.00012767203,0.0003971236,0.007244536,-0.007015784,0.00448022,0.018570792,0.16686472,0.12391167,-0.10025575,-0.035988398
-0.0025550732,-0.0023970015,-6.539562e-05,0.0006179049,0.008999166,-0.005686817,0.0034207515,0.018145068,0.15333255,0.14020856,-0.09779428,-0.04556842
-0.0024769376,-0.002462873,-1.6984006e-05,0.00083189807,0.010616783,-0.0041880026,0.0023519024,0.017601507,0.13945416,0.15554444,-0.09380395,-0.05552066
-0.0023759454,-0.0025153146,1.8076586e-05,0.0010427698,0.012195658,-0.002461223,0.0012912137,0.016885368,0.12399563,0.1695817,-0.087715186,-0.065949984
-0.002258124,-0.0025516427,2.379017e-05,0.0012243013,0.013497071,-0.0007157155,0.0003429646,0.016114889,0.10767084,0.18092485,-0.079108894,-0.07630376
-0.0021178848,-0.0025713507,1.1130382e-05,0.0013925637,0.014608273,0.0012038552,-0.0005425046,0.015273707,0.08989109,0.19054654,-0.068467,-0.08678296
-0.001972609,-0.0025411097,2.0008549e-05,0.0015513336,0.015834782,0.0032550588,-0.0013648355,0.014172233,0.07442789,0.19603184,-0.058567643,-0.09507626
-0.0017997817,-0.002514419,-1.11966365e-05,0.0016977644,0.016677564,0.005441763,-0.0021171807,0.01303248,0.056012,0.20075724,-0.044862896,-0.104924284
-0.0016165993,-0.0024587824,-4.8008806e-05,0.0018240511,0.017266458,0.0075870752,-0.0026365553,0.011868772,0.03815638,0.20218669,-0.030130409,-0.11383502
-0.001432542,-0.0023911314,-8.998657e-05,0.0019279461,0.017753523,0.009660522,-0.0030268384,0.010680843,0.021091422,0.20157784,-0.015307986,-0.121711686
-0.0012494897,-0.0023079847,-0.00014095636,0.002008736,0.018014845,0.011643976,-0.0032185172,0.009488431,0.005019863,0.19838136,0.00015164539,-0.128738
-0.0010724778,-0.0022070855,-0.00018523152,0.0020835397,0.018120138,0.013556757,-0.0031931524,0.008283331,-0.009350227,0.19297037,0.015605121,-0.13499597
-0.0008983361,-0.0020802454,-0.0002145768,0.0021547186,0.018121582,0.015346198,-0.0030123917,0.006957219,-0.021965446,0.18497592,0.031050552,-0.14030707
-0.00073249487,-0.0019447944,-0.00023687464,0.0022147123,0.018022591,0.016970502,-0.002724976,0.005643362,-0.0331492,0.1758102,0.045717146,-0.14467117
-0.0005539547,-0.0017729382,-0.00025895354,0.0022590675,0.017754959,0.018599747,-0.0022040526,0.0042820266,-0.04409102,0.1631143,0.06190897,-0.14830546
-0.00038536562,-0.0015878666,-0.00027876988,0.0022783808,0.017316356,0.020031832,-0.0015314507,0.002919426,-0.053333096,0.14852919,0.077281415,-0.15056418
-0.00022092236,-0.0013897172,-0.00028639997,0.002287304,0.016814722,0.021340627,-0.00071089726,0.0015272596,-0.06153521,0.13295406,0.091479614,-0.15165348
-6.04366e-05,-0.0011758875,-0.000279425,0.0022948917,0.016195925,0.022454793,0.00013859174,7.125386e-05,-0.06839391,0.11634737,0.104746215,-0.15192471
0.00010528659,-0.00093541585,-0.00026547496,0.0022901471,0.015463719,0.023514943,0.0012021847,-0.0015053519,-0.07436679,0.097437315,0.11796061,-0.15109162
0.0002621339,-0.000684693,-0.0002448262,0.0022716776,0.014721571,0.024445316,0.0023617162,-0.0031811206,-0.07856153,0.0773217,0.13005888,-0.1489934
0.0003987773,-0.0004380282,-0.0002056161,0.0022363549,0.014035897,0.02508905,0.0035391592,-0.004763902,-0.08024695,0.057952516,0.13819817,-0.14460738
0.00053160125,-0.00017306363,-0.0001336774,0.0022157903,0.013344721,0.025590472,0.00479028,-0.006154364,-0.08019569,0.03864906,0.14367168,-0.13880627
0.0006523311,7.840848e-05,-6.165019e-05,0.0021613413,0.012765431,0.025788672,0.0060844608,-0.007618876,-0.07910198,0.020184143,0.14617802,-0.13089763
0.00076936616,0.00033025665,2.6736205e-05,0.0021018563,0.012200294,0.02577554,0.007432003,-0.008976884,-0.07720307,0.0025178106,0.14607714,-0.121500984
0.0008758184,0.00057281146,0.00012325279,0.0020353494,0.011615446,0.025628125,0.00873705,-0.010138986,-0.07449605,-0.014155109,0.14396913,-0.11117502
0.0009927831,0.00081758184,0.00021693327,0.0019374017,0.011012952,0.02533426,0.010105661,-0.0112494035,-0.072819486,-0.03067744,0.14036693,-0.099149205
0.0011097774,0.001076355,0.00033677288,0.0018221231,0.01027435,0.024842767,0.011713643,-0.012271035,-0.07006667,-0.047331154,0.13313474,-0.08444148
0.0012145777,0.0013226344,0.0004726543,0.0017105914,0.009548208,0.02417927,0.013075442,-0.013109743,-0.06675157,-0.062435687,0.123712674,-0.06915465
0.0013273127,0.0015720923,0.0006133737,0.0015818226,0.0088531645,0.023447376,0.014322747,-0.013816863,-0.064511456,-0.0771923,0.1129403,-0.05268261
0.0014326179,0.0018194894,0.0007713059,0.0014498447,0.008157144,0.022597339,0.015416143,-0.01432705,-0.061665826,-0.09114734,0.099797316,-0.035071623
0.0015408372,0.0020727888,0.00094523263,0.0013085842,0.0074235466,0.021623708,0.01640914,-0.014641105,-0.058950737,-0.1046622,0.08457598,-0.016090374
0.0016327844,0.0023025163,0.0011218878,0.0011761618,0.006783294,0.020579765,0.017184006,-0.014730288,-0.05578361,-0.116091244,0.06822962,0.0024322297
0.0017134044,0.0025109288,0.001299289,0.0010390066,0.0062407325,0.019391196,0.017823175,-0.014669997,-0.052644987,-0.12554488,0.050341025,0.021189563
0.0017907775,0.0027054083,0.001473025,0.0008977904,0.0057592834,0.01809479,0.018354677,-0.014474453,-0.050089207,-0.1336327,0.031917065,0.03989819
0.0018689474,0.002918828,0.0017029562,0.0008100093,0.005454967,0.016641302,0.018734192,-0.0140656885,-0.04675085,-0.14020677,0.011099857,0.058662172
0.0019428453,0.0030850987,0.0018808718,0.0006737673,0.0049697524,0.015218952,0.018760167,-0.013393085,-0.045569766,-0.14458315,-0.008969799,0.077205144
0.0019781839,0.003223588,0.0020648516,0.0005344226,0.0046535195,0.01375419,0.018724311,-0.01254829,-0.041609548,-0.14758356,-0.031251878,0.096172415
0.002000118,0.0033520854,0.0022566682,0.00040353503,0.004356621,0.012266236,0.018479448,-0.011446385,-0.036689486,-0.14963615,-0.054288264,0.11506436
0.0020247337,0.003506891,0.0024850008,0.00032684323,0.004057437,0.01079649,0.018200388,-0.010230846,-0.030503042,-0.15243612,-0.076788016,0.13305767
0.0020363615,0.0035903344,0.002643096,0.00022769948,0.0039280793,0.009417541,0.017588193,-0.0088781845,-0.027248282,-0.15189703,-0.09617329,0.14816645
0.0020417094,0.0036707462,0.0028147346,0.00014381518,0.003729524,0.007953699,0.016669067,-0.00716791,-0.023536598,-0.15066461,-0.11608334,0.16310953
0.002047428,0.003725728,0.0029514052,5.9712373e-05,0.0034331628,0.006606269,0.015636006,-0.005450178,-0.02131641,-0.14859052,-0.1331685,0.1759931
0.0020560683,0.0037722168,0.0030827415,1.3724493e-06,0.0031470023,0.0053431313,0.014374417,-0.003601941,-0.02004316,-0.14571677,-0.14845754,0.18701214
0.0020769455,0.0038198724,0.0032096202,-3.275879e-05,0.0025496879,0.004034511,0.012876601,-0.0015086661,-0.019952618,-0.14261992,-0.16155331,0.19623773
0.0020894273,0.003852471,0.0033340135,-3.305207e-05,0.0021967213,0.00288904,0.011333229,0.00049738714,-0.019701293,-0.13839157,-0.17322178,0.20324683
0.0021191852,0.0039045608,0.0034887411,1.4376928e-05,0.0018038234,0.0017413158,0.00957447,0.002507982,-0.020371268,-0.13355248,-0.18446963,0.20915885
0.0021592702,0.0039522294,0.0036194862,5.518626e-05,0.0013760806,0.0007157013,0.0077145263,0.0044599213,-0.022089217,-0.12937626,-0.19314504,0.21371426
0.0021897869,0.003967094,0.0037170178,8.3674386e-05,0.0009866344,-0.00028840778,0.0059358072,0.006439386,-0.024639113,-0.123720124,-0.200696,0.21699156
0.0022065018,0.0039548753,0.0037765305,0.00012463637,0.00058285217,-0.0014021145,0.0040966766,0.008482932,-0.027216066,-0.117653765,-0.20468286,0.21704313
0.0022184735,0.003923772,0.0038129175,0.00021071322,0.0001531612,-0.0026485855,0.0020584052,0.010711057,-0.030305386,-0.1108181,-0.20433436,0.21288216
0.0022095204,0.0038806577,0.003834317,0.00032519197,-0.000519956,-0.003958534,0.00023963026,0.012805421,-0.03141832,-0.10469038,-0.20120776,0.20614429
0.0022107053,0.0038327884,0.0038449897,0.00046726287,-0.0009126019,-0.0050844112,-0.0016056575,0.014815232,-0.034193218,-0.097993195,-0.19539467,0.19714415
0.0021964519,0.0037719675,0.0038374297,0.0006202231,-0.0013068896,-0.0062167286,-0.0033654282,0.016774267,-0.036082637,-0.09163745,-0.18744352,0.1864401
0.0021998747,0.0037403028,0.0038640187,0.0008616826,-0.0016796038,-0.0073139165,-0.005187332,0.018616984,-0.0385034,-0.085613765,-0.17671521,0.17272727
0.0021744268,0.0036616193,0.0038224678,0.0010832542,-0.001982139,-0.008348261,-0.0068036397,0.02028904,-0.040305737,-0.07978687,-0.16206251,0.15625529
0.0021511721,0.003589757,0.00377865,0.0013076586,-0.0022434916,-0.009280851,-0.008263153,0.021763995,-0.041864246,-0.0748215,-0.14674892,0.13964434
0.0021180352,0.0034969999,0.0037091789,0.001578923,-0.002602238,-0.010220616,-0.009633057,0.023132054,-0.043540828,-0.06958406,-0.12711345,0.118882954
0.0021063208,0.003443928,0.003666951,0.0018659149,-0.0030047402,-0.011097244,-0.010937198,0.024222936,-0.04554253,-0.06621842,-0.10766569,0.09898119
0.0020710793,0.0033424054,0.003570847,0.0021229556,-0.0034726097,-0.011844972,-0.01187013,0.025054295,-0.047772735,-0.061541505,-0.08689931,0.07780444
0.0020265607,0.0032308376,0.0034712802,0.0023872405,-0.0040213894,-0.012577371,-0.012574337,0.025692914,-0.04954551,-0.05652747,-0.06610328,0.0560777
0.0019852838,0.0031098984,0.0033527426,0.0026562682,-0.004623905,-0.01325842,-0.013137753,0.026139434,-0.05232943,-0.051307186,-0.04349487,0.03293959
0.0019465156,0.0029971767,0.0032363613,0.0028873389,-0.0051911226,-0.013797762,-0.01343406,0.026278676,-0.05496308,-0.046768244,-0.022978963,0.012192673
0.0018950468,0.0028637312,0.00310269,0.0031394637,-0.0058159046,-0.0142751755,-0.013498519,0.026119519,-0.05734881,-0.041627653,-0.00048665312,-0.01083546
0.0018649914,0.0027734165,0.003008817,0.0033950126,-0.0064285127,-0.014852149,-0.013573962,0.025843848,-0.059723716,-0.03800076,0.02022214,-0.031870745
0.0017989987,0.0026331167,0.0028856453,0.0036396848,-0.0070785624,-0.015233517,-0.013196293,0.025223585,-0.060554214,-0.032333795,0.040706422,-0.05397454
0.0017191019,0.0024783812,0.002755602,0.0038820887,-0.0077811386,-0.01563353,-0.012588068,0.024406718,-0.060474426,-0.026080534,0.06104002,-0.07643252
0.0016324684,0.0023261236,0.0026418255,0.004108993,-0.00843734,-0.015975468,-0.011737384,0.023383077,-0.05911843,-0.0196597,0.078759566,-0.09691175
0.0015469695,0.0021815225,0.0025374151,0.0043281717,-0.009075839,-0.016264962,-0.010739844,0.02221326,-0.057297822,-0.013496222,0.09542679,-0.116385095
0.0014577357,0.0020388195,0.0024374758,0.0045216978,-0.009681116,-0.016514448,-0.009663857,0.020961013,-0.0547444,-0.007570369,0.11017026,-0.13398205
0.0013541371,0.0018843067,0.0023469056,0.004714443,-0.010213738,-0.016682493,-0.008425492,0.019569801,-0.051309425,-0.00023485292,0.12298822,-0.15103105
0.0012425869,0.0017283881,0.0022724925,0.0048919213,-0.010689465,-0.016764693,-0.007149453,0.018065685,-0.04708013,0.007977994,0.1327789,-0.16618422
0.0011301847,0.0015768288,0.0022242903,0.005077377,-0.011122132,-0.016734203,-0.0058414186,0.016474117,-0.04260768,0.017305752,0.14019033,-0.18033227
0.0009987192,0.001411278,0.0021799344,0.005236103,-0.011423216,-0.016552072,-0.0045118127,0.014708472,-0.03687918,0.027615286,0.14454849,-0.1926037
0.0008744401,0.0012674669,0.0021655366,0.005403623,-0.011692768,-0.01644812,-0.0033496593,0.012826026,-0.031019643,0.037802298,0.14710246,-0.20364156
0.00073403685,0.0011044126,0.0021437898,0.0055215335,-0.011816213,-0.015944328,-0.0021066403,0.010842377,-0.024205392,0.048524182,0.1462008,-0.21181673
0.0005957161,0.0009491026,0.0021355317,0.0056227557,-0.01185588,-0.015269006,-0.0008819945,0.0087316325,-0.01719128,0.05908285,0.14304799,-0.21803363
0.0004679899,0.00081067573,0.0021323364,0.0057110777,-0.011821082,-0.014555487,0.00021852177,0.0067619747,-0.010424397,0.06836331,0.1397049,-0.22324021
0.00032430183,0.0006582158,0.002140336,0.0057886243,-0.011687512,-0.013545459,0.0014832588,0.004360825,-0.0023773029,0.07874732,0.13334683,-0.22678997
0.00021332652,0.0005375477,0.0021774971,0.0059048976,-0.011481794,-0.01247583,0.0024994502,0.0018513859,0.003818708,0.08881049,0.12762243,-0.23067583
9.573878e-05,0.00041494198,0.002203308,0.005938043,-0.01116556,-0.011304927,0.0034877374,-0.0004508393,0.011121149,0.0972861,0.11842569,-0.23013373
-1.0445272e-05,0.00030855444,0.002234268,0.0059473505,-0.010771344,-0.010113595,0.0043623988,-0.002661883,0.018091837,0.104663305,0.10817662,-0.22777192
-0.00010871111,0.00021708338,0.0022757116,0.005930428,-0.010334136,-0.008921554,0.005157795,-0.004807106,0.02505925,0.11130405,0.0959085,-0.22312644
-0.00020247728,0.00013933872,0.0023292731,0.0058883517,-0.009809148,-0.007690137,0.005887594,-0.006917742,0.032326296,0.11725658,0.08144555,-0.2161342
-0.000297395,6.2062456e-05,0.0023856498,0.005820665,-0.009202182,-0.0064241304,0.006540557,-0.009013434,0.039732464,0.12321103,0.06502437,-0.20730712
-0.00038712934,-4.1184467e-06,0.002446676,0.005728735,-0.008575358,-0.005203096,0.007092821,-0.010991088,0.0470791,0.1285437,0.047209892,-0.19680254
-0.00047382736,-6.4367436e-05,0.0025047162,0.005604352,-0.007937772,-0.0040085553,0.0075373817,-0.0128516555,0.054329,0.1332675,0.02809178,-0.18451484
-0.0005533879,-0.00011525579,0.0025581988,0.005457146,-0.007299344,-0.002851123,0.00784518,-0.014524879,0.061232485,0.13707784,0.008774681,-0.17123207
-0.00063173554,-0.00015723347,0.0026204018,0.0052942466,-0.006605568,-0.0016424934,0.008019574,-0.01614018,0.06847541,0.14032777,-0.011878766,-0.15654118
-0.0007088557,-0.00019406356,0.002686906,0.0051083416,-0.0058734184,-0.000362054,0.008062903,-0.017718492,0.07586706,0.14311844,-0.034099292,-0.14012536
-0.0007736399,-0.00020905395,0.0027504305,0.004912524,-0.005150956,0.00085807504,0.007852063,-0.019007228,0.08290599,0.14398146,-0.055016942,-0.12357866
-0.0008373525,-0.00021403868,0.0028143667,0.0046925996,-0.0043328884,0.002178544,0.007398634,-0.02021942,0.09032784,0.14365639,-0.07675316,-0.105586894
-0.00088599726,-0.00019519951,0.0028765027,0.0044575683,-0.0034565018,0.0035347303,0.0067031374,-0.021261469,0.09741353,0.14129378,-0.09762244,-0.08694394
-0.00092891435,-0.00017109982,0.0029303497,0.0042163543,-0.0026888845,0.0047118966,0.005662488,-0.022184428,0.104235426,0.13817832,-0.11738695,-0.06856487
-0.00096292194,-0.00011595581,0.00296933,0.003945038,-0.0016710128,0.0060327253,0.0044625984,-0.022799345,0.111916475,0.13105859,-0.13503078,-0.049572308
-0.000978843,-4.7707224e-05,0.0029843326,0.0036668114,-0.00059073104,0.00726771,0.0030481128,-0.023146028,0.118236154,0.12201458,-0.14910519,-0.031883065
-0.0009783531,3.0041465e-05,0.0029804811,0.0033903373,0.00056095945,0.008419458,0.0014735981,-0.02329776,0.123260766,0.11163208,-0.15993166,-0.01569449
-0.0009574531,0.00011850844,0.0029596966,0.0031263903,0.0017916715,0.00946282,-0.0001745446,-0.023351926,0.12645291,0.10038299,-0.16724995,-0.0013485488
-0.0009215049,0.00021521267,0.0029219834,0.0028719588,0.0030604508,0.010399232,-0.0018363029,-0.023347018,0.1282025,0.08829718,-0.17140043,0.011295717
-0.0008718164,0.0003318606,0.0028802655,0.0026185291,0.0044684056,0.011302636,-0.0035765166,-0.023284033,0.1291699,0.074616075,-0.17365031,0.023457518
-0.0008099633,0.0004625003,0.0028276632,0.002366765,0.0059869573,0.012106863,-0.005301726,-0.023164865,0.12907468,0.059545133,-0.17354307,0.03480024
-0.0007441454,0.0005982806,0.0027565546,0.0021073883,0.007576102,0.01272534,-0.0070995055,-0.022871451,0.12856406,0.04319955,-0.17105418,0.045211684
-0.00066643144,0.0007357498,0.0026698671,0.0018521185,0.009152735,0.013159139,-0.008761947,-0.022463437,0.12660162,0.026462883,-0.16615672,0.054449283
-0.0005816777,0.00087174744,0.0025661972,0.0016039272,0.010731769,0.013391552,-0.010412082,-0.021942738,0.12369333,0.009283835,-0.15875255,0.062151078
-0.00049060833,0.0010020199,0.0024570622,0.001364865,0.01216448,0.013493325,-0.011851447,-0.02144129,0.11996644,-0.007336378,-0.15062445,0.06908278
-0.00037886045,0.0011302339,0.0023200952,0.0011172426,0.013542462,0.013355289,-0.013242305,-0.020842493,0.11367805,-0.024287496,-0.13979825,0.07480821
-0.00024650703,0.0012574983,0.0021620188,0.0008755374,0.014778593,0.012981512,-0.0145084495,-0.020158505,0.10493972,-0.041326128,-0.12627874,0.07891113
-0.0001054369,0.0013772545,0.001998852,0.0006564259,0.015868679,0.012439339,-0.015684428,-0.019391857,0.09435894,-0.057277583,-0.11139602,0.08131732
5.908998e-05,0.0015054308,0.0018317604,0.00043953158,0.016853217,0.011771356,-0.016736101,-0.01859385,0.08147321,-0.073142245,-0.09557675,0.083402686
0.00022968395,0.0016156584,0.0016438932,0.00023576601,0.017455516,0.010853142,-0.017608423,-0.017673125,0.066786565,-0.087561674,-0.07782651,0.08346187
0.00040726544,0.0017206633,0.0014446223,4.420709e-05,0.017895613,0.009799171,-0.018355027,-0.016736662,0.0506103,-0.10111621,-0.058711916,0.08228324
0.000589003,0.0018202817,0.0012334252,-0.00014120128,0.018213516,0.008588962,-0.01901785,-0.015755523,0.03342972,-0.11394282,-0.038456947,0.08009674
0.0007622296,0.0019104562,0.0010444799,-0.00029859797,0.01823192,0.0072934544,-0.019402795,-0.0148362825,0.016695693,-0.12437431,-0.020165,0.077742025
0.0009378373,0.0019952434,0.00086361053,-0.00043390944,0.01816291,0.00592715,-0.019637194,-0.0139607685,-0.00072570366,-0.13325909,-0.002041315,0.07466987
0.0010968155,0.0020589705,0.0006885429,-0.00055027136,0.01798025,0.004595415,-0.019688476,-0.013228487,-0.017292164,-0.14036731,0.015154435,0.07100893
0.0012767786,0.0021200927,0.0005011028,-0.000677473,0.017734528,0.0031760642,-0.019552091,-0.012514406,-0.036246307,-0.1466336,0.033082552,0.06737875
0.0014385856,0.0021557705,0.00032540847,-0.0007817828,0.01735811,0.001758614,-0.019248566,-0.011877994,-0.05413743,-0.15049756,0.049448982,0.063334994
0.0016156648,0.0021936863,0.00015191987,-0.00089542184,0.01686447,0.00030972934,-0.018816248,-0.011185086,-0.07332824,-0.15381938,0.065148346,0.060045697
0.0017802856,0.002197912,-3.1246804e-05,-0.0009883849,0.0162035,-0.0011281747,-0.018199125,-0.010596203,-0.092826076,-0.15463345,0.08097582,0.055295072
0.00194497,0.0021911908,-0.00021096946,-0.0010800076,0.015355162,-0.002610836,-0.01742498,-0.010021333,-0.112802975,-0.15391019,0.0955891,0.05080699
0.002096628,0.0021664223,-0.00038154196,-0.0011648764,0.014252337,-0.004084311,-0.016467776,-0.009514734,-0.13197976,-0.1516003,0.108367726,0.0465743
0.0022406313,0.002130727,-0.0005435094,-0.0012509178,0.012899492,-0.005541114,-0.015393966,-0.009022866,-0.15081733,-0.14801382,0.11943728,0.0428063
0.0023696346,0.0020860983,-0.00068533694,-0.0013293215,0.011282172,-0.0069707334,-0.014189655,-0.008552373,-0.16807288,-0.14331128,0.12818676,0.03956649
0.0024791628,0.0020297281,-0.0008130772,-0.0014075773,0.00952626,-0.008379098,-0.012948049,-0.00808873,-0.18358625,-0.13762751,0.1347282,0.036873866
0.0025673409,0.0019456067,-0.0009401865,-0.0014896827,0.007644098,-0.009787899,-0.011588152,-0.007685045,-0.19791545,-0.12992944,0.13912065,0.03448702
0.0026365141,0.0018517289,-0.001049997,-0.0015653864,0.0057255914,-0.011069385,-0.010213495,-0.0072689913,-0.21056579,-0.12116576,0.14136706,0.032536995
0.0026793198,0.0017413462,-0.0011511785,-0.0016422194,0.0037506018,-0.012273636,-0.008827177,-0.006889805,-0.22115193,-0.11132157,0.14141698,0.031085
0.0026989672,0.0016165888,-0.0012439379,-0.0017295192,0.0014815858,-0.013444812,-0.007330843,-0.006532496,-0.23023355,-0.10019812,0.13893335,0.030433562
0.002684089,0.0014640186,-0.0013276169,-0.0018133847,-0.0008850591,-0.014550055,-0.005844204,-0.006189488,-0.23689075,-0.08709864,0.13380234,0.030126296
0.0026469298,0.0012971316,-0.0013985548,-0.0018909832,-0.00331682,-0.0155693935,-0.004443042,-0.005798582,-0.24177852,-0.07265829,0.12667337,0.030191075
0.0025905098,0.0011253193,-0.0014599324,-0.0019669535,-0.0057652537,-0.016479274,-0.0031210477,-0.005376735,-0.24460955,-0.058351107,0.118405074,0.030659005
0.002535121,0.0009699373,-0.0015069982,-0.0020334008,-0.008109619,-0.017215164,-0.001938002,-0.004966332,-0.24686736,-0.045003295,0.11018915,0.031217344
0.0024301438,0.00078412076,-0.001543942,-0.002095967,-0.010526327,-0.017913476,-0.0008765071,-0.0044453703,-0.24477006,-0.030989934,0.09962289,0.032315314
0.0022997973,0.00058966485,-0.0015691355,-0.0021481279,-0.013024688,-0.018450081,0.00014053518,-0.0038966783,-0.23995234,-0.017283436,0.088125676,0.033517193
0.002153312,0.00040366573,-0.001578369,-0.0021864471,-0.015351343,-0.018803952,0.0009936315,-0.0034031526,-0.23256795,-0.005170035,0.07667868,0.034715507
0.0019582955,0.00018824855,-0.001584167,-0.0022160022,-0.017614229,-0.01903545,0.0016633898,-0.0028434067,-0.22072858,0.006790312,0.06387251,0.03604405
0.0017553767,-8.227682e-06,-0.0015715893,-0.002222659,-0.019642849,-0.01911035,0.0021376626,-0.0023058334,-0.20701356,0.017064713,0.05137656,0.037227288
0.0015412807,-0.00019566683,-0.0015515948,-0.0022214274,-0.02141246,-0.019068308,0.002374325,-0.0017676987,-0.19157489,0.026108563,0.03899734,0.03854413
0.001294803,-0.0003918896,-0.0015326276,-0.0022283294,-0.023093719,-0.018928725,0.0023942648,-0.0011515034,-0.1728097,0.034206595,0.025804011,0.040256374
0.0010367619,-0.00057910464,-0.0015149736,-0.002235019,-0.024534602,-0.018702054,0.0022010654,-0.00053991965,-0.15228994,0.04098361,0.013007271,0.04183208
0.0007608033,-0.0007640572,-0.0014995576,-0.0022411882,-0.02573218,-0.018377865,0.0018873782,4.7419686e-05,-0.12952894,0.04674479,0.00036824017,0.043217357
0.0004739455,-0.00094164605,-0.0014856486,-0.0022437754,-0.026734093,-0.017885484,0.0015165635,0.00058814685,-0.1051151,0.051258557,-0.011537468,0.04404959
0.00016726008,-0.0011179128,-0.0014705457,-0.0022456583,-0.027549874,-0.01724719,0.0011065868,0.0010796117,-0.0781155,0.054537684,-0.023507105,0.044807374
-0.00014862555,-0.0012909536,-0.0014618402,-0.0022519352,-0.02808626,-0.01648692,0.00066367147,0.0014825314,-0.049850933,0.056561764,-0.03474997,0.04524761
-0.0004566599,-0.0014490656,-0.0014558211,-0.0022478083,-0.028337387,-0.015725998,0.00019033556,0.0018307262,-0.021475187,0.057299905,-0.044282153,0.044834737
-0.00077446736,-0.0016066814,-0.0014540994,-0.00223359,-0.02854945,-0.015136582,-0.00033646176,0.0023703706,0.008150769,0.057117563,-0.052491494,0.043378174
-0.0010808718,-0.0017549192,-0.0014549576,-0.0022157666,-0.028360598,-0.014437857,-0.0008400412,0.0026153778,0.036877524,0.05649012,-0.059963003,0.04168763
-0.001372723,-0.0018976898,-0.0014641379,-0.002200854,-0.028014682,-0.013800814,-0.0013683643,0.0028450775,0.0641228,0.055665463,-0.066215225,0.039532974
-0.0016531154,-0.0020372623,-0.0014882564,-0.0021861151,-0.027337918,-0.013217761,-0.0019248929,0.0030224358,0.089958474,0.054330602,-0.07078079,0.036709562
-0.0019155197,-0.0021886856,-0.0015275618,-0.0021559442,-0.026487432,-0.012619685,-0.002341019,0.003082459,0.112656385,0.054609857,-0.0733457,0.03213134
-0.0021689015,-0.0023186784,-0.0015849358,-0.002156405,-0.025245637,-0.012045209,-0.0029937422,0.0032493176,0.13502356,0.051957767,-0.07402773,0.02816811
-0.0024208913,-0.00244426,-0.0016411617,-0.0021307354,-0.023631675,-0.011496259,-0.0037319483,0.0034278177,0.15737282,0.0491047,-0.073170304,0.022870574
-0.0026540959,-0.0025679301,-0.0017151781,-0.0021080992,-0.02179992,-0.010908258,-0.0044651055,0.0035701108,0.17732997,0.046007924,-0.07016141,0.016836572
-0.0028665424,-0.0026865038,-0.0017994925,-0.0020906131,-0.01981618,-0.010251653,-0.00530937,0.0037686273,0.19486073,0.0428534,-0.06575315,0.010427862
-0.0030745629,-0.0028160699,-0.0018906218,-0.002049947,-0.01760343,-0.00960286,-0.006065969,0.0038842692,0.21124138,0.040870346,-0.060112704,0.0026168127
-0.0032417732,-0.0029259399,-0.0019710057,-0.0020093604,-0.015481384,-0.008973875,-0.006761262,0.0039395727,0.22383045,0.03926524,-0.054497477,-0.004462259
-0.0033962866,-0.0030375835,-0.0020593074,-0.0019667502,-0.013209772,-0.008309201,-0.007440873,0.0038590857,0.23478173,0.038121495,-0.048095185,-0.011964183
-0.003526418,-0.0031453036,-0.0021501041,-0.0019292003,-0.010892291,-0.0076931184,-0.008004287,0.00371634,0.24299665,0.037760742,-0.04155392,-0.019105975
-0.0036265894,-0.003242012,-0.0022302063,-0.0018887806,-0.008619869,-0.0072344616,-0.008462043,0.0035542648,0.24815883,0.038622133,-0.035500135,-0.025740033
-0.003712337,-0.003342134,-0.0023202882,-0.0018499391,-0.006110629,-0.0068462584,-0.0088725565,0.0032991993,0.25167838,0.04004412,-0.028582877,-0.032751843
-0.003754596,-0.0034336273,-0.0024097161,-0.0018164075,-0.003765285,-0.0065502664,-0.00908621,0.0029705295,0.25042522,0.043076593,-0.021568855,-0.039417766
-0.0037729386,-0.0035214308,-0.0024977934,-0.0017783046,-0.0013139042,-0.006288268,-0.009204456,0.0025750855,0.24667297,0.04714298,-0.014106761,-0.04635285
-0.003803043,-0.0036396196,-0.0025938342,-0.0017251937,0.0011239861,-0.0058963937,-0.009099614,0.001991541,0.24258322,0.05376852,-0.0068746055,-0.05460017
-0.0037819513,-0.003719247,-0.0026787436,-0.0016925628,0.0034999778,-0.005474089,-0.0089867,0.0013143648,0.23468474,0.05915485,0.00035769504,-0.06104071
-0.0037478325,-0.003791841,-0.002759193,-0.0016687197,0.00575746,-0.0049495613,-0.008872002,0.0005351645,0.22549188,0.06479099,0.007120711,-0.06687489
-0.0036983015,-0.0038537688,-0.0028365138,-0.0016592141,0.007886757,-0.0043419804,-0.008723776,-0.00027700153,0.21520278,0.07013878,0.013550845,-0.07185729
-0.0036329685,-0.00390514,-0.0029103782,-0.0016692715,0.009825485,-0.0036250132,-0.008513629,-0.0011459981,0.20354745,0.075359754,0.019125968,-0.075567245
-0.0035447923,-0.003936801,-0.0029752194,-0.0016852076,0.011645902,-0.0029449908,-0.00830473,-0.0019854137,0.19009012,0.08040523,0.024295958,-0.07841635
-0.0034230454,-0.00395316,-0.003042561,-0.0017217122,0.013175329,-0.002000114,-0.007936347,-0.0029482767,0.17340945,0.08567885,0.029217584,-0.08014142
-0.003279351,-0.003975333,-0.00312716,-0.0017819749,0.014719966,-0.000990478,-0.0074757026,-0.003904588,0.15363537,0.09188208,0.034330055,-0.08140163
-0.003119328,-0.0039895,-0.00321209,-0.0018502076,0.016020522,7.182836e-05,-0.0069635096,-0.0048433905,0.13224602,0.09829817,0.03924083,-0.08219499
-0.0029355492,-0.0039879372,-0.0032915988,-0.0019176444,0.017311107,0.0012068864,-0.0064595463,-0.0057970323,0.10856022,0.10491158,0.04424049,-0.08257239
-0.002768777,-0.003967033,-0.0033493228,-0.0019758875,0.018292487,0.0023090516,-0.005986217,-0.0066206,0.08835154,0.10950792,0.048270144,-0.08217515
-0.0025828006,-0.0039311987,-0.0033976843,-0.0020402954,0.019249177,0.0034568787,-0.005469791,-0.007486984,0.0667535,0.113850385,0.051909253,-0.08089221
-0.0024027063,-0.0038953943,-0.0034336722,-0.002094771,0.02003283,0.0045595104,-0.004943806,-0.008327488,0.046062957,0.1183109,0.05486458,-0.07949749
-0.002212009,-0.0038323354,-0.0034526847,-0.0021626295,0.0205952,0.005677459,-0.004357944,-0.0090780165,0.026050089,0.121003635,0.05676794,-0.076283716
-0.002017256,-0.0037521287,-0.0034554359,-0.0022254712,0.02084452,0.0067497822,-0.0036971828,-0.009660955,0.00706347,0.122827046,0.057898846,-0.07231915
-0.0018140391,-0.0036640754,-0.0034563509,-0.0022918426,0.020867888,0.007845309,-0.002985309,-0.010159453,-0.012262239,0.12436265,0.058955967,-0.0679988
-0.0016211796,-0.0035734936,-0.0034630012,-0.0023731955,0.020663697,0.008978535,-0.0023113445,-0.010586439,-0.029941484,0.1246751,0.059795965,-0.063087955
-0.0014420826,-0.0034698606,-0.0034671044,-0.0024655482,0.020286655,0.010101567,-0.0016531378,-0.0109550785,-0.045118663,0.12286708,0.060363643,-0.057292238
-0.0012465472,-0.0033500225,-0.0034788465,-0.0025725104,0.019869406,0.0111699505,-0.0009907144,-0.011370601,-0.061156616,0.119723804,0.061833862,-0.051061124
-0.0010562339,-0.0032306325,-0.0034898706,-0.0026745545,0.019267278,0.012151877,-0.00030522494,-0.011770389,-0.07645527,0.11632621,0.06339403,-0.045102365
-0.0008688649,-0.0031016083,-0.0034982662,-0.0027845348,0.018438555,0.013111242,0.00041469268,-0.012126141,-0.0905826,0.11166849,0.064776845,-0.038554084
-0.0006979282,-0.0029707905,-0.0035060775,-0.0028994947,0.017392078,0.014027222,0.0011499571,-0.012404656,-0.102368556,0.10573325,0.06590087,-0.031690765
-0.00053921185,-0.0028245924,-0.0034997854,-0.0030219592,0.01630188,0.014848129,0.0018391,-0.012539009,-0.1115363,0.097720414,0.06608043,-0.023612263
-0.000390977,-0.0026552319,-0.0034716097,-0.0031371927,0.015078786,0.015603617,0.0025397635,-0.012546301,-0.1178698,0.08736997,0.06562117,-0.014678346
-0.00025949028,-0.0024980449,-0.003447199,-0.0032508613,0.013901221,0.016250225,0.0032053615,-0.012520697,-0.12291709,0.07710436,0.0650506,-0.0060993796
-0.00013054679,-0.002320114,-0.0034145145,-0.003378103,0.012616534,0.016893093,0.0039064856,-0.012415922,-0.1261725,0.06435734,0.06410041,0.0037276193
-7.5604603e-06,-0.0021335569,-0.0033691172,-0.0034990176,0.011342899,0.017454632,0.0045709796,-0.012233201,-0.12817574,0.05081968,0.062679544,0.013814534
0.000103264974,-0.0019301205,-0.0033045541,-0.0036035648,0.010039295,0.017965192,0.005230857,-0.011966586,-0.12772036,0.03563237,0.060964573,0.024041431
0.0002118145,-0.0017253566,-0.0032422848,-0.003721201,0.008704666,0.018357323,0.0058784536,-0.011668966,-0.12696438,0.02006692,0.058848437,0.034831014
0.00028645303,-0.0015393572,-0.0031992875,-0.0038861488,0.007231137,0.018626897,0.0064684427,-0.011165079,-0.12339435,0.003653266,0.05504409,0.047270097
0.00035684014,-0.0013319466,-0.0031286827,-0.0039981008,0.0060848515,0.018694222,0.0069273664,-0.010681635,-0.11840343,-0.013626905,0.05234939,0.05810945
0.00040563458,-0.0011672829,-0.0031104132,-0.004153899,0.0050183875,0.018742587,0.0072546224,-0.010144082,-0.11342642,-0.030131077,0.05077753,0.06843205
0.0004575585,-0.0009593024,-0.0030364853,-0.0042771418,0.003926524,0.018490016,0.0076416074,-0.009469575,-0.106462315,-0.048085593,0.04710302,0.07999789
0.00049187837,-0.00077175716,-0.0029688573,-0.0043934444,0.0029015807,0.018061005,0.007970209,-0.008680246,-0.09886057,-0.06474005,0.043342695,0.0907714
0.0005155971,-0.0005925068,-0.0028983701,-0.004500143,0.0019985037,0.0174092,0.008258647,-0.0077409307,-0.09074967,-0.08050667,0.039323643,0.10106271
0.0005298943,-0.00043415185,-0.0028281135,-0.004583903,0.0011736089,0.016632346,0.008520806,-0.0067590624,-0.082969,-0.094094,0.035404913,0.11002476
0.00053680205,-0.00027993682,-0.0027499937,-0.004653519,0.00042548575,0.015620422,0.008754915,-0.005612362,-0.07473714,-0.10693278,0.0312598,0.11847196
0.0005360386,-0.00013706251,-0.0026728534,-0.004719613,-0.00034521535,0.014544764,0.009001104,-0.004446607,-0.06634598,-0.118824,0.026750322,0.12671378
0.00052794354,-8.074043e-06,-0.002593565,-0.0047734124,-0.0010857009,0.013375393,0.009200858,-0.0032111553,-0.057946384,-0.12930317,0.0219578,0.13427503
0.00050960947,0.000122039695,-0.0024969417,-0.0048117735,-0.0017739624,0.012004181,0.009334301,-0.0017670749,-0.048264805,-0.13943064,0.016248096,0.14178921
0.00046969124,0.00023676894,-0.0023953463,-0.004837355,-0.0023578207,0.010657798,0.009363865,-0.00040704425,-0.036871735,-0.14878003,0.009790765,0.14893204
0.0004227318,0.00033343717,-0.0022959688,-0.004844067,-0.0028584246,0.00911278,0.009346531,0.001126976,-0.025760671,-0.15639149,0.0035444074,0.15479118
0.00037011562,0.00040972308,-0.0021990552,-0.0048295106,-0.0032299794,0.007573608,0.009317437,0.0026330373,-0.01507762,-0.16216004,-0.002420452,0.1592129
0.0003226941,0.00047080065,-0.0021067096,-0.004798079,-0.0035485674,0.006123091,0.009288196,0.0041120285,-0.0058300174,-0.16628535,-0.0076283533,0.16228746
0.00027170638,0.0005191428,-0.0020163564,-0.0047659,-0.003728889,0.0045711994,0.009201696,0.0056325635,0.0031243241,-0.16922285,-0.013364703,0.16512686
0.00022877537,0.00054498436,-0.0019271309,-0.004700849,-0.0038369226,0.003065124,0.009085179,0.0071675703,0.009853411,-0.16930075,-0.018266164,0.16592506
0.00019144324,0.0005605681,-0.0018283948,-0.004611027,-0.0038217532,0.0014577459,0.008916592,0.008775773,0.015335077,-0.16736904,-0.023333982,0.16577218
0.00015596121,0.0005781283,-0.0017291215,-0.0045228642,-0.0038035167,-3.5113124e-05,0.00874138,0.01026277,0.02059523,-0.16557585,-0.028426476,0.16580598
0.00012225534,0.00058386504,-0.0016174592,-0.004397547,-0.0037328615,-0.001662488,0.008505022,0.011888084,0.024851652,-0.16139749,-0.033496276,0.16443802
8.703378e-05,0.00057639147,-0.0015125659,-0.0042610527,-0.0036253612,-0.0031104356,0.008271095,0.013416808,0.028269785,-0.1560654,-0.037918624,0.16205868
4.8147063e-05,0.000560307,-0.0014149424,-0.00411829,-0.0035100617,-0.0044959155,0.00802792,0.014927208,0.03129821,-0.15009452,-0.041744705,0.15892178
7.2765743e-06,0.00052603614,-0.001317561,-0.0039535644,-0.0032878993,-0.0059350184,0.0076843076,0.016509568,0.033162054,-0.14183772,-0.04531837,0.15441872
-3.363868e-05,0.0004799117,-0.0012205716,-0.003771958,-0.0030297993,-0.007293893,0.0072909575,0.018053526,0.034118496,-0.13211519,-0.048533466,0.14892149
-7.1792594e-05,0.00041645655,-0.001129251,-0.0035783025,-0.0027607973,-0.008585578,0.006897704,0.019550448,0.03370251,-0.12053994,-0.05136996,0.14243689
-0.00011330902,0.00033743604,-0.0010562108,-0.003395996,-0.002570799,-0.009705604,0.0065447805,0.020889325,0.032779545,-0.108479604,-0.053634938,0.13557981
-0.00015071157,0.00024092122,-0.0009867268,-0.0031933011,-0.0023499585,-0.010617863,0.0062074903,0.02208226,0.030474342,-0.09452984,-0.05514094,0.12726559
-0.00018448086,0.00014012388,-0.0009172762,-0.0029753186,-0.0021695658,-0.011432924,0.005832097,0.023236826,0.027541436,-0.07991604,-0.05590731,0.117959
-0.0002142785,3.1034597e-05,-0.0008508071,-0.0027405508,-0.001995001,-0.01210551,0.0053796736,0.024330582,0.023688518,-0.064246975,-0.05578032,0.10744001
-0.00024092871,-8.505815e-05,-0.00078902644,-0.0024883628,-0.0018277445,-0.01256838,0.0049205897,0.025268866,0.019236276,-0.047851153,-0.054559153,0.095658965
-0.00026247202,-0.00020162543,-0.0007328691,-0.002228608,-0.0017486963,-0.012869522,0.0045131324,0.026069822,0.014400846,-0.031542156,-0.052310813,0.08315144
-0.0002860095,-0.00033120782,-0.0006835074,-0.001956651,-0.0016812001,-0.013087006,0.0040927525,0.026800333,0.009189417,-0.014072354,-0.049409073,0.06949266
-0.00030341683,-0.0004597254,-0.0006444417,-0.0016888924,-0.0017329213,-0.013132025,0.003716395,0.02738565,0.0036147833,0.0027838624,-0.04542891,0.05546241
-0.00032628712,-0.0006026012,-0.0006182171,-0.0014165259,-0.001801795,-0.013111398,0.0033081477,0.02784903,-0.0019797655,0.02041831,-0.040670775,0.04038465
-0.0003426882,-0.0007406385,-0.00059276656,-0.0011278277,-0.0019203943,-0.012791639,0.0029849857,0.028087473,-0.0077615594,0.037479084,-0.03454277,0.024411667
-0.00034644286,-0.0008570772,-0.0005766364,-0.0008689428,-0.0020387333,-0.012392987,0.0026710469,0.028236074,-0.013686394,0.052239235,-0.02805805,0.009754884
-0.00035115262,-0.00096272456,-0.0005604687,-0.000606442,-0.0022184686,-0.01178786,0.002417195,0.028247548,-0.018651806,0.06541916,-0.02080591,-0.0050607547
-0.00035784958,-0.001022058,-0.0005281293,-0.00035543027,-0.002468291,-0.01118309,0.002355821,0.028008604,-0.020820541,0.07425607,-0.013868225,-0.017903525
-0.00035917433,-0.001107619,-0.00050793804,-9.504624e-05,-0.0026952024,-0.010457182,0.0022215284,0.027783085,-0.024860283,0.085262805,-0.0061746235,-0.03210195
-0.00036971425,-0.0011887449,-0.00047648564,0.00018145787,-0.0029415071,-0.0095449295,0.0021809768,0.027361488,-0.027173739,0.095225446,0.0016270458,-0.04651797
-0.00039379924,-0.0012527562,-0.00042823958,0.0004771336,-0.0032089222,-0.008483913,0.002234826,0.026721021,-0.027066957,0.1034115,0.009427913,-0.060867235
-0.00042305907,-0.0013148055,-0.00038715324,0.0007462817,-0.0033592337,-0.0075070215,0.0023343891,0.026012644,-0.02639253,0.110683784,0.016574046,-0.07400443
-0.0004489472,-0.0013659619,-0.00034652866,0.0010237606,-0.003578255,-0.0062572854,0.00252777,0.025119668,-0.025315182,0.11653273,0.024932837,-0.087584846
-0.00048238446,-0.0014092115,-0.0003106917,0.0012887944,-0.0038393794,-0.004888819,0.0028301743,0.024065128,-0.02295503,0.12067387,0.033561572,-0.100635014
-0.00052322855,-0.0014472206,-0.00027603965,0.001547576,-0.004131398,-0.003431677,0.0032599426,0.022830596,-0.019414978,0.123559415,0.0422488,-0.113364965
-0.0005625308,-0.001463627,-0.00024650863,0.0017690789,-0.004539765,-0.0020972313,0.0038616206,0.021510884,-0.014899786,0.12364712,0.050636355,-0.124152005
-0.00060982024,-0.0014783605,-0.00020249737,0.0020135688,-0.004791758,-0.00052252045,0.0045162225,0.01995852,-0.009372511,0.1240822,0.05873608,-0.13546658
-0.00066384627,-0.0014717185,-0.00015142247,0.002219416,-0.00497987,0.00093013834,0.005248659,0.018316546,-0.0020701364,0.12226001,0.065009594,-0.14409564
-0.0007168573,-0.0014270438,-7.987754e-05,0.0024024514,-0.0051448816,0.002308722,0.00611049,0.01658806,0.007368977,0.11733991,0.06966808,-0.15015405
-0.0007670353,-0.0013953801,-1.5648606e-05,0.0025570658,-0.0050808513,0.0036130662,0.0068619996,0.014919598,0.015482745,0.11393414,0.072887465,-0.15512332
-0.0008143891,-0.0013619427,4.513435e-05,0.0026769175,-0.004951623,0.004755301,0.007594901,0.013366944,0.023351792,0.11028512,0.07447926,-0.15824103
-0.00085910066,-0.001316183,0.00012201859,0.0028023324,-0.0046796673,0.0059595974,0.008377691,0.011652943,0.031765476,0.10602714,0.075273804,-0.16082594
-0.00090281246,-0.0012652565,0.00019948921,0.0028990696,-0.0043494613,0.006979015,0.009096487,0.010067167,0.040295474,0.101317905,0.07448864,-0.16163555
-0.0009464352,-0.0012020663,0.00028710626,0.0029833931,-0.003926448,0.007950629,0.009843783,0.00846277,0.04934209,0.09596172,0.07240419,-0.1611099
-0.0009879521,-0.0011277499,0.00038657582,0.003067011,-0.003431769,0.008884237,0.010646976,0.006802057,0.058536284,0.090285674,0.069478646,-0.15983552
-0.0010280618,-0.0010479335,0.00049331906,0.0031332134,-0.0028318723,0.009687194,0.011411581,0.005196847,0.06758566,0.08476341,0.064808436,-0.15705825
-0.0010602679,-0.0009536017,0.00061114354,0.0031913025,-0.0020836613,0.01049058,0.012134437,0.003517565,0.07639656,0.078810856,0.059124216,-0.15310602
-0.0010848766,-0.0008639127,0.0007188318,0.0032254485,-0.001303105,0.01119962,0.012714603,0.0020543993,0.08393609,0.07338742,0.052926626,-0.14827879
-0.0010992438,-0.00074798445,0.00083801185,0.003226094,-0.00037718262,0.01194638,0.013337136,0.0004836627,0.091738224,0.06652342,0.04461857,-0.14054035
-0.0011051714,-0.0006209309,0.00096421916,0.0032072547,0.000547162,0.012626162,0.0139032025,-0.0009808324,0.0993534,0.059483055,0.034837797,-0.13112403
-0.0011037497,-0.00048595777,0.0010973822,0.0031789974,0.0015180006,0.01324963,0.01442313,-0.0023354595,0.10673483,0.05242379,0.024178902,-0.12072398
-0.0010895665,-0.0003398074,0.0012415078,0.0031461625,0.0026517126,0.013878122,0.014801008,-0.0036289492,0.11341854,0.04555056,0.0126608685,-0.109388486
-0.0010628417,-0.00019635254,0.0013814059,0.0031030178,0.0037705859,0.014416397,0.01499926,-0.004667625,0.11843983,0.039606363,0.0009799252,-0.09775113
-0.0010256561,-5.4720753e-05,0.0015206051,0.0030557232,0.0048975595,0.014841863,0.014999174,-0.005508342,0.12200891,0.03429424,-0.01062366,-0.08616025
-0.0009920294,7.5732874e-05,0.0016552466,0.0030090644,0.0060242643,0.015151119,0.014909521,-0.0061607007,0.12507932,0.029898535,-0.022107204,-0.07516064
-0.0009298562,0.0002431522,0.0018200235,0.002954267,0.007340023,0.015472358,0.014644993,-0.0068047093,0.12651485,0.0244318,-0.035291806,-0.06203525
-0.0008588664,0.00040360226,0.0019752097,0.0028928549,0.0086164735,0.015754584,0.014213286,-0.0072399853,0.12620355,0.019342141,-0.047768462,-0.04938116
-0.00078253984,0.0005618394,0.002126339,0.0028218857,0.009897575,0.016012985,0.0136710545,-0.0075622443,0.12493513,0.014395189,-0.060345776,-0.036448494
-0.00069045887,0.0007191727,0.002269593,0.0027463008,0.011143942,0.016235104,0.0130099235,-0.00783676,0.12176321,0.009836935,-0.07218927,-0.023660358
-0.00058407034,0.000884011,0.0024112486,0.0026650843,0.012334762,0.016358,0.0123120025,-0.00803843,0.11758671,0.004936472,-0.08356001,-0.01057954
-0.00047446473,0.0010258898,0.0025231987,0.0025925753,0.013350239,0.01639747,0.01161555,-0.008115751,0.11201115,0.000995081,-0.09214786,0.0002651047
-0.0003509578,0.0011700069,0.0026344839,0.0025236954,0.014406486,0.016329868,0.010790212,-0.0081135,0.10501729,-0.0025099013,-0.10020521,0.010906151
-0.00021915651,0.0013093686,0.0027304715,0.0024548592,0.015369507,0.016196156,0.009997445,-0.008089122,0.0970277,-0.0060136206,-0.106698655,0.020718178
-6.727392e-05,0.0014573876,0.0028263207,0.0023859204,0.016328003,0.015979318,0.009024726,-0.007923542,0.08731757,-0.009485559,-0.1124791,0.03044789
9.645148e-05,0.0016033942,0.0029099556,0.0023210037,0.017200997,0.015740765,0.008009708,-0.0076440377,0.07630603,-0.01291129,-0.11654131,0.03919704
0.00026688585,0.0017463376,0.0029822327,0.0022550197,0.018013747,0.015514748,0.0069042575,-0.0072559025,0.06435052,-0.01623932,-0.119431786,0.04727591
0.00044436287,0.0018944031,0.0030489604,0.0021879529,0.018767683,0.01526157,0.005756529,-0.0067676837,0.051859945,-0.020122956,-0.12132432,0.054981355
0.0006344131,0.002044705,0.0031038707,0.0021205554,0.019419728,0.015025051,0.0045419037,-0.006210477,0.038051367,-0.024226377,-0.121678255,0.06198613
0.00080716313,0.0021725267,0.0031383238,0.0020648981,0.019872937,0.014837987,0.0034450807,-0.0056337593,0.02508803,-0.027822923,-0.120344,0.06708597
0.000988776,0.0023041372,0.003163494,0.0020137744,0.02019614,0.014601215,0.0023252408,-0.004944547,0.011323808,-0.03176321,-0.11745072,0.07128071
0.0011669546,0.002428008,0.0031715007,0.001965885,0.020377554,0.014299691,0.0012227565,-0.0041750553,-0.0024834462,-0.03579089,-0.1128935,0.07418597
0.0013421589,0.0025437118,0.003164776,0.0019285034,0.020416627,0.013980734,0.00016705986,-0.0033647453,-0.016340055,-0.039716512,-0.10657113,0.07552121
0.001525948,0.0026660282,0.0031500168,0.0019000329,0.020243691,0.013559672,-0.00082046445,-0.0025229095,-0.030797884,-0.04424685,-0.09859212,0.07588966
0.001710284,0.0027833846,0.0031239083,0.0018830481,0.019922389,0.0130975135,-0.0017883141,-0.0016790832,-0.045475855,-0.04877076,-0.088921666,0.07481802
0.0019260767,0.002937463,0.0030964755,0.0018567049,0.019620128,0.012625743,-0.0027175047,-0.0006562023,-0.06161327,-0.05595268,-0.077364534,0.07407516
0.0021191498,0.0030633593,0.0030777561,0.001879774,0.018877037,0.0121141635,-0.0032882926,0.00027178426,-0.0765705,-0.060593583,-0.06593129,0.07111201
0.0023111082,0.0031797073,0.0030200197,0.0018736162,0.018018488,0.011434818,-0.0039667226,0.0011371516,-0.09175863,-0.06633836,-0.052242905,0.0675627
0.0024962453,0.003285416,0.0029509559,0.0018833864,0.017082946,0.010831573,-0.0045529585,0.0019101009,-0.10662308,-0.07195885,-0.036937222,0.062447388
0.0026755922,0.0033957656,0.0028894031,0.0018944609,0.01590451,0.01003469,-0.004939211,0.0026939574,-0.120625675,-0.07783152,-0.022442112,0.05785351
0.002840689,0.0034960744,0.0028259275,0.0019125796,0.014698143,0.009281503,-0.005198402,0.003406639,-0.13354732,-0.08359085,-0.0077652223,0.052665953
0.0029944915,0.003593158,0.0027652022,0.0019401808,0.013331824,0.00845215,-0.0053474996,0.0040671984,-0.14545925,-0.08940424,0.0069108037,0.047153186
0.0031313214,0.0036821873,0.002709491,0.001967218,0.012038102,0.007763244,-0.0053449776,0.004548667,-0.15600389,-0.095043,0.0205869,0.041901182
0.00325777,0.0037629202,0.002650441,0.0020084314,0.01048882,0.0069377795,-0.005258093,0.0050043743,-0.16577421,-0.10053314,0.03506657,0.035655882
0.0033568435,0.0038258976,0.0025925036,0.0020537863,0.008837712,0.0060869385,-0.004952529,0.005341962,-0.1733911,-0.10547214,0.048528552,0.029317856
0.0034573448,0.0038985908,0.0025405611,0.0020748398,0.007369832,0.0053912806,-0.004598424,0.005702951,-0.18056121,-0.11116763,0.06045776,0.02467151
0.003517311,0.003935352,0.002485241,0.0021243065,0.005558161,0.004436349,-0.0040335245,0.0059649395,-0.18515702,-0.114940986,0.07206327,0.018245589
0.0035580897,0.0039635925,0.0024432575,0.00217626,0.0037982024,0.0034927467,-0.0033458122,0.0061183423,-0.1880111,-0.11794239,0.08150367,0.012552671
0.0035805313,0.0039806482,0.002406361,0.0022230367,0.0020208964,0.0025186092,-0.0025407444,0.006225317,-0.18943334,-0.120226845,0.08914854,0.0075099804
0.003580227,0.004010736,0.0024221041,0.0023127017,0.00026482728,0.0015448848,-0.0017021351,0.006428997,-0.18745698,-0.12210003,0.093794845,0.002866098
0.0035732628,0.0040143947,0.0024073503,0.0023647044,-0.0015249236,0.00044473092,-0.0007336451,0.0064047826,-0.1862714,-0.12295133,0.09792978,-0.001065921
0.0035516939,0.0040076626,0.0023999095,0.0024226045,-0.0033337197,-0.0007159469,0.0002995755,0.0063277604,-0.18399991,-0.12291604,0.100826494,-0.004946869
0.0035158333,0.0039962186,0.0024046237,0.00247147,-0.004986928,-0.0018024598,0.0013423306,0.0062314644,-0.18028904,-0.12249621,0.10147577,-0.0076078726
0.003463331,0.003974321,0.0024209642,0.0025311077,-0.0066167964,-0.0028711457,0.0024037522,0.00607358,-0.17517067,-0.121248774,0.10083262,-0.010199605
0.0033949113,0.003943661,0.00245116,0.0025985236,-0.008144185,-0.003871577,0.0034426078,0.005909956,-0.16855498,-0.11928976,0.09858597,-0.012366874
0.0032986628,0.0038918778,0.0024841758,0.0026629008,-0.009663259,-0.004891886,0.004433438,0.0056974404,-0.15977931,-0.11651843,0.09457787,-0.014045465
0.0031907246,0.003829253,0.002518637,0.0027036776,-0.011084687,-0.0058767013,0.0052843564,0.0055650054,-0.15010619,-0.11327034,0.08854156,-0.014205732
0.0030709908,0.0037567064,0.0025599147,0.002735027,-0.012503846,-0.00685947,0.0061522336,0.0054080896,-0.13946338,-0.10920603,0.08054612,-0.013310285
0.0029464655,0.003682919,0.0026152162,0.0027637603,-0.01383313,-0.007836123,0.0069242427,0.005317433,-0.12822606,-0.10457571,0.07069317,-0.011315554
0.0028040067,0.0035922693,0.002682902,0.0028052253,-0.015006136,-0.008848277,0.007457635,0.0052092914,-0.11610247,-0.09835101,0.059103895,-0.009218162
0.0026757622,0.0035207989,0.0027607882,0.0028215505,-0.016154092,-0.009833795,0.007932066,0.005244841,-0.10433542,-0.0931229,0.045916975,-0.004925185
0.002512641,0.0034114812,0.0028453723,0.0028850348,-0.017097123,-0.010746978,0.008276411,0.0052119875,-0.09093981,-0.0848818,0.032528874,-0.00312906
0.0023410667,0.0033013523,0.002939803,0.0029400678,-0.0180391,-0.011644528,0.008639906,0.005191696,-0.07642177,-0.07639215,0.017388502,-0.000250594
0.002156608,0.0031760046,0.003034819,0.003011112,-0.01876793,-0.012480256,0.008721879,0.0051545138,-0.061519228,-0.06677253,0.002209392,0.001651722
0.0019625076,0.0030440765,0.0031346937,0.0030878927,-0.019436376,-0.013269336,0.008742311,0.0051741507,-0.04587129,-0.056550227,-0.013604253,0.003441884
0.00176262,0.0029120808,0.0032387385,0.0031615242,-0.019962804,-0.013966515,0.008610185,0.005178659,-0.029605309,-0.04632671,-0.030125752,0.005631336
0.0015496648,0.002771637,0.0033494127,0.0032527933,-0.020274768,-0.014564592,0.008276028,0.005231982,-0.012487549,-0.035428423,-0.046783425,0.007058615
0.0013372123,0.0026303127,0.0034564284,0.0033438967,-0.020408606,-0.015047089,0.0077913753,0.0053127594,0.004341558,-0.024506377,-0.06294145,0.008155066
0.0011394415,0.0024954344,0.0035562476,0.0034340878,-0.02030193,-0.015305913,0.0071406295,0.0054416778,0.019783031,-0.0139580555,-0.07766106,0.008720137
0.00093577185,0.0023521169,0.0036437963,0.0035276392,-0.020067325,-0.015511352,0.006358824,0.0055899834,0.03530425,-0.003423157,-0.091133475,0.008268244
0.0007396689,0.0022103458,0.0037244437,0.0036183235,-0.01971994,-0.015591518,0.005508505,0.005758238,0.05014355,0.0069017685,-0.10360239,0.0074782483
0.0005350615,0.0020529295,0.0037939565,0.0037126031,-0.019132122,-0.015548101,0.0044200546,0.005848516,0.06493898,0.017886547,-0.115405925,0.005810648
0.000340099,0.0018983792,0.0038458689,0.0037931781,-0.01837381,-0.015316387,0.0032657073,0.005904082,0.078956015,0.027851176,-0.1255696,0.0038577013
0.00014847302,0.0017498649,0.0038957873,0.0038629675,-0.017485965,-0.015007406,0.0020371517,0.005991958,0.09303278,0.037062485,-0.13576888,0.0024585708
-3.1660376e-05,0.0015979899,0.003925763,0.0039398577,-0.016406525,-0.014559908,0.0007454979,0.0060102725,0.10535683,0.04619755,-0.14333808,-0.0005977184
-0.00020807181,0.0014446712,0.003940558,0.0040045306,-0.015181014,-0.014016358,-0.0007107675,0.006072784,0.11709447,0.054832637,-0.14981316,-0.003870582
-0.00038124673,0.001287552,0.0039418484,0.0040771444,-0.013791796,-0.013384694,-0.0022942035,0.006029742,0.12801376,0.06321142,-0.15442783,-0.008432543
-0.0005263963,0.0011493902,0.003914275,0.0041292585,-0.012388391,-0.012665866,-0.0037985947,0.0059152627,0.1367043,0.06908268,-0.15559775,-0.013535118
-0.0006610321,0.0010157644,0.003870147,0.004174412,-0.010976814,-0.011906374,-0.0052228062,0.0057308935,0.14432074,0.07402327,-0.1549312,-0.019208048
-0.0007845701,0.000885942,0.003805314,0.0042113164,-0.0094064,-0.011022813,-0.006719767,0.0055205794,0.1508715,0.0778031,-0.151856,-0.025698056
-0.0008856908,0.00078199996,0.003764777,0.004295755,-0.007754268,-0.010069053,-0.008105366,0.0053160107,0.15605378,0.081337325,-0.14725092,-0.03358403
-0.0009588,0.00068707496,0.0036799705,0.004355999,-0.006115737,-0.009222235,-0.009486402,0.005124557,0.15849008,0.08302406,-0.13837703,-0.04267469
-0.001015295,0.0005907184,0.0035680814,0.004406758,-0.004403537,-0.0083030965,-0.01081563,0.004760255,0.15874717,0.08410083,-0.12672326,-0.052909654
-0.0010530831,0.00050742086,0.0034501273,0.0044644037,-0.0027019412,-0.00740416,-0.012047662,0.004325228,0.15752882,0.08455535,-0.11326785,-0.06390464
-0.0010703955,0.00043775715,0.003320222,0.004527671,-0.0010870169,-0.006648304,-0.013224379,0.003938714,0.15477891,0.0838689,-0.09715967,-0.07595767
-0.0010774088,0.00036295055,0.003169171,0.0045811143,0.000526672,-0.005709994,-0.014126919,0.0031513602,0.1503785,0.08313746,-0.079639144,-0.08849529
-0.0010733587,0.0003018353,0.003019318,0.004637906,0.002058971,-0.0048453994,-0.0148900645,0.0022942927,0.14556612,0.08174002,-0.061561838,-0.100994445
-0.0010514583,0.00024700948,0.0028582832,0.004675012,0.003491919,-0.0040024747,-0.015423964,0.0012217388,0.13904162,0.07974931,-0.042965107,-0.11288913
-0.0010237903,0.00019676646,0.002694588,0.0047018155,0.004960022,-0.0032014651,-0.015955215,0.00014985178,0.13214442,0.077311665,-0.024501193,-0.124163434
-0.0009775353,0.00015735402,0.002530341,0.004720601,0.0062203393,-0.00247216,-0.016110295,-0.0010837176,0.12355141,0.07469587,-0.005887983,-0.13490865
-0.0009247161,0.00012107183,0.0023666776,0.0047454135,0.0074317534,-0.0018248901,-0.016084727,-0.0024069743,0.11409328,0.07220669,0.013012532,-0.14574815
-0.00085435825,9.956868e-05,0.002197007,0.004725367,0.00854998,-0.0011514337,-0.015880963,-0.003927337,0.10331924,0.0684966,0.030945063,-0.15426603
-0.0007852301,9.03336e-05,0.0020575041,0.0047119046,0.009493663,-0.00052983576,-0.0155932885,-0.005373502,0.093619324,0.06509854,0.046291783,-0.16135505
-0.0006956849,8.5284344e-05,0.0018992509,0.004649085,0.010335128,9.271619e-05,-0.015058778,-0.0070345234,0.081732415,0.061244555,0.061138544,-0.16645938
-0.0005962913,8.4274514e-05,0.0017453304,0.0045714234,0.011049402,0.00071127864,-0.014323802,-0.008821235,0.06906646,0.0576884,0.074751236,-0.17031421
-0.000489257,9.061983e-05,0.0016117825,0.0045132646,0.011627997,0.0013012614,-0.013374353,-0.010659931,0.05604398,0.054978136,0.08742497,-0.17401594
-0.00037605525,0.00011012064,0.0014852836,0.004418331,0.01208893,0.001850319,-0.012372168,-0.012429561,0.04322047,0.051357288,0.097908534,-0.17513037
-0.0002524338,0.00013694301,0.0013602652,0.0042921975,0.012423383,0.0024225272,-0.011226352,-0.014261744,0.02978323,0.04772043,0.10664608,-0.17424501
-0.000121935336,0.00017105787,0.0012423781,0.004138977,0.0126146125,0.003015198,-0.009996129,-0.016102176,0.016245846,0.04417949,0.113240436,-0.17132173
1.749516e-05,0.00021289979,0.0011273618,0.003956826,0.012642499,0.0035599219,-0.008690069,-0.01795476,0.0023237024,0.0405636,0.1180679,-0.16649528
0.0001514997,0.00025588437,0.0010239327,0.003758277,0.012520457,0.0040453626,-0.0073778615,-0.019712232,-0.0106868595,0.037314054,0.120395854,-0.15998366
0.00026704767,0.00028707902,0.00093770697,0.0035344763,0.0120638115,0.004394068,-0.0059896694,-0.021330077,-0.022047224,0.03548309,0.11844562,-0.15099469
0.00038496844,0.00033464254,0.00086994574,0.0033239883,0.011715492,0.0047837254,-0.0047873794,-0.022761248,-0.032693464,0.032911662,0.115914315,-0.141633
0.00051395333,0.00038941295,0.00081547105,0.0030924869,0.011261887,0.0052163354,-0.00349879,-0.024285791,-0.044209827,0.030946111,0.11098998,-0.13026738
0.00064408174,0.0004501938,0.0007736148,0.002841087,0.0106951175,0.005646306,-0.00225737,-0.025741393,-0.05557925,0.029056245,0.10378968,-0.117063574
0.0007547943,0.00050844817,0.0007573652,0.0025842518,0.009952122,0.005961574,-0.0012405462,-0.026844705,-0.06478755,0.027787741,0.09309153,-0.10214952
0.0008715758,0.000580514,0.0007588474,0.0023200964,0.009168498,0.0062922826,-0.00035843498,-0.02780738,-0.073771164,0.026274258,0.08069373,-0.08583381
0.0009807231,0.00066023914,0.0007769732,0.0020443315,0.008348153,0.006595622,0.0003583441,-0.028600626,-0.081330575,0.024352787,0.066050984,-0.06785221
0.0010807745,0.00074556953,0.0008023577,0.0017532276,0.0074738185,0.0067860484,0.00087227806,-0.029152665,-0.087513834,0.021516671,0.04997356,-0.048546817
0.0011547615,0.0008296242,0.0008442977,0.0014989579,0.0068982723,0.0071370024,0.0011480472,-0.029732732,-0.090720125,0.018391358,0.03396913,-0.030428693
0.0012342973,0.0009143248,0.000865471,0.0012048008,0.0059720087,0.0071813795,0.0013227608,-0.029873598,-0.09448876,0.014415713,0.018191068,-0.011277568
0.0012813526,0.0009875013,0.0008840991,0.0008983036,0.004947805,0.007225631,0.0012594406,-0.02978753,-0.09506568,0.009765617,0.0012319464,0.008571177
0.0013277465,0.0010670351,0.0009037744,0.000616619,0.003914021,0.007232413,0.0011061309,-0.029548438,-0.095422484,0.0044317925,-0.013917163,0.026867507
0.0013660659,0.0011438064,0.0009126577,0.00033701985,0.0028294455,0.0071474663,0.0008966828,-0.02917207,-0.09517562,-0.0015167758,-0.027662484,0.044298597
0.0013860316,0.0012195798,0.00092700415,6.378979e-05,0.0017578535,0.0070688133,0.0005775927,-0.028641334,-0.09286865,-0.008248,-0.041439064,0.061541412
0.0013963137,0.0012967058,0.00093599857,-0.00022559628,0.0007100633,0.0069862274,0.00014880372,-0.027975291,-0.08936388,-0.016166296,-0.055329256,0.079378344
0.0013907992,0.001369209,0.0009360422,-0.0005048214,-0.0001614675,0.0068352534,-0.00042828973,-0.027174044,-0.08439571,-0.025007432,-0.06763236,0.09602354
0.0013833772,0.001452052,0.00092957175,-0.0008130402,-0.000994632,0.0066312575,-0.0011506495,-0.02619964,-0.07836492,-0.036004785,-0.08007057,0.11390798
0.0013671839,0.0015327347,0.0009207432,-0.001095204,-0.0017414083,0.0062643643,-0.002057533,-0.024980443,-0.07141641,-0.047577623,-0.090367995,0.12975867
0.0013522467,0.0016128252,0.00090399623,-0.0013559923,-0.0024515449,0.005708668,-0.0030827404,-0.023571815,-0.06467276,-0.059577197,-0.09821371,0.14361508
0.0013339121,0.0016867662,0.00088284124,-0.0015718921,-0.0030740076,0.004991879,-0.0042077033,-0.02200701,-0.05791002,-0.07139983,-0.10292884,0.15432455
0.0013027547,0.0017444518,0.00084530184,-0.0017618218,-0.0036154087,0.0041442486,-0.0054073525,-0.020270273,-0.050506786,-0.08322731,-0.10493708,0.16234466
0.0012738494,0.0017953087,0.0007940345,-0.0019435778,-0.004132324,0.003136987,-0.0065786853,-0.018467853,-0.04378409,-0.09483998,-0.10536534,0.16901447
0.0012337761,0.0018241279,0.0007259171,-0.0020971736,-0.0044314223,0.0021185945,-0.0077246283,-0.01672487,-0.036906358,-0.10543974,-0.1036992,0.17307407
0.0011981056,0.0018513247,0.0006569421,-0.0022466488,-0.0047524837,0.0010168096,-0.008844663,-0.014986366,-0.030759916,-0.11547722,-0.10173327,0.1767334
0.0011535145,0.0018673643,0.0005757139,-0.0023779366,-0.0048682503,-0.00013400432,-0.009967782,-0.013271832,-0.02419753,-0.12515993,-0.09804387,0.17865399
0.0011074856,0.0018793573,0.0004856689,-0.0025082377,-0.004980898,-0.0013707251,-0.011064591,-0.011473649,-0.017961714,-0.13456617,-0.09360349,0.18002938
0.0010593561,0.0018704998,0.00039063406,-0.0026055549,-0.0050898194,-0.002532421,-0.011955569,-0.009856743,-0.012794108,-0.14187399,-0.0879821,0.17928709
0.001005526,0.0018431856,0.0002708527,-0.0026895031,-0.005122214,-0.003916663,-0.012886466,-0.00804424,-0.008286183,-0.148409,-0.07993522,0.17638387
0.0009586029,0.0018084865,0.0001508064,-0.0027505,-0.0052218526,-0.0053730025,-0.013698492,-0.0062453104,-0.005214054,-0.15353021,-0.07094299,0.17219289
0.000913319,0.0017608472,2.5634137e-05,-0.00279302,-0.0053387946,-0.006950132,-0.01445854,-0.0043194224,-0.0031000162,-0.15733448,-0.060965173,0.16661488
0.00086917414,0.0016983357,-0.00010787307,-0.0028117562,-0.0053483364,-0.008564595,-0.015046603,-0.0025065867,-0.0020672302,-0.15958853,-0.049716268,0.15942094
0.00081962085,0.0016111823,-0.0002576107,-0.0028156063,-0.0053501725,-0.010266265,-0.015524423,-0.0007086041,-0.0018459208,-0.16014037,-0.0373444,0.1505747
0.0007658478,0.0015023114,-0.00041349226,-0.0028036877,-0.005371503,-0.01197398,-0.015852839,0.0009898094,-0.002308976,-0.15884177,-0.024636881,0.14048365
0.0007144376,0.001379405,-0.0005646237,-0.002769406,-0.005403876,-0.013568565,-0.016000124,0.002476421,-0.0037485338,-0.15573727,-0.012010418,0.12934141
0.00065219885,0.0012300594,-0.0007217931,-0.0027246084,-0.005405705,-0.015131089,-0.0160531,0.0038670565,-0.005402111,-0.15049154,0.000421867,0.11714782
0.0005920076,0.0010845897,-0.000863519,-0.0026783033,-0.0054445155,-0.016527982,-0.016013732,0.005021342,-0.007251897,-0.14430478,0.011253972,0.10574581
0.0005296792,0.000914184,-0.0010229406,-0.0026301963,-0.005496332,-0.017925782,-0.015842207,0.006068282,-0.010298813,-0.13643156,0.022903675,0.09311411
0.0004674634,0.00073897623,-0.0011748378,-0.002581462,-0.0056152325,-0.019228628,-0.015614418,0.006991091,-0.013717722,-0.12737148,0.033337016,0.08088718
0.0004087149,0.0005521581,-0.0013218942,-0.0025194802,-0.0057309796,-0.020474473,-0.015308367,0.0077658696,-0.018134193,-0.1165198,0.043233935,0.06819794
0.00035371285,0.00034540426,-0.0014713389,-0.0024447115,-0.0058429865,-0.021611825,-0.014859926,0.008347655,-0.024011286,-0.10330391,0.05283385,0.054704975
0.0002963494,0.00012538022,-0.001618405,-0.002364571,-0.0060240338,-0.022638977,-0.014282886,0.0088044405,-0.030313574,-0.08848876,0.061573934,0.0410528
0.00022794727,-0.000107934415,-0.0017582584,-0.0022788185,-0.0062971017,-0.023532,-0.013574346,0.009135408,-0.03607376,-0.07228244,0.06890045,0.027532233
0.00016296441,-0.0003361654,-0.0018833829,-0.0021966025,-0.006644528,-0.024178514,-0.012754865,0.009229599,-0.042068943,-0.05544595,0.0743703,0.015338582
9.261153e-05,-0.0005477772,-0.0019930094,-0.0021252097,-0.007048805,-0.02471079,-0.011994339,0.009280936,-0.0463775,-0.040217657,0.0785256,0.004646725
-4.336036e-06,-0.00080818485,-0.0021180748,-0.002035531,-0.007642886,-0.025133526,-0.011125353,0.0092216665,-0.05049609,-0.021764822,0.08275736,-0.008050329
-8.9001755e-05,-0.0010368775,-0.0022169526,-0.0019572545,-0.008250922,-0.02532191,-0.010322905,0.009051373,-0.05411884,-0.005035862,0.08511577,-0.018410651
-0.0001947613,-0.0013060535,-0.0023221667,-0.001853761,-0.008924199,-0.025323102,-0.009432503,0.008726419,-0.05787171,0.014984597,0.08718696,-0.03056933
-0.00029266742,-0.0015407663,-0.0023961961,-0.0017599356,-0.009617325,-0.025099076,-0.00863866,0.008284235,-0.06043742,0.03300246,0.08717221,-0.04029841
-0.0004129601,-0.0018005366,-0.0024698626,-0.0016640951,-0.010361157,-0.024632815,-0.007783124,0.0076711215,-0.061879113,0.052585315,0.085826114,-0.050009817
-0.0005541053,-0.0020842697,-0.002552144,-0.0015626897,-0.011174266,-0.024063105,-0.0068711634,0.0070672873,-0.06217789,0.07301812,0.0847151,-0.060826283
-0.0006818914,-0.0023113631,-0.0025966757,-0.0014818283,-0.0119213,-0.02321421,-0.006095239,0.0064142235,-0.06053176,0.08944924,0.08157927,-0.06835552
-0.00082657544,-0.0025643846,-0.0026515056,-0.0014032456,-0.012718125,-0.022078827,-0.005235216,0.0055782124,-0.058541335,0.10725343,0.07801575,-0.076239206
-0.0009732396,-0.002793736,-0.002697726,-0.001335095,-0.013304105,-0.02084868,-0.0045703505,0.00479607,-0.05467652,0.12240574,0.07438401,-0.08308069
-0.0011218585,-0.0030192137,-0.0027383887,-0.0012794079,-0.01391311,-0.019419478,-0.0038673128,0.0038797355,-0.050206516,0.13716738,0.06953944,-0.08883563
-0.0012543016,-0.0032152212,-0.002773261,-0.0012333426,-0.014288607,-0.017966155,-0.003275351,0.0029710785,-0.045612123,0.14964858,0.0650164,-0.09366468
-0.0013794968,-0.003375247,-0.0027932727,-0.0012104966,-0.014657186,-0.016542953,-0.0027582229,0.0021232045,-0.03957258,0.159107,0.059422974,-0.09625321
-0.0015114276,-0.0035346719,-0.00280814,-0.0011895526,-0.014891694,-0.0149330795,-0.0022251785,0.001184721,-0.0323495,0.16816878,0.05320794,-0.09842561
-0.0016516417,-0.0036844914,-0.0028149788,-0.0011736144,-0.015092609,-0.013224734,-0.0016432252,0.0001972972,-0.02328679,0.17607541,0.046142913,-0.09984469
-0.0017938522,-0.0038207439,-0.0028258385,-0.0011761439,-0.015197899,-0.011461326,-0.0011333658,-0.0008146679,-0.012917691,0.18169129,0.039374854,-0.100360505
-0.0019298722,-0.003936115,-0.0028386114,-0.0011893718,-0.015174848,-0.009864386,-0.00075673097,-0.0017100316,-0.002170612,0.18547162,0.03326942,-0.10035651
-0.0020702812,-0.004026061,-0.002840841,-0.0012075751,-0.015019254,-0.008203235,-0.00044602432,-0.0026144884,0.010509694,0.18677628,0.026897669,-0.099259764
-0.0022067048,-0.0041092243,-0.0028426312,-0.0012234087,-0.014792912,-0.0064129136,-0.00013979485,-0.0036126452,0.02304126,0.1877347,0.020823725,-0.098125674
-0.0023539157,-0.0041566035,-0.0028372798,-0.0012675992,-0.01444206,-0.004659312,3.0338815e-05,-0.00449499,0.038636718,0.18450896,0.014213411,-0.09475754
-0.0025005436,-0.0041878214,-0.0028260488,-0.0013165425,-0.013941168,-0.0029055953,0.00013513336,-0.005348079,0.05503073,0.17972131,0.0077477647,-0.09075994
-0.0026430057,-0.004220635,-0.002822199,-0.0013652788,-0.013296756,-0.0011123135,0.00024494724,-0.00630863,0.07092711,0.17485976,0.0021759905,-0.08719652
-0.0027700043,-0.0042273756,-0.002818449,-0.0014255412,-0.012589633,0.0004432937,0.00027138597,-0.0070862956,0.0862113,0.16805942,-0.0024924816,-0.082969494
-0.002894757,-0.004221416,-0.0028184752,-0.0014977434,-0.011740615,0.0020587957,0.00026789328,-0.007887504,0.10202977,0.15951422,-0.006725775,-0.07821319
-0.002998854,-0.004192435,-0.0028156347,-0.0015723207,-0.010778527,0.003583177,0.00022668965,-0.008656566,0.11654518,0.14968033,-0.010173424,-0.07311513
-0.003091615,-0.0041543823,-0.0028251146,-0.0016679919,-0.009666452,0.004954141,0.00012470223,-0.009355161,0.12996165,0.1387309,-0.012780051,-0.06753641
-0.0031857858,-0.004101345,-0.0028431239,-0.001791015,-0.008295233,0.0062110024,-3.8805978e-05,-0.010000279,0.1440707,0.12541555,-0.015051918,-0.0608029
-0.0032589766,-0.004043559,-0.0028591258,-0.0019032669,-0.006814233,0.007162215,-0.0002037604,-0.010517852,0.15588868,0.112968974,-0.016493252,-0.054631766
-0.0033160006,-0.003961002,-0.0028616684,-0.0020151334,-0.00513603,0.007992258,-0.00038910884,-0.010947191,0.1670748,0.09927887,-0.0178188,-0.047765423
-0.0033655742,-0.0038630862,-0.0028523789,-0.002128847,-0.0033010147,0.008815293,-0.0006158622,-0.011340932,0.17826234,0.08468926,-0.019369958,-0.040275022
-0.0034002431,-0.0037739526,-0.0028493884,-0.002244564,-0.0015065888,0.009479683,-0.0007827549,-0.011654571,0.18690504,0.071568795,-0.020667367,-0.03311095
-0.0034258135,-0.0036776909,-0.002849148,-0.0023598194,0.0004706735,0.0098981755,-0.0010680775,-0.01176592,0.19501628,0.058117718,-0.021124402,-0.026235124
-0.0034273665,-0.0035774906,-0.0028474382,-0.0024602457,0.002443268,0.010222524,-0.0013667359,-0.011858283,0.20047346,0.04585853,-0.02071479,-0.020113638
-0.0034105203,-0.0034732104,-0.0028515388,-0.0025647276,0.0045784214,0.010503098,-0.0017218442,-0.011897968,0.20388871,0.034059394,-0.019626945,-0.01409418
-0.0033702739,-0.0033796397,-0.002869917,-0.0026666017,0.006612192,0.010691997,-0.0020708125,-0.011913885,0.20346342,0.0244536,-0.017548446,-0.009102905
-0.0033247867,-0.003299728,-0.0029185703,-0.0028165875,0.008623883,0.011001063,-0.0022734606,-0.012062308,0.20169942,0.014817423,-0.015340394,-0.0030912112
-0.0032457495,-0.0031952548,-0.0029355611,-0.0029320475,0.0104065025,0.011183529,-0.0024776317,-0.0122277625,0.197506,0.0062838127,-0.013560283,0.002723004
-0.0031329924,-0.003068788,-0.002945722,-0.0030535152,0.012244223,0.011277004,-0.002643038,-0.012319651,0.19040959,-0.0022390068,-0.011703695,0.00933533
-0.0029991032,-0.0029469582,-0.002955892,-0.003164323,0.013954708,0.011272851,-0.002753797,-0.012233377,0.18045905,-0.0088141,-0.009660998,0.015342358
-0.0028792878,-0.0028398377,-0.002970614,-0.003275392,0.015640745,0.011194855,-0.0029118427,-0.0120272795,0.17133433,-0.014792973,-0.007905133,0.02097363
-0.0027154954,-0.002737615,-0.0029978773,-0.0033892326,0.01728574,0.011172924,-0.0029993409,-0.011798132,0.15667057,-0.018207053,-0.005329697,0.026115302
-0.0025281787,-0.0026350713,-0.0030207946,-0.0034876494,0.018882617,0.011074681,-0.0031210687,-0.011559894,0.13918869,-0.019877102,-0.00231682,0.030581336
-0.0023171331,-0.002529897,-0.003047661,-0.0035878124,0.020253204,0.010877278,-0.0031480507,-0.011237834,0.11919533,-0.020716837,0.0010968136,0.034962103
-0.0021113337,-0.0024191355,-0.0030631975,-0.0036831382,0.021472227,0.010695066,-0.003188708,-0.010875412,0.100156255,-0.021864893,0.0037635472,0.039737377
-0.0018946591,-0.002329315,-0.003081406,-0.0037491368,0.022394137,0.010572836,-0.0031312064,-0.01054144,0.078811154,-0.020225573,0.007316754,0.04266495
-0.0016524651,-0.0022312938,-0.0031053484,-0.0038332874,0.023137877,0.010386326,-0.0030389696,-0.0101558445,0.054881044,-0.01828694,0.010782306,0.046339393
-0.0014202744,-0.0021411385,-0.0031251905,-0.0039115045,0.023551017,0.010241409,-0.002884325,-0.009783146,0.032023095,-0.016029106,0.013870416,0.04981305
-0.001187654,-0.0020547174,-0.0031475332,-0.0039943643,0.023721185,0.01009996,-0.0026752737,-0.009343671,0.009039272,-0.013591483,0.016887095,0.053330485
-0.0009744672,-0.0019773273,-0.0031717017,-0.004077505,0.023749301,0.009969554,-0.0024442186,-0.008896589,-0.012007008,-0.011330935,0.019628616,0.056701932
-0.00075817184,-0.0019038582,-0.003192545,-0.0041521457,0.023542164,0.009861747,-0.0021665161,-0.008385379,-0.03344767,-0.008388833,0.022378765,0.059689563
-0.00052757433,-0.001795881,-0.0032064067,-0.0042607817,0.023160616,0.0096682655,-0.0018887939,-0.0077353297,-0.054655697,-0.008076895,0.024260571,0.06502536
-0.00029202912,-0.0016778391,-0.0032187728,-0.0043690465,0.022459026,0.009553175,-0.0015202985,-0.007090292,-0.07565014,-0.008581679,0.026361017,0.07052193
-7.69749e-05,-0.0015825864,-0.0032328204,-0.0044493075,0.021510115,0.0094785495,-0.0010982918,-0.0065114005,-0.09526347,-0.007927441,0.02888504,0.07431969
0.00014228353,-0.001488829,-0.0032473952,-0.004518549,0.020260017,0.009381537,-0.0006029382,-0.0058448873,-0.11513669,-0.007128901,0.03208682,0.07740165
0.0003167811,-0.0014081552,-0.003254283,-0.0045679077,0.018985799,0.009290974,-0.00017008155,-0.005209446,-0.13048366,-0.0070740674,0.034805607,0.07975813
0.00047733914,-0.0013203418,-0.0032544797,-0.0046072747,0.01754883,0.009194121,0.00026797145,-0.0045381454,-0.14368545,-0.008364606,0.03767819,0.08198928
0.00063141127,-0.0012378038,-0.0032567068,-0.0046319203,0.015925454,0.009093471,0.0007767366,-0.0038580857,-0.15612626,-0.009755003,0.041499615,0.083253734
0.00076460437,-0.0011520522,-0.0032560474,-0.0046558524,0.014249005,0.008975886,0.0012809681,-0.0031214405,-0.1660091,-0.01243694,0.04507109,0.08456353
0.0008846695,-0.0010683152,-0.0032473665,-0.0046659983,0.012583827,0.008839534,0.0017871337,-0.0024235926,-0.17451751,-0.015096366,0.048314176,0.08560057
0.0010040966,-0.0009738223,-0.003232578,-0.00467653,0.010858862,0.008532229,0.0022372196,-0.0015617714,-0.1824018,-0.018579759,0.051394437,0.086986355
0.0010973372,-0.0008916663,-0.0032115418,-0.0046732742,0.009060154,0.0083343275,0.0027505138,-0.000843453,-0.18785655,-0.021809913,0.053817667,0.08805196
0.0011849303,-0.0008029292,-0.003182199,-0.004669611,0.007107353,0.007974444,0.0032252485,0.0001362774,-0.1922045,-0.025641182,0.055663966,0.08949711
0.0012424783,-0.00072639144,-0.0031504543,-0.0046589193,0.0053519793,0.007765815,0.003641788,0.0009208317,-0.19381115,-0.029579446,0.05689318,0.09073388
0.0012880093,-0.0006445665,-0.003111862,-0.004639595,0.0034804023,0.007470979,0.0040749414,0.0017771926,-0.19369197,-0.03430073,0.05795792,0.09194412
0.0013105645,-0.00056491845,-0.0030638562,-0.004600806,0.0014803659,0.0071330867,0.0045455783,0.0027392954,-0.19087578,-0.039547887,0.05878869,0.09254401
0.0013178972,-0.00049262535,-0.0030101484,-0.004553391,-0.00040615458,0.0067216503,0.0049953125,0.0037332054,-0.18654956,-0.044591468,0.05914318,0.092925586
0.0013045172,-0.0004253207,-0.002948211,-0.004504166,-0.002228678,0.0062980843,0.0054607103,0.004728486,-0.17985117,-0.049927264,0.058450274,0.0936056
0.0012634717,-0.00035809207,-0.0028764575,-0.0044514337,-0.0042867837,0.005786278,0.006030259,0.005886686,-0.16967039,-0.056466475,0.056860168,0.09450297
0.0012144267,-0.00030401952,-0.0028045573,-0.0043933033,-0.006024262,0.0050546397,0.0065226317,0.007139256,-0.1595476,-0.06164533,0.054788884,0.094989486
0.0011361378,-0.0002492395,-0.0027186335,-0.0043360163,-0.007582801,0.0043164594,0.0070351157,0.008244547,-0.14581604,-0.06808927,0.051350657,0.09632551
0.0010400775,-0.00019642181,-0.002621759,-0.0042651,-0.008970662,0.0035087243,0.0075811204,0.009308745,-0.13012949,-0.07472354,0.04734775,0.09757248
0.0009272843,-0.00015681796,-0.0025316703,-0.0041935653,-0.01009079,0.0026160153,0.00811877,0.010289693,-0.11349804,-0.08098425,0.04337998,0.09848789
0.00081499,-0.00012558332,-0.0024420256,-0.004110134,-0.010877118,0.0016934829,0.00859113,0.011175685,-0.097631134,-0.08612086,0.03962084,0.09869071
0.00068378355,-0.000105217005,-0.002345271,-0.0040004537,-0.011538595,0.0007435192,0.009093247,0.012006919,-0.080342084,-0.090551585,0.036000848,0.0977479
0.000559695,-9.790401e-05,-0.002253181,-0.003880004,-0.0119934175,-0.00017978545,0.009547327,0.012785282,-0.06495389,-0.09300004,0.032605868,0.095993064
0.0004320262,-9.467459e-05,-0.0021583727,-0.003756964,-0.012341142,-0.0011227321,0.009960111,0.0135646835,-0.04958447,-0.09486658,0.028820133,0.09419274
0.0003113663,-9.011286e-05,-0.002052701,-0.0036299576,-0.012758652,-0.0018115366,0.01054359,0.014403914,-0.034963623,-0.09591743,0.024134172,0.092735775
0.00018505979,-9.5769596e-05,-0.0019424425,-0.0034887912,-0.012842057,-0.0027456868,0.010731316,0.015224669,-0.02043178,-0.09568143,0.019226205,0.09064043
3.3935128e-05,-0.00011878891,-0.0018245985,-0.0033301555,-0.01286838,-0.0036702866,0.010945477,0.016064331,-0.003987779,-0.094466686,0.013584865,0.087864
-0.00011046818,-0.00015643373,-0.001705621,-0.003151408,-0.012890057,-0.0045470954,0.011152524,0.016938565,0.010748343,-0.09107562,0.008141339,0.08391704
-0.00024727307,-0.00019268741,-0.0015775273,-0.0029768285,-0.012591629,-0.0053761527,0.011228271,0.01778396,0.02452602,-0.087060936,0.0017395023,0.0806176
-0.00039741758,-0.00023526311,-0.001435794,-0.002782777,-0.012198492,-0.006242514,0.011232351,0.01863419,0.03946893,-0.08233086,-0.0052655824,0.076809615
-0.0005320897,-0.000291794,-0.001304494,-0.0025915385,-0.0115711475,-0.0070676813,0.011077609,0.019446872,0.051583868,-0.075547226,-0.0121901315,0.072612084
-0.00064996944,-0.00035987378,-0.0011974458,-0.0024118978,-0.011027372,-0.0077701556,0.010903684,0.020201763,0.06092708,-0.0676689,-0.017921207,0.06777138
-0.00078217266,-0.0004496561,-0.0010736836,-0.0021974153,-0.010220967,-0.008472836,0.010584375,0.02100619,0.07064488,-0.057142414,-0.024811598,0.061794486
-0.00088818755,-0.00054113095,-0.0009623954,-0.0019863942,-0.009329558,-0.009020672,0.010167355,0.02175228,0.07694684,-0.045419082,-0.030751172,0.055402502
-0.0009908801,-0.0006394735,-0.00085330155,-0.0017694163,-0.008300825,-0.00948933,0.009666881,0.02239548,0.08251948,-0.032746125,-0.03667457,0.04860619
-0.0010768668,-0.00073427125,-0.000757101,-0.0015564623,-0.007397934,-0.009816517,0.009173176,0.022923537,0.086405866,-0.020112736,-0.041233186,0.041313447
-0.0011534,-0.00082071597,-0.0006559635,-0.0013274723,-0.006414327,-0.0099912565,0.008651333,0.023318838,0.08961683,-0.007421574,-0.04515986,0.033531085
-0.0012140529,-0.00089826406,-0.0005554232,-0.0010930676,-0.0054275156,-0.0100271115,0.008139682,0.023625271,0.09143323,0.0052053393,-0.04829306,0.02551632
-0.0012742846,-0.0009819164,-0.00044941012,-0.0008371911,-0.004275923,-0.009951174,0.0075645563,0.023838175,0.092672035,0.019040504,-0.05130607,0.01663942
-0.0013197736,-0.0010720505,-0.00036581024,-0.0005932894,-0.003230772,-0.00974201,0.00701123,0.023908691,0.09193904,0.033028867,-0.05272986,0.007110281
-0.0013564449,-0.0011625501,-0.0002838411,-0.00034267394,-0.0021172578,-0.009469679,0.0064047617,0.023929235,0.090110324,0.04744731,-0.053603396,-0.0028856518
-0.0013728018,-0.0012409715,-0.00021277547,-0.000104795006,-0.0012050349,-0.009009146,0.0058527477,0.023829648,0.08685753,0.060633842,-0.053122904,-0.012717207
-0.0013887944,-0.0013166151,-0.00014378635,0.00014183455,-0.00032253464,-0.00834907,0.005331626,0.023579637,0.08377706,0.07329058,-0.05165778,-0.023123853
-0.0013963336,-0.0013802683,-7.869469e-05,0.00038233332,0.0005152677,-0.007487905,0.0048561487,0.02323004,0.080575295,0.08452006,-0.049290895,-0.033351164
-0.001392224,-0.0014430502,-2.131518e-05,0.00062145584,0.0013300835,-0.006516011,0.0043951585,0.02280285,0.07613203,0.09574664,-0.046073604,-0.043899205
-0.0013752085,-0.0015034479,3.1485426e-05,0.00086251774,0.0021154156,-0.0054727495,0.0039201365,0.022288296,0.070417866,0.10704971,-0.04209095,-0.05475912
-0.0013531722,-0.0015586758,8.2308325e-05,0.0011059693,0.0028728794,-0.0042968965,0.003451464,0.021658113,0.06455806,0.117744625,-0.03732925,-0.065838285
-0.001316901,-0.001597769,0.00013081759,0.0013414624,0.0035777027,-0.0029568337,0.003021376,0.020909658,0.05811559,0.12696925,-0.031594936,-0.07656563
-0.0012736782,-0.0016257055,0.00017156733,0.0015648638,0.004199299,-0.0015020742,0.0026432325,0.020072857,0.05147521,0.13491195,-0.024979174,-0.08699602
-0.0012347827,-0.0016427306,0.00020305286,0.0017527185,0.004680236,-0.0002703493,0.0023931982,0.019253943,0.046056334,0.14074932,-0.018711386,-0.0958744
-0.0011719624,-0.0016432763,0.0002385561,0.0019681803,0.0051911394,0.0013261406,0.0021273284,0.01819552,0.038928993,0.14612839,-0.010348131,-0.10607675
-0.0011180196,-0.0016258958,0.00026824948,0.0021386666,0.005514616,0.00266119,0.0020031193,0.017185625,0.033979744,0.14844924,-0.0027962239,-0.11405282
-0.0010565189,-0.0015848158,0.00029185705,0.002293384,0.0056773,0.0040336377,0.0020249914,0.016026689,0.029551622,0.14792912,0.006012691,-0.12149702
-0.0009923112,-0.0015335209,0.00031728455,0.002433029,0.006061948,0.0054788473,0.001995748,0.014757447,0.02543679,0.14635889,0.01435734,-0.12794033
-0.00092233845,-0.0014707568,0.00034298585,0.0025656705,0.0064281644,0.006882146,0.0020433473,0.013496214,0.021289635,0.14367943,0.023019437,-0.13396493
-0.0008425928,-0.0013896581,0.00036745044,0.002697384,0.006586411,0.008289492,0.0023250587,0.012124812,0.017207695,0.13895269,0.033149213,-0.14014383
-0.00076683424,-0.0013118684,0.0003886546,0.002804768,0.006858699,0.009599152,0.0025586255,0.010831242,0.01321944,0.13431552,0.042026784,-0.14510219
-0.0006872395,-0.0012117388,0.0004138698,0.0029012796,0.006893196,0.010846557,0.0030215099,0.009418243,0.010021499,0.12756881,0.051150203,-0.1492465
-0.0006156527,-0.0011139615,0.0004382126,0.0029776723,0.0069832746,0.0120485695,0.0035306436,0.007953068,0.007572347,0.120631546,0.059047174,-0.15222047
-0.00053936045,-0.0010064961,0.0004664308,0.0030431587,0.0071654394,0.0132763,0.0040506795,0.006408427,0.0049034925,0.11326201,0.06635476,-0.15423639
-0.00045923513,-0.0008741794,0.0005101454,0.0031067824,0.0071222126,0.0143453805,0.0047693495,0.004793668,0.0033206744,0.10415428,0.07309406,-0.15520324
-0.00037875245,-0.00072653545,0.00056703377,0.0031518284,0.0072006863,0.015324997,0.0055306805,0.0031437648,0.0025032833,0.09416555,0.077971205,-0.15417676
-0.00029879194,-0.0005610308,0.00063918857,0.0031883165,0.007166542,0.01611935,0.0064427606,0.0015412758,0.0028878124,0.083069116,0.08141595,-0.15168637
-0.00022070321,-0.0003907948,0.0007162434,0.0032093232,0.00727433,0.0168497,0.0072974474,-7.678999e-05,0.0037635318,0.07160994,0.08358587,-0.14785913
-0.00014722798,-0.000215545,0.00080704124,0.0032069979,0.0074314764,0.01736558,0.008154623,-0.0015541071,0.005722501,0.060225923,0.08282678,-0.14171582
-6.7753455e-05,-4.1194136e-05,0.0008925955,0.0032069734,0.00764249,0.018073441,0.009014536,-0.0029849554,0.0069319606,0.04900833,0.082726255,-0.1359345
-2.7650476e-06,0.00013724546,0.0009957346,0.0031861004,0.007693792,0.01849675,0.009968174,-0.0043139774,0.010241464,0.03758891,0.079300255,-0.12790202
8.0125705e-05,0.00033116183,0.0011001315,0.0031391862,0.007812833,0.018876206,0.010856725,-0.0056388723,0.012285527,0.025381753,0.0751929,-0.118295796
0.00016792181,0.00052897533,0.0012144656,0.003080671,0.007940867,0.019090964,0.011694851,-0.00682275,0.013923821,0.013587806,0.06943908,-0.107520275
0.00026308413,0.00073135376,0.0013373136,0.0030134127,0.008096383,0.019186407,0.012441826,-0.007885742,0.014893572,0.0021858367,0.062368046,-0.095761895
0.0003693767,0.00094244024,0.0014688957,0.0029350016,0.008295337,0.019233854,0.013061105,-0.0088339085,0.014928314,-0.009008445,0.05406276,-0.08283958
0.00048163335,0.0011580094,0.0016089571,0.0028477276,0.008505478,0.019210512,0.0135529535,-0.009662701,0.014409336,-0.01983449,0.04443559,-0.06892458
0.0005744536,0.0013505041,0.0017524323,0.0027689037,0.008646799,0.01905355,0.013914918,-0.010213279,0.014668197,-0.028824266,0.033553384,-0.05544864
0.0006895948,0.0015680889,0.001906789,0.002666047,0.008846035,0.018836308,0.014160063,-0.010770241,0.013689966,-0.03871494,0.021376608,-0.039870128
0.00077862805,0.001740214,0.002042837,0.002574272,0.009006121,0.018510241,0.014226841,-0.011055578,0.012994234,-0.045709,0.009480508,-0.026253944
0.0008719917,0.0019236797,0.0021912549,0.002468074,0.009136368,0.018041622,0.014239959,-0.011209726,0.012240535,-0.052917954,-0.0040512746,-0.011191388
0.0009836508,0.0021108126,0.002325908,0.0023551323,0.009247307,0.017544102,0.014218639,-0.011293904,0.009675461,-0.060486786,-0.015956255,0.003453411
0.0010867523,0.0022929441,0.0024695126,0.0022379733,0.009351601,0.016948273,0.01404344,-0.01121953,0.007502355,-0.06712783,-0.029558543,0.018862184
0.001199123,0.0024764428,0.002610896,0.002117338,0.009468604,0.016317394,0.0137076685,-0.01102993,0.004224857,-0.07351138,-0.04295443,0.034407306
0.0013029596,0.0026404508,0.0027386597,0.0020019638,0.009510741,0.015606896,0.013259062,-0.010656939,0.0007210505,-0.078689605,-0.05556674,0.048837334
0.0014003236,0.0027957004,0.0028628376,0.0018923446,0.009537706,0.014821583,0.012715989,-0.010097792,-0.0025227112,-0.08348879,-0.06776599,0.06268885
0.0014936209,0.0029354373,0.0029718326,0.0017918731,0.009460421,0.014018735,0.012120625,-0.0094549395,-0.006090685,-0.0876192,-0.07848095,0.07511092
0.0015751749,0.00305355,0.0030730409,0.0017065535,0.009423623,0.013199561,0.011336938,-0.008657404,-0.009425444,-0.0904327,-0.08838642,0.086008646
0.0016751778,0.0031912492,0.0031870513,0.001614635,0.009331191,0.012246678,0.010383272,-0.0076774005,-0.013840187,-0.09371183,-0.098940775,0.09794223
0.0017543596,0.0032895051,0.003272134,0.0015503683,0.009195712,0.01137616,0.009380315,-0.006643229,-0.017724516,-0.09545765,-0.10648715,0.106414124
0.0018291274,0.0033820828,0.0033566658,0.0014903926,0.009149822,0.01064605,0.008501497,-0.005666825,-0.021352706,-0.09703271,-0.1139497,0.1145163
0.0019015991,0.0034672061,0.0034354872,0.0014372135,0.008877403,0.009717249,0.007488138,-0.00449166,-0.02481823,-0.09837833,-0.12050333,0.12185925
0.001991755,0.003557734,0.0035065776,0.0013938742,0.008475183,0.008636663,0.006303337,-0.0031057128,-0.029820275,-0.09976525,-0.1251248,0.1280212
0.0020748037,0.003626352,0.0035579135,0.0013821078,0.008232749,0.0077227177,0.0050877035,-0.0018347491,-0.035134763,-0.10028442,-0.12671131,0.13108139
0.0021557466,0.0036886637,0.0035963897,0.0013698278,0.0078937635,0.0067856545,0.003899071,-0.00056741346,-0.040465783,-0.10092721,-0.12723571,0.13341464
0.0022418099,0.0037502379,0.0036316446,0.0013634553,0.0073295585,0.0056096017,0.0025620165,0.00094190147,-0.046168808,-0.101456426,-0.12687232,0.13507849
0.0023166952,0.0038028546,0.0036625683,0.0013643599,0.006709914,0.004394631,0.0013219349,0.0023954837,-0.05114455,-0.10173291,-0.1262091,0.13619334
0.0023890128,0.0038366015,0.0036664708,0.0013887794,0.006161674,0.0032798722,-6.462058e-05,0.003838686,-0.05695352,-0.101406224,-0.122050524,0.13426603
0.0024527085,0.0038618864,0.0036604381,0.0014217752,0.0055218935,0.0021213873,-0.0014128679,0.0052564964,-0.062310986,-0.101020254,-0.1168355,0.13136537
0.0025093176,0.0038803755,0.0036441812,0.0014635928,0.004970231,0.0011377396,-0.0025646035,0.006454802,-0.0674293,-0.10082988,-0.110448204,0.12738408
0.0025470816,0.003885265,0.003625968,0.0015179444,0.0043030265,5.370952e-05,-0.0037299546,0.0076998444,-0.07099727,-0.10037035,-0.10383024,0.12271025
0.0025839438,0.0038810642,0.00358993,0.0015893411,0.003486012,-0.0010748781,-0.0048739975,0.00894238,-0.07511691,-0.09977275,-0.09481834,0.116044536
0.0026154327,0.0038607419,0.0035379727,0.0016964964,0.0027377512,-0.0021738105,-0.006045157,0.010138864,-0.07964568,-0.09844198,-0.08285204,0.10629818
0.0026302815,0.0038316043,0.0034836864,0.0017996341,0.0019744707,-0.0031653093,-0.0069404873,0.011130209,-0.08288244,-0.097221285,-0.07152952,0.09674975
0.0026461286,0.0038011586,0.0034231986,0.0019266165,0.001204205,-0.004080171,-0.0076538017,0.011910846,-0.08651046,-0.09603686,-0.058423884,0.085499465
0.0026492234,0.0037616645,0.003358181,0.002049167,0.00042945528,-0.0049767545,-0.008278396,0.012633715,-0.08918471,-0.094737515,-0.045624882,0.07427625
0.0026419049,0.0037051262,0.0032797407,0.0022012985,-0.00064007146,-0.0061250324,-0.008961152,0.013464486,-0.09156784,-0.09275055,-0.030620268,0.060641203
0.0026239795,0.003632125,0.0031867216,0.0023892706,-0.001538209,-0.0070806434,-0.0095128575,0.014022983,-0.09388291,-0.090280734,-0.012994572,0.044061746
0.0025937753,0.0035622714,0.003103016,0.0025487186,-0.0024041857,-0.007913084,-0.00966613,0.014290025,-0.09469838,-0.08833943,0.0019016432,0.029664163
0.002574143,0.0035129753,0.0030365207,0.0026725836,-0.00317929,-0.008581636,-0.009752171,0.014399069,-0.09544781,-0.08738727,0.013629866,0.0186193
0.002522658,0.0034248927,0.0029543221,0.002837038,-0.0040718564,-0.009414862,-0.009707883,0.014519209,-0.09498058,-0.08448435,0.027439669,0.0039000718
0.002476874,0.0033287122,0.0028525183,0.0030158607,-0.0049816975,-0.010124623,-0.009435748,0.014281625,-0.095813386,-0.081172094,0.043497097,-0.012773251
0.002401709,0.0032245705,0.002779603,0.0031738363,-0.005882293,-0.010863261,-0.008891776,0.013743768,-0.09364751,-0.07697595,0.054063927,-0.026119227
0.0023373554,0.0031227872,0.0027017705,0.0033187263,-0.006718384,-0.011537559,-0.008388841,0.013464678,-0.09259758,-0.07251473,0.06505897,-0.039491378
0.0022555466,0.0030023572,0.0026234377,0.00347414,-0.0076091355,-0.012228626,-0.0077324016,0.013038941,-0.09070872,-0.066714145,0.075582236,-0.053606573
0.0021705213,0.002877337,0.0025516774,0.0036286581,-0.008488799,-0.0128408,-0.006892496,0.012381165,-0.088646986,-0.060073182,0.08484161,-0.06721287
0.0020843507,0.0027594457,0.0025015075,0.0037569792,-0.009310653,-0.013315704,-0.005988495,0.01161577,-0.08582632,-0.05313043,0.09026885,-0.07776503
0.001967482,0.0025922921,0.0024228592,0.0039174007,-0.010316832,-0.01389287,-0.005094085,0.010818466,-0.08238296,-0.043656275,0.09816902,-0.09208628
0.0018655644,0.0024612823,0.0023856342,0.004043831,-0.011021648,-0.014294758,-0.004227146,0.010132555,-0.07831046,-0.035429697,0.10167609,-0.10210977
0.0017426264,0.0023072097,0.0023476153,0.0041503347,-0.011819158,-0.014627405,-0.0031775224,0.009194298,-0.07300009,-0.025534753,0.10256139,-0.11089325
0.0016478281,0.002188798,0.0023267202,0.004207696,-0.0125092,-0.01489453,-0.002383131,0.008407899,-0.0686292,-0.017686877,0.100592345,-0.115447015
0.0015493138,0.0020716405,0.002315021,0.0042723133,-0.013146663,-0.015139412,-0.0015730947,0.0076409793,-0.063645355,-0.0097341435,0.09824524,-0.12000838
0.0014198236,0.0019212614,0.0023017414,0.004344166,-0.013733825,-0.015207287,-0.0005841974,0.0066004656,-0.056880273,0.00044592223,0.094563656,-0.12512048
0.0012762713,0.0017631771,0.0022920326,0.004419542,-0.014246516,-0.015203735,0.00036220366,0.0055933874,-0.048832666,0.010881209,0.09042122,-0.13027936
0.00113878,0.0016174073,0.002301571,0.004465648,-0.014699162,-0.014995751,0.0014264395,0.004176517,-0.040662203,0.021119192,0.08259805,-0.13215685
0.0010117553,0.0014896751,0.0023214226,0.004509715,-0.015015748,-0.014795863,0.00220873,0.0030685214,-0.03247765,0.029994832,0.074974254,-0.1334411
0.0008631791,0.0013340242,0.0023289523,0.0045553707,-0.015245809,-0.01448769,0.0028583782,0.001963871,-0.023453858,0.040320233,0.06739887,-0.1355472
0.00067934295,0.0011503091,0.0023461087,0.004612954,-0.01551242,-0.014197814,0.0036260218,0.0007160546,-0.011869502,0.052512124,0.057464473,-0.13769536
0.0005393556,0.0010211405,0.0023866445,0.0046167164,-0.01557366,-0.013699458,0.00415417,-0.00047933473,-0.0020114426,0.061426602,0.0448706,-0.13490798
0.0003862936,0.0008839836,0.002433088,0.00462217,-0.015499094,-0.013086573,0.0045983815,-0.0017060356,0.008839047,0.07074688,0.03139904,-0.13197228
0.00023774336,0.0007573202,0.0024834068,0.004595225,-0.015306058,-0.012415155,0.004814386,-0.0028539593,0.0197896,0.07910617,0.01607407,-0.12666945
5.0466988e-05,0.0005699395,0.0025054787,0.0046066754,-0.014783285,-0.011409709,0.0046905717,-0.0041536056,0.03111778,0.09104281,0.0032837545,-0.12570187
-0.000110133005,0.00042961416,0.0025410596,0.0045719384,-0.0143068805,-0.010492904,0.004671338,-0.005238885,0.04253067,0.099235065,-0.011196279,-0.120966904
-0.00025857275,0.00028560057,0.0025413204,0.004505465,-0.01340133,-0.0092221545,0.0041989335,-0.0063953567,0.05208548,0.10616647,-0.02331549,-0.116373315
-0.00038557098,0.00024887736,0.0026831408,0.004547303,-0.012683237,-0.008058362,0.0039570085,-0.0074061174,0.06553374,0.10921908,-0.03897705,-0.11017052
-0.0005192642,0.00016006769,0.0026988918,0.0044492083,-0.0120590795,-0.007173164,0.0032756275,-0.007893016,0.076360635,0.111714885,-0.051410843,-0.10343942
-0.0006385558,7.104228e-05,0.0026966063,0.00436613,-0.011388145,-0.006224456,0.002824314,-0.0085781235,0.08519075,0.1143973,-0.061219003,-0.098292634
-0.0007680532,-4.5819106e-06,0.0027206044,0.00427306,-0.010447745,-0.0050933305,0.002043516,-0.0093107335,0.09602239,0.11602516,-0.07377646,-0.0910804
-0.00087256025,-5.1631105e-05,0.002724729,0.004172662,-0.009530618,-0.0042222273,0.0010420813,-0.009666611,0.10540345,0.11493401,-0.08257647,-0.08493035
-0.0009949844,-0.00010693739,0.0027371536,0.004038167,-0.008255103,-0.0029332445,-0.00012561485,-0.010323605,0.11646878,0.11390618,-0.094932415,-0.07611685
-0.0010840141,-0.00012207287,0.002744702,0.0038997422,-0.0069435677,-0.0018343624,-0.001423752,-0.010753443,0.1260712,0.109836586,-0.104181446,-0.067732744
-0.0011912452,-0.00018144626,0.0027285477,0.0038074278,-0.005276177,-0.00016666073,-0.002492989,-0.011734721,0.13470942,0.109070845,-0.11079532,-0.06334663
-0.0012315185,-0.00018223209,0.0026606587,0.003649036,-0.004032245,0.0009139347,-0.0034719314,-0.012258484,0.13941853,0.10255399,-0.11189525,-0.058199327
-0.0012752032,-0.00018823933,0.0026327507,0.003558947,-0.0030827117,0.001490397,-0.004462467,-0.0123705305,0.1439891,0.09871701,-0.113624744,-0.054923724
-0.0013134805,-0.00015652119,0.002580865,0.0033352543,-0.0015561564,0.0025641215,-0.0060598287,-0.012551412,0.15067527,0.0888102,-0.117821485,-0.045454174
-0.0013283499,-9.249927e-05,0.0025421637,0.00312771,0.00016874651,0.0036762974,-0.007677483,-0.012895321,0.15661514,0.077212006,-0.12055834,-0.03620632
-0.0013177558,-5.0198163e-05,0.0024505109,0.0029670564,0.0013779798,0.004164997,-0.008900969,-0.012824131,0.15754068,0.067411296,-0.11564192,-0.032963097
-0.0013115498,-2.66305e-05,0.0023611449,0.002802363,0.002343601,0.0047973692,-0.009452488,-0.013184575,0.15854909,0.0597018,-0.112941764,-0.028748836
-0.0012710884,3.84125e-05,0.002238026,0.002592193,0.0039302553,0.005730975,-0.010364129,-0.0138211455,0.15704589,0.047626603,-0.10661409,-0.024136515
-0.0012069073,0.00013185844,0.0020964579,0.0023637968,0.005550676,0.0061761606,-0.011783164,-0.0137068285,0.15468758,0.031792495,-0.096508436,-0.019877167
-0.0011490966,0.00019006032,0.0019869567,0.0022230335,0.006675362,0.0063677966,-0.012532587,-0.013642218,0.15074307,0.021596111,-0.08733402,-0.018485352
-0.0010816335,0.00025082275,0.001877497,0.0020907428,0.0077314354,0.006512396,-0.013205404,-0.013546281,0.14603116,0.011627967,-0.07782368,-0.017295202
-0.00097324786,0.0003252654,0.0016908624,0.0018739868,0.009121225,0.0066213263,-0.013961121,-0.013495947,0.13704309,-0.0019962452,-0.06341449,-0.015535522
-0.000856257,0.0004005317,0.0015650671,0.0017713091,0.010354057,0.0064097634,-0.014680563,-0.013255215,0.12617548,-0.011479731,-0.049599066,-0.01674149
-0.0007188442,0.00048155896,0.0013985028,0.0016073758,0.011738115,0.006393556,-0.015405925,-0.013167136,0.11312972,-0.022808736,-0.034593526,-0.016423216
-0.00046608824,0.00068354653,0.0014832065,0.0018402402,0.011958184,0.005663174,-0.016639676,-0.0129427565,0.093551576,-0.026218327,-0.020031814,-0.024724903
-0.0002366487,0.0008315368,0.0013092572,0.0017091978,0.013574466,0.005600852,-0.017389575,-0.013134976,0.07328928,-0.040525883,0.0015945531,-0.026438892
-0.00017205322,0.00076539523,0.0010662407,0.0016782854,0.013386997,0.0047760103,-0.01754747,-0.01293826,0.05928554,-0.041662525,0.022927748,-0.0381689
6.138952e-05,0.00086778164,0.0008459386,0.0015453167,0.014413094,0.004234846,-0.017939862,-0.012985083,0.035179343,-0.052923724,0.047252223,-0.04248537
0.000244762,0.0010212082,0.0007552648,0.001367475,0.015115293,0.004297397,-0.01810651,-0.013193924,0.021433072,-0.06497235,0.05549417,-0.036698226
0.00030509554,0.0009482125,0.00061453274,0.0013721759,0.01467771,0.003549037,-0.017453475,-0.013420807,0.0096233245,-0.060781207,0.067384824,-0.044398952
0.00054477656,0.0010412594,0.00040167925,0.0012347932,0.015621839,0.0032835498,-0.017122015,-0.014231388,-0.015508792,-0.06880454,0.08809357,-0.04776086
0.0005621334,0.0009307425,0.00031328626,0.0012840056,0.015129027,0.0029100007,-0.016142286,-0.014907665,-0.02429852,-0.06025984,0.094920814,-0.055355314
0.0007050664,0.0008071466,8.277477e-05,0.0012250281,0.014456599,0.001916477,-0.014366319,-0.015912967,-0.04863149,-0.051421802,0.11184185,-0.06506599
0.00049568526,0.00056971767,5.0017225e-05,0.0014357985,0.014500285,0.0027587875,-0.013855843,-0.016742034,-0.038492944,-0.039559852,0.115537174,-0.07901626
0.0007069787,0.0005553498,-0.00010440548,0.0015834674,0.013467636,0.0021321273,-0.01176263,-0.01818975,-0.06800051,-0.031080902,0.13867563,-0.09440299
0.0008554446,0.0006997276,-0.00014468351,0.0013013043,0.0135952,0.0015021332,-0.011605992,-0.017503118,-0.076237835,-0.041420173,0.13465099,-0.080475695
0.0014462713,0.0010777554,-0.00030368846,0.0010115008,0.013955219,0.0013541923,-0.009131545,-0.02032436,-0.12440433,-0.058477014,0.15371253,-0.07061189
0.0027344425,0.001540121,-0.00081361487,0.0010416857,0.01601854,0.0030859627,-0.0012497698,-0.029798908,-0.25427887,-0.05970611,0.23227933,-0.09893886
