x1,x2,x3,x4,v1,v2,v3,v4,a1,a2,a3,a4
0.0,0.0,0.0,0.01,0.0,0.0,0.0,0.0,0.0,0.0,0.1,-0.1
1.1132730227183408e-11,7.444085611909973e-09,4.9776007797669044e-06,0.00999501494398519,2.2265460454366815e-09,1.4888171223819946e-06,0.000995520155953381,-0.0009970112029619727,4.453092090873363e-07,0.0002977634244763989,0.09910403119067618,-0.09940224059239453
9.621201550779191e-11,4.701618734948045e-08,1.9858372332699345e-05,0.009980094515084645,1.4789311010685022e-08,6.4256032251321025e-06,0.001980634154633107,-0.0019870745771470577,2.0672437839623315e-06,0.0006895937960736229,0.09791876854526899,-0.09861043424462249
4.327145177946488e-10,1.578208660345703e-07,4.452393075340781e-05,0.00995531781463011,5.251118944668635e-08,1.573533251188587e-05,0.0029524775295085865,-0.0029682655137600045,5.477131903237934e-06,0.0011723520612771303,0.09644990642982693,-0.09762775307796687
1.3788016678803774e-09,3.880447317476584e-07,7.882755221521798e-05,0.009920783020174446,1.3670624057045938e-07,3.030944063073175e-05,0.003908246762853448,-0.003938693377372737,1.1361878321516675e-05,0.0017424695624920455,0.09470394023914525,-0.0964578196445797
3.5418514537109334e-09,7.946000419326621e-07,0.0001225948218531294,0.009876607023566108,2.9590371659565186e-07,5.100162140626898e-05,0.004845207164728836,-0.00489650594429486,2.0477616883521818e-05,0.002395966592615401,0.09268814013593246,-0.09510469373984484
7.853901423824114e-09,1.4427272316355828e-06,0.0001756243600691465,0.009822925025326987,5.665062774269842e-07,7.862381653431516e-05,0.005760700478474582,-0.005839893703529429,3.3642895282744655e-05,0.003128472432993835,0.09041052261321664,-0.09357285810706886
1.5653322368377423e-08,2.405558377451021e-06,0.0002376886234189243,0.009759890086761936,9.933779114836775e-07,0.00011394241262877247,0.006652152191480977,-0.006767094009480639,5.173143152859401e-05,0.003935246785897628,0.08787981998806232,-0.09186720308317317
2.8771999356566782e-08,3.76364373609103e-06,0.0003085347770319419,0.00968767264133402,1.6303574861541945e-06,0.00015767465909922933,0.007517078531122544,-0.007676395076102601,7.566448340550939e-05,0.0048112025081937446,0.08510544794025116,-0.08999301024121911
4.962725814904717e-08,5.6044436285089765e-06,0.0003878856353220476,0.00960645996693987,2.540694272341883e-06,0.00021048531938436,0.008353093126898598,-0.008566139802727506,0.00010640287383202829,0.005750929548832391,0.08209747121495953,-0.08795593508376207
8.131774062956723e-08,8.021788060800547e-06,0.0004754406675617369,0.009516455620814334,3.7974022237621293e-06,0.0002729835670739541,0.009157913321039256,-0.009434729422379624,0.00014493871645202097,0.006748719989086431,0.07886656761317218,-0.08576198884666156
1.277224029537321e-07,1.1115306583297477e-05,0.0005708770647224093,0.009417878838882548,5.483530241070848e-06,0.0003457201374254318,0.009929366111095227,-0.010280626963977618,0.00019228688700972273,0.007798594081209108,0.075423990398022,-0.08341751947293705
1.936017847164609e-07,1.4989830989039795e-05,0.0006738508638245412,0.009310963901460474,7.692346111474911e-06,0.0004291847437230319,0.010665393709331155,-0.011102360520437105,0.00024947628707108993,0.008894327178310908,0.07178152924916376,-0.08092919181896044
2.8470067669433e-07,1.975477354187326e-05,0.0007839981258965981,0.00919595946728166,1.052743228409891e-05,0.0005238037668436613,0.01136405870508022,-0.011898526315325814,0.0003175409474537098,0.01002947744581497,0.06795146990064932,-0.07830396715878116
4.078512987045096e-07,2.5523483502525726e-05,0.0009009361635099413,0.009073127877898202,1.4102692117937e-05,0.0006299382252868319,0.012023548817588424,-0.012667791561365646,0.00039751101931390797,0.01119741424281915,0.06394655260099175,-0.07554908204918523
5.710760878970228e-07,3.241258478796728e-05,0.0010242648137392604,0.00894274443456769,1.8542265720565647e-05,0.0007478820318014786,0.012642181228275392,-0.013408897104736845,0.0004904037012118214,0.012391347060110212,0.05977992953640182,-0.07267202662505454
7.836891913988016e-07,4.05412976549946e-05,0.0011535677522944293,0.008805096649794897,2.3980354979790114e-05,0.0008778605416039861,0.013218406482758386,-0.014120659849821764,0.0005972141506330718,0.013604354900391281,0.055465121360196934,-0.06968052239192915
1.056395755672264e-06,5.003074734318312e-05,0.0012884138444803474,0.008660483475747278,3.056095787490234e-05,0.0010200293960337175,0.013750811954425231,-0.01480197495970191,0.0007189064283893733,0.014829415985555004,0.05101597297317223,-0.06658249958410031
1.4013881082323232e-06,6.1003262645047535e-05,0.0014283585285664487,0.008509214511806668,3.8437512637109525e-05,0.0011744736643391652,0.014238124862795026,-0.015451817828420266,0.0008564045240520631,0.016059437675534506,0.04644660870078671,-0.06338607415957079
1.8324379354570813e-06,7.358166739241141e-05,0.0015729452270872412,0.008351609193556004,4.777245280784209e-05,0.00134120728513361,0.01467921484136349,-0.016069245821712447,0.001010583510094449,0.017287286483354446,0.041771387012906336,-0.060099524498865436
2.364983573081192e-06,8.788856785762069e-05,0.001721706781549534,0.008187995965529379,5.873667471698009e-05,0.0015201728079082466,0.015073096051095065,-0.016653399783612615,0.0011822608717331512,0.0185058180715729,0.037004854933408604,-0.05673126788116836
3.016211543508606e-06,0.00010404563906639825,0.001874166905990938,0.008018711440076104,7.15089193685027e-05,0.0017112414338472663,0.015418928837185713,-0.017203505307042403,0.0013721880585713705,0.01970790711623107,0.03216170228472087,-0.05328983680478902
3.8051314962344326e-06,0.00012217291300592247,0.0020298416548177483,0.007844099544704936,8.62750711766626e-05,0.0019142133540575772,0.01571602092817637,-0.017718873767191137,0.0015810423030606085,0.0208864769258311,0.027256715913410334,-0.04978385522495757
4.7526437343155465e-06,0.00014238807168725834,0.002188240900348348,0.007664510660283012,0.00010322737643956021,0.002128818382209595,0.01596382817794359,-0.0181989031171937,0.001809418749518913,0.022034528704572474,0.02230473404003369,-0.046222014775555736
5.881598540848604e-06,0.00016480574798575116,0.002348869815500686,0.007480300752465561,0.0001225635848670513,0.002354716877488969,0.01616195485252399,-0.018643078446296465,0.002057822935979308,0.023145170351302348,0.017320600876046977,-0.04261305104499727
7.216846554656035e-06,0.00018953683713662643,0.002511230357089005,0.007291830498727103,0.00014448601789443483,0.0025915009526860855,0.016310153465139844,-0.019050972301395096,0.0023266636694973955,0.024211644688121002,0.012319121647123621,-0.0389657199747285
8.785279483681142e-06,0.00021668782170607763,0.0026748227452355997,0.007099464413352615,0.00016920056791058666,0.002838695961204155,0.016408324164179044,-0.019422244773502524,0.0026162463337329666,0.025227357015492925,0.00731501816071628,-0.03528877444675729
1.0615860487771266e-05,0.0002463601127908577,0.002839146934457709,0.006903569972728302,0.0001969156329074382,0.0030957622557518582,0.01645651368024282,-0.019756643351360147,0.002926766665637342,0.0261859018940477,0.002322885052038648,-0.03159094112476754
1.2739643609385394e-05,0.00027864941012214627,0.0030037040720574146,0.006704516743246188,0.00022784099141538733,0.0033620972105058555,0.0164549138396983,-0.020054002545062507,0.003258305035952486,0.027081089056751752,-0.0026428531609429817,-0.027880897615704475
1.5189781681086533e-05,0.0003136450836626009,0.003167997939523226,0.006502675514104879,0.0002621866229248403,0.003637037497585075,0.01640385965346395,-0.020314243283199404,0.003610821265938113,0.027906968359092142,-0.007567984085926904,-0.024167250011675273
1.8001522192241904e-05,0.000351429579189411,0.003331536372745568,0.006298417437250708,0.0003001614793062339,0.003919861607776942,0.016303826991004463,-0.020537372087634828,0.003984150010340601,0.028657853679281288,-0.012438548405970307,-0.020458510875409536
2.1212190653914496e-05,0.0003920778502512797,0.003493832656954166,0.006092113176659307,0.00034197221302828475,0.0042097926045968,0.01615542985071518,-0.02072348003064536,0.004377996734069572,0.02932834568469036,-0.0172408796518862,-0.0167630777266968
2.4861161060234215e-05,0.0004356568187740148,0.0036544068924029283,0.0058841320691075,0.000387821868235659,0.004506001099950222,0.015959417239037255,-0.020872741479715903,0.004791934307405272,0.02991335338599397,-0.021961642683698768,-0.0130892120874119
2.898981310632073e-05,0.00048222486646829177,0.0038127873269568524,0.005674841298529686,0.0004379085409816442,0.004807608438905169,0.01571666967174758,-0.020985412635846943,0.005225400241791766,0.030408114404995377,-0.026587870774236466,-0.009445019138796334
3.364147588681806e-05,0.0005318313590646659,0.003968511651875203,0.005464605085991615,0.000492424015117822,0.005113690080369655,0.015428195311922573,-0.02106182987176731,0.005677694585443794,0.03080821388790187,-0.03110700119076476,-0.005838428045276706
3.8861357865008595e-05,0.0005845162052655832,0.004121128257235187,0.005253783897248039,0.0005515523805202844,0.005423279159813801,0.015095125760074202,-0.021102407876947938,0.006147978495048689,0.031109602000927293,-0.03550690917890936,-0.0022771729908491467
4.469646297000962e-05,0.0006403094521625195,0.004270197443599998,0.005042733669779305,0.0006154686404799206,0.005735370219573464,0.014718711512887934,-0.02110763761679884,0.0066352734968785415,0.03130860995100524,-0.039775940258344133,0.0012312250206690523
5.119549274841962e-05,0.0006992309187190303,0.004415292586703792,0.004831805061125864,0.0006843373152020801,0.0060489230917287065,0.014300317107870872,-0.021078084113889357,0.007138461447553362,0.03140196448004331,-0.04390294074506823,0.004679475561227525
5.840873456667024e-05,0.0007612898687680041,0.004556001252103295,0.0046213427202591575,0.0007583110484480434,0.0063628669180660485,0.013841415972029833,-0.021014384059451885,0.007656285201639307,0.03138680078742504,-0.04787728642313954,0.00806053532626691
6.638793593094477e-05,0.0008264847248143799,0.004691926256930667,0.004411684583642725,0.0008375292244068613,0.006676104291209111,0.01334358499344445,-0.020917243263834574,0.008187349990124264,0.03126067384118749,-0.051688909293937046,0.011367623797195497
7.518616506253373e-05,0.0008948028237736225,0.004822686676074277,0.004203161197548879,0.000922116601910932,0.0069875155006394185,0.012808498835277586,-0.02078743395493473,0.008730125510689864,0.031021568044874083,-0.0553283223394358,0.014594237982773345
8.485765793759964e-05,0.0009662202156119665,0.004947918790312516,0.003996095068104316,0.0010121819731022503,0.007295962867029371,0.012237924012370203,-0.020625791933977747,0.009282948727573785,0.030667905233116376,-0.05878664224204094,0.017734166208623142
9.545765207120297e-05,0.0010407015056874734,0.005067276974129932,0.00379080004044286,0.0011078168536184157,0.00760029514807202,0.011633712751113022,-0.02043321359831352,0.009844027375659321,0.030198550975413553,-0.06205561000939536,0.020781500924222124
0.0001070422073957876,0.0011181997414219265,0.005180434521154232,0.0035875807082454,0.0012090942112985106,0.007899351998818593,0.01099779665374698,-0.02021065284117844,0.010411444160359655,0.029612819173901038,-0.06512760946381274,0.0237306505027938
0.0001196680146538256,0.0011986563437631464,0.00528708440536616,0.0033867318548464857,0.0013160672403090894,0.008191968469425385,0.010332180188638612,-0.01995911783860445,0.010983161641756119,0.028910474947457444,-0.06799568355786118,0.026576350012003397
0.0001333921917926721,0.0012820010837260945,0.00538693997645138,0.0031885379269841222,0.0014287681874602103,0.008476979523164231,0.009638934028405422,-0.019679667733868245,0.01155702778846806,0.02809173580031179,-0.07065354848877675,0.02931367093523765
0.00014827206891657836,0.001368152104129756,0.005479735587883419,0.002993272542164551,0.0015472072373210403,0.008753224557568053,0.008920188258002422,-0.019373409230045994,0.01213078218369796,0.027157271080452496,-0.07309560559182321,0.03193802982921276
0.00016436496241595817,0.0014570159864759154,0.005565227156548746,0.0028011980305074342,0.0016713714625549224,0.00901955191166384,0.008178125475062912,-0.019041493101377368,0.012702062863078449,0.02610819973870506,-0.07531695099607877,0.034445195904512366
0.00018172793895711133,0.0015484878627461608,0.005643192652948508,0.002612565011829298,0.0018012238456757094,0.009274823342385254,0.007414973804889434,-0.018685110634249918,0.013268413761078963,0.024946086405577585,-0.07731338303861696,0.03683129752097755
0.0002004175700763954,0.0016424515717253917,0.005713432521235528,0.0024276120086146103,0.0019367023781811043,0.00951791845346092,0.00663299985251459,-0.01830549000868758,0.01382729273999999,0.02367293580955567,-0.07908140743635178,0.03909282759149005
0.00022048967818103234,0.0017387798592943822,0.005775770028569161,0.0022465650954148447,0.002077719242746284,0.00974773906033717,0.005834501614212096,-0.017903892631265544,0.014376080173035995,0.022291185565694295,-0.08061824022414704,0.04122664789291672
0.00024199907481407742,0.001837334621971141,0.0058300515434938464,0.0020696375851066164,0.002224160083862732,0.009963213475014592,0.00502180137072493,-0.017481609430380116,0.014912088050253618,0.020803697369790396,-0.08192180847328606,0.043229992284169155
0.00026499929209331414,0.0019379671928215002,0.005876146743268928,0.0018970297523308354,0.002375883371984612,0.010163300695057248,0.0041972385842913434,-0.017039957124776087,0.015432569574122375,0.019213746638740627,-0.08299074881343133,0.045100468836636404
0.00028954230828273343,0.00204051866870411,0.0059139487502968815,0.0017289285943260923,0.0025327198658992474,0.010346994481464753,0.0033631628212993994,-0.016580274476172538,0.015934729208804725,0.017525010642760595,-0.08382440378495742,0.04683606088407313
0.0003156782685005822,0.002144820277664364,0.005943374198013786,0.0015655076292615245,0.0026944721776705023,0.010513327310586042,0.0025219267220815624,-0.016103918536741025,0.01641573314544626,0.015741555181497315,-0.08442281605860996,0.04843512700222927
0.00034345520160951494,0.002250693785146243,0.005964363226819067,0.0014069267320674897,0.00286091444411605,0.010661374185789722,0.0016758790389746338,-0.015612260902065925,0.016872720143663304,0.013867819859238704,-0.08478672056277575,0.04989639993279074
0.0003729187343719591,0.0023579519375511544,0.00597687941083056,0.0012533320076568398,0.0030317921083727823,0.010790256295192563,0.00082735776332385,-0.01510668398006406,0.017302812707683142,0.011908602021329574,-0.08491753456738099,0.05121898446758219
0.0004041118039872266,0.0024663989415390267,0.005980909616455184,0.0011048557013257196,0.0032068218146807156,0.0108991445023819,-2.1316638398959846e-05,-0.014588577286159988,0.017703128553903484,0.009869039416537849,-0.08481734577718097,0.052402354313232286
0.0004370743701560107,0.0025758309773396436,0.005976463793964389,0.0009616161460209052,0.0033856914190761042,0.010987262657741467,-0.0008678478597601561,-0.014059333774802885,0.01807079232517423,0.007754591655375488,-0.08448889849505828,0.05344634795818823
0.0004718431278425495,0.0026860367442219004,0.00596357470345641,0.0008237177460610257,0.003568060118231655,0.011053890718709906,-0.0017099702418356473,-0.01352034621717301,0.0184029475059359,0.0055710205383122866,-0.08393557792003994,0.054351163567786825
0.0005084512219247887,0.0027967980361557256,0.005942297576773798,0.0006912509968018581,0.003753558698216188,0.011098367668055137,-0.002545455094686663,-0.012973003634660522,0.018696768490970746,0.0033243693307339686,-0.08316139265016317,0.05511735293471051
0.0005469279649382243,0.0029078903455961947,0.005912709717124007,0.0005642925396415046,0.0039417899044709255,0.011120094220038668,-0.0033721168352714927,-0.012418687797410169,0.018949472759976764,0.0010209410659724125,-0.08217095546680278,0.05574581451536034
0.0005872985591296582,0.0030190834932222236,0.005874910038322674,0.0004429052516698997,0.00413232893381587,0.011118535305167113,-0.004187818924995215,-0.01185876979691082,0.019158333109012222,-0.001332724040283527,-0.08096946247794165,0.0562377855845094
0.0006295838240427858,0.003130142281373445,0.005829018545743075,0.00032713836917898495,0.004324724048809639,0.01109322232507721,-0.0049904795909245445,-0.011294606701272133,0.019320689889741498,-0.0037298719776968983,-0.07956267070792414,0.05659483354322817
0.0006737999308582926,0.003240827168848735,0.005775175761210651,0.0002170276441652676,0.004518497314291715,0.011043755169980723,-0.00577807731556016,-0.01072753830147134,0.019433963206673628,-0.006163559041600618,-0.07795687421919903,0.05681884641693066
0.0007199581447069447,0.0033508949646585975,0.0057135420942280735,0.00011259553287553762,0.004713145455438713,0.0109698039919918,-0.006548656080955411,-0.010158883956474655,0.019495665022725976,-0.008626676556183856,-0.0761588788598512,0.05691202258240616
0.0007680645761649844,0.0034600995382614414,0.005644297162053728,1.3851415369464932e-05,0.00490814083616922,0.010871110728576988,-0.00730033035391378,-0.009589939544739882,0.019503411123375454,-0.011111976126778299,-0.07417597573182264,0.056876859764548454
0.0008181199431270054,0.00356819254376085,0.005567639061284356,-7.920815500019134e-05,0.005102932556234982,0.010747490371304754,-0.008031289799960506,-0.009021974529191377,0.019454932889777003,-0.013612095327668473,-0.07201591347752259,0.056716143345152764
0.0008701193442323974,0.003674924155497431,0.005483783593710638,-0.00016659917335778705,0.0052969476648434205,0.010598831976011398,-0.008739803714783159,-0.008456229142327765,0.0193480888319107,-0.016119583731002994,-0.06968686948700795,0.05643293402756963
0.000924052044997459,0.0037800438124347725,0.005392963449322435,-0.0002483498775578128,0.0054895924881688905,0.010425099411456931,-0.009424225162857425,-0.007893911697677385,0.019180875833183224,-0.018626929179890485,-0.06719742012784527,0.05603055490250633
0.0009799012777764507,0.00388330096871457,0.005295427349438066,-0.0003245004162129904,0.005680254067629466,0.010226331844502575,-0.010082994814016302,-0.00733619603335814,0.018951440058931963,-0.021126584210980813,-0.06455651010393013,0.05551257796134265
0.0010376440566412719,0.003984445847741078,0.005191439153019066,-0.00039510249184492697,0.005868301705334755,0.010002643960799088,-0.010714644469783732,-0.006784219093029169,0.018658087482125767,-0.023610992529716636,-0.06177342104955588,0.054882810104451535
0.001097251008231192,0.004083230197149752,0.005081276929308339,-0.00046021898055528717,0.0060530886126492775,0.00975422592093555,-0.011317800272361764,-0.00623907864904287,0.018299293980778737,-0.02607261544299102,-0.058857739466050635,0.054145278692808135
0.0011586862195812823,0.004179408042019175,0.004965231999995295,-0.000519923529661095,0.006233953657368782,0.00948134305294921,-0.01189118559024688,-0.005701831172118689,0.017873714963122227,-0.028503958154276844,-0.055819324110972485,0.053304216692028034
0.0012219071038909897,0.004272736433699118,0.004843607954166342,-0.000574300134778521,0.006410223204572695,0.009184335283039385,-0.012433623575543788,-0.0051734898513665275,0.017380194477660434,-0.03089759582768816,-0.05266827294840923,0.052364047458404256
0.0012868642851428475,0.004362976191650629,0.004716719639342951,-0.0006234426978753038,0.006581213045798854,0.008863616307262685,-0.012944039389134371,-0.004655022767990013,0.01681777376757137,-0.033246199327651695,-0.049414889769707454,0.05132936921689871
0.0013535015024257835,0.004449892635726443,0.004584892131942517,-0.0006674545678427442,0.006746230410788354,0.00851967250790023,-0.01342146209095249,-0.0041473512254980825,0.016185699230328483,-0.03554256054483953,-0.04606965059391652,0.050204939281487254
0.0014217555347580597,0.004533256306361364,0.004448459690519232,-0.0007064480651639855,0.006904576055666884,0.00815306161908384,-0.013865026193704461,-0.0036513482387501637,0.015483429745377579,-0.037779617218438456,-0.04264316995647746,0.0489956580680965
0.0014915561471417465,0.0046128436701925145,0.004307764695153442,-0.0007405439922760261,0.007055546421070476,0.007764411147146333,-0.014273972879453542,-0.003167837183657959,0.014710643335340619,-0.03995047716906277,-0.039146167193338716,0.04770655295034451
0.0015628260585140326,0.004688437808688312,0.0041631565763583945,-0.0007698711312386396,0.007198435853386749,0.007354416552013128,-0.014647650879555987,-0.0026975906088647517,0.013867243127914035,-0.04204844185757826,-0.03558943282715013,0.04634276200829693
0.001635480932190816,0.004759829087432232,0.0040149907368631586,-0.0007945657303340882,0.007332538881969928,0.006923839196770863,-0.014985517019491197,-0.0022413292102249718,0.012953362588721769,-0.04406702919087482,-0.03198379515989189,0.04490951771965909
0.0017094293893251638,0.004826815803782804,0.0038636274696098793,-0.0008147709812272795,0.007457152544899642,0.006473504073343617,-0.015287136431164652,-0.0017997209684132744,0.011969369997220917,-0.04599999549457432,-0.028340087174799106,0.043412130642680374
0.0017845730458276167,0.004889204810714378,0.003709430875272676,-0.0008306364883168653,0.007571578755590923,0.00600429731297113,-0.015552182436276,-0.001373380449503889,0.010915872141035239,-0.047841356579923076,-0.024669113847470253,0.04185597313919673
0.0018608065731172156,0.004946812114733741,0.003552767782564615,-0.0008423177319037912,0.007675126702328857,0.00551716349090146,-0.015780436105336176,-0.0009628682678813013,0.009793717206551582,-0.049585407834010865,-0.020981619964565074,0.0402464631853208
0.0019380177829918276,0.004999463445865258,0.0033940066745485123,-0.0008499755267950573,0.007767115272593552,0.005013102735401958,-0.015971785497884403,-0.0005686907103719162,0.008603996846387192,-0.05122674326588963,-0.017288258545080065,0.03858904831655621
0.0020160877368241123,0.005046994797801462,0.0032335166241071554,-0.0008537754779470387,0.007846875493863387,0.004493167651838862,-0.016126224590386984,-0.00019129952002435656,0.0073480474075799315,-0.05276027344672971,-0.013599559955436075,0.036889189752955714
0.0020948908792056166,0.005089252936426541,0.003071666241659206,-0.0008538874347347455,0.007913752982437468,0.003958460073176974,-0.016243851899202907,0.0001689081624829962,0.006027450307236011,-0.05418124228564793,-0.0099259018077483,0.035152346748514834
0.0021742951960763016,0.005126095875036499,0.002908822638128855,-0.0008504849454109997,0.007967110391699535,0.0034101276488145435,-0.01632486880686727,0.0005115897022661654,0.004644031545177389,-0.05548524258683805,-0.0062774797251245185,0.03338396120811901
0.0022541623972905933,0.00515739331470148,0.0027453504060906556,-0.0008437447132928029,0.008006329851158808,0.002849360284181672,-0.016369577600772615,0.000836456721373199,0.003199860346677026,-0.056668230339736246,-0.002664279055944657,0.03158944261328772
0.0023343481234841226,0.005183027048342391,0.0025816106219161954,-0.000833846056181308,0.00803081538754706,0.002277386444000482,-0.016378379234119417,0.0011432747009257655,0.0016972469309734436,-0.0577265376965018,0.0009039523865846666,0.029774153297225547
0.002414702177018003,0.005202891327225003,0.00241795987164684,-0.000820970370486947,0.008039995319229016,0.0016954693325219104,-0.016351770819751643,0.0014318624379464496,0.00013873940541759416,-0.0586568845992125,0.004417730486969834,0.027943394106911268
0.0024950687766900985,0.005216893188709725,0.0022547493032070848,-0.0008053006014925669,0.008033324615190086,0.001104902964422603,-0.016290342868199425,0.001702091360929562,-0.001472880213203416,-0.05945638902064896,0.007867859823473683,0.02610239048971119
0.0025752868358155734,0.0052249527442336805,0.002092323707456551,-0.0007870207211450686,0.008010287209904888,0.0005070081403684624,-0.01619477628190735,0.001953884708570098,-0.003134600843836148,-0.06012257579017918,0.011245457434941347,0.024256279038396
0.002655190263192407,0.005227003426643102,0.001931020630455819,-0.0007663152147202052,0.007970398265461845,-9.687165848416758e-05,-0.016065839118239045,0.0021872165764025824,-0.004843188044772413,-0.060653383980346816,0.01454197529871934,0.022410094528100943
0.002734608286381829,0.005222992196137846,0.0017711695191925624,-0.0007433685776560825,0.007913206372422574,-0.0007053744425670965,-0.015904383134412267,0.0024021108364219645,-0.006595190563081603,-0.06104717283623897,0.017749221466636517,0.020568757475775468
0.0028133657966490874,0.005212879704235464,0.0016130909028803573,-0.0007183648237986929,0.007838295681029062,-0.0013171239379091628,-0.015711340128028755,0.0025986399350559565,-0.008386947715620936,-0.06130272623217429,0.020859379810065665,0.018737062251022896
0.002891283714826924,0.005196640415309333,0.0014570956118035755,-0.0006914870062477354,0.007745287954538247,-0.001930733847317165,-0.015487718087327594,0.002776923575135546,-0.010214597582542,-0.06141925564942615,0.0238650283301666,0.01691966576489501
0.0029681793772829076,0.0051742626854031715,0.0013034840355384348,-0.0006629167519332239,0.0076338445366585005,-0.002544812133915073,-0.015234597165700556,0.002937127287766757,-0.012074085993407264,-0.06139640167015551,0.026759155995240785,0.015121076761347108
0.0030438669410926367,0.005145748798172477,0.0011525454222331055,-0.0006328338109931886,0.007503668225287299,-0.0031579653122237802,-0.014953125495365293,0.003079460900240297,-0.013961176280833092,-0.06123423399158597,0.029535178071811746,0.013345645733360834
0.0031181578074441166,0.00511111495795129,0.001004557220479288,-0.0006014156219603526,0.0073545050450087015,-0.0037688027320136107,-0.014644514855398225,0.0032041769063269037,-0.015871459774886416,-0.06093324996638009,0.032186949921601954,0.011597555483960575
0.0031908610622246023,0.005070391240089933,0.0008597844651543932,-0.0005688368937012397,0.007186145911088438,-0.004375940840257886,-0.014310036209580712,0.003311568745495667,-0.017800367009166367,-0.06049437168247492,0.03470877924190066,0.0098808123497921
0.00326178393267012,0.005023621498855282,0.0007184792084579379,-0.0005352692049849741,0.006998428178015059,-0.004978007406672189,-0.013951015129710349,0.0034019689977574587,-0.01974317960550926,-0.059918941600385724,0.037095436732171944,0.008199238102566286
0.0033307322588900794,0.004970863233329304,0.0005808799972085116,-0.0005008806224912927,0.0067912370659768545,-0.005573645698523566,-0.013568827120174917,0.003475747500978828,-0.021695042802131796,-0.059208716769889445,0.03934216517491432,0.006556462541707497
0.003397510979015079,0.004912187411883465,0.00044721139730924175,-0.000465835337998243,0.006564506959023054,-0.006161518590644163,-0.013164892859679046,0.003533309397631103,-0.023650978588628364,-0.05836586165423011,0.041444686924259816,0.004955916788747516
0.0034619246266554098,0.004847678255945807,0.00031768356613058184,-0.0004302933254199137,0.006318222569043111,-0.006740312596887369,-0.012740673376052938,0.0035750931180347527,-0.02560589940736018,-0.05739293959441113,0.0433992098009616,0.0034008272919824334
0.0035237778393011733,0.004777432983913349,0.0001924918734000174,-0.0003944100182935764,0.006052419960109604,-0.007308741809604275,-0.012297665170059948,0.003601568307232715,-0.027554622379341316,-0.05629290294896997,0.04520243139763633,0.0018942105476099647
0.0035828758762425227,0.004701561516194756,7.181657102943603e-05,-0.0003583360082440328,0.005767187428160262,-0.007865551734114315,-0.011837395304056326,0.0036132337026760024,-0.029491884010527096,-0.05506908195303802,0.046851541803088065,0.0004388685410475768
0.0036390251445405377,0.004620186142496283,-4.4177487847054956e-05,-0.0003222167648809954,0.00546266623144274,-0.008409523005580297,-0.011361416471241871,0.0036106149699314753,-0.03141235533297732,-0.05372517234015831,0.048344224759802795,-0.0009626150899529895
0.003692033731535824,0.0045334411525875555,-0.00015534108050864562,-0.00028619237751320776,0.005139051167614533,-0.008939474976165224,-0.01087130206107626,0.0035942625036260536,-0.033310657432663975,-0.05226522177682721,0.049678657273319576,-0.0023078781711313168
0.0037417119423432785,0.004441472431902365,-0.0002615407969951473,-0.00025039731899095813,0.004796590993876354,-0.009454269160872929,-0.010368641236224071,0.003564749200823874,-0.03518137731497168,-0.05069361516471386,0.05085350769711802,-0.0035947823893046627
0.0037878728407477473,0.00434443702344285,-0.00036265917335693,-0.00021496023191687531,0.004435588687017411,-0.009952812531030069,-0.009855034036132465,0.0035226682139926882,-0.037019084056817135,-0.04901505886671428,0.05186793232120315,-0.004821414976932448
0.0038303327918866583,0.004242502657562964,-0.0004585947761477971,-0.00018000373739363964,0.004056401540764794,-0.010434060644947127,-0.009332086522040964,0.0034686306906544454,-0.038818345193706146,-0.04723456391669748,0.052721570497097,-0.005986089690716123
0.003868912005082234,0.0041358472513086065,-0.0005492622386473766,-0.00014564426640670204,0.003659441098350353,-0.01089702060592431,-0.008801405977874932,0.0034032635067330745,-0.04057374328918211,-0.045357428278739086,0.053414538336109235,-0.007087347093558072
0.0039034350751677212,0.0040246583790868725,-0.0006345922494421714,-0.00011199191387048815,0.003245172918747082,-0.011340753838422488,-0.008264596181084017,0.0033272070005097034,-0.04227989263147209,-0.04338921822089651,0.05394742102207392,-0.008123954151116108
0.00393373152063931,0.003909132716525278,-0.0007145314941328728,-7.915031529807164e-05,0.0028141161755706,-0.011764378673896339,-0.007723252757056267,0.0032411127139735985,-0.04393145600382436,-0.041335748873873555,0.05432126378347593,-0.009094903156104839
0.003959636316958089,0.003789475459463302,-0.0007890425510695057,-4.721654598712441e-05,0.0023668430881852694,-0.012167072738498926,-0.007178958630270314,0.0031456411482158474,-0.04552316147324171,-0.03920306404664379,0.05453756157371478,-0.009999409995445352
0.00398099042332456,0.0036658997200928424,-0.0008581037421450734,-1.6281042549277255e-05,0.0019039781851088618,-0.012548075135593018,-0.006633279584843231,0.0030414595393535838,-0.04704981914203981,-0.03699741537217468,0.054598247511701864,-0.010836911777007407
0.003997641301251944,0.0035386259023311006,-0.0009217089398022553,1.3572453453970036e-05,0.0014261974003680247,-0.012906688416755343,-0.00608775994659314,0.002929239661295875,-0.048506337806127627,-0.03472524086029042,0.05450568013831644,-0.011607063834534359
0.004009443423273829,0.0034078810585686753,-0.0009798673315260437,4.2266930067794256e-05,0.0009342270040089306,-0.013242280335729717,-0.005543918398164559,0.0028096556614689693,-0.049887741465691186,-0.03239314293458436,0.054262629547399716,-0.012309736130846738
0.004016258770136469,0.003273898229987199,-0.0010326031432076957,6.973211805218798e-05,0.0004288423685191625,-0.013554285380565556,-0.00500324393816583,0.0026833819354097756,-0.05118918563226244,-0.030007866032583465,0.05387226245234608,-0.012945009080992054
0.0040179573148464345,0.0031369157726844977,-0.0010799553228717288,9.590448295879985e-05,-8.913342652613616e-05,-0.013842206079974693,-0.004467191994640784,0.002551091045912598,-0.052405973376797275,-0.027576273849243847,0.053338126252663015,-0.013513168818443444
0.004014417491970092,0.0029971766718809205,-0.0011219771863576558,0.00012072719664924603,-0.0006188311487422716,-0.014105614080740733,-0.003937180702544619,0.002413451692176638,-0.0535335710664298,-0.025105326303963928,0.05266413216657004,-0.01401470192874854
0.004005526650612653,0.0028549278465080947,-0.0011587360266414898,0.00014415008878088575,-0.0011593371227456406,-0.014344150993824438,-0.0034145873542221934,0.0022711267341513075,-0.05456762373424399,-0.022602056312776973,0.05185453749791505,-0.014450289676317563
0.003991181489541043,0.0027104194465008514,-0.0011903126885685717,0.00016612957883671328,-0.0017096950915763296,-0.014557529007624212,-0.002900745031194186,0.0021247712770141986,-0.055503970031893855,-0.020073546447177883,0.05091392710768647,-0.014820801751104229
0.003971288472956678,0.002563904145124427,-0.0012168011108487694,0.00018662858932400145,-0.002268908225296661,-0.014745531267660691,-0.002396939424845344,0.0019750308204434354,-0.056338656712172454,-0.01752690556011801,0.04984719416208186,-0.01512728956304843
0.003945764225471096,0.0024156364286722944,-0.0012383078372374303,0.00020561644081153521,-0.002835941271819786,-0.014908012022765812,-0.0019044058528868435,0.0018225394770633166,-0.05706795259245253,-0.014969245460906201,0.04865952022961825,-0.015370979112975358
0.003914535904889298,0.00226587188586515,-0.0012549514988905114,0.00022306872951760525,-0.003409722844539724,-0.015044896538663078,-0.001424326477729369,0.0016679182641506898,-0.05768836195153507,-0.012407657718547092,0.04735635480187664,-0.015553263469549994
0.0038775415514623306,0.0021148664992687288,-0.0012668622699399455,0.00023896718820030994,-0.003989147840853803,-0.015156180780621158,-0.0009578277321574531,0.001511773472390249,-0.05819663731128085,-0.009849190673069032,0.04594339431250652,-0.01567569488253817
0.003834730412331994,0.0019628759410273704,-0.0012741812983854644,0.0002532995311380674,-0.0045730799852135625,-0.015241930867650515,-0.0005059779569463334,0.0013546951151612444,-0.058589791560670935,-0.007300826732802378,0.04442656072971743,-0.01573997656326276
0.0037860632399563977,0.0018101548751817003,-0.0012770601144417343,0.00026605928402150854,-0.0051603544899056514,-0.015302282301483493,-6.978525430763923e-05,0.0011972554615269813,-0.05886510937774688,-0.00476946003379345,0.0428119797980214,-0.015747954163589872
0.0037315125633751505,0.0016569562688025967,-0.0012756600185147376,0.00027724559960805734,-0.005749780826343786,-0.01533743897433723,0.0003498044397069873,0.0010400076557827802,-0.05902015790988006,-0.00226187453695411,0.04110595900490391,-0.01570160698525036
0.0036710629312471143,0.0015035307141299363,-0.0012701514510088604,0.0002868630600174684,-0.0063401455992634715,-0.015347671960194858,0.0007519090614684391,0.000883484426099435,-0.059052796674056905,0.0002152773654285553,0.03931496534738646,-0.01560303895141868
0.003604711125671609,0.0013501257638536765,-0.001260713346186147,0.00029492146657035447,-0.006930215515837581,-0.015333318095057103,0.0011357119030742631,0.0007281968844777754,-0.05896118664076503,0.002655495662122455,0.03744560297377833,-0.015454469372913227
0.003532466345885492,0.0011969852816168377,-0.001247532472311702,0.0003014356180922827,-0.0075187404413858475,-0.015294778352310646,0.0015004628718147004,0.0005746334199078743,-0.058743798468888185,0.005052452887169011,0.03550459077430915,-0.015258223541066984
0.0034543503610133816,0.0010443488097551593,-0.0012308027603243471,0.00030642507862334376,-0.008104456533036195,-0.015232516020025047,0.0018454795256562942,0.0004232586863043343,-0.05839941986118139,0.0074000135699507155,0.033498739994009624,-0.015016723179641006
0.0033703976311362086,0.0008924509562168795,-0.0012107246232694474,0.0003099139354871998,-0.008686089442398405,-0.01514705468763091,0.0021701478853236545,0.0002745126864668705,-0.05792716201126077,0.009692252908876618,0.03143493193946248,-0.01473247678785175
0.003280655396033971,0.0007415208025285207,-0.0011875042687214702,0.0003119305486845162,-0.009262357578049085,-0.015038976050040847,0.002473923024271774,0.00012880995299641192,-0.057326465118875104,0.011923474609136044,0.02932009585016146,-0.014408069906239968
0.0031851837310517485,0.0005917813345890563,-0.0011613530064074275,0.00031250729258340017,-0.00983197541839545,-0.01490891753785203,0.002756329438536776,-1.3461173219618078e-05,-0.05659710295039807,0.014088227828627474,0.0271611870028389,-0.01404615533696603
0.003084055569633388,0.00044344889798573415,-0.0011324865532190852,0.0003116802908840402,-0.01039365686527669,-0.014757569782812403,0.0030169611991316897,-0.00015193916665237316,-0.055739186425849775,0.016181323179297692,0.024965165116143856,-0.013649443349584987
0.002977356692164555,0.0002967326794304649,-0.0011011243377718608,0.00030948914583620745,-0.0109461186284899,-0.014585673928241446,0.0032554818903131806,-0.0002862898429141789,-0.054753166216792236,0.018197847734893934,0.0227389731201543,-0.013220691902776156
0.0028651856808656825,0.0001518342158164201,-0.0010674888066318892,0.0003059766626866958,-0.01148808363128456,-0.014394018794567523,0.003471624337681138,-0.0004162067869881544,-0.05363983434213974,0.020133178999890568,0.02048951635343718,-0.012762696912018947
0.0027476538405754617,8.946932290699893e-06,-0.0010318047342900449,0.000301188570329204,-0.012018284426759599,-0.014183437910576517,0.00366519013068773,-0.0005414116845102072,-0.05240032475286779,0.021982997798310443,0.01822364224788134,-0.012278282592391613
0.0026248850853665727,-0.000131744289368982,-0.0009942985389129997,0.00029517323912166916,-0.012535466615018205,-0.013954806421359864,0.0038360489447212976,-0.0006616545569967561,-0.051036112898853604,0.023743300045020156,0.015948120558832185,-0.01177029190491818
0.0024970157910370362,-0.0002700635108972952,-0.0009551976058469323,0.0002879813968257272,-0.013038392250889097,-0.013709037884302774,0.003984137668492197,-0.0007767139021916356,-0.04954901427532484,0.025410407366397735,0.013669624195347702,-0.011241577134057715
0.002364194613622535,-0.00040584410514263026,-0.0009147296207895634,0.0002796658436098843,-0.01352584323201111,-0.01344708096476424,0.004109459342981578,-0.0008863967409769508,-0.04794118194907774,0.026980976541308856,0.011394710702528593,-0.010694990623005326
0.002226582274177006,-0.000538929090183297,-0.0008731219144810628,0.0002702811670422292,-0.013996624657094697,-0.013169916043369102,0.00421208191871853,-0.0009905385725540628,-0.04621510306763995,0.028452007737718908,0.009129804444861916,-0.010133375692417072
0.002084351310170383,-0.0006691714291354301,-0.0008306008206943487,0.00025988345798019997,-0.014449568144229884,-0.012878551747057522,0.0042921368386243065,-0.0010890032398517854,-0.044373594359397396,0.02982085152459716,0.006881179536293386,-0.009559557767127465
0.0019376857939532733,-0.0007964342949518129,-0.0007873910492307086,0.00024853002824414434,-0.01488353509919209,-0.012574021416219045,0.0043498174541037014,-0.0011816827073593405,-0.042419796633043814,0.03108521464309829,0.00465494355958565,-0.00897633573438356
0.0017867810188382442,-0.0009205912996347896,-0.0007437150755478266,0.00023627913093829657,-0.01529741992381373,-0.012257379520376298,0.0043853772824727,-0.0012684967538102118,-0.04035716829128414,0.032243164525450986,0.0024570221142140303,-0.008386473555790693
0.0016318431534459634,-0.0010415266874115557,-0.0006997925485645363,0.0002231896842574476,-0.01569015315464243,-0.011929698034976913,0.004399128114185358,-0.0013493925823595833,-0.03818947787445567,0.03329313255442597,0.00029314422831752673,-0.007792692154083628
0.0014730888650613396,-0.0011591354915459502,-0.0006558397181002907,0.00020932099959013807,-0.01606070452228233,-0.011592062791901975,0.004391437978663771,-0.0014243443511023214,-0.035920795653524275,0.03423391606056173,-0.0018311713326348011,-0.007197661594463996
0.001310744912839785,-0.001273323654586979,-0.0006120688833177755,0.00019473251469977895,-0.01640808592202858,-0.011245569816303808,0.004362728977839266,-0.0014933526269695037,-0.033555484295726044,0.0350646790590717,-0.0039106288322662,-0.006603993578972459
0.0011450477117964065,-0.001384008111980245,-0.000568687863444667,0.00017948353273383375,-0.016731354286647133,-0.01089132166234936,0.004313474996782429,-0.0015564437662195364,-0.031098188627984337,0.035784951731817984,-0.005940167379101219,-0.006014234271034088
0.0009762428686010646,-0.0014911168390938014,-0.0005258994919555922,0.0001636329677782162,-0.017029614352421257,-0.010530423760361939,0.004244199301032539,-0.0016136692249039753,-0.028553824526840264,0.03639462866566608,-0.007914971770876716,-0.005430857465853704
0.0008045846902895281,-0.0015945888618342642,-0.0004839011352982597,0.00014723909763950362,-0.01730202130988603,-0.010163980787730616,0.004155472030433957,-0.001665104802838538,-0.025927566966114236,0.03689396586059838,-0.00983048234883968,-0.004856258121058828
0.0006303356670850983,-0.0016943742311518698,-0.0004428842371488508,0.0001303593245015804,-0.017547783330999937,-0.009793093075790505,0.004047907599447824,-0.001710849824746108,-0.02322483725666665,0.03728357652742383,-0.011682403848387007,-0.004292746260455175
0.0004537659306058223,-0.0017904339618541652,-0.0004030338890814579,0.00011304994406604849,-0.017766163964855263,-0.009418853064668583,0.003922162014030758,-0.0017510262623602736,-0.020451289514398598,0.03756442569696065,-0.013466713235026045,-0.0037425412623779374
0.00027515268880950685,-0.001882739936266722,-0.00036452842843499926,9.536592374731976e-05,-0.017956484394407824,-0.00904234181784276,0.003778930115260966,-0.001785777801385472,-0.017612796396113316,0.03773782366820407,-0.015179666518932405,-0.003207766542661753
9.47796391019157e-05,-0.0019712747733953073,-0.0003275390640589755,7.736069045387808e-05,-0.018118125547110408,-0.008664625607874309,0.003618942759943791,-0.0018152688573028642,-0.014715434144403718,0.03780541832548604,-0.016817804544502574,-0.002690444640816688
-8.706363889743233e-05,-0.0020560316643569343,-0.00029222953051702806,5.908592844691638e-05,-0.0182505300527592,-0.008286752584451097,0.0034429639484456903,-0.001839683544089475,-0.011765466985354932,0.03776918635915635,-0.018377957755117608,-0.00219249271650546
-0.0002700823093727791,-0.0021370141749567704,-0.0002587557712248659,4.059138772655844e-05,-0.01835320404231016,-0.007909749535516127,0.003251787909986738,-0.0018592245999821135,-0.008769330924836817,0.037631423427837575,-0.019857249936672844,-0.0017157184620222275
-0.0004539769234937787,-0.002214236016393653,-0.00022726565089708578,2.1924703354311627e-05,-0.01842571878188976,-0.007534618751860383,0.0030462361555692904,-0.0018741122744672487,-0.005733616991082512,0.03739473330331119,-0.021253100946816733,-0.0012618164350047846
-0.0006384440780867779,-0.0022877207851786114,-0.00019789869757606978,3.1312260784088227e-06,-0.01846771213671007,-0.007162335005131298,0.0028271545086339107,-0.0018845831807133122,-0.0026650539729801484,0.03706201604250584,-0.02256322844025918,-0.0008323648142078942
-0.0008231770880708332,-0.002357501673448004,-0.00017078587441582752,-1.57461354135732e-05,-0.018478889860100996,-0.0067938426487472395,0.002595410123414542,-0.0018908891176830926,0.00042950929479516203,0.036636455234305774,-0.023785648603614623,-0.00042882257974819274
-0.00100786667088829,-0.0024236211509453234,-0.0001460493812946854,-3.4667060332844635e-05,-0.018459026703390377,-0.006430052850716635,0.0023518885008138816,-0.0018932958661711946,0.003543122047328394,0.036121504371815195,-0.024918675916517447,-5.2527117872177426e-05
-0.0011922016411197156,-0.002486130620033127,-0.00012380248623342533,-5.359394947872678e-05,-0.018407967342894734,-0.006071840966844049,0.0020974905114381328,-0.001892081963005235,0.006668750051800489,0.03552087240270193,-0.025960921958632283,0.00029530775106411875
-0.001375869613438322,-0.002545090045178652,-0.00010414938650013944,-7.249204658190177e-05,-0.018325627120826565,-0.005720044062260961,0.0018331294352190448,-0.0018875374576297628,0.009799294361833764,0.03483850851391571,-0.026911293285185295,0.0006135933240303294
-0.001558557712029846,-0.002600567558433211,-8.718509918998809e-05,-9.132954714634661e-05,-0.018211992597478216,-0.005375458588650848,0.0015597280268112247,-0.0018799626552592058,0.012927610307835659,0.03407858620810685,-0.02776898839637873,0.0009013671500810415
-0.0017399532845802583,-0.0026526390424962145,-7.299538097750259e-05,-0.00011007769467634677,-0.018067121912604234,-0.0050388382239498625,0.0012782156156858765,-0.0018696668507408255,0.016046526666961013,0.0332454867320903,-0.028533493828690887,0.0011577937535950412
-0.0019197446189157467,-0.0027013876930194404,-6.165667665132561e-05,-0.00012871086421610667,-0.017891144954493454,-0.004710891880695326,0.0009895252495495188,-0.0018569670572111548,0.01914886495519489,0.032343781918817115,-0.02920457939858065,0.001382164952339112
-0.0020976216603671907,-0.0027469035618657546,-5.323609595658136e-05,-0.0001472066331699629,-0.017684263335795338,-0.004392281888567517,0.0006945908893993306,-0.0018421867335600907,0.0222274587844283,0.031378216506744584,-0.029782292631457014,0.001573899777873703
-0.0022732767279248717,-0.002789283083088742,-4.7791418188649085e-05,-0.00016554583941094376,-0.017446750175740874,-0.004083622356029974,0.0003943446641871246,-0.0018256545146360821,0.02527517322646481,0.03035369000076401,-0.030266952410984177,0.0017325440069280128
-0.0024464052272484644,-0.002828628583445498,-4.5371123904197554e-05,-0.00018371262672429675,-0.01717894968897767,-0.00378547771532125,8.97141927031815e-05,-0.0018077029480345144,0.028284924126175857,0.0292752381409808,-0.030659141885804445,0.0018577693133855523
-0.0026167063586024263,-0.0028650477792940324,-4.6014453041127776e-05,-0.0002016944776705179,-0.016881276581814705,-0.0034983614543855927,-0.00021838002008922586,-0.0017886672412097157,0.031249697306416836,0.028148014046150603,-0.030959700672677025,0.0019493720515741907
-0.0027838838177977297,-0.002898653261759255,-4.975148866875425e-05,-0.0002194822339892637,-0.016554215257245982,-0.0032227350386589354,-0.000529027105436069,-0.0017688840225394472,0.034162567607327686,0.02697726909918089,-0.031169716396691617,0.002007271682479498
-0.00294764648823743,-0.0029295619720773056,-5.660326552330179e-05,-0.00023707010470121182,-0.01619831883069408,-0.002959007024951172,-0.0008413282654734391,-0.0017486901198501738,0.03701671770305285,0.02576833364237182,-0.03129051561078241,0.0020315088553751713
-0.003107709122185783,-0.002957894669046982,-6.658190242175851e-05,-0.000254455662099375,-0.015814207958976503,-0.0027075323689840784,-0.0011543991142179053,-0.0017284213597824635,0.03980545664046272,0.024526597551046837,-0.031323654138110814,0.0020222431581669066
-0.0032637930094084424,-0.002983775390529219,-7.969075758944195e-05,-0.00027163982585447975,-0.015402569485555396,-0.002468611927463334,-0.001467371919318782,-0.001708411391238486,0.0425222380437588,0.023257490753102093,-0.03127090688206454,0.001979750550628597
-0.0034156266313646023,-0.003007330910940962,-9.592460588342222e-05,-0.00028862683549071876,-0.014964154905676572,-0.00224249215488526,-0.0017793977394772722,-0.0016889905360093157,0.04516067793200581,0.02196646376251269,-0.031134257149633505,0.0019044204952054535
-0.003562946299170676,-0.003028690196688407,-0.00011526983684530443,-0.0003054242115184095,-0.014499778655538191,-0.0020293649946037623,-0.00208964845289917,-0.001670484669528832,0.04771457209567035,0.02065896829378685,-0.030915885534746078,0.0017967528008913068
-0.003705496773599128,-0.0030479838614764837,-0.00013770467247288418,-0.0003220427055387721,-0.014010316230152167,-0.001829367963011572,-0.0023973186726167785,-0.0016532141345436838,0.05017791298153459,0.019340438024651165,-0.03061815840877561,0.001657354196138331
-0.0038430318654252213,-0.0030653436234167083,-0.00016319940356091948,-0.0003384962396631216,-0.013496702135066518,-0.0016425844250333608,-0.0027016275449902837,-0.0016374926903262163,0.052544906035595064,0.018016269570991082,-0.03024361606592537,0.0014869346473551613
-0.003975315014488606,-0.0030809017658342593,-0.00019171664342675679,-0.0003548018356142048,-0.012959927677610367,-0.001469044058476838,-0.0030018204281771765,-0.0016236264998904296,0.054809985455635056,0.01669180374031346,-0.02979496057145318,0.0012863034398021868
-0.004102119845895636,-0.003094790603647393,-0.0002232115978068359,-0.0003709795339011551,-0.012401038603795708,-0.0013087235041498889,-0.0032971704478386454,-0.0016119131574996346,0.05696782930729675,0.015372307125076388,-0.0292750433608406,0.0010563650383568178
-0.004223230701851919,-0.0031071419571583156,-0.0002576323496851917,-0.0003870523034815513,-0.011821132587460911,-0.0011615471980346407,-0.0035869799278325162,-0.0016026407585795974,0.05901337395966263,0.014062954097973236,-0.028686852637933614,0.0007981147456506167
-0.004338443147682608,-0.003118086635054495,-0.00029492015779496086,-0.0004030459423443196,-0.01122135657867692,-0.001027388381201247,-0.003870581694121313,-0.0015960870139740638,0.06094182779713534,0.012768809268705515,-0.028033500619825756,0.0005126341754561024
-0.0044475644506702374,-0.0031277539283733023,-0.00033500976751856795,-0.00041898896946568885,-0.010602904018848905,-0.0009060702825602075,-0.004147340250600106,-0.0015925184102997879,0.06274868416846777,0.011494810459502382,-0.02731821067593291,0.00020108655939910305
-0.004550414030416141,-0.0031362711171310453,-0.00037782973290166936,-0.00043491250860707564,-0.009967011930331804,-0.0007973674689883784,-0.004416652826020175,-0.0015921894179775718,0.06442973353495232,0.010245752254863426,-0.02654430440808083,-0.00013528809495589114
-0.004646823879511516,-0.0031437629912600944,-0.0004233027484900144,-0.00045085016443863386,-0.00931495788874323,-0.000701007356821459,-0.004677950291648835,-0.001595341748334072,0.06598107478276258,0.009026270178520458,-0.02571518871765103,-0.0004951779763441265
-0.004736638953387703,-0.003150351387435149,-0.00047134598969707345,-0.00046683789148524105,-0.008648056886494062,-0.0006166718781894704,-0.004930697949762974,-0.0016022036609873646,0.06739912566707132,0.00784082554787726,-0.024834342905176908,-0.000877204554314396
-0.004819717528302031,-0.003156154743301997,-0.0005218714604134939,-0.0004829138564029188,-0.00796765809637159,-0.0005439992951801523,-0.005174396193521122,-0.0016129893225481882,0.06868063235742303,0.006693691053986352,-0.023905305846452708,-0.0012799277578503486
-0.004895931526505357,-0.003161287670549663,-0.0005747863465770753,-0.0004991182941031011,-0.007275141544293584,-0.00048258615435303607,-0.005408581039195151,-0.0016278982174882772,0.06982267805817824,0.005588937111436897,-0.02293166328835291,-0.0017018512301674206
-0.004965166807729849,-0.003165860548189887,-0.0006299933744338863,-0.000515493358249786,-0.006571914700604901,-0.00043198937369175324,-0.005632824532167045,-0.0016471146118486873,0.07082269067955824,0.004530419020819666,-0.02191703530602588,-0.0021414276419146026
-0.005027323426230466,-0.003169979137326742,-0.0006873911722372541,-0.0005320829666604537,-0.005859408999518476,-0.00039172845367919793,-0.005846735028506515,-0.0016708070702848687,0.07167844953772687,0.0035217649816913985,-0.020865063961868345,-0.0025970640453216766
-0.0050823158527105745,-0.00317374421861417,-0.0007468746341514921,-0.0005489326421457342,-0.005139076296503204,-0.000361287803806476,-0.0060499573543410885,-0.0016991280267712183,0.07238809106532748,0.002566364992852989,-0.019779401205046322,-0.0030671272519482394
-0.005130073160560997,-0.0031772512535106373,-0.0008083352851512461,-0.0005660893493251799,-0.004412385273581383,-0.0003401191754869325,-0.006242172845609721,-0.0017322134091179208,0.07295011351903682,0.0016673606710557107,-0.01866369704868017,-0.003549949217392271
-0.005170539175942119,-0.0031805900703482863,-0.0008716616457350631,-0.0005836013279572001,-0.003680817802643019,-0.00032764419204287453,-0.006423099271153673,-0.0017701823172861307,0.07336338066863587,0.0008276360177558797,-0.017521588060110317,-0.004043832416249723
-0.005203672591340275,-0.003183844576139282,-0.0009367395953030447,-0.0006015179233202579,-0.0029458652769880607,-0.0003232569661562726,-0.0065924906424426515,-0.0018131367553254239,0.07362712446235578,4.980915956450532e-05,-0.016356686197685343,-0.004547055191608921
-0.005229447042332117,-0.003187092494944768,-0.001003452733083056,-0.0006198894141798842,-0.0022090249213803535,-0.00032632679494096347,-0.006750136913559608,-0.0018611614165998296,0.07374094665918571,-0.0006637749165026782,-0.015172568025705803,-0.005057877063272206
-0.005247851147393757,-0.003190405133532437,-0.0010716827355277173,-0.000638766838871963,-0.0014717960909477372,-0.00033620092259282894,-0.006895863575372652,-0.0019143235218159415,0.07370481942733756,-0.001311050613870414,-0.013972764336902942,-0.005574543979950167
-0.0052588885106948265,-0.0031938471749474273,-0.0011413097091451216,-0.0006582018200271437,-0.0007356765692660857,-0.0003522073604051969,-0.007029531148108208,-0.001972672709220194,0.07351908490899275,-0.0018902369486031786,-0.012760750210208317,-0.006095293500900319
-0.005262577687920944,-0.003197476500518515,-0.0012122125377696698,-0.0006782463884542009,-2.1588759574660017e-06,-0.00037365775381233704,-0.0071510345768014275,-0.002036240976191236,0.07318445375273117,-0.002399841732824849,-0.01153993552843554,-0.00661835989330806
-0.005258952115271105,-0.003201344040717726,-0.0012842692233253888,-0.0006989528066917483,0.0007272734059252985,-0.00039985028602989583,-0.007260302534342371,-0.0021050426713182563,0.07270200262382173,-0.00283866471068691,-0.010313655979753235,-0.007141979132096018
-0.005248060001878818,-0.0032054936551868954,-0.001357357219182379,-0.0007203733927279789,0.001451149272532116,-0.00043007260780396215,-0.007357296637055688,-0.0021790745359278594,0.07207317069754174,-0.0032057996441263517,-0.009085164562910163,-0.007664393789824645
-0.005229964186007255,-0.0032099620421397264,-0.0014313537552573892,-0.0007425603443771235,0.002168013901780506,-0.0004636047827622343,-0.007442010577946336,-0.0022583157939010555,0.07129975515213624,-0.0035006353475280846,-0.007857623615219501,-0.008183857804814561
-0.005204741955468784,-0.0032147786772429303,-0.0015061361540617138,-0.0007655655647891625,0.0028764322059137374,-0.0004997222378785464,-0.007514469182918593,-0.0023427282885067615,0.07038390567451006,-0.0037228556757343337,-0.006634097379231783,-0.008698641116326681
-0.005172484832817851,-0.003219965781975402,-0.0015815821369534284,-0.0007894404895560537,0.0035749923242728134,-0.0005376987086157817,-0.007574727395424321,-0.0024322566648714607,0.06932811799730518,-0.0038724384717127233,-0.005417545121913871,-0.009207034156613166
-0.005133298325962935,-0.003225538321360462,-0.001657570119906165,-0.0008142359158634347,0.0042623090467103384,-0.0005768091683962549,-0.007622869195122996,-0.0025268285966047574,0.0681352264901999,-0.003949653484381928,-0.004210814817821228,-0.009707352190046151
-0.005087301644937879,-0.0032315040308633376,-0.0017339794981629725,-0.0008400018341215017,0.0049370271583009,-0.0006163327321788301,-0.007659006456238514,-0.00262635505500864,0.06680839582791251,-0.003955059272133098,-0.0030166374052824976,-0.010197939490730331
-0.005034627385665105,-0.0032378634721446174,-0.0018106909192010523,-0.0008667872624926096,0.005597824696253941,-0.0006555555240771296,-0.007683277751377439,-0.0027307306192129364,0.06535111176269562,-0.0038894991075268184,-0.0018376216225024153,-0.010677173350128969
-0.004975421181632743,-0.003244610117260716,-0.0018875865434910847,-0.000894640084716193,0.006243416110218325,-0.0006937734991426192,-0.007695847106629047,-0.0028398338255037348,0.06376717103018112,-0.0037540959055710962,-0.0006762494278192213,-0.011143467908030665
-0.004909841324494289,-0.0032517304608047576,-0.00196455029259323,-0.0009236068916139244,0.006872555317472568,-0.000730295209665685,-0.007696902713799975,-0.002953527554042549,0.06206067042066757,-0.0035502461990420744,0.00046512799363366414,-0.011595277799732132
-0.004838058354682779,-0.003259204159386089,-0.002041468084190465,-0.0009537328266396969,0.007484038644829433,-0.0007644445066005678,-0.007686655605647101,-0.0030716594511119525,0.06023599505070551,-0.003279613187934481,0.0015842936369412017,-0.01203110161414855
-0.004760254623211461,-0.0032670041977541273,-0.0021182280537184977,-0.0009850614358201135,0.00807670764943416,-0.0007955631670071178,-0.007665338299959407,-0.0031940623849713605,0.05829780587023983,-0.002944118893375515,0.002679167500597525,-0.012449485157733035
-0.004676623825909235,-0.003275097080782758,-0.002194720762309817,-0.0010176345224117758,0.008649451811011103,-0.0008230134387190007,-0.007633203418304466,-0.0033205549333611144,0.05625102644514887,-0.0025459354490010785,0.003747808830390796,-0.012849024520217741
-0.004587370511411593,-0.0032834430504453172,-0.002270839390827346,-0.0010514920065818572,0.009201211088517207,-0.0008461804937928649,-0.0075905222852013015,-0.003450941900655165,0.05410082905607175,-0.0020874755657717473,0.004788417790242007,-0.013228368938592364
-0.004492709564296152,-0.00329199632682759,-0.002346479919820365,-0.0010866717903982963,0.009730978334571096,-0.0008644747826616663,-0.0075375835134025345,-0.003585014862632642,0.051852620154706125,-0.0015713822079885462,0.005799336569511447,-0.013586223456903076
-0.004392865664815979,-0.003300705372147465,-0.0024215412952917456,-0.0011232096283955448,0.010237801561463358,-0.000877334281313333,-0.007474691580873567,-0.0037225527368170636,0.04951202522374612,-0.0010005175223447918,0.0067790499362821235,-0.013921351379981187
-0.004288072726743614,-0.003309513176675208,-0.002495925580220815,-0.0011611390039612086,0.010720786053009782,-0.0008842266242352741,-0.0074021654049402945,-0.0038633223763156906,0.04708487308553852,-0.00037795106204343426,0.00772618525037224,-0.014232576519744185
-0.004178573314893713,-0.0033183575653779147,-0.0025695380918402217,-0.001200491011768214,0.011179096316970304,-0.0008846511163060816,-0.0073203369189410675,-0.00400707918508538,0.044577179706565856,0.00029305264788195146,0.008639511949473135,-0.014518785234193702
-0.004064618043942659,-0.003327171524045851,-0.0026422875247177667,-0.001241294246456388,0.01161195787324048,-0.0008781406172811473,-0.007229549656567932,-0.004153567752549444,0.04199513154746945,0.0010090471571049045,0.009517940525153944,-0.014778928258619036
-0.003946464960208862,-0.003335883543597233,-0.0027140860597451603,-0.0012835746977466192,0.012018658873518915,-0.0008642632929953215,-0.007130157348910783,-0.004302522505496777,0.0393450685082172,0.001766417700060273,0.01036052100627586,-0.015012022330847422
-0.003824378908098001,-0.0033444179812017463,-0.0027848494591848887,-0.001327355652150141,0.012398551548653323,-0.0008426242279072988,-0.0070225225390349,-0.004453668375207606,0.036633466518664365,0.0025613953175442697,0.011166440968900702,-0.015217151611318421
-0.0036986308829528216,-0.0033526954368118937,-0.0028544971479736755,-0.0013726576014150206,0.01275105348038258,-0.0008128668941221768,-0.006907015218722459,-0.004606721477768308,0.03386691982718695,0.0033900714394801343,0.011935023093587328,-0.015393468900821942
-0.003569497372077326,-0.003360633143645281,-0.0029229522815262575,-0.001419498157831687,0.013075648694716537,-0.0007746744725552943,-0.006784011491793943,-0.004761389805564941,0.031052123039604668,0.004248412873896358,0.01266572229211601,-0.015540196658504698
-0.00343725968573016,-0.0033681453711202447,-0.0029901418003262237,-0.001467891976499382,0.013371888574716674,-0.0007277710224374382,-0.006653892268199285,-0.004917373927974088,0.028195852960422846,0.005132277149674867,0.01335812242681559,-0.01565662782332478
-0.0033022032799016965,-0.0033751438387119672,-0.003055996471631377,-0.0015178506846357897,0.013639392590976015,-0.0006719224959070686,-0.006517041992831341,-0.005074367699307453,0.02530495029144539,0.006037428156399051,0.014011932646773105,-0.015742126443348155
-0.003164617072703666,-0.0033815381391664734,-0.0031204509186593668,-0.0015693828179928688,0.013877848848630046,-0.0006069375949941658,-0.006373847412766652,-0.005232058972108354,0.022386301239360945,0.006959552026181502,0.014626983366164782,-0.01579612811683218
-0.003024792756209207,-0.0033872361694857237,-0.0031834436376550917,-0.0016224937644231338,0.014087014450261816,-0.0005326684688558962,-0.006224696386378333,-0.005390130313944642,0.019446819086992834,0.007894273201472408,0.015203221911498997,-0.01581814025042538
-0.0028830241055848847,-0.0033921445680784434,-0.0032449170032745043,-0.0016771857146223267,0.014266715674602626,-0.0004490112496880391,-0.006069976737504189,-0.005548259725893944,0.01649342578116944,0.00883717063209901,0.01574070786332985,-0.015807742139434925
-0.002739606287354574,-0.0033961691564584028,-0.003304817262749918,-0.0017334576200566541,0.014416847971459498,-0.00035590642630383665,-0.005910075157578551,-0.005706121360971544,0.013533033590204718,0.00978379404474148,0.016239608121797887,-0.015764584876085227
-0.002594835168628142,-0.0033992153838645956,-0.0033630945193295955,-0.0017913051580655723,0.014537375773826905,-0.0002533390549347379,-0.00574537615835694,-0.005863386240812097,0.010572526883276728,0.010729680229078269,0.016700191722524273,-0.01568839109202536
-0.0024490066291156815,-0.0034011887731761233,-0.003419702705509303,-0.0018507207041145214,0.014628332128665196,-0.00014133880737078722,-0.005576261077584578,-0.006019722968977715,0.007618744084381207,0.011670369283711866,0.01712282443194809,-0.015578954541098252
-0.0023024158777306403,-0.003401995366498552,-0.003474599546595574,-0.0019116933111560628,0.014689818148343055,-1.9979857114981833e-05,-0.005403107139669613,-0.006174798439330576,0.004678459851190558,0.01260142076744921,0.017507963151044893,-0.015436139529473984
-0.0021553567755626963,-0.0034015421688080314,-0.0035277465151596047,-0.0019742086960426045,0.014722002285245742,0.0001106193952191264,-0.005226286573136513,-0.006328278537977757,0.0017583675293467438,0.013518429699372437,0.017856150155575144,-0.015259880199962158
-0.0020081211669737173,-0.0033997375880544666,-0.0035791087769570283,-0.0020382492329193216,0.014725119432550064,0.00025029675549383584,-0.005046165786348226,-0.006479828837365673,-0.0011349380684824995,0.01441704235556945,0.01816800720208226,-0.015050179677621237
-0.001860998220537715,-0.0033964918701454303,-0.0036286551289022315,-0.002103793953512026,0.014699469854650381,0.00039884682631342064,-0.004863104602692406,-0.006629115281175182,-0.003994977511453973,0.015292971808347506,0.018444229529081833,-0.014807109084280509
-0.001714273781508503,-0.00339171752725818,-0.0036763579296964183,-0.0021708185542116147,0.014645417951192029,0.0005560217511366196,-0.0046774555561449474,-0.006775804858742569,-0.006815403180216423,0.016142013156292278,0.01868557978040978,-0.014530806429196911
-0.0015682297374569078,-0.0033853297579580117,-0.0037221930237163452,-0.002239295409844363,0.014563390859127006,0.0007215321088970471,-0.004489563247840447,-0.006919566267807089,-0.009590015232788046,0.01696005839579322,0.018892881880490285,-0.014221475383707102
-0.0014231433986730303,-0.0033772468576370456,-0.0037661396587755176,-0.002309193594005716,0.014453876897648488,0.00089504795529619,-0.004299763763994022,-0.007060070564463497,-0.012312777062915531,0.01774311088403536,0.01906701488879462,-0.013879383947574379
-0.001279286894878362,-0.0033673906178282994,-0.00380818039837173,-0.0023804789058244017,0.014317423861285159,0.0010762000064530378,-0.004108384155248484,-0.007196991799273667,-0.014977830209750215,0.01848729934733422,0.019208906860313145,-0.01350486301445963
-0.001136926589737719,-0.0033556867129953473,-0.003848301029034217,-0.0024531139030136216,0.014154637166843445,0.0012645809601373851,-0.003915741977248896,-0.007330007638570313,-0.017579508678592676,0.019188891389535234,0.019319528739604443,-0.013098304844869627
-0.0009963225146021304,-0.003342065073447822,-0.003886490463380382,-0.002527057941056789,0.013966177860274282,0.001459746949367675,-0.003722144891984112,-0.007458799970063168,-0.020112352635239722,0.019844306456522732,0.01939988831335234,-0.01266016145370141
-0.0008577278228512215,-0.0033264602430873027,-0.003922740639486203,-0.0026022672183667757,0.013752760489907511,0.0016612191227361815,-0.003527890329180032,-0.007583055491934179,-0.022571121438114433,0.020450128217178575,0.019451024247463734,-0.012190942920500717
-0.0007213882661374688,-0.0033088117207464938,-0.003957046417166019,-0.0026786948272498725,0.013515150852843017,0.0018684853454256072,-0.003333265206783263,-0.007702466284685166,-0.024950805974784634,0.02100311632070655,0.01947400023189002,-0.011691215629696657
-0.000587541693765192,-0.0032890642839468547,-0.003989405471746617,-0.00275629081049868,0.013254163621612348,0.0020810020145022074,-0.003138545709336315,-0.007816730365076364,-0.027246640271349237,0.02150021749461346,0.01946989925749957,-0.011161600448542867
-0.0004564175763645073,-0.003267168293965726,-0.004019818185907402,-0.0028350022234319085,0.012970659858524594,0.002298195981723559,-0.00294399712282065,-0.007925552221569312,-0.02945411234620146,0.021938575949656914,0.019439818045633404,-0.010602770850046902
-0.0003282365549449498,-0.0032430799811732623,-0.004048287540143146,-0.0029147732011935495,0.012665544425386914,0.0025194665767691625,-0.002749873724328101,-0.008028643330758893,-0.0315689742813344,0.02231554305946377,0.019384861652876485,-0.010015450987869382
-0.00020321001633529927,-0.0032167617096718988,-0.004074819002388368,-0.002995545031119092,0.01233976329654319,0.002744187723503536,-0.0025564187247162813,-0.008125722654349642,-0.033587251487410624,0.022628686287410927,0.019306138269487426,-0.009400413730280551
-8.153969593557889e-05,-0.0031881822203463322,-0.004099420417323026,-0.0030772562299723454,0.011994300783400889,0.0029717101416097723,-0.002363864262215448,-0.008216517116301007,-0.03550525114104949,0.022875797333836333,0.01920475423067928,-0.008758478659992356
3.658269137551384e-05,-0.0031573168515098625,-0.00412210189585798,-0.0031598426258530126,0.011630176678817657,0.0032013636256841794,-0.0021724314447753405,-0.008300762059832427,-0.037319569775596945,0.023054899481045044,0.01908180925734223,-0.008090510046291573
0.00015097579141907442,-0.0031241477364131035,-0.0041428757052757404,-0.0032432374445723867,0.011248443329894461,0.0034324593936676086,-0.001982330438776703,-0.008378201684042385,-0.03902710000904239,0.02316425411564078,0.01893839194238526,-0.007397414795700111
0.00026146892130790177,-0.003088663976963262,-0.004161756160477527,-0.003327371400292384,0.010850182647871003,0.00366429249630066,-0.001793760601580621,-0.008448589459957051,-0.04062503639564899,0.023202366410969445,0.01877557549683114,-0.0066801403872331876
0.0003679023498669609,-0.0030508617930860966,-0.004178759516761711,-0.0034121727902215785,0.010436503063940823,0.0038961442791324687,-0.0016069106552562304,-0.008511688525881876,-0.04211088039038699,0.023167990155392348,0.01859441376804697,-0.005939672797731891
0.0004701275473861587,-0.003010744647248023,-0.00419390386453151,-0.0034975675931609132,0.010008536439898734,0.00412728488848223,-0.0014219588987035678,-0.00856727206198507,-0.04348244441803076,0.02306013171455994,0.01839593754248555,-0.005177034422906953
0.000568007404298657,-0.0029683233437423286,-0.004207209026301447,-0.003583479571691309,0.009567434942600928,0.004356975812656667,-0.001239073455283786,-0.008615123644094079,-0.04473785504153058,0.02287805312032749,0.01818115114147082,-0.004393281998894775
0.000661416418467956,-0.002923616102430763,-0.004218696456342766,-0.003669830377795461,0.009114367891258874,0.004584472449656436,-0.0010584125529799454,-0.008655037576736316,-0.045875555226880055,0.022621274279626503,0.017951029319297283,-0.0035895045295526416
0.0007502408508572602,-0.002876648606719656,-0.0042283891432778305,-0.0037565396617066336,0.008650518586601964,0.004809026692564944,-0.000880124834033008,-0.008686819205498224,-0.04689430570450179,0.022289574302075076,0.017706514470090175,-0.0027668212228291224
0.0008343788494449225,-0.002827454025637798,-0.004236311515902706,-0.003843525183778231,0.008177081130930493,0.005029889523806699,-0.0007043496909421687,-0.008710285208821228,-0.0477931854297923,0.0218829919462759,0.017448514148077708,-0.0019263794417714274
0.0009137405413397787,-0.0027760730099713536,-0.004242489352485771,-0.003930702929169293,0.007695257248040746,0.005246313609482171,-0.0005312176256707406,-0.008725263869391204,-0.048571591148157095,0.02140182518881868,0.01717789890620789,-0.001069352672223637
0.0009882480931396698,-0.0027225536624987607,-0.004246949693758496,-0.004017987225142811,0.007206253111937467,0.005457555885036415,-0.00036085062887423753,-0.008731595325312444,-0.04922923607249877,0.02084662992203017,0.01689550045309273,-0.00019693851202439924
0.0010578357396651436,-0.0026669514824555853,-0.004249720759782612,-0.004105290860775831,0.006711276193157304,0.005662880123598652,-0.00019336257594900895,-0.008729131801291496,-0.04976614768353391,0.02021821779041717,0.016602110131952987,0.0006896433162140135
0.0011224497812879705,-0.0026093292844453935,-0.004250831870845889,-0.004192525208882686,0.006211532131408072,0.005861559478439709,-2.8859636706454815e-05,-0.00871773782007955,-0.05018266466631252,0.01951765317779446,0.01629847771655784,0.0015891529261749006
0.0011820485501604448,-0.0025497570920975563,-0.004250313372506877,-0.004279600349955347,0.005708221643086783,0.006052878991127738,0.00013255930450887805,-0.008697290394452687,-0.0504794329979453,0.01874624935981124,0.015985310526508735,0.002500332199197871
0.0012366023457362383,-0.002488312006856271,-0.004248196564877295,-0.004366425197927748,0.005202537472071928,0.006236138057129303,0.00029080222140753364,-0.00866767920002746,-0.05065740120502574,0.017905563840501616,0.01566327285322238,0.0034219066858476345
0.0012860933400565672,-0.002425078052366664,-0.004244513636199504,-0.004452907627574011,0.004695661391993851,0.006410652840792083,0.0004457835141507522,-0.008628806729225084,-0.05071781481058965,0.01699739289205444,0.015332985695421332,0.004352587474627519
0.0013305154533564112,-0.002360145995003407,-0.004239297600745753,-0.004538954603353723,0.004188761267974955,0.006575758631859342,0.0005974235765994026,-0.008580588426717408,-0.05066220999318963,0.01602376532139742,0.014995026794308745,0.005291073026907792
0.0013698742006242575,-0.0022936131411645548,-0.004232582241035814,-0.004624472309520777,0.003682988185594309,0.006730812135911114,0.000745648365388385,-0.008522952806693369,-0.050492406482939595,0.014986935488956975,0.014649930963487746,0.006236050977900028
0.0014041865098250966,-0.00222558311202805,-0.004224402054340311,-0.004709366281315732,0.003179473654573507,0.006875193691389801,0.0008903889737121751,-0.008455841552297673,-0.05021049972122085,0.013889375606780541,0.014298190701270273,0.0071861999012390355
0.0014334805125699893,-0.0021561655965403304,-0.004214792203408709,-0.004793541537065201,0.002679326894405025,0.0070083094061541545,0.0010315812126082096,-0.008379209597595963,-0.04981885231247549,0.012733767346090174,0.013940257077936648,0.008140191039103236
0.0014577953080862477,-0.0020854760834754754,-0.004203788471333576,-0.004876902711015295,0.0021836322088466626,0.007129593206816847,0.0011691652024183972,-0.008293025192422929,-0.049320084799196945,0.01152299278644835,0.01357654088410084,0.009096689995503397
0.0014771807014099289,-0.0020136355734691426,-0.00419142722043656,-0.004959354186729766,0.001693446455889568,0.007238508794449721,0.0013030849769849028,-0.008197269950471304,-0.048717065792221986,0.010260124740126452,0.013207414029200316,0.010054358394821602
0.0014916969167867624,-0.0019407702719939494,-0.004177745355036597,-0.005040800230886996,0.0012097966194771449,0.007334551500588919,0.001433288103007575,-0.008091938880974642,-0.04801290149026263,0.008948416487713318,0.012833211175334112,0.011011855504510674
0.001501414287328663,-0.0018670112643018057,-0.004162780287937325,-0.005121145127313528,0.0007336774889029677,0.007417250037839809,0.0015597253168469815,-0.007977040404331837,-0.0472109246245728,0.007591290962464536,0.012454231592547195,0.011967839824050582
0.00150641292203044,-0.0017924941734137883,-0.004146569910448532,-0.005200293311095253,0.00026604945145243476,0.007486168139763683,0.0016823501809115858,-0.007852596352013054,-0.04631468286553378,0.006192329422310228,0.01207074122037368,0.012920970639705768
0.0015067823513050897,-0.0017173588022893391,-0.0041291525657359465,-0.005278149502610717,-0.00019216359652248578,0.0075409060851261474,0.0018011187616054818,-0.007718641951079818,-0.045327926729450324,0.0047552596501825965,0.01168297491840551,0.013869909546941447
0.0015026211522459955,-0.0016417487613537072,-0.004110567025274672,-0.005354618841334301,-0.0006400762152963576,0.007581102102000229,0.001915989330649413,-0.007575225793636966,-0.04425459702532403,0.003283943724633632,0.011291138890380713,0.014813321941629102
0.0014940365548703584,-0.001565811082605508,-0.004090852468164346,-0.005429607019260088,-0.0010768432598310597,0.007606433647639617,0.0020269220914158454,-0.007422409791520381,-0.043098811881616406,0.0017823654032441232,0.010895413262905752,0.015749878481687848
0.001481144030640127,-0.0014896958215649466,-0.004070048463048554,-0.00550302041380026,-0.001501661586215243,0.007616618560472666,0.0021338789317424762,-0.007260269116513987,-0.04186485339522028,0.00025461716336565646,0.010495954802420403,0.016678256519591098
0.0014640668645945,-0.001413555648357528,-0.004048194952367318,-0.00557476622001468,-0.001913771622910159,0.007611416081011056,0.002236823204504826,-0.007088892126370121,-0.040557153943762914,-0.0012951130556876807,0.010092899750049546,0.01759714150918201
0.0014429357124616726,-0.001337545429257883,-0.0040253322386595855,-0.0056447525820309714,-0.0023124588036553123,0.007590627738917935,0.0023357195370415805,-0.006908380276888131,-0.0391802822052677,-0.0028625553629365134,0.0096863667573013,0.018505228387216025
0.0014178881441467945,-0.0012618218000436047,-0.004001500972622672,-0.005712888723516882,-0.0026970548593202998,0.00755409810393773,0.0024305336703410564,-0.0067188480202939795,-0.03773892892772979,-0.004443371633104421,0.009276459902593938,0.019401222931614278
0.00138906817501808,-0.001186542732529664,-0.003976742142627461,-0.005779085077069053,-0.0030669389664226172,0.007501715398850422,0.0025212323287011782,-0.006520422690140257,-0.03623789249273368,-0.006033169384357228,0.00886327176943038,0.02028384309913012
0.0013566257864336137,-0.0011118670956700226,-0.003951097065382041,-0.005843253412384394,-0.0034215387504706206,0.007433411973077851,0.0026077831203829183,-0.006313244372927835,-0.034682064316866934,-0.0076275157701570125,0.00844688656691759,0.021151820343354274
0.0013207164369676053,-0.0010379542126244597,-0.0039246073774321846,-0.0059053069630822,-0.0037603311427310626,0.007349164636034722,0.0026901544695883085,-0.006097465766633408,-0.033076414135221444,-0.009221951638468683,0.008027383274160436,0.022003900915531286
0.0012815005658066416,-0.0009649634151953782,-0.0038973150271847676,-0.0059651605520468914,-0.004082843089461673,0.007248994849781583,0.002768315579895081,-0.005873252026304911,-0.031425975210900625,-0.01081200561215916,0.0076048387871940695,0.022838847150167926
0.00123914308979389,-0.0008930535970414695,-0.0038692622671398316,-0.006022730715162768,-0.004388652113088645,0.007132968781000149,0.002842236429092128,-0.005640780596870398,-0.029735829514493717,-0.012393208144127654,0.007179331052215264,0.023655438736734705
0.0011938128956022172,-0.0008223827670726115,-0.0038404916460185105,-0.006077935823313552,-0.004677386725245922,0.007001197212771467,0.0029118877951720837,-0.00540024103328647,-0.028011092916961577,-0.013961105501608829,0.0067509421637758985,0.0244524739800509
0.0011456823285158524,-0.000753107604423298,-0.0038110460004774256,-0.006130696202520648,-0.0049487266920270395,0.0068538353170912196,0.0029772413130448963,-0.005151834808132742,-0.026256900439261988,-0.015511273634440558,0.006319761410786627,0.025228771050694657
0.001094926679294568,-0.0006853830163903163,-0.0037809684461054,-0.006180934252095036,-0.0052024031522298324,0.006691082289505121,0.003038269561360223,-0.004895775106744721,-0.024478391601296612,-0.017039331882778997,0.005885888252278738,0.02598316922690946
0.0010417236705844391,-0.0006193617007043534,-0.0037503023674053814,-0.006228574560678562,-0.00543819858979595,0.006513180847687463,0.0030949461786435087,-0.004632286609960604,-0.022680695911926896,-0.018540956480752668,0.005449435204378371,0.026714530129914097
0.00098625294432515,-0.000555193713484834,-0.0037190914064732586,-0.006273544020051075,-0.005655946662061892,0.0063204165962164206,0.0031472460077810443,-0.004361605264541967,-0.020868918541261494,-0.02001189381345585,0.0050105306231287075,0.027421738953813387
0.0009286955515856055,-0.0004930260442026485,-0.0036873794500957464,-0.006315771936580346,-0.005855531885846991,0.006113117260220673,0.003195145267721385,-0.004083978041312153,-0.019048126215758354,-0.021447973385693663,0.004569321364939392,0.028103705692149376
0.0008692334462373774,-0.00043300219894664354,-0.003655210615001645,-0.006355190140192164,-0.006036889183798632,0.005891651790980323,0.0032386217510989076,-0.003799662681051402,-0.017223333374569827,-0.022845120462376235,0.004125975310565112,0.028759366360000756
0.000808048983849379,-0.0003752617932569462,-0.003622629231014471,-0.006391733090738282,-0.006200003293801043,0.005656429346959148,0.0032776550463358787,-0.0035089274281722036,-0.01539948862591245,-0.024199368341858717,0.003680683736829081,0.02938768421583893
0.0007453244271572254,-0.00031994015575151753,-0.003589679821869625,-0.006425337981640073,-0.006344908044629686,0.00540789815412658,0.0033122267826333294,-0.0032120507521860263,-0.013581461539816098,-0.025506870224654966,0.003233663522661058,0.02998765098139655
0.0006812414594271152,-0.00026716794373191966,-0.0035564070834758392,-0.006455944840685887,-0.006471685501392347,0.005146544249792995,0.0033423208961238246,-0.00290932105697685,-0.011774029812716136,-0.026763910642062138,0.002785159175438,0.030558288060438702
0.0006159807069969219,-0.00021707077191030632,-0.0035228558594185364,-0.006483496627860203,-0.00658046498464633,0.0048728901145296735,0.003367923915336738,-0.0026010363778863443,-0.009981866838080333,-0.02796691641060216,0.0023354446671446163,0.031098647757662464
0.0005497212722366246,-0.0001697688553522795,-0.003489071113521823,-0.006507939330082667,-0.00667142196741312,0.0045874931970756915,0.0033890252640059746,-0.0022875040666064006,-0.008209529715277664,-0.02911246708019417,0.0018848250667027541,0.03160781449832628
0.0004826402781264202,-0.00012537666767967236,-0.0034550978993060765,-0.006529222052735146,-0.006744776854627757,0.004290944337445737,0.0034056175791432938,-0.001969040463889345,-0.006461447727649561,-0.03019730484579679,0.0014336379607611041,0.03208490604508485
0.0004149124256039777,-8.400261552371654e-05,-0.0034209813261993124,-0.006547297107854985,-0.006800793649860748,0.003983866093745429,0.003417697042209534,-0.0016459705600785461,-0.004741911318948744,-0.031218343894264877,0.0009822546524869344,0.03252907471707489
0.0003467095647825105,-4.574873016262668e-05,-0.0033867665223826435,-0.006562120098872692,-0.006839778514432697,0.0036669109784725424,0.003425263721124247,-0.0013186276434629346,-0.003055061595441111,-0.03217267916031245,0.0005310811304557253,0.03293950860604744
0.0002782002810888168,-1.0710377218597019e-05,-0.0033524985941731,-0.006573650001772413,-0.006862078224306036,0.0033407596103333897,0.0034283219207844867,-0.0009873529364812336,-0.0014048803792267028,-0.03305759446751806,8.055880159221068e-05,0.033315432790292754
0.00020954949731536492,2.1024014772234306e-05,-0.003318222581870672,-0.0065818492425538,-0.00686807853038434,0.003006118787832876,0.0034268805397010987,-0.0006524952197960762,0.00020481916356585028,-0.03387057003258469,-0.0003688350182698072,0.03365611054673873
0.0001409180925230612,4.937320616691578e-05,-0.0032839834120206206,-0.0065866837708741625,-0.006858202428076403,0.0026637194911034185,0.0034209534303091555,-0.00031441044427646777,0.00177040129802164,-0.034609289313306826,-0.0008165868601188522,0.033960844557182956
7.24625386717345e-05,7.426337771554226e-05,-0.003249825846066716,-0.006588123129750257,-0.006832908342188939,0.002314314818621879,0.0034105597604717993,2.6538669057583528e-05,0.0032884158794711515,-0.03527164518300101,-0.0012621471073524168,0.0342289781096273
4.334555793796817e-06,9.562834113677348e-05,-0.0032157944253960037,-0.00658614052119966,-0.006792688233398598,0.001958677865624364,0.0033957243736706297,0.0003699830410618697,0.0047556058785970245,-0.03585574541650201,-0.0017049302528815216,0.03445989629122993
-6.331921353679687e-05,0.00011340972822072424,-0.0031819334128008474,-0.00658071286770249,-0.006738065632720138,0.001597599551165788,0.0033764781453606307,0.000715547658372156,0.006168914257094982,-0.03635991747521321,-0.0021443154091183234,0.03465302717082734
-0.0001303575097530619,0.00012755715798097486,-0.0031482867304092103,-0.006571820869365233,-0.006669593610532867,0.0012318864008843355,0.003352858332966798,0.0010628520090790838,0.007525490180359307,-0.036782712581077306,-0.0025796470696481735,0.034807842970558237
-0.00019664474123998497,0.00013802838144849792,-0.0031148978941593296,-0.006559449056669632,-0.00658785268685175,0.000862358292620278,0.003324908917009326,0.001411510530041221,0.008822694555864152,-0.0371229090717342,-0.0030102361218462756,0.034923861221869176
-0.0002620512481224055,0.00014478940377211707,-0.0030818099449199526,-0.006543585838691074,-0.006493448689632358,0.0004898461721035515,0.003292680930866072,0.0017611330656702965,0.010058104888014285,-0.03737951503161109,-0.0034353611068045145,0.03500064590394593
-0.00032645354441047085,0.00014781458336246298,-0.003049065376382033,-0.006524223546672707,-0.00638701056798071,0.00011518974596563044,0.0032562327767178844,0.0021113253380031336,0.011229519442315428,-0.037551770195973125,-0.0038542697228330022,0.035037808562621495
-0.0003897345380863687,0.0001470867078890319,-0.0030167060598721243,-0.006501358472843508,-0.0062691881671988565,-0.0002607648406518485,0.003215630525263834,0.00246168942783671,0.012334960714055154,-0.03763914712752266,-0.004266180567977097,0.03503500940409378
-0.00045178372878554334,0.00014259704701264142,-0.00298477316626153,-0.006474990904370947,-0.006140649972636075,-0.0006371673346262451,0.0031709481968549822,0.002811824266675474,0.013372678198501187,-0.03764135166735666,-0.004670285113793214,0.03499195836365897
-0.0005124973827953896,0.00013434538180808131,-0.002953307085168441,-0.006445125152341542,-0.00600208082933317,-0.0010131657062857767,0.0031222680217628637,0.003161326139205594,0.014341150462079733,-0.03755832266454967,-0.005065749904630469,0.034908416142365076
-0.0005717786851642715,0.0001223400109038365,-0.0029223473416727405,-0.006411769575665672,-0.00585417964444321,-0.001387908474563185,0.003069680677377224,0.0035097891959683897,0.015239086515912326,-0.03739023099093197,-0.005451718972497431,0.03478419521019403
-0.0006295378687834299,0.00010659773343718552,-0.002891932510784752,-0.0063749365998064505,-0.005697657079388468,-0.0017605470187670121,0.003013285500220476,0.0038568059758758537,0.01606542649503606,-0.037137477849833456,-0.00582731645885224,0.0346191607712988
-0.0006856923203737073,8.714380899352212e-05,-0.0028621001299298228,-0.006334642730236254,-0.005533233238667015,-0.0021302378699656686,0.0029531906707653695,0.004201967938163447,0.01681934164925447,-0.036800692389897804,-0.006191649432169009,0.03441323168621989
-0.0007401666633778326,6.401189476818936e-05,-0.002832886609730237,-0.006290908560528729,-0.005361635362158048,-0.0024961449751008833,0.0028895133691517944,0.004544866003341568,0.017500233652538832,-0.03638072863714514,-0.006543810890545988,0.03416638134940432
-0.00079289281782707,3.72439602572361e-05,-0.002804327143384379,-0.006243758774998691,-0.005183595527689427,-0.0028574419270897683,0.0028223799000197686,0.004885091102665935,0.01810773324118553,-0.035878661760631814,-0.006882882935859168,0.033878638515469114
-0.000843810037318146,6.890179850096437e-06,-0.0027764556149602643,-0.006193222145807376,-0.004999848370525787,-0.0032133141543381643,0.0027519257848032026,0.005222234735597205,0.0186416981915426,-0.0352957836890474,-0.007207940107454049,0.03355008807078476
-0.0008928649233023402,-2.6991196237950897e-05,-0.002749304506936427,-0.006139331524455971,-0.004811128826313052,-0.003562961063271302,0.002678295819964251,0.005555889534683669,0.01910221065100426,-0.034633598097580154,-0.007518052860336265,0.033180871746508175
-0.0009400114169532667,-6.433399219275911e-05,-0.0027229048073376346,-0.006082123827596266,-0.004618169903872232,-0.003905598127690341,0.0026016440997942273,0.005885649837257421,0.019489573837159768,-0.03389381478622766,-0.007812291173668419,0.03277118876824216
-0.0009852107689430128,-0.00010506427742613208,-0.002697285916825881,-0.006021640017093548,-0.0044217004940769996,-0.004240458918984252,0.0025221340025564855,0.006211112263286172,0.019804308121886716,-0.03307834347255467,-0.008089728273879902,0.032321296437508015
-0.001028431487517757,-0.00014910055737837739,-0.0026724755561185858,-0.005957925074283706,-0.004222443220871853,-0.004566797071464807,0.002439938138902576,0.006531876298682187,0.020047146519142633,-0.03218928702355639,-0.008349444456901979,0.031831510641694996
-0.0010696492653235955,-0.00019635398362243765,-0.0026484996741157826,-0.005891027968373663,-0.004021112340295841,-0.004883888177347245,0.002355238261658049,0.00684754488332652,0.0202190295960597,-0.031228934152931154,-0.008590530992003485,0.031302206287171605
-0.001108846885490916,-0.00024672858254002136,-0.0026253823571262824,-0.0058210016189419326,-0.003818411693168243,-0.005191031606169498,0.0022682251362419917,0.007157725003019484,0.020321099829459954,-0.030199751611519443,-0.008812094091207957,0.03073381765142126
-0.0011460141075411013,-0.0003001215017895063,-0.0026031457395893063,-0.005747902852504183,-0.003615032716868831,-0.005487552243727489,0.002179098371153231,0.007462028284530478,0.020354695430422454,-0.02910437590007875,-0.009013258926544164,0.030126838650777463
-0.0011811475337324914,-0.0003564232737376548,-0.0025818099166928636,-0.005671792353117156,-0.003411652521409175,-0.005772802145902209,0.00208806620813532,0.007760071592874807,0.02032134366150873,-0.027945604534865276,-0.00919317367703796,0.02948182301808834
-0.0012142504565132446,-0.00041551809498248886,-0.002561392859293141,-0.0055927346070032665,-0.003208932034741465,-0.006046162103064603,0.001995345271809193,0.008051477629903164,0.0202227536720333,-0.02672638689761342,-0.009351013588187483,0.02879938438758299
-0.0012453326877968926,-0.00047728412105313997,-0.00254191033154039,-0.005510797841187474,-0.003007514221988141,-0.006307043111065618,0.0019011602787410349,0.008335875533255273,0.020060808878631486,-0.025449814702589557,-0.009485985025444156,0.02808019628283888
-0.0012744103708218508,-0.0005415937753342197,-0.002523375811616195,-0.0054260539561477705,-0.0028080223830034934,-0.006554887745150333,0.0018057437060979681,0.008612901474685493,0.01983755891829808,-0.02411911211435347,-0.009597329503169182,0.027324992003205137
-0.0013015057753988403,-0.0006083140712273466,-0.002505800415984589,-0.0053385784524906865,-0.0026110585323944092,-0.006789171433475042,0.0017093354202231809,0.008882199256731301,0.019555211203518774,-0.02273762555058856,-0.009684327671788263,0.026534564405956376
-0.0013266470773899818,-0.000677306946530993,-0.0024891928275552503,-0.0052484503516737014,-0.0024172018658338945,-0.007009403627254247,0.0016121822656445701,0.00914342090666571,0.019216122108584144,-0.02130881320525224,-0.009746303243933906,0.0257097655809254
-0.0013498681233001578,-0.0007484296089918536,-0.002473559228150957,-0.005155752110807178,-0.002227007316201299,-0.007215128864917861,0.0015145376152140833,0.009396227266638957,0.018822787817934894,-0.019836234327470614,-0.009782626842163446,0.024851506413724148
-0.0013712081808950297,-0.0008215348919565334,-0.0024589032356636333,-0.00506056953157957,-0.002041004202773084,-0.007405927728018111,0.0014166608822506765,0.009640288578882602,0.018377834867708165,-0.018323538292579378,-0.009792719750517896,0.02396075603500468
-0.0013907116767907695,-0.0008964716190315709,-0.0024452258462736866,-0.00496299166336103,-0.0018596949763748686,-0.007581417686989386,0.0013188169957386508,0.009875285064825438,0.01788401041193488,-0.016774453501675723,-0.009776057551887242,0.023038541153562422
-0.0014084279219880682,-0.0009730849766426614,-0.002432525382095961,-0.004863110700552179,-0.0016835540630848814,-0.007741253835228709,0.0012212758398065103,0.010100907496944759,0.01734417224606255,-0.015192776146188858,-0.00973217363454084,0.02208594527030182
-0.001424410826347265,-0.001051216893370463,-0.0024207974446025272,-0.004761021874256707,-0.001513026808754477,-0.007885129510331585,0.0011243116588802063,0.010316857762149707,0.016761278620018305,-0.013582358874386302,-0.00966066255071999,0.021104107770687622
-0.001438718603022463,-0.0011307064249305486,-0.0024100348741577784,-0.004656823338368549,-0.0013485285262851178,-0.008012776801685561,0.0010282024300695592,0.010522849415481777,0.016138377873853527,-0.011947099396408922,-0.00956118321140944,0.020094222895726252
-0.0014514134638902467,-0.0012113901436589213,-0.0024002277159848977,-0.004550616050176656,-0.0011904436472716198,-0.008123966943988965,0.000933229204506589,0.010718608222896948,0.015478597928846094,-0.010290929064271759,-0.009433461901184582,0.01905753858730809
-0.0014625613070230587,-0.0012931025313619995,-0.002391363192864819,-0.004442503645602771,-0.0010391249792907858,-0.008218510596626684,0.0008396754195091829,0.010903872691879937,0.014785135667320704,-0.008617801463272179,-0.009277295098296633,0.017995355209289618
-0.0014722313972684324,-0.0013756763743911062,-0.0023834256848493302,-0.004332592309200183,-0.0008948930697839558,-0.008296258009194648,0.0007478261835885328,0.011078394588637653,0.01406124623404531,-0.006931681050320493,-0.009092552085833407,0.016909024142253495
-0.0014804960410031178,-0.001458943159806177,-0.002376396716249095,-0.00422099063905395,-0.0007580356771531168,-0.008357099073819532,0.000657967536458516,0.01124193944060895,0.01331023229212247,-0.005236531874656225,-0.008879177340169929,0.015799946252006078
-0.0014874302561356946,-0.0015427334715016337,-0.002370254950135099,-0.004107809506735765,-0.0006288073493622414,-0.008400963265271786,0.0005703856863406637,0.01139428702302814,0.012535433266052609,-0.00353630641579461,-0.008637192683400526,0.014669570231831922
-0.0014931114384325577,-0.0016268773851790485,-0.002364976190568507,-0.003993161912479218,-0.0005074291100103894,-0.00842781947021118,0.00048536622697773,0.011535231828281176,0.011740214604317789,-0.001834934572084168,-0.00836669918918622,0.013519390818775276
-0.0014976190252402265,-0.001711204861066303,-0.0023605333927491914,-0.0038771628357538107,-0.0003940882515233729,-0.008437675707239708,0.00040319333688541425,0.011664583516800341,0.0109279570930855,-0.0001363128336212549,-0.008067878829276932,0.012350946885057904
-0.0015010341576718112,-0.0017955461333013182,-0.0023568966812473687,-0.0037599290814285405,-0.00028893823479356315,-0.008430578739763347,0.00032414896347913384,0.0117821673482537,0.010102046252876445,0.001555706328893458,-0.0077409958519791475,0.011165819405613772
-0.0015034393423172178,-0.001879732094920035,-0.0023540333764559473,-0.003641579121728276,-0.00019209869428776327,-0.008406613583980016,0.0002485119948051367,0.011887824591799172,0.009265861848283527,0.003237324827772947,-0.007386397882820285,0.009965629303480564
-0.0015049181135253535,-0.0019635946774130115,-0.002351908029373457,-0.003522232934198319,-0.00010365554733936004,-0.008365902914615277,0.0001765574216929252,0.011981412914192238,0.00842276754139712,0.004904809045174763,-0.007004516739622012,0.008752035175132553
-0.001505554697292272,-0.0020469672238427,-0.002350482464798889,-0.003402011835904563,-2.3661206044344905e-05,-0.008308606371322393,0.00010855549322064734,0.012062806744558993,0.0075761007176059075,0.006554499613402043,-0.006595868954833557,0.0075267308982186615
-0.0015054336777719577,-0.0021296848545440303,-0.0023497158329905416,-0.003281038314108403,4.786511010719421e-05,-0.008234919768943711,4.4770868448858284e-05,0.012131897614673008,0.006729162512701916,0.00818282086233435,-0.006161055999524254,0.006291443124584281
-0.0015046396674063631,-0.0022115848244642273,-0.0023495646698111455,-0.003159435853667008,0.00011093696301172425,-0.008145074215095681,-1.4538232569639391e-05,0.012188594473605955,0.005885208068204091,0.009786289907271484,-0.005700764204175281,0.005047928662005222
-0.0015032569816484994,-0.0022925068712336934,-0.0023499829653512608,-0.0030373287614207005,0.0001656001885610287,-0.00803933513879754,-6.912087545340927e-05,0.01223282397565556,0.005047437041656798,0.011361525352356794,-0.005215764372578693,0.0037979717479156155
-0.001501369319226919,-0.002372293553098171,-0.002350922240992273,-0.0029148419878399436,0.00021193229575504623,-0.007918001234098008,-0.00011873425274905739,0.012264530740495829,0.004218984397146706,0.012905255587549624,-0.0047069110865509325,0.0025433812201382106
-0.001499059448871933,-0.002450790575883047,-0.0023523316348394384,-0.0027921009462147715,0.00025004177524216056,-0.007781403322877159,-0.00016314451668401127,0.01228367758453858,0.0034029115002761554,0.014414326656620013,-0.00417514170043984,0.001285987588412238
-0.0014964089033934968,-0.0025278471082034897,-0.0023541579954244113,-0.00266923132967938,0.0002800673204450727,-0.007629903141211392,-0.0002021276003105519,0.012290245722539736,0.0026021975403062794,0.015885709676533355,-0.0036214750248682853,2.764001181877751e-05
-0.0014934976819679941,-0.002603316084178926,-0.002356345983545676,-0.0025463589263739956,0.0003021769646554651,-0.007463892053875867,-0.00023547002394240437,0.012284234938537126,0.0018197313017721886,0.01731650779057159,-0.0030470097015022086,-0.0012297968123408248
-0.0014904039614562633,-0.002677054492956969,-0.0023588381820844042,-0.0024236094330549966,0.0003165671376906969,-0.007283789701732721,-0.00026296968380323533,0.012265663725262683,0.0010583033052741844,0.018703962638057514,-0.0024529222706639858,-0.002484445842547797
-0.0014872038175382974,-0.0027489236544001807,-0.0023615752136025947,-0.0023011082674725355,0.00032346164590249255,-0.0070900425869096124,-0.0002844366198348553,0.012234569391229525,0.0003205983370849416,0.02004546032656418,-0.0018404649356600095,-0.0037344209640836207
-0.0014839709564112237,-0.002818789480338786,-0.002364495865500047,-0.002178980379842597,0.0003231105795122393,-0.006883122600811464,-0.0002996937596555963,0.012191008134758149,-0.0003908116151355931,0.02133853689306553,-0.0012109630284881916,-0.004977830330191599
-0.001480776457756581,-0.002886522720843486,-0.0023675372224768775,-0.002057350063747453,0.0003157891514163075,-0.006663525500128509,-0.0003085776357105121,0.012135055084270686,-0.0010734740040507576,0.022580883243525585,-0.0005658121824949642,-0.0062127797673009605
-0.0014776885296407024,-0.0029519991950246404,-0.0023706348060190336,-0.0019363407668048383,0.0003017964717594052,-0.0064317693361023885,-0.0003109390727207049,0.01206680430425224,-0.001725061927329706,0.023770349561698434,9.352478045640718e-05,-0.0074373762363882795
-0.0014747722759683357,-0.0030151000059171484,-0.0023737227205957163,-0.0018160749014518177,0.0002814542627139333,-0.006188392842399222,-0.00030664384261584667,0.011986368766351882,-0.0023433798817646748,0.024904949178934932,0.0007655212405152361,-0.008649731343683423
-0.0014720894770646185,-0.00307571173906416,-0.0023767338062298956,-0.0016966736561942087,0.0002551055180295095,-0.00593395378700313,-0.0002955732842200028,0.011893880285169921,-0.0029263690551200802,0.025982861900283427,0.0014485904386535315,-0.009847964892708658
-0.0014696983839143462,-0.00313372664446711,-0.0023795997970762835,-0.001578256807676573,0.00022311311202493907,-0.005669027293586868,-0.00027762488505757917,0.011789489418357195,-0.0034721121457940082,0.027002436782968986,0.002141089393831201,-0.011030208469836725
-0.001467653526540274,-0.0031890428016242835,-0.002382251485615355,-0.0014609425339311276,0.0001858583627895049,-0.005394204137847784,-0.0002527128227567129,0.011673365330731895,-0.003978837701292821,0.027962194364847703,0.0028413230663420514,-0.01219460905522328
-0.0014660055369541255,-0.0032415642674350513,-0.0023846188920473577,-0.001344847229166446,0.00014373955444019622,-0.005110089024305777,-0.00022076846364383056,0.01154569562220444,-0.004444923968568916,0.028860828343553746,0.003547548756234418,-0.013339332650267446
-0.001464800987065204,-0.00329120120680184,-0.0023866314384468393,-0.0012300853204585027,9.717042334412352e-05,-0.004817298849051986,-0.00018174081625250353,0.011406686119384198,-0.004868902250645624,0.029697206707204438,0.004257980722030987,-0.014462567913780963
-0.0014640822418821695,-0.00333787000581665,-0.0023882181272161357,-0.0011167690867074352,4.657861326276617e-05,-0.004516460953909964,-0.0001355969376067779,0.011256560630829316,-0.005249459765625845,0.03047037232119998,0.004970795007114141,-0.015562529797195426
-0.001463887328293818,-0.00338149336747334,-0.0023893077233555896,-0.0010050084802233315,-7.595895592471546e-06,-0.004208211377428094,-8.232229028400171e-05,0.011095560665991414,-0.005585442005421697,0.031179542975174113,0.005684134457441094,-0.016637463170385045
-0.0014642498196647143,-0.0034220003899007884,-0.002389828940049103,-0.0008949109513034033,-6.490237858678658e-05,-0.003893193108061568,-2.1921048418647932e-05,0.010923945117994235,-0.00587585459344131,0.031824110898131086,0.0063961139156296625,-0.017685646429050808
-0.0014651987364314642,-0.0034593266271652134,-0.0023897106270460346,-0.0007865812761610424,-0.0001248809747632005,-0.0035720543448234266,4.558364903229771e-05,0.010741989910477933,-0.006119864641841475,0.03240364174949717,0.007104825574559465,-0.018705395074209638
-0.001466758462835401,-0.003493414132742284,-0.002388881961304524,-0.0006801213885644882,-0.0001870643060241435,-0.0032454467705906897,0.0001201494992698137,0.010549987608832915,-0.00631680161034712,0.03291787309705019,0.007808344472943735,-0.019695065254793934
-0.0014689486798776545,-0.00352421148581094,-0.002387272639347112,-0.000575630215539131,-0.0002509791024265628,-0.0029140238431404806,0.0002017148922126246,0.010348246996238531,-0.006466157670136748,0.033366712392991604,0.008504734115618445,-0.020653057264082716
-0.0014717843145331218,-0.003551673800570979,-0.002384813070767109,-0.00047320351748286396,-0.00031614782866690974,-0.002578439108867322,0.000290198823787926,0.010137092615014871,-0.0065675875779326355,0.03375023446164016,0.00919205219944183,-0.021577818980649158
-0.0014752755052109066,-0.0035757627188352744,-0.00238143457231358,-0.0003729337330383439,-0.0003820903068900416,-0.002239344543991791,0.00038550086691786355,0.009916864273889145,-0.006620908066693739,0.034068678513465955,0.009868356426545682,-0.02246784924449595
-0.0014794275834004843,-0.0035964463861948154,-0.0023770695619741147,-0.0002749098290595491,-0.0004483253310255078,-0.0018973889279164022,0.00048750120097523504,0.009687916521869813,-0.006626096760399495,0.03432244470161183,0.010531710384928616,-0.023321701159370614
-0.00148424107139531,-0.0036136994121004867,-0.002371651752467808,-0.0001792171560026342,-0.0005143722679396424,-0.0015532162532178643,0.0005960607002861224,0.009450618089513165,-0.006583290622427431,0.03451209023809576,0.011180189477248859,-0.024137985311958862
-0.0014897116959389542,-0.0036275028142494967,-0.0023651163435560807,-8.593730906277732e-05,-0.0005797526407891687,-0.0012074641765841367,0.0007110210820593143,0.009205351298458208,-0.006492783947477824,0.034638325088649724,0.011811886877389516,-0.024915372899032465
-0.0014958304175932548,-0.003637843947706477,-0.002357400212576174,4.852004630488081e-06,-0.0006439916900709524,-0.0008607625148119349,0.0008322051139220195,0.008952511440194872,-0.006355025908878927,0.034702007265790646,0.012424919495151537,-0.025652598753634778
-0.001502583475583538,-0.0036447164192294295,-0.002348442102601385,9.307709245705581e-05,-0.0007066199079857141,-0.0005137317897785467,0.0009594168810358088,0.008692506125118675,-0.006170617674073401,0.03470413774088699,0.01301743392760632,-0.026348464261604657
-0.0015099524478327977,-0.0036481199873087625,-0.0023381828076333745,0.0001786683960977044,-0.0007671745418662093,-0.00016698182608806397,0.0010924421125662704,0.008425754603011044,-0.005940309102025639,0.03464585499720957,0.01358761237848602,-0.02700184015992156
-0.0015179143258549472,-0.003648060448463539,-0.0023265653542351677,0.0002615606043936028,-0.0008252010625636841,0.0001788895951327411,0.0012310485670750874,0.008152687056168634,-0.005664995037469315,0.034528429246951445,0.014133678523277377,-0.0276116692085603
-0.0015264416041369784,-0.0036445495103726634,-0.00231353517901881,0.00034169275900687937,-0.0008802545938425646,0.0005232980230424158,0.0013749864761964583,0.007873743866486677,-0.005345711218306789,0.034353256334983484,0.014653903300996779,-0.02817696872783114
-0.0015355023836011769,-0.0036376046524499933,-0.0022990403014090223,0.00041900835262871525,-0.0009319012989971256,0.0008656735614915882,0.0015239890457610758,0.007589374857880499,-0.00498362981260542,0.03412185135485099,0.015146610611926709,-0.028696832993404434
-0.0015450604887015478,-0.003627248974501186,-0.0022830314911135765,0.0004934554194956441,-0.000979719721077055,0.0012054620282698962,0.0016777730133280926,0.007300038515505277,-0.004580054603380453,0.033835842000810606,0.015610182901476616,-0.029170435481639875
-0.00155507559767339,-0.00361351103412642,-0.0022654624297424953,0.0005649866179897078,-0.0010233020732913693,0.0015421260466833265,0.001836039260888152,0.007006201183307451,-0.00413641583948238,0.033496961681875465,0.016043066610535256,-0.029597030957925333
-0.001565503385421595,-0.003596424673556934,-0.0022462898660315323,0.0006335593051137965,-0.0010622554763496561,0.0018751460672138038,0.0019984734813044314,0.006708336241510305,-0.0036542647721750053,0.033107042424219996,0.016443777472720605,-0.029975957401503814
-0.0015762956785018247,-0.003576028836634517,-0.0022254737641406635,0.0006991356026498591,-0.0010962031396962858,0.002204021317269615,0.002164746896869348,0.006406923265702203,-0.0031352678971509097,0.032668007586942244,0.01681090564026269,-0.030306637760116564
-0.0015874006216192915,-0.003552367376661664,-0.002202977444515476,0.0007616824548246614,-0.0011247854837970702,0.002528270677301008,0.0023345170281681153,0.006102447169258259,-0.0025812009230059517,0.03218186441933632,0.01714312061949083,-0.030588581528672262
-0.0015987628550425106,-0.003525488855866035,-0.0021787677168183446,0.0008211716773253684,-0.001147661200846755,0.0028474334818247905,0.002507428511258201,0.005795397330883144,-0.00199394248693097,0.03165069648542021,0.01743917599852632,-0.030821386146350785
-0.0016103237023041388,-0.0034954463372360908,-0.002152815004457053,0.0008775799975253698,-0.001164508251478871,0.0031610702441640503,0.0026831139610001137,0.00548626670911713,-0.0013754676394922526,0.031076655982431783,0.017697913949856175,-0.031004738206851998
-0.0016220213675379287,-0.003462297169495372,-0.002125093460261016,0.0009308890857994327,-0.001175024795279108,0.0034687633039796628,0.0028611948782072544,0.00517555094569546,-0.0007278411205551318,0.030461955980690708,0.017918269491571964,-0.031138414477481904
-0.0016337911417799464,-0.003426102765990783,-0.0020955810728793783,0.000981085577826389,-0.0011789300531244392,0.0037701173969382096,0.003041282598120309,0.004863747459695789,-5.32104485111394e-05,0.029808862611018644,0.018099274491038958,-0.031222282722452296
-0.0016455656175435422,-0.0033869283782754635,-0.002064259763500984,0.0010281610877971054,-0.0011759650995947254,0.004064760146125667,0.003222979277558568,0.004551354534447495,0.0006462011544539036,0.029119687226472762,0.018240061396612856,-0.03125630232720668
-0.0016572749109611713,-0.0033448428651694324,-0.0020311154725234076,0.0010721122124653952,-0.001165893583931096,0.004352342475080544,0.003405878917956708,0.004238870399210459,0.0013681019782719774,0.028396778564502706,0.0183398666830151,-0.031240524720200433
-0.0016688468907720409,-0.0032999184580811357,-0.0019961382358268252,0.0011129405259997487,-0.001148502378242809,0.00463253894257879,0.003589568421359754,0.003926792307660253,0.002110139159385401,0.027642514935146495,0.018398033997594126,-0.03117509358984062
-0.0016802074134227199,-0.0032522305233704412,-0.0019593222503384196,0.0011506525656142489,-0.0011236021518929913,0.0049050479995601136,0.0037736286763213785,0.0036156156152397714,0.002869906110578139,0.02685929646111826,0.018414016994730747,-0.031060244894255726
-0.0016912805635383027,-0.0032018573225284486,-0.0019206659286041413,0.0011852598079777263,-0.0010910278712235766,0.005169592168838407,0.003957635670534283,0.0033058328574557217,0.003644950023304779,0.02604953739454044,0.018387381847850076,-0.030896306662554177
-0.001701988899014456,-0.0031488797709418506,-0.0018801719421168875,0.0012167786364210584,-0.0010506392240070767,0.005425918148481207,0.0041411616269164805,0.0029979328312106936,0.0044327794199952066,0.025215658534019497,0.018317809428589488,-0.030683698586451466
-0.0017122536999756859,-0.003093381195999531,-0.0018378472531834099,0.0012452302989834527,-0.0010023209682389058,0.005673796839982718,0.004323776159779038,0.0026923996812681776,0.00523087173363895,0.024360079766282655,0.01820509714392196,-0.03042293140205178
-0.001721995220842429,-0.0030354470952866676,-0.0017937031351464223,0.001270640857359542,-0.0009459832051097225,0.0059130233025899495,0.004505047447618483,0.002389711993949683,0.0060366808921977246,0.02348521275516366,0.018049160423967064,-0.03011460606164716
-0.0017311329447490722,-0.0029751648955969063,-0.0017477551808133141,0.0012930411268300796,-0.0008815615762189116,0.00614341663536231,0.0046845434190031475,0.0020903419001578323,0.006847644885964451,0.022593453799308466,0.017850033852965824,-0.02975941269672301
-0.0017395858395567068,-0.0029126237134762894,-0.0017000232989785018,0.0013124666072799138,-0.0008090173853080106,0.0063648197887610745,0.004861832947959308,0.0017947541898090105,0.007661193296215733,0.021687176880444498,0.017607871938266267,-0.029358129373041372
-0.0017472726147082895,-0.0028479141179936214,-0.0016505316989626304,0.001328957405427677,-0.0007283376450085294,0.006577099307772521,0.00503648705521498,0.0015034054397436377,0.008474754763680533,0.020768726921844866,0.017322949512868085,-0.028911620640033178
-0.0017541119781798746,-0.0027811278964109416,-0.0015993088631284528,0.001342558148412193,-0.0006395350493084903,0.0067801450087634435,0.00520808011162053,0.0012167431571595269,0.00928576437632728,0.019840413276339647,0.016995661768241938,-0.028420835876788994
-0.0017600228927896469,-0.0027123578234048455,-0.0015463875073701515,0.0013533178889009226,-0.0005426478726459655,0.006973869592455771,0.005376191040039737,0.0009352049405864206,0.010091670956177686,0.018904503462125827,0.016626523915599517,-0.027886807437832242
-0.0017649248311365686,-0.002641697434464663,-0.0014918045296099995,0.0013612900019057848,-0.0004377397967383802,0.007158208195580693,0.005540404511990661,0.0006592176603860127,0.010889944225339374,0.01796321716285873,0.01621617047458543,-0.02731064860224934
-0.0017687380284525044,-0.002569240804067077,-0.0014356009463734679,0.0013665320735113337,-0.00032489966644878095,0.007333117883936584,0.005700312135315672,0.0003891966607237642,0.01167808183258048,0.017018720508319457,0.01576535419041672,-0.026693551330200363
-0.0017713837326656316,-0.0024950823291987477,-0.0013778218175510381,0.0013691057817395204,-0.00020424117617665283,0.00749857708972923,0.005855513629170272,0.00012554498491357025,0.012453616221845144,0.0160731206502098,0.015274944580503241,-0.026036783831838425
-0.001772784450988718,-0.00241931651876905,-0.001318516159491965,0.0013690767697940175,-7.590248844064419e-05,0.007654584996210274,0.006005617982644348,-0.00013134737401414585,0.01321412132535658,0.015128460645998959,0.014745926114312052,-0.025341687953704797
-0.0017728641923633788,-0.002342037789424196,-0.001257736846611913,0.0013665145119453256,5.9954213508501164e-05,0.007801160872760548,0.006150244593366076,-0.0003811041957242223,0.01395721906447249,0.014186714664055938,0.014179396030033459,-0.024609676388310492
-0.0017715487051106274,-0.002263340268242003,-0.0011955405017326588,0.0013614921723355384,0.00020314323704177507,0.007938343363678109,0.006289024382484744,-0.0006233637262332309,0.014680585642182293,0.013249783519456076,0.013576561793700176,-0.02384222971349123
-0.0017687657091588428,-0.0021833176027534515,-0.0011319873754077796,0.0013540864569986648,0.00035345595331514235,0.008066189734032156,0.006421600882491096,-0.0008577793411414779,0.015381957612491153,0.01231949055135348,0.01293873820757016,-0.02304089326815817
-0.0017644451222425825,-0.0021020627787031094,-0.0010671412145233014,0.0013443774594087583,0.0005106614299369207,0.008184775076036259,0.006547631294404539,-0.0010840201768398216,0.01605913771186453,0.011397577849467072,0.01226734417511835,-0.022207273871510558
-0.0017585192794894154,-0.0020196679459255898,-0.0010010691204965813,0.0013324484998837218,0.0006745071206965004,0.00829419147946767,0.006666787510939489,-0.0013017717281674766,0.016710000440051397,0.01048570283681502,0.011563899131871697,-0.02134303639402041
-0.001750923145837012,-0.00193622425267964,-0.0009338413974300856,0.0013183859591875012,0.0008447196097841567,0.008394547169722266,0.006778757102359645,-0.0015107364110766572,0.017332497377479873,0.009585435214104293,0.010830019152159448,-0.02044990018781573
-0.0017415945207490359,-0.0018518216887453104,-0.0008655313906091168,0.0013022791066874075,0.001021005407811092,0.008485965617143675,0.006883244261834123,-0.0017106340889420683,0.017924662227907184,0.008698254270177203,0.01006741274273612,-0.019529635385266475
-0.00173047423472583,-0.0017665489375530811,-0.0007962153157638195,0.001284219923436483,0.0012030517968300816,0.008568584621302174,0.006979970707225341,-0.00190120256124285,0.01848461557589075,0.007825546561522706,0.00927787633550739,-0.018584059074889858
-0.0017175063371343907,-0.0016804932375769656,-0.0007259720795458605,0.0012643029205630912,0.0013905277214577862,0.008642555373920929,0.007068676536366444,-0.002082198013435507,0.019010569349650185,0.006968603962228287,0.008463289492713105,-0.017615031363641565
-0.0017026382749115506,-0.001593740253186586,-0.0006548830916989154,0.0012426249533612549,0.0015830847231102282,0.008708041504154992,0.007149121033022589,-0.0022533954269317556,0.019500830980838203,0.006128622084584229,0.007625609838515818,-0.016624451335608137
-0.0016858210617245856,-0.0015063739551161818,-0.0005830320694294196,0.0012192850314856247,0.0017803579142827639,0.00876521810992586,0.007221083420876565,-0.00241458894819427,0.01995380725366892,0.005306699069589332,0.006766867732279497,-0.015614252916894722
-0.001667009437204485,-0.0014184765106715594,-0.0005105048345098636,0.0011943841256643352,0.0019819669897373667,0.008814270778998611,0.007284363563034634,-0.0025655922160636325,0.020368007837251668,0.004503834744960883,0.005889160699334234,-0.01458640065697775
-0.0016461620158987919,-0.0013301281837592794,-0.0004373891036711286,0.001168024971351339,0.0021875172714012486,0.008855394603457398,0.007338782604712372,-0.002706238646535627,0.020742048495524756,0.0037209301467963918,0.004994647636213351,-0.01354288543742116
-0.0016232414256231282,-0.0012414072447860245,-0.000363774272862909,0.0011403118697470896,0.00239660078373149,0.008888793191193576,0.007384183556931546,-0.0028363816743142275,0.02107465397052354,0.002958787400439117,0.0040855428076215505,-0.012485720118299015
-0.001598214434923165,-0.0011523898904402118,-0.00028975119598206064,0.0011113504866226498,0.00260879735626117,0.008914677677968967,0.007420431819238125,-0.002955894950573736,0.021364660535412427,0.002218109954639197,0.0031641096536943747,-0.011416935133602701
-0.0015710520693917832,-0.0010631501733326188,-0.00021541195868768082,0.0010812476493874041,0.0028236757500151696,0.008933265743549634,0.007447415639637841,-0.0030646724964754055,0.021611018215387568,0.0014995031614941923,0.002232654426248676,-0.010338574046731164
-0.0015417297166193816,-0.0009737599414382308,-0.00014084964793880674,0.0010501111428445498,0.0030407948044651485,0.008944780635327963,0.0074650465101369756,-0.0031626288120954514,0.02181279267460824,0.0008034751941714269,0.0012935196735782417,-0.009252689077277998
-0.0015102272195886364,-0.0008842887872477676,-6.615811790575323e-05,0.0010180495040813978,0.0032597046016838945,0.008949450202764669,0.007473259496473726,-0.003249698940534964,0.021969166769140947,0.00013043829316974898,0.0003490775937719237,-0.008161336610624514
-0.0014765289583584086,-0.0007948040065045251,8.568247080754704e-06,0.0009851718169432413,0.003479947644361655,0.008947505945883838,0.007472013500827861,-0.003325838487096324,0.02207944176641109,-0.0005192896693358151,-0.0005982767229447961,-0.007066572701647511
-0.0014406239199148158,-0.0007053705663703781,8.323477186740853e-05,0.0009515875065401315,0.003701060044356914,0.00893918208094556,0.007461291456502903,-0.003391023593525638,0.022143038232640733,-0.0011454833183197344,-0.0015461321420467689,-0.005970448584215304
-0.0014025057561006555,-0.000616051082834136,0.00015774673141884788,0.0009174061342353233,0.003922572718475152,0.00892471462630286,0.007441100453784968,-0.003445250867435998,0.02215949659100692,-0.0017480076102201203,-0.002492068401540287,-0.0048750061978566905
-0.0013621728295672884,-0.0005269058071460021,0.00023200959266974955,0.0008827371935624409,0.004144012588198265,0.008904340511323916,0.007411471796395366,-0.003488537267140489,0.022128477353615773,-0.0023268153855688645,-0.003433663076380128,-0.0037822737430414644
-0.001319628247725668,-0.00043799262103375584,0.0003059292565925712,0.0008476899075155444,0.004364903780125792,0.008878296711125335,0.007372460988168969,-0.003520919942238817,0.022049761031889614,-0.0028819446541472893,-0.004368498568899121,-0.0026942612766241436
-0.001274879884705356,-0.0003493670404295327,0.00037941229978245107,0.0008123730276522746,0.0045847688239366085,0.008846819409719289,0.007324147649806998,-0.0035424560304151385,0.021923247730273644,-0.0034135156270620193,-0.0052941691034952,-0.0016129563586401718
-0.0012279403913620012,-0.00026108222741079613,0.0004523662148603338,0.0007768946354451159,0.004803129844734361,0.008810143194028027,0.007266635365769547,-0.0035532224110166022,0.021748956429276888,-0.0039217275111900485,-0.00620828770399498,-0.0005403197616525302
-0.0011788271934048092,-0.0001731890100353413,0.0005246996489971355,0.000741361946309566,0.005019509746704043,0.008768500281062942,0.007200051461590804,-0.0035533154160933677,0.021527023964659543,-0.004406855081827005,-0.007108493131753629,0.0005217187462994155
-0.0011275624777458975,-8.573590972801116e-05,0.0005963226398656706,0.0007058811167306474,0.005233433385078313,0.008722119780403083,0.007124546712116202,-0.0035428504996903596,0.02125770371019432,-0.0048692450501448825,-0.007992456763166761,0.0015712645343021747
-0.0010741731672030536,1.2308241437078592e-06,0.0006671468483331287,0.0006705570549007573,0.0054444287234904605,0.00867122699394072,0.007040294981375412,-0.0035219618662876494,0.020941363972235217,-0.00530931224232753,-0.008857889384991185,0.002606462146239885
-0.00101869088371622,8.766717288686014e-05,0.0007370857872150983,0.0006354932352723625,0.005652027973876247,0.008616042754689737,0.006947492795018515,-0.0034908020593913277,0.020578486104921977,-0.005727535607869011,-0.009702547886388274,0.0036254992330244096
-0.0009611519002659416,0.00017353130069169205,0.0008060550454224525,0.0006007915174185122,0.005855768716179442,0.008556782806276643,0.0068463588464523365,-0.0034495415113787327,0.020169662355717145,-0.006124454074749569,-0.010524241826847497,0.004626610369494577
-0.0009015970817089748,0.00025878350084585156,0.0008739725068448188,0.0005665519695826143,0.006055194995213907,0.008493657224555258,0.0067371334380209175,-0.003398368055800844,0.019715593451175805,-0.006500662269527641,-0.011320839859436355,0.005608080746083155
-0.0008400718147722104,0.00034338613638165,0.0009407585633288049,0.0005328726972864074,0.006249858392138983,0.00842686988260443,0.006620077858776304,-0.003337486403440527,0.019217085933839518,-0.006856806120637743,-0.012090275989486393,0.006568249725980302
-0.0007766259274709405,0.0004273035755955963,0.001006336321125602,0.0004998496773516209,0.006439319068114991,0.008356617960184824,0.0064954737005831235,-0.0032671175835167817,0.018675049261361997,-0.00719357836328352,-0.012830555649149616,0.00750551425876872
-0.0007113135982412705,0.0005105021228892528,0.0010706318002009832,0.000467576597676466,0.006623146777819007,0.008283091498546486,0.0063636221144931105,-0.0031874983515142005,0.018090492679441284,-0.007511713964384076,-0.01353976156885292,0.008418332141747531
-0.0006441932550990724,0.000592949945388454,0.0011335741258210095,0.00043614470309289154,0.006800921850620609,0.008206473001293745,0.0062248430095121375,-0.0030988805652006853,0.017464521880879224,-0.007811985486164047,-0.014216059427341637,0.009305225120955496
-0.0005753274651592691,0.0006746169958040684,0.0011950957118488728,0.00040564264761450803,0.0069722361373400574,0.008126937081829134,0.006079474196060526,-0.0030015305304760174,0.01679833546301045,-0.00809519840675807,-0.01485770326298072,0.01016478182397812
-0.0005047828148693804,0.000755474932001787,0.001255132435212176,0.0003761563533682793,0.007136693920637691,0.00804465015771458,0.005927870476600103,-0.00289572831876973,0.01609322119651625,-0.008362186416152745,-0.01546304062910378,0.010995660517279349
-0.00043262978133012725,0.000835497033750884,0.0013136238010255093,0.000347768876485548,0.0072939127872129325,0.007959770192104821,0.005770402686066562,-0.0027817670577765237,0.01535055211853208,-0.008613806705799004,-0.016030517477604395,0.011796591681361879
-0.0003589425950934449,0.0009146581171225513,0.0013705130978803471,0.0003205602802097488,0.007443524460123536,0.007872446482228644,0.005607456684901013,-0.0026599521973833203,0.0145717824635886,-0.008850935269436394,-0.016558682755505455,0.012566380397278809
-0.0002837990948444748,0.000992934447007272,0.0014257475428429572,0.0002946075154593205,0.007585175589670492,0.007782819494715479,0.0054394323076210034,-0.0025306007527023363,0.01375844344580256,-0.009074462233196606,-0.017046192700496426,0.013303908538917997
-0.00020728057438897254,0.0010703036482178029,0.0014792784157311174,0.0002699843090649128,0.007718528501429955,0.007691020747390714,0.0052667422700110305,-0.002394040526179211,0.01291213890609012,-0.009285287231756395,-0.017491814821498114,0.014008136765707058
-0.00012947162238106594,0.0011467446156397212,0.0015310611822718712,0.00024676105988004213,0.007843261900151364,0.007597172736992942,0.005089811038139737,-0.0022506093107949213,0.012034540838191544,-0.009484314847798075,-0.017894431552760576,0.014678106311150907
-5.045995523841113e-05,0.0012222374238851893,0.0015810556057752109,0.0002250047429439479,0.007959071528379599,0.007501388912100676,0.004909073662528192,-0.002100654076423925,0.011127384807455242,-0.009672450130655125,-0.018253043569548405,0.015312940563048383
2.966375629747693e-05,0.0012967632368976712,0.001629225846992366,0.000204778821854584,0.008065670778798014,0.007403773690395717,0.004724974580902834,-0.0019445301414488545,0.010192465276227847,-0.0098505942103366,-0.01856677275552307,0.015911846431965693
0.00011080606648860729,0.0013703042179458228,0.0016755405518621925,0.00018614316948851821,0.008162791259428056,0.007304422519234591,0.0045379663930624784,-0.0017826003317643038,0.009231630849780525,-0.010019640021888626,-0.018834864812548174,0.01647411550494443
0.00019287093934054823,0.0014428434404337468,0.0017199729268848783,0.0001691539971830543,0.008250183310960132,0.007203421978350224,0.004348508611474664,-0.0016152341293284803,0.008246779456634646,-0.010180468154984607,-0.019056691505014628,0.01699912498222028
0.00027575993827348987,0.0015143647999423227,0.0017625008018987067,0.00015386379247420446,0.008327616475628196,0.007100849923364947,0.0041570663912910205,-0.0014428068124414859,0.007239853476978097,-0.010333942842070815,-0.01923175253171419,0.017486338395178602
0.00035937242023751753,0.0015848529279024427,0.0018031066800728267,0.00014032126546228093,0.008394879917177337,0.006996775668659053,0.003964109243532978,-0.0012656985899432214,0.006212834832850168,-0.01048090809910815,-0.019359677019894356,0.017935306104474302
0.0004436057337814479,0.0016542931072857925,0.0018417777749667483,0.00012857130385490593,0.008451782791608737,0.006891260208010906,0.003770109735251343,-0.0010842937315317784,0.005167740053429692,-0.010622184030521203,-0.019440224636432607,0.018345665577814307
0.0005283554205820898,0.0017226711906823695,0.001878506034545515,0.00011865493671522177,0.008498154568519637,0.006784356471304489,0.0035755421805019902,-0.0008989796964050546,0.004106615328750441,-0.010758563310762054,-0.019473286313438004,0.01871714144753045
0.0006135154199396236,0.0017899735211163292,0.0019132881520780513,0.00011060930692107639,0.008533845302987125,0.006676109615487451,0.0033808813260052793,-0.0007101462624240214,0.0030315315647472356,-0.01089080785264554,-0.019458884585904196,0.0190495453486762
0.0006989782757449225,0.0018561868559330643,0.0019461255638849465,0.00010446765231902806,0.008558725858072661,0.0065665573478595855,0.0031866010353737593,-0.0005181846579856443,0.0019445794523599187,-0.011019645672927653,-0.019397173540399798,0.019342775538999213
0.0007846353454260339,0.0019212982940707342,0.0019770244339407887,0.00010025929553521408,0.00857268807814962,0.006455730279674393,0.0029931729757946735,-0.0003234866987771525,0.0008478645630319963,-0.011145767964110959,-0.01928843837541741,0.019596816302699133
0.0008703770103836739,0.001985295207008864,0.0020059956253749753,9.800964238352416e-05,0.008575644913378384,0.006343652307951523,0.002801065311042662,-0.000126443931560831,-0.0002564975172795296,-0.011269826380463116,-0.019133094574984882,0.019811737140565167
0.0009560928874294259,0.0020481651736652174,0.0020330546589535825,9.77401887901695e-05,0.008567530495772012,0.006230341023319198,0.002610741404678777,7.255321288989974e-05,-0.0013663860039946248,-0.011392430546001836,-0.018931686697792133,0.019987691749580982
0.0010416720407453387,0.0021098959194900007,0.0020582216586632666,9.946853613270094e-05,0.008548300167410552,0.0061158081416374625,0.00242265853725803,0.0002731162556163883,-0.002479679668297218,-0.011514145790345126,-0.01868488678635724,0.020124916795716735
0.0011270031938897514,0.002170475259983665,0.0020815212845561645,0.00010320841487086224,0.008517930461471977,0.00600005995709541,0.0022372666413215505,0.00047485949201587097,-0.0035942615194178747,-0.011635491118065416,-0.01839349240093871,0.020223730484179803
0.0012119749413813847,0.0022298910488412673,0.0021029826530522336,0.00010896971632642436,0.008476419036854695,0.005883097814425036,0.0020550070578922745,0.0006774007990965531,-0.004708023404038541,-0.011756937416009333,-0.018058424284916524,0.020284530931956618
0.0012964759594020008,0.0022881311309025606,0.002122639244932325,0.00011675853244938846,0.008423784567268522,0.005764918597833622,0.0018763113181259699,0.0008803624254962675,-0.005818870513195951,-0.011878905902273501,-0.017680723668344417,0.02030779434798627
0.00138039521516718,0.0023451833000628663,0.002140528801291401,0.00012657720338872224,0.008360066585767323,0.005645515234227519,0.0017015999536892494,0.0010833717623704876,-0.00692472578704385,-0.01200176681894713,-0.017261549218999667,0.020294073026857734
0.0014636221745249632,0.0024010352622754042,0.0021566932077565692,0.00013842437266715858,0.008285325285789307,0.00552487720828007,0.001531281339344414,0.0012860620933167813,-0.00802353420855938,-0.012125838370542513,-0.016802173649967417,0.020243993162401025
0.0015460470073531982,0.002455674603751214,0.0021711783673088966,0.00015229504974158798,0.008199641279857688,0.005402991086881901,0.001365750571121058,0.0014880733215690992,-0.009113266977764389,-0.012251385909091334,-0.01630397999470376,0.02015825248806255
0.0016275607903383723,0.0025090887644381886,0.0021840340620812157,0.00016818067971326363,0.008103115317177145,0.005279841050512993,0.0012053883833427596,0.0016890526727660296,-0.010191925558344129,-0.012378621364690395,-0.015768457560955934,0.02003761775132354
0.0017080557067314425,0.002561265016836169,0.0021953138045362032,0.00018606921993545705,0.007995867961436877,0.005155409429083058,0.0010505601076547545,0.0018886553716726555,-0.011257545589709383,-0.01250770292129652,-0.015197197576645088,0.01988292203000161
0.0017874252426896403,0.0026121904501805876,0.002205074678459819,0.00020594522325039695,0.0078780392302027,0.005029677239800698,0.0009016146770684287,0.0020865452913153247,-0.012308200657125668,-0.012638734935175339,-0.014591888540620074,0.019695061898532235
0.0018655643798273888,0.0026618519600028912,0.0022133771702346513,0.00022778992757233431,0.007749788197346999,0.004902624724660025,0.0007588836778980094,0.002282395573072148,-0.013342005914014698,-0.012771768092959296,-0.013954311293463778,0.019474994452832378
0.0019423697836142464,0.0027102362430520294,0.0022202849908857262,0.00025158135151944296,0.007611292560024517,0.004774231885167619,0.0006226804523169667,0.002475889216349582,-0.014357121550481734,-0.012906799805521924,-0.013286333822744772,0.01922373420265447
0.0020177399872731553,0.0027573297975377335,0.0022258648894178264,0.00027729439578402326,0.007462748171757268,0.004644479011973202,0.0004932992541030734,0.0026667196365664776,-0.015351756102968028,-0.013043774833361582,-0.012589905820033886,0.018942349840724598
0.0020915755708481422,0.002803118928633205,0.002230186457988234,0.0003049009499181594,0.007304368543240112,0.0045133472071210694,0.0003710144599784482,0.002854591190260753,-0.016324169600463113,-0.013182586137064939,-0.01186705300489116,0.01863196089813049
0.0021637793351269546,0.0028475897591523015,0.0022333219294820273,0.000334370004200619,0.007136384312522368,0.004380818896698261,0.00025607983878020327,0.0030392196662311593,-0.01727267654308563,-0.013323075947496904,-0.011119871234757828,0.018293734295950798
0.0022342564701208593,0.002890728245294395,0.002235345968078508,0.00036566776624040627,0.006959042686258576,0.00424687833172043,0.00014872788051596112,0.0032203327417262987,-0.018195648709672708,-0.013465037048069367,-0.010350520418090606,0.017928880803077113
0.002302914717820923,0.002932520197328859,0.002236335453416978,0.0003987577819630121,0.006772606853754157,0.004111512075172386,4.916918717799594e-05,0.003397670402794867,-0.01909151779121111,-0.013608214261539436,-0.009561218249502429,0.01753865141063657
0.002369664528967481,0.002972951305070724,0.002236369258987869,0.00043360106061706306,0.006577355375557437,0.003974709473200608,-4.240807299975174e-05,0.003570985328015324,-0.019958777848133036,-0.013752306132816222,-0.008754233786047106,0.017124333633454808
0.002434419213587127,0.0030120071679794456,0.0022355280253911042,0.0004701562034317846,0.006373581548371743,0.0038364631085437027,-0.00012583864635322512,0.0037400432349289853,-0.020795987589005704,-0.013896966798564864,-0.00793188088464757,0.016687247749277406
0.002497095085069372,0.0030496733296940617,0.002233893929117457,0.0005083795355494673,0.006161592748077296,0.0036967692343795153,-0.00020098060837625447,0.0039046231886075517,-0.021601772469883696,-0.014041808034272601,-0.007096511519958302,0.016228742986435868
0.0025576115975730713,0.0030859353168002975,0.002231550447520603,0.0005482252408519777,0.005941709752662554,0.0035556281868676506,-0.0002677157109944813,0.004064517871894539,-0.02237482661306468,-0.014186401468100324,-0.006250509003687062,0.015750193670961615
0.0026158914765707438,0.0031207786816084978,0.0022285821206574326,0.0005896454992962961,0.005714266046871936,0.003413044774772401,-0.00032594966163962646,0.004219533816969135,-0.023113914545058834,-0.014330280950949598,-0.005396281125341965,0.015252995343957548
0.002671860842356984,0.003154189048705653,0.0022250743106820158,0.0006325906263710926,0.005479607110376096,0.00326902864465868,-0.00037561233344374326,0.004369491597990166,-0.02381787275410908,-0.014472945071794613,-0.004536253235481399,0.014738560860248578
0.002725449326365203,0.003186152165030296,0.0022211129594843847,0.0006770092142844832,0.005238089691267735,0.003123594620269907,-0.0004166579060824797,0.004514225984687946,-0.024485611067563185,-0.01461385980596,-0.003672861292265881,0.014208316479307453
0.0027765901801549246,0.0032166539532057247,0.002216784345268954,0.0007228482744923277,0.004990081066676568,0.0029767630148158173,-0.00044906493700366915,0.004653586056880966,-0.025116113850670262,-0.014752461284857937,-0.0028085448919720167,0.013663697959296534
0.002825220376949728,0.0032456805678548846,0.0022121748387689977,0.0007700533811767492,0.004735958292284146,0.002828559915016149,-0.00047283636298756337,0.004787435280003319,-0.02570844102781421,-0.014888158675075785,-0.0019457403048068235,0.013106146665174095
0.0028712807056236575,0.003273218454609335,0.0022073706597930923,0.0008185688152859508,0.00447610744250172,0.0026790174358739447,-0.0004879994321935279,0.004915651541837014,-0.026261728928670968,-0.01502033715336501,-0.001086873536386087,0.012537105701564827
0.002914715857051431,0.003299254411515104,0.002202457634796853,0.0008683377087488857,0.004210922843053005,0.0025281739452798165,-0.0004946055670542865,0.005038127150749961,-0.02677519096107216,-0.0151483609654606,-0.00023435343576564197,0.011958016081024675
0.0029554745027550785,0.0033237756525298797,0.0021975209561686513,0.0009193021884818674,0.003940806297676465,0.002376074257675354,-0.0004927301585860935,0.00515476879584637,-0.027248118114235786,-0.01527157655543196,0.0006094351294042323,0.01137031293825716
0.0029935093657966322,0.003346769872798935,0.0021926449439112934,0.000971403519808798,0.003666166310634285,0.002222769796135707,-0.0004824722928854867,0.005265497469539762,-0.027679879294200228,-0.015389315752497384,0.0014421380107171276,0.010775421800421264
0.0030287772838832076,0.0033682253153914233,0.002187912810392945,0.0010245822489222992,0.003387417306680787,0.0020683187223619636,-0.00046395441078415337,0.005370248353160481,-0.02806992149649935,-0.01550089900225135,0.002261438409549541,0.010174754923722523
0.0030612392646671505,0.0033881308391742722,0.002183406428829877,0.001078778344019649,0.0031049788501077936,0.0019127860342078111,-0.0004373219018294616,0.005468970666309472,-0.028417769818099282,-0.015605638628579138,0.0030650633813888127,0.009569707706075709
0.0030908605332399157,0.0034064759874977944,0.002179206106150975,0.0011339313347550276,0.0028192748644452524,0.0017562436304966304,-0.000402742633950946,0.0055616274807662605,-0.02872302731440891,-0.015702842113656995,0.003850790194314311,0.008961655185281997
0.0031176105718338973,0.00342325105736534,0.0021753903608794124,0.0011899804496581265,0.0025307328543510686,0.001598770343012463,-0.00036040642036158876,0.005648195499853506,-0.028985374704427847,-0.01579181538317645,0.004616452523557132,0.008351948632167067
0.003141463151761565,0.003438447168758824,0.002172035706650488,0.0012468647511786482,0.0022397831311824325,0.0014404519356843674,-0.00031052442542333606,0.005728664804250847,-0.029204569929299328,-0.015871866082442704,0.00535994646409341,0.007741912247301225
0.003162396357635936,0.0034520563337927987,0.002169216441966449,0.001304523268026595,0.001946858043691819,0.001281381071110572,-0.0002533285113844308,0.005803038565338503,-0.0293804475688234,-0.015942306832316372,0.006079236343687632,0.007132839970229982
0.0031803926039306006,0.0034640715253718216,0.002167004446769204,0.0013628951244894602,0.0016523912152410828,0.0011216572446939906,-0.0001890705280645996,0.005871332727234547,-0.02951291812132385,-0.016002458450999874,0.006772360320278618,0.006525992408978637
0.0031954386439511915,0.00347448674502923,0.0021654689863902384,0.0014219196664194825,0.001356816788877098,0.0009613866867876716,-0.00011802154772848243,0.0059335756587699144,-0.029601967151473108,-0.016051653130263938,0.007437435746944814,0.0059225938980949355
0.00320752557130337,0.00348329708963001,0.0021646765234138846,0.0014815365835969367,0.001060568681558639,0.000800682233368313,-4.0471047542270074e-05,0.005989807776720922,-0.02964765431221873,-0.016089237553607777,0.008072664290297658,0.005323829692106513
0.0032166488139550075,0.003490498816626237,0.0021646905379653896,0.001541686028188994,0.0007640798487688145,0.0006396631658771248,4.3273957843264045e-05,0.006040081141690517,-0.02965011224574614,-0.016114575944629866,0.008676336786809166,0.004730843301812532
0.0032228081210023134,0.0034960894075605244,0.002165571356909108,0.0016023087290379298,0.00046778156069236993,0.0004784550209803503,0.0001328898309004105,0.0060844590280966695,-0.029609545369542783,-0.01612705303472503,0.009246837824620126,0.0041447339794180305
0.0032260075422611795,0.003500067629520988,0.0021673759924146605,0.0016633461015273564,0.00017210269108084374,0.000317189371112336,0.00022803727021008494,0.0061230154697886445,-0.029526228552762452,-0.016126076938877826,0.009782650037314756,0.003566554358976931
0.003226255400815933,0.003502433594260401,0.002170157990320159,0.0017247403527906502,-0.00012253098013015828,0.0001560035767703017,0.00032836231088962764,0.006155834782870116,-0.029400505689437955,-0.016111081929529036,0.010282358098593788,0.002997308257317338
0.003223564258668052,0.0035031888147024222,0.002173967288691687,0.001786434582041797,-0.0004156974494459785,-4.95948836604955e-06,0.00043349736341597697,0.006183011067359259,-0.029232788173726088,-0.016081531097741214,0.010744652406676079,0.002437948640511306
0.0032179508756371676,0.0035023362585689766,0.0021788500869472367,0.0018483728758254222,-0.0007069791567309387,-0.00016555173832308832,0.0005430622876939548,0.006204647689365768,-0.029023553283265956,-0.01603691889366654,0.011168332448919484,0.0018893757607904849
0.003209436161675849,0.0034998803988750093,0.0021848487258813447,0.0019105003979997808,-0.0009959636355328042,-0.000325620200470356,0.0006566654991276438,0.006220856745505948,-0.028773342477107156,-0.015976773535786998,0.011552309837818329,0.001352435467245422
0.003198045122768268,0.003495827261049842,0.002192001578893828,0.0019727634742838745,-0.0012822441459834097,-0.00048500736456313746,0.0007739051033690398,0.006231758511312801,-0.028482759613013952,-0.01590065928276929,0.011895611010460851,0.0008279176941250188
0.0031838068005908353,0.0034901844664581975,0.0022003429546924094,0.0020351096712176047,-0.0015654202895030874,-0.0006435515537657355,0.0008943700563472218,0.006237480875433238,-0.028152469090921606,-0.015808178557750324,0.012197379585175559,0.0003165551299624536
0.0031667542061203304,0.0034829612721085845,0.0022099030117047427,0.0020974878694019162,-0.001845098604597908,-0.0008010873161568655,0.0010176413461194301,0.006238158761429062,-0.027783193928042526,-0.015698973920475673,0.012456878369266091,-0.00018097793079777102
0.0031469242473818665,0.003474168606352025,0.002220707684400519,0.002159848330904149,-0.002120893143094873,-0.0009574458351550037,0.0011432931930358422,0.00623393353901748,-0.027375713771350497,-0.015572729879151953,0.0126734910140163,-0.0006640665515187105
0.0031243576515353087,0.003463819100390063,0.0022327786216890396,0.0022221427607322635,-0.0023924260262166794,-0.0011124553572374378,0.0012708942646682667,0.006224952426605434,-0.026930862853010728,-0.015429174537334861,0.012846723312468635,-0.0011321559308903606
0.0030990988815044504,0.0034519271154275014,0.002246133137522004,0.002284324362300194,-0.0026593279799549834,-0.0012659416352748787,0.0014000089019246525,0.006211367886980682,-0.02644952789465004,-0.015268081070153344,0.012976204138808487,-0.001584751994059913
0.0030711960473583898,0.003438508765322345,0.0022607841737954026,0.002346347886825234,-0.0029212388492571378,-0.0014177283857564255,0.0015301983527550315,0.006193337018027268,-0.02593264596578083,-0.01508926902615601,0.01306168602726734,-0.0020214217966228187
0.003040700812659139,0.0034235819346028645,0.0022767402756084017,0.0024081696766170236,-0.0031778080905929943,-0.0015676377581396467,0.0016610220098447958,0.00617102094033069,-0.025381202301390505,-0.014892605450488233,0.013103045390685495,-0.002441793742692794
0.0030076682959935537,0.0034071662917395298,0.0022940055789011076,0.002469747702236337,-0.0034286952425240905,-0.0017154908145272946,0.001792038648696378,0.006144584183531941,-0.02479622808482874,-0.014678005827041346,0.013100282379630925,-0.0028455576170569874
0.0029721569679111936,0.0033892832975776603,0.002312579810457173,0.0025310415935203973,-0.003673570373947932,-0.0018611080178465979,0.0019228076625167202,0.006114194073280151,-0.02417879819993961,-0.014445434836819288,0.013053520384437498,-0.0032324644333010244
0.0029342285434927635,0.003369956208854988,0.0023324583002215095,0.0025920126644898606,-0.003912114509738087,-0.002004309726687884,0.0020528902903505547,0.006080020120612513,-0.02353002895809143,-0.014194906931437962,0.012963005182329426,-0.0036023261002265106
0.002893947870776305,0.003349210076746801,0.002353632005847946,0.0026526239321707705,-0.004144020033553647,-0.002144916694949538,0.0021818508349367226,0.006042233415569465,-0.02285107580502054,-0.013926486720892833,0.012829103734904177,-0.003955014908383098
0.002851382815270363,0.0033270717403999154,0.0023760875493566954,0.002712840129382749,-0.004368991067634734,-0.0022827505744275308,0.0023092578668131797,0.006001006026826255,-0.022143131011196925,-0.013640289174705694,0.012652302640387216,-0.004290462840258941
0.0028066041407849543,0.0033035698154353058,0.0023998072657470133,0.0027726277115623153,-0.004586743829446984,-0.0024176344184944033,0.0024346854112504,0.005956510409086989,-0.021407421351253054,-0.013336479638668824,0.01243320624705677,-0.004608660707594331
0.0027596853868123087,0.003278734677417731,0.002424769263376571,0.0028319548577075047,-0.004797006965082127,-0.002549393185020549,0.0025577141146611903,0.00590891881995088,-0.020645205775775676,-0.013015273666560273,0.01217253443510127,-0.0049096571196274585
0.0027107027426900875,0.0032525984403091084,0.0024509474958859367,0.002890791465546853,-0.004999521859362113,-0.002677854236703976,0.002677932387211901,0.005858402747918788,-0.01985777308022151,-0.012676936670125177,0.011871120075040851,-0.005193557286790912
0.002659734918780108,0.003225194929940581,0.0024783118454142186,0.0029491091410522446,-0.005194042922633806,-0.0028028478370015143,0.0027949375184444913,0.00580513235315954,-0.0190464395741169,-0.012321783389382474,0.011529906171477224,-0.005460521665058754
0.002606863014895537,0.0031965596525561587,0.002506828216820519,0.0030068811824310628,-0.0053803378542803615,-0.0029242076398829334,0.0029083367628155842,0.0057492759226040815,-0.018212546755194226,-0.011950177186901306,0.011149942702741365,-0.005710764446032995
0.002552170386209088,0.003166729758498437,0.002536458642595413,0.0030640825587484855,-0.00555818788300946,-0.003041771171661433,0.0030177483921632517,0.005690999340880468,-0.017357458990625473,-0.011562529168798602,0.010732383166792172,-0.005944551898689615
0.002495742506873977,0.0031357440011241296,0.002567161398117343,0.003120689883345602,-0.005727387984012777,-0.003155380303200014,0.0031228027122227105,0.00563046557854279,-0.016482561210037983,-0.01115929713891764,0.010278480845099611,-0.006162200568845949
0.0024376668315882885,0.0031036426910539283,0.0025988911268806244,0.0031766813822332297,-0.005887747073124894,-0.0032648817108402615,0.0032231430404335622,0.005567834198982781,-0.015589256612385315,-0.01074098438913193,0.00978958479707073,-0.006364075343156
0.0023780326553319822,0.003070467645877473,0.002631598975294849,0.0032320368576548705,-0.0060390881781363535,-0.0033701273244508044,0.0033184266424113582,0.0055032608853453875,-0.014678964389906669,-0.01030813833297664,0.009267135598488439,-0.006550587384322543
0.0023169309715040678,0.0030362621354499443,0.002665232736629844,0.0032867376470250916,-0.00618124858744654,-0.0034709747610549213,0.0034083256245876358,0.005436896988698826,-0.013753117472130493,-0.009861348987846713,0.008712660836767052,-0.006722191944989825
0.002254454328685502,0.0030010708229318774,0.0026997370036561273,0.0033407665774617666,-0.006314079976266631,-0.003567287742558466,0.003492527780669031,0.005368889098636172,-0.012813160291887827,-0.00940124731286221,0.008127770379512043,-0.006879386067540877
0.0021906966862511295,0.002964939701738238,0.002735053329508033,0.003394107916141983,-0.006437448510607853,-0.0036589364961694014,0.003570737389712142,0.005299378637407107,-0.0118605465763565,-0.008928503409324912,0.007514151429110074,-0.007022706178272192
0.002125753269051525,0.002927916028576522,0.002771120396275413,0.003446747316722018,-0.006551234929313012,-0.003745798136173842,0.0036426759637637964,0.005228501478599897,-0.01089673716467542,-0.00844382459156326,0.00687356338122078,-0.007152725583169789
0.002059720421382922,0.002890048252766599,0.002807874190810131,0.0034986717620715717,-0.006655334604407588,-0.0038277570258107257,0.0037080829431798057,0.005156387591310852,-0.009923197854239684,-0.007947953335813523,0.006207832501981116,-0.007270051874639166
0.0019926954604605348,0.0028513859420472043,0.0028452481872155077,0.003549869503581394,-0.006749657580069892,-0.0039047051180682206,0.0037667163378955694,0.005083160710653565,-0.008941397278221175,-0.007441665115685475,0.005518846441171597,-0.0073753242568181665
0.0019247765296075152,0.002811979705085301,0.00288317353547045,0.0036003299973115343,-0.006834128590534025,-0.0039765422743124395,0.0038183533130928507,0.0050089380353745445,-0.007952804814605485,-0.00692576613315829,0.004808548598284636,-0.00746921079898602
0.0018560624513685715,0.002771881110915014,0.002921579255625302,0.0036500438372546766,-0.006908687057254701,-0.004043176559744938,0.0038627907178775526,0.004933829953253899,-0.006958888529529628,-0.006401090953341432,0.004078932358655727,-0.007552405625143005
0.0017866525807538989,0.002731142605542394,0.0029603924369934853,0.003699002685995342,-0.006973287065679834,-0.004104524514779034,0.0038998455557591365,0.004857939794879183,-0.005961113155496977,-0.005868500053477693,0.0033320352176610356,-0.007625626049800244
0.0017166466588155608,0.002689817425960909,0.0029995384417517896,0.0037471992030511866,-0.007027897321987788,-0.004160511401517994,0.003929355395901726,0.00478136361628975,-0.004960938106093871,-0.0053288772943143325,0.00256993281085691,-0.007689609668086267
0.0016461446667548338,0.0026479595118302536,0.003038941112352767,0.003794626971187132,-0.007072501090157594,-0.004211071424613099,0.003951178724293782,0.0047041900108993565,-0.0039598155278674045,-0.004783127324706732,0.001794732867554185,-0.007745111409992483
0.001575246680755288,0.002605623415077793,0.0030785229821450708,0.0038412804209966827,-0.007107096109751562,-0.004256147925879034,0.003965195234166943,0.004626499951010747,-0.002959188390926227,-0.004232172928480243,0.0010085691070781146,-0.007792900567729494
0.001504052727732539,0.002562864207687682,0.003118205488591785,0.003887154754047459,-0.007131694494798243,-0.004295693552143169,0.003971306055175872,0.004548366659144492,-0.0019604886184100383,-0.0036769523243466995,0.00021359509470766577,-0.007833757805521452
0.001432662642187692,0.00251973738794745,0.0031579091884728306,0.003932245864889735,-0.007146322614171153,-0.004329670395903222,0.003969433921033285,0.004469855509310803,-0.0009651352561720235,-0.0031184164276641113,-0.0005880219232249594,-0.007868472161216528
0.0013611759243475044,0.00247629878542558,0.003197553974455386,0.003976550262227602,-0.007151020953866372,-0.004358050108470754,0.00395952327547776,0.004391023958262561,2.5467317128147898e-05,-0.0025575260858421156,-0.0013941071878801094,-0.007897838048431832
0.001289691599770234,0.002432604464956331,0.003237059292415936,0.004020064989552295,-0.007145843961587697,-0.0043808139853790794,0.003941540316632292,0.0043119215066760854,0.0010099311386068226,-0.0019952492958230927,-0.0022024845812135506,-0.007922652268863323
0.0012183080805920298,0.002388710629909774,0.003276344358899055,0.004062787545536237,-0.0071308598740531595,-0.004397953023932278,0.003915472979991495,0.0042325896901122,0.0019868863683006784,-0.0014325584148164594,-0.003010982746945865,-0.00794371104391381
0.0011471230285845574,0.002344673525025732,0.003315328378101283,0.004104715804484422,-0.0071061505274413244,-0.004409467952876169,0.003881330860454119,0.004153062099524809,0.0029549829540663868,-0.0008704273739617296,-0.0038174411605293133,-0.007961807073564281
0.0010762332201903514,0.0023005493390900115,0.003353930757773537,0.004145847937137009,-0.007071811151399863,-0.004415369234267904,0.003839145073996621,0.0040733644309925866,0.003912892254225853,-0.00030982890438543964,-0.004619716130970317,-0.007977726632880239
0.0010057344136981442,0.002256394107730068,0.0033920713234422625,0.004186182332113292,-0.007027950147041582,-0.004415677037720797,0.0037889680597485214,0.003993514564264005,0.004859308617430346,0.0002482682138069403,-0.005415686718649584,-0.00799224671283591
0.0009357212187161538,0.0022122636166049757,0.003429670530358047,0.004225717518282716,-0.006974688849356489,-0.0044104211872976595,0.0037308733234083908,0.003913522669620773,0.005792950919588081,0.000802901870820466,-0.006203260549376564,-0.008006132215810507
0.0008662869680970176,0.002168213305261383,0.003466649672590596,0.004264452088343219,-0.006912161274470767,-0.004399641081420888,0.0036649551231014107,0.003833391342479923,0.006712564057556391,0.0013531193045337175,-0.006980379512019488,-0.008020133212359476
0.0007975235924637358,0.0021242981719229877,0.0035029310887007906,0.004302384623881001,-0.006840513852185584,-0.004383385586258168,0.0035913280989374827,0.003753115765076422,0.007616920399480354,0.0018979797280103405,-0.007745025320766128,-0.00803498226834079
0.0007295214974816534,0.002080572679476033,0.003538438363433943,0.004339513622178829,-0.006759905144230891,-0.004361712903132801,0.0035101268476930413,0.0036726838944891923,0.008504821191458133,0.002436556897062986,-0.008495224928122182,-0.008051391849105166
0.0006623694440171413,0.0020370906629073853,0.0035730965248933163,0.004375837425032259,-0.006670505548671535,-0.004334690410596711,0.003421505444181584,0.003592076676196809,0.009375097920413123,0.0029679416101551503,-0.009229055774169301,-0.008070051809371509
0.0005961544313192623,0.0019939052384449715,0.0036068322366693754,0.004411354149824634,-0.006572496990904264,-0.004302394481886058,0.0033256369110302385,0.00351126828227814,0.010226613633041014,0.0034912441319754073,-0.00994465085609977,-0.008091626974362248
0.0005309615833563084,0.0019510687146427458,0.0036395739844181114,0.004446061623102543,-0.006466072601686518,-0.00426491027855907,0.0032227126387169526,0.003430226373303697,0.01105826421050803,0.004005596533422279,-0.010640203606557461,-0.008116754820526345
0.00046687403843467514,0.0019086325056439876,0.0036712522564009615,0.00447995731688354,-0.006351436382640133,-0.004222331521192583,0.003112941757853074,0.003348912382895702,0.01186897959876888,0.004510154939875138,-0.011313972566218269,-0.008146043261072683
0.0004039728422231013,0.001866647046847585,0.0037017997175193573,0.004513038287917383,-0.00622880285967463,-0.0041747602380879335,0.002996550465826079,0.0032672818238729338,0.012657724994331699,0.005004101681054723,-0.01196428583918072,-0.008180068543480995
0.0003423368443008394,0.0018251617131921313,0.0037311513763986512,0.004545301120110942,-0.006098396724777749,-0.004122306493002808,0.0028737813100327115,0.00318528461483882,0.013423501985044505,0.005486647335970457,-0.01258954531949277,-0.00821937326334174
0.00028204259834383334,0.001784224740262166,0.0037592447450990425,0.004576741870315218,-0.005960452466623465,-0.004065088092990232,0.0027448924300455414,0.0031028654260163934,0.014165349645812165,0.005957032666544598,-0.013188230677941257,-0.008264464501143626
0.00022316426605846357,0.0017438831484097859,0.0037860199910550603,0.004607356017660691,-0.005815213990450488,-0.004003230277485808,0.00261015676115803,0.0030199640430781305,0.01488234558878333,0.006414530434340343,-0.013758903099560984,-0.008315812086508972
0.00016577352496787202,0.0017041826700731708,0.003811420080870102,0.0046371384166144615,-0.005662934227667824,-0.003936865389837201,0.0024698612018503228,0.0029365157476760615,0.015573606967749332,0.006858447095380998,-0.014300208761980435,-0.008373846993904782
0.00010993948015129454,0.0016651676804613777,0.0038353909156183755,0.004666083253919516,-0.005503874735647672,-0.003866132532521418,0.002324305747804365,0.002852451713334868,0.016238291436281204,0.007288124367775567,-0.014810882047211173,-0.008438959874333934
5.572858003220553e-05,0.0016268811317620786,0.0038578814573332633,0.004694184009562823,-0.005338305288170132,-0.0037911772073384044,0.0021738025951731953,0.0027676994153265576,0.016875598059226882,0.0077029406688271795,-0.015289748479022734,-0.008511499727328148
3.2045363064110767e-06,0.0015893644910158482,0.003878843846388553,0.0047214334219050445,-0.005166503456988759,-0.0037121509419076773,0.002018675215884709,0.0026821830531176738,0.017484768177047704,0.008102312417318264,-0.015735727378674482,-0.008591772714448637
-4.757175190348835e-05,0.0015526576817871524,0.003898233509507052,0.004747823457090364,-0.004988754184991125,-0.0036292109038314905,0.0018592574078151335,0.0025958239839461938,0.018065086222479033,0.008485695197919113,-0.016147834235240664,-0.008680041119847354
-9.654226958561423e-05,0.001516799029748424,0.003916009258159744,0.004773345282840388,-0.004805349351434053,-0.003542519503914167,0.001695892322723303,0.0025085411660587032,0.018615880488935265,0.008852584785545597,-0.01652518278312545,-0.008776522457650787
-0.00014365195299148055,0.0014818252122796008,0.003932133377147767,0.004797989246721295,-0.004616587329739211,-0.0034522439898504943,0.0015289314748812438,0.002420251610122681,0.019136523850033272,0.009202518027188883,-0.016866986785286395,-0.008881388729553602
-0.00018884875233188262,0.0014477712121712708,0.003946571703189002,0.004821744858958441,-0.004422772538341202,-0.0033585560318154964,0.0013587337333657774,0.0023308708373064855,0.019626434429568584,0.009535073579810732,-0.017172561517806908,-0.008994765833685497
-0.00023208368994902476,0.0014146702755052035,0.00395929369336087,0.004844600779857529,-0.0042242149850872275,-0.0032616313013979627,0.0011856643010077234,0.002240313342511181,0.02008507622122623,0.009849872503695983,-0.01744132495380388,-0.009116733125375337
-0.00027331091390293415,0.0013825538737715747,0.003970272483280936,0.004866544811876244,-0.004021229805694651,-0.003161649045327795,0.0010100936830054806,0.002148493061231693,0.020511959657289035,0.010146578710337611,-0.017672798646644696,-0.009247323130522317
-0.0003124877469153106,0.0013514516702676919,0.0039794849349370585,0.004887563896374999,-0.003814136796780639,-0.0030587916554487816,0.0008323966482190902,0.002055323838519295,0.020906642125513398,0.010424899265464999,-0.01786660831063339,-0.0093865214119572
-0.000349574730619145,0.0013213914908085272,0.003986911674108959,0.004907644115060203,-0.0036032599439862418,-0.002953244236384158,0.0006529511861609867,0.001960719898521519,0.021268728433366035,0.010684584547459658,-0.018022484100987304,-0.009534266587598011
-0.00038453566506770374,0.0012923992987649464,0.0039925371173531845,0.004926770696118222,-0.003388926945725506,-0.0028451941723319873,0.00047213746268413305,0.001864596313082266,0.021597871218781085,0.010925428262974518,-0.018140260594383426,-0.009690450500252551
-0.00041733764346182695,0.0012644991744312152,0.00399634948855337,0.004944928025023105,-0.003171468733099135,-0.0027348306944142563,0.00029033677735302286,0.001766869467894317,0.02189377130649318,0.011147267320571669,-0.018219876471838616,-0.009854918537337304
-0.0004479510820599296,0.0012377132987092276,0.003998340825067394,0.00496209965998614,-0.0029512189865213917,-0.0026223444499832715,0.00010793052545175915,0.0016674575247127088,0.02215617800905544,0.011349981565625306,-0.018261373908414123,-0.010027470098984331
-0.0004763497452406262,0.0012120619410829945,0.0039985069735323795,0.004978268352000484,-0.0027285136496179325,-0.0025079270752633507,-7.470083245469399e-05,0.001566280878156231,0.022384889371636418,0.011533493378358822,-0.018264897672876503,-0.010207859212311238
-0.0005025107656935244,0.0011875634518432906,0.003996847575417455,0.004993416069419512,-0.002503690440961705,-0.0023917707726774165,-0.0002571787905301158,0.0014632626056493504,0.022579752359609063,0.011697767138828002,-0.018230693942207856,-0.010395795289064896
-0.00052641465971945,0.0011642342585090363,0.003993366042442653,0.005007524026993181,-0.0022770883642234123,-0.0022740678941734448,-0.0004391278044304449,0.0013583289090844449,0.022740662988049453,0.011842808561966373,-0.01815910883785796,-0.010590944023916221
-0.0005480453376271819,0.001142088866379034,0.00398806952201018,0.005020572719272683,-0.002049047217322972,-0.002155010531827036,-0.0006201762820640373,0.0012514095468159215,0.022867566392038564,0.011968663907315352,-0.018050586688860528,-0.010792928429788434
-0.0005673901092196833,0.001121139863135136,0.003980968852821567,0.005032541958279918,-0.001819907101177307,-0.002034790116952546,-0.0007999575556585316,0.0011424382546310198,0.022960456837094478,0.012075419067582666,-0.017905668030038322,-0.011001330007191917
-0.0005844396843688158,0.0011013979274058293,0.003972078510880665,0.005043410915325019,-0.0015900079286491977,-0.0019135970289088026,-0.0009781108325220263,0.0010313531543891742,0.02301937766852734,0.012163198541166015,-0.017724987342660616,-0.011215690041177201
-0.000599188168683619,0.0010828718411876152,0.003961416546108197,0.005053158166842254,-0.0013596889343114402,-0.0017916202147340052,-0.0011542821219715728,0.0009180971490578347,0.023044421199024178,0.012232164293793452,-0.017509270547248688,-0.011435511025090689
-0.0006116330542834221,0.0010655685060104968,0.003949004509818383,0.005061761744102142,-0.0011292881856491887,-0.0016690468206896872,-0.0013281251359912023,0.0008026183029197086,0.023035728533426104,0.012282514515070148,-0.01725933225667722,-0.011660258202534551
-0.0006217752056933264,0.0010494929627233739,0.0039348673733320535,0.005069199186645653,-0.000899142096331659,-0.0015460618367348958,-0.001499302161274635,0.0006848702057825474,0.02299348933007984,0.012314482275888133,-0.01697607280000932,-0.011889361224897671
-0.0006296188408859474,0.0010346484147652436,0.003919033438023593,0.005075447599274916,-0.0006695849421925506,-0.0014228477548911497,-0.001667484900417507,0.0005648123200699966,0.022917941497741835,0.012328334092861076,-0.01666047502856507,-0.012122215917612505
-0.0006351715074997427,0.0010210362547788203,0.003901534237120867,0.005080483712423914,-0.00044094838056649486,-0.0012995842423935069,-0.0018323552801276317,0.0004424103097297595,0.02280937082746932,0.01232436840666748,-0.016313600913459878,-0.012358186150434908
-0.0006384440542707517,0.0010086560944145694,0.0038824044295980415,0.00508428394572233,-0.00021356097363530943,-0.0011764478304566819,-0.0019936062244374935,0.000317636349953299,0.022668110558767763,0.012302913980697522,-0.015936587948512517,-0.012596605804857192
-0.0006394505977211493,0.0009975057971652083,0.0038616816865207453,0.005086824474555935,1.2252283555779582e-05,-0.0010536116194155404,-0.002150942391021754,0.00019046941676770888,0.022494540879450037,0.01226432822753079,-0.015530645368339566,-0.012836780832260836
-0.0006382084841546397,0.0009875815140634933,0.003839406570221407,0.005088081299417853,0.0002361704297461491,-0.0009312450009274487,-0.0023040808688458863,6.089555561592701e-05,0.02228908835862387,0.012208995470087552,-0.015097050196486907,-0.01307799139809554
-0.0006347382470154005,0.0009788777220695968,0.003815622406699671,0.005088030317836503,0.0004578769981016962,-0.0008095133978518632,-0.002452751835501287,-7.109187188587872e-05,0.022052225312485556,0.012137325145029548,-0.014637143134593276,-0.013319494102265607
-0.0006290635596740091,0.0009713872649686042,0.003790375151658617,0.005086647398658282,0.0006770604701765793,-0.0006885780223466473,-0.002596699172709551,-0.00020549196375828317,0.02178446910249106,0.012049749956013628,-0.014152324307059507,-0.013560524272215282
-0.0006212111837105379,0.0009651013965936466,0.003763713250601981,0.005083908458455919,0.0008934147225176642,-0.0005685956526448794,-0.002735681038617621,-0.00034229607671439803,0.02148638136572593,0.011946723984339963,-0.01364404887455448,-0.013800298319007684
-0.0006112109127717818,0.0009600098261859241,0.0037356874934306875,0.005079789539827034,0.0011066394652335457,-0.0004497184288996211,-0.002869470395641107,-0.00048148764906255593,0.021158567177450367,0.011828720764711698,-0.013113822530142729,-0.014038016150623903
-0.0005990955120863677,0.0009561007656993959,0.003706350863988721,0.005074266891341774,0.001316440671849283,-0.00033209366840601613,-0.0029978554927521848,-0.000623042047989499,0.020801674145697096,0.011696231334009294,-0.012563196892072834,-0.014272863634764696
-0.0005849006537282794,0.0009533609788552022,0.0036757583850187026,0.005067317048893419,0.0015225309997683786,-0.000215863700432729,-0.003120640301251506,-0.0007669264416815045,0.020416391438122034,0.011549762260648133,-0.011993764807791376,-0.014504015103636428
-0.0005686648477261058,0.0009517758317489536,0.003643966958996413,0.005058916918201671,0.001724630200666343,-0.00010116572081697791,-0.0032376449032064324,-0.0009130996966680506,0.020003448741470847,0.011389833662502083,-0.011407155583193915,-0.01473063589367278
-0.0005504293691220581,0.0009513293448128714,0.0036110352053209697,0.0050490438582148555,0.001922465520143194,1.1868333600527711e-05,-0.0033487058318822003,-0.0010615123006950523,0.01956361515389939,0.011216977220999041,-0.010805030151959685,-0.014951884911727567
-0.0005302381810915071,0.0009520042459343781,0.0035770232943433656,0.005037675765154583,0.002115772085967007,0.00012311189070081613,-0.0034536763636386267,-0.0012121063113594431,0.019097698010863234,0.011031734199058639,-0.010189076199325606,-0.015166917221150586
-0.0005081378542404335,0.0009537820245331238,0.0035419927787206317,0.005024791156944465,0.002304293284247713,0.00023244382904832482,-0.003552426760908148,-0.001364815330664161,0.01860654164527788,0.0108346534704431,-0.009561003254578673,-0.015374886639792987
-0.00048417748220475683,0.0009566429863995661,0.0035060064225860004,0.005010369257763282,0.002487781122887614,0.00033974854424014044,-0.0036448444660181186,-0.0015195645055724807,0.018091026082702282,0.010626289567920028,-0.008922537767415448,-0.01557494834187094
-0.0004584085936819939,0.0009605663091001029,0.003469128029027091,0.0049943900824625815,0.002665996581664971,0.0004449159958672047,-0.003730834245763713,-0.0016762705545675868,0.01755206567276914,0.010407200757492824,-0.008275418181703433,-0.01576626145715028
-0.0004308850610320777,0.0009655300977563594,0.003431422266364371,0.0049768345205890045,0.0028387099483182686,0.0005478417353840921,-0.003810318286780319,-0.0018348418201478147,0.016990607657890382,0.010177947145884658,-0.0076213900216178555,-0.015947991658895308
-0.00040166300559043005,0.0009715114410095477,0.0033929544937209323,0.004957684419752704,0.0030057011400112642,0.0006484269152535692,-0.003883236241907429,-0.0019951783471122138,0.016407630680708735,0.009939088828010756,-0.006962201003804094,-0.016119313733984522
-0.00037080069984250324,0.000978486466984812,0.0033537905863720266,0.0049369226680850455,0.0031667600095740965,0.0007465782797992811,-0.003949545227873709,-0.0021571719864195643,0.01580414323185773,0.00969118408113162,-0.006299596189451948,-0.01627941412748561
-0.0003383584666149746,0.0009864303990751355,0.0033139967613587972,0.004914533275531305,0.003321686635931631,0.0008422081382654388,-0.004009219774772166,-0.0023207065243285646,0.01518118203964915,0.009434787612099926,-0.00563531319023949,-0.01642749345431445
-0.0003043985754445752,0.0009953176113696885,0.003273639403845297,0.004890501453727369,0.0034702915981482552,0.0009352343206451587,-0.004062251727927857,-0.002485657836458544,0.014539810403675673,0.00917044886384405,-0.004971077440898728,-0.01656276897168145
-0.00026898513629114196,0.0010051216835574067,0.0032327848946911955,0.004864813694213384,0.0036123962325383886,0.0010255801168984884,-0.0041086501028924595,-0.002651894066338554,0.013881116474350991,0.008898710386821884,-0.0043085975520217555,-0.01668447700432059
-0.00023218399076688253,0.0010158154551430838,0.003191499439704597,0.004837457844741965,0.003747832872313498,0.001113174200236925,-0.004148440894427259,-0.0028192758279452783,0.013206211480670898,0.008620106280865403,-0.0036495607549381394,-0.016791875317024238
-0.00019406260105901696,0.001027371078820297,0.003149848901030155,0.0048084231834439285,0.0038764450692596163,0.0011979505352057325,-0.004181666840461169,-0.002987656431661946,0.012516227908552797,0.00833516071289614,-0.0029956284518438923,-0.016884245426309355
-0.00015468993672789594,0.0010397600728530483,0.003107898631117198,0.00477770049062047,0.003998087796964586,0.0012798482713445056,-0.004208387142130191,-0.003156882133029796,0.011812317632441265,0.008044386514858448,-0.00234843188196052,-0.01696089484726064
-0.0001141363595673678,0.0010529533723260321,0.00306571330970095,0.0047452821179373205,0.004112627635141043,0.0013588116232522626,-0.004228677141119392,-0.0033267924036000634,0.011095650002849972,0.007748283866692962,-0.0017095679158797526,-0.017021159266792776
-7.247350671856459e-05,0.001066921379131925,0.0030233567842171474,0.004711162054803676,0.0042199429346195996,0.0014347897379263222,-0.004242627955641136,-0.003497220223128831,0.010367409892861317,0.007447339068118952,-0.0010805949884689948,-0.017064404638960792
-2.9774172232381087e-05,0.0010816340105729708,0.0029808919140565143,0.00467533599172647,0.004319923962617103,0.001507736550282833,-0.0042503460764854815,-0.003667992392312343,0.009628795706639343,0.007142023403183206,-0.00046302918040011173,-0.017090029197741566
1.3887812720286432e-05,0.0010970607464633876,0.002938380419050675,0.004637801380438935,0.004412473027916401,0.0015776106278005211,-0.004251952924682429,-0.0038389298651946573,0.008881017353220205,0.006832792100354423,0.00014165954101055464,-0.017097465378721297
5.8437700788006655e-05,0.0011131706746286925,0.002895882732565215,0.00459855749061131,0.004497504585627644,0.0016443750052604507,-0.0042475843724095515,-0.004009848100330386,0.008125294189028315,0.006520083391631515,0.0007320509135649612,-0.017086181648424417
0.00010379995032232531,0.0011299325347078996,0.0028534578595588375,0.00455760546296095,0.004574945321236087,0.0017079970105809874,-0.0042373902288659225,-0.004180557429741569,0.00736285293266024,0.006204317672475812,0.001306777795160887,-0.017055684233812138
0.00014989834799689425,0.001147314760174641,0.0028111632399499234,0.004514948358588979,0.004644734213677702,0.0017684480827673018,-0.004221533692916898,-0.004350863444652611,0.006594925555662674,0.005885896764787069,0.0018645293946440746,-0.017005518748396134
0.00019665613195139165,0.0011652855185035529,0.002769054617613378,0.004470591204380942,0.0047068225772217785,0.001825703583015055,-0.004200190774392198,-0.004520567396954798,0.005822747153152768,0.005565203284763565,0.002404054310295802,-0.016935271712041275
0.0002439961152473946,0.0011838127494187274,0.0027271859153114716,0.004424541034319649,0.004761174081978811,0.0018797426000198493,-0.004173549685989066,-0.004689466615303784,0.00504755379825363,0.005242600116195317,0.0029241633703306104,-0.016844571957756085
0.00029184080942175084,0.001202864201171586,0.0026856091158425494,0.004376806926569528,0.0048077647528924385,0.0019305477505518723,-0.004141810207795384,-0.00485735493472044,0.004270580384471905,0.00491842999020925,0.003423732268405779,-0.01673309192557508
0.000340112547921791,0.0012224074648061545,0.0026443741496710404,0.004327400036203252,0.004846582947115593,0.0019781049763618296,-0.0041051830265064,-0.005024023138534854,0.0034930584601590327,0.004593015171782178,0.0039017039893912454,-0.016600548837307508
0.00038873360920593715,0.0012424100063803823,0.0026035287892812163,0.0042763336234531765,0.004877629309713638,0.002022403338483735,-0.004063889051458436,-0.005189259411480191,0.0027162140594499777,0.004266657252598838,0.0043570910202014555,-0.016446705751759924
0.0004376263392929105,0.0012628391971227781,0.0025631185504756916,0.004223623077382186,0.0049009167076810274,0.002063434809995428,-0.004018158709646499,-0.005352849802717929,0.0019412655340279757,0.003939637049739819,0.0047889773421859495,-0.016271372495787653
0.00048671327354282674,0.0012836623415142078,0.0025231866008178128,0.004169285934880819,0.004916470142302222,0.00210119406829051,-0.003968231221929262,-0.005514578697555523,0.0011694213902110166,0.003612214609276576,0.005196520201261292,-0.016074406471731126
0.0005359172574540013,0.0013048467032951688,0.0024837736753948844,0.004113341894910052,0.004924326639932685,0.002135678287901674,-0.003914353862656406,-0.005674229296597827,0.00040187813588156776,0.0032846293129562,0.0055789516533098805,-0.015855713336729818
0.000585161566260274,0.0013263595294091752,0.0024449180000567314,0.00405581282792179,0.004924535121321856,0.00216688693489961,-0.003856781204974192,-0.0058315841010545535,-0.0003601818580473322,0.002957100086630915,0.005935579883133004,-0.01561524755461545
0.0006343700231151131,0.0013481680719030285,0.0024066552222614455,0.0039967227804019,0.004917156249645972,0.002194821563871058,-0.003795774354082993,-0.0059864254029235045,-0.0011155924771294283,0.0026298257076587395,0.006265790295106741,-0.015353012819174741
0.0006834671156506699,0.0013702396078146568,0.0023690183496373834,0.003936097974493522,0.004902262257465389,0.002219485618454592,-0.0037316001707294404,-0.0061385357787520555,-0.0018632059589870527,0.002302985209048092,0.006569046375603762,-0.01506906234653553
0.0007323781107023368,0.0013925414570888526,0.0023320376963476526,0.0038739668026713725,0.004879936752867995,0.0022408842363845784,-0.0036645304872167054,-0.00628769858567782,-0.0026018949604918844,0.001976738376949172,0.006844890326943218,-0.014763499038617359
0.0007810291669922121,0.0014150409985705832,0.002295740837320492,0.003810359817450723,0.004850274505107054,0.0022590240599615393,-0.0035948413182153942,-0.006433698458452045,-0.003330554591696306,0.0016512263384430015,0.007092943473319038,-0.014436475516227662
0.0008293474455681938,0.0014377056841345546,0.0022601525703861932,0.003745309716127721,0.004813381210089291,0.0022739130528327423,-0.0035228120686443868,-0.006576321806148387,-0.004048104411856417,0.0013265722357976295,0.007312906440882425,-0.014088194023040804
0.0008772612177992183,0.0014605030510183485,0.0022252948863386124,0.0036788513205606456,0.004769373236115604,0.002285560323926043,-0.003448724740871783,-0.006715357307266679,-0.004753490382880882,0.0010028819828625246,0.007504559113638367,-0.013718906200617595
0.0009246999707314122,0.0014834007324346764,0.0021911869469169163,0.003611021552014555,0.004718377350323182,0.0022939759593395364,-0.0033728631434674266,-0.006850596401951448,-0.005445686775603514,0.0006802450998361631,0.00766776036723291,-0.013328912736336254
0.0009715945096146477,0.0015063664665460983,0.0021578450706810593,0.0035418594011045043,0.004660530426323912,0.0022991708629448303,-0.0032955121037039686,-0.006981833780058698,-0.006123698024250408,0.0003587356212226278,0.007802447585458696,-0.012918562885113657
0.001017877057414167,0.0015293681038928849,0.0021252827267327005,0.003471405892885113,0.004595979133579973,0.002301156606412489,-0.003216956685967794,-0.007108867863819564,-0.006786560524537504,3.841307230917357e-05,0.007908635961776243,-0.01248825386705961
0.0010634813511275771,0.0015523736133715433,0.002093510536211853,0.003399704047146668,0.004524879609102031,0.0022999452893192043,-0.0031374814182017234,-0.007231501283869427,-0.007433344371050938,-0.00028067649096613634,0.007986417591437835,-0.012038430142912879
0.0011083427347335824,0.0015753510868678538,0.0020625362814785933,0.0033267988339901423,0.004447397112099016,0.0022955494099428956,-0.0030573695284502114,-0.0073495413474357115,-0.008063155029551888,-0.0005984993842956254,0.008035960358864534,-0.011569582570344086
0.0011523982486053373,0.0015982687426540554,0.002032364922868714,0.003252737124765452,0.0043637056622519675,0.0022879817472974055,-0.002976902193525686,-0.007462800497502307,-0.008675134939857849,-0.0009150331448024018,0.008057506626040569,-0.011082247442975077
0.0011955867152282267,0.0016210949276650492,0.0020029986228922996,0.003177567638468961,0.0042739876623259145,0.0022772552549013584,-0.002896357801757158,-0.00757109676179595,-0.009268465045352819,-0.0012302653344070102,0.008051371727664989,-0.01057700541575364
0.0012378488210692293,0.001643798118773144,0.0019744367777249257,0.0031013408837076042,0.0041784335058746005,0.0022633829667176113,-0.0028160112317176193,-0.007674254190475389,-0.00984236624490999,-0.0015441923023424287,0.008017942280242798,-0.01005448032013416
0.00127912719445276,0.0016663469231849304,0.001946676055822551,0.0030241090963480446,0.004077241170831551,0.002246377915639662,-0.002736133148757304,-0.007772103281436527,-0.010396100763699994,-0.0018568179132473772,0.007957674311820238,-0.009515337872093313
0.0013193664793060094,0.0016887100780873287,0.0019197104434732716,0.002945926172979944,0.0039706157998183195,0.0022262530648399915,-0.0026569893210985876,-0.007864481392183618,-0.010928973438946294,-0.0021681522466867054,0.007871091219923045,-0.008960284277324912
0.0013585134046452906,0.0017108564496726968,0.0018935312970819276,0.002866847600332738,0.003858769268037923,0.0022030212522336436,-0.002578839957170215,-0.007951233137257563,-0.01144033291713296,-0.0024782102745828927,0.007758781565751469,-0.008390064737464134
0.0013965168496837493,0.001732755031675102,0.001868127401967188,0.0027869303807951714,0.003741919739653831,0.0021766951482474098,-0.0025019390657776866,-0.00803221077025576,-0.011929572759685442,-0.002787010522663891,0.007621396712754216,-0.007805461862175053
0.0014333279044499573,0.0017543749435514487,0.001843485037435192,0.0027062329541963,0.0036202912135877554,0.0021472872270219164,-0.002426533840621518,-0.008107274549518536,-0.012396132453529645,-0.003094573722434768,0.007459648318479537,-0.007207293990380184
0.0014688999258163974,0.0017756854284421027,0.001819588047879149,0.002624815116015671,0.0034941130597002604,0.002114809751108877,-0.0023528640705870905,-0.00817629308660725,-0.012839498323969373,-0.0034009214601730675,0.007274305688405949,-0.006596413427362655
0.0015031885888466198,0.001796655851045973,0.0017964179196405246,0.0025427379321988977,0.003363619546344231,0.002079274769665169,-0.0022811615771378005,-0.008239143676747405,-0.013259204347236469,-0.0037060748285684952,0.007066193001452035,-0.005973704600668442
0.0015361519333798865,0.0018172556955446974,0.0017739538633545807,0.00246006365076287,0.003229049360309113,0.0020406941300797252,-0.0022116496800509643,-0.008295712610458137,-0.013654832859787098,-0.00401005308852026,0.006836186415915237,-0.005340082141478006
0.00156775040578241,0.001837454563709631,0.0017521729014911376,0.0023768556103823603,0.0030906451201955744,0.0019990795029069795,-0.002144542692637669,-0.0083458954656438,-0.014026015162920662,-0.004312872346028895,0.006585211066743788,-0.004696488895654619
0.0015979468958047924,0.0018572221733237676,0.0017310499607905009,0.002293178146156764,0.0029486528842809045,0.0019544424199203596,-0.0020800454474896673,-0.008389597379475443,-0.014372432020013277,-0.004614544251295094,0.006314237962856597,-0.004043893870673762
0.0016267067684959727,0.0018765283570485484,0.0017105579692845675,0.0022090964927621594,0.002803321653955162,0.0019067943250357998,-0.002018352853697019,-0.008426733299445486,-0.014693814045135239,-0.004915074725616864,0.006024280795673052,-0.003383290123335006
0.001653997891134858,0.0018953430618627132,0.0016906679575841971,0.0021246766851997587,0.0026549028738218758,0.0018561466377971484,-0.001959649486377046,-0.008457228213034657,-0.014989941981521943,-0.0052144627221134,0.005716392668321493,-0.002715692594498928
0.0016797906551518243,0.0019136363491969865,0.0016713491641060457,0.0020399854573571515,0.002503649929571406,0.0018025108290575117,-0.0019041092092532334,-0.008481017355486785,-0.015260646868571964,-0.005512699025813916,0.005391662756441071,-0.0020421358959267916
0.0017040579930234021,0.001931378395884437,0.0016525691439051877,0.0019550901386034885,0.002349817644744163,0.0017458985084326131,-0.001851894830918378,-0.008498046395245814,-0.015505810096876588,-0.005809765099165809,0.005051212910530036,-0.0013636720558789922
0.0017267753901346646,0.0019485394960418408,0.0016342938807740331,0.0018700585486439243,0.0021936617775083368,0.0016863215230481401,-0.0018031577953125332,-0.008508271596667031,-0.015725363350288717,-0.006105631977728787,0.004696194210638913,-0.0006813682283643568
0.0017479208916151188,0.001965090063992337,0.0016164879022632628,0.0017849588908622255,0.002035438518582492,0.0016237920670511105,-0.00175803790684153,-0.008511659959672737,-0.015919288434880236,-0.00640025922167714,0.004327783483561689,3.6956272233129583e-06
0.0017674751041651879,0.001981000638334115,0.0015991143972767662,0.0016998596443834372,0.0018754039914313267,0.0015583228013044401,-0.0017166630904577956,-0.008508189336084916,-0.016087616995352865,-0.006693593927656949,0.003947179793185238,0.0006904290903407134
0.0017854211929016729,0.0019962418872538122,0.0015821353358898723,0.0016148294550908935,0.001713813755865669,0.0014899269826350384,-0.0016791491869209874,-0.008497848522423827,-0.01623043011777871,-0.006985569806223391,0.0035556009141764176,0.0013777336418771685
0.0018017448732618585,0.0020107846151767995,0.0015655115910384984,0.0015299370258336639,0.001550922316171465,0.0014186186019624172,-0.00164559978335378,-0.0084806373290221,-0.016347857821062056,-0.007276106328300835,0.0031542797992650563,0.0020645050384682645
0.0018164343980171284,0.002024599770839573,0.0015492030617262015,0.001445251006061735,0.0013869826348825067,0.0013444125305922608,-0.001616106079105607,-0.008456566625363687,-0.016440078436729583,-0.007565107945730454,0.002744461050369542,0.0027496356932145832
0.001829480539458068,0.0020376584568621266,0.0015331687973964914,0.0013608398811268381,0.0012222456533054007,0.001267324673918477,-0.0015907467868364106,-0.008425658361615674,-0.016507317878691623,-0.007852463389026287,0.002327397403469742,0.003432017056388001
0.0018408765668240401,0.0020499319408904247,0.0015173671231191405,0.00127677186148686,0.0010569598198890441,0.0011873721317411342,-0.001569588068633776,-0.008387945566379942,-0.016549848804579676,-0.008138045046442277,0.0019043462370571772,0.00411054199075829
0.0018506182190610623,0.002061391668371015,0.0015017557652415728,0.0011931147720512139,0.0008913706275153887,0.0011045733643769084,-0.0015526835068797545,-0.008343472320749293,-0.016567989670151422,-0.008421708426402885,0.001476566113747111,0.004784107135371626
0.001858703673002478,0.002072009277011433,0.0014862919771597295,0.0011099359419034153,0.000725720160767734,0.0010189483637067125,-0.0015400741094889132,-0.008292293708810414,-0.01656210367937951,-0.008703291707636285,0.0010453133644211764,0.005451615252403966
0.001865133507077374,0.0020817566129713635,0.0014709326648670543,0.0010273020946354027,0.0005602466542114714,0.0009305188282793882,-0.0015317883490461215,-0.00823447574479211,-0.01653259763187302,-0.008982615377828573,0.000611838724137146,0.006111977551257072
0.0018699106606619171,0.0020906057488206055,0.0014556345119454046,0.0009452792395258793,0.00039518406269716195,0.000839308341569016,-0.0015278422352838178,-0.008170095277112568,-0.016479920670988874,-0.009259481964245864,0.00017738402832359265,0.006764115984651167
0.0018730403891987321,0.002098529003290758,0.0014403541036677326,0.0008639325637921475,0.00023076164466584068,0.0007453425524614586,-0.0015282394202505783,-0.008099239869633797,-0.01640456293527538,-0.009533675857265611,-0.0002568210216757037,0.0074069655111031335
0.0018745302152190974,0.0021054989628382353,0.0014250480498892819,0.0007833263261415556,6.720355940722055e-05,0.0006486493570340209,-0.0015329713354395706,-0.008022007660484585,-0.016307054116448647,-0.009804963228221941,-0.0006895620161227779,0.008039476318739205
0.0018743898754120733,0.0021114885050267985,0.0014096731064117572,0.0007035237518448125,-9.52715208120475e-05,0.0005492590806786241,-0.0015420173600653685,-0.007938507198864036,-0.016187961927404963,-0.010073092042857418,-0.0011196429090367908,0.008660616005370644
0.0018726312638936613,0.00211647082372824,0.001394186294513431,0.0006245869295490518,-0.00025645078287035337,0.00044720465960971644,-0.001555345019599878,-0.007848857260288106,-0.016047890484256217,-0.01033779217092412,-0.0015458889978650948,0.00926937170981508
0.0018692683718376992,0.0021204194561302726,0.0013785450183474005,0.000546576710043662,-0.0004161276283220687,0.0003425218207967561,-0.001572910213606205,-0.007753186640789848,-0.015887478606086854,-0.010598775591667942,-0.0019671498034003164,0.009864752189836554
0.0018643172236384052,0.002123308311531059,0.0013627071799201752,0.0004695526071865603,-0.0005741020115367279,0.0002352492593605634,-0.0015946574718388579,-0.007651633930630496,-0.015707398036844986,-0.010855736695570606,-0.002382301843130239,0.010445789842033773
0.0018577958097822727,0.0021251117018902307,0.001346631291373414,0.0003935727011927926,-0.0007301807596897769,0.0001254288124737387,-0.0016205202375133992,-0.007544347268123043,-0.015508351593764815,-0.011108352681794331,-0.0027902512917780363,0.01101154265945685
0.0018497240166143515,0.0021258043740966788,0.0013302765843029023,0.00031869354448111416,-0.0008841778738944669,1.3105628815883374e-05,-0.0016504211765889253,-0.007431484074212645,-0.015291071247173191,-0.011356284049776733,-0.003189936523327195,0.011561096122622641
0.001840123553190822,0.0021253615439039792,0.0013136031158607168,0.00024497007026755567,-0.0010359148108114102,-0.00010167166735579248,-0.0016842725118481681,-0.007313210768499053,-0.015056316136215466,-0.011599175184558438,-0.0035803305285213825,0.012093565020095773
0.0018290178754161498,0.002123758931474975,0.0012965718713989333,0.0001724555040879385,-0.0011852207441230482,-0.00021885081844502048,-0.0017219763805085384,-0.0071897024674243805,-0.014804870526112155,-0.011836655033287163,-0.003960443203552686,0.012608095194838811
0.0018164321076689722,0.002120972798467899,0.0012791448634261427,0.00010120127842388709,-0.0013319328053124587,-0.0003383757829702036,-0.0017634252140495807,-0.007061142665385904,-0.014537541711769932,-0.012068337871749466,-0.004329323504655782,0.0131038652128566
0.0018023929621262208,0.0021169799865874564,0.0012612852266614036,3.125695059911922e-05,-0.0014758963032378294,-0.00046018659311832053,-0.0018085021388982367,-0.006927722899567671,-0.0142551578733042,-0.012293824157873914,-0.0046860614650754175,0.013580087950789868
0.0017869286559997817,0.002111757957515588,0.001242957308984036,-3.7329875895300776e-05,-0.0016169649220499822,-0.0005842192212553227,-0.001857081396575269,-0.00678964239931633,-0.013958565889126386,-0.01251270146952652,-0.0050297900703310215,0.014036012099478287
0.0017700688269042457,0.0021052848341281917,0.0012241267580918036,-0.00010451362649646101,-0.0017550008970572334,-0.0007104054562239872,-0.0019090287818712313,-0.006647107720915716,-0.013648629112323871,-0.012724545524206373,-0.005359686988861443,0.01447092358064457
0.0017518444465779639,0.0020975394428959337,0.0012047606036944877,-0.0001702508269442483,-0.0018898751681991294,-0.0008386727902276003,-0.001964202097591957,-0.006500332368641745,-0.013326225116055326,-0.01292892127651624,-0.005674976155283697,0.01488414687414967
0.0017322877331827234,0.0020885013573595,0.0011848273350845875,-0.00023450017080247387,-0.002021467510848961,-0.0009689443170591355,-0.00202245162438807,-0.006349536403003368,-0.012992243413911007,-0.0131253840897908,-0.005974929203938915,0.015275046253525784
0.0017114320624098533,0.002078150942562201,0.0011642969739418326,-0.0002972225830029774,-0.0021496666437250695,-0.0011011386424006754,-0.0020836206041629233,-0.006194946037097343,-0.012647583161310674,-0.013313480978517204,-0.006258866751031735,0.01564302692767909
0.0016893118776224664,0.002066469400315818,0.0011431411422433242,-0.00035838127929858286,-0.002274370313752295,-0.001235169806875953,-0.0021475457355387513,-0.006036793222023745,-0.01229315084413438,-0.013492751916538311,-0.00652615952413391,0.01598753608704047
0.001665962599264832,0.0020534388151689643,0.0011213331251663805,-0.0004179418215203322,-0.0023954853577745953,-0.0013709472224947522,-0.0022140576798499903,-0.005875315222326122,-0.011929857960325665,-0.01366273120722156,-0.0067762293381138615,0.01630806385248422
0.0016414205337705473,0.002039042200941086,0.0010988479288865005,-0.0004758721685441342,-0.002512927741082345,-0.0015083756230809442,-0.002282981576126005,-0.005710754182434275,-0.011558618701224297,-0.013822948910016838,-0.007008549917089078,0.016604144125885026
0.0016157227822012393,0.0020232635476795475,0.0010756623331882483,-0.0005321427228818025,-0.002626622572779247,-0.001647355029226721,-0.002354137563524441,-0.005543356685099384,-0.011180347638156143,-0.01397293231913849,-0.0072226475625981855,0.01687535534109323
0.0015889071488469667,0.0020060878688920787,0.0010517549388222222,-0.000586726372821401,-0.00273650409807527,-0.0017877807282670505,-0.0024273413096807675,-0.005373373302820324,-0.010795957421048417,-0.014112207488927438,-0.007418101668667052,0.017121321114718716
0.0015610120500183144,0.0019875012489021797,0.0010271062095565944,-0.0006395985300518353,-0.00284251566765519,-0.0019295432697127401,-0.0025024045434448054,-0.00520105814326654,-0.010406356494935622,-0.014240300800210496,-0.007594545084140505,0.01734171079603812
0.0015320764232583787,0.0019674908901709865,0.00100169850888693,-0.0006907371627167038,-0.002944609684331957,-0.002072528476525896,-0.0025791355904880523,-0.005026668389707153,-0.010012446840417775,-0.014356740562420697,-0.007751664324508887,0.01753623991583937
0.0015021396372004417,0.0019460451604255227,0.0009755161313830794,-0.0007401228238525258,-0.0030427475272554417,-0.0022166174725668747,-0.0026573399102820853,-0.00485046383745724,-0.009615121744279167,-0.014461058645775019,-0.007889199634297708,0.017704670534143083
0.0014712414022941254,0.0019231536394302721,0.0009485453286668318,-0.0007877386751765688,-0.003136899454007821,-0.002361686726483237,-0.0027368206329674355,-0.0046727064273513665,-0.009215263606196709,-0.014552792137497435,-0.008006944902772293,0.017846811487031558
0.0014394216826192025,0.0018988071652366017,0.0009207743300287068,-0.0008335705061995834,-0.0032270444809767676,-0.002507608112250843,-0.00281737909465756,-0.004493659777251552,-0.008813741787592557,-0.014631485016023797,-0.008104747435252604,0.017962518532931335
0.0014067206090020447,0.0018729978797427536,0.0008921933577066726,-0.0008776067486487939,-0.003313170242454776,-0.0026542489865187735,-0.0028988153697492897,-0.004313588712590539,-0.008411410508009174,-0.014696689837562279,-0.008182507583093333,0.018051694399271193
0.0013731783936449175,0.0018457192733959177,0.0008627946368637072,-0.0009198384861964642,-0.003395272828970667,-0.0028014722828484185,-0.0029809287988437744,-0.00413275879694354,-0.008009106795168999,-0.014747969428366706,-0.00824017823580361,0.018114288730128478
0.0013388352464729868,0.0018169662288672961,0.000832572400314905,-0.0009602594594992384,-0.0034733566054154772,-0.0029491366228758874,-0.0030635185109166747,-0.003951435863611299,-0.007607648493793116,-0.014784898577127111,-0.008277764178776435,0.018150297936319684
0.0013037312933980136,0.0017867350635310897,0.0008015228880682472,-0.000998866066563218,-0.003547434009579162,-0.0030970964443654023,-0.0031463839384148757,-0.00376988554918461,-0.007207832338943867,-0.014807065720775895,-0.008295321320863771,0.018159764949018206
0.0012679064966912815,0.0017550235705789657,0.0007696443417561781,-0.001035657358459372,-0.0036175253317672603,-0.0032452021460594024,-0.003229325323998942,-0.0035883728300461783,-0.006810432098675798,-0.014814074618024139,-0.00829295579594955,0.018142778878668067
0.0012314005776513626,0.0017218310586028219,0.0007369369940477077,-0.0010706350304233428,-0.003683658476216513,-0.0033933002491693585,-0.003312144217695137,-0.0034071615627479916,-0.006416196791174802,-0.014805546003967055,-0.008270822943289426,0.01809947458096932
0.0011942529417448837,0.0016871583894805247,0.0007034030531428901,-0.0011038034083830051,-0.0037458687050792687,-0.003541233575290081,-0.0033946439632684005,-0.003226514029184479,-0.006025848981376345,-0.014781119220177493,-0.008229126171363264,0.018030032131733223
0.0011565026063905313,0.0016510080144017723,0.0006690466824631582,-0.001135169430966232,-0.0038041983657912076,-0.003688841440460384,-0.0034766301726779684,-0.0030466904874608927,-0.005640083161011413,-0.014740453813883062,-0.008168115710550341,0.017934676212983988
0.0011181881315481656,0.001613384007874311,0.0006338739756621192,-0.001164742627050202,-0.003858696602681941,-0.0038359598650318746,-0.003557911187529833,-0.0028679487293331056,-0.005259564217135224,-0.01468323110041508,-0.00808808725982266,0.017813675412573463
0.0010793475532661016,0.0015742920995544046,0.0005978929270919934,-0.001192535088922224,-0.003909419053730859,-0.003982421798949422,-0.0036382985264953307,-0.0026905436450712886,-0.004884925992648361,-0.014609155683094458,-0.007989380533276826,0.017667341439789916
0.0010400183203304043,0.001533739703749714,0.0005611133978709081,-0.0012185614411304492,-0.003956427533408593,-0.0041280573619886934,-0.0037176073177217243,-0.0025147267965737546,-0.004516769942898378,-0.01451795692475982,-0.007872377712001864,0.017496028259716925
0.0010002372341504499,0.0014917359464475667,0.0005235470777057014,-0.0012428388051109634,-0.0039997897025823015,-0.0042726940984407664,-0.0037956567153196123,-0.0023407459995290845,-0.004155663891843322,-0.014409390365654754,-0.007737501807575733,0.017300131149217066
0.0009600403920050557,0.0014482916897269747,0.00048520744263374116,-0.0012653867596855918,-0.00403957872649653,-0.004416157245677625,-0.0038722702990724414,-0.002168844915396611,-0.003802140891002368,-0.014283239081716966,-0.007585214942990113,0.01708008567727766
0.000919463133763212,0.001403419553418685,0.0004461097088555061,-0.0012862272975322955,-0.0040758729218722065,-0.004558270015980333,-0.003947276456574566,-0.001999262653944117,-0.003456698184132991,-0.01413931497882465,-0.007416016557434759,0.016836366613221118
0.0008785399921828753,0.0013571339338839781,0.00040627078283729344,-0.001305384777737263,-0.004108755394195145,-0.004698853890961031,-0.004020508747067969,-0.00183223338704938,-0.0031197962804546432,-0.013977460017314865,-0.0072304415412459445,0.016569486765726296
0.0008373046468804492,0.001309451019789872,0.0003657092078703982,-0.001322885874544709,-0.004138313666290056,-0.0048377289278601745,-0.004091806246311074,-0.0016679859744398238,-0.002791858138527694,-0.013797547362513766,-0.0070290583073750156,0.016279995756184926
0.0007957898820525109,0.0012603888047657997,0.00032444510727945314,-0.0013387595224269625,-0.004164639299297618,-0.004974714076954314,-0.004161013871877942,-0.0015067436020108774,-0.002473268462984766,-0.013599482456314201,-0.006812466805998649,0.015968478729604343
0.0007540275480200656,0.0012099670968346995,0.0002825001244783056,-0.0013530368576036547,-0.00418782750719143,-0.00510962750926572,-0.004227982688351571,-0.0013487234333275653,-0.0021643731157775757,-0.013383204005966879,-0.006581296488727208,0.015635555007058086
0.0007120485266541737,0.0011582075245197506,0.00023989736007684755,-0.0013657511561446802,-0.00420797676598696,-0.005242286953724052,-0.004292570191940033,-0.0011941362748775334,-0.0018654786433283978,-0.013148684885699476,-0.006336204228965279,0.015281876682948295
0.0006698827007302069,0.001105133539536674,0.00019666130624659549,-0.0013769377687971116,-0.0042251884188063875,-0.00537251004289129,-0.004354640574110381,-0.0010431862556087548,-0.001576851920557145,-0.012895932947748216,-0.006077872205104164,0.014908127170807403
0.0006275589272463138,0.0010507704159905902,0.00015281777855653957,-0.0013866340526813865,-0.004239566277972248,-0.0055001146663254535,-0.004414064963900802,-0.0008960705212462095,-0.001298719912614963,-0.012624991739084431,-0.005807005752980075,0.014515019701701673
0.0005851050147299124,0.0009951452460058323,0.00010839384549385242,-0.0013948793000068357,-0.004251216225308019,-0.005624919330626135,-0.004470721648636628,-0.0007529789438436353,-0.0010312695545392735,-0.012335941121051911,-0.005524331194185186,0.014103295778813182
0.0005425477045442438,0.0009382869317268243,6.341775588646421e-05,-0.0014017146639610013,-0.0042602458118257075,-0.005746743525175466,-0.004524496272841014,-0.0006140938469894828,-0.0007746477489983562,-0.012028897788814382,-0.005230593646691959,0.013673723592017309
0.00049991265619522,0.0008802261736381402,1.791886444628277e-05,-0.0014071830819311773,-0.004266763857979042,-0.00586540809256134,-0.0045752820151952756,-0.00047958974704572865,-0.0005289614816685016,-0.011704015688360273,-0.004926554824160292,0.013227096396733515
0.00045722443662704414,0.0008209954551620956,-2.807244434703046e-05,-0.0014113291962202026,-0.00427088005565614,-0.005980735602647596,-0.00462297974346737,-0.00034963311075933195,-0.00029427805375101604,-0.011361486328890943,-0.004612990830258654,0.01276423086054583
0.00041450651348337873,0.000760629023502679,-7.452483380131477e-05,-0.0014141992724217387,-0.004272704573076941,-0.006092550729235704,-0.004667498147389493,-0.0002243821295478786,-7.062543040938993e-05,-0.011001538988730745,-0.00429068995416584,0.01228596538174484
0.00037178125229924867,0.0006991628667152696,-0.00012140609378589732,-0.0014158411156230822,-0.0042723476637490715,-0.006200680628246194,-0.004708753849527019,-0.00010398651072082655,0.00014200729598337278,-0.01062444081336716,-0.003960450473339348,0.01179315838366557
0.0003290699175773976,0.0006366346869923567,-0.00016868322050473774,-0.001416303984605976,-0.00426991928062114,-0.006304955316336372,-0.004746671494241065,1.1412714142068444e-05,0.00034366932960292265,-0.010230496804668424,-0.003623078469469878,0.011286686588913429
0.00028639267769152367,0.0005730838701663676,-0.00021632249705047014,-0.0014156385042179058,-0.004265528696553649,-0.006405208048861451,-0.0047811838149054145,0.0001216833634719727,0.0005344474838952194,-0.009820049700347385,-0.003279385663400001,0.010767443277067423
0.00024376861354772318,0.000508551451441657,-0.00026428957452297424,-0.0014138965760880063,-0.004259284132206448,-0.006501275696080663,-0.004812231679595407,0.00022670226250793204,0.000714465385544958,-0.009393479743494863,-0.002930187274598508,0.010236336530124446
0.00020121573092460676,0.00044308007737871194,-0.0003125495534985586,-0.0014111312878629452,-0.004251292392416836,-0.006592999116508359,-0.004839764115521461,0.0003263553825042809,0.0008838825723775055,-0.00895120434204438,-0.002576299910612343,0.009694287469145326
0.00015875097640195002,0.00037671396416461055,-0.00036106706563883125,-0.0014073968211390164,-0.004241658512114511,-0.00668022352631192,-0.004863738312533073,0.00042053796228148856,0.0010428934880875908,-0.008493677618667875,-0.0022185394917099387,0.009142228486296203
0.00011639025677743403,0.0003094988522147315,-0.0004098063552318484,-0.0014027483582671485,-0.004230485412788687,-0.006762798863663885,-0.004884119606070361,0.0005091546120920907,0.0011917263770772311,-0.00802138985172501,-0.0018577192157477086,0.008581101475824218
7.414846186104656e-05,0.00024148195716159005,-0.00045873136046214606,-0.0013972419882076444,-0.004217873570488809,-0.006840580146964409,-0.00490088143998917,0.0005921193998087188,0.0013306420828983236,-0.00753486680837984,-0.00149464756801412,0.008011856067501408
3.203949052708389e-05,0.00017271191729745239,-0.0005078057942107544,-0.0013909346116112021,-0.004203920696303724,-0.0069134278258631224,-0.004914005309732498,0.0006693559194797376,0.0014599327541188444,-0.007034668971362786,-0.0011301263806514396,0.007435447866702357
-9.923720105557946e-06,0.00010323873754801053,-0.0005569932241912447,-0.0013838838453021384,-0.0041887214302246435,-0.00698120812402525,-0.004923480686365552,0.0007407973423330049,0.0015799204616971686,-0.006521390661062779,-0.0007649489459592672,0.006852836703951096
-5.172916250295736e-05,3.3113730064852024e-05,-0.0006062571522332397,-0.0013761479263387606,-0.004172367049255239,-0.00704379337260645,-0.004929304922033458,0.0008063864503425684,0.0016909557321837208,-0.005995659055177124,-0.00039989818762195886,0.0062649848979616195
-9.336572370217195e-05,-3.761054846529982e-05,-0.0006555610925306097,-0.0013677856158244997,-0.004154945190587679,-0.007101062333423921,-0.004931483137440546,0.0008660756525095971,0.0017934160013285162,-0.005458133108317168,-3.574489379567711e-05,0.005672855535444114
-0.0001348231476081931,-0.00010888036268660594,-0.0007048686486777462,-0.001358856102641752,-0.00413653959061655,-0.007152900510837305,-0.00493002809198674,0.0009198269840399597,0.001887703992897196,-0.00490950237435955,0.0003267539845569732,0.005077410770628395
-0.0001760919947638434,-0.0001806408674977047,-0.0007541435893238336,-0.0013494189072783844,-0.0041172298405135095,-0.007199200451382447,-0.004924960037230755,0.0009676120886335545,0.0019742460277108777,-0.004350485734668955,0.0006868569666399239,0.004479610148090566
-0.00021716359976158237,-0.0002528361799057848,-0.000803349922281898,-0.0013395337859145543,-0.0040970911590342855,-0.007239862030233576,-0.004916306554382108,0.0010094121841324592,0.002053490268133864,-0.003781830035556818,0.0010438396030893159,0.0038804089516903915
-0.00025803002647263704,-0.00032540945367497755,-0.0008524519669365679,-0.0013292606349348656,-0.004076194183176648,-0.0072747927236049715,-0.004904102376551874,0.0010452180118052808,0.0021259049033935697,-0.00320430863872229,0.0013969959629574792,0.003280756582873915
-0.0002986840212747857,-0.0003983029566242104,-0.0009014144248019225,-0.0013186593960279722,-0.004054604777253086,-0.0073039078662416,-0.004888389196519051,0.0010750297695734106,0.0021919762813188658,-0.0026187198886034567,0.001745640043607246,0.00268159497075204
-0.0003391189644654776,-0.00047145815042136494,-0.0009502024480884802,-0.0013077899620325478,-0.004032383860885292,-0.007327130893189306,-0.0048692154607924915,0.0010988570295114677,0.0022522069922400224,-0.0020258855009375777,0.0020891071017047104,0.002083857016859373
-0.00037932882005175394,-0.0005448157727127058,-0.0009987817061462864,-0.0012967120836850695,-0.004009587256369975,-0.00734439356507887,-0.004846636150768755,0.0011167186399841848,0.0023071139108234127,-0.0014266488769752415,0.002426754903042696,0.0014884650776840723
-0.0004193080841126353,-0.0006183159214191222,-0.0010471184496591525,-0.0012854852774211239,-0.003986265555806292,-0.007355636176204414,-0.00482071255180445,0.0011286426128049377,0.0023572262019132297,-0.0008218733481334985,0.002757964889818252,0.0008963294864665107
-0.00045905173193324023,-0.0006918981410237714,-0.0010951795724733582,-0.0012741687343779794,-0.003962464008314699,-0.00736080774472541,-0.004791512011036691,0.001134665995823953,0.002403083296405175,-0.00021244035606576492,0.0030821432637334854,0.00030834711733656803
-0.0004985551641128953,-0.0007655015106692568,-0.0011429326709525294,-0.0012628212307419602,-0.00393822242761631,-0.007359866184371677,-0.00475910768479755,0.0011348347313799004,0.002445232843272558,0.0004007524268124195,0.0033987219840948303,-0.0002746000061470931
-0.0005378141518518742,-0.0008390647338765335,-0.0011903461007589063,-0.0012515010395797194,-0.003913575120179481,-0.007352778457083657,-0.004723578276477843,0.0011292035010682518,0.0024842286440932802,0.0010167930307915553,0.0037071596798464966,-0.0008516460561826013
-0.0005768247816231651,-0.0009125262296923251,-0.0012373890309698074,-0.0012402658442878809,-0.003888550834078701,-0.007339520706074676,-0.004685007765702378,0.0011178355572994555,0.002520628576062698,0.0016347571710047491,0.004006942475246553,-0.001421942697576669
-0.0006155833994367964,-0.0009858242250669878,-0.0012840314954467372,-0.0012291726537906884,-0.0038631727286475522,-0.0073200783688578495,-0.00464348512968357,0.0011008025421390354,0.002554992510167022,0.002253710272360491,0.004297584728515071,-0.001984660334507341
-0.0006540865549047552,-0.0010588968482604668,-0.0013302444413832652,-0.0012182777196103013,-0.0038374583649442027,-0.007294446269837951,-0.004599104057622033,0.0010781842939383915,0.0025878802305029126,0.002872709531619274,0.004578629683792277,-0.0025389893056214606
-0.0006923309453144085,-0.0011316822230702894,-0.0013759997749664813,-0.0012076364549292006,-0.0038114197169864523,-0.007262628692126574,-0.004551962659021196,0.0010500686422817364,0.002619849361047113,0.003490806010656159,0.004849650036375188,-0.0030841410257095338
-0.0007303133599175875,-0.0012041185636724172,-0.0014212704040954876,-0.0011973033557588512,-0.0037850632036493556,-0.0072246394282989915,-0.004502163166780065,0.001016551191788145,0.0026514533063722624,0.0041070467548603405,0.005110248411851124,-0.003619349073008756
-0.0007680306246411155,-0.0012761442698632742,-0.0014660302781090008,-0.0011873319243233115,-0.0037583897410562402,-0.0071805018098724015,-0.004449811635922567,0.0009777350953198048,0.0026832392122508007,0.004720476930457577,0.005360057759648342,-0.004143870220659266
-0.0008054795474225632,-0.0013476980224893648,-0.0015102544244826853,-0.0011777745947609101,-0.0037313948152333117,-0.007130248715345717,-0.004395017638814329,0.0009337308171604628,0.0027157459523349005,0.005330141974879295,0.005598741661999227,-0.004656985411209121
-0.0008426568643724093,-0.0014187188788496036,-0.0015539189824652847,-0.0011686826612414196,-0.0037040685747358956,-0.007073922556702039,-0.0043378939577055665,0.0008846558867376523,0.0027495021471483326,0.005935089753856319,0.0058259945597533246,-0.005158000673352984
-0.0008795591869605639,-0.0014891463678548082,-0.001597001233630955,-0.0011601062085903802,-0.0036763959428950353,-0.007011575244338897,-0.004278556275428505,0.0008306346434702318,0.0027850242210237554,0.00653437271877216,0.006041541895659062,-0.005646247980131133
-0.0009161829504214095,-0.001558920584728761,-0.00163947962933341,-0.0011520940455063777,-0.003648356749274084,-0.006943268130451643,-0.004217122865062462,0.0007717979733302514,0.002822814503166484,0.007127050058678589,0.006245140177549537,-0.0061210860478649355
-0.0009525243635671166,-0.0016279822850358064,-0.0016813338150555304,-0.0011446936404511548,-0.003619925879867327,-0.006869071930957449,-0.0041537142793616234,0.0007082830377143368,0.0028633593781849133,0.007712189840160252,0.006436576962618099,-0.006581901075317972
-0.0009885793601940376,-0.001696272977821141,-0.0017225446516559641,-0.0011379510602864615,-0.0035910734455168866,-0.006789066626109486,-0.004088453040725128,0.0006402329952243261,0.002907127491903163,0.008288871129432388,0.006615670764681083,-0.007028107422684175
-0.0010243435522614669,-0.0017637350176517477,-0.0017630942335219208,-0.0011319109117255437,-0.0035617649679689565,-0.006703341340011835,-0.0040214633324662,0.000567796716959237,0.002954568017682877,0.008856186090097803,0.006782270887104456,-0.007459148230333664
-0.0010598121850160023,-0.0018303116953483321,-0.0018029659036448299,-0.0011266162856611306,-0.003531961582938141,-0.006611994199305052,-0.003952870692115624,0.0004911284959233778,0.003006108988480218,0.009413242051258878,0.006936257183010632,-0.00787449597683815
-0.0010949800942281855,-0.00189594732720162,-0.0018421442656427792,-0.0011221087044257384,-0.003501620259498499,-0.006515132171352523,-0.0038828017074742493,0.00041038775115506817,0.003062155699448208,0.009959163539246915,0.0070775397452643475,-0.008273652976823778
-0.0011298416657010274,-0.0019605873424699606,-0.0018806151927606544,-0.0011184280720340604,-0.003470694035069878,-0.006412870882315587,-0.0038113837161007857,0.00032573872718051486,0.0031230891862760422,0.010493094268140216,0.007206058529428374,-0.00865615181808688
-0.00116439079720249,-0.002024178368959349,-0.0019183658338856385,-0.0011156126274511802,-0.0034391322652226296,-0.0063053344155620875,-0.0037387445088960278,0.00023735018939553614,0.0031892647831735822,0.01101419908255968,0.007321782911523165,-0.009021555738908862
-0.0011986208629660015,-0.0020866683164917073,-0.0019553846166222174,-0.0011136989009243369,-0.0034068808874796706,-0.00619265509090958,-0.00366501203841975,0.00014539511597313026,0.003261010765418206,0.011521665847941735,0.00742471118373236,-0.009369458945572316
-0.0012325246808946632,-0.0021480064580725383,-0.0019916612474770367,-0.0011127216734100082,-0.0033738826982526704,-0.006074973225256623,-0.003590314132544121,5.005038689260039e-05,0.0033386270799818686,0.01201470728264958,0.007514869991393478,-0.009699486870533656
-0.0012660944825959807,-0.0022081435085748633,-0.0020271867092098656,-0.0011127139391221466,-0.003340077642010836,-0.00595243687520838,-0.0035147782140216486,-4.850352932027318e-05,0.003422384168385053,0.012492562726999116,0.007592313713101009,-0.010011296372041057
-0.0012993218863647557,-0.00226703170076267,-0.002061953255412543,-0.001113706871221548,-0.0033054031117441575,-0.005825201562353,-0.003438531026513868,-0.00015008289055999858,0.0035125218849506347,0.01295449984407698,0.007657123788455154,-0.010304575875904026
-0.001332197873222223,-0.002324624858483905,-0.0020959544023830897,-0.001115729790660541,-0.003269794259749325,-0.005693429981893965,-0.00336169836759543,-0.0002545009972386017,0.003609248514015919,0.01339981624772996,0.007709407995232367,-0.010579045459816597
-0.0013647127661096533,-0.002380878466870312,-0.0021291849183671567,-0.0011188101381914678,-0.003233184317736717,-0.005557291695387401,-0.0032844048292179867,-0.00036156850894678217,0.0037127398885055986,0.013827841053582864,0.007749299680256259,-0.010834456881819499
-0.00139685621232448,-0.002435749739389135,-0.002161640810243675,-0.0011229734495418124,-0.0031955049252286216,-0.005416962808377244,-0.0032067735460856524,-0.0004710937611221274,0.003823138613113477,0.014237936348448558,0.007776956946210636,-0.011070593553249547
-0.0014286171692765963,-0.0024891976815998363,-0.002193319307735911,-0.0011282433337533053,-0.003156686465194644,-0.005272625633763009,-0.003128925952361555,-0.0005828830811764505,0.0039405533936821315,0.014629498574398488,0.007792561798608853,-0.011287270457615073
-0.0014599838936318174,-0.0025411831514775174,-0.0022242188452331786,-0.0011346414546769214,-0.0031166584058495775,-0.00512446834177321,-0.003050981547091974,-0.0006967411035467654,0.004065058475331142,0.015001959823561287,0.007796319255307351,-0.011484334016447911
-0.001490943933898664,-0.0025916689161736345,-0.0022543390413121505,-0.0011421875156103856,-0.003075349647519725,-0.0049726845974501985,-0.002973057668702399,-0.0008124710831460757,0.004196693190639287,0.01535478904104087,0.0077884564226077015,-0.011661661903414139
-0.0015214841265036147,-0.0026406197050938217,-0.0022836806760500954,-0.0011508992470596307,-0.0030326888734704305,-0.004817473186587259,-0.0028952692788865872,-0.0009298752067029531,0.004335461619219629,0.015687493131547107,0.007769221540554618,-0.011819162807961331
-0.0015515905953888392,-0.0026880022591822027,-0.002312245666225407,-0.001160792397600607,-0.002988604903574469,-0.004659037631088936,-0.0028177287561757234,-0.0010487549014923175,0.0044813323599726985,0.015999617968117493,0.0077388830016181555,-0.011956776149911558
-0.0015812487551551807,-0.002733785376311396,-0.002340037038503508,-0.001171880727812941,-0.0029430270496938406,-0.004497585794749716,-0.002740545699444524,-0.0011689111409744523,0.0046342384161529825,0.016290749299726574,0.007697728344621704,-0.012074471746515408
-0.0016104433177618635,-0.0027779399526875006,-0.0023670589007086197,-0.0011841760072521794,-0.0028958854716427153,-0.004333329480471212,-0.002663826741577768,-0.001290144746873251,0.004794077194072075,0.01656051355597415,0.007646063228729492,-0.012172249433244325
-0.001639158302783062,-0.0028204390201896482,-0.0023933164112839413,-0.0011976880144227474,-0.0028471115325969854,-0.004166484019958314,-0.0025876753734865553,-0.0014122566872403466,0.004960710615073884,0.016808578546605394,0.007584210389513093,-0.012250138640174796
-0.0016673770512101393,-0.002861257779574203,-0.002418815747044554,-0.0012124245397092926,-0.0027966381528184646,-0.003997267856952598,-0.0025121917786360237,-0.0015350483700686864,0.00513396534063024,0.01703465405453791,0.007512508580593245,-0.012308197925493175
-0.0016950822427770653,-0.0029003736294843283,-0.0024435640693287906,-0.0012283913912198078,-0.0027444001605667345,-0.0038259021250725035,-0.0024374726782112575,-0.0016583219320343463,0.005313633109715801,0.01723849232148095,0.007431311504359963,-0.01234651446763882
-0.0017222559167753009,-0.0029377661912164117,-0.002467569488654951,-0.0012455924034897902,-0.0026903346390803862,-0.0036526102213441758,-0.0023636111870207997,-0.0017818805219621432,0.005499471187553871,0.017419888424184567,0.0073409867337316005,-0.012365203517920559
-0.0017488794963133076,-0.0029734173292056956,-0.0024908410279910866,-0.0012640294489927445,-0.0026343812685209545,-0.0034776173765126016,-0.002290696680206341,-0.001905528578628722,0.0056912029243324745,0.017578680542130246,0.007241914629160153,-0.01236440781539519
-0.00177493381596485,-0.0030073111672043826,-0.0025133885847460997,-0.001283702452398555,-0.0025764826617875247,-0.003301150223224809,-0.002218814670796282,-0.002029072102533392,0.0058885184223534705,0.017714750115428276,0.007134487252851571,-0.01234429696553882
-0.0018003991527394368,-0.003039434100136415,-0.0025352228915906613,-0.0013046094075176513,-0.002516584693129846,-0.0031234363631816487,-0.0021480466981160314,-0.0021523189212858543,0.0060910753091822055,0.01782802189320382,0.007019107283198569,-0.012305066784953606
-0.0018252552602976216,-0.0030697748016240735,-0.002556355476216434,-0.0013267463968654636,-0.0024546368185071063,-0.0029447039343500625,-0.002078470227038529,-0.0022750789482766055,0.006298499615365747,0.017918463873113407,0.00689618693230196,-0.012246938613196673
-0.0018494814063234825,-0.003098324227192429,-0.0025767986201417933,-0.0013501076137784234,-0.0023905923866650762,-0.002765181179321018,-0.0020101585580333194,-0.0023971644343153487,0.0065103867530403,0.01798608713269551,0.0067661468687399105,-0.012170158594551977
-0.001873056412956471,-0.0031250756131684953,-0.0025965653166716914,-0.0013746853870097062,-0.002324408939932624,-0.002585096015892265,-0.00194318074794629,-0.0025183902119412195,0.006726302593450171,0.018030945553055008,0.0066294151486659715,-0.012074996930622167
-0.0018959587001749706,-0.0031500244713026596,-0.0026156692281185134,-0.0014004702077300393,-0.002256048503767301,-0.0024046756109405987,-0.0018776015414181122,-0.002638573932125402,0.006945784639614396,0.018053135437278326,0.006486426156969618,-0.011961747106214365
-0.0019181663320143741,-0.0031731685791505327,-0.00263412464238974,-0.0014274507588562051,-0.0021854778641133984,-0.0022241459586340227,-0.0018134813128272518,-0.0027575362931077517,0.007168343291166088,0.018052795024036835,0.006337619561202466,-0.011830725090255595
-0.0019396570654933022,-0.0031945079662637895,-0.0026519464290469816,-0.0014556139466273782,-0.002112668831672217,-0.0020437314640173393,-0.0017508760186210307,-0.00287510126112686,0.007393463197070151,0.01803010389929988,0.006183439280041749,-0.011682268513566046
-0.0019604084021127817,-0.0032140448962487828,-0.002669149994939471,-0.0014849449343471157,-0.002037598492223689,-0.0018636545329813032,-0.0016898371598768644,-0.0029910962828206466,0.0076206046926354555,0.017985282307907354,0.0060243324687915024,-0.011516735825191277
-0.001980397641784784,-0.003231783844761704,-0.0026857512395134357,-0.0015154271782066898,-0.0019602494421767243,-0.0016841351696029367,-0.001630411754916052,-0.003105352489094174,0.007849205316757504,0.017918590367765944,0.005860748523370953,-0.011334505429514224
-0.0019996019390385216,-0.0032477314735188056,-0.0027017665098968977,-0.0015470424651035147,-0.0018806100085708313,-0.0015053905818173837,-0.0015726423217763503,-0.003217704890270806,0.008078681404421115,0.017830327189344682,0.005693138104569371,-0.01113597480581216
-0.002017998361345366,-0.003261896600409656,-0.0027172125558574253,-0.0015797709523666657,-0.0017986744527980472,-0.0013276347963526699,-0.0015165668703291714,-0.0033279925623593797,0.008308429750135706,0.017720829903598082,0.005521952184866421,-0.010921559611902582
-0.002035563949396155,-0.0032742901658105524,-0.002732106484728138,-0.0016135912092999113,-0.0017144431573597172,-0.001151078283826638,-0.001462218903813379,-0.003436058824289755,0.00853782933753031,0.017590472601608283,0.005347641118292088,-0.010691692774172451
-0.002052275779158066,-0.0032849251952040324,-0.0027464657163949174,-0.0016484802604512963,-0.0016279227950224977,-0.0009759275948693611,-0.0014096274295424857,-0.003541751405987238,0.008766243129913611,0.01743966518984708,0.005170653735886568,-0.010446823565324143
-0.002068111025532135,-0.003293816758218876,-0.002760307938435275,-0.0016844136305171021,-0.001539126479791346,-0.0008023850080993457,-0.0013588169785290097,-0.0036449226071739293,0.008993019916316711,0.01726885216415602,0.004991436466808639,-0.010187416672014143
-0.002083047027426933,-0.003300981924213086,-0.0027736510614967094,-0.0017213653907869877,-0.0014480738991682145,-0.0006306481907426702,-0.0013098076337579108,-0.003745429446803188,0.009217496208309608,0.017078511307179082,0.004810432487411111,-0.009913951253837566
-0.0020970613540588746,-0.003306439714530013,-0.002786513174999633,-0.001759308207036255,-0.00135479142722012,-0.0004609098726427026,-0.0012626150668267706,-0.0038431338030502503,0.009438998181309308,0.016869152312814436,0.00462808089881692,-0.00962691999557494
-0.0021101318722851563,-0.003310211051565045,-0.002798912503247096,-0.0017982133887705083,-0.0012593122180362347,-0.0002933575343637636,-0.0012172505826658782,-0.00393790254380043,0.00965684365546773,0.016641315342973365,0.00444481593336157,-0.009326828154460981
-0.002122236814771391,-0.003312318704787108,-0.002810867362020624,-0.001838050939727475,-0.001161676279210695,-0.00012817311004877693,-0.0011737211720396754,-0.0040296076475929135,0.009870344109640192,0.016395569520023964,0.004261066191878968,-0.009014192604035659
-0.0021333548487926742,-0.003312787233865578,-0.002822396115738441,-0.001878789609540408,-0.0010619305250459553,3.446729435472348e-05,-0.0011320295715237494,-0.004118126314993686,0.010078806723307767,0.01613251136067612,0.004077253911306224,-0.008689540876118979
-0.00214346514546405,-0.0033116429290591244,-0.0028335171352492916,-0.0019203969464673199,-0.0009601288092291728,0.00019439366693602578,-0.0010921743306463749,-0.004203341070388686,0.010281536440048731,0.01585276315558434,0.0038937942641686686,-0.008353410202881023
-0.0021525474491941705,-0.003308913749028374,-0.0028442487563319105,-0.001962839351090287,-0.0008563319367949436,0.00035144233921401743,-0.0010541498858773978,-0.004285139854204764,0.010477838046797108,0.015556971300013992,0.0037110946896267392,-0.008006346560334415
-0.0021605821471543762,-0.00330462925623923,-0.002854609238967022,-0.0020060821308892102,-0.0007506076552462103,0.0005054562186148542,-0.0010179466411449263,-0.004363416105579858,0.010667018262949555,0.015245804580153368,0.003529554256867549,-0.007648903714684491
-0.0021675503385544374,-0.0032988205501280543,-0.0028646167274455256,-0.0020500895555947076,-0.000643030624766021,0.0006562850036202554,-0.000983551054555784,-0.0044380688355196065,0.010848387833088304,0.014919952420926866,0.003349563060960927,-0.007281642273265138
-0.0021734339035158366,-0.0032915201982038293,-0.0028742892113732764,-0.002094824913225275,-0.0005336823675138205,0.0008037853812247485,-0.0009509457309943766,-0.004509002690593847,0.011021263617351788,0.01458012309997175,0.0031715016513205498,-0.006905128741582861
-0.0021782155713337002,-0.0032827621652657475,-0.0028836444876296197,-0.002140250566714438,-0.0004226511960589098,0.0009478212063915954,-0.0009201095202742786,-0.004576128007238827,0.011184970673630359,0.014227041933397636,0.0029957404926990415,-0.006519934587413206
-0.00218187898791931,-0.003272581740917527,-0.00289270012333357,-0.0021863280110343605,-0.0003100321210630626,0.0010882636632524943,-0.0008910176205158051,-0.004639360856745627,0.011338844325539086,0.013861449438782144,0.002822639458995666,-0.006126635313946832
-0.002184408782216556,-0.003261015465562026,-0.002901473419868268,-0.0022330179307232354,-0.0001959267383861063,0.0012249914078477392,-0.0008636416864237855,-0.004698623081029354,0.011482232209852169,0.013484099480266857,0.002652547359408255,-0.005725809542798582
-0.002185790631387717,-0.0032481010550615007,-0.0029099813780111045,-0.0022802802577248133,-8.044309584606515e-05,0.0013578906922573047,-0.0008379499421434915,-0.004753842319286225,0.01161449629815606,0.013095757401646254,0.0024858014966505394,-0.005318038108575757
-0.0021860113245665666,-0.003233877324250071,-0.0029182406642136844,-0.0023280742294495356,3.630446007610159e-05,0.00148685547002867,-0.0008139072983724903,-0.004804952025658246,0.011735014886277286,0.012697198152626824,0.002322727257549697,-0.004903903165828255
-0.0021850588249799773,-0.0032183841094856253,-0.002926267578072601,-0.002376358446968011,0.0001541954572417696,0.001611787482860426,-0.0007914754734107989,-0.004851891478036845,0.011843184546856317,0.012289204413724383,0.0021636377347885906,-0.004483987309891607
-0.002182922330242948,-0.0032016621904285623,-0.0029340780210288316,-0.0024250909332489447,0.00027310349016410247,0.001732596328552177,-0.0007706131178353503,-0.004894605778149877,0.011938422037610252,0.011872564724625837,0.002008833380301136,-0.004058872712714684
-0.0021795923306363076,-0.003183753211234374,-0.0029416874663304587,-0.0024742291913551263,0.0003928964311639674,0.0018491995102855189,-0.0007512759424900841,-0.004933045843086446,0.012020166162362733,0.01144807162204253,0.0018586016887521019,-0.003629140274599124
-0.002175060665181182,-0.0031646996013461894,-0.002949110930290348,-0.002523730262512682,0.0005134366598611043,0.001961522467351369,-0.0007334168494877284,-0.004967168388424657,0.012087879577064642,0.011016519791127503,0.0017132169117190198,-0.0031953687930430796
-0.0021693205753297064,-0.003144544496071976,-0.0029563629448674075,-0.002573550783970497,0.0006345813104340606,0.00206949858749131,-0.000716986065924219,-0.004996935903138382,0.012141050537526621,0.010578704236860689,0.0015729398009828623,-0.002758134149701802
-0.002162366756097355,-0.0031233316571291645,-0.002963457531597097,-0.002623647046568528,0.000756182536036201,0.002173069201070998,-0.0007019312800137004,-0.005022316616467799,0.012179194582901454,0.010135418479076955,0.0014380173811208395,-0.0023180085161816077
-0.002154195404468659,-0.003101105393337052,-0.002970408176893958,-0.002673975051935615,0.0008780877897030335,0.002272183557351497,-0.0006881977793585018,-0.005043284456949616,0.01220185615046504,0.009687452777022872,0.001308682749918886,-0.0018755595801815683
-0.002144804264914936,-0.0030779104816344364,-0.002977227808746131,-0.002724490569239413,0.001000140121041533,0.002366798783171616,-0.0006757285910760854,-0.005059819003809983,0.012208610117234842,0.009235592387000894,0.0011851549065643695,-0.0014313497918918838
-0.0021341926718700006,-0.0030537920885965715,-0.002983928774819068,-0.0027751491914131156,0.0011221784879455513,0.0024568798244013635,-0.0006644646235113214,-0.005071905430930539,0.012199063263568843,0.008780615858948623,0.0010676386063884526,-0.0009859356322194646
-0.0021223615890175684,-0.0030287956926216978,-0.002990522821982973,-0.0028259063907858104,0.0012440380825409062,0.0025423993705733904,-0.0006543448092696156,-0.005079534443608423,0.012172855655502135,0.00832329337545679,0.0009563242419527128,-0.0005398669033571946
-0.0021093136452522455,-0.0030029670069531395,-0.002997021077275898,-0.0028767175740455424,0.0013655506705236554,0.0026233377631382625,-0.0006453062493153847,-0.005082702208337986,0.012129661941047698,0.007864385137517634,0.0008513877488934597,-9.368604255552415e-05
-0.0020950531671845535,-0.0029763519036982845,-0.003003434030311916,-0.0029275381364664605,0.0014865449430147616,0.002699682887832735,-0.000637284357888229,-0.0050814102758456195,0.012069192557173536,0.007404639801376848,0.0007529905365376809,0.00035207254102884167
-0.00207958620806937,-0.002948996339000671,-0.0030097715171413346,-0.002978323515333782,0.0016068468800219478,0.002771430051689965,-0.0006302130079955138,-0.005075665497618669,0.011991194844263697,0.00694479297006911,0.0006612794420053671,0.0007968831043612401
-0.0020629205730464243,-0.002920946279515935,-0.003016042705567563,-0.003029029242502758,0.0017262801245671719,0.002838581845257254,-0.0006240246772502024,-0.005065479936176514,0.011895454064781097,0.006485565743388769,0.0005763867070569216,0.0012402291840698243
-0.0020450658405910616,-0.002892247630336541,-0.0030222560819229637,-0.003079610996030298,0.0018446663665053738,0.0029011479906215485,-0.000618650593829906,-0.005050870769331553,0.011781794322859307,0.006027663329470131,0.0004984299770023383,0.0016816041849223862
-0.0020260333800833593,-0.002862946164504052,-0.0030284194393038182,-0.0031300246508204465,0.0019618257350350805,0.002959145175876193,-0.0006140208823409964,-0.005031860188698114,0.011650079383082046,0.005571773721458787,0.00042751232077958487,0.0021205119417652962
-0.0020058363654137917,-0.0028330874542412013,-0.0030345398672624274,-0.0031802263282274964,0.0020775771988784503,0.0030125968766939923,-0.000610064709380838,-0.005008475292711861,0.011500213385591929,0.005118566442101066,0.0003637222712520906,0.002556467255485445
-0.001984489784553976,-0.002802716804029239,-0.0030406237429523235,-0.0032301724445631635,0.0021917389730847004,0.0030615331656984966,-0.0006067104285983766,-0.004980747974421569,0.011332141455658085,0.004668691358799774,0.0003071338852401982,0.0029889964025728577
-0.0019620104450315872,-0.002771879185648987,-0.0030466767237206163,-0.003279819758456886,0.0023041289313930325,0.0031059905103518345,-0.0006038857250601932,-0.004948714804322937,0.011145850206008334,0.004222777571867838,0.00025780682239648703,0.0034176376171535516
-0.0019384169752592396,-0.002740619175296722,-0.0030527037411396123,-0.00332912541702103,0.002414565023076504,0.0031460115601011705,-0.0006015177587389992,-0.004912416908505884,0.010941368130685913,0.003781432377999331,0.00021578644184230486,0.003841941546256916
-0.0019137298216779807,-0.002708980892878488,-0.003058708996468042,-0.0033780470007755093,0.0025228656931752637,0.003181644923545682,-0.0005995333069469486,-0.0048718998423899484,0.010718765889066062,0.0033452403109029936,0.00018110391656781313,0.0042614716769302785
-0.0018879712416870129,-0.0026770079435787324,-0.003064695957530504,-0.003426542567289079,0.0026288503050183112,0.0032129449364054095,-0.0005978589055454867,-0.0048272134603239555,0.010478156479543421,0.002914762261042484,0.00015377636372456913,0.0046758047362682464
-0.0018611652923422848,-0.0026447433617912616,-0.0030706673570020794,-0.0034745706934973344,0.002732339563927293,0.0032399714210887484,-0.0005964209887695514,-0.0047784117813271495,0.010219695302252974,0.0024905346756253187,0.00013380699146248523,0.005084531063092951
-0.0018333378148176907,-0.0026122295574924864,-0.0030766251920834706,-0.0035220905166602357,0.0028331559409915277,0.0032627894386662954,-0.0005951460275086888,-0.0047255528512531175,0.00994358011059393,0.0020730688398841214,0.00012118526071005706,0.0054872549517135105
-0.0018045164146337108,-0.0025795082651287973,-0.0030825707255505022,-0.003569061773924782,0.0029311240958044683,0.00328146903407153,-0.0005939606658976424,-0.0046686986016561405,0.009650050851994219,0.0016628502411627465,0.00011588706149920705,0.005883594967681899
-0.0017747304376694191,-0.0025466204950816557,-0.003088504488160361,-0.0036154448404612668,0.0030260712970538598,0.003296084975356793,-0.0005927918560740727,-0.004607914705640811,0.009339389397884035,0.001260338015889876,0.00011787490321473956,0.006273184235384005
-0.001744010941984832,-0.0025136064877656953,-0.003094426282395559,-0.0036612007661443527,0.0031178278398635677,0.003306716487835284,-0.0005915669909655913,-0.004543270430976375,0.009011919164057525,0.0008659644798082421,0.00012709811848152577,0.0066556706975031965
-0.0017123906654915365,-0.0024805056704067983,-0.0031003351875252606,-0.003706291310753023,0.00320622745879553,0.0033134469839441213,-0.0005902140349746966,-0.0044748384907577175,0.008668004622334968,0.0004801347419592962,0.00014349307969743416,0.00703071734622826
-0.0016799039895204048,-0.002447356616538762,-0.0031062295659623185,-0.003750678977666272,0.0032911077354308075,0.0033163637896631687,-0.0005886616524368923,-0.004402694891892066,0.008308050704720515,0.0001032264018502281,0.00016698342786342427,0.007398002426902056
-0.001646586898345934,-0.0024141970082488377,-0.0031121070708931523,-0.0037943270460341857,0.0033723104994633738,0.0033155578683216566,-0.0005868393337298562,-0.004326918781690658,0.007932502101792749,-0.00026441067015270034,0.00019748031354379844,0.007757219613379468
-0.001612476934737322,-0.0023810636011941384,-0.0031179646551563875,-0.0038371996014068582,0.0034496822222589833,0.0033111235426181982,-0.0005846775189171811,-0.004247592292843851,0.00754184245732914,-0.0006224544705389946,0.00023488264899121716,0.00810807815598194
-0.0015776131516167665,-0.002347992192402686,-0.0031237985813450503,-0.003879261564806356,0.0035230744018521346,0.003303158215672297,-0.0005821077188153957,-0.004164800387055686,0.007136593461301133,-0.0009706109186412536,0.0002790773713658677,0.008450303001651144
-0.0015420360599156262,-0.0023150175908647447,-0.00312960443310601,-0.003920478720229691,0.003592343938375935,0.003291762091915957,-0.0005790626333765496,-0.004078630697611287,0.006717313843458972,-0.0013086138326267073,0.00032993971640333034,0.00878363488722858
-0.0015057875727290141,-0.0022821735909120643,-0.0031353771276092955,-0.003960817740573482,0.00365735349894647,0.003277037898620123,-0.0005754762672805341,-0.00398917337114696,0.006284598270647979,-0.00163622482654013,0.00038733350279978804,0.009107830405636869
-0.0014689109458790204,-0.002249492948374782,-0.0031411109291588813,-0.004000246211973693,0.0037179718710522716,0.0032590906088363304,-0.0005712840426366205,-0.003896520908895188,0.005839076150512379,-0.0019532331302184493,0.0004511114259829231,0.009422662044717561
-0.00143145071500611,-0.0022170073594980195,-0.0031467994639155523,-0.004038732656556498,0.0037740743035298142,0.003238027166516174,-0.0005664229086975841,-0.0038007680076658857,0.005381410344996174,-0.002259455333812773,0.0005211153618243612,0.00972791820114291
-0.0013934526293172638,-0.0021847474425926825,-0.0031524357357014883,-0.004076246553598952,0.0038255428342394327,0.003213956214551227,-0.0005608314484896239,-0.0037020114008248428,0.004912295796927535,-0.002554735059176697,0.0005971766797676671,0.010023403167065653
-0.001354963582128109,-0.0021527427223876493,-0.0031580121428552636,-0.00411275835910073,0.003872266603591521,0.0031869878264554076,-0.0005544499822654354,-0.0036003496995308535,0.004432458073490131,-0.0028389425599871752,0.0006791165650700502,0.010308937091732168
-0.001316031538344594,-0.0021210216170434314,-0.003163520496105047,-0.004148239523770786,0.003914142153111477,0.0031572332423881735,-0.0005472206676912806,-0.0034958832344803,0.0039426518305011315,-0.003111974253459663,0.000766746349760903,0.010584355918378502
-0.0012767054590376828,-0.002089611427780542,-0.0031689520374269,-0.0041826625094352424,0.003951073708270763,0.0031248046101897456,-0.0005390875966793154,-0.0033887138984109795,0.0034436592013559197,-0.0033737521862259277,0.0008598678526321422,0.010849511295485587
-0.0012370352232720574,-0.002058538331069222,-0.003174297459854187,-0.004216000803875328,0.003982973444854328,0.003089814732074232,-0.0005299968887780131,-0.0032789449896062145,0.0029362881153570664,-0.0036242234368767424,0.0009582737276283039,0.011104270465467386
-0.0011970715473568992,-0.0020278273733208684,-0.0031795469282032626,-0.004248228934106556,0.004009761738177294,0.003052376817596464,-0.0005198967810371482,-0.0031666810566392473,0.0024213705492363014,-0.0038633594586768814,0.001061747820544686,0.011348516127926062
-0.0011568659016934623,-0.0019975024680154983,-0.003184690100679767,-0.004279322478112702,0.004031367394510099,0.003012604243477565,-0.0005087377142637359,-0.003052027744589943,0.0018997607173246722,-0.004091155365102964,0.0011700655341377632,0.011582146281934796
-0.0011164704254003227,-0.001967586395193893,-0.0031897161513290166,-0.004309258075050452,0.004047727864117825,0.002970610320843463,-0.0004964724155861721,-0.0029350916429600835,0.0013723332042204772,-0.004307629161717338,0.001282994201375006,0.011805074044037162
-0.0010759378389028987,-0.0019381008032376983,-0.003194613793293184,-0.0043380134339428,0.004058789435366975,0.0029265080703955136,-0.0004830559772473058,-0.0028159801355095624,0.0008399810456095613,-0.004512820927872533,0.0014002934663982537,0.012017227446067064
-0.0010353213546790432,-0.0019090662128557296,-0.003199371302837157,-0.0043655673408814774,0.004064507409404125,0.0028804100059982105,-0.0004684459315473314,-0.0026948012522259187,0.00030361376182053146,-0.004706791951588071,0.0015217156735966263,0.01221854921066165
-0.0009946745863572179,-0.0018805020231900647,-0.0032039765441041813,-0.004391899664760796,0.004064846254960934,0.002832427927134773,-0.0004526023218574942,-0.0025716635236378354,-0.000235844650458783,-0.004889623821099479,0.001647006264370813,0.012408996506954956
-0.0009540514563679562,-0.0018524265199511764,-0.0032084169945616075,-0.004416991361567324,0.004059779742891406,0.0027826727206428856,-0.0004354877696277499,-0.0024466758376677504,-0.0007774577634468427,-0.005061417477277948,0.0017759041815780495,0.012588540687062028
-0.0009135061023529994,-0.001824856885487432,-0.00321267977109631,-0.004440824477251774,0.004049291060099953,0.0027312541721059977,-0.0004170675373127557,-0.0023199472992222253,-0.0013202787948437544,-0.005222292230099627,0.0019081422814207806,0.012757167002043018
-0.000873092782539636,-0.001797809210690713,-0.0032167516567185883,-0.0044633821492114124,0.004033372902572727,0.0026782807872378096,-0.0003973095871428895,-0.002191587092705457,-0.0018633527106014514,-0.005372384743537958,0.002043447752552465,0.012914874301310636
-0.0008328657802903816,-0.0017712985086367327,-0.003220619127832629,-0.00448464860641309,0.004012027547278149,0.002623859623558243,-0.00037618463566528126,-0.002061704347630019,-0.0024057183483142675,-0.005511847992375366,0.0021815425429691816,0.013061674713776977
-0.0007928793080402074,-0.0017453387298558398,-0.003224268382030873,-0.0045046091681887335,0.0039852669027566874,0.002568096132620347,-0.00035366620398346227,-0.001930408007498712,-0.0029464105559778853,-0.005640850195203769,0.002322143793394623,0.013197593312484462
-0.0007531874108350515,-0.0017199427791276993,-0.0032276853663689158,-0.004523250241736825,0.00395311253827449,0.0025110940130077357,-0.0003297306636251262,-0.0017978067021196661,-0.003484462340461625,-0.0057595737273185045,0.002464964278272589,0.01332266776332472
-0.000713843869686327,-0.0016951225336912443,-0.0032308558060768953,-0.004540559318364957,0.003915595691470415,0.0024529550742832767,-0.00030435727797077075,-0.0016640086235067066,-0.004018907020353457,-0.005868214017573311,0.0026097128525985024,0.01343694795926717
-0.000674902104956574,-0.0016708888627596803,-0.003233765233662619,-0.004556524968510042,0.003872757254480177,0.002393779112029527,-0.0002775282391740153,-0.0015291214055103066,-0.004548780377694128,-0.005966978433176621,0.00275609490675258,0.013540495640012834
-0.0006364150799912955,-0.001647251648229126,-0.003236399018361038,-0.004571136835574175,0.0038246477385755376,0.0023336637940813347,-0.0002492287005097458,-0.0013932520073162153,-0.005073122803233798,-0.006056085156461829,0.0029038128261013284,0.013633383998805398
-0.0005984352052113625,-0.0016242198064686554,-0.0032387423958840297,-0.004584385628615454,0.0037713272174110636,0.0022727045580127722,-0.0002194468040886017,-0.001256506600939566,-0.005590981429660968,-0.006135762057250641,0.0030525664581274904,0.013715697276524469
-0.000561014242879187,-0.0016018013110790867,-0.003240780498423848,-0.004596263113934315,0.003712865249024028,0.0022109945199009755,-0.00018817370387508422,-0.0011189904628326412,-0.006101412247746185,-0.006206245565108733,0.0032020535845760055,0.013787530344860494
-0.0005242032127501375,-0.0015800032165078283,-0.003242498384863001,-0.00460676210559705,0.0036493407767858757,0.002148624394350691,-0.00015540358395552006,-0.0009808078697143279,-0.00660348219988427,-0.0062677795449481745,0.0033519703993368268,0.013848988278802182
-0.0004880522988184272,-0.0015588316824074434,-0.0032438810711427697,-0.004615876454939232,0.0035808420095561847,0.0020856824257263016,-0.00012113367199818986,-0.00084206199872209,-0.007096271246053942,-0.006320614179929681,0.003502011992129215,0.013900185919645397
-0.0004526107573639426,-0.001538291998626314,-0.0032449135607420434,-0.004623601039092722,0.0035074662813407323,0.002022254330499568,-8.536424785654065e-05,-0.0007028548319759278,-0.007578874397036528,-0.006365004865417027,0.0036518728362006266,0.01394124742958705
-0.00041792682650320886,-0.0015183886107208837,-0.0032455808752176736,-0.004629931748580786,0.0034293198908060167,0.0019584232505865055,-4.8098647269499466e-05,-0.0005632870656369437,-0.008050403709906617,-0.00640121111719549,0.00380124728120761,0.01397230583820977
-0.00038404763744392327,-0.0014991251458803998,-0.003245868084757092,-0.004634865474026616,0.0033465179210511015,0.0018942697175102672,-9.343260614145616e-06,-0.0004234580235289851,-0.00850999024107646,-0.006429495498052166,0.00394983004986316,0.013993502583381945
-0.00035101912763824036,-0.001480504439156884,-0.003245760338693527,-0.004638400092021184,0.0032591840400854805,0.001829871627192907,3.0892473327089276e-05,-0.000283465575384654,-0.008956785952047741,-0.006450122565419877,0.004097316738383818,0.01400498704548428
-0.0003188859560252721,-0.00146252855989519,-0.0032452428959338017,-0.004640534450196963,0.0031674502825081692,0.001765304225145891,7.259607861798598e-05,-0.00014340605977113737,-0.009389965563414537,-0.006463357843983334,0.004243404319795523,0.014006916077219045
-0.0002876914205480922,-0.0014451988382604758,-0.0032443011552483747,-0.004641268351554479,0.0030714568129278147,0.001700640101796945,0.00011575205846741746,-3.3742117320011795e-06,-0.009808728352656337,-0.006469466825805844,0.004387791650090775,0.013999453530608191
-0.00025747737812491976,-0.0014285158917631882,-0.0032429206853730424,-0.004640602538089031,0.0029713516717066717,0.001635949197660558,0.0001603419165990353,0.00013653690482146117,-0.01021229989157224,-0.006468714001471535,0.004530179976232791,0.013982769780084281
-0.0002282841672481225,-0.0014124796516847365,-0.0032410872548715073,-0.004638538673765193,0.002867290503652779,0.0015712988180297985,0.0002063441837079962,0.0002762359599461909,-0.010599933719206311,-0.006461361924680383,0.0046702734455593906,0.013957041244861662
-0.00020015053337823715,-0.0013970893893103867,-0.003238786861707893,-0.004635079326886857,0.0027594362703242917,0.0015067536568401587,0.0002537344490148632,0.00041563341572098476,-0.010970912946491107,-0.006447670313247559,0.004807779615814002,0.013922449910097112
-0.00017311355729337946,-0.0013823437418795388,-0.003236005762478214,-0.0046302279519106785,0.0026479589466472456,0.0014423758293294216,0.0003024853969209445,0.0005546415795147634,-0.011324551788918114,-0.0064278951888998535,0.00494240996540226,0.013879182848658606
-0.00014720858654722368,-0.0013682407381674254,-0.0032327305012497987,-0.004623988870750712,0.0025330352025839113,0.001378224913093262,0.000352566848762109,0.0006931746524785697,-0.011660197023748764,-0.006402288058332099,0.00507388040283064,0.01382743174410267
-0.0001224691701811926,-0.00135477782361639,-0.0032289479379577443,-0.0046163672536219304,0.002414848070622305,0.0013143579971137923,0.0004039458096487732,0.0008311487732777158,-0.011977229368572484,-0.006371095137561841,0.005201911774502209,0.013767392415726554
-9.892699682863847e-05,-0.0013419518849392329,-0.003224645276307626,-0.004607369099470074,0.00229358659988852,0.0012508297383176511,0.00045658652037487474,0.0009684820570936289,-0.012275064778184519,-0.00633455662166638,0.005326230370718089,0.013699264347456053
-7.661183634063187e-05,-0.0013297592741216453,-0.0032198100911339173,-0.004597001216034949,0.0021694454977127992,0.0011876924251998577,0.0005104505143668734,0.0011050946299312463,-0.012553155656959691,-0.006292906001892303,0.005446568427681646,0.01362325022006744
-5.5551485054533096e-05,-0.0013181958317554764,-0.0032144303551638934,-0.004585271199593895,0.0020426247595069554,0.001124996048033921,0.0005654966796379014,0.0012409086582795485,-0.012810991984209097,-0.0062463694312950326,0.005562664626523946,0.01353955544959301
-3.577171481782283e-05,-0.0013072569096394435,-0.0032084944651371884,-0.00457218741443159,0.0019133292878350974,0.0010627883751726565,0.0006216813257030976,0.001375848374181552,-0.013048102350162516,-0.006195165140957911,0.005674264586515314,0.013448387730807698
-1.729622587073924e-05,-0.0012969373925889277,-0.003201991267231673,-0.004557758972081794,0.0017817685015816217,0.0010011150349305143,0.0006789582553999978,0.0015098400957776555,-0.013264054900532618,-0.00613950290747051,0.005781121352864717,0.013349956588412981
-1.4660368213162936e-07,-0.0012872317194016368,-0.003194910081746907,-0.004541995710385909,0.0016481559361399003,0.0009400196025276645,0.0007372788415531878,0.0016428122433993077,-0.013458458187811662,-0.006079583573099453,0.005882995877773266,0.013244472935917462
1.565772017637886e-05,-0.001278133902931172,-0.0031872407269971058,-0.004524908172412433,0.0015127088355621973,0.0008795436915652986,0.0007965921084070576,0.0017746953512959652,-0.013630961927728946,-0.006015598619373733,0.005979657493000702,0.013132148643414054
3.0099503042319006e-05,-0.001269637549225869,-0.003178973542366347,-0.004506507585280517,0.0013756477376258322,0.0008197270494952764,0.000856844817744696,0.001905422075087238,-0.013781257659544077,-0.005947729794630704,0.006070884374526984,0.01301319611484053
4.316372199436123e-05,-0.001261735875695685,-0.003170099410479627,-0.004486805838929883,0.0012371960527826124,0.0007606076565415524,0.0009179815595993351,0.0020349271950394912,-0.013909079309099903,-0.0058761487961140925,0.006156463996400831,0.012887827875610158
5.483760044811441e-05,-0.0012544217282753438,-0.0031606097784443654,-0.004465815464878289,0.001097579637968024,0.0007022218275266763,0.0009799448474529606,0.0021631476152792614,-0.01401420365381778,-0.005801017006861139,0.006236193574324277,0.012756256172343883
6.511063046922241e-05,-0.0012476875975574325,-0.003150496678118063,-0.004443549615006599,0.0009570263662535756,0.0006446043160555868,0.001042675217807509,0.0022900223590587377,-0.014096450689071893,-0.005722485287356752,0.0063098804965854086,0.012618692583551416
7.397459076714071e-05,-0.001241525633874607,-0.0031397527453590106,-0.004420022040410324,0.0008157656933300856,0.0005877884205095266,0.0011061113340029734,0.0024154925601962275,-0.014155683895626103,-0.005640693821855277,0.006377342742507473,0.012475347643946533
8.142356034284863e-05,-0.001235927661315536,-0.0031283712382182654,-0.004395247070355209,0.0006740282218114977,0.000531806091304677,0.0011701900941460618,0.0025395014508268134,-0.014191810408091476,-0.005555772019114644,0.006438409286110204,0.012326430482170636
8.745392777364696e-05,-0.0012308851906646396,-0.0031163460540325305,-0.004369239591373068,0.0005320452643481691,0.0004766880388745865,0.001234846743000928,0.002661994345601395,-0.014204781084574236,-0.0054678384669034595,0.0064929204848630725,0.012172148472745725
9.206439612806483e-05,-0.0012263894312610577,-0.0031036717453791027,-0.0043420150265326635,0.0003900484065354047,0.00042246384184178913,0.0013000149876846215,0.0027829186224795355,-0.014194590477978636,-0.005377000939656016,0.006540728451875623,0.012012706902882364
9.52559835137285e-05,-0.0012224313017775911,-0.003090343534855699,-0.004313589314918926,0.00024826907059732965,0.0003691620548515249,0.0013656271169961351,0.002902223700268041,-0.014161276709636378,-0.005283356458396834,0.0065816974104270995,0.011848308654818673
9.703201927080606e-05,-0.001219001439925581,-0.0030763573286497208,-0.004283978891352256,0.00010693808081818252,0.00031681031555051914,0.0014316141241995037,0.003019861013065922,-0.014104921246193045,-0.005186991401804317,0.006615704030246618,0.0116791539047576
9.739813583330995e-05,-0.001216090211096803,-0.003061709728863371,-0.0042532006663780295,-3.3714768317405014e-05,0.0002654354502050704,0.0014979058330704838,0.003135783981779334,-0.014025648580924463,-0.005087981667285437,0.00664263774394943,0.011505439837924847
9.636225629009136e-05,-0.00121368771595845,-0.0030463980445629996,-0.004221272006554764,-0.00017346114032631318,0.00021506357746551647,0.0015644310270037556,0.0032499479828736887,-0.013923625820857169,-0.004986392880625346,0.006662401042704914,0.011327360380946061
9.393457768677335e-05,-0.001211783797022127,-0.003030420301523141,-0.004188210715067703,-0.00031207458033728904,0.00016572020979908685,0.0016311175809679897,0.0033623103145385266,-0.013799062181338001,-0.004882280652660578,0.0066749097501419205,0.011145105952021561
9.012755011912007e-05,-0.0012103680442124847,-0.0030137752506378622,-0.004154035012692782,-0.0004493309331933666,0.00011743035212938676,0.0016978925960877413,0.003472830160445723,-0.013652208389877504,-0.004775690881279441,0.006680093273808398,0.010958863229417748
8.495585167740646e-05,-0.0012094297994656453,-0.0029964623749743316,-0.004118763519134142,-0.0005850087551493558,7.021859723848435e-05,0.0017646825366183845,0.003581468551282287,-0.013483356001320349,-0.004666660096901042,0.006677894832320251,0.010768814937895055
7.843635931021482e-05,-0.0012089581603919226,-0.0029784818954458818,-0.004082415234756514,-0.0007188897182889716,2.4109217506054802e-05,0.001831413369071583,0.0036881883242432397,-0.013292836626602814,-0.004555215849584866,0.006668271658319437,0.010575139654295462
7.058811568472105e-05,-0.0012089419830414857,-0.0029598347750843176,-0.0040450095227319224,-0.0008507590068097827,-2.087374741867706e-05,0.0018980107032412449,0.0037929540806751548,-0.013081021077559415,-0.0044413771353615066,0.0066511951756129326,0.010378011632087514
6.143229212892403e-05,-0.0012093698838155568,-0.002940522721893771,-0.0040065660916182326,-0.0009804057043496213,-6.470640739554518e-05,0.0019643999348680843,0.003895732142062819,-0.012848318430408304,-0.0043251548600121165,0.006626651149754949,0.010177600645445262
5.099214774939884e-05,-0.0012102302405694527,-0.0029205481902710635,-0.003967104978385158,-0.0011076231715554169,-0.00010736494338362202,0.0020305063896734195,0.00399649050455201,-0.01259517501075079,-0.0042065523376032515,0.006594639811312107,0.009974071852392852
3.929298482599903e-05,-0.0012115111929572658,-0.002899914380980265,-0.0039266465319013726,-0.0012322094131245443,-0.00014882553417900447,0.002096255468486256,0.004095198792205165,-0.01232207330307468,-0.004085565821473238,0.006555175951255134,0.009767585678238211
2.63621005924786e-05,-0.001213200642071222,-0.0028786252396719382,-0.003885211396894409,-0.001353967433579542,-0.0001890642886122205,0.0021615727931791192,0.004191828209187588,-0.012029530787924889,-0.003962185065169972,0.006508288987317555,0.009558297718246456
1.2228735519234044e-05,-0.001215286249431744,-0.002856685453940442,-0.0038428204983930758,-0.0014727055810693694,-0.00022805718349219875,0.0022263843531201326,0.004286351491079016,-0.011718098710040606,-0.003836393910825674,0.00645402300088508,0.009346358660039078
-3.075981778733725e-06,-0.001217755435386989,-0.0028341004489156212,-0.0037994950266601215,-0.001588237878524184,-0.00026578000755681685,0.0022906166518440107,0.0043787428555118295,-0.0113883607809223,-0.003708170902097947,0.006392436743890527,0.009131914226523596
-1.9519092878983727e-05,-0.0012205953769830887,-0.002810876381388207,-0.0037552564226208994,-0.0017003843415258173,-0.0003022083116631081,0.0023541968536388473,0.004468977952332594,-0.011040931819404368,-0.0035774899191603083,0.006323603615076813,0.008915105137629276
-3.706587099807534e-05,-0.0012237930053685176,-0.002787020132471318,-0.003710126363791826,-0.0018089712822925046,-0.0003373173654226718,0.00241705292973893,0.004557033813482118,-0.01067645633393309,-0.0034443208327524216,0.006247611604939772,0.00869606709227555
-5.567988540560809e-05,-0.0012273350027979322,-0.0027625392988035644,-0.003664126750710464,-0.0019138315992140457,-0.0003710821204602455,0.0024791138038118008,0.0046428888027902505,-0.010295607050375147,-0.0033086301747623243,0.006164563209634356,0.008474930769351019
-7.532306865873928e-05,-0.001231207799302456,-0.0027374421823023933,-0.003617279693867121,-0.002014805051412193,-0.00040347718044452023,0.002540309496422417,0.00472652256587835,-0.009899083389254257,-0.0031703818220926144,0.006074575312488971,0.008251821848268781
-9.595578650500332e-05,-0.001235397569094738,-0.0027117377784795127,-0.003569607501135918,-0.002111738517840615,-0.00043447677801186586,0.0026005712681537044,0.004807915980362223,-0.009487609896430174,-0.003029537691376512,0.005977779033768428,0.008026861048505918
-0.0001175369102966022,-0.0012398902267781722,-0.0026854357633334237,-0.003521132665701401,-0.00220448624047916,-0.00046405475867497943,0.0026598317610640933,0.004887051106541239,-0.009061934631278787,-0.0028860584412462014,0.00587431954830938,0.007800164187297343
-0.00014002389175508923,-0.0012446714234304454,-0.002658546478837316,-0.0034718778544749,-0.0022929100512182467,-0.0004921845717796541,0.0027180251381574384,0.004963911138758917,-0.008622827516538548,-0.0027399041796887253,0.005764355870359651,0.007571842256238304
-0.00016337283992153492,-0.0012497265426320624,-0.0026310809170438172,-0.003421865896993024,-0.002376879582070891,-0.0005188392685437484,0.0027750872205423273,0.005038480357616258,-0.008171078653990346,-0.002591035173130139,0.00564806060661812,0.007342001515229901
-0.00018753860012384936,-0.0012550406965106998,-0.0026030507028313127,-0.0033711197747888734,-0.002456272458391996,-0.0005439915071837415,0.0028309556219585875,0.005110744083213908,-0.007707496610230638,-0.0024394125548684604,0.005525619676633932,0.007110743604300085
-0.0002124748347899447,-0.0012605987218721518,-0.0025744680753197772,-0.003319662611224833,-0.0025309744748270736,-0.0005676135651066578,0.002885569880348501,0.005180688629594158,-0.007232906676784875,-0.0022849990297147942,0.005397232001348749,0.006878165671749814
-0.00023813410593285698,-0.001266385176488268,-0.0025453458679872676,-0.0032675176617741166,-0.002600879753755381,-0.0005896773581165953,0.0029388715861534153,0.005248301260549135,-0.006748149108876569,-0.00212775957227271,0.005263109159634162,0.00664436051924544
-0.0002644679591318102,-0.0012723843356116354,-0.002515697487521404,-0.0032147083047365903,-0.0026658908860352675,-0.0006101544665568611,0.0029908045070193546,0.005313570146956123,-0.006254077347100692,-0.001967662115780448,0.0051234750135536675,0.006409416762152231
-0.0002914270088314992,-0.0012785801887858288,-0.002485536891443313,-0.0031612580323728506,-0.0027259190539025285,-0.0006290161682818338,0.003041314708598838,0.005376484325791809,-0.005751556226351498,-0.0018046782292140979,0.004978565302343009,0.006173419004985137
-0.0003189610247805882,-0.0012849564370188752,-0.002454878564544606,-0.0031071904424390213,-0.0027808841359152742,-0.000646233478327428,0.003090350671142502,0.005437033660974052,-0.005241460176197629,-0.0016387837799047272,0.004828627206389845,0.005936448031463426
-0.0003470190194295736,-0.0012914964903861196,-0.002423737494181004,-0.0030525292301032923,-0.0028307147938818086,-0.0006617771951214536,0.0031378634015779483,0.0054952088061717445,-0.004724671417109208,-0.0014699595789003945,0.004673918880699381,0.0056985810080749655
-0.00037554933610773196,-0.0012981834661269804,-0.002392129144469216,-0.002997298180223865,-0.0028753485417498587,-0.0006756179530507118,0.003183806540779649,0.0055510011697136935,-0.004202078156500852,-0.001298192006951247,0.004514708959640755,0.005459891700314801
-0.0004044997377988695,-0.0013050001872981236,-0.002360069429436594,-0.002941521159966688,-0.002914731796477645,-0.0006877262811779254,0.0032281364657446975,0.005604402881721779,-0.0036745727890563767,-0.001123473618491468,0.0043512760333689685,0.005220450701302282
-0.0004338174963360025,-0.0013119291820434015,-0.0023275746851759028,-0.0028852221117401547,-0.0029488199109489574,-0.0006980726678776576,0.0032708123863935765,0.005655406763584844,-0.0031430501052060883,-0.0009458037214549724,0.004183908096406862,0.004980325671310792
-0.00046344948183592056,-0.0013189526835384819,-0.002294661641060297,-0.0028284250464228273,-0.0029775771890346555,-0.0007066276311384163,0.003311796436727623,0.0057040062998806405,-0.0026084055119335453,-0.0007651889306967714,0.004012901970402417,0.004739581587848596
-0.0004933422521958111,-0.0013260526306654583,-0.0022613473900762386,-0.002771154036859209,-0.00300097688294346,-0.0007133617942568738,0.003351053760084015,0.005750195612843031,-0.0020715332698273276,-0.000581643692994736,0.003838562700875979,0.004498281004629456
-0.0005234421424757495,-0.0013332106694698915,-0.002227649358334624,-0.0027134332115976672,-0.0030190011730442056,-0.0007182459666297537,0.0033885525882388886,0.0057939694394653,-0.0015333247503217656,-0.0003951907815812356,0.003661202930098785,0.004256484319824283
-0.0005536953539928691,-0.0013404081554496926,-0.002193585273822809,-0.002655286748843746,-0.0030316411303797195,-0.0007212512293304714,0.003424264314124104,0.005835323111318972,-0.0009946667167810425,-0.0002058617585622962,0.0034811422469443673,0.004014250050910162
-0.0005840480429554193,-0.0013476261567220418,-0.0021591731344625187,-0.0025967388706013687,-0.0030388966621303177,-0.0007223490251393728,0.003458163557933975,0.005874252537156467,-0.00045643963333864834,-1.3697403217995466e-05,0.0032987065150297604,0.003771635116588845
-0.0006144464084676752,-0.001354845458111141,-0.0021244311755407867,-0.002537813836973793,-0.00304077644032087,-0.0007215112526804584,0.0034902282264124202,0.00591075418835865,8.048399522821159e-05,0.00018125189500090184,0.003114227180659311,0.0035286951238477915
-0.0006448367797397831,-0.0013620465661960558,-0.002089377836583098,-0.002478535940595621,-0.003037297814100716,-0.0007187103643025013,0.003520439565125361,0.0059448250872757786,0.0006152412488025089,0.00037892578059050934,0.002928040561928892,0.0032854846595780085
-0.0006751657023400852,-0.0013692097153542074,-0.002054031727739781,-0.002418929501166736,-0.003028486705959699,-0.0007139194673278341,0.0035487822035379663,0.005976462798501224,0.0011469803794008776,0.0005792536143429134,0.0027404871205921263,0.0030420575855110155
-0.0007053800233312631,-0.0013763148748322522,-0.002018411595758422,-0.0023590188600587005,-0.0030143774922758697,-0.0007071124282811241,0.0035752441927338536,0.00600566542310586,0.0016748623573650118,0.0007821541949991056,0.0025519107185853276,0.0027984673354162215
-0.000735426975135753,-0.0013833417568721502,-0.001982536289616615,-0.0022988283749639216,-0.0029950128686221248,-0.0006982639796984703,0.003599817035627567,0.006032431595849924,0.0021980623733839494,0.0009875355215316368,0.00236265786015729,0.002554767213396536
-0.0007652542579803069,-0.0013902698259161844,-0.0019464247258907763,-0.0022383824145577698,-0.002970443700288641,-0.0006873498291083645,0.003622495709540175,0.006056760485380446,0.0027157712933127826,0.001195294596489536,0.0021730769223643823,0.0023110106927080043
-0.0007948101207742807,-0.0013970783089105655,-0.0019100958539379502,-0.0021777053531438235,-0.002940728858506132,-0.0006743467697678575,0.0036432786810250447,0.006078651797408807,0.003227197063188983,0.0014053172716118629,0.001983517374609521,0.002067251712964291
-0.0008240434402812209,-0.0014037462067230586,-0.0018735686209685792,-0.0021168215652525154,-0.002905935042881898,-0.0006592327927307627,0.0036621679128491487,0.0060981057808528,0.0037315660616579066,0.0016174781358070916,0.0017943289902112927,0.001823544975834368
-0.0008529037984485621,-0.001410252306685812,-0.0018368619370890565,-0.0020557554201636598,-0.0028661365905863394,-0.0006419871998199257,0.0036791688630553993,0.006115123236918334,0.004228124397453806,0.001831640446360307,0.0016058610510388469,0.0015799462372723116
-0.0008813415577657448,-0.0014165751962702737,-0.0017999946403935414,-0.001994531276323656,-0.0028214152728502154,-0.0006225907170724064,0.003694290476047611,0.00612970553108239,0.004716139149770968,0.0020476561031435563,0.0014184615474034726,0.0013365125955389079
-0.0009093079345267731,-0.0014226932778967564,-0.0017629854621849918,-0.001933173475628597,-0.0027718600793554308,-0.000601025608224144,0.00370754516566232,0.0061418546079294156,0.005194899549185963,0.0022653656665088968,0.0012324763755383258,0.0010933027738662116
-0.000936755069879162,-0.001428584784876876,-0.0017258529924056294,-0.0018717063375450372,-0.0027175669911223502,-0.0005772757877997792,0.0037189487902101566,0.0061515730087825715,0.005663718097430145,0.0024845984183640684,0.0010482485340289963,0.0008503773967649675
-0.0009636360985473489,-0.0014342277984827512,-0.001688615645357131,-0.0018101541530408255,-0.0026586387425150374,-0.000551326933375253,0.0037285206194895043,0.006158863892059767,0.00612193162403242,0.0027051724665411742,0.0008661173218405746,0.0006077992586741576
-0.0009899052151249356,-0.0014396002661325403,-0.0016512916257907019,-0.0017485411782991495,-0.002595184573002293,-0.0005231665965825739,0.003736283293796345,0.006163731056275432,0.006568902278516461,0.0029268948919946563,0.0006864175395275077,0.00036563358445884653
-0.001015517737836583,-0.0014446800206776077,-0.0016138988954468487,-0.0016868916281897893,-0.002527319969327176,-0.0004927843124308929,0.0037422627749742806,0.006166178965596605,0.0070040184565070135,0.0031495619383415403,0.0005094786960596273,0.00012394827977568745
-0.001040430169676978,-0.001449444800772373,-0.0015764551401241276,-0.0016252296694725433,-0.0024551663987518284,-0.00046017170652215593,0.003746488289569941,0.006166212777852589,0.007426695658562452,0.003372959243405858,0.0003356242230724629,-0.00011718582857889182
-0.0010646002568410107,-0.0014538722723037212,-0.0015389777373553846,-0.0015635794137088355,-0.002378851034054717,-0.0004253225997474932,0.0037489922641786608,0.0061638383748889814,0.007836377280859855,0.0035968621115266847,0.0001651706986714671,-0.00035769476414260204
-0.0010879870443661172,-0.0014579400508527515,-0.0015014837247690563,-0.0015019649098586647,-0.0022985064709665957,-0.000388233110058572,0.003749810253087011,0.006159062395145172,0.008232535336764366,0.003821035826257561,-1.5729170013897842e-06,-0.0005975011846193201
-0.0011105509289146553,-0.0014616257251576247,-0.0014639897692119255,-0.0014404101365413087,-0.0022142704387410274,-0.0003489017509160759,0.00374898085833915,0.0061518922683260315,0.00861467110834925,0.004045236002241661,-0.00016430603257081705,-0.0008365241792087641
-0.0011322537086311576,-0.0014649068815423565,-0.001426512136708357,-0.001378938993939531,-0.002126285504559425,-0.0003073295260302667,0.003746545642374521,0.006142336252029493,0.008982315727971243,0.004269208974920167,-0.00032273716035498973,-0.0010746790800990613
-0.0011530586300163318,-0.0014677611292726054,-0.0013890666633294606,-0.0013175752953284684,-0.0020346987724754223,-0.00026352002001951507,0.0037425490334047806,0.006130403470183048,0.009335030688829252,0.0044926922272301596,-0.0004765846335931592,-0.0013118772891898
-0.00117293043176674,-0.0014701661267958286,-0.001351668727043851,-0.0012563427582118847,-0.001939661577606201,-0.000217479484625128,0.003737038223717136,0.006116103953133688,0.009672408285015019,0.004715414851647252,-0.000625577303935719,-0.0015480261206823887
-0.0011918353855361608,-0.001472099608819636,-0.0013143332206197054,-0.0011952649950500705,-0.0018413291762779571,-0.00016921692013634003,0.0037300630611119758,0.006099448679229154,0.009994071980633748,0.00493709804611034,-0.0007694552170964056,-0.001783028660224284
-0.001209741333581716,-0.0014735394141787875,-0.0012770745256456353,-0.00113436550356533,-0.0017398604328330775,-0.00011874415169396883,0.00372167593370205,0.006080449617718922,0.010299676708342184,0.005157455642363902,-0.0009079702648887231,-0.0020167836418221174
-0.0012266177232648937,-0.0014744635144380439,-0.0012399064877355321,-0.001073667656612745,-0.0016354175038024706,-6.607590015731706e-05,0.0037119316483185884,0.006059119772798092,0.010588909097779223,0.0053761946649664525,-0.0010408868118036221,-0.0022491853423438624
-0.001242435638384619,-0.0014748500431750143,-0.0012028423929799981,-0.0010131946916057026,-0.0015281655201426177,-1.1229847236772001e-05,0.0037008873027882107,0.0060354732286103845,0.010861487634191355,0.005593015919142559,-0.0011679822942719173,-0.0024801234951976614
-0.0012571678273264868,-0.0014746773258842607,-0.0011658949457042406,-0.0009529696994875495,-0.0014182722682309287,4.577330538749048e-05,0.0036886021523632917,0.006009525195020245,0.011117162748146461,0.005807614605709938,-0.0012890477907118517,-0.0027094832228302668
-0.0012707887280191694,-0.001473923910441213,-0.0011290762475894018,-0.0008930156132426505,-0.0013059078703055796,0.00010490978322207753,0.0036751374706044714,0.005981292053959555,0.011355716836923366,0.0060196809612074725,-0.0014038885610521898,-0.0029371449893076385
-0.001283274489695828,-0.0014725685980619405,-0.0010923977782112244,-0.0008333551959421121,-0.0011912444650261419,0.00016615269263239881,0.0036605564050310167,0.00595079140614813,0.011576964218964161,0.006228900920856784,-0.0015123245536387345,-0.0031629845729772565
-0.0012946029914650628,-0.0014705904746925235,-0.0010558703770467135,-0.0007740110283214498,-0.0010744558888208158,0.00022947198125100756,0.0036449238278711536,0.005918042117984323,0.011780751022101063,0.006434956802864966,-0.0016141908783338862,-0.0033868730597841346
-0.0013047538577025401,-0.001467968942759656,-0.0010195042269960672,-0.0007150054958895412,-0.0009557173586746575,0.00029483440532249356,0.003628306182258106,0.005883064368397388,0.011966955007130589,0.006637528011432229,-0.0017093382442755836,-0.0036086768576029105
-0.0013137084702809076,-0.0014646837532122322,-0.0009833088394636124,-0.0006563607755703009,-0.0008352051569988244,0.0003622035041622605,0.003610771324232862,0.005845879695450673,0.01213548532803603,0.006836291756521165,-0.0017976333607732861,-0.0038282577317401145
-0.0013214499776619325,-0.0014607150377819933,-0.0009472930410378091,-0.0005980988218806368,-0.0007130963192061573,0.00043153958188552944,0.0035923883609277896,0.005806511042482152,0.012286282230497395,0.007030923788132618,-0.0018789593002412133,-0.004045472861964106
-0.001327963300880978,-0.001456043341389864,-0.0009114649618065849,-0.0005402413526503925,-0.0005895683246029603,0.0005027996965403147,0.0035732274853170587,0.005764982803566709,0.012419316690141999,0.007221099142824447,-0.001953215821904962,-0.0042601749211244044
-0.0013332351364599355,-0.0014506496546233833,-0.0008758320253403396,-0.0004828098342921415,-0.0004647987911885241,0.0005759376567558308,0.003553359807931985,0.00572132086808349,0.012534589992745246,0.007406492900278764,-0.0020203196551097716,-0.004472212175519408
-0.0013372539562905598,-0.0014445154462096347,-0.0008404009403709331,-0.0004258254666308686,-0.00033896517493634416,0.0006509040259938864,0.003532857185949326,0.005675552664171088,0.012632133257690734,0.007586780947332358,-0.0020802047414219746,-0.004681428606960969
-0.0013400100045357982,-0.0014376226954073217,-0.0008051776941908385,-0.0003693091673057455,-0.00021224447411132436,0.0007276461344687126,0.003511792050069586,0.005627707200853535,0.012712006907313222,0.007761640747632895,-0.002132822434525984,-0.004887664056549612
-0.001341495291602131,-0.0014299539242410915,-0.0007701675477924334,-0.0003132815557583762,-8.481293915523535e-05,0.0008061080987773314,0.0034902372296114446,0.005577815108620318,0.01277430008390458,0.007930752114090852,-0.00217814165710236,-0.005090754390093766
-0.0013417035852411744,-0.00142149222950091,-0.0007353750327631025,-0.00025776293682404757,4.315421134654706e-05,0.0008862308492589863,0.003468265776254732,0.0055259086782454125,0.0128191300164519,0.008093797982240117,-0.0022161490142402,-0.005290531684887467
-0.0013406303988438028,-0.001412221314429217,-0.000700803949947475,-0.00020277328394465862,0.00017148306812777005,0.0009679521650795983,0.0034459507868707605,0.005472021897632378,0.012846641339792696,0.00825046518188229,-0.0022468488625540725,-0.0054868244377195285
-0.001338272976994827,-0.00140212552001875,-0.000666457369883702,-0.00014833222202412143,0.00030000130166739266,0.0010512067170138002,0.0034233652258838475,0.005416190486475059,0.012857005368131825,0.008400445204958066,-0.0022702633348285275,-0.005679457793744236
-0.001334630278360808,-0.001391189855844304,-0.0006323376350162297,-9.445900994911195e-05,0.00042853842513640883,0.001135926117875404,0.0034005817476106147,0.005358451928526837,0.012850419325671405,0.008543434967362725,-0.002286432319818031,-0.005868253795900058
-0.0013297029559878862,-0.001379400030352311,-0.0005984463636830421,-4.1172522800100864e-05,0.0005569260494479544,0.0012220389805231997,0.003377672519026896,0.00529884550127538,0.012827105536637715,0.008679137562196385,-0.002295413396925662,-0.0060530316543914164
-0.001323493335090558,-0.0013667424805329559,-0.0005647844558708433,1.1508766220399017e-05,0.0006849981300176861,0.0013094709833478195,0.0033547090434128688,0.005237412302824596,0.01278731057730861,0.008807263002727569,-0.002297281725879806,-0.006233608035765448
-0.0013160053884161318,-0.0013532044009005953,-0.0005313521007271433,6.356680411347529e-05,0.0008125912048675468,0.0013981449431243018,0.0033317619853271193,0.005174195275790658,0.012731304392663543,0.008927528952568911,-0.0022921298912700686,-0.006409797371021986
-0.001307244709273133,-0.0013387737717095115,-0.0004981487858137138,0.0001149839766325531,0.0009395446237322133,0.0014879808950924458,0.0033089009973587854,0.005109239228024904,0.012659379380269755,0.009039661441059907,-0.002280067702396714,-0.006581412182128821
-0.0012972184823152027,-0.0013234393863335136,-0.0004651733080813987,0.00016574312702259244,0.0010657007678538499,0.0015788961801071373,0.003286194549104236,0.005042590849982962,0.012571849444057568,0.009143395561878412,-0.002261221948513116,-0.006748263426259671
-0.0012859354521750457,-0.0013071908777395696,-0.0004324237865418191,0.00021582757491534036,0.0011909052601775565,0.0016708055386816718,0.003263709758811681,0.004974298728566622,0.012469049020683767,0.009238476153028493,-0.0022357361099979087,-0.006910160857008352
-0.0012734058900457249,-0.0012900187439875315,-0.00039989767660710495,0.0002652211353445363,0.0013150071656866027,0.001763621211725942,0.0032415122281311535,0.004904413357272567,0.012351332081125464,0.009324658455825566,-0.0022037700261076446,-0.007066913401802655
-0.0012596415583090712,-0.001271914372690084,-0.0003675917860644415,0.0003139081378433519,0.001437859181644127,0.001857253047763569,0.003219665880401531,0.004832987142490555,0.012219071110379367,0.009401708751699841,-0.002165499519816892,-0.007218329554599778
-0.0012446556733131731,-0.0012528700643692887,-0.0003355022926479413,0.00036187344558481614,0.0015593178175354913,0.0019516086163954888,0.0031982328028985116,0.004760074405802289,0.012072656067893515,0.009469404974684107,-0.0021211159807869376,-0.007364217783053517
-0.0012284628664028397,-0.001232879054648519,-0.00030362476316615517,0.00040910247452453577,0.0016792435645311917,0.0020465933277584243,0.0031772730934587156,0.004685731382141638,0.011912493331246578,0.009527537297902974,-0.002070825907172301,-0.007504386949076736
-0.001211079143308591,-0.0012119355352211716,-0.00027195417413943435,0.0004555812125036782,0.0017975010543185474,0.002142110557711082,0.003156844711885448,0.004610016213686852,0.011739004626224545,0.009575908692628624,-0.002014850407481207,-0.007638646741880528
-0.0011925218420011088,-0.001190034673540282,-0.0002404849338973563,0.0005012962382689404,0.0019139592071778946,0.0022380617784668504,0.003137003336530163,0.004532988939365589,0.011552625945644903,0.009614335458525044,-0.0019534246635758076,-0.007766808122372071
-0.0011728095891191982,-0.0011671726311760695,-0.00020921090608254695,0.0005462347403650911,0.0020284913692042213,0.002334346694375632,0.003117802226431706,0.004454711479864549,0.01135380645962045,0.009642647723231238,-0.0018867973561155563,-0.007888683777835803
-0.0011519622550801654,-0.0011433465807914646,-0.00017812543450347878,0.0005903845358546471,0.0021409754386023418,0.0024308633825453523,0.0030992920893819285,0.0043752476180466526,0.01114300742000365,0.009660689910712858,-0.0018152300538399543,-0.00800408858574353
-0.0011300009079820983,-0.00111855472168883,-0.0001472213692752097,0.0006337340888183317,0.002251293981011081,0.002527508437981578,0.0030815209562718867,0.004294662974690254,0.01092070106174423,0.009668321176532305,-0.001738996568168373,-0.008112840085536144
-0.0011069477664078658,-0.0010927962938843685,-0.00011649109418356287,0.0006762725285891688,0.002359334333835412,0.0026241771229107056,0.003064534062057481,0.004213024979477165,0.010687369503121904,0.009665415809293218,-0.0016583822747127872,-0.00821475895708157
-0.0010828261512407262,-0.0010660715906700966,-8.592655520494173e-05,0.0007179896676723971,0.002464988699592521,0.002720763519943665,0.0030483737336667468,0.004130402837168508,0.01044350364829991,0.009651863597298674,-0.0015736834034340355,-0.008309669504649841
-0.0010576604366012488,-0.001038381969626742,-5.551929011083981e-05,0.0007588760193028389,0.0025681542283029434,0.002817160688727246,0.003033079285153638,0.0040468674889198395,0.010189602093784524,0.009627570159417473,-0.0014852062991877676,-0.008397400145083944
-0.0010314760000148327,-0.0010097298620544946,-2.5260459083147117e-05,0.0007989228145909397,0.0026687330889802897,0.0029132608257222414,0.0030186869203849007,0.00396249156870033,0.009926170041684699,0.009592457239581612,-0.0013932666545596675,-0.008477783898817925
