x1_original,x1_drifted,x1_amplitude_scaled,x1_lowfreq,x2_original,x2_drifted,x2_amplitude_scaled,x2_lowfreq,v1_original,v1_drifted,v1_amplitude_scaled,v1_lowfreq,v2_original,v2_drifted,v2_amplitude_scaled,v2_lowfreq,a1_original,a1_drifted,a1_amplitude_scaled,a1_lowfreq,a2_original,a2_drifted,a2_amplitude_scaled,a2_lowfreq
0.0019337941,0.009008996,0.0030317646,0.005022744,7.463113e-05,0.0069479607,3.3180695e-06,-0.0024781215,-0.025401862,-0.017864326,-0.038724825,-0.020341326,0.015866185,0.022551075,0.023303933,0.012360712,-0.042440403,-0.03680326,-0.053936984,-0.12620853,0.018205157,0.027039554,0.02890017,0.0765803
0.0023534838,0.009215921,0.0036775183,0.0043882797,-0.00013779457,0.006580701,-0.00033136678,-0.0020557325,-0.022208294,-0.014462901,-0.033391662,-0.020016884,0.013665514,0.020196764,0.020074299,0.01248188,-0.049431406,-0.046245094,-0.07196163,-0.11027112,0.025977891,0.03209784,0.03723454,0.06641894
0.0014830449,0.008284758,0.0023226799,0.0036975606,0.00044584062,0.007099089,0.00055483176,-0.0014957202,-0.018566621,-0.0110807065,-0.02784117,-0.02298478,0.01121832,0.01771039,0.016308457,0.014410702,-0.02589312,-0.022050694,-0.037292097,-0.09187035,0.01077403,0.01697058,0.014942677,0.054500315
0.00095966714,0.007550645,0.0014858877,0.0039075776,0.0009297548,0.0075031645,0.0013504217,-0.0015215906,-0.020236177,-0.012836235,-0.030126484,-0.024859203,0.01189773,0.018412927,0.017797045,0.015344294,-0.012636174,-0.006603902,-0.01280321,-0.09490234,0.00065996335,0.008332786,0.0005620227,0.05563458
0.00060053525,0.007083773,0.00090432906,0.004048701,0.0012114123,0.0077439486,0.0018437195,-0.0015451098,-0.023554718,-0.016342415,-0.035052642,-0.025555653,0.013906508,0.020288901,0.020782273,0.015815314,-0.002963855,0.004451448,0.0019869548,-0.098810695,-0.005533349,0.0020004762,-0.009518346,0.057596363
0.00053536217,0.006982869,0.00079565455,0.0042081904,0.0012688972,0.007787898,0.0019731477,-0.0016269534,-0.02521879,-0.018168608,-0.037578743,-0.02569445,0.015123298,0.021488845,0.022413122,0.01596757,-0.00037150946,0.0072481483,0.0044891234,-0.10307054,-0.0067407535,0.00017108489,-0.011636525,0.060408894
-0.0002469951,0.0061858413,-0.0003711761,0.004059676,0.0017721485,0.0083002355,0.0027494496,-0.0015036312,-0.02530446,-0.018350877,-0.037626818,-0.027319677,0.015061294,0.021407438,0.022317894,0.016943434,0.021738382,0.029560106,0.035521545,-0.09860808,-0.020275565,-0.013916924,-0.031196276,0.057186358
2.5322624e-05,0.006514346,7.5657035e-06,0.0041494276,0.0015390232,0.008122982,0.0023845553,-0.0015946132,-0.024165876,-0.017358297,-0.03602235,-0.02620104,0.014546132,0.020978581,0.02156086,0.016171366,0.015059261,0.02172986,0.023937229,-0.101264395,-0.01598076,-0.009176704,-0.024103168,0.05887771
-0.00021437558,0.006284342,-0.00034258282,0.004175619,0.0017115034,0.008288223,0.002627658,-0.0016123527,-0.024384925,-0.01772853,-0.03654718,-0.026691481,0.014663085,0.021171857,0.021888787,0.016379332,0.021660352,0.02863769,0.033805564,-0.10146497,-0.020222584,-0.013251386,-0.029799705,0.05878853
-0.0010329294,0.00549558,-0.001585101,0.0037586838,0.0022082815,0.008764127,0.0033460262,-0.0013385044,-0.02276322,-0.016218504,-0.034274545,-0.027826166,0.01353295,0.01996676,0.01999827,0.017135056,0.042855874,0.050972655,0.065069646,-0.090659834,-0.033353206,-0.026754983,-0.049474273,0.051701378
-0.0013273269,0.0052396534,-0.0020267486,0.0035918818,0.0023603563,0.008944088,0.0035911014,-0.0012321761,-0.021987794,-0.015541868,-0.03304923,-0.028365467,0.012982172,0.01945469,0.019170998,0.01745222,0.04986452,0.058226522,0.076434016,-0.08558734,-0.037872173,-0.030842107,-0.0560415,0.048838623
-0.0014229716,0.0051825773,-0.0021760499,0.0035800103,0.0024154268,0.009021847,0.0036747023,-0.0012233331,-0.022438657,-0.016027076,-0.03373151,-0.028522143,0.013308132,0.01976346,0.019632364,0.017512672,0.05224392,0.060516547,0.08027956,-0.08529183,-0.039415695,-0.032270666,-0.058294762,0.04892912
-0.0015842749,0.005043085,-0.0024034798,0.0035686903,0.0025314598,0.00914675,0.0038369377,-0.0012142449,-0.02294132,-0.016503515,-0.034523685,-0.029056663,0.013596924,0.020040939,0.020097086,0.017857218,0.056716803,0.06495022,0.0865873,-0.08487769,-0.042170044,-0.035142127,-0.06238993,0.04875421
-0.0019311925,0.0046984623,-0.0029367465,0.003452782,0.0027497835,0.009405182,0.0041844593,-0.001126157,-0.02263466,-0.01615172,-0.034122802,-0.029643178,0.013325049,0.0198351,0.019833773,0.018236058,0.06595674,0.07490261,0.10073338,-0.08177232,-0.04818036,-0.040952716,-0.07106864,0.046516057
-0.0023122563,0.0043472005,-0.0035243216,0.0032891312,0.0029641353,0.009681394,0.0045163627,-0.0010161597,-0.021936545,-0.015561786,-0.03307595,-0.030220335,0.012819579,0.019411836,0.019192534,0.018527625,0.07633276,0.08540457,0.11601986,-0.0773332,-0.054654907,-0.047293406,-0.080210075,0.04329962
-0.0025212658,0.0041687973,-0.0038312415,0.0032117593,0.003079056,0.009817516,0.004682995,-0.0009687564,-0.021358717,-0.015039368,-0.032186918,-0.030625552,0.012411764,0.01903293,0.018571196,0.018736266,0.08214699,0.09058194,0.124085,-0.074899286,-0.057881862,-0.050703015,-0.08503017,0.041660078
-0.0027946658,0.0039164172,-0.00422273,0.0031065538,0.0032528075,0.0099745765,0.004931112,-0.00089802523,-0.02076405,-0.014471002,-0.03142076,-0.031161727,0.012023747,0.018620765,0.01785283,0.019091342,0.08934297,0.09752889,0.13460675,-0.07167963,-0.061923966,-0.05518911,-0.09160082,0.039641455
-0.003068284,0.0036675977,-0.004633205,0.0029538546,0.0034232968,0.010157895,0.0051693483,-0.00079736975,-0.020150306,-0.013876909,-0.030514434,-0.031665966,0.011588289,0.018183844,0.017139591,0.019419657,0.09628882,0.10470383,0.14529966,-0.06754354,-0.066178694,-0.059541993,-0.0982063,0.037128665
-0.0033667705,0.0033864425,-0.0051009683,0.0027540175,0.0035936087,0.0103635155,0.0054197074,-0.00067112205,-0.019072073,-0.0127917845,-0.028739473,-0.0319556,0.0107997125,0.017405227,0.016039565,0.019589245,0.10357014,0.11273112,0.1568122,-0.0623164,-0.07114508,-0.06409842,-0.10525142,0.03398504
-0.0034654378,0.0033068806,-0.0052518053,0.0026652277,0.0036468955,0.010432994,0.005481214,-0.0006141945,-0.018348834,-0.012028851,-0.027544148,-0.0321052,0.010258522,0.016918477,0.0152834505,0.019657174,0.105608165,0.11501187,0.16012423,-0.059652057,-0.07270351,-0.06522619,-0.107247025,0.032613732
-0.0036183484,0.0031602317,-0.005466592,0.002586635,0.0037547809,0.01051439,0.0056218873,-0.0005607292,-0.017758166,-0.011333667,-0.026633529,-0.032374833,0.009817914,0.016495747,0.014573003,0.019803511,0.10947004,0.11881697,0.16555777,-0.05725547,-0.074984595,-0.067551635,-0.11076953,0.031125957
-0.0038267206,0.002958097,-0.0057856925,0.0024581482,0.003882326,0.010631386,0.0058143884,-0.00048172352,-0.0170143,-0.010565311,-0.025447248,-0.03277008,0.009315029,0.015966754,0.013737822,0.019989513,0.1152039,0.124156974,0.17347206,-0.053695876,-0.07828022,-0.07112689,-0.11565144,0.02874029
-0.004012132,0.0027776523,-0.006082307,0.0023197513,0.0039789565,0.0107426625,0.0059711835,-0.00040106132,-0.016064001,-0.009632638,-0.023955695,-0.033236355,0.008671117,0.015312813,0.012790645,0.020217804,0.1202644,0.12869713,0.18082476,-0.05002835,-0.08109779,-0.07408247,-0.119776234,0.026392754
-0.0042468808,0.0025558136,-0.006429683,0.00212586,0.0041051093,0.010870083,0.0061449413,-0.00029078644,-0.014662791,-0.008226787,-0.021989126,-0.033571154,0.007725438,0.014370419,0.011387539,0.020434158,0.12605526,0.13436174,0.18960015,-0.045007374,-0.08448207,-0.077519886,-0.12516147,0.02333517
-0.0044603134,0.0023643477,-0.006735581,0.0018708303,0.004222556,0.010959438,0.0062781726,-0.0001454384,-0.01269601,-0.0062091984,-0.019204695,-0.033829823,0.0064082937,0.01306441,0.009352831,0.020618677,0.1307905,0.13924313,0.19682807,-0.038351953,-0.087329924,-0.08037203,-0.13000935,0.019515442
-0.004578941,0.0022525135,-0.006898797,0.0017234129,0.004286345,0.01101215,0.006367924,-5.868815e-05,-0.011543288,-0.005018127,-0.017407022,-0.034045074,0.005614303,0.01231833,0.008134391,0.020678986,0.13338661,0.14185196,0.2010659,-0.034424044,-0.08889084,-0.08182159,-0.13249202,0.01718106
-0.0047666207,0.0020638593,-0.007186769,0.0015684201,0.0043932847,0.011125009,0.006530897,4.215687e-05,-0.010566075,-0.004034294,-0.015877632,-0.034479216,0.0049097575,0.011670502,0.0071236906,0.020855526,0.13856879,0.14679512,0.20839769,-0.030453403,-0.091890655,-0.084761895,-0.13675001,0.014557966
-0.004877117,0.001945022,-0.007349969,0.0014389415,0.004450097,0.0111769345,0.0066174273,0.0001286651,-0.009367851,-0.0027826047,-0.014052819,-0.034694407,0.0040606433,0.010865481,0.005939721,0.020958036,0.14169987,0.14954472,0.21249856,-0.026745092,-0.093678765,-0.08633669,-0.13917248,0.012308197
-0.0048664818,0.0019526216,-0.0073272544,0.00138132,0.004437397,0.011148421,0.0065930784,0.00016803126,-0.008545025,-0.0018687751,-0.012748077,-0.034637712,0.0035016604,0.010287577,0.005110316,0.020960653,0.14147432,0.14891502,0.21165754,-0.024948243,-0.09339286,-0.08597235,-0.13876553,0.011435726
-0.0048616785,0.0019615744,-0.0073141865,0.0011018122,0.004399248,0.011097157,0.006518564,0.00033747684,-0.0062256763,0.0004826449,-0.009293582,-0.03454611,0.0020293659,0.008767687,0.0028303459,0.02089263,0.14109825,0.14801669,0.21035054,-0.017551046,-0.092653506,-0.08548141,-0.13813661,0.0069866027
-0.004970057,0.001863231,-0.007475955,0.0008751794,0.004429878,0.0111299995,0.0065663196,0.00046262122,-0.004576969,0.0021696337,-0.0068298825,-0.03466484,0.00096808706,0.00768627,0.0011553492,0.020894745,0.14344609,0.15034476,0.21373385,-0.011836914,-0.09406924,-0.08699223,-0.14026886,0.0034259139
-0.0050487216,0.001792965,-0.0075904555,0.0006633401,0.004442971,0.011145359,0.006589924,0.00057825376,-0.0028564618,0.0039522303,-0.0042582396,-0.034739062,-0.00018174354,0.0065389713,-0.00058853225,0.020888451,0.14485586,0.15191385,0.21625467,-0.0064810766,-0.095028706,-0.08792696,-0.14172272,0.00019888335
-0.0050777397,0.0017804815,-0.007613057,0.0005353464,0.0044289087,0.011153002,0.0065905373,0.0006437248,-0.001659695,0.005167219,-0.0025248742,-0.034773868,-0.0009825312,0.005757223,-0.0017122184,0.020904904,0.14522871,0.152329,0.21741012,-0.0033470187,-0.09523057,-0.08809385,-0.14212231,-0.0018007198
-0.0051101507,0.0017584884,-0.0076582683,0.0004120412,0.0044276887,0.011173721,0.0065976437,0.0007145777,-0.00063769805,0.006169634,-0.0010848319,-0.034869753,-0.0016813232,0.0051071523,-0.002662099,0.020963872,0.14615612,0.15304962,0.21869352,-0.00039814878,-0.095624395,-0.08843488,-0.1427122,-0.0037323288
-0.005120954,0.001744614,-0.0076779104,0.00026693082,0.004412065,0.011167583,0.0065809707,0.00080953876,0.00060823874,0.0074197063,0.0008149566,-0.034819808,-0.0025386862,0.004308965,-0.003870328,0.02091988,0.1464334,0.15321118,0.21878383,0.003363029,-0.09568943,-0.088323414,-0.14263329,-0.006058345
-0.0051329383,0.0017302786,-0.0076979278,0.0001296027,0.0043961345,0.011156236,0.0065683825,0.0009045012,0.0018381253,0.008690684,0.002783415,-0.03474431,-0.0033711733,0.003498401,-0.005097715,0.020872759,0.14651485,0.1533871,0.21864456,0.007089106,-0.0957937,-0.08826498,-0.14253883,-0.008266686
-0.0051510753,0.0017148764,-0.007729874,-4.525046e-05,0.004375528,0.011139957,0.0065483404,0.0010138445,0.0034101035,0.010306492,0.005202737,-0.034730718,-0.0043923976,0.0024617147,-0.0066547827,0.020850515,0.14659433,0.15351096,0.21866043,0.011719052,-0.09573342,-0.08826727,-0.14243843,-0.011008801
-0.005139539,0.0017341035,-0.0077049504,-0.00022609098,0.0043362156,0.011108204,0.0064959344,0.0011156397,0.0050247954,0.011972078,0.007555649,-0.03473447,-0.00543123,0.0014096494,-0.008221129,0.020823821,0.14589384,0.152697,0.21787447,0.016438093,-0.09498977,-0.08771158,-0.14163168,-0.013858158
-0.005085198,0.0018020235,-0.007606695,-0.00042718774,0.0042739594,0.011058661,0.006391712,0.0012255299,0.006756735,0.013740399,0.009971941,-0.03472658,-0.0065458333,0.0003029895,-0.009878007,0.02080083,0.14419776,0.15068778,0.21552292,0.021671101,-0.09355061,-0.086459674,-0.1399784,-0.017005136
-0.0050556823,0.0018404587,-0.00754458,-0.000561928,0.0042274445,0.0110378815,0.006332204,0.001300149,0.007827888,0.014823006,0.011523773,-0.03466242,-0.0072619114,-0.00036871713,-0.010902718,0.020743662,0.1431603,0.14953735,0.21399714,0.02518227,-0.092842594,-0.08571691,-0.13891411,-0.019182317
-0.0049926583,0.0019045966,-0.0074564996,-0.0007478455,0.004153592,0.010981642,0.0062252553,0.0014128446,0.009375336,0.016358512,0.013861827,-0.034516267,-0.0082869455,-0.0013703085,-0.01241963,0.020624472,0.14123213,0.14747307,0.21087761,0.030051315,-0.091596074,-0.08435598,-0.136914,-0.02214376
-0.0049273507,0.0019659898,-0.0073619564,-0.00090178836,0.004078428,0.010923689,0.006128295,0.0015105522,0.010554508,0.017508972,0.015711855,-0.034366872,-0.009063414,-0.0021318872,-0.013580903,0.02049464,0.13923588,0.14550206,0.20786192,0.034100067,-0.09037754,-0.08304712,-0.1347502,-0.024664065
-0.004828142,0.002059348,-0.0072189947,-0.0010802853,0.003986607,0.010838569,0.0059887944,0.0016215935,0.01194849,0.018886687,0.01781956,-0.034179,-0.00997252,-0.0030542552,-0.014969321,0.02035315,0.13643828,0.14265728,0.20371357,0.038723648,-0.088459626,-0.08113599,-0.13181902,-0.027547395
-0.0046339086,0.00226579,-0.0069102068,-0.0012891395,0.0038311786,0.010692451,0.0057394193,0.0017514394,0.013702556,0.020614631,0.02044385,-0.033914838,-0.011065165,-0.00417365,-0.016665485,0.020196017,0.13103512,0.13710305,0.19577235,0.04428721,-0.0847039,-0.07756825,-0.12656501,-0.030942496
-0.004551056,0.0023642434,-0.006779532,-0.0014497298,0.0037498178,0.010623512,0.0056154714,0.0018457803,0.01488855,0.021812463,0.022245638,-0.033780795,-0.011810582,-0.004936268,-0.017841179,0.02010713,0.12849118,0.13483357,0.19220868,0.048269235,-0.082972296,-0.07601521,-0.124175645,-0.033400446
-0.0044367407,0.0024889377,-0.006598534,-0.0015812977,0.0036520388,0.010534994,0.005478581,0.0019210124,0.015814528,0.0227768,0.023699855,-0.033547416,-0.012437217,-0.0055214246,-0.01876609,0.019931994,0.12504512,0.13168561,0.18741052,0.05163795,-0.08087371,-0.073892854,-0.12105029,-0.035493426
-0.00420073,0.0027345996,-0.006240331,-0.0017784875,0.0034685498,0.01036414,0.0052102543,0.0020359228,0.017296467,0.024269631,0.025935698,-0.03318226,-0.013395958,-0.006431095,-0.020172112,0.019677447,0.11854294,0.1251269,0.17769438,0.05690368,-0.0765665,-0.06967729,-0.11489083,-0.038690284
-0.004074259,0.0028752703,-0.006049752,-0.0019298518,0.0033592798,0.010266941,0.005054504,0.0021180732,0.018387744,0.025385112,0.02756431,-0.03294867,-0.014087759,-0.007118218,-0.021216895,0.019546594,0.11488545,0.121668994,0.17233907,0.060692694,-0.07413641,-0.06744602,-0.11149849,-0.041001935
-0.0038564848,0.0030980734,-0.0057192617,-0.0021161009,0.0031910627,0.010113817,0.004793841,0.002222578,0.019701477,0.026703488,0.029554851,-0.03254763,-0.014942342,-0.007930577,-0.022481503,0.019274946,0.108861014,0.1155509,0.16318245,0.06557473,-0.070287906,-0.0635494,-0.10581603,-0.04396152
-0.0037045018,0.0032465192,-0.005502602,-0.0022713803,0.0030690164,0.010005826,0.004612979,0.0023106958,0.020576578,0.027584918,0.030895123,-0.032266874,-0.015524178,-0.008490114,-0.0233247,0.019070987,0.10474377,0.11145124,0.15674672,0.06951331,-0.067735,-0.060846873,-0.1017745,-0.046380926
-0.0035617324,0.0033802409,-0.00529252,-0.0023802444,0.0029585306,0.009901293,0.00446066,0.0023751385,0.021199716,0.028236799,0.031897813,-0.03193285,-0.015954502,-0.008913066,-0.023913588,0.018858597,0.100786164,0.10764112,0.15090466,0.07242429,-0.06535582,-0.058339007,-0.09799027,-0.048132315
-0.0033148727,0.0036200418,-0.00493393,-0.0025361024,0.0027819795,0.009730741,0.0041906126,0.0024680824,0.022325678,0.029381957,0.03359917,-0.031495832,-0.016674235,-0.00962276,-0.02494955,0.018576423,0.09422131,0.1010041,0.1410097,0.07669138,-0.061067514,-0.054081723,-0.091778144,-0.050608233
-0.0031506496,0.0037883504,-0.004701813,-0.0026693058,0.0026669737,0.009616487,0.004002843,0.0025426985,0.023026926,0.03012635,0.03460187,-0.031230722,-0.01711294,-0.01007428,-0.025613913,0.018397724,0.08978052,0.0966785,0.13435304,0.07997149,-0.058179144,-0.051257655,-0.087639056,-0.052581888
-0.002945171,0.0040046764,-0.004395085,-0.002804838,0.002519191,0.009473078,0.0037689093,0.0026150197,0.023810033,0.030953862,0.035734773,-0.030892221,-0.017605076,-0.010558974,-0.026351923,0.018165233,0.08409924,0.09098142,0.12583672,0.08334038,-0.054573584,-0.047622822,-0.08231027,-0.0546172
-0.0027414537,0.0042173006,-0.004094973,-0.0029371136,0.002367842,0.009332292,0.003539098,0.0026835173,0.024545344,0.03172301,0.036811505,-0.030541722,-0.018076466,-0.011001252,-0.027021134,0.017927658,0.078531764,0.085308,0.117361896,0.08668351,-0.05101458,-0.044105683,-0.07706888,-0.056606352
-0.002464901,0.004493277,-0.0036892355,-0.0031049938,0.0021636786,0.009142945,0.0032356216,0.002774941,0.02530579,0.032502264,0.03797717,-0.030061617,-0.018585678,-0.011462092,-0.027727332,0.017603265,0.07107784,0.07769855,0.1060411,0.09112073,-0.04625272,-0.03935267,-0.070020236,-0.059251733
-0.0021935662,0.004765599,-0.0032898686,-0.0032779982,0.0019552286,0.008949795,0.0029295303,0.0028701234,0.026034703,0.03319539,0.039084647,-0.029596904,-0.019062122,-0.011916226,-0.028423378,0.017291646,0.06365991,0.070302084,0.09494148,0.095587425,-0.041544557,-0.0346174,-0.06286095,-0.061980937
-0.0019770134,0.0049916646,-0.0029679076,-0.0034281204,0.0017816499,0.008787103,0.0026725836,0.002949504,0.026641302,0.033744596,0.0399766,-0.029191045,-0.019455329,-0.012306627,-0.029015128,0.017023513,0.057563756,0.06431903,0.08593181,0.099252954,-0.03768088,-0.030693345,-0.056840066,-0.06428748
-0.001730264,0.005245725,-0.0026018375,-0.003585934,0.0015930694,0.008608228,0.0023875898,0.0030354816,0.027209692,0.03427364,0.040824782,-0.028721286,-0.019832626,-0.012669196,-0.029572202,0.016708143,0.050729536,0.057552088,0.07568283,0.10315848,-0.033304587,-0.026230983,-0.05011475,-0.06671671
-0.0014454442,0.0055345735,-0.0021807835,-0.0037452467,0.0013816245,0.008410314,0.00207347,0.0031257048,0.027739597,0.034799784,0.041671343,-0.028243579,-0.020175878,-0.013016472,-0.03009729,0.016389512,0.042888086,0.050002962,0.06396767,0.10711355,-0.028319051,-0.021204982,-0.042641748,-0.06916483
-0.0012012679,0.005788665,-0.0018187085,-0.0038687405,0.0011984386,0.008238499,0.0018057188,0.0031959985,0.028191874,0.035254322,0.042407617,-0.027839167,-0.020468328,-0.013315067,-0.030536387,0.016126843,0.03607474,0.043579504,0.05395172,0.110161655,-0.024022635,-0.016905833,-0.036296625,-0.07106137
-0.0009660099,0.00603153,-0.0014717043,-0.003984349,0.0010272587,0.008072622,0.0015492474,0.0032627191,0.028466566,0.035534687,0.042843036,-0.027401825,-0.020657187,-0.0134884585,-0.030803874,0.015837446,0.02956997,0.037251063,0.044283316,0.11311349,-0.019932767,-0.012771183,-0.030175718,-0.07288074
-0.0006861236,0.0063126124,-0.001055894,-0.004110609,0.00082795834,0.007879065,0.0012487923,0.0033355108,0.0287838,0.035878293,0.043346632,-0.02688231,-0.020865135,-0.013686959,-0.031112285,0.015488839,0.02191262,0.02964865,0.03282988,0.11646309,-0.015117775,-0.007902992,-0.022959951,-0.07491277
-0.00046490206,0.006537483,-0.0007248086,-0.0042110407,0.0006654848,0.007721151,0.0010064833,0.003390681,0.028861567,0.03598755,0.043480836,-0.026427016,-0.020919275,-0.013754703,-0.03120043,0.015183479,0.015768925,0.023598738,0.023687465,0.119087644,-0.011326428,-0.004083853,-0.017180987,-0.076479346
-0.00013845922,0.0068677394,-0.00023630522,-0.0043567955,0.0004280306,0.0074927923,0.0006557967,0.0034709077,0.02890866,0.036036,0.04355169,-0.025716325,-0.020962207,-0.013779452,-0.031241184,0.014703955,0.0068261363,0.014611516,0.010212991,0.123008,-0.005734469,0.0015812097,-0.008650808,-0.07880902
0.00011549908,0.007127687,0.00014183053,-0.004474121,0.00024767226,0.0073119756,0.0003749046,0.0035380342,0.02890372,0.036012378,0.04347285,-0.025230018,-0.020962687,-0.013769839,-0.031249337,0.014365143,-6.0795806e-05,0.0075932387,-0.00028592208,0.12598023,-0.0013537745,0.0059786746,-0.001984881,-0.080605656
0.00038726736,0.0073996293,0.0005510135,-0.0045955293,5.7399477e-05,0.0071201697,7.208795e-05,0.0036082193,0.02894122,0.036045372,0.043510094,-0.02469677,-0.020982534,-0.013799068,-0.031309735,0.014003835,-0.0074063456,4.4289045e-06,-0.011421641,0.12911212,0.00336151,0.010668695,0.005088634,-0.082490474
0.0006578224,0.0076714926,0.0009539303,-0.0047190124,-0.00013647167,0.0069313427,-0.0002218855,0.0036785158,0.028844213,0.035955016,0.043379463,-0.024173267,-0.020925326,-0.013754528,-0.03124945,0.013657491,-0.014770865,-0.0073519954,-0.02247002,0.13222736,0.008061758,0.015316512,0.012071222,-0.08438564
0.00091772975,0.00794209,0.0013417449,-0.004829793,-0.00032577506,0.006748122,-0.000503073,0.0037399204,0.028736996,0.035834137,0.043211795,-0.023660231,-0.02087104,-0.013688721,-0.031161314,0.013326362,-0.021937551,-0.014395621,-0.03302131,0.13502094,0.012662007,0.019852381,0.018769037,-0.08610266
0.0012236218,0.008263482,0.0017982004,-0.004965536,-0.0005494289,0.006533894,-0.0008334029,0.0038142682,0.028488176,0.03554374,0.042808183,-0.023010492,-0.020727998,-0.013520867,-0.030932602,0.012906823,-0.030419063,-0.02266603,-0.045524284,0.1384117,0.01807204,0.025245443,0.026727745,-0.08820538
0.0014842012,0.008541173,0.002192085,-0.005077171,-0.0007353949,0.006350194,-0.00112194,0.0038781848,0.02824047,0.03527751,0.04239884,-0.02246387,-0.020591242,-0.013359977,-0.030706458,0.012557736,-0.037600897,-0.029771965,-0.056119304,0.14121929,0.022726232,0.029870264,0.03350981,-0.08992948
0.0017843593,0.008853995,0.002641647,-0.0052015027,-0.00095081585,0.0061448617,-0.0014467069,0.003947088,0.027801778,0.034857213,0.041747823,-0.021734865,-0.020332277,-0.013081871,-0.03029075,0.012092419,-0.045798972,-0.037897848,-0.068257906,0.14446719,0.027960755,0.035153657,0.041338507,-0.091898896
0.0020594297,0.009140479,0.0030519918,-0.005311155,-0.0011461677,0.0059551112,-0.001745909,0.0040079607,0.027359555,0.03444251,0.041077845,-0.021046625,-0.020081842,-0.012803286,-0.029883292,0.01165076,-0.053285968,-0.045395974,-0.07942485,0.14739087,0.032734573,0.039991338,0.04860204,-0.09365428
0.002356652,0.009447523,0.0034944855,-0.0054038814,-0.0013610548,0.005748808,-0.0020675547,0.0040536616,0.026675267,0.03379248,0.040057812,-0.02016537,-0.019671455,-0.012365734,-0.029238064,0.011089304,-0.061399207,-0.053559065,-0.09155163,0.14981802,0.03788121,0.045194875,0.056462627,-0.09509357
0.00262741,0.009723207,0.0038963114,-0.005503642,-0.0015552415,0.0055659893,-0.0023530233,0.0041109836,0.026109703,0.033257235,0.0392354,-0.01945989,-0.019339025,-0.012016546,-0.028717946,0.010637836,-0.068732195,-0.06087202,-0.102509,0.15252277,0.04258712,0.049833927,0.06350957,-0.09670913
0.002840284,0.009944483,0.004214592,-0.005570263,-0.0017103587,0.0054191146,-0.0025858947,0.0041485555,0.025406854,0.03255643,0.038166806,-0.018801654,-0.018897934,-0.011573352,-0.02807544,0.010216774,-0.07461135,-0.06679378,-0.11133846,0.15432942,0.046347797,0.053559855,0.06920326,-0.09780137
0.003096944,0.010208477,0.0046078805,-0.0056788847,-0.0018991162,0.0052359933,-0.0028728093,0.0042084986,0.024697112,0.03184148,0.037083633,-0.01800349,-0.01845178,-0.011127038,-0.0274381,0.009698463,-0.08171792,-0.07407039,-0.122175716,0.15726069,0.050810426,0.058103245,0.07619513,-0.099561706
0.0033685337,0.010494542,0.0050238175,-0.0057670325,-0.0020997047,0.0050424887,-0.003181617,0.004252259,0.023695549,0.030872105,0.035583228,-0.017032722,-0.017814495,-0.010495096,-0.026509011,0.009074347,-0.089162864,-0.08178093,-0.13354431,0.15957202,0.055494506,0.062878706,0.08349114,-0.10088293
0.0036207289,0.010756927,0.0054028346,-0.0058605685,-0.0022828695,0.004870117,-0.0034627267,0.0043036556,0.022715604,0.029925661,0.034130137,-0.016212516,-0.017194204,-0.009889729,-0.025611442,0.008548445,-0.095923565,-0.08879755,-0.1439482,0.1620347,0.059795886,0.0672002,0.09007966,-0.10230458
0.003824743,0.010971363,0.0057021943,-0.0059252903,-0.0024247584,0.0047346754,-0.0036818886,0.004341295,0.021887576,0.029116413,0.03288192,-0.01562165,-0.016666848,-0.00937107,-0.02484914,0.008175785,-0.1013267,-0.09436202,-0.1522276,0.16372398,0.06324234,0.07064973,0.09521775,-0.10326769
0.004061074,0.011218026,0.0060475618,-0.0060048117,-0.0025975797,0.0045742937,-0.0039330083,0.004382437,0.020801034,0.028061608,0.031291444,-0.014797827,-0.01599503,-0.008694001,-0.023829415,0.007653224,-0.10773736,-0.1007877,-0.16180812,0.16570361,0.067324325,0.07470129,0.10119244,-0.10445337
0.004290503,0.011459632,0.006384863,-0.006041969,-0.0027680246,0.0044193547,-0.0041799904,0.004397509,0.01954598,0.026846023,0.029440505,-0.013873396,-0.015203237,-0.007896805,-0.022648016,0.0070711835,-0.11394679,-0.107000396,-0.17109217,0.16654041,0.07133357,0.078681186,0.10705054,-0.10494808
0.004504914,0.011682192,0.0067050764,-0.0060917805,-0.0029280768,0.0042717615,-0.004408784,0.004424097,0.018365616,0.025667693,0.027679948,-0.013060855,-0.014450593,-0.0071469625,-0.02154826,0.0065604257,-0.119841866,-0.112765945,-0.17984392,0.16778654,0.07510298,0.082404025,0.112622574,-0.10568409
0.0047000814,0.0118868,0.0070056026,-0.006160714,-0.0030840216,0.0041305944,-0.004630768,0.0044630137,0.017061507,0.024351012,0.025739731,-0.012191407,-0.013632266,-0.006334501,-0.020358153,0.0060087605,-0.12536006,-0.11812762,-0.18806264,0.16957268,0.07860627,0.08585185,0.11794967,-0.10675619
0.004857233,0.01205466,0.0072527616,-0.0062054535,-0.0032137285,0.004012,-0.0048238537,0.0044889306,0.015817318,0.023082627,0.023864431,-0.011390556,-0.012844664,-0.005555386,-0.019230038,0.00550227,-0.12984478,-0.1225755,-0.19490261,0.17076416,0.081426255,0.08869531,0.1223835,-0.10746873
0.0050239633,0.012231057,0.007513295,-0.0062541007,-0.0033472532,0.0038870536,-0.0050232,0.004514479,0.01454032,0.021817276,0.02198186,-0.010536681,-0.012049344,-0.0047571086,-0.018038047,0.0049618906,-0.13464731,-0.12731692,-0.20203358,0.17202377,0.08439317,0.091703415,0.12692407,-0.10818841
0.005146394,0.012363988,0.007700451,-0.0062926193,-0.0034513,0.003795967,-0.0051802075,0.004532109,0.013274607,0.020559665,0.020095434,-0.00972963,-0.01124663,-0.003958319,-0.016841028,0.0044470537,-0.13818137,-0.13084033,-0.20733503,0.17291617,0.08661203,0.09394056,0.13029414,-0.10872062
0.005259923,0.01248504,0.007867509,-0.006341052,-0.0035445904,0.003714885,-0.0053165304,0.0045582103,0.012171765,0.0194496,0.018433314,-0.009042207,-0.0105428435,-0.0032503721,-0.015788171,0.004001694,-0.14139193,-0.13399711,-0.2121875,0.17407966,0.08859547,0.0959956,0.133368,-0.109435804
0.0053636893,0.0125990305,0.008016845,-0.0063826693,-0.0036324558,0.0036419295,-0.0054429793,0.0045793396,0.011004612,0.018274501,0.016677376,-0.008310599,-0.009783875,-0.002498589,-0.014659412,0.0035303277,-0.1443323,-0.13687396,-0.2165939,0.17501844,0.09043232,0.09787472,0.13615428,-0.11001483
0.0054591037,0.0127074495,0.00815727,-0.0064279363,-0.0037175007,0.003571411,-0.005570087,0.0046011806,0.009634771,0.016919289,0.014633783,-0.007487379,-0.00890557,-0.0016342406,-0.013355834,0.0030057724,-0.14710066,-0.13969615,-0.22078618,0.17602992,0.0921872,0.09965574,0.13882837,-0.11062257
0.0055444674,0.012807278,0.008283016,-0.006448387,-0.0038005705,0.0035022674,-0.0056946375,0.004603976,0.008027657,0.01533978,0.012243956,-0.006516857,-0.007879602,-0.0006269724,-0.011836713,0.0023965733,-0.14966138,-0.14235738,-0.22468832,0.17631552,0.093887106,0.10132575,0.14136487,-0.1107935
0.005626192,0.012896605,0.008404901,-0.0064755767,-0.003879921,0.0034347067,-0.005805507,0.0046133455,0.0065220688,0.013841721,0.010006348,-0.0056586247,-0.006918856,0.0003152308,-0.010418952,0.0018541405,-0.15215224,-0.1448583,-0.2283673,0.17686218,0.09553499,0.10293331,0.14382145,-0.11113527
0.005689683,0.012968771,0.008506011,-0.006495432,-0.00394978,0.0033775452,-0.005904242,0.004616115,0.00501505,0.012349799,0.007764271,-0.0047615888,-0.0059586396,0.0012610466,-0.008993584,0.0012907768,-0.154234,-0.14694175,-0.23135461,0.17725652,0.096917436,0.10427068,0.14585608,-0.11136368
0.005723585,0.013015881,0.008568723,-0.0064979186,-0.0039992956,0.0033405074,-0.0059804292,0.0046084686,0.003564373,0.010909511,0.005572243,-0.003919411,-0.0050261677,0.0021856725,-0.0076094666,0.0007664614,-0.15546443,-0.14825565,-0.23320484,0.17722985,0.09773437,0.10513079,0.14714299,-0.11129581
0.005738753,0.013040863,0.008605768,-0.0065178666,-0.004041909,0.0033128946,-0.0060445247,0.0046132603,0.001955157,0.009302674,0.0031478521,-0.0029777251,-0.0040035136,0.003199243,-0.0060926997,0.00017403578,-0.15611508,-0.14899224,-0.23436843,0.17763859,0.098176874,0.10566184,0.1480316,-0.111487225
0.005746233,0.013057072,0.008627431,-0.006533603,-0.004077396,0.003290244,-0.0060951803,0.004617319,0.0004079172,0.0077383732,0.00081176264,-0.0020814792,-0.0030144819,0.004181747,-0.0046233456,-0.00038936286,-0.15655816,-0.14940983,-0.23506619,0.17794074,0.09850626,0.10602269,0.14866245,-0.11161913
0.0057103545,0.013037883,0.008579077,-0.0065300986,-0.004083366,0.003293282,-0.0061090845,0.004605679,-0.0013621789,0.005989475,-0.0018393565,-0.0010441955,-0.001891355,0.0053141005,-0.002927774,-0.0010345082,-0.15600903,-0.14875796,-0.23412411,0.17763153,0.09827244,0.10574793,0.14816001,-0.11140271
0.0056844256,0.013025997,0.008544468,-0.0065312227,-0.004090532,0.003289774,-0.0061205653,0.004600032,-0.0029898088,0.004368809,-0.0042766375,-0.00011385395,-0.00086233555,0.006362401,-0.0013577144,-0.0016184289,-0.15579984,-0.14829463,-0.23342116,0.17747904,0.09823289,0.10561126,0.14777866,-0.111280255
0.0056529692,0.0130026555,0.008502848,-0.006525298,-0.0040929154,0.003292649,-0.006120127,0.0045918906,-0.0044537717,0.0028888602,-0.006487193,0.00071700773,7.7251636e-05,0.007306781,5.626958e-05,-0.0021432617,-0.15533155,-0.14756891,-0.23237829,0.1771501,0.09805184,0.105303586,0.14725995,-0.111072026
0.005615836,0.012970835,0.008451834,-0.006518714,-0.0040930565,0.003304103,-0.0061176573,0.004580488,-0.0058227964,0.0015252479,-0.008557724,0.0015395756,0.0009536335,0.00818688,0.0013686877,-0.0026604054,-0.15445966,-0.1467292,-0.23113932,0.17681476,0.09766563,0.10489365,0.14668456,-0.11085395
0.0055541196,0.012915125,0.0083608925,-0.006504842,-0.0040768273,0.0033301744,-0.006096375,0.004563113,-0.007272021,0.000111073256,-0.01073989,0.0024035487,0.0018755046,0.009120029,0.002757106,-0.003200361,-0.15292102,-0.14531693,-0.22899908,0.17631215,0.09683349,0.10411309,0.1455341,-0.11051818
0.0055164085,0.012882892,0.008293348,-0.006504451,-0.004071284,0.0033400576,-0.0060965056,0.0045563052,-0.00884328,-0.0014276393,-0.013102261,0.0032705439,0.0028633848,0.010130091,0.0042290697,-0.0037507259,-0.15201725,-0.14442429,-0.22769593,0.17620924,0.096399516,0.10370957,0.14490488,-0.1104289
0.0055015637,0.012867417,0.008256924,-0.006505491,-0.0040774285,0.003337035,-0.0061038663,0.0045524556,-0.010177803,-0.0027765138,-0.015135894,0.0039648833,0.0037161193,0.010984806,0.005502915,-0.0041944897,-0.1517567,-0.14401528,-0.22720817,0.17611009,0.096325845,0.10358623,0.14462295,-0.11038025
0.005408789,0.0127772335,0.008111325,-0.006472367,-0.004036258,0.0033835955,-0.0060436595,0.004524856,-0.01147032,-0.0040839817,-0.017105374,0.0047455877,0.0045530847,0.011833999,0.006765536,-0.0046802955,-0.1494122,-0.14164749,-0.22364764,0.17514631,0.09499907,0.10224995,0.14255194,-0.10974651
0.005304497,0.01267693,0.007945459,-0.0063640983,-0.003983023,0.003443903,-0.0059657954,0.004446665,-0.012673396,-0.005309902,-0.018981874,0.0055509973,0.00537717,0.012674698,0.008003205,-0.0051664524,-0.14674166,-0.13894984,-0.21959916,0.1721376,0.093444124,0.10067393,0.14010036,-0.10783381
0.0051773665,0.012554711,0.0077441772,-0.0063014072,-0.003916112,0.0035149509,-0.005867899,0.0044003758,-0.013897562,-0.0065587163,-0.02089211,0.0063485997,0.006195871,0.013515233,0.00925049,-0.0056534745,-0.14348713,-0.13568386,-0.21476252,0.1703645,0.09150487,0.09874118,0.13714162,-0.10672139
0.005077275,0.012457905,0.007584291,-0.0062743053,-0.0038642238,0.0035734784,-0.005791781,0.004377363,-0.0149229895,-0.0075915186,-0.022458594,0.0070093437,0.0068682916,0.014211455,0.010280499,-0.006069906,-0.14085418,-0.13308698,-0.21083039,0.16959403,0.09000679,0.097236596,0.13483787,-0.106284685
0.0048937825,0.012290115,0.0073087676,-0.0062249256,-0.0037759321,0.0036709625,-0.0056619965,0.0043364004,-0.016593324,-0.009268342,-0.024999445,0.008034705,0.007949453,0.015308809,0.011900279,-0.0067065144,-0.13630019,-0.12849316,-0.20397377,0.1681586,0.087306306,0.09455535,0.13075009,-0.105405286
0.0047167083,0.012127912,0.0070507405,-0.0061714067,-0.0036857757,0.0037679556,-0.0055279154,0.0042952714,-0.017798299,-0.0104880575,-0.026825847,0.008840912,0.008730376,0.016101863,0.013069017,-0.0071999924,-0.13194424,-0.12405836,-0.1973518,0.16664955,0.08463839,0.091939025,0.12670034,-0.104457654
0.0045980653,0.012021011,0.0068843113,-0.0061484547,-0.0036295764,0.0038264035,-0.00543992,0.0042808866,-0.01893557,-0.011671361,-0.028557427,0.009489836,0.009462804,0.01683463,0.014164813,-0.007596638,-0.12917043,-0.12112779,-0.19305135,0.16602191,0.08285798,0.090195164,0.12410407,-0.10407662
0.004419627,0.011858676,0.006626002,-0.006097901,-0.003538727,0.003924281,-0.0053030136,0.0042471075,-0.02008145,-0.012841672,-0.030270144,0.010229675,0.010202375,0.01757999,0.015275514,-0.008050206,-0.12481691,-0.11669637,-0.18635249,0.1646813,0.08016115,0.08752134,0.12008305,-0.10322183
0.0041941907,0.01165091,0.0062949695,-0.0060362504,-0.003421955,0.004051257,-0.0051270574,0.0042043985,-0.021384122,-0.01415531,-0.032232486,0.01107306,0.011053479,0.018425608,0.016538376,-0.008575517,-0.11923908,-0.111084685,-0.17797148,0.16292977,0.07668623,0.08410988,0.11496842,-0.10215486
0.003943966,0.011415474,0.005926413,-0.005965335,-0.0032871522,0.0041973554,-0.004926728,0.004152902,-0.022618553,-0.015388647,-0.034094676,0.011921513,0.011851143,0.019224621,0.017731216,-0.009097995,-0.112915225,-0.10479405,-0.16864625,0.16089326,0.07282917,0.08030946,0.10922589,-0.10090699
0.0036926281,0.011173217,0.0055576228,-0.005894591,-0.0031464987,0.0043471865,-0.0047183284,0.0041006473,-0.023621332,-0.016381592,-0.035603385,0.012723399,0.0125041995,0.019884672,0.01870678,-0.009586881,-0.10649597,-0.098419115,-0.15925594,0.15885611,0.0689743,0.07644845,0.10342217,-0.0996424
0.0034850447,0.010966906,0.005251326,-0.005833106,-0.003027205,0.0044713337,-0.0045394343,0.004059199,-0.024408568,-0.017162645,-0.036779333,0.013390913,0.013013944,0.020403426,0.01948106,-0.010002972,-0.101082936,-0.09312363,-0.15128143,0.15716986,0.06577895,0.07320179,0.09860821,-0.09861726
0.0032528646,0.010740488,0.0049020653,-0.005758664,-0.0028982766,0.004610068,-0.004342607,0.004006221,-0.02527183,-0.017990995,-0.038029443,0.014083972,0.013559891,0.02096096,0.020313228,-0.010433646,-0.09500832,-0.08723814,-0.14232127,0.15516376,0.062208593,0.06957025,0.093232445,-0.097401954
0.0029817135,0.010481031,0.0044928268,-0.005673913,-0.002747785,0.0047726873,-0.0041167885,0.0039398526,-0.026168317,-0.018836616,-0.03932461,0.014882198,0.014126776,0.02155399,0.021183163,-0.01091892,-0.08792031,-0.080359444,-0.13189338,0.15283906,0.058016874,0.06536706,0.08692757,-0.095915005
0.0026846349,0.010194977,0.004044175,-0.005570701,-0.0025805116,0.004950001,-0.003867516,0.0038601786,-0.026851073,-0.019473882,-0.04031511,0.015747227,0.014571604,0.022034893,0.021879056,-0.011443228,-0.08017588,-0.07272727,-0.12038838,0.1500626,0.05338548,0.060748104,0.07997541,-0.09409377
0.0024554392,0.00997052,0.003694565,-0.005506716,-0.0024496554,0.0050853426,-0.0036735237,0.0038148456,-0.027424201,-0.020042442,-0.041181102,0.016430333,0.014948787,0.022432376,0.022459997,-0.011877638,-0.074233666,-0.066821344,-0.11152324,0.14830375,0.049819026,0.057165675,0.07461152,-0.093003586
0.0022019106,0.009724233,0.003309592,-0.005416817,-0.0023081668,0.005238101,-0.00346159,0.0037524824,-0.028111039,-0.020721627,-0.042192087,0.017145846,0.015401182,0.022901827,0.023153393,-0.012328586,-0.0676862,-0.060264364,-0.10155368,0.14594461,0.045916818,0.05321586,0.06870487,-0.09153195
0.001960695,0.009490701,0.0029443873,-0.0053285793,-0.002175881,0.0053884685,-0.003258854,0.003691113,-0.028697502,-0.021289231,-0.043038897,0.017749159,0.015795106,0.023304535,0.023738481,-0.012709372,-0.061463628,-0.054027315,-0.092089765,0.1435811,0.04217714,0.049416516,0.063069746,-0.090065
0.0016951778,0.009236478,0.0025435193,-0.0052337823,-0.002027684,0.005554125,-0.0030369195,0.003623801,-0.02922582,-0.021789249,-0.04380373,0.018378746,0.01615893,0.023680907,0.024277708,-0.01310953,-0.054587174,-0.04717459,-0.08169139,0.14098334,0.038014945,0.045260105,0.056824606,-0.088434026
0.0014144847,0.008968201,0.0021205426,-0.005139768,-0.0018706361,0.005726459,-0.0028014304,0.0035558683,-0.029680824,-0.022199342,-0.044442777,0.019030193,0.016471786,0.024008371,0.02474787,-0.013524305,-0.047384903,-0.039932884,-0.07076235,0.13835666,0.033594128,0.040877424,0.0501621,-0.08678153
0.0011489659,0.008715644,0.001725932,-0.005050364,-0.0017205981,0.0058823656,-0.002575417,0.0034966152,-0.030023603,-0.022533245,-0.04495404,0.019626815,0.016724883,0.024255577,0.025110446,-0.013906264,-0.040722318,-0.033070628,-0.060597815,0.13577396,0.029371664,0.036738183,0.043877557,-0.0852035
0.00088850176,0.008465709,0.0013406129,-0.0049650916,-0.0015755597,0.0060328143,-0.0023536552,0.003438625,-0.030361783,-0.022845559,-0.045446906,0.020212743,0.016961074,0.024482172,0.025456138,-0.014277795,-0.034162622,-0.026350178,-0.05063669,0.13333663,0.025244731,0.03269528,0.037720945,-0.08370343
0.00061642256,0.008200343,0.0009349281,-0.004861292,-0.0014213742,0.006196661,-0.002118376,0.003367382,-0.030484881,-0.02292341,-0.04556953,0.0207742,0.01706424,0.02457966,0.02560404,-0.014635886,-0.027156312,-0.019282464,-0.039963268,0.13047875,0.020945597,0.028408848,0.031195307,-0.08191155
0.00038275047,0.007971978,0.00058036915,-0.004767418,-0.001287919,0.0063414103,-0.0019119419,0.0033056776,-0.030303393,-0.022727542,-0.045266464,0.021136913,0.016989877,0.024494039,0.025473103,-0.014870532,-0.02106306,-0.01317136,-0.030726403,0.12794061,0.01720312,0.024671871,0.025577892,-0.08032477
9.825801e-05,0.007698095,0.00014634167,-0.00465881,-0.0011272994,0.006515838,-0.0016727408,0.003228889,-0.030345073,-0.02274396,-0.045312125,0.021704422,0.017056843,0.024561735,0.025557881,-0.015225509,-0.013681354,-0.0058826394,-0.019794917,0.12491758,0.012745882,0.020223225,0.018835668,-0.07843542
-0.00024903234,0.0073625925,-0.00037835503,-0.004543513,-0.00092976715,0.006724689,-0.0013806643,0.0031468773,-0.030556502,-0.022932598,-0.045621455,0.022423426,0.017220845,0.024746938,0.025815098,-0.015669396,-0.0047238516,0.0029810758,-0.006482345,0.12178026,0.00734728,0.014852392,0.01061915,-0.07644629
-0.0004979443,0.007118547,-0.0007512661,-0.0044724243,-0.00078697526,0.00687126,-0.0011617462,0.003096926,-0.030745989,-0.023126611,-0.045911793,0.022956224,0.017364988,0.024904419,0.026056284,-0.01599521,0.0017157048,0.009437393,0.0032589105,0.1198894,0.0034356862,0.010940943,0.0046637817,-0.07522615
-0.00081521005,0.006802601,-0.0012250666,-0.004351024,-0.00060278253,0.007060869,-0.0008779227,0.003013654,-0.030565495,-0.022969594,-0.045657147,0.023584906,0.01730707,0.02485337,0.025986634,-0.016382976,0.009944991,0.017677944,0.015700256,0.116691895,-0.0016101075,0.0059230924,-0.0029011269,-0.07320109
-0.0011109173,0.00650488,-0.0016731331,-0.004231418,-0.00043189432,0.007241467,-0.0006119174,0.0029290642,-0.030370466,-0.02277892,-0.045366105,0.0241524,0.017230041,0.024791671,0.025894016,-0.016734686,0.017665718,0.025368411,0.027387865,0.11354281,-0.0062895045,0.0012349961,-0.0099557685,-0.07121503
-0.001437732,0.0061793216,-0.0021722193,-0.0040855007,-0.00024046258,0.007446258,-0.00031816287,0.00282561,-0.029988978,-0.022401042,-0.044795644,0.024743643,0.017054046,0.024634771,0.025640339,-0.01710889,0.026217451,0.033899732,0.040287048,0.109578125,-0.011482974,-0.0039987685,-0.01778553,-0.068754934
-0.0017389443,0.0058831107,-0.00263293,-0.0039573573,-6.47565e-05,0.007635961,-5.3920492e-05,0.0027349673,-0.029649535,-0.022040151,-0.04425865,0.02528136,0.0168843,0.024490885,0.025394298,-0.017459577,0.034044586,0.041701373,0.052079782,0.10604978,-0.016257787,-0.008801402,-0.024949642,-0.06658427
-0.0020598192,0.0055734357,-0.003113016,-0.0038092076,0.0001213027,0.007832138,0.00022318936,0.0026307877,-0.029091904,-0.021474289,-0.04341823,0.025854208,0.016592415,0.024222352,0.024963448,-0.017826337,0.042335022,0.04994919,0.06454513,0.10208339,-0.021398459,-0.013890338,-0.03248849,-0.064067066
-0.0023823697,0.005263114,-0.0035935927,-0.0036622104,0.00030794702,0.008026285,0.00050034025,0.0025280602,-0.028509356,-0.020894289,-0.042567853,0.026421137,0.016284151,0.023932824,0.024504442,-0.01818913,0.05060643,0.058180556,0.07695387,0.09813846,-0.026530003,-0.01895028,-0.040033802,-0.061554335
-0.0026674126,0.004988104,-0.0040179132,-0.0035264934,0.0004715241,0.008195574,0.0007453546,0.0024326432,-0.02793504,-0.02032032,-0.04172635,0.026903126,0.015972277,0.023632502,0.024036122,-0.018492527,0.057851836,0.06546427,0.08787088,0.09451657,-0.031039735,-0.02338475,-0.04667474,-0.05923492
-0.0029577238,0.0047102803,-0.004449288,-0.0033828474,0.0006376684,0.008365538,0.0009936341,0.0023301018,-0.027285453,-0.019672863,-0.040787935,0.027394028,0.01561783,0.023285748,0.023504715,-0.01879764,0.06524782,0.07292702,0.09901899,0.09069967,-0.03561752,-0.02788629,-0.053445958,-0.056762025
-0.0031877772,0.0044934764,-0.004796444,-0.0032539808,0.0007691488,0.008503646,0.0011865522,0.0022394087,-0.026645895,-0.01901807,-0.039841324,0.027733482,0.015259497,0.022927284,0.022955349,-0.019014774,0.07109724,0.07882205,0.10781174,0.087227546,-0.03921001,-0.031464916,-0.058864303,-0.054533146
-0.0034772414,0.004222247,-0.0052237622,-0.0030975798,0.00093497906,0.008675102,0.0014310428,0.0021293166,-0.025829297,-0.018224603,-0.038668774,0.028197207,0.014818907,0.022482384,0.022275506,-0.019301185,0.07841872,0.086271204,0.11877232,0.08300178,-0.043747757,-0.035955884,-0.065619685,-0.051813535
-0.0036967357,0.00401505,-0.0055519287,-0.0029664382,0.0010619218,0.008806495,0.0016161953,0.0020382514,-0.025009586,-0.0174012,-0.037452225,0.02849579,0.014350958,0.022008227,0.02156104,-0.019487996,0.08401226,0.09192582,0.12712644,0.07944475,-0.04717273,-0.039395586,-0.07079575,-0.04954156
-0.003921458,0.003800275,-0.005886454,-0.002836473,0.0011897205,0.008939201,0.0018057921,0.0019481931,-0.024222972,-0.016627008,-0.036306474,0.02885757,0.013905516,0.021559488,0.020884212,-0.019715171,0.0896923,0.09772991,0.13552597,0.07592382,-0.05068999,-0.042878997,-0.076059006,-0.04730507
-0.0041421587,0.0035888702,-0.006214571,-0.0027042243,0.0013184011,0.009072125,0.001996692,0.0018564921,-0.023336548,-0.0157443,-0.034988906,0.029186083,0.013392737,0.021051608,0.020111194,-0.01991956,0.09542313,0.10351793,0.14394665,0.0723719,-0.054170836,-0.046376187,-0.08124936,-0.045021906
-0.0043452107,0.0033864602,-0.006518258,-0.0025752322,0.0014403287,0.009195428,0.0021835768,0.0017675172,-0.022460394,-0.014884079,-0.033711284,0.029440513,0.012895593,0.020551568,0.019362757,-0.020083524,0.10082355,0.10892788,0.15180436,0.068851344,-0.057471547,-0.049704883,-0.08615802,-0.042813286
-0.004564942,0.003168358,-0.006850442,-0.002428202,0.0015698771,0.009330453,0.0023780044,0.0016644691,-0.021362014,-0.013785228,-0.03208407,0.029745903,0.012253717,0.019925553,0.018420344,-0.020281697,0.106599286,0.1146957,0.16027223,0.06483077,-0.06094762,-0.05323807,-0.09143332,-0.040292274
-0.0048045334,0.0029299506,-0.0072050216,-0.0022560188,0.0017124055,0.009477325,0.0025915136,0.00154559,-0.02008975,-0.012531405,-0.03020983,0.030072551,0.011521687,0.019209195,0.017346643,-0.02049216,0.11284938,0.12097172,0.16947244,0.06016511,-0.06479594,-0.0571158,-0.09720045,-0.0373697
-0.0049787546,0.0027553737,-0.00746173,-0.002138741,0.0018142345,0.009581404,0.002745633,0.0014623414,-0.019177716,-0.011620859,-0.028855916,0.030331286,0.01098504,0.018688975,0.016575862,-0.020665107,0.1173852,0.12552637,0.17617567,0.056953814,-0.06758725,-0.05995637,-0.1014442,-0.03535651
-0.00519136,0.0025445335,-0.007775145,-0.001966333,0.001939575,0.009709035,0.0029303601,0.0013408245,-0.017816117,-0.010252278,-0.026824307,0.030629996,0.010185354,0.017913885,0.015420055,-0.020853851,0.122900985,0.13099599,0.18450914,0.05233205,-0.07098609,-0.06338141,-0.106584035,-0.032433655
-0.005353169,0.0023895134,-0.008011766,-0.0018270236,0.002033827,0.009804075,0.0030647886,0.0012404148,-0.016662464,-0.009097828,-0.025095794,0.030879736,0.009515693,0.017256545,0.014438855,-0.02100623,0.12701343,0.13507584,0.1908392,0.04858711,-0.07352467,-0.065944016,-0.11047035,-0.030055057
-0.005527733,0.0022246987,-0.008271273,-0.0016502494,0.002134443,0.009908274,0.003210389,0.0011133878,-0.015255922,-0.0076834895,-0.023000037,0.031153299,0.008712493,0.016459327,0.013244635,-0.021167023,0.13144754,0.13942829,0.19764717,0.04383788,-0.07624635,-0.06866342,-0.11464331,-0.027030004
-0.005727951,0.0020334357,-0.00857059,-0.0014487401,0.002252598,0.010027281,0.0033843329,0.00097147695,-0.013629377,-0.006064214,-0.020591224,0.03143242,0.0077970643,0.015531732,0.011848757,-0.021323755,0.13652153,0.14444458,0.20535204,0.038460847,-0.07943893,-0.07176468,-0.1193484,-0.023619348
-0.0058505777,0.001919067,-0.008759477,-0.0012962171,0.00232334,0.010100695,0.003491488,0.0008616057,-0.012307198,-0.0047265664,-0.018604213,0.03162801,0.007049059,0.014767984,0.010687168,-0.021424992,0.13969347,0.14754725,0.21013463,0.03440722,-0.08140525,-0.07363568,-0.12219729,-0.021042628
-0.0059876665,0.0017833803,-0.008973175,-0.0010950528,0.0024050137,0.0101867085,0.003621382,0.00072112115,-0.010559412,-0.0029578432,-0.015961237,0.031793118,0.0060510915,0.013752518,0.009146685,-0.021508722,0.14332448,0.15114668,0.21554719,0.029010126,-0.08370728,-0.07585104,-0.1254119,-0.017641457
-0.0060939556,0.0016746535,-0.009141013,-0.0009134385,0.0024683615,0.010254058,0.0037263534,0.0005960426,-0.008900201,-0.0012745885,-0.01343961,0.031965725,0.00509061,0.012777932,0.0076676225,-0.021592852,0.14621001,0.15405643,0.21976961,0.0241329,-0.08551838,-0.07759587,-0.12786686,-0.014555312
-0.0061964896,0.0015681246,-0.0093058385,-0.00073224644,0.0025291792,0.010320507,0.0038296343,0.00047290494,-0.0072094463,0.00045796717,-0.010869746,0.032141916,0.004098198,0.011778305,0.0061429306,-0.021688778,0.14906965,0.15687078,0.22383702,0.019235006,-0.08725115,-0.07928488,-0.13021949,-0.011464338
-0.00625446,0.0015025279,-0.009400582,-0.00057491614,0.0025633979,0.010357783,0.0038976725,0.00036523282,-0.005689895,0.0020118337,-0.0085667195,0.03225466,0.0032099176,0.010873981,0.0047688414,-0.021748152,0.15074068,0.15859503,0.22607374,0.014937241,-0.08828796,-0.08030781,-0.13161395,-0.008766688
-0.006297021,0.0014526453,-0.0094656255,-0.00043156228,0.0025918863,0.010385601,0.0039482806,0.00026645162,-0.004268907,0.0034495504,-0.0064285775,0.032329533,0.0023713408,0.010029921,0.0035105278,-0.021785423,0.15186489,0.1598723,0.22773795,0.010989476,-0.08897354,-0.08105192,-0.13273445,-0.0062853685
-0.0063438388,0.0014036968,-0.00953155,-0.00025538952,0.0026239904,0.0104167415,0.0039974563,0.00014367583,-0.0025538797,0.005185161,-0.0038688187,0.032373864,0.0013712533,0.00902516,0.0020128714,-0.021800712,0.15306841,0.16114882,0.22958075,0.0061373995,-0.08969041,-0.08184706,-0.13403057,-0.003233375
-0.00636538,0.0013815295,-0.009556669,-9.778241e-05,0.0026387474,0.010427773,0.004021598,3.2100637e-05,-0.0009625887,0.006784463,-0.0014988607,0.032409042,0.00045122183,0.0080929855,0.0006195514,-0.021811705,0.15363285,0.1617195,0.23036055,0.0018101893,-0.09003638,-0.08221209,-0.13468827,-0.00052803906
-0.006372903,0.0013752291,-0.009554736,5.1423893e-05,0.0026441454,0.010429342,0.004026319,-7.430535e-05,0.0005347248,0.008279445,0.0007345155,0.032424107,-0.00041866855,0.0072181053,-0.00069445424,-0.021805074,0.15376185,0.16184217,0.23045039,-0.0022329004,-0.09012656,-0.082295634,-0.13497649,0.0020295372
-0.006362731,0.0013915477,-0.0095269075,0.00020018328,0.002639911,0.010423014,0.0040059485,-0.00018217332,0.0020653147,0.009804113,0.0030293795,0.03245275,-0.0013189069,0.0063277194,-0.002023134,-0.021794919,0.15335217,0.16146684,0.2298741,-0.00626759,-0.0898303,-0.08204805,-0.13483225,0.0046050004
-0.006329426,0.0014268998,-0.009469871,0.00037839566,0.0026248004,0.010406472,0.003972367,-0.00030967477,0.0037453219,0.0114705935,0.0055491417,0.032402832,-0.0022984496,0.005355845,-0.0034688124,-0.02172848,0.1524376,0.1605503,0.22854356,-0.011144978,-0.08926111,-0.08152679,-0.13417932,0.007669635
-0.00628222,0.0014752764,-0.009397277,0.0005370281,0.0026006247,0.010379728,0.0039289813,-0.00042159692,0.0052922172,0.013000932,0.007866227,0.032345917,-0.0032078468,0.0044523985,-0.004817492,-0.021662211,0.15120877,0.15927982,0.22667764,-0.015498135,-0.088531844,-0.080774955,-0.13309151,0.010388005
-0.006235359,0.0015249867,-0.009332911,0.0007253849,0.0025757255,0.010356649,0.0038867565,-0.0005532664,0.0071150083,0.014821185,0.010610441,0.03231447,-0.004271794,0.003393723,-0.0064215832,-0.021603242,0.15006779,0.15806657,0.22487117,-0.020613736,-0.0878661,-0.08004848,-0.13198578,0.013591367
-0.0061703166,0.0015837159,-0.0092434995,0.0008762644,0.002541851,0.010321209,0.0038361424,-0.000657971,0.008547892,0.016246362,0.012782724,0.032279152,-0.005106818,0.002562799,-0.0076951426,-0.021536957,0.14851043,0.1564621,0.22242144,-0.0247119,-0.08697116,-0.079071864,-0.13047737,0.016146977
-0.006081175,0.0016664644,-0.0091132065,0.0010465096,0.00249565,0.010271873,0.00376401,-0.000776482,0.0100991335,0.01779953,0.015121932,0.03221778,-0.00601605,0.0016667531,-0.009061667,-0.021459043,0.14634311,0.15417296,0.219153,-0.029304313,-0.08560492,-0.07768281,-0.12840028,0.019038858
-0.005968724,0.0017717644,-0.008953058,0.0012143796,0.002436008,0.010209931,0.0036785142,-0.0008929906,0.011656606,0.01936553,0.01747069,0.0320888,-0.006918929,0.00076510804,-0.01043332,-0.021354685,0.14364451,0.15135407,0.21501425,-0.033843607,-0.08391727,-0.07601186,-0.12580416,0.021851154
-0.0058404068,0.0018917043,-0.008765468,0.0013788063,0.0023682655,0.010137333,0.0035818878,-0.0010063518,0.013177008,0.02087791,0.019754883,0.03190156,-0.0077959467,-0.00011700764,-0.01175371,-0.021219647,0.1404681,0.14815995,0.21025692,-0.038252354,-0.081994705,-0.07411331,-0.122893505,0.02458991
-0.0056801215,0.0020431578,-0.00852536,0.0015571465,0.0022851545,0.010044675,0.0034578773,-0.0011282213,0.014771596,0.02245767,0.02214901,0.031655345,-0.008709932,-0.0010424335,-0.013134397,-0.021042831,0.13640259,0.14416623,0.20435035,-0.04302485,-0.07953842,-0.071708634,-0.11926946,0.027577873
-0.005528175,0.0021882178,-0.008297936,0.0017070698,0.0022057774,0.009955469,0.0033355614,-0.0012321953,0.016127577,0.02380991,0.02417997,0.031479355,-0.009485859,-0.0018261108,-0.014312758,-0.020903185,0.13252158,0.14031735,0.19868836,-0.04705486,-0.077170335,-0.06935373,-0.11576372,0.03009158
-0.005347915,0.0023665503,-0.00802604,0.0018745777,0.002107146,0.009850066,0.003188949,-0.0013480986,0.017591124,0.025285888,0.02636674,0.031239215,-0.010334013,-0.0026784786,-0.015588832,-0.020721896,0.12793332,0.13562608,0.19168049,-0.051607326,-0.074314214,-0.0665221,-0.111536376,0.032931283
-0.0051729754,0.0025462494,-0.0077619734,0.0019770954,0.002010942,0.009746683,0.0030413852,-0.0014161246,0.018493056,0.026193673,0.027684802,0.030998155,-0.010862652,-0.003206504,-0.01637305,-0.02055882,0.123465635,0.13094807,0.18481462,-0.054385692,-0.07156663,-0.063709915,-0.10734054,0.034638286
-0.0049561625,0.0027670143,-0.0074414196,0.0021412175,0.0018925946,0.00962597,0.0028652325,-0.0015267335,0.019718874,0.027432846,0.029497623,0.030611549,-0.011570849,-0.0039147106,-0.01742446,-0.020303767,0.11803346,0.12527737,0.17634141,-0.058839936,-0.0682438,-0.060397252,-0.1022896,0.03737048
-0.004780442,0.0029477938,-0.0071807234,0.002297171,0.0017902397,0.009525411,0.0027102092,-0.0016350623,0.020668063,0.02842552,0.030946879,0.03046061,-0.012126673,-0.004455567,-0.01823014,-0.020197684,0.11358365,0.12059893,0.16936935,-0.06299119,-0.06547748,-0.057673402,-0.098090485,0.039973658
-0.0045441813,0.0031820773,-0.0068305796,0.002467948,0.0016591598,0.009394682,0.0025161467,-0.0017494018,0.021914138,0.02968764,0.032847136,0.030105652,-0.012847943,-0.0051751095,-0.019290393,-0.019956898,0.107553996,0.114598386,0.16034515,-0.067566134,-0.061901778,-0.05408957,-0.092633225,0.042868994
-0.0043036705,0.0034238906,-0.0064676637,0.0026367486,0.0015216687,0.009259938,0.0023125098,-0.0018657647,0.023106111,0.030909179,0.034682196,0.029792937,-0.01353537,-0.005861365,-0.020309266,-0.019725949,0.10136168,0.108417936,0.15103722,-0.072048604,-0.05814755,-0.05037517,-0.0870545,0.045747872
-0.0040813265,0.0036485817,-0.00612789,0.00276673,0.0013933303,0.009132915,0.0021252688,-0.0019579304,0.023972925,0.03179437,0.03601829,0.02941325,-0.0140128825,-0.006345961,-0.021034336,-0.019458683,0.09566974,0.10263649,0.14249118,-0.07539905,-0.05462701,-0.046978045,-0.081910096,0.04794948
-0.0038816743,0.003847508,-0.005816409,0.0029064447,0.001275777,0.009010844,0.0019505641,-0.0020570657,0.0248034,0.032595433,0.0372673,0.029185338,-0.014446525,-0.006799728,-0.021700617,-0.019285886,0.09050807,0.097391725,0.13483328,-0.07913333,-0.051437076,-0.04386836,-0.077220455,0.050376896
-0.0036271543,0.00409788,-0.005423047,0.0030393784,0.0011351297,0.008861753,0.0017309249,-0.0021451828,0.025649495,0.03339105,0.038534626,0.028800966,-0.014902581,-0.0072615123,-0.022387307,-0.019011497,0.083919905,0.09082308,0.1251599,-0.082688324,-0.047450207,-0.03988781,-0.07117424,0.052651267
-0.0033480364,0.0043694233,-0.0050017224,0.0031896527,0.0009789397,0.008705289,0.0014910593,-0.0022441875,0.026663026,0.03435795,0.040049177,0.028426286,-0.015466685,-0.007821389,-0.023231013,-0.018736355,0.07671521,0.08377508,0.11439455,-0.086821705,-0.043098275,-0.03549595,-0.0645244,0.055261716
-0.0031233737,0.004577594,-0.004670194,0.003295042,0.00085472746,0.008579507,0.0013015736,-0.00231303,0.027277512,0.034939513,0.040952314,0.02815152,-0.01581167,-0.008152399,-0.02374519,-0.018525068,0.07098657,0.07819097,0.10573727,-0.089746416,-0.039606072,-0.031950902,-0.059238818,0.05709636
-0.0029006407,0.0047910986,-0.0043456783,0.003426007,0.00072571984,0.008456563,0.0011075167,-0.002402353,0.027754262,0.035395652,0.04164056,0.027990993,-0.016056964,-0.00837948,-0.02412019,-0.01839588,0.06530352,0.07257185,0.097125985,-0.0933508,-0.036076885,-0.02836705,-0.05396516,0.059334703
-0.0026189222,0.005055192,-0.003941241,0.0035804142,0.0005777596,0.008302954,0.0008804311,-0.0025013098,0.028325327,0.035950862,0.042516947,0.027690873,-0.016359568,-0.008666964,-0.024569111,-0.018171906,0.058249682,0.06566881,0.086734526,-0.09752905,-0.031811107,-0.024097133,-0.047502875,0.06190775
-0.0023446472,0.005318277,-0.0035351058,0.0037161494,0.00043738252,0.008150023,0.0006675716,-0.0025853098,0.028885914,0.03649997,0.043370742,0.027271299,-0.016651163,-0.00897029,-0.025003571,-0.017879333,0.051397666,0.05885363,0.076608926,-0.1010971,-0.027763883,-0.020034723,-0.04128952,0.06413119
-0.0020583044,0.0056000417,-0.0031086702,0.003844298,0.00028379727,0.007990256,0.00043495948,-0.0026717638,0.029353997,0.037003167,0.044100158,0.026807101,-0.016889041,-0.009216975,-0.025351616,-0.017571757,0.044184167,0.051585626,0.06587627,-0.104405165,-0.023431664,-0.015706703,-0.03476574,0.06617799
-0.0018290429,0.005824819,-0.002765001,0.003937497,0.00016009106,0.007861908,0.00024685467,-0.0027366516,0.02956901,0.037256107,0.044436757,0.026408609,-0.016995063,-0.009325862,-0.025487231,-0.017300088,0.038406484,0.04578075,0.057250556,-0.10678158,-0.019911168,-0.012226601,-0.02963041,0.06768573
-0.001506895,0.0061343843,-0.002297449,0.0040784148,-1.2397024e-05,0.0076854303,-1.2314151e-05,-0.0028331354,0.030010799,0.037706174,0.045108255,0.025886057,-0.01720361,-0.009545447,-0.025814194,-0.01693893,0.030301599,0.037852775,0.045476563,-0.11046565,-0.0149698565,-0.0073737362,-0.02245213,0.06996604
-0.0011677892,0.0064640017,-0.0017962998,0.004221291,-0.00019380348,0.0074974746,-0.00028671083,-0.0029271718,0.030425774,0.03809776,0.045711778,0.025278201,-0.017376086,-0.009746019,-0.026109291,-0.016525751,0.021730194,0.029389607,0.033086825,-0.11414258,-0.009751793,-0.0022398997,-0.014793766,0.072238766
-0.0008107351,0.0068292078,-0.0012494283,0.004359906,-0.0003902422,0.007294355,-0.00058772275,-0.0030129785,0.030699054,0.03834585,0.046079885,0.024598645,-0.017470902,-0.0098636355,-0.026262794,-0.016064888,0.012550587,0.020038866,0.019517813,-0.11771418,-0.0042330204,0.003302712,-0.006441894,0.07450867
-0.0005435148,0.0071115475,-0.0008334711,0.0044624624,-0.0005401935,0.00714362,-0.0008231037,-0.00307609,0.030784046,0.038416635,0.046177197,0.024068914,-0.017487805,-0.009870946,-0.02625808,-0.015692396,0.0055728974,0.012928735,0.008988069,-0.12040494,-5.203788e-05,0.0075442935,-6.186054e-05,0.07624505
-0.0002837197,0.007380553,-0.0004387108,0.004572952,-0.00068543537,0.006996326,-0.0010539858,-0.0031507108,0.030936988,0.038539167,0.046386253,0.023671702,-0.017530795,-0.009903928,-0.026309546,-0.015396692,-0.0011247223,0.006168184,-0.0010730482,-0.12326503,0.004033271,0.011607744,0.0060217176,0.07809777
4.102634e-05,0.0077037755,5.0290168e-05,0.004704088,-0.0008639544,0.0068150135,-0.0013285889,-0.0032364232,0.030913746,0.038493197,0.046337612,0.023133703,-0.01744322,-0.009824505,-0.026198681,-0.015029649,-0.009475087,-0.0021383897,-0.013340728,-0.12666066,0.009027613,0.016630761,0.013545554,0.08025055
0.00035749841,0.008012404,0.00052292465,0.004832633,-0.0010407639,0.0066448627,-0.0015784986,-0.0033176201,0.030791441,0.038401395,0.046204977,0.022572916,-0.017324194,-0.009704607,-0.02602581,-0.014637095,-0.017576749,-0.010145606,-0.025286872,-0.12999164,0.013885969,0.021486197,0.020820476,0.08230485
0.000700974,0.008352333,0.0010372321,0.004966283,-0.0012320336,0.0064602797,-0.0018536686,-0.0034021041,0.030606532,0.038246393,0.046010774,0.02194647,-0.017176121,-0.009532029,-0.02579565,-0.014190163,-0.02637421,-0.018834902,-0.03835612,-0.13349365,0.019184433,0.026739515,0.02881149,0.08446561
0.0009441885,0.0085879695,0.0014046547,0.0050543547,-0.001363411,0.0063276384,-0.0020441297,-0.003457233,0.03053309,0.03817791,0.045950558,0.021490755,-0.017098129,-0.009438766,-0.025682565,-0.013855991,-0.03255393,-0.02484698,-0.047418296,-0.13576907,0.022915863,0.030412368,0.034432225,0.08587027
0.001239216,0.00887317,0.0018478716,0.005156051,-0.0015206814,0.006164392,-0.0022756183,-0.0035205013,0.030248344,0.037877657,0.045517787,0.0208909,-0.016878385,-0.009221237,-0.025361285,-0.013442567,-0.039958462,-0.032086905,-0.058436424,-0.13846211,0.027400773,0.03485023,0.04118254,0.08751109
0.001476542,0.009099759,0.0022018247,0.0052257613,-0.0016488293,0.0060292846,-0.0024646148,-0.003560172,0.030097306,0.037703503,0.04523842,0.020471215,-0.016780248,-0.009126434,-0.025194183,-0.013149385,-0.04595891,-0.038099714,-0.06758955,-0.14048868,0.031085817,0.038540583,0.046637174,0.088647775
0.0017263046,0.009344054,0.0025784646,0.0053087003,-0.0017832004,0.0058850083,-0.0026638492,-0.0036101562,0.029713448,0.037328705,0.044630427,0.019938903,-0.016542017,-0.008891381,-0.024822682,-0.012791407,-0.052353047,-0.04451097,-0.07744058,-0.14281848,0.03500701,0.042479977,0.052371353,0.089980744
0.0020180617,0.009636234,0.0030236654,0.0054142396,-0.0019383277,0.0057190806,-0.0028959154,-0.0036748138,0.029185034,0.036812227,0.043855093,0.019259028,-0.016183816,-0.008545486,-0.02430751,-0.012337842,-0.059812427,-0.051983673,-0.088684596,-0.1455102,0.0395224,0.04697012,0.058996867,0.09164116
0.0023365447,0.009958281,0.0035151364,0.005492767,-0.0021116496,0.0055387486,-0.0031605249,-0.0037201443,0.02843733,0.036060743,0.042746108,0.018492619,-0.015705306,-0.0080667995,-0.023588685,-0.011826015,-0.06806852,-0.060264766,-0.10119267,-0.14748666,0.0444984,0.05195797,0.06633156,0.09287518
0.0025758757,0.010207538,0.003889141,0.005575675,-0.002241356,0.0054047066,-0.0033615,-0.0037707859,0.027761966,0.035357885,0.04172582,0.017820362,-0.0152610745,-0.007618223,-0.02291488,-0.011355979,-0.074275166,-0.06643491,-0.11068573,-0.1496355,0.048203357,0.05568704,0.07185449,0.09425315
0.0028109665,0.010449932,0.0042557097,0.005656042,-0.0023647137,0.005273338,-0.0035512645,-0.0038197152,0.027111145,0.03467481,0.040698927,0.01712062,-0.014821456,-0.0071906443,-0.022241808,-0.010882496,-0.08029582,-0.07250543,-0.11989315,-0.15181445,0.05179294,0.059329294,0.0772851,0.09557172
0.003052432,0.010692254,0.0046206177,0.005668292,-0.0024960707,0.005143238,-0.0037494285,-0.0038253018,0.026158612,0.033738747,0.039251972,0.016512573,-0.014230969,-0.0066047744,-0.021341644,-0.010493597,-0.086509995,-0.078648,-0.12934688,-0.15217431,0.05553701,0.06310248,0.08293771,0.095715106
0.0033120096,0.010949174,0.004996882,0.005722157,-0.0026366815,0.0050129257,-0.0039550164,-0.0038630008,0.025156315,0.032786995,0.037770282,0.015898086,-0.013596604,-0.005968574,-0.020397248,-0.010086136,-0.09302408,-0.08498156,-0.13923119,-0.1537003,0.059492752,0.066949196,0.088837646,0.09661866
0.0035818394,0.011224717,0.0053970497,0.0058627636,-0.0027894513,0.004869665,-0.0041796747,-0.003957132,0.024269687,0.031948037,0.036503892,0.015513918,-0.012994253,-0.0053628585,-0.01950882,-0.009804945,-0.09992016,-0.09175738,-0.14952974,-0.15752704,0.06366984,0.07102447,0.09514607,0.09901781
0.003853653,0.011497411,0.0058095544,0.005935821,-0.0029289413,0.0047333264,-0.0043864273,-0.0039963643,0.023134938,0.030817423,0.03483107,0.014641748,-0.012264751,-0.0046307524,-0.018419867,-0.009214421,-0.10678447,-0.09864796,-0.15976363,-0.1593784,0.06773171,0.07507345,0.1013582,0.100198194
0.004061396,0.011701514,0.0061200885,0.00599399,-0.0030289642,0.0046332674,-0.00453145,-0.0040277885,0.021989098,0.029651683,0.03309074,0.013782894,-0.011519499,-0.0038929577,-0.017317995,-0.008633714,-0.11191225,-0.10375361,-0.16761172,-0.16100702,0.07073422,0.078059115,0.10596677,0.10114463
0.004241497,0.011866601,0.0063816058,0.0060531227,-0.0031173367,0.0045462726,-0.00465463,-0.0040642982,0.021252582,0.028915448,0.0319692,0.01318311,-0.01102711,-0.003422964,-0.016602218,-0.008228874,-0.11625834,-0.10813887,-0.1741494,-0.16262385,0.07331747,0.08063224,0.10987115,0.10206353
0.004425139,0.012035399,0.0066496264,0.006117847,-0.0032100629,0.004459507,-0.0047839093,-0.0041034743,0.020386714,0.028059883,0.030668063,0.012533722,-0.010457075,-0.0028717131,-0.015770104,-0.007798331,-0.12072582,-0.1126163,-0.18081646,-0.16426194,0.075991176,0.083316326,0.1138683,0.10303456
0.0045921383,0.012189601,0.0068978467,0.006157306,-0.0032884,0.0043798955,-0.0048957523,-0.004122965,0.019324662,0.02699474,0.029060777,0.011766665,-0.0097825965,-0.002203775,-0.014758634,-0.0072925747,-0.12482697,-0.11677831,-0.18698932,-0.16524382,0.07838009,0.08574955,0.11747225,0.10360463
0.0047484264,0.012341247,0.007135075,0.0062005217,-0.0033580146,0.0043019066,-0.005003013,-0.0041452185,0.018143808,0.025799545,0.027250832,0.010964582,-0.009032754,-0.001458595,-0.013629376,-0.006758255,-0.12872027,-0.12077653,-0.1930012,-0.16644196,0.080599576,0.088099666,0.120892465,0.104311965
0.004904913,0.012492983,0.007371723,0.0062511745,-0.0034247807,0.004221012,-0.0051085358,-0.004169507,0.01703663,0.024689449,0.02557628,0.0102001075,-0.008346,-0.0007703793,-0.012585597,-0.0062503414,-0.13264443,-0.12490294,-0.19902138,-0.1678474,0.08283058,0.09048677,0.12432128,0.105121106
0.005014069,0.012601038,0.0075352546,0.0062895585,-0.0034668643,0.0041643465,-0.0051773004,-0.0041898866,0.01604303,0.023693856,0.024075769,0.009556437,-0.0077236895,-0.00015100697,-0.011657809,-0.0058164443,-0.1353334,-0.12775263,-0.20322499,-0.16895711,0.08438616,0.092094965,0.1266137,0.10571428
0.0051454436,0.012732989,0.007734396,0.0062632,-0.0035302122,0.004096632,-0.005274141,-0.004168727,0.014961469,0.022634897,0.022442816,0.008855632,-0.007073775,0.00050766114,-0.010672695,-0.0053865137,-0.13861027,-0.13120204,-0.2083027,-0.1681594,0.086393945,0.09414486,0.12954336,0.10516837
0.0053054844,0.012887847,0.007973439,0.0062629622,-0.0035966977,0.0040191654,-0.005378047,-0.0041637276,0.013395784,0.021067932,0.020053612,0.007960078,-0.0061013373,0.0014883499,-0.009206487,-0.0048318333,-0.1424678,-0.13508105,-0.21424764,-0.16803218,0.08867488,0.0964313,0.13297974,0.10508718
0.0054310807,0.013005381,0.008159319,0.006310911,-0.0036366207,0.0039675026,-0.0054453467,-0.004188598,0.011828242,0.01949541,0.017681139,0.007109605,-0.0051143933,0.0024789213,-0.007727427,-0.0042935824,-0.14538765,-0.13795185,-0.21876486,-0.16918986,0.090333536,0.09807388,0.13557145,0.10581503
0.005535499,0.0131029785,0.008312142,0.0063656955,-0.0036740648,0.00393003,-0.0055030417,-0.00421751,0.01058005,0.018251354,0.015828671,0.0064740255,-0.0043332023,0.0032615159,-0.0065538827,-0.0038945987,-0.14780924,-0.14026791,-0.2223853,-0.17046154,0.0917316,0.09941526,0.13774869,0.10659599
0.005665738,0.013230451,0.008500725,0.006414587,-0.003731253,0.0038786526,-0.0055881976,-0.0042405427,0.009413308,0.017076366,0.014101438,0.0058606174,-0.0036061197,0.003998312,-0.0054528164,-0.0035161567,-0.15092021,-0.14317083,-0.2269365,-0.17146891,0.09358746,0.101205304,0.14059284,0.10725822
0.005758075,0.013317194,0.008638178,0.0063417805,-0.0037635807,0.0038471925,-0.005633899,-0.0041804416,0.007862296,0.015495623,0.011793219,0.0050653596,-0.0026876999,0.004932373,-0.004044641,-0.0030306585,-0.15296991,-0.14512947,-0.2299469,-0.16928197,0.0948269,0.10239545,0.1425419,0.10588535
0.005848335,0.013408204,0.008773739,0.006317004,-0.0037910605,0.0038234454,-0.005678613,-0.004153708,0.0061800936,0.0138066355,0.009264901,0.004237604,-0.0016656811,0.005965748,-0.0025089856,-0.0025165353,-0.15491891,-0.14706203,-0.23280175,-0.16841032,0.09599968,0.10358487,0.14440466,0.10536506
0.0059011136,0.013458206,0.008854759,0.0063441372,-0.0037789142,0.003826094,-0.0056709605,-0.004154867,0.004407823,0.0119997915,0.006559003,0.003237928,-0.0005697713,0.007063932,-0.0008831761,-0.001876852,-0.15581967,-0.14799657,-0.23412761,-0.1689726,0.096384935,0.10404738,0.14516169,0.105728276
0.005941054,0.013485948,0.008909696,0.006370549,-0.0037620775,0.003832747,-0.00565229,-0.0041607968,0.0029107893,0.010482038,0.0043173083,0.002464176,0.00035451067,0.007982796,0.0004943926,-0.0013668186,-0.15638982,-0.14856642,-0.23500168,-0.16961163,0.09659242,0.10425912,0.14549944,0.10606578
0.0059601655,0.013492102,0.008932098,0.0063105025,-0.0037398438,0.0038443443,-0.005623514,-0.0041087386,0.0014518078,0.008984029,0.002130344,0.0016994372,0.0012322704,0.008858152,0.0018076135,-0.0008657221,-0.1564994,-0.14859378,-0.23514637,-0.16795592,0.09655688,0.10420889,0.1453992,0.104934685
0.0059757875,0.013496841,0.0089497045,0.0062592463,-0.003711961,0.0038605474,-0.0055895615,-0.0040626326,-1.7843908e-05,0.0074792705,-8.546631e-05,0.0008817678,0.002125746,0.009750636,0.0031320192,-0.0003328329,-0.15644208,-0.14859393,-0.23492642,-0.16649224,0.09647442,0.10412848,0.14517717,0.10396721
0.0059588705,0.013472356,0.008922676,0.0062572174,-0.003661423,0.0038944536,-0.0055249175,-0.004050644,-0.0014693924,0.0059956475,-0.0022836323,0.00011594029,0.0030335856,0.0106450915,0.004464939,0.00018120708,-0.15561691,-0.14790669,-0.23357028,-0.1664267,0.09586126,0.10354079,0.14419635,0.10386566
0.005944816,0.013448476,0.008906809,0.0062539065,-0.003614844,0.003925715,-0.005458967,-0.004039993,-0.003101285,0.00434645,-0.00474635,-0.000726475,0.004045993,0.01164365,0.0059809317,0.0007407787,-0.15492758,-0.14728755,-0.23248604,-0.16628693,0.09528712,0.103039764,0.14334728,0.10370745
0.0059579927,0.013452754,0.008932217,0.0062558935,-0.0035766687,0.003947568,-0.0054052,-0.004029588,-0.004967346,0.0024519162,-0.0075586354,-0.0017952402,0.005198815,0.012782352,0.007706277,0.0014269969,-0.15481527,-0.14722615,-0.23217149,-0.16611023,0.095045,0.10283797,0.14302838,0.10353614
0.005898482,0.013389794,0.0088449605,0.006151004,-0.003512517,0.0040062154,-0.0053051,-0.003954115,-0.006355431,0.0010364992,-0.009634585,-0.0025825296,0.0060127573,0.013582826,0.008931106,0.0019044934,-0.15294203,-0.14535877,-0.22916186,-0.1630462,0.093822025,0.10156029,0.14108248,0.1015541
0.0058325925,0.0133327935,0.008757002,0.0061032143,-0.0034509602,0.004068234,-0.0052036536,-0.0039195255,-0.007703187,-0.0002940176,-0.011621113,-0.003273576,0.006807214,0.014362826,0.010109875,0.0023282473,-0.1510277,-0.14348164,-0.22622529,-0.1615918,0.09255806,0.10023457,0.13905585,0.100590035
0.005752075,0.013261776,0.00864098,0.0060910275,-0.0033779952,0.004137596,-0.005095298,-0.0039057527,-0.008957781,-0.001538028,-0.013492808,-0.003913796,0.0075566773,0.015101146,0.0112183625,0.002732285,-0.14871739,-0.14131472,-0.22299893,-0.16121179,0.091060326,0.09873251,0.1367248,0.100306205
0.0056627146,0.01318033,0.00851207,0.00607244,-0.003296361,0.004210843,-0.0049786633,-0.0038846084,-0.010186639,-0.0027701566,-0.015340234,-0.0045777573,0.008292009,0.01582882,0.012316732,0.0031489534,-0.14618245,-0.13888747,-0.21930757,-0.1605735,0.08941443,0.09706521,0.13415435,0.09986872
0.005581115,0.013099931,0.0083869845,0.0060616066,-0.003219131,0.0042817993,-0.004866752,-0.0038700625,-0.01128108,-0.0038549434,-0.016979272,-0.0051538483,0.0089442525,0.016479101,0.013308344,0.003507841,-0.14381465,-0.13652074,-0.21572399,-0.16010296,0.08786168,0.09546441,0.13172027,0.09954761
0.0054884106,0.0130112795,0.00824722,0.0060398993,-0.0031342688,0.0043572225,-0.004741689,-0.0038440563,-0.012392857,-0.004968091,-0.018661859,-0.00579392,0.0096007725,0.017139168,0.014320199,0.003903214,-0.14121035,-0.13385043,-0.21177132,-0.1593476,0.08614201,0.093655415,0.12901463,0.09900767
0.0053694416,0.012887886,0.00806579,0.006021613,-0.0030289385,0.0044559254,-0.0045832125,-0.003819371,-0.013670176,-0.006227957,-0.020571282,-0.0065322197,0.010349683,0.017892288,0.0154777765,0.004372702,-0.13772409,-0.13043621,-0.20658974,-0.15866983,0.08390384,0.0913787,0.12562029,0.098552406
0.0052739754,0.012789866,0.0079207225,0.0060040737,-0.0029424245,0.004536818,-0.0044527547,-0.0037938384,-0.014853705,-0.007408809,-0.022363454,-0.0071834177,0.011050427,0.018598594,0.016557582,0.0047748317,-0.13490985,-0.12767139,-0.20237847,-0.15804243,0.08209153,0.08956129,0.12289932,0.098137684
0.0051475884,0.012654789,0.007727319,0.005975477,-0.002832191,0.0046387464,-0.004285694,-0.0037631695,-0.015968286,-0.008526499,-0.024054471,-0.007851055,0.011717183,0.019258756,0.017566789,0.005201057,-0.13125679,-0.12403118,-0.19682072,-0.15721747,0.079724245,0.087206244,0.11933888,0.09759216
0.0050008437,0.012497531,0.007504992,0.005941555,-0.0027104015,0.004752147,-0.0040979693,-0.0037288344,-0.01709355,-0.009641578,-0.025762849,-0.008530258,0.012386252,0.019920398,0.01857356,0.0056442935,-0.12712426,-0.11988779,-0.1906217,-0.15625566,0.07703922,0.08453951,0.115280636,0.096972525
0.0048189196,0.012304683,0.007233252,0.005895807,-0.0025640642,0.0048909066,-0.0038742407,-0.00368321,-0.01826337,-0.010818714,-0.027539128,-0.009295461,0.013074764,0.020599842,0.019602543,0.006133107,-0.12207278,-0.11476842,-0.18291704,-0.15493427,0.07374828,0.081265315,0.11029631,0.096105814
0.0045679673,0.012042745,0.0068587204,0.0057666022,-0.0023798645,0.00507084,-0.0035930579,-0.0035848797,-0.01924033,-0.011777418,-0.029000286,-0.010193414,0.013601903,0.021112695,0.020379512,0.0067124665,-0.11514013,-0.107832775,-0.17263813,-0.15133037,0.069379225,0.07687689,0.10364669,0.09382803
0.004397521,0.011868088,0.0066016642,0.0056897984,-0.0022555953,0.005196157,-0.00339838,-0.0035285363,-0.0198684,-0.012414586,-0.029968439,-0.010756167,0.0139665445,0.02147406,0.020906731,0.00708269,-0.11048325,-0.1031841,-0.1656065,-0.14927372,0.066387534,0.07397153,0.09915662,0.092538305
0.004186082,0.011655273,0.006286244,0.005636353,-0.0020949969,0.0053529553,-0.0031521881,-0.0034825888,-0.021021362,-0.013584869,-0.03173538,-0.011514498,0.014646588,0.02214993,0.02192223,0.0075751594,-0.1047292,-0.097428255,-0.15687326,-0.14777552,0.06262118,0.07030867,0.09357723,0.09153305
0.003973411,0.011440706,0.005972123,0.005580946,-0.0019346414,0.0055078943,-0.0029129013,-0.0034386266,-0.022006398,-0.014558248,-0.03318735,-0.01214563,0.01521576,0.022703562,0.022755709,0.007985086,-0.09884899,-0.09162793,-0.1481626,-0.1462217,0.058859915,0.06656346,0.08790189,0.090488456
0.0037309283,0.011195053,0.0056112693,0.0055188257,-0.0017516982,0.005685824,-0.0026385048,-0.003381976,-0.022957142,-0.015510002,-0.034567777,-0.01291313,0.015754942,0.023227043,0.023552978,0.008463571,-0.09211234,-0.08495105,-0.13815455,-0.14445823,0.054567788,0.06225184,0.08145585,0.08931019
0.0034776535,0.010935682,0.0052355677,0.005456194,-0.0015606164,0.0058709844,-0.0023468083,-0.0033225345,-0.02382882,-0.016348591,-0.03582401,-0.013704186,0.01621421,0.02368044,0.024265252,0.008952339,-0.0851392,-0.07795572,-0.12777278,-0.14251587,0.05011394,0.05776369,0.07481246,0.08802308
0.0032440051,0.0106907105,0.00488092,0.0053906115,-0.0013812802,0.006044847,-0.0020694083,-0.0032615827,-0.024655541,-0.01714847,-0.037040405,-0.014469126,0.016661776,0.024122091,0.02495407,0.009428884,-0.07870014,-0.07146856,-0.1180321,-0.14055786,0.04592313,0.05360809,0.06863152,0.08672645
0.002987068,0.010426239,0.0044939923,0.0053202542,-0.0011875841,0.0062310193,-0.0017788077,-0.003199212,-0.025371289,-0.01786085,-0.038092375,-0.015252253,0.017035104,0.02448416,0.025535716,0.009907178,-0.07162688,-0.0643304,-0.107448146,-0.13846515,0.041382,0.04903221,0.061932344,0.08531185
0.0027045473,0.010138745,0.0040673455,0.005234542,-0.0009795559,0.00643068,-0.0014686335,-0.003127682,-0.026032211,-0.018527087,-0.039046034,-0.016031256,0.017379098,0.02480188,0.026051966,0.010388481,-0.063824214,-0.056514863,-0.0958801,-0.13598652,0.03644086,0.044020426,0.05458024,0.08365119
0.002467068,0.009901082,0.0037086057,0.0051637664,-0.000806469,0.006597998,-0.0012110698,-0.0030691018,-0.026541075,-0.019044643,-0.03979549,-0.016656984,0.01764844,0.02505894,0.026458181,0.010769432,-0.057313602,-0.050057564,-0.08626375,-0.1339516,0.032336105,0.039860364,0.048453905,0.08230827
0.0021882774,0.009620049,0.003283895,0.005085182,-0.0006022358,0.0067962073,-0.00090667413,-0.0030043048,-0.027083509,-0.019596139,-0.040599514,-0.017393142,0.017922604,0.025332334,0.026893582,0.011210894,-0.049691435,-0.042376976,-0.07486529,-0.13171194,0.027524542,0.035001274,0.041261256,0.08079635
0.0019529078,0.009379505,0.0029285608,0.0050216443,-0.00043095934,0.0069627776,-0.0006494577,-0.0029486057,-0.027532037,-0.020035693,-0.041266713,-0.0180324,0.018145485,0.02555963,0.027235074,0.011596473,-0.043278363,-0.03595844,-0.06530383,-0.1298883,0.02351977,0.030950218,0.035208642,0.07958125
0.001713641,0.009130713,0.0025722906,0.004953273,-0.00025846722,0.0071315477,-0.00038796023,-0.0028897303,-0.027932674,-0.020416832,-0.04186833,-0.018658023,0.018330604,0.025763901,0.027532702,0.011978205,-0.03681651,-0.029441934,-0.055567183,-0.12789239,0.019462587,0.0268712,0.029107468,0.078300446
0.0014197137,0.008827248,0.002136839,0.004862151,-4.7539783e-05,0.0073354775,-7.4616866e-05,-0.0028152016,-0.0282712,-0.020763192,-0.042384394,-0.019365896,0.018479604,0.025919894,0.027772514,0.012428426,-0.028891474,-0.021465326,-0.043587796,-0.12529387,0.014463137,0.021895953,0.021640474,0.076660015
0.0011744212,0.008571794,0.0017750938,0.004781905,0.0001261954,0.0075045736,0.00018826846,-0.0027478046,-0.028493576,-0.020987984,-0.042738378,-0.019910576,0.018569581,0.026018532,0.027933083,0.0127712805,-0.022353875,-0.014811218,-0.033552725,-0.122997515,0.010262983,0.017789716,0.015443486,0.075230055
0.00095138175,0.008341339,0.0014386796,0.004685531,0.0002838925,0.0076580252,0.00042114814,-0.0026743251,-0.02851799,-0.021005588,-0.042795453,-0.020329379,0.018538842,0.026004327,0.027910862,0.013026768,-0.016421461,-0.008837273,-0.02444763,-0.12040257,0.0064910995,0.014160306,0.009804358,0.07359421
0.0007075565,0.008094095,0.0010732944,0.0046051224,0.00045869694,0.007827924,0.0006756161,-0.0026108476,-0.028572977,-0.021070002,-0.042866625,-0.020804673,0.018526562,0.02599926,0.027891392,0.01330875,-0.009860388,-0.0023208065,-0.014617421,-0.11825355,0.0023181755,0.010037856,0.003613269,0.07222842
0.00049574004,0.007880468,0.0007588434,0.004535053,0.00060807564,0.007971401,0.00089318835,-0.0025556877,-0.028611612,-0.021117166,-0.042864297,-0.021224787,0.018515898,0.025961058,0.027835289,0.013546868,-0.00408386,0.0033906673,-0.006102075,-0.116317675,-0.00133564,0.006308859,-0.0018032987,0.07099268
0.00022453998,0.007604341,0.00035739783,0.004431826,0.00079686067,0.008153945,0.0011666971,-0.0024761928,-0.028533267,-0.021044124,-0.042723574,-0.02178631,0.018419951,0.025850357,0.027651303,0.013887735,0.0031862513,0.010683457,0.0047055283,-0.11341717,-0.0059437985,0.0016309712,-0.008685159,0.06916559
-7.665675e-05,0.0072938628,-8.54757e-05,0.004324607,0.0010057972,0.00835579,0.0014739658,-0.0023902524,-0.028431948,-0.020939713,-0.04258778,-0.022423137,0.018293029,0.025714293,0.027421668,0.014285733,0.011214735,0.01880873,0.016712172,-0.11031148,-0.011018282,-0.003498681,-0.01632088,0.067181274
-0.00034741207,0.0070154928,-0.0004905213,0.004220056,0.0011912925,0.008538797,0.001752222,-0.002307395,-0.028302865,-0.020798525,-0.042422276,-0.022970606,0.018148446,0.025572995,0.02719502,0.0146156885,0.018458676,0.0261162,0.027625049,-0.107318856,-0.015564195,-0.008046883,-0.023242317,0.06524386
-0.00065264484,0.006705027,-0.00095107395,0.004102223,0.0013955442,0.008743239,0.002064143,-0.0022173636,-0.028054578,-0.020540906,-0.042067114,-0.023560468,0.017914342,0.025346609,0.026860531,0.014958188,0.026665477,0.034315586,0.03991776,-0.104037404,-0.020627523,-0.013109882,-0.03089712,0.06307318
-0.0009453354,0.0064139897,-0.001398028,0.003977511,0.0015912337,0.008939563,0.0023594166,-0.0021272544,-0.027731309,-0.020246465,-0.041591845,-0.024118213,0.017656889,0.025085432,0.026463093,0.015268583,0.034603804,0.0420929,0.051713657,-0.10069966,-0.025513072,-0.018014167,-0.038235538,0.06086808
-0.0011830797,0.0061756703,-0.001755847,0.0038769052,0.001750849,0.009094458,0.0026040955,-0.0020531048,-0.027418578,-0.019961597,-0.041146606,-0.024617145,0.017416729,0.024827149,0.02608351,0.015539153,0.04107472,0.04842545,0.06131368,-0.09796786,-0.029477445,-0.02202176,-0.04421446,0.05908249
-0.0014780278,0.0058762636,-0.00220307,0.0037461296,0.0019492488,0.009286298,0.0029078128,-0.0019572035,-0.026910478,-0.019470407,-0.040445324,-0.025193881,0.017038248,0.024445426,0.025501821,0.015877048,0.0490144,0.05635673,0.07317131,-0.094473526,-0.03437288,-0.026932754,-0.05164457,0.056799624
-0.0017253798,0.005628595,-0.0025807251,0.0036206692,0.0021148273,0.009450935,0.0031597689,-0.0018665435,-0.026343081,-0.018912686,-0.039628737,-0.0256456,0.016623687,0.024041139,0.024888454,0.016133817,0.055664435,0.063068405,0.08317601,-0.09110542,-0.038536195,-0.03104714,-0.05792522,0.054649696
-0.0019561423,0.005393548,-0.0029309203,0.0035073136,0.0022704292,0.009605922,0.0033976173,-0.0017819252,-0.02574594,-0.018308364,-0.03872733,-0.026034309,0.016193017,0.023619289,0.024246974,0.016351787,0.061814904,0.06937779,0.092477396,-0.088031724,-0.042441737,-0.034925137,-0.06378181,0.052692488
-0.002218007,0.0051266057,-0.0033263569,0.0033824155,0.0024477744,0.0097837495,0.00366585,-0.0016893934,-0.025116753,-0.017672382,-0.037756197,-0.026499378,0.015735094,0.023170557,0.023569651,0.016620113,0.06880096,0.076426476,0.102957785,-0.08467228,-0.046856638,-0.039302293,-0.07032708,0.05054436
-0.002439339,0.0049033277,-0.0036638265,0.0032720694,0.0025957897,0.009929622,0.003888492,-0.0016077025,-0.024494864,-0.017056493,-0.036779173,-0.026850974,0.01530051,0.022713535,0.022922415,0.016810972,0.07477567,0.08235763,0.11194025,-0.08166374,-0.050642658,-0.0430519,-0.0758634,0.048597116
-0.0026877052,0.004660759,-0.0040387767,0.0031425117,0.0027574983,0.010089928,0.0041323164,-0.0015151723,-0.023688182,-0.016265934,-0.035537247,-0.0272492,0.01475148,0.02212609,0.022075817,0.01703551,0.081469044,0.08898011,0.1218682,-0.078192286,-0.05490483,-0.047331866,-0.08207786,0.04636926
-0.0029241708,0.004428874,-0.004393208,0.003000154,0.0029020864,0.010233008,0.0043465463,-0.0014175947,-0.022773001,-0.015376048,-0.034166966,-0.02758779,0.014130964,0.0214705,0.021108117,0.017233027,0.087720826,0.095203765,0.13105991,-0.07438977,-0.05882658,-0.051327266,-0.08786859,0.04396347
-0.0031392379,0.004220389,-0.004706641,0.002863867,0.0030346457,0.010365322,0.0045434176,-0.0013236266,-0.021772115,-0.014407579,-0.032702636,-0.027902568,0.013459918,0.020783227,0.020084592,0.017407095,0.093289636,0.10078732,0.13957149,-0.070598215,-0.062336475,-0.05484902,-0.093127176,0.041582398
-0.0033671623,0.003997208,-0.0050400603,0.0027234803,0.003176107,0.010509176,0.004756325,-0.0012259847,-0.020835314,-0.013515202,-0.031362053,-0.02828231,0.0128223905,0.020143706,0.019128762,0.01762262,0.09922157,0.10682452,0.14863569,-0.066823855,-0.06604242,-0.05859267,-0.09871854,0.039143715
-0.003647705,0.0037220633,-0.005456477,0.0025436273,0.0033563364,0.010691155,0.0050249775,-0.0011028281,-0.01968105,-0.012408657,-0.029699955,-0.02877617,0.0120283235,0.019363284,0.01797371,0.0179075,0.106594995,0.11420821,0.15987524,-0.06194903,-0.07062712,-0.06310722,-0.10562704,0.036039263
-0.0038138782,0.0035496918,-0.005706688,0.0024223777,0.0034638136,0.010791931,0.005182741,-0.0010150463,-0.01879099,-0.011533404,-0.02837948,-0.029057242,0.011396728,0.018744675,0.017055795,0.018054126,0.11102779,0.118558325,0.16655935,-0.058545053,-0.07333595,-0.06572068,-0.1096765,0.033935778
-0.0040071146,0.0033500702,-0.0060050637,0.002243245,0.0035835644,0.010903447,0.0053627165,-0.00088790315,-0.01742622,-0.010179954,-0.026288481,-0.029399004,0.010461974,0.017799648,0.015655868,0.018243773,0.116184324,0.12362531,0.17425774,-0.053652108,-0.07639796,-0.06879802,-0.11426974,0.030890776
-0.0041560023,0.003192687,-0.0062318956,0.0020682444,0.0036655485,0.010981624,0.005494513,-0.0007681979,-0.015843296,-0.008605016,-0.023887763,-0.029676903,0.009404059,0.016725248,0.014081087,0.018406905,0.12012121,0.12737446,0.18014975,-0.04888591,-0.07864175,-0.07111504,-0.11766571,0.027938107
-0.004328052,0.0030133538,-0.006494468,0.0019088014,0.0037643265,0.011078365,0.0056503047,-0.000662635,-0.014518877,-0.0072666565,-0.02187525,-0.029924188,0.00850843,0.015814401,0.012738117,0.01855884,0.1245975,0.13181558,0.18684845,-0.04457234,-0.081323475,-0.07385223,-0.121712,0.025262589
-0.0045052916,0.0028383657,-0.0067586754,0.0017201239,0.003869884,0.011181409,0.0058082654,-0.0005412256,-0.012914414,-0.005649399,-0.01947974,-0.030174352,0.0074463356,0.014735997,0.011112619,0.018694326,0.1290979,0.13640383,0.19365877,-0.039557397,-0.08415838,-0.076713145,-0.12599859,0.02215927
-0.0046384814,0.0027047251,-0.0069474927,0.0015530174,0.003949651,0.0112544745,0.0059216167,-0.00043164508,-0.011454331,-0.0041825213,-0.017316489,-0.030373067,0.006475409,0.013755281,0.0096114,0.01880205,0.13234656,0.13979879,0.19864145,-0.03511793,-0.086214475,-0.078841045,-0.12917376,0.019398557
-0.0047599417,0.002575683,-0.007123161,0.0013708877,0.0040192534,0.011317946,0.0060213013,-0.00031213072,-0.00991323,-0.0026404522,-0.015039297,-0.030599855,0.0054399013,0.012734172,0.008047362,0.018899107,0.1353812,0.1427882,0.20320134,-0.030240603,-0.0880451,-0.080706514,-0.13200118,0.016349496
-0.004866809,0.0024624704,-0.007278896,0.0012067646,0.004076292,0.011372393,0.006116751,-0.00020097462,-0.008405293,-0.0011570798,-0.012771842,-0.030804811,0.004424684,0.011738396,0.0065505593,0.018985055,0.1380579,0.14540505,0.20729451,-0.025833083,-0.08970719,-0.082337774,-0.1344259,0.013533232
-0.004970519,0.0023530843,-0.0074404837,0.0010458459,0.0041311267,0.01142884,0.006213001,-9.084605e-05,-0.006951565,0.00027771806,-0.0105507625,-0.030945519,0.003446634,0.010759628,0.005126308,0.019040354,0.14076827,0.14805678,0.21140875,-0.021473607,-0.09139309,-0.083941594,-0.13686328,0.010729966
-0.00506991,0.002248006,-0.007598741,0.0008754764,0.0041884505,0.011484217,0.006304655,2.5940884e-05,-0.0054248497,0.0017908067,-0.008233234,-0.031045325,0.002426688,0.00972707,0.0036243536,0.01909223,0.14343482,0.15075678,0.21536641,-0.016915912,-0.093018286,-0.08556135,-0.13927984,0.007829095
-0.005114456,0.0022007693,-0.007672879,0.0007143056,0.004207343,0.011492942,0.0063220714,0.00013356071,-0.0038915663,0.0033158523,-0.005927683,-0.031061305,0.0014135118,0.008697024,0.0020910234,0.019087734,0.14445853,0.1518406,0.21685228,-0.012626521,-0.0936005,-0.08611481,-0.14018041,0.0051948237
-0.005134743,0.002182928,-0.0077015227,0.0005427133,0.0042019826,0.01148694,0.0063094627,0.00024708456,-0.0022400015,0.0049404427,-0.003449942,-0.03108014,0.0003463442,0.0076244026,0.00046722704,0.019063313,0.1448015,0.15212613,0.21734925,-0.008036559,-0.0936894,-0.086227626,-0.140278,0.002372405
-0.005161548,0.0021551521,-0.007740036,0.00035011853,0.004204573,0.011488607,0.006315375,0.00037482625,-0.0004206614,0.0067415326,-0.0007169888,-0.031132584,-0.00084115,0.006443495,-0.001308385,0.019067515,0.1454105,0.15266201,0.21826649,-0.0028796843,-0.09387392,-0.086550474,-0.14058219,-0.000833067
-0.0051805642,0.0021352293,-0.0077690054,0.00014894025,0.004204397,0.01148692,0.0063191517,0.00050512154,0.0013610111,0.008540415,0.0019371185,-0.031141272,-0.002021947,0.0052671367,-0.0030449089,0.019052638,0.14582713,0.15301868,0.21902923,0.002553699,-0.09398365,-0.08676503,-0.14085735,-0.0041876435
-0.0051392354,0.0021717423,-0.0077042324,-3.477774e-05,0.0041609025,0.011443721,0.0062544984,0.000622194,0.003076281,0.010278781,0.004481074,-0.03107949,-0.0031660881,0.004136472,-0.0047301603,0.018990025,0.14456244,0.15170434,0.21719894,0.0075522023,-0.093087405,-0.08592261,-0.13960627,-0.0072357804
-0.005088211,0.0022162707,-0.0076308656,-0.00021510405,0.0041075745,0.01139611,0.006177507,0.0007372891,0.0047298707,0.011939207,0.0069593485,-0.031008372,-0.004266903,0.0030465433,-0.0063534705,0.018906005,0.14305238,0.15018153,0.21492222,0.012427837,-0.0920984,-0.08490746,-0.13804656,-0.010241072
-0.00504455,0.0022504162,-0.007570586,-0.00035493306,0.004062979,0.011355197,0.006119449,0.00082952884,0.0059667127,0.013172732,0.008818889,-0.030935705,-0.0050931447,0.002222673,-0.007576583,0.018818144,0.14174181,0.14895341,0.21294762,0.016149847,-0.09135689,-0.08405304,-0.13670117,-0.012592297
-0.0049645957,0.0023144577,-0.007461074,-0.0005170156,0.0040004947,0.011286683,0.006023479,0.00093949813,0.0074179266,0.014634402,0.011011842,-0.030852571,-0.0060532517,0.0012499187,-0.009029805,0.018726451,0.13952276,0.14687178,0.20962265,0.0205047,-0.090005614,-0.08262619,-0.13453302,-0.01529683
-0.004871002,0.0023982222,-0.007323079,-0.0006823817,0.003925216,0.011203674,0.0059069768,0.0010512763,0.008995673,0.016199885,0.013354925,-0.030765545,-0.0070700073,0.0002057692,-0.010577977,0.018637259,0.13687575,0.14433724,0.2057562,0.024931453,-0.088295504,-0.08095891,-0.13199729,-0.018032445
-0.004770452,0.002491938,-0.0071731885,-0.0008374951,0.0038442907,0.011119401,0.005782257,0.0011536208,0.010444524,0.017622473,0.015485655,-0.030670758,-0.00799469,-0.000729403,-0.011973306,0.018555082,0.13409892,0.1416119,0.20160288,0.029037928,-0.08645483,-0.07921111,-0.12938279,-0.020544581
-0.00467542,0.0025789533,-0.007036607,-0.0009889542,0.00376863,0.011037353,0.005669213,0.001251891,0.011742419,0.01891376,0.017399723,-0.030557508,-0.008852314,-0.0015761335,-0.013238636,0.018456863,0.1314558,0.1390642,0.19765508,0.033008166,-0.08474534,-0.077567115,-0.12695172,-0.022972917
-0.004522704,0.002726173,-0.0068117045,-0.0011511362,0.0036520122,0.010916408,0.0054959045,0.0013551445,0.01314643,0.020324249,0.019491475,-0.030347513,-0.009786088,-0.0024789735,-0.014601055,0.01829163,0.12728171,0.13487405,0.19139007,0.03728919,-0.08203224,-0.07486039,-0.12301152,-0.025615275
-0.004384927,0.0028594355,-0.0066115386,-0.001313675,0.0035462223,0.010802247,0.0053349584,0.0014592187,0.014464409,0.021682076,0.021508811,-0.030156989,-0.010677756,-0.0033597401,-0.015930267,0.018149216,0.12345915,0.13116896,0.18562278,0.04148046,-0.07956475,-0.07243584,-0.1193536,-0.028231192
-0.0042314427,0.0030118418,-0.00637857,-0.0014683242,0.0034271602,0.010676211,0.005153304,0.001558073,0.015686965,0.022948833,0.023409693,-0.02991553,-0.0115104085,-0.0041853213,-0.017185219,0.017980887,0.11910722,0.12691909,0.17908108,0.045509342,-0.07679933,-0.069690466,-0.11523758,-0.030718055
-0.0040506828,0.003191778,-0.006100324,-0.0016256536,0.0032873875,0.01053314,0.0049387547,0.0016578244,0.016974881,0.024245003,0.02537565,-0.029630503,-0.012374434,-0.0050311736,-0.018471926,0.017778806,0.114048615,0.121819384,0.17145428,0.049744874,-0.07353784,-0.06645195,-0.11046141,-0.033283085
-0.0038444772,0.003393936,-0.0057855463,-0.0018021857,0.0031309505,0.010373571,0.0046943626,0.0017707219,0.01828406,0.025561964,0.027389767,-0.029319186,-0.0132609,-0.0059023392,-0.019799307,0.01755498,0.10834293,0.116058335,0.16280027,0.054553844,-0.069832854,-0.06277884,-0.105028264,-0.036191538
-0.0036628433,0.003571888,-0.0055072093,-0.001961122,0.0029891222,0.010228867,0.004477912,0.0018713992,0.01934814,0.026632868,0.02901238,-0.029036848,-0.0139880655,-0.006629853,-0.020902665,0.017343191,0.10324108,0.11093475,0.15516315,0.05880195,-0.06654389,-0.059515424,-0.100128986,-0.03878419
-0.0035051585,0.003724626,-0.0052702604,-0.0021314132,0.0028727904,0.010105557,0.0042991578,0.0019800651,0.020255338,0.027539475,0.030390492,-0.028889235,-0.014609688,-0.0072619882,-0.021843087,0.017222276,0.098834924,0.10647655,0.14867434,0.0633688,-0.06369225,-0.056688383,-0.09594127,-0.04161114
-0.0032811798,0.003944139,-0.0049361377,-0.0022982487,0.0027072032,0.009937799,0.0040474487,0.0020844487,0.02137371,0.028677529,0.032092556,-0.028555382,-0.015374178,-0.008025998,-0.02297538,0.016966974,0.092662655,0.10022903,0.13942412,0.06782565,-0.059694458,-0.052708745,-0.089942515,-0.04436467
-0.0030366508,0.0041826833,-0.0045739473,-0.0024580455,0.002530359,0.009758104,0.0037790183,0.0021852385,0.022421278,0.029759075,0.03368167,-0.028201832,-0.016086008,-0.00873613,-0.024028791,0.016694766,0.086020134,0.093471214,0.12936258,0.072060406,-0.055412345,-0.04844835,-0.08356195,-0.04698546
-0.002871623,0.004339995,-0.00433267,-0.0026699756,0.0024155707,0.009640748,0.0036045902,0.0023237637,0.023479318,0.03085992,0.035308532,-0.028153192,-0.016813412,-0.009475036,-0.025126096,0.016629947,0.08158892,0.08903289,0.122682326,0.077724695,-0.052607536,-0.045626953,-0.07935641,-0.050511748
-0.0026145682,0.0045867786,-0.003946094,-0.0028218273,0.0022289064,0.009447202,0.00332435,0.002422949,0.024319667,0.031700335,0.03658973,-0.02778257,-0.017369647,-0.010056814,-0.025983516,0.016356666,0.074582264,0.08207437,0.112093754,0.081731185,-0.04824318,-0.041202694,-0.07270355,-0.05298404
-0.0023430968,0.004852061,-0.0035332965,-0.0029712527,0.0020272008,0.009239626,0.0030247378,0.0025190648,0.025042232,0.032396697,0.037668955,-0.027342988,-0.01785198,-0.010569621,-0.02673104,0.016039629,0.06711028,0.0747046,0.10082329,0.085612856,-0.0436268,-0.03651983,-0.06559192,-0.055348232
-0.0021109213,0.005080003,-0.0031820906,-0.0031093806,0.0018561317,0.009063101,0.002764843,0.002604132,0.025677232,0.033000205,0.038602144,-0.026988136,-0.018281095,-0.010999871,-0.027372058,0.015788764,0.06074284,0.06841188,0.09122271,0.08916918,-0.03962985,-0.03250811,-0.0595241,-0.057521697
-0.0018049838,0.0053803474,-0.0027196044,-0.0032805477,0.0016304237,0.008833708,0.002422715,0.0027086693,0.026442546,0.03372556,0.039727155,-0.026499057,-0.018800955,-0.011514634,-0.028158467,0.015443636,0.052375484,0.060066823,0.078622505,0.093588725,-0.034295894,-0.027162239,-0.05149056,-0.060256388
-0.0015314682,0.005654867,-0.0023062846,-0.003421665,0.0014250856,0.00862539,0.0021139365,0.0027908848,0.027016593,0.034282178,0.040559653,-0.02602577,-0.01920718,-0.01190817,-0.028759921,0.015116299,0.04481426,0.052530665,0.06729682,0.09712652,-0.029467994,-0.022342455,-0.04425601,-0.062468324
-0.0012266047,0.0059565213,-0.0018444095,-0.0035648048,0.0012013154,0.0083975,0.001778376,0.0028761418,0.027579462,0.03484443,0.041419465,-0.025492309,-0.019612169,-0.012295006,-0.02934383,0.014757667,0.036482804,0.04409063,0.05477527,0.10088154,-0.024130365,-0.017012075,-0.03630669,-0.064772524
-0.0009399549,0.0062417663,-0.0014140799,-0.0037065148,0.0009924192,0.008186032,0.0014685453,0.0029634703,0.027949363,0.03520623,0.041992527,-0.025021842,-0.019878075,-0.012565164,-0.029745685,0.014440244,0.028618274,0.036206216,0.043051485,0.10465894,-0.019103104,-0.012012406,-0.028881786,-0.067098804
-0.00063507096,0.0065430063,-0.0009586221,-0.003852209,0.0007704762,0.007961642,0.0011414171,0.0030545462,0.02830128,0.03553339,0.042511005,-0.024476912,-0.02012631,-0.012830012,-0.030133238,0.01407053,0.020222211,0.02781806,0.030535527,0.10854847,-0.013794967,-0.006674419,-0.020878714,-0.06950794
-0.00031269997,0.0068622846,-0.0004766744,-0.0039937063,0.0005349086,0.0077258716,0.000793789,0.0031393284,0.028461752,0.035655856,0.042730723,-0.023807172,-0.020243593,-0.012954062,-0.030318916,0.013624148,0.011279946,0.018934311,0.01723214,0.11236762,-0.008187878,-0.0009944756,-0.012341947,-0.07184055
3.5227284e-05,0.0072088274,4.135585e-05,-0.004146395,0.00028348705,0.0074708476,0.00041553908,0.0032351604,0.028742472,0.035891477,0.043098666,-0.023109488,-0.020443158,-0.013155665,-0.030622158,0.013144642,0.0016850422,0.009349436,0.0029111933,0.11641003,-0.0021225393,0.005164037,-0.0031554785,-0.07434833
0.00028995937,0.007461152,0.00041943102,-0.004318091,0.000109160785,0.0072906823,0.00014591005,0.0033462814,0.028804881,0.035924286,0.04315343,-0.022864785,-0.020519173,-0.013255352,-0.030751122,0.012968226,-0.0052855248,0.0023657035,-0.007388567,0.120991126,0.0023005707,0.009618905,0.0034087324,-0.077180944
0.00056639116,0.0077310516,0.0008338589,-0.004467919,-8.488288e-05,0.007089659,-0.00014918986,0.0034421552,0.028732106,0.035850942,0.043047015,-0.022425836,-0.020509912,-0.013273463,-0.030745683,0.012665485,-0.012780128,-0.0052204467,-0.018702822,0.12490216,0.007058001,0.01435183,0.010525892,-0.07956855
0.0008310447,0.007998413,0.0012322138,-0.0045782966,-0.00027759766,0.006896621,-0.00044166285,0.0035069783,0.028610004,0.03572953,0.042842165,-0.021832284,-0.020454457,-0.0132192895,-0.030659312,0.012268583,-0.020036114,-0.012522388,-0.029707395,0.1277444,0.011673712,0.018958267,0.017464537,-0.0812936
0.0011592156,0.008329056,0.0017238054,-0.0047084773,-0.00051907287,0.006660259,-0.0007990636,0.0035832857,0.028259482,0.03540066,0.042320978,-0.021013623,-0.020268619,-0.013021579,-0.030360319,0.011724842,-0.029016983,-0.021503918,-0.043270588,0.13106784,0.017341938,0.024635367,0.026002433,-0.083338715
0.0014808561,0.008650801,0.0022024221,-0.0048260107,-0.0007504801,0.0064318967,-0.0011447172,0.003656435,0.027833829,0.035013497,0.041706394,-0.020255601,-0.020038424,-0.012784522,-0.029997094,0.011225652,-0.037739187,-0.030231439,-0.05637105,0.13415234,0.022871103,0.03012912,0.03422569,-0.08522323
0.0017694515,0.00893005,0.0026305234,-0.0050219567,-0.0009425491,0.006235379,-0.0014323855,0.0037838384,0.02738967,0.034578584,0.041059557,-0.01996227,-0.019815577,-0.012575617,-0.029671237,0.01102821,-0.045426935,-0.037940986,-0.0678378,0.13947573,0.027691629,0.03492054,0.041428562,-0.08850861
0.0020552205,0.009207494,0.0030555192,-0.0051661176,-0.0011382723,0.0060371277,-0.0017240848,0.0038761133,0.026916875,0.034092333,0.040376298,-0.019489253,-0.01955443,-0.012324527,-0.029290656,0.0107089905,-0.053090334,-0.045651954,-0.07933962,0.14331692,0.03251604,0.03970818,0.048673026,-0.090888634
0.002310711,0.0094649345,0.003440941,-0.005261891,-0.0013236795,0.0058535878,-0.0020031347,0.0039307754,0.02640195,0.033560842,0.0396404,-0.018837124,-0.019241568,-0.012017384,-0.028842535,0.01028891,-0.060073506,-0.052666735,-0.089744344,0.1458467,0.036939032,0.044110794,0.055339362,-0.092391424
0.0026067842,0.009759574,0.0038935698,-0.005372796,-0.0015437194,0.0056354837,-0.0023370616,0.0039966577,0.025625829,0.032757074,0.03848654,-0.018012322,-0.01876848,-0.011556113,-0.028182652,0.009756207,-0.06811764,-0.060853504,-0.101957686,0.14879306,0.042074766,0.049272425,0.06319797,-0.094149046
0.00289406,0.010044602,0.004322003,-0.005530272,-0.0017458405,0.005433397,-0.0026385454,0.0040975753,0.024668885,0.031799078,0.037079964,-0.017425504,-0.018216426,-0.011015903,-0.027390443,0.009372385,-0.075810745,-0.06866813,-0.11368255,0.1528963,0.0469865,0.054183897,0.07062224,-0.096708104
0.0031471683,0.0103051085,0.0046948595,-0.005641209,-0.0019226158,0.0052568438,-0.0029077786,0.0041700825,0.023815082,0.030946055,0.0358026,-0.016894227,-0.017707739,-0.010517549,-0.0266607,0.00902587,-0.08261139,-0.07553284,-0.123970136,0.15579899,0.051367205,0.058518484,0.07706361,-0.09851564
0.003383106,0.010549577,0.005045415,-0.0057174405,-0.0020984039,0.005088371,-0.0031684204,0.0042157127,0.023056516,0.030183408,0.03462858,-0.016191976,-0.017249439,-0.010048132,-0.025962532,0.008574427,-0.089064635,-0.08197572,-0.13368064,0.15778378,0.0555442,0.06271289,0.08325143,-0.099744506
0.003599597,0.0107781105,0.0053722737,-0.0057945545,-0.0022658596,0.0049343007,-0.003412885,0.0042603775,0.02220079,0.029309144,0.0332943,-0.015440468,-0.016714454,-0.009507975,-0.025147311,0.00808763,-0.09506348,-0.08794526,-0.14268483,0.15977885,0.059397925,0.06662536,0.08903563,-0.100999616
0.0038300888,0.011029188,0.0057152845,-0.0058130124,-0.0024391569,0.0047787246,-0.0036648617,0.004260171,0.02118387,0.02831228,0.031742893,-0.014540694,-0.016062077,-0.0088359825,-0.02411681,0.0075233732,-0.10150974,-0.09432955,-0.15220633,0.16010511,0.06348749,0.07077536,0.09511622,-0.101202935
0.0040992703,0.011307552,0.0061217933,-0.0059421808,-0.0026250812,0.0045938008,-0.003949323,0.0043401993,0.019907331,0.027069924,0.029833717,-0.013903191,-0.015302409,-0.00806932,-0.02291714,0.0071241218,-0.10895181,-0.101760626,-0.16332698,0.16346632,0.068135425,0.075408705,0.101991236,-0.103275426
0.004299299,0.011517402,0.006424331,-0.006001996,-0.0027812757,0.004449197,-0.004183899,0.0043706284,0.018752916,0.025967887,0.02815656,-0.012968741,-0.014579043,-0.0073506557,-0.021803267,0.0065293703,-0.11463974,-0.10743975,-0.17181258,0.1649733,0.07171535,0.07893442,0.107309274,-0.104169615
0.0045228694,0.011747973,0.006766455,-0.0060727294,-0.0029542868,0.004288821,-0.004444969,0.004409561,0.017505374,0.024746785,0.026311446,-0.01199213,-0.013791998,-0.006568722,-0.020630479,0.0058904174,-0.12085463,-0.11371872,-0.18125221,0.16679938,0.07559638,0.08283849,0.11323782,-0.10523649
0.004706228,0.011939099,0.007044915,-0.0061385143,-0.0030985211,0.004159965,-0.004661436,0.0044456245,0.016166165,0.02344942,0.0243554,-0.011086314,-0.012956038,-0.0057395766,-0.019397546,0.0053023105,-0.12585679,-0.118884295,-0.18896277,0.16846596,0.07872684,0.086007014,0.118117906,-0.106199875
0.0048782732,0.012117989,0.0073154145,-0.0061987666,-0.003235359,0.004033238,-0.00487531,0.004481128,0.014793281,0.022080865,0.022296747,-0.010252978,-0.012095966,-0.0048863427,-0.018156232,0.0047626668,-0.13054499,-0.123819895,-0.19637473,0.1700658,0.08164304,0.0890391,0.12279181,-0.10712447
0.0049954504,0.012238378,0.007497546,-0.006240098,-0.0033286954,0.0039456105,-0.005018039,0.004503451,0.013699069,0.020985238,0.020661796,-0.009678548,-0.011411503,-0.004204637,-0.01715193,0.0043993685,-0.13376102,-0.12711298,-0.20137037,0.1711246,0.08364877,0.09110127,0.12591782,-0.10772948
0.0051258225,0.012373371,0.0076940707,-0.006285482,-0.0034414032,0.003840819,-0.0051830467,0.004521279,0.012073331,0.019389905,0.018274194,-0.008717271,-0.010405213,-0.0031906352,-0.015621765,0.0037901197,-0.137552,-0.1307987,-0.20693633,0.1721221,0.08611729,0.09351742,0.12942453,-0.10837354
0.005245042,0.012500664,0.007873466,-0.0063258037,-0.0035475325,0.0037439184,-0.0053396323,0.0045360425,0.010436421,0.017781584,0.015866542,-0.007719569,-0.0093822135,-0.0021601706,-0.014066927,0.003161816,-0.14104646,-0.13419956,-0.21187852,0.17306645,0.08843071,0.09577038,0.13269733,-0.10892971
0.0053136954,0.012574168,0.007974755,-0.0063387137,-0.0036123102,0.003681616,-0.0054369173,0.004540086,0.009073409,0.016400356,0.013818833,-0.007001743,-0.008514354,-0.0012967014,-0.01278414,0.0027174181,-0.14308113,-0.13609532,-0.21468955,0.1733522,0.08984037,0.09711087,0.13469045,-0.10907327
0.0054148305,0.012680978,0.008126229,-0.006319965,-0.0036996698,0.0035967552,-0.005563491,0.004521662,0.0075697126,0.014859894,0.011530305,-0.0061155893,-0.007541243,-0.00032106228,-0.011336822,0.0021639988,-0.14598309,-0.13880154,-0.21890464,0.17269555,0.09174015,0.09901235,0.13756375,-0.10861175
0.005479475,0.012753529,0.008225035,-0.006231757,-0.0037511128,0.003542224,-0.0056500277,0.004462508,0.0061634043,0.013416265,0.009343191,-0.0053028003,-0.006597088,0.00062789535,-0.009939504,0.0016660534,-0.14775985,-0.14060196,-0.22166166,0.17020448,0.092906244,0.100281045,0.13949572,-0.1070107
0.0056247297,0.012899093,0.008440784,-0.0062898593,-0.0038472677,0.0034402218,-0.0058077234,0.0045047062,0.0047424324,0.011972382,0.0071434085,-0.0048205634,-0.005703383,0.0015187869,-0.008599751,0.0013618572,-0.15157497,-0.14450869,-0.22761971,0.17174557,0.09528712,0.10281323,0.14336461,-0.1079671
0.0056932634,0.0129675595,0.008529448,-0.0063200817,-0.003916586,0.003380875,-0.005908486,0.0045197904,0.003194292,0.010431774,0.0048134066,-0.0038264706,-0.0047186813,0.0025060321,-0.007112379,0.00071400526,-0.15359794,-0.14632404,-0.2306307,0.1725148,0.09664254,0.1041458,0.14548531,-0.10842557
0.0057228077,0.012998663,0.008556618,-0.0062190252,-0.003951867,0.0033538993,-0.005950132,0.0044453805,0.001809197,0.009057187,0.0027351677,-0.0029640507,-0.0037877718,0.0034250913,-0.0057346686,0.00017072796,-0.15455887,-0.14711064,-0.23203495,0.16953361,0.09728259,0.10469936,0.146374,-0.106586866
0.0057199225,0.012998674,0.008541774,-0.006219017,-0.003980569,0.0033356883,-0.005980599,0.0044339616,-5.662907e-05,0.0072111906,-5.8092934e-05,-0.0019134316,-0.0026071554,0.0046108896,-0.0039524217,-0.00049780565,-0.15482563,-0.14738235,-0.23267438,0.16916116,0.09753076,0.10489078,0.14670755,-0.10645811
0.005712271,0.012993354,0.008531831,-0.0061224513,-0.0039990027,0.0033330903,-0.005994255,0.004356683,-0.0013692675,0.0059244875,-0.0020481083,-0.0010253028,-0.0017315096,0.0054883626,-0.0026223483,-0.0010300638,-0.15486076,-0.14748502,-0.2327798,0.16634563,0.097581506,0.104892984,0.14664936,-0.104690984
0.0057025296,0.012985796,0.008526438,-0.006110144,-0.004014295,0.0033293222,-0.006005888,0.0043401546,-0.0025070864,0.0047960244,-0.0037489394,-0.00035400505,-0.0010001413,0.0062230313,-0.0014946725,-0.0014264662,-0.15484938,-0.14749813,-0.23274103,0.16588484,0.09764232,0.10485982,0.14657079,-0.10442158
0.0056643784,0.012962628,0.008479138,-0.006114194,-0.0040215217,0.0033397875,-0.00600969,0.004329704,-0.0040314775,0.0033275844,-0.0059897434,0.0005032892,-4.600316e-05,0.0071924217,-2.068284e-05,-0.0019524097,-0.15414637,-0.14690459,-0.23157054,0.16594014,0.09730338,0.10449971,0.1459949,-0.10441617
0.005610964,0.012920918,0.00840516,-0.0061023654,-0.0040055984,0.003366869,-0.00598576,0.0043152375,-0.0051484527,0.0022459147,-0.007626493,0.0010167588,0.0006538214,0.0079019945,0.0010429679,-0.0022645837,-0.1529014,-0.14573947,-0.22948207,0.16568202,0.09659066,0.103800796,0.14487462,-0.1042144
0.0055483417,0.012864587,0.008317394,-0.0060937377,-0.0039809654,0.0033988622,-0.0059495233,0.004302778,-0.006123362,0.0012790263,-0.009071918,0.0015258724,0.0012712565,0.008532776,0.00198178,-0.002573221,-0.1513257,-0.14420155,-0.2269496,0.16553478,0.09567802,0.10294458,0.14352502,-0.10405364
0.005475929,0.012802117,0.008214661,-0.006084367,-0.0039563375,0.0034296105,-0.005918549,0.004289506,-0.007482635,-8.855434e-05,-0.01110176,0.0022538786,0.0021427895,0.009409805,0.0032811067,-0.0030264342,-0.14956874,-0.14246032,-0.22412981,0.16530961,0.09467325,0.102015056,0.14209627,-0.103820816
0.0054047727,0.01273674,0.008104857,-0.0060685794,-0.00392834,0.0034652585,-0.0058832318,0.004272781,-0.008773362,-0.0013853367,-0.01303007,0.0029495815,0.0029673243,0.010234855,0.0045011933,-0.0034630636,-0.14776358,-0.14069837,-0.22133501,0.1648423,0.0937198,0.10105646,0.14063692,-0.10348646
0.0053082835,0.012649328,0.007956294,-0.0060448977,-0.0038887032,0.0035100535,-0.005829313,0.0042503765,-0.010314883,-0.0029275473,-0.015344217,0.0037767764,0.0039516534,0.011228839,0.0059569264,-0.0039862837,-0.1454423,-0.13831565,-0.21773373,0.1641164,0.0924115,0.09975175,0.13862349,-0.10298744
0.00520102,0.012549362,0.007791117,-0.0060169734,-0.003843035,0.0035631952,-0.0057604234,0.0042255605,-0.011709555,-0.0043342393,-0.017450029,0.0045695705,0.004848472,0.0121362265,0.0072865575,-0.004490271,-0.14282829,-0.13563204,-0.21374747,0.16325441,0.09089182,0.09824084,0.13633811,-0.102420315
0.005072861,0.01243027,0.0075962106,-0.005981596,-0.0037867217,0.0036289867,-0.0056777825,0.004194603,-0.0131316725,-0.0057667242,-0.019602595,0.0054406035,0.0057649165,0.013065357,0.008652778,-0.0050366954,-0.13961716,-0.13245818,-0.20903444,0.1621897,0.08903681,0.09641376,0.13359968,-0.10172049
0.0049471487,0.012313587,0.0074067567,-0.0059544235,-0.0037253841,0.0036972482,-0.005593096,0.004170025,-0.014367818,-0.00700044,-0.021471009,0.006199887,0.006549927,0.01387648,0.009842407,-0.005503429,-0.13639069,-0.1293779,-0.20433506,0.16143431,0.0872001,0.09462629,0.13089228,-0.10118236
0.004819938,0.012200125,0.007211226,-0.0059278817,-0.0036678216,0.0037611257,-0.005510776,0.004146323,-0.01585491,-0.00846802,-0.023708917,0.007126578,0.0074899723,0.014854483,0.011272566,-0.006079504,-0.13324293,-0.1262958,-0.19963934,0.16070765,0.08540069,0.09285678,0.1282325,-0.100677796
0.0046630655,0.012055151,0.0069735055,-0.0058909967,-0.00358759,0.0038473415,-0.0053858873,0.004119309,-0.017009227,-0.009616766,-0.025461132,0.007852473,0.008227383,0.015624223,0.012416207,-0.006533141,-0.1293194,-0.122355364,-0.19372538,0.15966803,0.08305075,0.09051748,0.12471694,-0.10003104
0.004490724,0.011899069,0.0067135617,-0.0058451854,-0.003502977,0.003937564,-0.005254606,0.004084721,-0.018384622,-0.010979321,-0.027522773,0.008716251,0.009100478,0.016524186,0.013753818,-0.0070740785,-0.12509616,-0.11808374,-0.18731192,0.15832485,0.08054574,0.087973185,0.1208667,-0.09921738
0.0043118848,0.011735912,0.006448536,-0.0058028474,-0.003414574,0.0040323725,-0.0051169447,0.0040544174,-0.019623682,-0.012218101,-0.029388158,0.009507143,0.009886212,0.017326953,0.014943593,-0.0075702835,-0.12070668,-0.113653615,-0.18072842,0.15703766,0.07788998,0.085327215,0.1168427,-0.098450944
0.004152297,0.011585753,0.006215633,-0.0057657193,-0.003333575,0.0041201273,-0.004987641,0.004029138,-0.020542106,-0.013156185,-0.030769404,0.010112961,0.010480787,0.017917331,0.015820114,-0.007949706,-0.11668766,-0.10963365,-0.17468864,0.15592544,0.07538958,0.08290422,0.11318229,-0.097753756
0.0039556604,0.011401245,0.005928994,-0.005695531,-0.00323174,0.0042310134,-0.0048284964,0.00397986,-0.021493599,-0.014125254,-0.032217048,0.010823294,0.011111432,0.018540543,0.016746638,-0.008384944,-0.11177958,-0.10465082,-0.16724834,0.15392075,0.07234605,0.07990421,0.108640015,-0.09647986
0.0037619376,0.011217091,0.0056478484,-0.0056358976,-0.0031272713,0.0043439805,-0.0046711504,0.003938467,-0.022391962,-0.015040632,-0.03357603,0.011429129,0.011705006,0.019126259,0.01761285,-0.008762017,-0.10699369,-0.09978432,-0.16006073,0.15213618,0.06935622,0.07693686,0.10411868,-0.095373034
0.0035145585,0.010983755,0.00528632,-0.0055640647,-0.00299633,0.004489449,-0.0044723055,0.0038871763,-0.023540964,-0.01621258,-0.035339475,0.012211727,0.012462904,0.019880274,0.018742934,-0.009249967,-0.10089599,-0.093575075,-0.15093026,0.1499842,0.06556083,0.07314274,0.09839249,-0.094068006
0.0032865037,0.010763729,0.004950537,-0.0054880627,-0.002870973,0.0046294415,-0.004280635,0.0038337943,-0.024421554,-0.017094582,-0.03665645,0.012918798,0.0130381,0.020470418,0.019621255,-0.009693211,-0.0951368,-0.08774934,-0.14221874,0.14786601,0.062065184,0.06958026,0.09303016,-0.09280147
0.0030821504,0.010560527,0.0046482333,-0.0054247556,-0.0027516126,0.0047635976,-0.0040934472,0.0037923534,-0.02493712,-0.017608492,-0.037427593,0.013364126,0.01338466,0.02083474,0.020142956,-0.009980345,-0.08979555,-0.082378365,-0.13418517,0.14615235,0.05879851,0.066259325,0.08813747,-0.09179204
0.002825853,0.010311871,0.004264938,-0.0053436104,-0.002606368,0.004923801,-0.0038724716,0.0037345788,-0.02571651,-0.018344173,-0.038573354,0.014039667,0.013885441,0.021356324,0.020898275,-0.010403768,-0.083110385,-0.075749405,-0.12428769,0.14390847,0.054826,0.06218857,0.08210287,-0.09047444
0.0025587217,0.010055644,0.0038648031,-0.0052708234,-0.0024549456,0.005086166,-0.0036474166,0.0036803123,-0.026521277,-0.01909613,-0.039750483,0.0147485845,0.014397827,0.021891763,0.021671133,-0.010845044,-0.076179676,-0.06894966,-0.113990486,0.14190903,0.050732505,0.058025934,0.07583095,-0.08927726
0.0022814237,0.009790309,0.00344781,-0.0051941937,-0.0022973383,0.0052519664,-0.0034110209,0.003624404,-0.027254088,-0.019794757,-0.04083544,0.015462226,0.014882614,0.022386687,0.022391476,-0.011287221,-0.06904077,-0.061834298,-0.10317001,0.1398003,0.046464853,0.053711053,0.06928771,-0.08798312
0.0020130824,0.009534764,0.0030452404,-0.0051025813,-0.0021464613,0.0054109665,-0.0031860515,0.003559485,-0.027865306,-0.02039463,-0.04174329,0.0161897,0.015303831,0.02280752,0.02300846,-0.011733967,-0.062172897,-0.054913435,-0.09269182,0.137292,0.04232484,0.0495954,0.06299995,-0.0863801
0.0017298587,0.009262632,0.002620839,-0.0049971943,-0.0019852344,0.005584451,-0.0029449586,0.0034836468,-0.028260507,-0.020790845,-0.042330164,0.016874956,0.015599552,0.02310359,0.023423722,-0.012149037,-0.054852974,-0.04750226,-0.08168187,0.13439585,0.03785934,0.045194853,0.05636463,-0.08447842
0.0014332448,0.008974025,0.0021759956,-0.0049089147,-0.0018163609,0.005762587,-0.0026897064,0.003417298,-0.028646898,-0.021169301,-0.042915348,0.017610036,0.015870849,0.023385026,0.023831831,-0.01259422,-0.047210917,-0.03974087,-0.070302755,0.13200593,0.03317647,0.040572185,0.049422413,-0.08290649
0.0011310752,0.008678213,0.0017115945,-0.0048162104,-0.0016410709,0.005952835,-0.0024265314,0.003348214,-0.029136518,-0.021581536,-0.04357837,0.018262027,0.016176037,0.023717105,0.024320621,-0.013008905,-0.03934769,-0.031833325,-0.058589958,0.12940769,0.028402986,0.035796724,0.042151988,-0.081310876
0.0008767309,0.008435517,0.0013210282,-0.0047363457,-0.0014960016,0.0061127134,-0.002205214,0.003290411,-0.029473444,-0.021866713,-0.044033647,0.018802548,0.016398951,0.02396008,0.024670688,-0.013355506,-0.032817177,-0.025191931,-0.04882173,0.12708376,0.024374675,0.031776305,0.03607945,-0.07992015
0.0006289631,0.008199769,0.0009433651,-0.0046563684,-0.0013562312,0.0062672356,-0.0019885357,0.0032340658,-0.02968303,-0.022040134,-0.044300977,0.019324837,0.016554883,0.024127077,0.024906835,-0.013693353,-0.026475038,-0.018720178,-0.03919534,0.12479958,0.020446632,0.0278382,0.030151857,-0.07852848
0.00031201536,0.00789719,0.00046799093,-0.00455073,-0.0011764446,0.0064621647,-0.0017181546,0.0031586932,-0.02997659,-0.02229942,-0.04470633,0.0199815,0.016777785,0.02435682,0.025226608,-0.0141084045,-0.018366095,-0.010535806,-0.02695014,0.121881425,0.015453945,0.022866257,0.022619458,-0.07669088
0.00010884955,0.00769996,0.00016420294,-0.004487889,-0.0010588171,0.0065875133,-0.0015442835,0.0031174582,-0.03015895,-0.022492329,-0.04499741,0.020389618,0.016929297,0.024508368,0.025435483,-0.0143639995,-0.0131520685,-0.005282739,-0.019075707,0.12023694,0.012235717,0.019660257,0.017798178,-0.075606294
-0.00014662974,0.0074549187,-0.00021173031,-0.0044031385,-0.00091112044,0.0067416993,-0.0013308157,0.0030594624,-0.03030905,-0.022659065,-0.0452517,0.020928191,0.01707724,0.024650125,0.025628889,-0.014694989,-0.0066116294,0.0012580203,-0.0093029365,0.11803588,0.008209892,0.0156783,0.011820741,-0.07413462
-0.0004247755,0.007179658,-0.00062332966,-0.0042962236,-0.00074588135,0.0069106296,-0.0010910385,0.0029881797,-0.030248065,-0.022626739,-0.045202974,0.021441998,0.017105473,0.024661494,0.02563615,-0.01501422,0.0005079843,0.008389944,0.0012912131,0.11519844,0.0037831732,0.011320625,0.005239068,-0.07232536
-0.0006899896,0.0069155633,-0.001019794,-0.004190179,-0.0005896531,0.007072552,-0.0008612397,0.0029162522,-0.030173477,-0.022556663,-0.04509424,0.021942483,0.017108692,0.024655767,0.025629392,-0.015326064,0.007315471,0.015284552,0.011513164,0.11237437,-0.00043930346,0.0071409387,-0.0010461255,-0.07054623
-0.00093658094,0.0066696047,-0.0013924991,-0.004085893,-0.00044481386,0.0072242683,-0.0006448287,0.002845908,-0.03002541,-0.022401942,-0.04484295,0.022383718,0.017057778,0.024598928,0.025546473,-0.015607861,0.0136890765,0.02175091,0.021185465,0.10963066,-0.0044084517,0.0032000742,-0.0069367103,-0.06883009
-0.0012191334,0.0063919798,-0.0018202846,-0.0039645913,-0.00028225174,0.007395443,-0.0003988513,0.002758063,-0.02976805,-0.022117436,-0.044414926,0.022907255,0.01693011,0.024485396,0.025371823,-0.015928611,0.02106011,0.029142022,0.03234031,0.106438085,-0.008923938,-0.0012971181,-0.013628704,-0.06675925
-0.0015216405,0.0060919467,-0.002276065,-0.003838412,-0.00010486786,0.007577297,-0.00013232925,0.0026710595,-0.02945533,-0.021820458,-0.043947306,0.023448206,0.016783874,0.02434934,0.025149254,-0.016267888,0.02890017,0.037028704,0.044099335,0.10310103,-0.013764485,-0.0060893334,-0.02073791,-0.064623125
-0.0018331711,0.0057851276,-0.0027473408,-0.0036892933,7.8848185e-05,0.007767094,0.00014081862,0.0025683322,-0.028916499,-0.0213156,-0.043173473,0.023974527,0.016515207,0.024093542,0.024734143,-0.016601395,0.037007,0.045176413,0.056220584,0.09911498,-0.018767163,-0.011049808,-0.028089032,-0.062074717
-0.0021478448,0.0054771616,-0.0032206646,-0.0035547873,0.00026274074,0.007955228,0.00041223946,0.0024750512,-0.028408231,-0.020843826,-0.042475168,0.024519347,0.016261905,0.023854082,0.024351858,-0.016950622,0.04509865,0.05331975,0.068337955,0.09553258,-0.023780825,-0.01600717,-0.03547967,-0.059794057
-0.0024127313,0.0052164467,-0.0036225787,-0.0034431482,0.0004155079,0.008113233,0.000639228,0.0023956592,-0.028000653,-0.020438982,-0.041912746,0.024949104,0.016038686,0.023656603,0.024043314,-0.017231286,0.051896073,0.0601624,0.07862646,0.09255519,-0.02797119,-0.020157095,-0.041738562,-0.057897247
-0.0026745899,0.004961256,-0.0040170117,-0.003324153,0.0005653701,0.00827009,0.00086343096,0.0023125631,-0.02748784,-0.019940037,-0.04119901,0.025358357,0.015759733,0.023398539,0.023644019,-0.017499076,0.058667988,0.06696206,0.088820726,0.08935518,-0.032137085,-0.02428909,-0.04791955,-0.05585886
-0.0029418832,0.0046983617,-0.004419877,-0.003172733,0.00071841106,0.008429788,0.001096078,0.0022078138,-0.026697123,-0.019158585,-0.040074244,0.025733136,0.015323947,0.022974163,0.023006096,-0.017738914,0.06566969,0.073915794,0.09928655,0.0852514,-0.03646217,-0.028569158,-0.054320127,-0.053283237
-0.003148367,0.004497394,-0.0047344686,-0.0030732437,0.0008302968,0.008550773,0.001267795,0.0021387935,-0.026098954,-0.01855326,-0.03919702,0.0260687,0.014970883,0.022626562,0.022499634,-0.017963301,0.07098294,0.079216234,0.1072529,0.08247241,-0.039699573,-0.031825203,-0.059255645,-0.051582318
-0.0033647155,0.0042920676,-0.0050530704,-0.0029649073,0.0009494695,0.008673512,0.0014479337,0.0020598983,-0.02553881,-0.017969927,-0.03835383,0.026447391,0.014640593,0.022307185,0.022027954,-0.018187111,0.07647479,0.08468369,0.11554254,0.07952579,-0.04303786,-0.035164244,-0.06438084,-0.049719457
-0.0036074414,0.0040576216,-0.005411537,-0.0028290788,0.0010923095,0.008813074,0.001660797,0.0019647956,-0.024749083,-0.017152447,-0.03716115,0.02679237,0.014176731,0.021846604,0.021343129,-0.018393198,0.082737215,0.09082425,0.12496746,0.07585541,-0.046808824,-0.03896781,-0.07013824,-0.047402218
-0.0038872499,0.0037826507,-0.0058265696,-0.0026534868,0.0012595387,0.008976301,0.0019131694,0.0018438064,-0.023689829,-0.016092189,-0.035598915,0.027163345,0.013584124,0.021242205,0.020438794,-0.018617118,0.09000914,0.09792429,0.13577776,0.071120605,-0.05125474,-0.04338054,-0.07678049,-0.04445775
-0.004135551,0.0035422742,-0.0062067844,-0.0025004665,0.0014022638,0.009123066,0.0021320863,0.0017335813,-0.022689018,-0.01507695,-0.034112226,0.027561506,0.013016288,0.020672087,0.019588105,-0.018869102,0.09647823,0.10425067,0.14541404,0.06693313,-0.055134516,-0.047287486,-0.082663625,-0.041854464
-0.004354276,0.0033332026,-0.0065376717,-0.0023618091,0.0015278849,0.009254844,0.0023206864,0.001634534,-0.021652497,-0.014033247,-0.032557476,0.027877668,0.012417935,0.020075744,0.018697696,-0.019068008,0.102139995,0.10985216,0.15383837,0.06318829,-0.05854949,-0.05076866,-0.0878179,-0.03947218
-0.004567717,0.0031276788,-0.006853979,-0.0022075658,0.0016500937,0.009383896,0.0025063846,0.0015247755,-0.02049034,-0.012875734,-0.03083434,0.028158395,0.011754154,0.019417666,0.01770533,-0.019241914,0.107660696,0.115327485,0.16203333,0.05908372,-0.061944358,-0.054191135,-0.09287094,-0.0368533
-0.004720884,0.0029798476,-0.00708299,-0.0020899419,0.001734962,0.009478073,0.0026343463,0.0014428798,-0.01936293,-0.011743117,-0.02913132,0.02831713,0.011080776,0.018755775,0.016703095,-0.019358888,0.1115447,0.1191819,0.16782615,0.055954374,-0.06434664,-0.056612186,-0.09645565,-0.034899946
-0.004890239,0.0028232457,-0.007327885,-0.0019564445,0.0018285539,0.009581618,0.0027740123,0.0013468608,-0.018275896,-0.01066437,-0.027505582,0.02855194,0.010455484,0.018144015,0.015772054,-0.019508345,0.11583343,0.12346796,0.17429295,0.052443486,-0.06702739,-0.059253886,-0.10040592,-0.032638855
-0.0050888117,0.0026332396,-0.007625711,-0.0018035244,0.0019458963,0.009703497,0.0029471824,0.0012390596,-0.0169687,-0.009347763,-0.02554394,0.02881898,0.009691465,0.017391592,0.014640057,-0.019677801,0.12090787,0.12859498,0.1820228,0.048365172,-0.07016004,-0.06236621,-0.1050965,-0.03002941
-0.005278194,0.0024491977,-0.007919774,-0.0016303106,0.0020603456,0.0098234285,0.0031187811,0.0011170419,-0.015486741,-0.007843283,-0.023309188,0.029061727,0.008832876,0.016535165,0.013355364,-0.019826934,0.12582865,0.13357037,0.18946646,0.043704636,-0.07318203,-0.06538304,-0.109636046,-0.027063513
-0.0054181134,0.0023138835,-0.0081427535,-0.0014837611,0.0021449365,0.009913724,0.0032455618,0.0010118037,-0.014122788,-0.006448325,-0.021226171,0.029265333,0.008042325,0.015741859,0.012150301,-0.019935545,0.129536,0.13730428,0.19493271,0.039800897,-0.07543053,-0.06760715,-0.11297531,-0.024564955
-0.0055448674,0.0021870388,-0.008339717,-0.0013356063,0.0022194681,0.009994726,0.0033667174,0.00090607954,-0.012752616,-0.0050600963,-0.01913737,0.029430708,0.0072487094,0.014941484,0.01093692,-0.02002361,0.13294582,0.14073181,0.1997617,0.035810582,-0.07756224,-0.0696965,-0.1160013,-0.022029648
-0.005666008,0.002068426,-0.008517062,-0.0012002327,0.0022893082,0.010068993,0.0034733072,0.00080887775,-0.011481154,-0.0037869457,-0.017233497,0.029652556,0.0065044397,0.014201194,0.009822301,-0.02014534,0.13609912,0.14387175,0.20427543,0.032108843,-0.07949376,-0.071581125,-0.11886721,-0.019659655
-0.00578768,0.0019468907,-0.00869462,-0.0010238735,0.0023616664,0.010146735,0.003586646,0.0006863763,-0.009893399,-0.0021818858,-0.014852786,0.029813696,0.0055733826,0.013273154,0.008432527,-0.020232594,0.13930055,0.14706916,0.20893224,0.02730056,-0.081482686,-0.07357368,-0.12187027,-0.016602293
-0.005880129,0.0018573394,-0.008828127,-0.00087525975,0.0024138284,0.010200478,0.00366825,0.0005807937,-0.008453989,-0.0007257061,-0.012694555,0.0300059,0.0047272886,0.01242929,0.0071668304,-0.020335142,0.14165908,0.14946154,0.21247457,0.023275204,-0.08293578,-0.07500775,-0.124165006,-0.014051769
-0.0059503126,0.0017895652,-0.008925804,-0.0007334071,0.002455548,0.010240868,0.0037279367,0.00048037653,-0.007111583,0.0006151302,-0.010682951,0.030110272,0.0039411006,0.011648374,0.006000572,-0.020387463,0.1434037,0.15125549,0.21528833,0.019402249,-0.08400465,-0.076080784,-0.12594175,-0.011625591
-0.006009123,0.0017336761,-0.00901379,-0.0005676984,0.002492491,0.010276867,0.0037761424,0.00036207645,-0.0055071153,0.0022030831,-0.008271008,0.030175967,0.0030201408,0.010726106,0.0046226312,-0.020412913,0.14488035,0.15280744,0.2177909,0.014868449,-0.084903374,-0.077030085,-0.12743816,-0.008782795
-0.0060503227,0.0016942029,-0.00908063,-0.00042683343,0.0025201135,0.010302407,0.003808714,0.0002608362,-0.0040834974,0.003596816,-0.006146013,0.030248078,0.0022059297,0.009908346,0.0034038909,-0.020438991,0.14592029,0.15391743,0.219604,0.011035375,-0.0855045,-0.07766071,-0.12842877,-0.006370405
-0.0060919165,0.0016542044,-0.0091507295,-0.00027284116,0.0025465754,0.010327414,0.00384336,0.0001503118,-0.0026625432,0.005008499,-0.004044059,0.030392384,0.0014034901,0.00909166,0.0021795437,-0.02050324,0.14704569,0.15500656,0.22128195,0.0067877187,-0.086188465,-0.078304075,-0.12943426,-0.0037077582
-0.006113756,0.0016324776,-0.009186699,-0.00011151031,0.002561239,0.010340596,0.003864793,3.7638252e-05,-0.0010560242,0.006596654,-0.0016333577,0.030458111,0.00048588013,0.008160459,0.0007748762,-0.020509034,0.14763139,0.15565506,0.22212574,0.0024600695,-0.08662406,-0.07869795,-0.12995677,-0.0009704097
-0.006118257,0.0016271994,-0.00918401,1.2886652e-05,0.0025639147,0.010340806,0.0038680295,-4.9114795e-05,0.00021766353,0.007851871,0.00027220463,0.030506719,-0.00026174763,0.0074125486,-0.00035639785,-0.020501377,0.14767565,0.15574265,0.22201231,-0.0009182207,-0.08672127,-0.07871821,-0.13000445,0.0011820857
-0.0061133304,0.0016324823,-0.009166996,0.00019179728,0.0025611818,0.010340178,0.003863451,-0.00017498458,0.0019461641,0.009583867,0.0028635515,0.03053372,-0.0012745683,0.0064115156,-0.0018771545,-0.020473534,0.1475872,0.15556574,0.22162248,-0.0058033895,-0.08668191,-0.07862627,-0.12989426,0.00427165
-0.006079341,0.0016639442,-0.009111783,0.0003493345,0.002539445,0.010321651,0.0038395687,-0.0002868487,0.0035224797,0.011181461,0.005242355,0.030550212,-0.0022082715,0.0054879664,-0.0032783805,-0.020454712,0.14681622,0.15468988,0.22014633,-0.010106178,-0.08619488,-0.0781189,-0.12908083,0.0069743795
-0.0060364273,0.0017032367,-0.009048963,0.0005049085,0.0025154974,0.010298912,0.0038103089,-0.00039691437,0.0050458256,0.012744831,0.0075516473,0.030536175,-0.0031149776,0.0045940657,-0.0046324376,-0.020426545,0.14585581,0.15359801,0.21854278,-0.014286611,-0.08557184,-0.07748095,-0.12810189,0.0095883515
-0.0059745978,0.0017599114,-0.008961724,0.000668262,0.0024816394,0.010264048,0.0037658582,-0.0005129352,0.006590762,0.0143411625,0.009908284,0.030499365,-0.0040242965,0.0036851359,-0.006007698,-0.020380769,0.14439036,0.15204155,0.21626142,-0.01868704,-0.08463419,-0.07656006,-0.1267153,0.01232119
-0.005908312,0.0018194327,-0.008865121,0.00078414206,0.0024482145,0.010223157,0.0037128949,-0.0005958393,0.0077283187,0.015506694,0.011635008,0.030453244,-0.004695132,0.0030184123,-0.007005136,-0.02033254,0.14273871,0.15031838,0.21395694,-0.021756673,-0.08357499,-0.07553954,-0.12522817,0.014245074
-0.005831081,0.0018959506,-0.008750344,0.00091591245,0.0024091098,0.010177035,0.0036482206,-0.00068851345,0.008997338,0.01678545,0.013526174,0.030325588,-0.0054277168,0.0022814707,-0.008093084,-0.020241536,0.14076018,0.14827377,0.21120925,-0.025308698,-0.08233685,-0.07436904,-0.12347037,0.016469102
-0.005720868,0.0020076348,-0.008584186,0.0010798967,0.002348224,0.010110803,0.0035572867,-0.00080235675,0.010547912,0.018325094,0.015842855,0.03016205,-0.006314454,0.0013763094,-0.00942685,-0.020118032,0.13789125,0.14542228,0.20699826,-0.02977353,-0.08061022,-0.07269882,-0.120900795,0.019264758
-0.005566959,0.002154835,-0.008351399,0.0012576139,0.0022664578,0.010019321,0.0034331556,-0.0009227656,0.012171915,0.019920062,0.018265342,0.029951181,-0.007244154,0.00042429147,-0.010843905,-0.019945884,0.13392544,0.14149833,0.20106836,-0.034612913,-0.078238145,-0.07033521,-0.11730921,0.022317551
-0.0054155993,0.0023039626,-0.008119095,0.0014245558,0.0021848218,0.00992978,0.003307237,-0.0010358627,0.013727451,0.021465205,0.020583099,0.02974608,-0.008137537,-0.00048914226,-0.012233068,-0.019784098,0.13008058,0.13760164,0.19501325,-0.039107293,-0.07591553,-0.06795745,-0.11367874,0.02513572
-0.0052866386,0.0024207737,-0.007926183,0.0015621902,0.0021163013,0.0098536825,0.0032013902,-0.0011283737,0.014954784,0.022690898,0.022425508,0.029600227,-0.008854132,-0.0012037312,-0.013332814,-0.019656042,0.12684199,0.13434544,0.18988222,-0.04286012,-0.07392174,-0.06591942,-0.110577434,0.02748997
-0.005107908,0.0025905217,-0.007663212,0.0017219596,0.0020186976,0.0097534945,0.0030521252,-0.0012365289,0.016293563,0.024033943,0.02446214,0.029427012,-0.009648393,-0.0019787909,-0.014510611,-0.019510515,0.1223079,0.12981746,0.18285863,-0.047193486,-0.07110965,-0.06311876,-0.10633139,0.030175814
-0.004935462,0.0027637156,-0.0074073398,0.00186424,0.0019238691,0.009659265,0.0029076715,-0.0013328,0.01745077,0.02519202,0.026217055,0.029194899,-0.010327295,-0.0026406427,-0.015488608,-0.019355476,0.11791881,0.12540486,0.17612371,-0.050966747,-0.06841461,-0.06050098,-0.10226468,0.03251766
-0.0047445884,0.0029510232,-0.0071224933,0.002010082,0.0018200246,0.009551599,0.0027542517,-0.0014287264,0.018646091,0.026362976,0.028015224,0.028888803,-0.011003991,-0.0033180495,-0.01648172,-0.019165548,0.113086835,0.1205825,0.16898414,-0.054856043,-0.06552536,-0.057685807,-0.09789125,0.03498454
-0.0046057603,0.0030854805,-0.006906261,0.0021229372,0.0017427754,0.009466954,0.002640133,-0.0015047995,0.019574601,0.027292492,0.029442653,0.028750502,-0.01153461,-0.0038521453,-0.017284255,-0.01906646,0.10956982,0.11703589,0.1637757,-0.057787042,-0.06338542,-0.055607036,-0.0946744,0.036913335
-0.004436119,0.003255105,-0.006644591,0.0022499282,0.0016434654,0.009366669,0.0024925403,-0.0015943223,0.020503327,0.028236749,0.030865496,0.02854511,-0.012061612,-0.004377579,-0.018096372,-0.018907527,0.10523331,0.1126355,0.15716355,-0.061108913,-0.060646467,-0.05294054,-0.09065381,0.039093975
-0.004319438,0.0033619357,-0.00646238,0.002356745,0.0015758845,0.009291979,0.0023890124,-0.0016690225,0.021536868,0.029245205,0.03238347,0.028454898,-0.0126515925,-0.004981128,-0.018994104,-0.018813537,0.1021869,0.109592825,0.15257408,-0.064069495,-0.058718704,-0.051039506,-0.08792645,0.041000206
-0.0040899245,0.0035905358,-0.006111283,0.002483569,0.0014451379,0.009155213,0.0021843421,-0.0017553085,0.02254061,0.030211184,0.033828825,0.028159095,-0.013208953,-0.0055512567,-0.019850167,-0.018602472,0.096244484,0.10358561,0.14364459,-0.06752842,-0.05505928,-0.04732219,-0.08248085,0.04317431
-0.0038345847,0.00384812,-0.005731604,0.0026166555,0.0013019595,0.009008806,0.0019655847,-0.0018461478,0.023516187,0.03117824,0.035269607,0.027773866,-0.013759554,-0.0061015966,-0.020683238,-0.018346094,0.08972201,0.09699864,0.13371116,-0.071141765,-0.051054846,-0.043330606,-0.07654852,0.0453993
-0.0035656972,0.0041113235,-0.005339941,0.0027786517,0.0011584106,0.008858231,0.0017443777,-0.0019557944,0.024596378,0.032249004,0.03691873,0.027426269,-0.014371639,-0.0067010787,-0.021571536,-0.018097213,0.082857125,0.09024825,0.1236087,-0.07555638,-0.04694385,-0.039257374,-0.07041117,0.048123986
-0.0033369365,0.004337451,-0.00500734,0.0029648796,0.0010348841,0.008727399,0.0015513026,-0.0020798773,0.0254772,0.033135608,0.038301025,0.027385073,-0.014840886,-0.007173423,-0.022268998,-0.018042302,0.07709003,0.08447793,0.11527074,-0.080516875,-0.043435197,-0.035802707,-0.065156415,0.051216442
-0.0031035491,0.0045674136,-0.00466379,0.0030737224,0.00091128144,0.00859965,0.0013605335,-0.0021498401,0.026030803,0.033710286,0.039157093,0.027016776,-0.015136231,-0.0074782376,-0.022717634,-0.01780377,0.07126606,0.078592196,0.10668447,-0.08327157,-0.03995375,-0.032301184,-0.059741993,0.05292991
-0.0028542941,0.0048081754,-0.004304227,0.0031998516,0.00077573245,0.008464551,0.0011656729,-0.0022339856,0.02664607,0.03434698,0.040074755,0.02659274,-0.015456785,-0.007814519,-0.023201948,-0.017524997,0.065060414,0.07239069,0.09747883,-0.08659625,-0.036230016,-0.028577652,-0.0541218,0.054999623
-0.0026066257,0.005043697,-0.003948776,0.0033213596,0.00063871103,0.00832939,0.00096743816,-0.0023206803,0.027193105,0.034933757,0.04092569,0.026240101,-0.015752295,-0.008116936,-0.023646282,-0.017259428,0.058801685,0.06627234,0.088147424,-0.08983385,-0.032379027,-0.024818636,-0.048572406,0.057009067
-0.0023701498,0.005268323,-0.0036018672,0.0034359787,0.0005098537,0.00819395,0.00077739585,-0.002401906,0.027720232,0.035477832,0.04172195,0.025927767,-0.016024595,-0.008412965,-0.024068441,-0.01701587,0.052839145,0.060399912,0.07929687,-0.092846535,-0.028712109,-0.021233313,-0.0432733,0.058905985
-0.0020432374,0.0055910014,-0.0031067603,0.0035825945,0.0003313717,0.008004045,0.00050437363,-0.0024972707,0.028411856,0.03612868,0.042701013,0.025416933,-0.016364869,-0.008784262,-0.02460816,-0.016665472,0.044451326,0.051977616,0.06696987,-0.09672985,-0.023689447,-0.016166162,-0.03569361,0.06134025
-0.001743015,0.0058943536,-0.0026406155,0.0037100136,0.00016304335,0.007830354,0.0002437348,-0.0025747027,0.028898677,0.036562257,0.043380547,0.024907677,-0.016599061,-0.009030879,-0.024966158,-0.01633144,0.03654282,0.044093642,0.055383936,-0.100179315,-0.01909142,-0.011394831,-0.02853757,0.063521765
-0.0015577828,0.0060759373,-0.0023474153,0.0037951355,5.413861e-05,0.007718453,8.118362e-05,-0.0026297795,0.029382562,0.037021548,0.04411593,0.024681807,-0.016884163,-0.009302223,-0.025367804,-0.016145416,0.031639375,0.0391286,0.047963746,-0.10245857,-0.01612233,-0.00840734,-0.024104608,0.065008886
-0.00130459,0.0063243066,-0.0019607847,0.0039060346,-9.0629204e-05,0.0075710234,-0.0001368811,-0.0027034245,0.02975237,0.03737037,0.044655073,0.02431843,-0.017083744,-0.009500552,-0.025661761,-0.015867444,0.025106112,0.03245132,0.038006097,-0.10535374,-0.01208689,-0.004390872,-0.018146891,0.06686238
-0.00094271434,0.0066790143,-0.0014190648,0.004070493,-0.00029028623,0.0073688575,-0.00043817304,-0.0028088174,0.030299053,0.03789449,0.04544077,0.023709675,-0.017356003,-0.009779856,-0.026068568,-0.015461347,0.015846461,0.023209784,0.024165686,-0.10970743,-0.00653538,0.0012350176,-0.009699427,0.06956024
-0.0006841263,0.0069331233,-0.0010372776,0.004236954,-0.00043299148,0.0072271,-0.0006490978,-0.002917534,0.03050438,0.038099147,0.045760155,0.023393873,-0.017416332,-0.009827906,-0.026150944,-0.015244415,0.009257181,0.016735792,0.014402784,-0.114108704,-0.002590676,0.0052502328,-0.003744695,0.07226788
-0.0004289512,0.0071892114,-0.0006581244,0.0044388487,-0.0005819412,0.0070831096,-0.0008727391,-0.0030573686,0.03058838,0.03822457,0.04594786,0.023306448,-0.017407242,-0.009790594,-0.02611431,-0.015152249,0.002670149,0.01027173,0.004654555,-0.11940942,0.0014541119,0.009256627,0.0022024126,0.07562457
-9.5542295e-05,0.007523568,-0.00015116643,0.0045626215,-0.00076555787,0.0068943514,-0.0011535189,-0.003136904,0.030603347,0.03824023,0.045969825,0.022713847,-0.017367031,-0.009752488,-0.026057102,-0.014743342,-0.005913346,0.0017336584,-0.00809871,-0.12265613,0.0066433577,0.014421236,0.009981796,0.07767923
0.00024178824,0.007861141,0.00036399986,0.0046792985,-0.000949939,0.0067004156,-0.0014367627,-0.003210312,0.030551631,0.03819143,0.045848817,0.022100804,-0.017292285,-0.009683548,-0.025945246,-0.014332837,-0.014567094,-0.0070013795,-0.021104721,-0.12583873,0.011881221,0.019663157,0.017841246,0.07965621
0.00057613204,0.0082097,0.000878364,0.0048953397,-0.001153202,0.0065051084,-0.0017430915,-0.0033556805,0.030371865,0.038029984,0.045567624,0.021909494,-0.017122187,-0.009482961,-0.025662402,-0.01417941,-0.02338891,-0.01595893,-0.034554522,-0.1317508,0.017311906,0.025097392,0.02592105,0.083348446
0.00087194756,0.008510966,0.0013296491,0.004976464,-0.0013151519,0.006339125,-0.0019880738,-0.0033998948,0.030235948,0.037858844,0.045359273,0.021281024,-0.017027695,-0.0093662795,-0.025491325,-0.013742558,-0.031067986,-0.02368759,-0.04610633,-0.13398285,0.021919169,0.029673629,0.03276305,0.08469857
0.0011784019,0.008833741,0.0017929551,0.0050897053,-0.0014996799,0.00615783,-0.0022680673,-0.0034721345,0.029451486,0.037067324,0.044202022,0.021091357,-0.016515546,-0.008819988,-0.024680592,-0.013600027,-0.039204434,-0.031720657,-0.058276474,-0.13713624,0.02686311,0.03463313,0.040115777,0.08659058
0.0014395341,0.009093708,0.0021826345,0.0051549207,-0.0016374321,0.0060173688,-0.0024723958,-0.0035152477,0.028831525,0.03645791,0.04332376,0.020530531,-0.016111113,-0.008410312,-0.024071183,-0.013213132,-0.045772053,-0.038083874,-0.06797027,-0.1388965,0.030857477,0.038545344,0.04597479,0.08760501
0.0017289056,0.009369997,0.002609095,0.005251703,-0.0017879141,0.005863129,-0.0026923888,-0.0035755634,0.028383592,0.036021434,0.04267278,0.019940015,-0.015795121,-0.008121204,-0.0236228,-0.012807816,-0.05297808,-0.04516833,-0.07858387,-0.14142613,0.03524773,0.042852085,0.052439615,0.08910735
0.0021313895,0.009758281,0.003199478,0.005390663,-0.0019991873,0.0056516826,-0.0030071063,-0.0036581703,0.027743742,0.035390228,0.04170848,0.01903258,-0.015341736,-0.007693133,-0.022960318,-0.012214561,-0.06302006,-0.05523448,-0.09355197,-0.14495431,0.041332226,0.04894627,0.061575465,0.09126172
0.0024996116,0.010112866,0.0037339071,0.005518366,-0.0021856031,0.005462443,-0.003285405,-0.003732883,0.026946051,0.03458737,0.040498484,0.018049102,-0.014797948,-0.0071648792,-0.022148453,-0.011565853,-0.07213591,-0.06435521,-0.10726703,-0.14819896,0.04682724,0.05443394,0.06982618,0.093220115
0.0027893558,0.010388918,0.0041562556,0.005614113,-0.002332186,0.0053152256,-0.0035049764,-0.0037901131,0.026109032,0.03375043,0.039246786,0.01726584,-0.014252551,-0.006623876,-0.021327998,-0.011036412,-0.079284206,-0.07147686,-0.11810532,-0.15061718,0.05115263,0.05874498,0.07632335,0.09468814
0.0030956757,0.010687802,0.004614685,0.005688006,-0.00249367,0.0051546125,-0.0037418227,-0.003830894,0.025178527,0.0328125,0.03785051,0.016455201,-0.013648691,-0.006019208,-0.020427102,-0.010495771,-0.0869364,-0.0791734,-0.12957543,-0.15241227,0.055810094,0.06337402,0.08325585,0.095804974
0.0033528905,0.0109379925,0.0049999156,0.0057616527,-0.0026223222,0.005022225,-0.0039318823,-0.0038712071,0.024218885,0.03182359,0.036387186,0.015631212,-0.013009327,-0.005383964,-0.019486435,-0.009940893,-0.093320794,-0.08557959,-0.13918453,-0.15428847,0.059614506,0.06717473,0.08897546,0.096951626
0.0035966404,0.011176847,0.0053679245,0.0058353017,-0.0027424814,0.004899388,-0.0041153,-0.00391074,0.023174858,0.030762693,0.034815323,0.014801996,-0.012333847,-0.0047036535,-0.018468471,-0.009383365,-0.099408805,-0.09169405,-0.14840433,-0.1561637,0.063201904,0.07083466,0.09448237,0.09808923
0.0038024152,0.0113815395,0.00568256,0.005903376,-0.00284421,0.0047932607,-0.0042726896,-0.003948502,0.022251053,0.029840697,0.0334317,0.0141127845,-0.011753649,-0.004110428,-0.01757621,-0.0089158295,-0.10456882,-0.09689201,-0.15628953,-0.1579109,0.066246085,0.07394001,0.09919378,0.09915704
0.004022044,0.011603237,0.006018806,0.005928842,-0.0029579673,0.0046777287,-0.004443143,-0.0039583314,0.021108676,0.028699843,0.03168284,0.013337891,-0.0110467635,-0.0033918754,-0.016491715,-0.008415678,-0.110115536,-0.102482975,-0.16478054,-0.15854622,0.069582425,0.077277526,0.104197636,0.09951831
0.0042151236,0.011795963,0.00631037,0.005982447,-0.0030552861,0.0045800693,-0.0045835967,-0.00399096,0.020040587,0.027648715,0.03006753,0.012635016,-0.010364956,-0.002715997,-0.015480875,-0.007949293,-0.11494412,-0.10724649,-0.17222847,-0.16005526,0.07242043,0.080079764,0.10846426,0.10039696
0.0044469777,0.012030233,0.0066666813,0.0060691987,-0.003170286,0.0044651274,-0.004748407,-0.0040406296,0.01872098,0.026352666,0.02810854,0.011726274,-0.009522508,-0.0018811333,-0.014223496,-0.007353167,-0.120733,-0.11308669,-0.18103833,-0.16238067,0.07587773,0.08348935,0.113635235,0.101785794
0.004633973,0.012221986,0.0069558336,0.006071917,-0.0032614637,0.0043745404,-0.00487734,-0.004033131,0.017321693,0.0249401,0.025998099,0.010808104,-0.008647168,-0.0010083118,-0.012901596,-0.0067680012,-0.12537014,-0.11772685,-0.18804367,-0.16244884,0.078638494,0.08619365,0.1177463,0.10176861
0.0048156716,0.01240723,0.0072343578,0.006119485,-0.0033426906,0.004286268,-0.004997437,-0.0040570414,0.015942957,0.023563217,0.023939023,0.009943631,-0.007771693,-0.0001440756,-0.011608001,-0.006201887,-0.12984943,-0.12223133,-0.19483607,-0.1637306,0.08125725,0.088765,0.12167734,0.102536604
0.004971856,0.012563238,0.00746973,0.0061786417,-0.0034092204,0.0042118523,-0.0050972146,-0.0040891534,0.014563203,0.022190977,0.021870416,0.009121669,-0.0068941573,0.00071536656,-0.010312878,-0.0056570116,-0.13369218,-0.12606755,-0.20073344,-0.16534549,0.08348755,0.090934604,0.1249975,0.10348097
0.0051420424,0.012727283,0.0077227466,0.0062329737,-0.003488465,0.0041330312,-0.005211748,-0.004119563,0.013112289,0.02075506,0.019697066,0.0083060535,-0.0059806583,0.0016182703,-0.00895795,-0.0051271007,-0.13783185,-0.1302411,-0.20709233,-0.16670263,0.085945204,0.093387686,0.12867902,0.10429549
0.005255273,0.012828242,0.007887645,0.0062663835,-0.0035271705,0.00408775,-0.00527109,-0.0041369405,0.011840437,0.019481195,0.017800635,0.0075555854,-0.005180617,0.0024173493,-0.007773626,-0.004632536,-0.14039552,-0.13283917,-0.21117108,-0.1675755,0.08743881,0.094863586,0.13097948,0.1047809
0.0053673023,0.012926143,0.008047608,0.006268835,-0.003562001,0.0040452355,-0.0053304797,-0.004132571,0.010496055,0.018124133,0.015779957,0.006776146,-0.0043407306,0.0032633157,-0.0065200934,-0.0041317027,-0.14285445,-0.13535383,-0.21500422,-0.16755319,0.08890726,0.096319295,0.13324158,0.10473105
0.0054738456,0.013022231,0.008201658,0.0062961276,-0.0035921857,0.0040083523,-0.005383953,-0.004145729,0.009059145,0.016679162,0.013624753,0.0059605776,-0.0034332054,0.004173295,-0.005173481,-0.0036006859,-0.14524324,-0.13771608,-0.2186577,-0.16820577,0.09026381,0.09770501,0.13542782,0.1051238
0.005603275,0.013146408,0.008393373,0.0062391907,-0.003641906,0.003957276,-0.005463343,-0.0040995195,0.007383221,0.014985521,0.011113045,0.005007835,-0.0024162096,0.0052011833,-0.0036349643,-0.0030088394,-0.14830238,-0.14070356,-0.22322625,-0.1665252,0.09207983,0.09953035,0.13827223,0.10404819
0.0056707542,0.013208204,0.008492187,0.006244465,-0.0036541033,0.0039442815,-0.0054820115,-0.0040967274,0.0059127742,0.013509925,0.008912603,0.0042263833,-0.0015091146,0.006111118,-0.002282305,-0.0025153842,-0.14975376,-0.14212522,-0.22522593,-0.166526,0.09285761,0.10034244,0.13954492,0.104048274
0.00572128,0.013253918,0.008568804,0.00626511,-0.003651657,0.003938923,-0.005480487,-0.00410085,0.0044668065,0.012041867,0.0067094127,0.0033923236,-0.0006097128,0.0070070666,-0.0009454242,-0.0019783285,-0.15079118,-0.14316684,-0.2266435,-0.16697477,0.09330969,0.10087433,0.14032537,0.104324155
0.005752118,0.0132827815,0.008618073,0.006188801,-0.003643595,0.003939974,-0.005467096,-0.0040416704,0.003062889,0.010616101,0.004582196,0.002538613,0.00023269156,0.007845234,0.00032493487,-0.0014435401,-0.15131441,-0.14372742,-0.22737415,-0.16482012,0.09353214,0.10115333,0.14067505,0.102939375
0.005797498,0.013330025,0.008691972,0.006183513,-0.0036439567,0.003938048,-0.0054647797,-0.004031941,0.0015338289,0.009095155,0.0022860407,0.0017094861,0.0011747952,0.0087769,0.0017258474,-0.00092077197,-0.1521832,-0.14465782,-0.2285617,-0.16454959,0.093984276,0.101668775,0.14137103,0.10275736
0.0058218874,0.013363846,0.008734153,0.006218927,-0.0036329923,0.0039467816,-0.0054514147,-0.0040452215,0.00019011414,0.007753635,0.0002659777,0.0009779718,0.0020105243,0.009603632,0.002957818,-0.00046021034,-0.15262021,-0.14513382,-0.22915618,-0.16533725,0.09414063,0.101887785,0.1416366,0.10322291
0.0058115073,0.01335917,0.008727505,0.0062272316,-0.0035943603,0.003977361,-0.0054013706,-0.0040385174,-0.0011604035,0.0063878526,-0.0017786379,0.00023998547,0.0028381231,0.010426922,0.0041922885,-1.9154977e-06,-0.1520676,-0.14471447,-0.22823864,-0.16544148,0.093686715,0.10150675,0.14095378,0.10322945
0.005780771,0.01333154,0.008689254,0.006226924,-0.0035338656,0.0040246407,-0.005318454,-0.00402615,-0.0027607102,0.004776598,-0.0041819317,-0.0006066522,0.0038103529,0.011391884,0.005653686,0.00053151295,-0.15087989,-0.14368075,-0.22627968,-0.16528189,0.09283758,0.10067116,0.13956727,0.10305005
0.0057503195,0.013296457,0.008646405,0.0062187724,-0.0034740306,0.0040675797,-0.0052350787,-0.0040086415,-0.0042680223,0.0032444932,-0.006446464,-0.001421232,0.004729973,0.012294819,0.0070302607,0.0010577405,-0.14971463,-0.14257103,-0.22443871,-0.16499805,0.09197314,0.09981179,0.13816279,0.10278374
0.005696634,0.013232138,0.008569121,0.006203929,-0.0033981896,0.004125283,-0.005123718,-0.0039819838,-0.0059256414,0.0015473375,-0.008952401,-0.0023588382,0.0057340767,0.013283784,0.008536456,0.0016637808,-0.14794278,-0.14075634,-0.22175455,-0.16445884,0.09067283,0.09849939,0.136215,0.102367386
0.0056246505,0.013148045,0.008459046,0.0061825733,-0.003315372,0.004198377,-0.004998053,-0.0039528143,-0.007394975,5.3287018e-05,-0.011154706,-0.0032080938,0.0066117207,0.014150996,0.009855513,0.0022051332,-0.1456433,-0.13842887,-0.218264,-0.16370474,0.0891129,0.09687322,0.13381617,0.10183476
0.0055507272,0.013059361,0.008341906,0.006176031,-0.0032227447,0.0042755306,-0.0048566894,-0.0039306087,-0.009063539,-0.0016571991,-0.013668579,-0.0041462053,0.007614225,0.015146345,0.011374057,0.002801161,-0.1432408,-0.13593775,-0.21459788,-0.16336872,0.087433174,0.09511761,0.13128023,0.1015446
0.005454906,0.012953004,0.008186975,0.006156915,-0.0031240159,0.004364758,-0.0047052237,-0.0039025731,-0.010404729,-0.0030123498,-0.015695503,-0.0049339067,0.008400688,0.015939003,0.012574614,0.0032898048,-0.140297,-0.13291144,-0.21023697,-0.1627179,0.085499875,0.093088895,0.12832823,0.10106122
0.0053520193,0.0128424205,0.008024306,0.0061323782,-0.0030240864,0.0044555785,-0.0045555127,-0.003874864,-0.011786008,-0.004399119,-0.017764425,-0.005705644,0.009216354,0.016747689,0.013798267,0.0037853923,-0.13721588,-0.12979338,-0.20570129,-0.16191998,0.08349941,0.090975516,0.12519753,0.10049365
0.0052213212,0.012708459,0.007822297,0.006105521,-0.0029093504,0.004563774,-0.0043882527,-0.0038451846,-0.013144015,-0.0057583787,-0.019799404,-0.00650544,0.010018698,0.017546182,0.015003812,0.004306665,-0.13340928,-0.12602568,-0.20012654,-0.16107932,0.08109003,0.08850365,0.12144533,0.099908724
0.005096705,0.012574716,0.007627088,0.0060777636,-0.0027975768,0.004665456,-0.004220752,-0.003817929,-0.014460445,-0.007060007,-0.0217751,-0.0072183134,0.010793588,0.01831815,0.01618826,0.0047808816,-0.1297764,-0.122384615,-0.19471076,-0.16019094,0.07874179,0.08612138,0.11778716,0.09930138
0.0049512824,0.012429537,0.0074128606,0.0060458146,-0.0026812637,0.004776899,-0.0040455456,-0.0037843226,-0.015616361,-0.008197955,-0.023513718,-0.007899486,0.011469492,0.018992964,0.017208967,0.005218423,-0.1257933,-0.11838256,-0.18870951,-0.1591807,0.07613431,0.08354987,0.113827564,0.09862521
0.004747794,0.012215314,0.007113758,0.005992983,-0.0025218471,0.0049327537,-0.0038043186,-0.003734564,-0.016883802,-0.009433182,-0.025408275,-0.008745068,0.012189966,0.019711148,0.018305117,0.005772652,-0.120098814,-0.11273216,-0.18016388,-0.1575778,0.072487965,0.079976305,0.10837166,0.09761331
0.004582112,0.012045775,0.00687658,0.0059559816,-0.0023889537,0.005061579,-0.0036025725,-0.003695653,-0.018100798,-0.010650361,-0.027236035,-0.009549225,0.012914758,0.020420168,0.01937141,0.0062972796,-0.115509845,-0.108185224,-0.1732142,-0.15641136,0.06949864,0.07706166,0.10387629,0.096891895
0.004399225,0.011855327,0.0066091623,0.0059121284,-0.0022436583,0.0052013574,-0.0033819217,-0.0036528448,-0.01921801,-0.01177365,-0.028923608,-0.010273676,0.013578649,0.021075914,0.020360569,0.0067641903,-0.110443234,-0.10320072,-0.1654692,-0.15518183,0.06619689,0.07384353,0.09895448,0.09607877
0.004184364,0.011635231,0.0062950654,0.005862411,-0.0020770764,0.005361381,-0.0031305503,-0.0036054899,-0.020377308,-0.012935109,-0.03066698,-0.011091165,0.014258227,0.02174222,0.021360718,0.007283488,-0.10446811,-0.097344674,-0.15658636,-0.15376319,0.062354207,0.07003546,0.09322626,0.09512379
0.0039841873,0.011433503,0.00600097,0.0058180573,-0.0019225234,0.0055088587,-0.0028994961,-0.00356328,-0.021312473,-0.013889518,-0.0320612,-0.011842494,0.014807236,0.022271309,0.022151401,0.007743359,-0.09888801,-0.09185515,-0.14835252,-0.15249012,0.05877295,0.06640371,0.08787903,0.094233885
0.0038281775,0.011274829,0.0057698623,0.0057898783,-0.0018009153,0.0056279446,-0.00271049,-0.0035327587,-0.022190096,-0.01474876,-0.03335567,-0.012488623,0.015304728,0.022764007,0.022894694,0.0081195,-0.0945301,-0.08752509,-0.14193837,-0.15164483,0.05596101,0.06355756,0.08368117,0.09358699
0.0035604709,0.010993186,0.005364599,0.005726792,-0.0015912016,0.0058282623,-0.0023911933,-0.0034738774,-0.023413995,-0.015965654,-0.035155095,-0.0134804,0.015986014,0.02343328,0.023932908,0.0087425755,-0.08702914,-0.079959065,-0.1307313,-0.14979714,0.051156208,0.058681868,0.07647915,0.09227972
0.0033221336,0.010747508,0.0049998695,0.005606278,-0.0014190336,0.0060019623,-0.0021250919,-0.003383084,-0.02407881,-0.016606051,-0.036127675,-0.014208491,0.01632041,0.023765834,0.024446134,0.009199141,-0.08039494,-0.073310964,-0.12104062,-0.14645094,0.047047965,0.0545159,0.070259154,0.09011838
0.003104549,0.010525737,0.004664755,0.0055272873,-0.0012565616,0.0061641075,-0.0018785817,-0.0033196486,-0.024709683,-0.017252095,-0.03708605,-0.014887095,0.016674617,0.024122406,0.024970286,0.009619492,-0.07430934,-0.067265585,-0.1119082,-0.14426158,0.043221015,0.050698306,0.06455086,0.08868261
0.0029040428,0.010325093,0.004361904,0.005480616,-0.0011028742,0.006309308,-0.0016577574,-0.0032791586,-0.025303107,-0.017868856,-0.0379999,-0.0154750785,0.017010542,0.0244606,0.025477631,0.009976549,-0.06876731,-0.061797976,-0.10364614,-0.14288078,0.039755423,0.04720398,0.05933037,0.08774874
0.0026560496,0.010073382,0.0039910465,0.005419516,-0.0009166744,0.0064853784,-0.0013862127,-0.003225285,-0.025966836,-0.018544225,-0.039010722,-0.016198698,0.017367268,0.02481929,0.026028693,0.010419386,-0.062006995,-0.05498792,-0.093456775,-0.14101736,0.035480015,0.042888425,0.052890316,0.08652916
0.002394422,0.009803795,0.0035968423,0.00534365,-0.0007241925,0.006668302,-0.001097304,-0.0031606588,-0.02656346,-0.019118851,-0.03989524,-0.016909335,0.017670618,0.025126452,0.02649209,0.010859563,-0.05489127,-0.047775496,-0.08275216,-0.13873985,0.03095137,0.03832484,0.046099752,0.08506695
0.0021537917,0.009549929,0.0032359883,0.0052710613,-0.0005466833,0.0068395883,-0.00082625163,-0.003096248,-0.027107406,-0.019637024,-0.04072645,-0.017631765,0.017934894,0.025405645,0.026914569,0.011300673,-0.04840052,-0.041158047,-0.072824694,-0.13653919,0.02677337,0.034181286,0.039879046,0.08366091
0.0018723141,0.009248801,0.0028125497,0.005176514,-0.0003345422,0.0070384247,-0.00050592225,-0.0030172616,-0.027825458,-0.02035883,-0.041836,-0.018487006,0.018326793,0.025785863,0.02751165,0.011859967,-0.04074372,-0.033395324,-0.061078623,-0.1338245,0.02182479,0.029277094,0.032453034,0.08192827
0.0016295967,0.008997393,0.0024519835,0.005099963,-0.00016009407,0.007209546,-0.0002441416,-0.0029550495,-0.028152738,-0.020675438,-0.042342205,-0.019074345,0.018476866,0.025946528,0.027761929,0.012213223,-0.034276374,-0.026895318,-0.051162884,-0.13158861,0.017665122,0.02518282,0.026260136,0.08052957
0.0013703401,0.008733676,0.002062528,0.0050088437,2.2489941e-05,0.007386081,2.3240253e-05,-0.00288864,-0.028259505,-0.020773645,-0.042463053,-0.019576602,0.018488608,0.025949918,0.027776461,0.012520876,-0.027274402,-0.01992001,-0.040750824,-0.1291033,0.013266324,0.02078465,0.019674381,0.078922495
0.0011617835,0.00852546,0.0017480222,0.0049438425,0.000165935,0.007527348,0.0002340115,-0.0028395632,-0.028276954,-0.020787565,-0.04244037,-0.019968363,0.018456286,0.025921857,0.027718225,0.012753666,-0.02163781,-0.014384843,-0.03244361,-0.12735797,0.009764377,0.017290551,0.01444281,0.077791326
0.0008772605,0.008242106,0.001324398,0.004849525,0.00036292107,0.0077220364,0.00052615,-0.0027659375,-0.028486103,-0.02098099,-0.042686615,-0.020555008,0.01850874,0.025981795,0.027802907,0.013100052,-0.013944809,-0.0067300377,-0.021013705,-0.124644004,0.004953305,0.0124324905,0.00731822,0.07609278
0.0006376658,0.008002128,0.0009669994,0.0047663026,0.0005285358,0.007887517,0.00078400987,-0.002698977,-0.028611759,-0.021077368,-0.042799946,-0.021068733,0.018518085,0.025979744,0.027808927,0.013404947,-0.007444688,-0.00017975876,-0.011376122,-0.122289434,0.0008056476,0.008194475,0.0012119958,0.07462301
0.00033913384,0.007697145,0.0005209889,0.004656569,0.0007378167,0.008093498,0.0011008964,-0.0026117621,-0.028714731,-0.021185901,-0.04294283,-0.021774018,0.018518886,0.02596889,0.027796473,0.013848101,0.00061895326,0.008012182,0.0006886297,-0.11920275,-0.0043032616,0.0029968265,-0.006401859,0.07267089
4.4460707e-05,0.007394677,8.5716485e-05,0.004551961,0.0009406187,0.008290825,0.0014056663,-0.0025282241,-0.028655058,-0.02113641,-0.042904686,-0.02247255,0.018429037,0.025870211,0.027636943,0.014280749,0.008553978,0.016028576,0.012554217,-0.11621267,-0.009276078,-0.002027396,-0.013894717,0.07070479
-0.00027954302,0.007066627,-0.00040055026,0.004416072,0.0011619054,0.008506885,0.0017318032,-0.0024249032,-0.02845313,-0.02094979,-0.04267942,-0.023159122,0.018248724,0.025687058,0.027356299,0.014697413,0.017208578,0.024780132,0.025582654,-0.11238509,-0.0147354035,-0.007438182,-0.022095652,0.0682156
-0.0005708146,0.0067726006,-0.00084311265,0.0042263665,0.0013551714,0.008696347,0.0020166296,-0.0022906908,-0.027784437,-0.020310232,-0.04174866,-0.023741646,0.01777456,0.025196066,0.026641602,0.015040807,0.024937602,0.032543402,0.037207875,-0.107199535,-0.019567117,-0.0122004235,-0.029389216,0.06492011
-0.0008419613,0.006500108,-0.0012530254,0.004087078,0.0015335109,0.008874506,0.002292856,-0.0021914488,-0.027252331,-0.019789862,-0.040950064,-0.024287473,0.017380135,0.024779249,0.026057176,0.015341688,0.03219148,0.039781224,0.048164234,-0.103444874,-0.024102157,-0.016686197,-0.036142986,0.06246416
-0.0011374656,0.0062034046,-0.0016983746,0.003959323,0.0017345321,0.009070186,0.0025927864,-0.0020992844,-0.026853636,-0.019386359,-0.040321708,-0.024837889,0.017050838,0.024443768,0.025566015,0.015664175,0.04014693,0.047606003,0.059988715,-0.10005267,-0.02899926,-0.02161108,-0.043446902,0.060268383
-0.0014048009,0.005928082,-0.0021053492,0.003837162,0.0019219765,0.00924683,0.002872899,-0.0020096572,-0.026468258,-0.018981034,-0.03970096,-0.025350424,0.016726194,0.024113184,0.025079966,0.015961712,0.047405973,0.054775927,0.0708712,-0.09680306,-0.03341745,-0.026056938,-0.050154116,0.058170978
-0.0016637812,0.0056641316,-0.0025001152,0.003709042,0.0021034589,0.009420233,0.0031399804,-0.0019170471,-0.025991987,-0.018502165,-0.03895886,-0.02581472,0.016362187,0.023741957,0.024524696,0.016233481,0.054474555,0.061810337,0.08141654,-0.09338214,-0.037770588,-0.030441113,-0.05672865,0.05601133
-0.0019319156,0.005395836,-0.0029101626,0.003569553,0.002291864,0.009602582,0.0034094967,-0.0018187488,-0.025413757,-0.01794499,-0.038082045,-0.026293717,0.015941614,0.023316614,0.02389653,0.0165237,0.06168688,0.06907573,0.092227906,-0.089662895,-0.04233721,-0.03494265,-0.06353318,0.053698707
-0.0021735216,0.005153925,-0.0032764734,0.0034451266,0.002453055,0.009764812,0.0036438568,-0.0017294905,-0.024852421,-0.017390097,-0.03719324,-0.026677761,0.0155193275,0.022886015,0.023296706,0.016747681,0.06808602,0.07569812,0.10187785,-0.08628532,-0.046481516,-0.03896384,-0.06959296,0.05156655
-0.0024322334,0.004898889,-0.0036645834,0.0033073735,0.002617758,0.0099404575,0.003892033,-0.0016291697,-0.024117876,-0.01667167,-0.03607244,-0.027114915,0.014994403,0.022360673,0.022544594,0.01699458,0.07489372,0.08279247,0.112186156,-0.0825695,-0.050957963,-0.043297525,-0.076044366,0.049150564
-0.0027074704,0.004627028,-0.0040767156,0.0031429525,0.0027885637,0.010119143,0.004154148,-0.0015125616,-0.023094991,-0.01566492,-0.03455253,-0.02763387,0.014277457,0.021643681,0.021490531,0.017296012,0.082127035,0.0901736,0.12307515,-0.078141175,-0.055559196,-0.0478556,-0.0827976,0.046273515
-0.002936017,0.004394854,-0.0044132173,0.0030098811,0.0029310414,0.01025236,0.0043778275,-0.0014146026,-0.022106186,-0.014697287,-0.033079743,-0.028072681,0.013601251,0.020946052,0.020458182,0.017554153,0.08818674,0.09605895,0.13219768,-0.07433846,-0.059252493,-0.051660195,-0.08830907,0.04383992
-0.003158064,0.0041742697,-0.0047379676,0.002876116,0.0030769922,0.01038355,0.0045970776,-0.0013182339,-0.02119391,-0.013784362,-0.03176457,-0.028541192,0.0129870735,0.02030744,0.019488499,0.017845301,0.09418081,0.10159118,0.1410758,-0.07048142,-0.062773295,-0.055356115,-0.093794316,0.041497417
-0.0033673882,0.0039613554,-0.0050471392,0.002746109,0.003222386,0.010507606,0.0048107984,-0.0012262898,-0.02027265,-0.012840103,-0.030432444,-0.0289717,0.012356899,0.019642128,0.018500244,0.018126234,0.09978362,0.10697413,0.1494807,-0.06683918,-0.066148005,-0.05883845,-0.09917603,0.039289713
-0.0035730773,0.003751219,-0.005359123,0.0026002855,0.0033583583,0.010629153,0.0050118477,-0.0011260862,-0.019245585,-0.011814414,-0.02891535,-0.029259888,0.011651687,0.018926667,0.017430685,0.018297408,0.10514925,0.112388484,0.15763204,-0.06293742,-0.069479086,-0.06216333,-0.10433763,0.03683899
-0.003750255,0.0035729222,-0.0056299497,0.0024616667,0.0034668876,0.010740596,0.0051718066,-0.0010356833,-0.018325176,-0.010920286,-0.027552783,-0.029521028,0.011002555,0.01830059,0.016478484,0.018406311,0.109767504,0.117042504,0.16457827,-0.059328537,-0.072341286,-0.064889506,-0.10864702,0.03453656
-0.0039452976,0.0033751354,-0.005926566,0.002292334,0.003582451,0.010862122,0.0053506303,-0.0009237848,-0.017064458,-0.009706609,-0.02566546,-0.029803284,0.010138628,0.017460294,0.015204714,0.018525193,0.11479388,0.12218504,0.17217164,-0.05496198,-0.07547798,-0.067955896,-0.113300435,0.03173291
-0.004103751,0.0032134368,-0.006164328,0.0021389807,0.003671747,0.010961354,0.005493694,-0.00081920053,-0.015813729,-0.008492578,-0.023783201,-0.03006884,0.009295801,0.01662797,0.013949198,0.018654587,0.118843704,0.1264134,0.17825995,-0.050924167,-0.07808363,-0.07051943,-0.11707599,0.029240428
-0.004251574,0.0030617868,-0.0063848314,0.0020052888,0.0037580745,0.011053177,0.005628046,-0.00072279363,-0.0146849835,-0.0073728357,-0.022090912,-0.030319994,0.00853378,0.015861547,0.01281233,0.01880044,0.12277853,0.13042042,0.1840271,-0.04727335,-0.08056375,-0.07302315,-0.12064705,0.02701262
-0.004402712,0.002911691,-0.006609299,0.0018588981,0.0038465552,0.011147857,0.0057714274,-0.0006178621,-0.013397662,-0.006093405,-0.020151287,-0.030567825,0.007678373,0.014989298,0.011548573,0.018942544,0.12689346,0.1344738,0.19010846,-0.04322781,-0.08310984,-0.07557215,-0.12426961,0.024484225
-0.0045389165,0.0027753073,-0.0068118996,0.0016992089,0.0039203,0.011219768,0.0058876676,-0.0005078156,-0.011967429,-0.0046723476,-0.018027838,-0.030809656,0.0067387554,0.0140269445,0.010130731,0.01908225,0.13044676,0.137916,0.19528249,-0.03889938,-0.08526678,-0.07774764,-0.1274089,0.021747714
-0.0046660425,0.0026501352,-0.007001205,0.0015330198,0.0039889845,0.011288121,0.005994198,-0.0003955689,-0.010545243,-0.0032591056,-0.015905289,-0.031007584,0.005800142,0.013072194,0.00872635,0.019167202,0.13370101,0.14099392,0.20025334,-0.034333263,-0.087275386,-0.079671696,-0.13038416,0.018841622
-0.0047808443,0.0025376836,-0.0071737897,0.0013675815,0.0040570917,0.01135343,0.0060889055,-0.00028152956,-0.009193834,-0.0019270685,-0.013906671,-0.031185966,0.0049059507,0.012168234,0.0073641445,0.019244226,0.13665886,0.14387253,0.20479926,-0.029829087,-0.08909946,-0.08150655,-0.13321908,0.015998913
-0.0048530414,0.0024613533,-0.0072801006,0.0012154141,0.0040981006,0.011389939,0.006149235,-0.0001761586,-0.007840032,-0.0006042402,-0.011914324,-0.03133525,0.0040097972,0.011268072,0.0059994063,0.019309267,0.13847663,0.14568242,0.20769039,-0.025733043,-0.09016453,-0.082657,-0.13496824,0.013430339
-0.0049516633,0.0023647295,-0.007429543,0.0010368535,0.0041532107,0.011446899,0.0062393635,-5.4007236e-05,-0.0063719796,0.0008272864,-0.009703615,-0.031518705,0.0030403011,0.010289514,0.004528235,0.019383168,0.14098865,0.14822242,0.21174046,-0.020944452,-0.09165473,-0.084225655,-0.13727711,0.010419795
-0.0050093657,0.0023021922,-0.0075195753,0.00087753916,0.004185631,0.011478866,0.0062912293,5.7943325e-05,-0.0051206397,0.0020558215,-0.0078010997,-0.031707462,0.002198847,0.009448693,0.003258097,0.019464342,0.14239195,0.1497559,0.21410425,-0.01656992,-0.09253234,-0.08507844,-0.13858995,0.0077017276
-0.0050611394,0.002248038,-0.007603301,0.0007077452,0.0042111524,0.011495781,0.006325669,0.00017644594,-0.0036114054,0.0035455741,-0.005520364,-0.031751934,0.0011992571,0.00844328,0.0017422256,0.019470025,0.14356604,0.1512042,0.21593744,-0.011981251,-0.09334272,-0.08584864,-0.13970083,0.0048680454
-0.0050903824,0.0022147386,-0.0076520336,0.0005449366,0.0042186985,0.011492669,0.0063351938,0.0002892609,-0.0020636162,0.005095857,-0.0031561912,-0.031777162,0.00016477483,0.0074028047,0.00019372514,0.01946406,0.14413106,0.15200984,0.21683885,-0.0075669517,-0.0937507,-0.0861556,-0.14013082,0.0021333406
-0.005130215,0.002174425,-0.0077134543,0.00034216305,0.0042291293,0.0114993565,0.006356434,0.00042447884,-0.00017238868,0.0069806622,-0.00029719045,-0.031870667,-0.001078421,0.0061517023,-0.0016493645,0.019491674,0.14506887,0.15297371,0.21833798,-0.0021382512,-0.09420376,-0.08658548,-0.14079008,-0.0012964836
-0.0051434617,0.0021557142,-0.0077287424,0.0001755365,0.0042222617,0.011487704,0.0063563026,0.00053494156,0.0014702682,0.00860277,0.0021562725,-0.031922158,-0.002155445,0.005077962,-0.003243846,0.019494487,0.14531778,0.15313476,0.21873608,0.0023189634,-0.09416516,-0.086647406,-0.14079978,-0.004156373
-0.005133117,0.0021564122,-0.007712308,1.7160579e-05,0.0042012846,0.011461476,0.0063304557,0.00063724327,0.0029282288,0.010053619,0.004306046,-0.031954207,-0.003123343,0.0041267397,-0.004674616,0.019466829,0.14493199,0.15256888,0.21809347,0.0065861517,-0.093727075,-0.08630194,-0.14029834,-0.006828445
-0.0050936397,0.0021909396,-0.007651017,-0.00016416243,0.0041626445,0.011410955,0.006264534,0.0007534956,0.004611294,0.011746064,0.006773551,-0.031951383,-0.004233303,0.003018329,-0.006341703,0.019422289,0.14367303,0.15113187,0.21620515,0.011507263,-0.09274771,-0.08545834,-0.13908565,-0.009797592
-0.0050442996,0.0022384143,-0.0075693256,-0.00032454132,0.0041161147,0.011356558,0.006189,0.00085706956,0.006039746,0.013208431,0.008893718,-0.031869784,-0.005183966,0.0020661093,-0.0077786148,0.019338667,0.14207102,0.14954555,0.21388824,0.015839135,-0.0916793,-0.08448655,-0.13761823,-0.01238235
-0.0049626147,0.0023039295,-0.0074493694,-0.00051643164,0.0040510623,0.011283591,0.006083989,0.0009806278,0.00773219,0.014952035,0.011417729,-0.031753574,-0.0063235187,0.0009453441,-0.009456047,0.01923253,0.1398443,0.14724183,0.21039714,0.02103836,-0.090161644,-0.08302327,-0.13544784,-0.015537895
-0.0048760977,0.0023746546,-0.007327599,-0.00069303566,0.003980852,0.011207014,0.005975523,0.0010954948,0.009341975,0.016593408,0.013838785,-0.031637117,-0.007411686,-0.00012336951,-0.011037373,0.019127527,0.13758525,0.14485762,0.20674677,0.02579017,-0.08864934,-0.08146537,-0.13312232,-0.01847774
-0.004787407,0.0024506329,-0.007198756,-0.0008387583,0.0039031857,0.011125231,0.0058670393,0.0011945968,0.0106562795,0.01791339,0.015844092,-0.03149102,-0.008300463,-0.0010026018,-0.012338214,0.018997714,0.13516712,0.14235282,0.20293818,0.02966397,-0.08708825,-0.07979698,-0.13058119,-0.020924209
-0.0046694446,0.0025550234,-0.007025137,-0.0009978679,0.0038077866,0.011025001,0.005722045,0.0013034747,0.012076891,0.01933147,0.0179949,-0.03134066,-0.009239651,-0.0019556158,-0.013764275,0.018864015,0.13192242,0.13903067,0.1979844,0.033900343,-0.08494283,-0.07764337,-0.12730941,-0.023576597
-0.0045483643,0.002662893,-0.0068422602,-0.0011686704,0.003714515,0.010925505,0.005571946,0.0014188337,0.013559685,0.020819701,0.020222869,-0.031196626,-0.010204978,-0.0029431372,-0.015259969,0.01874891,0.1285359,0.13563362,0.19288704,0.038482275,-0.08267606,-0.0755247,-0.124015026,-0.026395023
-0.0044105663,0.0027932506,-0.0066292435,-0.0013268471,0.003611857,0.010819836,0.005404088,0.0015222593,0.014799373,0.022092383,0.022096168,-0.031003512,-0.011032084,-0.0037861257,-0.016560972,0.018602513,0.12457452,0.13186139,0.18709022,0.04268551,-0.08017788,-0.07312884,-0.12040495,-0.028958078
-0.0042491155,0.0029511023,-0.006378832,-0.001469761,0.00348981,0.010697655,0.005220756,0.0016135211,0.015894568,0.023221146,0.023756793,-0.030778794,-0.011778123,-0.0045332112,-0.017701615,0.01843129,0.11997753,0.12743154,0.18039052,0.046467304,-0.0772998,-0.07031378,-0.11621271,-0.03128522
-0.00409273,0.003102851,-0.006144674,-0.0016210424,0.0033662152,0.010572325,0.0050409334,0.001708633,0.017109245,0.024436431,0.025587853,-0.030549118,-0.012601344,-0.0053551844,-0.018919101,0.018264864,0.11562143,0.12309925,0.17392734,0.050417308,-0.0745019,-0.06754125,-0.11211967,-0.0337562
-0.003952356,0.0032399572,-0.0059363185,-0.0017565679,0.0032530737,0.010457536,0.0048731794,0.0017938013,0.018124815,0.025433699,0.027156161,-0.030305816,-0.013297087,-0.006022353,-0.019934805,0.01808928,0.11175343,0.11914751,0.16811231,0.05404725,-0.071985476,-0.0650021,-0.10829281,-0.036008816
-0.0037717896,0.0034127217,-0.0056692353,-0.0019080531,0.0031165879,0.010319531,0.004670552,0.0018909478,0.019159669,0.026454598,0.028762978,-0.03006301,-0.01399469,-0.006702692,-0.020966496,0.017912079,0.106896974,0.114166625,0.16073328,0.058151677,-0.06884003,-0.06182099,-0.10352105,-0.038546078
-0.0036711397,0.003505746,-0.0055202097,-0.0021456333,0.0030377174,0.01023688,0.0045494917,0.002047228,0.020496063,0.027793016,0.030810634,-0.03006406,-0.014905305,-0.0076234457,-0.022342144,0.017889861,0.10413661,0.11139669,0.156575,0.06450705,-0.06701937,-0.059997536,-0.10074777,-0.04250848
-0.0034437142,0.003724902,-0.005177568,-0.002332652,0.0028694156,0.0100647155,0.0042875255,0.0021667404,0.021783927,0.029108891,0.032782543,-0.029734248,-0.015773466,-0.008504512,-0.023663295,0.017639011,0.09788661,0.10517115,0.14716323,0.06948819,-0.06299746,-0.05599259,-0.09472314,-0.045550156
-0.003247135,0.0039206836,-0.0048735235,-0.0024794622,0.002719302,0.009912026,0.0040581035,0.0022583196,0.022664158,0.030001994,0.03411987,-0.029449817,-0.016362555,-0.009108057,-0.024582071,0.017423227,0.09239109,0.09969344,0.1388754,0.07331193,-0.05947481,-0.052498855,-0.08945081,-0.047883384
-0.0030661365,0.0040999623,-0.004591474,-0.0026081726,0.0025821186,0.009774066,0.0038509914,0.00233651,0.02347874,0.030820297,0.035344943,-0.02921482,-0.016901072,-0.009654261,-0.02540629,0.01724696,0.087352805,0.09458932,0.13120522,0.0766965,-0.056302924,-0.04931625,-0.084615625,-0.04993261
-0.0028473746,0.00431351,-0.0042634513,-0.0027356148,0.0024195923,0.009611199,0.0036116492,0.0024147632,0.024274586,0.031618215,0.03652244,-0.028879002,-0.0174226,-0.010180712,-0.02618744,0.017009249,0.08139925,0.08852883,0.1221092,0.08003986,-0.05256163,-0.04555533,-0.078956865,-0.05197638
-0.0025935,0.0045549083,-0.0038886117,-0.0028778578,0.0022348703,0.009422789,0.0033372208,0.0025050447,0.025138408,0.0324676,0.037791487,-0.028487537,-0.017988985,-0.01075664,-0.027040044,0.016731378,0.07455354,0.08158891,0.11171391,0.083799005,-0.04827829,-0.041202564,-0.072480895,-0.054300994
-0.00238067,0.004756151,-0.0035802578,-0.0030244854,0.0020834347,0.009267277,0.0031104665,0.00259847,0.02573617,0.03305672,0.03866487,-0.028237225,-0.01838996,-0.011178311,-0.027652511,0.016547238,0.06880967,0.07580866,0.1030095,0.0875859,-0.044724282,-0.037580363,-0.06712691,-0.056656033
-0.0021325236,0.0049955854,-0.003214974,-0.003167233,0.0019001882,0.009083426,0.0028356812,0.0026852912,0.02636212,0.033642855,0.03956659,-0.027841302,-0.018799469,-0.011608038,-0.028282123,0.016266936,0.061999254,0.06906174,0.09272625,0.09116251,-0.04047664,-0.03327091,-0.06071161,-0.05886175
-0.0018420712,0.0052812183,-0.0027831683,-0.0033290808,0.0016827805,0.008869525,0.0025140343,0.0027821958,0.026966872,0.034196585,0.040452532,-0.02737792,-0.019190254,-0.012025386,-0.028894892,0.01594251,0.053953487,0.061251055,0.0806961,0.095200635,-0.035461172,-0.028218776,-0.053186383,-0.061353274
-0.0015456275,0.005584495,-0.0023369128,-0.0034825548,0.0014584071,0.008646432,0.0021802057,0.0028740533,0.02756633,0.034746278,0.041328356,-0.02688605,-0.019592103,-0.012424992,-0.029491732,0.015596926,0.045653597,0.05323011,0.06846706,0.09901445,-0.030236384,-0.022966877,-0.045435477,-0.0637382
-0.0013082405,0.0058295755,-0.0019833029,-0.0036397404,0.0012863,0.008470304,0.0019217685,0.002969987,0.02798559,0.035159577,0.04194407,-0.026634494,-0.019903908,-0.012724241,-0.029929725,0.015415542,0.03902364,0.046736494,0.058722645,0.10293823,-0.02603139,-0.018737033,-0.039289698,-0.06625639
-0.0009766276,0.006163566,-0.0014907143,-0.0038114102,0.0010436603,0.008226842,0.0015589341,0.0030745906,0.028412864,0.035579547,0.042594593,-0.02602756,-0.02022468,-0.0130145345,-0.030371917,0.014994122,0.02983409,0.037652086,0.045040283,0.10736423,-0.02021202,-0.012824385,-0.030597208,-0.06907035
-0.0007265207,0.0064202333,-0.0011212287,-0.0039262995,0.00086399924,0.0080502145,0.0012913609,0.003143207,0.028709413,0.035891257,0.043078307,-0.02562425,-0.020442653,-0.013211409,-0.03066056,0.0147263,0.022925548,0.030887557,0.034786563,0.110344335,-0.01582308,-0.008420984,-0.024114482,-0.07094073
-0.000462784,0.00668396,-0.000724342,-0.0040768157,0.0006816245,0.007862558,0.0010208054,0.0032420084,0.028924048,0.036089197,0.043437745,-0.025400696,-0.020618359,-0.0133985,-0.030916885,0.014572883,0.015784359,0.023687495,0.024076039,0.11435212,-0.011309458,-0.0039253533,-0.017370773,-0.07344531
-0.00020564608,0.0069409376,-0.00032765378,-0.0041884235,0.0004941552,0.0076670367,0.0007327329,0.003310708,0.029005544,0.036144063,0.043562394,-0.024905004,-0.020693125,-0.013480226,-0.031034576,0.014243933,0.0086985,0.016447153,0.013349619,0.11740991,-0.006837108,0.00055981986,-0.010506784,-0.075281456
0.00010206968,0.0072431522,0.00014039187,-0.004322037,0.00027093425,0.007436756,0.0003899476,0.003393588,0.029081188,0.036211856,0.043675307,-0.024258284,-0.020769425,-0.013562135,-0.03115976,0.013805329,0.0002738838,0.007825622,0.0006064656,0.121098936,-0.0014768264,0.0059259892,-0.0023701855,-0.0774909
0.00041886853,0.0075575067,0.0006150064,-0.004464823,4.1423744e-05,0.0072033303,4.2574684e-05,0.0034795203,0.029050319,0.036175676,0.043597545,-0.023588095,-0.020784145,-0.013568781,-0.031178007,0.0133496,-0.008390458,-0.0009184885,-0.012497673,0.1248979,0.004037533,0.01145586,0.0059606237,-0.079792425
0.0007565469,0.007894145,0.0011208198,-0.004610297,-0.00020460485,0.006958198,-0.00032654678,0.0035666241,0.028903743,0.036023356,0.043344002,-0.022818293,-0.02073056,-0.0134954415,-0.031069485,0.0128312195,-0.017593302,-0.010159758,-0.02638504,0.1287309,0.009896753,0.017333947,0.0147874495,-0.08209943
0.0010531666,0.008184399,0.0015663829,-0.0047564395,-0.000411876,0.006748732,-0.00064488675,0.0036611673,0.028686881,0.035808727,0.043007996,-0.022301469,-0.020632362,-0.013400752,-0.030916514,0.012482394,-0.025502509,-0.018210655,-0.038355075,0.13266246,0.0149459,0.022355806,0.02234375,-0.08443726
0.0013961287,0.00852263,0.002075399,-0.00489823,-0.0006575539,0.006504464,-0.0010131511,0.003747123,0.028343817,0.035454992,0.042479165,-0.021574091,-0.020447971,-0.013220759,-0.030627782,0.012005617,-0.034719255,-0.027441934,-0.05230474,0.13635758,0.020813163,0.028152578,0.03116288,-0.08662909
0.0016686572,0.008784973,0.0024816107,-0.005088432,-0.0008381136,0.006314308,-0.0012916988,0.0038720141,0.0279711,0.03507044,0.04190506,-0.021360042,-0.020269137,-0.013065578,-0.03037019,0.011865217,-0.041906342,-0.034702923,-0.063094646,0.14147668,0.025405562,0.032640412,0.037991833,-0.089735225
0.0019913034,0.009106789,0.0029606544,-0.005215253,-0.0010692836,0.006081598,-0.0016425895,0.0039473143,0.02743267,0.034553472,0.04111079,-0.020580277,-0.019970968,-0.012758806,-0.029905146,0.0113569675,-0.050701916,-0.043498054,-0.07625933,0.14479238,0.03103015,0.038214955,0.046377704,-0.09175421
0.0022244265,0.009347322,0.003306919,-0.00529555,-0.0012340695,0.005908735,-0.0018970636,0.003996698,0.026715394,0.03386829,0.04003688,-0.020014318,-0.019574907,-0.012344351,-0.02929221,0.010991738,-0.057155523,-0.04994356,-0.08582124,0.14681563,0.035183888,0.042310067,0.05250485,-0.09303531
0.0024889938,0.009611599,0.0037112331,-0.0054486045,-0.0014123197,0.0057202997,-0.0021770939,0.0040939846,0.026134355,0.033293676,0.039169263,-0.019679088,-0.01927565,-0.012030147,-0.028849397,0.010772984,-0.064336844,-0.05730421,-0.09662285,0.15096997,0.039806668,0.04693506,0.05938352,-0.095630236
0.0027471331,0.009879263,0.004103859,-0.0055493163,-0.001605845,0.005532581,-0.002465728,0.0041508498,0.025455179,0.032610565,0.038138296,-0.018915579,-0.018872397,-0.011596898,-0.028238041,0.010277748,-0.07148259,-0.064475745,-0.10744445,0.15364732,0.044370025,0.051542845,0.066330194,-0.09729949
0.0030032254,0.010145759,0.0044903806,-0.0056446414,-0.0017985221,0.005351101,-0.0027498899,0.0042038336,0.024701636,0.031867497,0.03699608,-0.018109992,-0.018414881,-0.011116775,-0.027551504,0.009753265,-0.078483805,-0.07146927,-0.11808255,0.1561705,0.048816092,0.056066245,0.07316331,-0.098858975
0.0032208133,0.010371375,0.004817341,-0.0057229875,-0.0019598708,0.005201402,-0.002989882,0.004248908,0.024124436,0.031287763,0.036121342,-0.017460717,-0.018047808,-0.010748444,-0.027016718,0.009331314,-0.08439647,-0.0773264,-0.12699246,0.15829794,0.052534256,0.05984794,0.07889279,-0.10013054
0.0034512884,0.01060823,0.005158894,-0.0057986374,-0.0021320432,0.0050446424,-0.0032372868,0.004289615,0.023408985,0.030569408,0.03506528,-0.016765637,-0.017590364,-0.010306908,-0.026339129,0.008889305,-0.090711,-0.08351207,-0.13641967,0.16026287,0.056518596,0.063799195,0.084875934,-0.10130702
0.0036857699,0.010848213,0.005508156,-0.0058762305,-0.0023047344,0.0048827105,-0.0034936944,0.0043321974,0.02256229,0.029733183,0.03381138,-0.016043885,-0.017061073,-0.009787405,-0.02554071,0.008431648,-0.097159326,-0.08991691,-0.14607678,0.16228127,0.06063974,0.0678593,0.09091938,-0.102521166
0.0038167886,0.010990967,0.005705225,-0.0059179594,-0.0024073226,0.004787959,-0.0036481458,0.004349497,0.02167447,0.028873714,0.032509957,-0.015479466,-0.016510023,-0.009249819,-0.024712283,0.008085615,-0.10089712,-0.093757175,-0.15163189,0.16325676,0.06305085,0.07020143,0.094419956,-0.10312259
0.0040244386,0.011211361,0.006017303,-0.0059856353,-0.002566391,0.0046432437,-0.0038809793,0.004379263,0.020645082,0.027912088,0.03104358,-0.014605484,-0.015881788,-0.00861215,-0.023737883,0.0075354776,-0.10669246,-0.0997349,-0.16029413,0.1650101,0.06673403,0.0739037,0.09989415,-0.10417879
0.0041879956,0.011385885,0.006262889,-0.0060482495,-0.0026933826,0.00452963,-0.0040713386,0.0044119325,0.01966399,0.02697373,0.029613491,-0.013877322,-0.015267522,-0.008003354,-0.022837376,0.007069117,-0.11119528,-0.10435655,-0.16717382,0.16666113,0.06956367,0.07679579,0.10429889,-0.10517161
0.004360717,0.011569703,0.0065231663,-0.00611758,-0.002829567,0.00440436,-0.004271082,0.0044509987,0.01865261,0.025962776,0.028118454,-0.0131455725,-0.014628336,-0.00737524,-0.02192723,0.006590592,-0.115976475,-0.109177604,-0.1745028,0.1684689,0.072508626,0.0798803,0.10903451,-0.106279336
0.0045572356,0.011775473,0.0068160165,-0.0061771176,-0.0029836562,0.004260771,-0.004493771,0.0044838074,0.01741871,0.024744704,0.026320787,-0.012289448,-0.013853301,-0.006613335,-0.02080266,0.0060392465,-0.121402554,-0.11459612,-0.18269429,0.16998078,0.07591158,0.08334055,0.114312395,-0.10718189
0.0047262274,0.011951524,0.007066418,-0.0062289066,-0.0031153024,0.004136922,-0.004687459,0.004512185,0.016268501,0.023597809,0.024626987,-0.011536432,-0.013119734,-0.0058990237,-0.019743815,0.0055570896,-0.12614878,-0.11924372,-0.18977326,0.17126337,0.078897044,0.08629002,0.11882382,-0.10792521
0.0049383705,0.012168741,0.0073827975,-0.006294031,-0.0032807004,0.0039784117,-0.004933852,0.0045458283,0.014788203,0.02212758,0.022427633,-0.010549114,-0.012194291,-0.004973723,-0.018359827,0.0049233427,-0.13217771,-0.12515095,-0.19869104,0.17283997,0.0827228,0.09006347,0.12446452,-0.10886823
0.005076816,0.012314856,0.0075863954,-0.006334677,-0.0033946706,0.0038755955,-0.0051030875,0.004560387,0.013451644,0.020822516,0.020449664,-0.009714269,-0.0113539975,-0.0041285767,-0.017085692,0.0044004763,-0.13609932,-0.12907317,-0.20447478,0.17372145,0.085292794,0.09257835,0.12816057,-0.10938989
0.005213621,0.0124562215,0.0077918083,-0.0063750264,-0.0035082896,0.0037773491,-0.005267629,0.004574855,0.012295385,0.019703351,0.018736666,-0.008932484,-0.010630705,-0.0034034927,-0.015982507,0.00391489,-0.13984722,-0.1329628,-0.21017772,0.17463024,0.08773248,0.09505441,0.1318792,-0.10992053
0.005311056,0.012555759,0.007941165,-0.006410003,-0.0035943496,0.0037007618,-0.005394247,0.00459216,0.011160045,0.018569842,0.017030966,-0.008232936,-0.009916861,-0.002685024,-0.0149055505,0.003477985,-0.14252463,-0.13567829,-0.21429197,0.17551827,0.089434646,0.09685801,0.1346775,-0.1104127
0.0054037496,0.012650255,0.008084624,-0.006436189,-0.0036758406,0.0036243666,-0.005511481,0.00460799,0.010027098,0.017420236,0.015322604,-0.007546862,-0.009199794,-0.0019632247,-0.013824809,0.0030436697,-0.14521565,-0.13821986,-0.21827291,0.17620571,0.091074176,0.098575234,0.13736962,-0.11078827
0.0054779183,0.012726946,0.00820134,-0.0064534848,-0.0037431032,0.003560765,-0.005609187,0.0046201213,0.008936831,0.016306682,0.013674699,-0.006915447,-0.008501911,-0.0012688111,-0.012776887,0.002645108,-0.14748138,-0.14027005,-0.22151588,0.17664798,0.092463344,0.09993848,0.13954568,-0.111005865
0.0055540134,0.0128087085,0.008321073,-0.0064826705,-0.0038169017,0.003492043,-0.0057145404,0.0046362765,0.0075805876,0.014940572,0.011644575,-0.0061151655,-0.0076401136,-0.0004111505,-0.011483952,0.0021317864,-0.14993317,-0.14253548,-0.22497664,0.17730893,0.09399234,0.10141774,0.14184453,-0.1113958
0.0056077144,0.012871385,0.008406134,-0.006504173,-0.0038778973,0.0034400907,-0.005803713,0.004644234,0.006120611,0.01348377,0.0094523225,-0.0052621346,-0.00670753,0.00051512336,-0.010080266,0.0015897411,-0.1518083,-0.14428431,-0.22753757,0.17770822,0.09520744,0.10253761,0.14354436,-0.111632206
0.00565434,0.012924699,0.008476821,-0.006522661,-0.003930129,0.0034022033,-0.0058771493,0.0046479804,0.0049558477,0.012329459,0.0076828278,-0.004529547,-0.005954037,0.0012619309,-0.008940025,0.0011254018,-0.15328334,-0.14581135,-0.22967179,0.17800458,0.09620783,0.10349024,0.14495012,-0.11181566
0.005744828,0.013025243,0.008606946,-0.006594518,-0.0040090773,0.0033362387,-0.0059933085,0.004687055,0.003302608,0.0106979115,0.0052064355,-0.0037127137,-0.004915537,0.0023001763,-0.007372609,0.0006003803,-0.1558339,-0.14848736,-0.23340479,0.17971149,0.09790714,0.10517748,0.14733277,-0.11288048
0.0057630814,0.013052602,0.008636781,-0.0066104806,-0.0040501584,0.0033081905,-0.00605533,0.0046856697,0.0016841211,0.00908777,0.0027676434,-0.0027710872,-0.0038817017,0.0033398326,-0.005821093,5.151436e-06,-0.15658006,-0.14932165,-0.23448324,0.17995356,0.09849112,0.105735235,0.148168,-0.113011084
0.0057739657,0.013067284,0.008658016,-0.006614252,-0.004086496,0.003284234,-0.006106387,0.004678203,0.00016299193,0.007554905,0.00045131193,-0.001873442,-0.0029021262,0.0043250574,-0.004365614,-0.0005536216,-0.15702066,-0.14981589,-0.2351997,0.17995021,0.09889069,0.106134385,0.14886007,-0.11293435
0.005780414,0.013076631,0.008674411,-0.0066081784,-0.0041141603,0.003266499,-0.0061408123,0.0046665194,-0.0009756741,0.006400028,-0.00128361,-0.0011560342,-0.0021679238,0.005071951,-0.0032604127,-0.0009950205,-0.15732588,-0.15005195,-0.23560809,0.17973515,0.09921027,0.106408976,0.1493106,-0.11273179
0.0057698414,0.013074022,0.008669768,-0.006608757,-0.004135166,0.003250956,-0.0061718673,0.0046579773,-0.0024444405,0.0049456363,-0.0034728027,-0.00032634893,-0.001249748,0.006008722,-0.0018737555,-0.001504853,-0.15742132,-0.15001336,-0.23565564,0.17969848,0.09941101,0.10653556,0.14951172,-0.11265637
0.005733703,0.013051331,0.008625143,-0.0065817037,-0.0041331183,0.0032532695,-0.0061774054,0.004631908,-0.0038664194,0.0035416028,-0.0056161233,0.0004736223,-0.00035569555,0.006928856,-0.0005210305,-0.0019912927,-0.15682341,-0.1493572,-0.23464727,0.17892385,0.099190585,0.10627324,0.14899658,-0.11215433
0.0056865946,0.013023478,0.008562353,-0.006566816,-0.004127746,0.0032585394,-0.0061786687,0.0046133082,-0.005533926,0.0018735584,-0.008136681,0.00137662,0.00070731464,0.0080148345,0.001078475,-0.0025443707,-0.15593031,-0.1484079,-0.2330715,0.17849723,0.09874429,0.10588224,0.1482551,-0.11181156
0.0056261146,0.012979195,0.008472051,-0.006546144,-0.004113394,0.0032787365,-0.0061616395,0.0045927716,-0.006966521,0.00040460797,-0.010339124,0.0021999876,0.0016496698,0.00895944,0.0024759837,-0.0030525047,-0.15455735,-0.14695409,-0.23083726,0.177846,0.09796926,0.10519338,0.14709237,-0.11134586
0.005583812,0.012950605,0.0083997445,-0.006510816,-0.004113922,0.0032862788,-0.0061646677,0.004561151,-0.008603832,-0.0012792312,-0.012845092,0.0031829935,0.0027301463,0.010041126,0.0040755845,-0.00366485,-0.15370469,-0.1459507,-0.22936738,0.17673215,0.09753364,0.104837686,0.14639668,-0.11059855
0.0055137808,0.012888506,0.008284079,-0.006472772,-0.0040967367,0.0033119433,-0.006138953,0.004528588,-0.010291506,-0.0030207308,-0.015437096,0.0041907085,0.0038483872,0.011157339,0.005718047,-0.0042960057,-0.15213452,-0.14417607,-0.22694325,0.1754751,0.0966438,0.103983544,0.14502175,-0.1097679
0.0054169465,0.012797392,0.008130473,-0.0064520244,-0.004056836,0.0033644596,-0.0060807597,0.004510268,-0.011619951,-0.004387472,-0.017481495,0.0049715387,0.004724048,0.012033699,0.0070019416,-0.004792197,-0.1497364,-0.1416916,-0.22347125,0.17474166,0.095270775,0.1025924,0.14291722,-0.10928222
0.0052971994,0.0126839485,0.007940897,-0.0063728425,-0.003998382,0.0034360432,-0.0059897373,0.0044537196,-0.0129028885,-0.005688455,-0.019484079,0.005719564,0.005588144,0.01290247,0.008285968,-0.00525414,-0.14668795,-0.13861871,-0.21910107,0.1724346,0.09346258,0.100754194,0.14015955,-0.10780301
0.005176328,0.012564132,0.007748359,-0.006334597,-0.003936051,0.0035072193,-0.005892372,0.0044223927,-0.014054855,-0.006826085,-0.021256583,0.006465515,0.0063384254,0.013663727,0.009431223,-0.0057211188,-0.14358477,-0.13563919,-0.21482734,0.17119691,0.09166664,0.09890124,0.137384,-0.1070587
0.005030194,0.012422589,0.0075226976,-0.00630067,-0.0038570012,0.0035914814,-0.005777918,0.0043941154,-0.015322342,-0.00803852,-0.023136582,0.007243518,0.0071271504,0.01447729,0.01065783,-0.0062116883,-0.13985036,-0.1321263,-0.20954847,0.1701426,0.08951103,0.09669227,0.1339916,-0.10649281
0.0048979614,0.012294754,0.0073245866,-0.0062753153,-0.0037870782,0.0036653883,-0.005676419,0.004371837,-0.016608158,-0.009304883,-0.025049614,0.008067602,0.007927112,0.015303319,0.011898301,-0.0067199343,-0.13651401,-0.12897015,-0.2045543,0.16945326,0.08756074,0.09473776,0.13099521,-0.10610408
0.004770199,0.012175674,0.0071400837,-0.0062621837,-0.003718465,0.0037309919,-0.005576575,0.0043569305,-0.018194819,-0.010895599,-0.027446056,0.008888528,0.008920005,0.01631175,0.013401514,-0.0072097657,-0.13327849,-0.12583363,-0.19971257,0.16909142,0.08558056,0.09285106,0.12811862,-0.10589156
0.004576734,0.011989949,0.0068581477,-0.00621993,-0.0036069674,0.0038408071,-0.005414392,0.0043246187,-0.019420164,-0.012148712,-0.029293718,0.009703233,0.009693592,0.01711498,0.014585306,-0.007707882,-0.12834543,-0.120919965,-0.19227944,0.16793129,0.08255695,0.08990462,0.123606324,-0.10517487
0.0043953247,0.011818235,0.0065958835,-0.006141997,-0.003504881,0.0039443467,-0.0052619576,0.004270104,-0.020518277,-0.0132735465,-0.030955687,0.010448032,0.010400815,0.017843856,0.015657775,-0.008153318,-0.12374727,-0.11626439,-0.18524137,0.16587086,0.07974509,0.08714205,0.11939878,-0.1038682
0.0042176563,0.0116468,0.0063322177,-0.0060801203,-0.0034075463,0.0040477747,-0.005110387,0.0042275083,-0.021623256,-0.014372921,-0.032575645,0.011118569,0.011096175,0.018552518,0.016709657,-0.0085694175,-0.119200096,-0.11161364,-0.17828698,0.16422917,0.076981306,0.084371746,0.11528157,-0.10288604
0.0040059104,0.011446919,0.006016277,-0.006014331,-0.003292784,0.0041732183,-0.004937083,0.004179683,-0.022765588,-0.015496707,-0.03424569,0.01181317,0.011817839,0.019280802,0.017782222,-0.009001283,-0.11378127,-0.10614854,-0.17004916,0.1624568,0.07370155,0.08107028,0.11035178,-0.101812355
0.0037431107,0.01120064,0.005627219,-0.00593423,-0.0031524124,0.0043273577,-0.004728042,0.0041205795,-0.02404176,-0.016761659,-0.036159847,0.012687724,0.012649424,0.020110004,0.019007307,-0.009539796,-0.107172795,-0.09948419,-0.16010727,0.16020364,0.06968545,0.0770247,0.104277894,-0.100434
0.0034638739,0.01093516,0.00521482,-0.005849133,-0.0029977844,0.0044943783,-0.004500365,0.0040590735,-0.025061859,-0.017770978,-0.03769358,0.013514613,0.01332201,0.020780595,0.019999214,-0.010052045,-0.1001298,-0.09237272,-0.14960037,0.15777189,0.06542997,0.07273339,0.09778833,-0.09895069
0.0032191295,0.010700006,0.004854142,-0.005778663,-0.0028589875,0.004641324,-0.0042973575,0.0040118983,-0.02590168,-0.018627137,-0.038994208,0.014242782,0.01388443,0.021340469,0.02083604,-0.010507101,-0.09387841,-0.08611987,-0.14039852,0.15573011,0.061649695,0.068937585,0.09211781,-0.09772148
0.0030071372,0.010496935,0.0045403163,-0.0057155294,-0.0027428118,0.004767648,-0.0041229897,0.003968805,-0.026684703,-0.019402888,-0.04019089,0.014902645,0.014401997,0.02185134,0.021610338,-0.010916712,-0.08843231,-0.08076663,-0.1324835,0.15395547,0.058355633,0.065666586,0.08725761,-0.096648134
0.0027695813,0.010272983,0.0041823373,-0.005642034,-0.0026135596,0.0049100057,-0.003926823,0.0039158775,-0.027386738,-0.020070497,-0.041240603,0.01559266,0.014874437,0.022322215,0.022308074,-0.011348157,-0.082324654,-0.07473271,-0.123508535,0.15184821,0.054659367,0.061989397,0.081726804,-0.095354035
0.0024720277,0.009992353,0.003730278,-0.0055528213,-0.002456568,0.005086434,-0.0036809687,0.0038494524,-0.028281147,-0.020894554,-0.042543165,0.016447067,0.015464331,0.022915974,0.023193855,-0.011883291,-0.074713044,-0.067130685,-0.11216115,0.14931166,0.050028455,0.05738009,0.07477601,-0.093778834
0.0022080976,0.009737497,0.0033228737,-0.0054677594,-0.0023137224,0.005247142,-0.003452473,0.0037885658,-0.028772289,-0.021323623,-0.043209005,0.017095052,0.015792133,0.023250327,0.023696346,-0.012294919,-0.06782387,-0.06026587,-0.10175393,0.14700344,0.04586727,0.053216953,0.06850862,-0.092339166
0.0019226471,0.009462322,0.0028874637,-0.005371659,-0.0021559002,0.0054187533,-0.0032083981,0.0037192174,-0.029297546,-0.021805087,-0.04395559,0.017844228,0.01615204,0.023616137,0.024233568,-0.012764137,-0.0604358,-0.052867893,-0.090705134,0.14430575,0.041364145,0.048739538,0.061774492,-0.09066303
0.001593948,0.009141224,0.0023913053,-0.0052708085,-0.0019689081,0.005615481,-0.002924994,0.0036446892,-0.02976256,-0.022235015,-0.044619292,0.018657824,0.016472328,0.023954224,0.02472841,-0.013268327,-0.05189116,-0.044363186,-0.07787589,0.14155026,0.036163215,0.04360975,0.053967144,-0.088891745
0.0013510452,0.008898596,0.002021059,-0.0051881215,-0.0018306397,0.0057623526,-0.0027129282,0.0035891365,-0.030050492,-0.02250819,-0.04502024,0.019222986,0.016685586,0.024163974,0.025048247,-0.013625758,-0.045612603,-0.03807623,-0.068323076,0.13935314,0.03230688,0.03977565,0.048171945,-0.087520964
0.001083193,0.008639686,0.0016101738,-0.005089044,-0.0016827832,0.0059261825,-0.0024883433,0.003519732,-0.030430255,-0.022879153,-0.045572117,0.019873068,0.016972592,0.02445222,0.025470166,-0.014038147,-0.03875645,-0.0311824,-0.057909146,0.1366682,0.028129652,0.035610203,0.041873485,-0.08584579
0.0007868345,0.008354743,0.0011595417,-0.0049890345,-0.0015155162,0.0061086975,-0.0022377006,0.0034476365,-0.030788561,-0.023222731,-0.04611061,0.020555802,0.017246237,0.02474072,0.025883626,-0.014469146,-0.031183798,-0.023562498,-0.046426732,0.13397305,0.023495134,0.031020455,0.03490873,-0.084119804
0.00044964574,0.0080248555,0.0006513293,-0.00486716,-0.0013208733,0.0063142404,-0.0019442651,0.00336464,-0.031093681,-0.023499176,-0.046530522,0.02126356,0.017483817,0.024988811,0.026248567,-0.014922804,-0.02253575,-0.014772281,-0.03316792,0.13075507,0.01816968,0.025719497,0.026903322,-0.08208135
0.00016482548,0.007744353,0.00022397518,-0.004764206,-0.0011576805,0.0064834272,-0.0016947032,0.0032958454,-0.031288415,-0.023684824,-0.046796497,0.021865655,0.017646715,0.025154868,0.02649595,-0.015311545,-0.015252443,-0.007359273,-0.021939607,0.12806985,0.01365926,0.021235418,0.020152261,-0.080386035
-0.000173686,0.0074148807,-0.00028181105,-0.004640098,-0.00096278416,0.0066876,-0.0014021893,0.003209905,-0.03133877,-0.023735316,-0.04684603,0.022528937,0.017728202,0.0252452,0.026617523,-0.015732797,-0.006520073,0.0013812389,-0.008684098,0.124748796,0.008322988,0.01591974,0.012151289,-0.07826887
-0.0004987041,0.007099506,-0.0007706735,-0.0045178374,-0.000775459,0.0068844403,-0.0011235749,0.0031254217,-0.03132533,-0.023726473,-0.046819564,0.023142157,0.017768072,0.025295308,0.026674071,-0.016125282,0.001856873,0.009744533,0.003955912,0.12143661,0.0031963855,0.010826335,0.00448294,-0.076175764
-0.0008140873,0.006794966,-0.0012464547,-0.004400474,-0.00059379556,0.0070763705,-0.00085518137,0.0030437163,-0.03125617,-0.023664424,-0.046719603,0.02372242,0.017770974,0.025310008,0.026670918,-0.016498942,0.0099600945,0.017846022,0.016132582,0.11822039,-0.0017717201,0.005891773,-0.0029453065,-0.0741472
-0.0011574182,0.0064656334,-0.0017615588,-0.0042738994,-0.00039580712,0.0072831493,-0.00056343846,0.0029541955,-0.031079395,-0.02349906,-0.046470568,0.024372846,0.01771028,0.025268404,0.026575528,-0.016917149,0.01877543,0.0266946,0.0293537,0.11476496,-0.007188946,0.0005279891,-0.010983303,-0.07193363
-0.0014932322,0.0061391275,-0.0022706608,-0.004145038,-0.00019922412,0.0074891495,-0.00027652585,0.0028651094,-0.030868582,-0.023275672,-0.0461469,0.024954487,0.017614212,0.025193041,0.026435602,-0.017305976,0.027476408,0.03537284,0.04231681,0.11123081,-0.012532126,-0.00476511,-0.018921072,-0.06971548
-0.001786483,0.0058547454,-0.0027093876,-0.0040275524,-2.9087721e-05,0.0076662265,-2.9365125e-05,0.0027856838,-0.030541677,-0.022965472,-0.0456794,0.025479479,0.017444657,0.025043994,0.026186634,-0.017650312,0.03497071,0.04289662,0.053372428,0.108014114,-0.01718369,-0.009338173,-0.025711814,-0.06768912
-0.0020814512,0.005567619,-0.003148775,-0.0039102524,0.00014281616,0.007841688,0.00022090576,0.0027052162,-0.030133592,-0.022568472,-0.04509571,0.025996007,0.017216824,0.024843782,0.02586721,-0.017987473,0.042565476,0.050503217,0.06463826,0.10483785,-0.021866737,-0.0139539065,-0.03256506,-0.06566898
-0.0023474372,0.0053092167,-0.0035460168,-0.0037991414,0.00029739874,0.0080001615,0.00044722855,0.0026281017,-0.029702267,-0.022137763,-0.044466898,0.026451508,0.016967693,0.024620818,0.025528185,-0.01827877,0.049467433,0.057381175,0.07488737,0.101815835,-0.026065215,-0.018149018,-0.03882019,-0.063731104
-0.002665377,0.00499943,-0.004016478,-0.0036373516,0.00048274078,0.008186836,0.0007243916,0.0025154464,-0.02897267,-0.021429833,-0.043425426,0.02697857,0.01656957,0.024236668,0.024953373,-0.018600864,0.057650384,0.06558561,0.08710691,0.09742446,-0.03110586,-0.023166124,-0.046359956,-0.06096039
-0.0029898237,0.004685395,-0.004499681,-0.0034585784,0.00067133387,0.00837807,0.0010084619,0.002390377,-0.028100688,-0.020574417,-0.04217466,0.027495349,0.016094742,0.023774225,0.02425446,-0.018916707,0.0660081,0.07395118,0.09960983,0.09256117,-0.036238354,-0.028309308,-0.05409743,-0.05790845
-0.0032696968,0.004415441,-0.0049237167,-0.0033092368,0.0008328428,0.008543697,0.0012498514,0.0022833697,-0.027284008,-0.01974548,-0.04097242,0.027940191,0.015631028,0.023326851,0.023576336,-0.019190244,0.073269054,0.08118648,0.11053145,0.088543035,-0.040627167,-0.032760374,-0.060760308,-0.055353284
-0.0034810568,0.004205902,-0.005238843,-0.0031838478,0.00095457234,0.00866765,0.0014362836,0.0021989932,-0.026347535,-0.01881653,-0.039592203,0.02818679,0.015091148,0.022781169,0.022757579,-0.019349325,0.078697905,0.08663819,0.118770145,0.0852098,-0.04399762,-0.03616596,-0.06582175,-0.053274386
-0.0036938398,0.0040058605,-0.005548189,-0.0030615458,0.0010709395,0.008789873,0.001612226,0.0021112305,-0.025670024,-0.018124646,-0.03858087,0.028543148,0.014708558,0.022394156,0.022174086,-0.019559419,0.08412578,0.09204703,0.12693413,0.081902236,-0.047310807,-0.039521504,-0.070847854,-0.051164653
-0.003950469,0.0037606426,-0.0059166555,-0.0029090317,0.0012183132,0.008936708,0.0018327711,0.0020020737,-0.024704026,-0.01714885,-0.037154492,0.028936164,0.014156331,0.021843331,0.021351818,-0.019785265,0.09073022,0.09854312,0.13683325,0.0777829,-0.051351517,-0.04354877,-0.07696005,-0.048519626
-0.0042229793,0.0034931093,-0.006309055,-0.0027319924,0.0013781537,0.0090943435,0.002074673,0.0018796473,-0.023561073,-0.016017921,-0.03548579,0.029331561,0.013511862,0.021191854,0.02038181,-0.020018086,0.09772281,0.105479,0.14725691,0.07297941,-0.05566779,-0.047830824,-0.083445296,-0.04550554
-0.0044605904,0.003261339,-0.006661732,-0.0025752366,0.0015169346,0.009236514,0.0022828297,0.0017695662,-0.022482324,-0.014928978,-0.03387486,0.029680988,0.012887967,0.020570954,0.019450417,-0.020233562,0.103844434,0.11151512,0.15639311,0.06869591,-0.05937475,-0.051545817,-0.08905987,-0.042834625
-0.004701787,0.0030249902,-0.0070233815,-0.002411215,0.0016585132,0.009382924,0.0024950784,0.0016537334,-0.021343507,-0.01377788,-0.032176506,0.030040817,0.012230809,0.019916475,0.018464286,-0.020460658,0.110082984,0.11765881,0.16566625,0.0642309,-0.06319243,-0.055325188,-0.09473302,-0.040058017
-0.004939751,0.0027920287,-0.007387081,-0.0022388063,0.0017993471,0.009530339,0.0027065123,0.0015317538,-0.020130748,-0.012548078,-0.030361932,0.030385388,0.011538596,0.019220307,0.017413368,-0.020681102,0.1162459,0.12377062,0.17487013,0.059521195,-0.06699574,-0.059096865,-0.10035121,-0.037131228
-0.0051055853,0.0026299013,-0.007652394,-0.0020976001,0.0018930295,0.009637869,0.0028483039,0.0014302299,-0.019024033,-0.011408057,-0.028661199,0.030699626,0.010901378,0.018568108,0.016436117,-0.020890865,0.12048406,0.12803695,0.1813237,0.055624016,-0.06958662,-0.06174533,-0.10432413,-0.03472291
-0.005286063,0.002460713,-0.007929334,-0.0019242374,0.001995281,0.009752025,0.0030069016,0.0013047496,-0.017631281,-0.009974264,-0.026534416,0.030939307,0.010112421,0.017759811,0.015199996,-0.0210316,0.12516215,0.13272232,0.18826877,0.050987493,-0.07250762,-0.06467804,-0.108570516,-0.031758856
-0.0054720705,0.0022823224,-0.008210738,-0.0017587497,0.0021017091,0.00986506,0.0031729115,0.001187502,-0.016232114,-0.008548532,-0.024409743,0.031203095,0.009313337,0.016951112,0.013943483,-0.021190168,0.13002631,0.13759115,0.19535613,0.0466013,-0.075521514,-0.067650564,-0.11291616,-0.028963374
-0.005612942,0.0021430012,-0.008419479,-0.0016133254,0.0021834075,0.009952122,0.0033002375,0.0010873721,-0.014977273,-0.007289245,-0.022515848,0.031399883,0.008592193,0.016229073,0.012822223,-0.021312881,0.1337911,0.14135191,0.20069718,0.042726755,-0.07785481,-0.069913134,-0.116208084,-0.026520614
-0.0057489774,0.002007876,-0.008620992,-0.0014570697,0.0022626086,0.010038355,0.003420361,0.0009794205,-0.01360621,-0.005907953,-0.020451542,0.031602345,0.007791294,0.015438722,0.01161932,-0.021436613,0.13743593,0.14497346,0.20593289,0.03856172,-0.08007999,-0.072110415,-0.11943221,-0.02388159
-0.005860806,0.0019005002,-0.008787206,-0.001322846,0.0023269264,0.010108858,0.0035152156,0.0008857343,-0.012359767,-0.0046461495,-0.01856416,0.03179448,0.0070494544,0.014712559,0.010536532,-0.02155504,0.14032254,0.14794356,0.21026528,0.034954928,-0.081826665,-0.07390658,-0.122119926,-0.021585008
-0.0059800684,0.001787262,-0.008966864,-0.0011472552,0.002397867,0.010183401,0.0036210625,0.0007618275,-0.010807949,-0.003075149,-0.016229162,0.031967964,0.0061453106,0.013819099,0.009213109,-0.021652713,0.14335097,0.15110755,0.21498135,0.030218663,-0.083702445,-0.07586833,-0.12512407,-0.018557971
-0.0060874615,0.0016852529,-0.009129267,-0.000979957,0.0024621044,0.010247912,0.0037157498,0.00064344663,-0.00925447,-0.0015099319,-0.013891796,0.03213909,0.005241254,0.012922609,0.0078803925,-0.0217403,0.14608514,0.15396276,0.21926577,0.025733048,-0.08538364,-0.07760075,-0.12783955,-0.015680293
-0.0061778547,0.0015984462,-0.009264772,-0.00080912316,0.0025154783,0.010301627,0.0037938403,0.00052302785,-0.00764528,0.00010709837,-0.0114724105,0.032285452,0.004309038,0.011993045,0.006479403,-0.021807475,0.14846575,0.15635201,0.22283204,0.02113145,-0.086821266,-0.07904124,-0.13009971,-0.012745121
-0.0062556677,0.0015225238,-0.009379607,-0.0006425206,0.0025598165,0.010348018,0.0038589262,0.0004060967,-0.006047868,0.0017157029,-0.009065162,0.032424964,0.0033778555,0.011066183,0.0050693844,-0.021867944,0.15055309,0.1583772,0.2258003,0.016678896,-0.08806563,-0.08024933,-0.13198139,-0.009910382
-0.0063108825,0.0014658496,-0.009461973,-0.0004633457,0.0025936547,0.010384043,0.0039060605,0.000280258,-0.0043610465,0.0034101128,-0.006513052,0.032517135,0.0023930224,0.010084618,0.0035861698,-0.021891737,0.15205652,0.15987349,0.22787234,0.011841919,-0.08897934,-0.08116506,-0.13337654,-0.006830596
-0.00632719,0.0014430522,-0.009490202,-0.00028412105,0.00260756,0.010399183,0.0039257826,0.00015465052,-0.0027145313,0.0050633196,-0.003999181,0.032562923,0.0014254476,0.009119553,0.002138876,-0.021882787,0.15252167,0.16044801,0.22851044,0.006983613,-0.08925567,-0.08152395,-0.13387485,-0.0037465757
-0.006331438,0.0014285967,-0.009500952,-0.00011491246,0.0026141456,0.010405227,0.003942932,3.514596e-05,-0.0011308433,0.006658911,-0.0015712839,0.032603897,0.0004935569,0.008186326,0.0007456844,-0.021869488,0.152704,0.1606901,0.22869901,0.0023385743,-0.089365594,-0.08170034,-0.13406742,-0.0008357448
-0.006321704,0.0014284304,-0.00948894,6.0368548e-05,0.0026103365,0.010399663,0.003947765,-8.757059e-05,0.00052849774,0.008332815,0.00097350706,0.032657962,-0.0004807425,0.007207409,-0.0007187047,-0.021870391,0.1525273,0.1604985,0.22841224,-0.0024755418,-0.089236885,-0.08159166,-0.1338645,0.002144868
-0.006309923,0.0014343914,-0.00946991,0.00023802744,0.0026065616,0.010391855,0.003943091,-0.00021189854,0.0022130553,0.010022141,0.0035179658,0.03270583,-0.0014664675,0.0062234155,-0.0021908337,-0.021875275,0.15223673,0.16015732,0.22807907,-0.007327351,-0.089034,-0.08137952,-0.1335918,0.0051581
-0.0062973048,0.0014450508,-0.009450598,0.00037311518,0.0026029842,0.010383023,0.003933469,-0.00030465436,0.0035530373,0.01134068,0.005499492,0.03272333,-0.0022370424,0.0054456904,-0.0033681805,-0.021874487,0.15191053,0.15980014,0.22761814,-0.01100717,-0.08887466,-0.08114867,-0.13324346,0.0074272654
-0.0062526804,0.0014893077,-0.009379681,0.0005350661,0.002579877,0.0103548365,0.003895178,-0.0004184742,0.0050948784,0.012848986,0.007767197,0.032655034,-0.0031175483,0.0045593316,-0.0047067557,-0.021810424,0.15073143,0.15859875,0.22579095,-0.015371384,-0.0881593,-0.080428354,-0.1321755,0.010167173
-0.006188531,0.0015499964,-0.009280974,0.00070904207,0.0025485633,0.010317486,0.0038437676,-0.0005401755,0.0067224763,0.01443958,0.010168635,0.032550495,-0.004051119,0.0036291915,-0.006105691,-0.021710971,0.14906219,0.15693125,0.22331649,-0.020044694,-0.087127596,-0.07942293,-0.13066147,0.013122918
-0.0061060125,0.0016294406,-0.009153974,0.0008625706,0.0025054398,0.010269562,0.003776515,-0.00064428407,0.0081552155,0.015851852,0.012281731,0.032472957,-0.004881095,0.0028024488,-0.0073466813,-0.021633353,0.14691997,0.15475759,0.22014713,-0.024212781,-0.08582074,-0.078059144,-0.12863627,0.0157322
-0.0060098516,0.0017246683,-0.009008433,0.0010239636,0.0024523854,0.010214735,0.0037014754,-0.0007524514,0.009600692,0.017295495,0.014403484,0.03233302,-0.005715767,0.0019626701,-0.008615872,-0.021525668,0.14447077,0.15222076,0.21631202,-0.028643267,-0.08438354,-0.07653574,-0.1263359,0.0184978
-0.005903547,0.0018295655,-0.0088501265,0.0011847176,0.002392508,0.010153097,0.0036157516,-0.00086386234,0.01106887,0.018747166,0.016567461,0.032195743,-0.0065500974,0.0011167489,-0.009893636,-0.021409675,0.14173977,0.14948618,0.21205886,-0.033024605,-0.08274968,-0.07490471,-0.12389176,0.021270992
-0.005786735,0.0019352832,-0.008677483,0.001348931,0.002332639,0.010083831,0.0035296408,-0.0009773633,0.012467498,0.020141367,0.018670123,0.032063052,-0.00735525,0.000300257,-0.011111407,-0.021282842,0.13878904,0.14658788,0.20752709,-0.037477028,-0.080927566,-0.07317382,-0.121294975,0.024084011
-0.005641482,0.0020778105,-0.008458841,0.0015156763,0.002254907,0.010001192,0.0034129738,-0.0010930484,0.0139153665,0.021600965,0.020851867,0.031873222,-0.008195709,-0.000552027,-0.012374547,-0.021135127,0.135127,0.14288065,0.2018365,-0.0419819,-0.07866168,-0.07095284,-0.11795349,0.026876666
-0.005509406,0.002205708,-0.008264297,0.0016530482,0.0021853829,0.009926462,0.0033087053,-0.0011883252,0.015039807,0.02274726,0.022539109,0.03165816,-0.008847961,-0.0012116083,-0.013343208,-0.020995677,0.13187177,0.13956031,0.19685216,-0.04561875,-0.076647535,-0.06896631,-0.114945784,0.029131394
-0.005336364,0.0023797043,-0.008003014,0.0018331537,0.0020884303,0.009827498,0.0031639987,-0.0013145546,0.016534114,0.024264835,0.024795402,0.031394396,-0.009707608,-0.0020771823,-0.014625034,-0.020819347,0.127494,0.13511553,0.19031677,-0.050410487,-0.07393311,-0.06631961,-0.11097577,0.032167684
-0.005174403,0.0025438215,-0.007750428,0.0019809236,0.0019985707,0.009730767,0.003021199,-0.0014183893,0.017696463,0.025441635,0.026561966,0.031154078,-0.010372027,-0.002745722,-0.015630515,-0.020641174,0.123278506,0.13086405,0.1841846,-0.054303903,-0.071309,-0.0637731,-0.10717623,0.03470416
-0.0050058,0.0027216696,-0.0074891173,0.0021763402,0.0018978154,0.0096346475,0.0028645804,-0.0015558191,0.019308105,0.02705264,0.028978808,0.030968454,-0.011297673,-0.0036627776,-0.017021805,-0.02049849,0.11892443,0.1263273,0.17758238,-0.059549723,-0.06852699,-0.061022528,-0.10308731,0.03806398
-0.0047507896,0.0029745596,-0.0071045724,0.0023466854,0.0017553511,0.009489472,0.0026448015,-0.0016711695,0.02065608,0.028377539,0.030974267,0.0305417,-0.012071232,-0.0044309697,-0.018185375,-0.020209862,0.11245572,0.119654566,0.1677268,-0.06415886,-0.06452724,-0.057011053,-0.09707691,0.040973358
-0.0044662,0.0032551042,-0.006679961,0.0025244527,0.0016029602,0.009330481,0.002404447,-0.0017858496,0.021946484,0.029629441,0.032891374,0.030131128,-0.012795163,-0.005154055,-0.019289302,-0.01993445,0.10519292,0.112364925,0.15700443,-0.068990804,-0.06023365,-0.052610923,-0.0904126,0.04398651
-0.004221885,0.00349621,-0.006320001,0.002672243,0.0014684424,0.009198943,0.0022018317,-0.0018823497,0.022958225,0.030636225,0.034430467,0.029802427,-0.013378639,-0.0057122936,-0.02014502,-0.019713897,0.098980926,0.10613949,0.14764215,-0.07294898,-0.056542616,-0.048823677,-0.08468951,0.046436056
-0.0039602392,0.003744529,-0.0059425705,0.0028291976,0.0013287198,0.009062384,0.0019967053,-0.0019877222,0.023974521,0.031641226,0.036000054,0.02940149,-0.013967541,-0.0062640538,-0.020996666,-0.019423451,0.0924489,0.09971854,0.13782069,-0.07715384,-0.05256258,-0.044904463,-0.07880223,0.049061444
-0.0036785998,0.0040091,-0.0055285925,0.0029852623,0.0011808501,0.008908253,0.0017814434,-0.0020914127,0.02489563,0.032554805,0.037419524,0.02896183,-0.01446847,-0.006764364,-0.02175792,-0.019117815,0.08543104,0.092858605,0.1276267,-0.081232384,-0.04833782,-0.040732272,-0.07248649,0.051617462
-0.003382189,0.0042922646,-0.0050863624,0.0031469262,0.0010186374,0.008739057,0.0015533846,-0.0022007185,0.025907036,0.0335501,0.038915094,0.028469514,-0.015007488,-0.007331018,-0.02258435,-0.018792124,0.07800522,0.08543968,0.11664081,-0.08554689,-0.043872483,-0.036293477,-0.06577584,0.054295007
-0.0030567006,0.0046151048,-0.004598728,0.003342484,0.0008373513,0.00855185,0.001286274,-0.0023346962,0.027155647,0.034802876,0.040765166,0.028005686,-0.015699768,-0.008042786,-0.023625337,-0.018467715,0.06973002,0.077097654,0.10424764,-0.09081135,-0.03882549,-0.031285126,-0.05831824,0.057579733
-0.0027972946,0.0048770765,-0.004203675,0.0034782423,0.0006884333,0.008398354,0.001064271,-0.0024273791,0.027803604,0.03546375,0.041721225,0.027685774,-0.016051399,-0.00841251,-0.024134805,-0.018241,0.063071005,0.07028953,0.094005674,-0.09449252,-0.034788832,-0.0272284,-0.052224554,0.059855983
-0.0025047092,0.0051728096,-0.0037648943,0.00361326,0.00052371784,0.00823527,0.0008125221,-0.0025169197,0.028500807,0.036163203,0.04277179,0.027217537,-0.016445063,-0.008802259,-0.024697118,-0.017918767,0.055465065,0.06279437,0.08268624,-0.09815168,-0.030240485,-0.022619545,-0.045398924,0.062127106
-0.0022139587,0.005456141,-0.003333495,0.0037387793,0.0003664882,0.008075125,0.0005701726,-0.0025947408,0.028979683,0.03663798,0.04354022,0.026772609,-0.016711814,-0.009056084,-0.025092935,-0.017590867,0.047956504,0.05553598,0.07176866,-0.10149532,-0.025758782,-0.018122077,-0.03867296,0.064251296
-0.0018947585,0.005771894,-0.0028538315,0.0038757208,0.00019051653,0.007897442,0.00030286371,-0.0026802218,0.02942863,0.037075035,0.04424771,0.026276562,-0.016935177,-0.0092778765,-0.025435194,-0.017227815,0.039700236,0.04738937,0.059666537,-0.10508641,-0.02082091,-0.013179167,-0.031232389,0.06656126
-0.0015318883,0.006135766,-0.0023034185,0.004027406,-1.0572316e-05,0.00769376,2.3470784e-06,-0.0027795485,0.029863108,0.03750446,0.044894077,0.025631737,-0.017131576,-0.009478485,-0.025718627,-0.016775249,0.030378358,0.03791292,0.045645703,-0.10901445,-0.015186337,-0.0075880373,-0.022795971,0.06910416
-0.0012889301,0.0063775307,-0.0019287155,0.0041398252,-0.00014492296,0.0075564813,-0.00020009773,-0.0028564988,0.030220605,0.037877478,0.045422796,0.025181575,-0.017295646,-0.009655463,-0.025955034,-0.016459154,0.02418723,0.031580396,0.03621861,-0.111918986,-0.011453375,-0.0038834456,-0.017201807,0.07096213
-0.0010204159,0.0066441824,-0.0015170679,0.0042431285,-0.0002896494,0.00740436,-0.00042572778,-0.0029264616,0.030456312,0.038108602,0.045760095,0.024661401,-0.017378518,-0.009758435,-0.026092388,-0.01610566,0.01736569,0.024813306,0.026091963,-0.11455719,-0.007404431,0.00018362887,-0.011059916,0.07261534
-0.00066258555,0.0069901273,-0.0009855127,0.0042946856,-0.0004891186,0.0072052823,-0.0007324561,-0.0029590405,0.030293273,0.0379484,0.045520604,0.024070535,-0.0172531,-0.009636197,-0.02591681,-0.015724316,0.008179772,0.01579604,0.012665655,-0.115861356,-0.0018363267,0.0057453997,-0.0028020374,0.07340192
-0.0002772662,0.007361589,-0.00042596535,0.0044168206,-0.0006986434,0.007001637,-0.0010426284,-0.0030397342,0.030317836,0.03799335,0.04556976,0.023394546,-0.017224178,-0.009604389,-0.02590017,-0.015272625,-0.0014695453,0.006246851,-0.0016124105,-0.1191299,0.004059257,0.011578204,0.0059830975,0.07538232
9.249217e-05,0.0077288034,0.00011703556,0.004554995,-0.00089741894,0.006805856,-0.0013360861,-0.0031252054,0.03026475,0.037975363,0.04554068,0.022720195,-0.017156549,-0.009527264,-0.025811173,-0.014807142,-0.010874482,-0.003054969,-0.015455591,-0.12281545,0.009701682,0.017186476,0.0145415105,0.077636085
0.00049365504,0.008131403,0.00071394996,0.0047067334,-0.0011110329,0.006588253,-0.0016594839,-0.0032182746,0.030202428,0.037937745,0.045495015,0.021949591,-0.01707905,-0.009428982,-0.025692746,-0.014275693,-0.021106478,-0.013329182,-0.030634288,-0.12676767,0.015833763,0.023320664,0.02380939,0.080092594
0.0007339818,0.0083701685,0.0010796123,0.004791045,-0.0012347661,0.0064513176,-0.0018512113,-0.003266266,0.029994536,0.03768961,0.04516165,0.021399071,-0.016921965,-0.009254452,-0.025429577,-0.0138850855,-0.027191667,-0.019463552,-0.039741427,-0.12888573,0.019485554,0.026975717,0.029314967,0.081434906
0.0010207641,0.008653599,0.001520968,0.0048887706,-0.0013812096,0.0062830397,-0.002082334,-0.0033246612,0.029724125,0.037364334,0.044688888,0.020799175,-0.016715318,-0.009051759,-0.025102234,-0.013468644,-0.03444325,-0.026797306,-0.05068225,-0.13139458,0.023850573,0.03140969,0.035881393,0.082986966
0.0013386135,0.008963525,0.0020009808,0.005006138,-0.0015521019,0.006102251,-0.002342803,-0.0033982766,0.029358244,0.036992796,0.044083297,0.020202102,-0.01644174,-0.008793112,-0.024688808,-0.013071175,-0.042563565,-0.03483322,-0.062796086,-0.13446957,0.028758736,0.036397547,0.043188363,0.084822215
0.001650882,0.009260916,0.0024639461,0.005113756,-0.0017148281,0.005928723,-0.0025873939,-0.0034641004,0.028934514,0.03656533,0.04339861,0.019549934,-0.016138159,-0.008507337,-0.024238558,-0.012633117,-0.050469343,-0.042636216,-0.07456686,-0.13722526,0.033528958,0.041192994,0.050207164,0.086478405
0.0019446805,0.009545624,0.002900418,0.0052176705,-0.0018661818,0.0057686856,-0.0028182676,-0.0035251994,0.028424047,0.03603993,0.042612296,0.018870812,-0.015795233,-0.008159809,-0.02370225,-0.012160004,-0.057860736,-0.050037034,-0.08587554,-0.13988747,0.038016632,0.04567253,0.056884054,0.088125706
0.0022493983,0.009859322,0.0033660585,0.0053232405,-0.0020293756,0.0056025977,-0.0030731293,-0.0035886618,0.02785076,0.035470158,0.041796166,0.018183809,-0.015426489,-0.0077604237,-0.023114316,-0.011670498,-0.06566312,-0.05786398,-0.09777118,-0.1426732,0.04277761,0.050409995,0.0640442,0.08989497
0.0025443507,0.010163666,0.0038229178,0.0054205246,-0.0021894258,0.005438379,-0.003320712,-0.003648155,0.027121538,0.03475,0.040714487,0.017492345,-0.014959377,-0.0072800512,-0.02239637,-0.0111973435,-0.07324799,-0.06547198,-0.1092899,-0.14527823,0.04738014,0.055014774,0.07094309,0.091534115
0.0028191349,0.01044165,0.0042458195,0.005518409,-0.002339001,0.0052893944,-0.0035370803,-0.0037093894,0.026330834,0.0339652,0.039523102,0.016768515,-0.014438461,-0.006768013,-0.02161708,-0.010710865,-0.08021425,-0.07247264,-0.11984704,-0.14785601,0.051613405,0.059201498,0.0772307,0.09312777
0.003063805,0.0106819635,0.004611108,0.0056005376,-0.002473959,0.0051633473,-0.003722853,-0.003762626,0.025526784,0.033165254,0.038321044,0.016150549,-0.013906618,-0.0062550795,-0.020832993,-0.010300474,-0.086359404,-0.078521505,-0.12891248,-0.15003003,0.05536413,0.06287063,0.08274748,0.09442142
0.0033142627,0.01092715,0.004980343,0.005680478,-0.0026091847,0.005037903,-0.00391433,-0.0038146665,0.02461817,0.03227619,0.036998983,0.015494118,-0.013310615,-0.005675795,-0.019959321,-0.009866003,-0.092611596,-0.084629014,-0.13812326,-0.15207012,0.059163112,0.066571094,0.08840223,0.09565146
0.0035719739,0.011189256,0.005367294,0.0057738507,-0.0027496943,0.0049074776,-0.0041160015,-0.0038758395,0.023626963,0.031301178,0.03556134,0.0148318,-0.012653004,-0.005026422,-0.018990083,-0.009415915,-0.09908466,-0.09112483,-0.14788422,-0.15451413,0.063087806,0.07042145,0.09436668,0.09717031
0.0037984438,0.011428954,0.0057087094,0.0058654347,-0.002874858,0.0047887918,-0.004300913,-0.0039348206,0.022696419,0.03036283,0.034169115,0.0142746195,-0.012032116,-0.004413227,-0.018062703,-0.009033282,-0.10479505,-0.09697675,-0.15658627,-0.1570369,0.066577144,0.07386537,0.09965106,0.098743446
0.004007374,0.011647052,0.00602548,0.005936281,-0.0029874905,0.004677918,-0.00446898,-0.003979305,0.021761809,0.02942895,0.032776784,0.013709464,-0.011421913,-0.0038139992,-0.017158058,-0.008644785,-0.110124454,-0.10243498,-0.16473375,-0.15911847,0.06979463,0.07708371,0.10449345,0.0999921
0.004215306,0.011854893,0.0063432697,0.005993417,-0.003086194,0.0045731673,-0.004616769,-0.0040064515,0.020470532,0.02812167,0.030817231,0.012807448,-0.010600076,-0.003001437,-0.015932368,-0.008056154,-0.115339965,-0.10781654,-0.17264,-0.16072722,0.07289555,0.080226354,0.10912577,0.10090439
0.0044285036,0.012066591,0.006655932,0.006118908,-0.0031854443,0.0044711134,-0.004765008,-0.004086089,0.019332247,0.026967548,0.02906895,0.012060473,-0.009824759,-0.0022242325,-0.014781829,-0.0075689144,-0.1205101,-0.113091744,-0.18064424,-0.16422544,0.0759968,0.08339439,0.11373463,0.102969766
0.0045880545,0.012214597,0.0068926336,0.006171413,-0.0032574704,0.0043941573,-0.0048716655,-0.004121046,0.01829473,0.025936104,0.02748738,0.011417259,-0.009139037,-0.0015503108,-0.013785393,-0.007138632,-0.12431824,-0.116903394,-0.18658273,-0.16564389,0.07824721,0.08565381,0.11718821,0.103803724
0.004727099,0.012343364,0.007100154,0.0062039522,-0.003319784,0.004331437,-0.0049652364,-0.004139006,0.017232412,0.024891295,0.02588002,0.010752957,-0.008466805,-0.0008798572,-0.012792763,-0.006705956,-0.1277937,-0.12028251,-0.19181298,-0.166509,0.08018754,0.08766815,0.120236546,0.10428821
0.004899672,0.0125070475,0.0073583033,0.006259525,-0.0033998727,0.004253947,-0.0050847502,-0.0041676783,0.01589282,0.023566587,0.023860527,0.009874835,-0.007629848,-4.139822e-05,-0.0115375295,-0.0061360593,-0.13218106,-0.12458935,-0.19839709,-0.16796091,0.0826684,0.09027443,0.124056764,0.105152436
0.0050265663,0.012633145,0.007545406,0.006310101,-0.0034603395,0.004197967,-0.0051784674,-0.0041948645,0.014937764,0.022605728,0.022426307,0.0092320945,-0.0070264307,0.0005725175,-0.010619459,-0.0057173898,-0.13542558,-0.12769651,-0.20323724,-0.16924155,0.08451695,0.09220495,0.12695995,0.1059362
0.005143098,0.012743732,0.007718252,0.0063503417,-0.0035112253,0.0041476395,-0.0052566766,-0.004219137,0.013922679,0.02159921,0.020904575,0.00861351,-0.006383707,0.0012152418,-0.009648749,-0.0053102076,-0.13824703,-0.13051853,-0.20748766,-0.1702221,0.08618769,0.09388925,0.12948088,0.1065497
0.005298832,0.01289955,0.007954927,0.0064172405,-0.003587033,0.0040764194,-0.0053661996,-0.0042612012,0.012561986,0.020239055,0.018837666,0.007843334,-0.005503244,0.0020874194,-0.0083375685,-0.0048125414,-0.14208354,-0.13435861,-0.21330531,-0.17187095,0.08848087,0.09620532,0.13290843,0.10759624
0.0053884494,0.012984365,0.008095288,0.006450308,-0.0036162084,0.004041262,-0.005405905,-0.004279722,0.011337328,0.0190208,0.017014008,0.007089995,-0.0047351895,0.0028548292,-0.0071787694,-0.0043151136,-0.1441825,-0.13640958,-0.21657436,-0.17270824,0.08964951,0.09737934,0.13473172,0.10808891
0.0054883235,0.013084179,0.00825506,0.0064295884,-0.0036544392,0.0040000025,-0.0054609976,-0.004259497,0.00993573,0.017648172,0.014955328,0.0063079735,-0.0038940038,0.0037028403,-0.0058920644,-0.0038172526,-0.14660428,-0.1388455,-0.2201913,-0.17203178,0.091045275,0.09880318,0.13686559,0.107635476
0.0055776173,0.013170387,0.008389853,0.006441471,-0.003679371,0.0039690128,-0.0055017644,-0.0042592906,0.008580846,0.016296929,0.012933754,0.0055248546,-0.0030588706,0.0045377957,-0.0046411897,-0.003308167,-0.14863841,-0.14086726,-0.22318041,-0.17226611,0.0921627,0.09993982,0.13860331,0.10776692
0.0056439606,0.013235201,0.00849336,0.0064776093,-0.0036926514,0.003949634,-0.0055291667,-0.0042757657,0.0073534707,0.015071647,0.011093106,0.004845125,-0.002292262,0.005302651,-0.0034969111,-0.002860406,-0.1501336,-0.14243278,-0.22549938,-0.17313431,0.092978135,0.10079626,0.13986485,0.1082893
0.00569906,0.013285052,0.008575365,0.0064652404,-0.003694513,0.0039353184,-0.0055438867,-0.0042595877,0.0059580775,0.0136555135,0.008983145,0.0041344347,-0.0014383704,0.0061642346,-0.002199623,-0.002399839,-0.1511918,-0.14359891,-0.22723821,-0.17267095,0.09359767,0.101407155,0.14073816,0.10796627
0.0057506044,0.013325844,0.008647193,0.0064951307,-0.0036856097,0.0039292993,-0.005541725,-0.0042695664,0.004498857,0.012166491,0.0067651356,0.0033765172,-0.00053139514,0.0070765866,-0.00083045755,-0.0019114628,-0.15200521,-0.1445522,-0.22856411,-0.17326199,0.09401707,0.101882964,0.14142503,0.10833072
0.0057773753,0.013337951,0.008678486,0.006515791,-0.0036653162,0.003937358,-0.00551625,-0.0042768964,0.0032422123,0.010881687,0.0048684804,0.0027389005,0.00025031017,0.007864099,0.00034604486,-0.001498594,-0.15221268,-0.14475378,-0.22903022,-0.17366688,0.094041705,0.10191142,0.14148355,0.108554095
0.005808486,0.013356624,0.008722148,0.0065292306,-0.0036449532,0.0039451327,-0.0054846066,-0.004274026,0.0018883382,0.009497872,0.002833827,0.0019602976,0.0010810648,0.008705769,0.0016042833,-0.0009969998,-0.1525268,-0.14513576,-0.22960627,-0.1738321,0.0941516,0.10200832,0.14161482,0.10865344
0.0058542215,0.013397561,0.008789699,0.006543412,-0.0036286889,0.0039474973,-0.005457399,-0.0042695687,0.0002697081,0.007845705,0.00039461232,0.00095482654,0.00208443,0.009711163,0.0031196417,-0.00035321448,-0.15323652,-0.14587942,-0.23071727,-0.17414294,0.09447907,0.10230137,0.14207506,0.10881542
0.0058438135,0.013382231,0.008771319,0.006470902,-0.0035908537,0.0039793095,-0.005398137,-0.0042083994,-0.0009492361,0.006612663,-0.0014376994,0.00012218981,0.0028050453,0.010431966,0.0042178296,0.00016207516,-0.15255238,-0.14522341,-0.22967109,-0.17215309,0.094032325,0.10183503,0.14137602,0.107518144
0.0058635776,0.013389347,0.008790906,0.0064451946,-0.003568545,0.003996956,-0.005360258,-0.0041806833,-0.0021203947,0.0054192226,-0.0032069916,-0.0006187317,0.0035255067,0.0111482125,0.0052982927,0.0006244559,-0.15256254,-0.14520961,-0.22956266,-0.17145143,0.09401258,0.10176599,0.14134789,0.10707143
0.0058385464,0.013347999,0.008747617,0.0064473744,-0.003511365,0.004041708,-0.005275535,-0.0041706297,-0.0035922364,0.0039057825,-0.0054332614,-0.0014398394,0.004438019,0.012047181,0.006662735,0.0011565497,-0.15144178,-0.1439254,-0.22773486,-0.17148839,0.09316696,0.10087386,0.14015296,0.107047506
0.0057999957,0.013304532,0.008689633,0.006421678,-0.0034545325,0.0040905587,-0.005192413,-0.0041401857,-0.0049673533,0.0024803705,-0.0075100795,-0.0022077656,0.0052694893,0.012870266,0.007901921,0.0016444733,-0.15008856,-0.14254129,-0.22549741,-0.1706128,0.09221843,0.09987245,0.13868284,0.10645404
0.005733121,0.01324597,0.0085979095,0.006417292,-0.0033767635,0.004157355,-0.0050861565,-0.0041228877,-0.0064610494,0.0009412216,-0.009760344,-0.0030611898,0.0061816527,0.01377511,0.009241436,0.0021909007,-0.14803751,-0.14059281,-0.22226383,-0.1702666,0.09082684,0.09846567,0.1365641,0.106189676
0.0056561497,0.013175179,0.008488951,0.006407681,-0.0032925794,0.0042294906,-0.004972914,-0.004106637,-0.007856469,-0.00047041615,-0.011866417,-0.00385126,0.00703087,0.014616107,0.010492377,0.002690133,-0.14566748,-0.13832712,-0.21866441,-0.16977139,0.08929243,0.096904345,0.13414429,0.105803594
0.005564816,0.013089747,0.008359561,0.006389754,-0.0032003934,0.0043094875,-0.0048415884,-0.00408509,-0.009266903,-0.0018863687,-0.013991172,-0.0046443776,0.007878022,0.015450563,0.011744806,0.0031866482,-0.14297973,-0.13570762,-0.2145349,-0.16907898,0.08750461,0.09510585,0.13134879,0.10527033
0.005479224,0.013003897,0.008231076,0.006371395,-0.003116172,0.004384975,-0.004714312,-0.0040639685,-0.010502652,-0.0031143883,-0.015840577,-0.005335192,0.008606336,0.016167454,0.012838465,0.0036235093,-0.14051773,-0.13320786,-0.21075761,-0.16845557,0.085796565,0.09340306,0.12872499,0.1047946
0.005364807,0.0128871165,0.008057082,0.0062726964,-0.0030225783,0.0044749444,-0.004568883,-0.0039894436,-0.011642051,-0.004245675,-0.017536351,-0.006054533,0.009252052,0.016795473,0.0138134975,0.0040860604,-0.13735978,-0.12992862,-0.20593731,-0.16573635,0.083682224,0.09130896,0.1254506,0.10299771
0.0052447147,0.012763875,0.007874257,0.0062127197,-0.0029184688,0.0045712832,-0.004410233,-0.0039412663,-0.012887328,-0.0054966044,-0.019407498,-0.006817872,0.009990548,0.017513651,0.014912616,0.004590346,-0.13396741,-0.12649763,-0.20066158,-0.16405559,0.0814619,0.08906944,0.12197136,0.10187656
0.005091144,0.012607099,0.0076421727,0.0061803535,-0.0027865558,0.0046920683,-0.004213013,-0.003905754,-0.014224223,-0.0068415236,-0.021447105,-0.007637175,0.01078469,0.01830117,0.016115839,0.0051133772,-0.12969674,-0.12222137,-0.19406095,-0.1630679,0.07864755,0.086260274,0.11768916,0.1011875
0.0049267663,0.012440524,0.007403136,0.006149988,-0.0026515867,0.004815452,-0.0040093446,-0.0038742502,-0.015584465,-0.0081860395,-0.0234886,-0.0084218625,0.011590379,0.019086216,0.01731413,0.005620791,-0.12519878,-0.11774353,-0.18724118,-0.16204722,0.075685725,0.08326164,0.11315141,0.10048478
0.0047238045,0.012235617,0.007108492,0.0060947803,-0.0024945114,0.0049642427,-0.0037705395,-0.003822667,-0.016852632,-0.009433031,-0.025382224,-0.009333438,0.012327536,0.019805575,0.018398305,0.0062039155,-0.11961186,-0.11223149,-0.17896612,-0.16037509,0.07206325,0.07962724,0.10767923,0.09938333
0.0045598405,0.012064382,0.006865399,0.006060401,-0.0023606666,0.0050906343,-0.003567062,-0.0037870053,-0.017956989,-0.010535924,-0.027039036,-0.010119307,0.012978332,0.020442557,0.019354103,0.0067036613,-0.11498482,-0.10767261,-0.17214948,-0.15929662,0.06904633,0.076606795,0.103194445,0.09868437
0.004397045,0.0118911415,0.0066180676,0.006020276,-0.0022274726,0.005220028,-0.0033645027,-0.0037463629,-0.018967897,-0.011556961,-0.028561033,-0.010899339,0.0135706635,0.021032207,0.020241976,0.007199113,-0.11033981,-0.10303421,-0.16527666,-0.15812945,0.06605727,0.07361616,0.0987184,0.097930156
0.0042321663,0.011716977,0.006372606,0.005973671,-0.002094533,0.0053504584,-0.0031635615,-0.0036996263,-0.01995961,-0.0125384405,-0.030047573,-0.011614233,0.014128254,0.021602275,0.02110678,0.007638171,-0.10572225,-0.09836535,-0.15830657,-0.15665501,0.06306799,0.07063919,0.094282806,0.09700257
0.004050897,0.011522711,0.0061044674,0.0059152776,-0.0019515393,0.0054902183,-0.0029448706,-0.0036446562,-0.020914769,-0.013477169,-0.03147778,-0.012331727,0.014655058,0.022131246,0.021912191,0.008099029,-0.10067124,-0.09325226,-0.15074283,-0.15486775,0.059823833,0.06738638,0.08944072,0.09588606
0.0038444847,0.011303927,0.005794302,0.005844272,-0.0017920546,0.0056449687,-0.0027018243,-0.003581102,-0.021847306,-0.0144176,-0.03289624,-0.013105157,0.01518068,0.022648916,0.02270727,0.008602441,-0.09492937,-0.08748726,-0.1421699,-0.15277994,0.056153942,0.06372069,0.08394495,0.09457092
0.0036132294,0.011057531,0.005447941,0.005771757,-0.0016062533,0.0058178008,-0.0024190852,-0.0035162691,-0.023198554,-0.015762195,-0.034940995,-0.014110437,0.015957247,0.023414925,0.023883684,0.00926107,-0.08841659,-0.08100517,-0.13255684,-0.15063228,0.05195854,0.059545424,0.077696644,0.093200505
0.0033752213,0.010812698,0.0050892117,0.005707109,-0.0014256943,0.0059913807,-0.0021410275,-0.0034591933,-0.024158545,-0.016681494,-0.03638014,-0.014899828,0.016481405,0.023938423,0.024696274,0.009759319,-0.08180974,-0.07453201,-0.122850165,-0.14874741,0.047747344,0.05538134,0.071398996,0.09195192
0.0031164056,0.010549364,0.0046985466,0.0056400113,-0.0012328421,0.0061746053,-0.0018500902,-0.0034011742,-0.02492872,-0.01743004,-0.037510663,-0.015657311,0.016886957,0.024335522,0.02531528,0.010219249,-0.074654,-0.06746827,-0.11239598,-0.146814,0.04322897,0.05085121,0.06461435,0.09063551
0.0028683615,0.010299651,0.0043265224,0.005570342,-0.0010518662,0.006346791,-0.0015755163,-0.0033407887,-0.025594363,-0.018082611,-0.038479846,-0.016352983,0.017237104,0.024678323,0.025834776,0.010640019,-0.06785478,-0.060798034,-0.10249492,-0.14480971,0.038943272,0.046539083,0.05817313,0.08931879
0.0025907229,0.010018731,0.003907904,0.0054927133,-0.00084892195,0.006544862,-0.0012694232,-0.0032758322,-0.026261156,-0.01873547,-0.039432485,-0.017105334,0.01757465,0.025024585,0.026349412,0.01109225,-0.060227066,-0.053230263,-0.091262095,-0.14258036,0.03412861,0.041699637,0.051010754,0.087857135
0.002301889,0.00972641,0.0034743072,0.005397657,-0.00063759985,0.006751612,-0.00095466303,-0.0031985743,-0.026736142,-0.019213378,-0.04013215,-0.017877735,0.017809933,0.025258321,0.02669651,0.011569089,-0.052354135,-0.04531088,-0.079458974,-0.13990085,0.029144175,0.03670278,0.043599635,0.086109474
0.0020511549,0.009470763,0.0030978627,0.0053136465,-0.00044907088,0.006937226,-0.0006757185,-0.003129249,-0.027205555,-0.019716416,-0.040855944,-0.01859801,0.018072566,0.025512114,0.027082015,0.012010869,-0.045566756,-0.038416747,-0.06896971,-0.1375549,0.024761245,0.03237535,0.037126996,0.08458455
0.0017450807,0.0091491565,0.0026409575,0.0052114413,-0.00021618718,0.007164472,-0.00032584576,-0.0030452616,-0.02815059,-0.020674111,-0.042258,-0.019599514,0.018592916,0.02602328,0.027878864,0.012645681,-0.037153725,-0.029857151,-0.05614455,-0.13470122,0.019344546,0.026978057,0.029106868,0.082725555
0.0015485631,0.0089469645,0.0023446798,0.0051395185,-7.735126e-05,0.0073083406,-0.00011530044,-0.002989725,-0.028332489,-0.02082459,-0.042472355,-0.020046767,0.018657355,0.02608307,0.027981132,0.012915158,-0.03180583,-0.024411544,-0.04816819,-0.13278987,0.015938345,0.023595624,0.024052143,0.08147022
0.0012727998,0.008665381,0.0019293046,0.0050456054,0.00012019416,0.0075079855,0.0001810865,-0.00291362,-0.028573291,-0.021052206,-0.042818177,-0.02076218,0.018743126,0.026169397,0.028133722,0.013347369,-0.024278525,-0.016805213,-0.036871523,-0.13019322,0.011151253,0.01882234,0.016940104,0.07972838
0.0009793984,0.008364615,0.0014900516,0.0049442695,0.00032993857,0.007714341,0.0004941629,-0.0028339068,-0.028713314,-0.021176593,-0.043023806,-0.02146135,0.018761722,0.02618465,0.028164111,0.0137726,-0.016244492,-0.0087481,-0.02483477,-0.12731892,0.00611867,0.01374093,0.00937836,0.0778134
0.0006616084,0.008040585,0.0010187945,0.0048322342,0.0005486406,0.00792933,0.00081930164,-0.0027463941,-0.028771272,-0.021242382,-0.043117955,-0.022141404,0.018727979,0.026148917,0.028095916,0.014184921,-0.0076795258,-0.0002115597,-0.012040988,-0.12411524,0.00073769805,0.008320415,0.0013234563,0.07571931
0.0003258872,0.007701473,0.0005137348,0.004709064,0.00078050373,0.0081551755,0.0011567092,-0.0026531566,-0.028797172,-0.02129587,-0.043169353,-0.022825304,0.018682495,0.026098276,0.027995007,0.014598719,0.0013752326,0.008799478,0.0015366767,-0.12065423,-0.0049763676,0.0025911191,-0.007238579,0.073455825
3.0208888e-05,0.0074076313,6.779717e-05,0.0045841327,0.0009815728,0.008343913,0.0014482941,-0.002560671,-0.028625544,-0.021150356,-0.042949244,-0.023403572,0.018525723,0.025925154,0.027718231,0.014930701,0.009233729,0.016680643,0.013373014,-0.11714844,-0.009930353,-0.0023895623,-0.014695683,0.07120656
-0.00025745385,0.0071235322,-0.00036414643,0.004467782,0.0011798505,0.008526951,0.0017342942,-0.0024722698,-0.028432539,-0.020990813,-0.04270364,-0.023968419,0.018356321,0.025751974,0.027415995,0.015254043,0.016854336,0.024267955,0.024893168,-0.11379821,-0.01468954,-0.0071903197,-0.02188936,0.06910608
-0.0005634627,0.006821493,-0.0008257943,0.0043327785,0.0013900094,0.008723515,0.0020443017,-0.00237039,-0.028122062,-0.020694293,-0.042279016,-0.024570681,0.01809726,0.025491608,0.027001884,0.015609788,0.024972135,0.0324448,0.037148703,-0.11004573,-0.019721635,-0.01229008,-0.029504241,0.06676745
-0.00084070786,0.0065466193,-0.0012424706,0.0042053517,0.0015781306,0.00891277,0.0023298855,-0.002276202,-0.027777862,-0.020357985,-0.04177322,-0.025090449,0.017812127,0.025221087,0.02660137,0.015918242,0.032300178,0.03982483,0.04829252,-0.106564865,-0.024318283,-0.016860627,-0.03638518,0.06463068
-0.0010821056,0.0063057444,-0.0016064516,0.0040903464,0.0017394392,0.009082074,0.0025843242,-0.002192264,-0.027397316,-0.019970693,-0.04118378,-0.025604185,0.017504703,0.02492162,0.02619323,0.016211672,0.038741253,0.046363983,0.058075827,-0.10358019,-0.028371824,-0.020865567,-0.04242356,0.06271838
-0.0013081962,0.0060665933,-0.0019510787,0.003985235,0.0018927732,0.009240861,0.0028219374,-0.0021135157,-0.027186587,-0.019731067,-0.0408337,-0.026091257,0.017298117,0.024725918,0.025933905,0.01649421,0.044797946,0.05257533,0.067223355,-0.10090494,-0.032183714,-0.02459545,-0.048098963,0.060961094
-0.0015712137,0.005797288,-0.0023497115,0.00384771,0.0020677913,0.009423312,0.003093179,-0.0020134074,-0.026665326,-0.019194147,-0.04000302,-0.026582884,0.016907532,0.024327941,0.025360083,0.016777337,0.051913444,0.05984252,0.077845424,-0.09740427,-0.03671635,-0.029096454,-0.05476221,0.05864775
-0.0018351856,0.0055291923,-0.002745966,0.0037106397,0.0022388583,0.00959756,0.003353123,-0.0019146317,-0.026067818,-0.018617857,-0.039064463,-0.027064897,0.016477432,0.023877094,0.024696432,0.01705288,0.0591303,0.0669712,0.08842298,-0.09377937,-0.041196063,-0.033628628,-0.06136703,0.056222435
-0.0021100077,0.005248339,-0.0031547358,0.0035686246,0.0024192824,0.009777522,0.0036275284,-0.0018109087,-0.025360642,-0.01793092,-0.037997916,-0.027613236,0.015972042,0.023360794,0.023910252,0.017384777,0.06659771,0.074347265,0.09944749,-0.089939736,-0.04579415,-0.03831486,-0.06821961,0.053719286
-0.002375505,0.0049784444,-0.003546049,0.0034277367,0.002594259,0.009944364,0.003889653,-0.0017085522,-0.02459485,-0.01718111,-0.036899958,-0.028139323,0.015431651,0.02281585,0.023074776,0.017711712,0.073706865,0.08130761,0.1100976,-0.08602376,-0.050141428,-0.04272529,-0.07482313,0.05121602
-0.0025726107,0.0047795624,-0.0038338571,0.0033111244,0.002726067,0.010060687,0.0040787645,-0.0016249757,-0.023892255,-0.016476333,-0.035913285,-0.028520757,0.014942683,0.022319153,0.022318158,0.017943613,0.078882225,0.08623378,0.11791155,-0.08264925,-0.053295236,-0.045883693,-0.07975163,0.049101356
-0.0027871444,0.0045614513,-0.0041488823,0.0031853705,0.002875481,0.010192091,0.004294464,-0.001535324,-0.023127697,-0.01569406,-0.03480938,-0.028938634,0.014399362,0.021763712,0.021497464,0.018195573,0.08449133,0.09178476,0.12640773,-0.07907729,-0.056877382,-0.04938794,-0.08525049,0.046896484
-0.0030397957,0.0043043094,-0.0045270612,0.0030357256,0.003051617,0.01035161,0.004549729,-0.0014281078,-0.02225853,-0.014815211,-0.033535108,-0.029376969,0.0137912845,0.021148961,0.020571584,0.01845096,0.09110103,0.09839651,0.13642307,-0.074895106,-0.061116017,-0.053522438,-0.0916675,0.044303767
-0.003281514,0.0040589967,-0.0048964717,0.0028815838,0.0032136813,0.010507592,0.0047969734,-0.0013193111,-0.021292802,-0.013850488,-0.03205678,-0.029788403,0.013115877,0.020461109,0.019552676,0.018664429,0.09751533,0.10486747,0.14614163,-0.070732936,-0.065190695,-0.05752231,-0.09772444,0.04165003
-0.0034863888,0.0038527637,-0.005214719,0.0027291146,0.0033459684,0.01063792,0.005001748,-0.0012128184,-0.020259418,-0.012835892,-0.03044614,-0.030078147,0.012397424,0.019723322,0.01848561,0.018804614,0.103062615,0.11040414,0.15449464,-0.06661231,-0.06863989,-0.060954325,-0.102779925,0.03905198
-0.0036877152,0.003650233,-0.0055292225,0.0025671409,0.0034689687,0.010758027,0.005188788,-0.0011025894,-0.019086663,-0.011687344,-0.028634844,-0.030398443,0.011593533,0.0188932,0.017275995,0.018975988,0.10849574,0.11580195,0.16246091,-0.062358875,-0.071943685,-0.06432079,-0.10761434,0.036416247
-0.0038699885,0.003468711,-0.0058045494,0.002419112,0.0035811746,0.010868078,0.005359897,-0.0010020931,-0.017899156,-0.010509128,-0.026792416,-0.030658863,0.010785716,0.018067796,0.016063513,0.019118242,0.1133093,0.12060299,0.16969155,-0.05837392,-0.07490585,-0.06730811,-0.11199191,0.033941116
-0.004090158,0.0032536006,-0.006132525,0.0022477815,0.003718435,0.011010108,0.0055671157,-0.0008860269,-0.01665941,-0.009277349,-0.024922892,-0.031006696,0.009943057,0.017217537,0.0148010645,0.019327436,0.119124435,0.12650824,0.17836218,-0.05389341,-0.07851922,-0.07095818,-0.11739067,0.031119226
-0.004245063,0.003095413,-0.006358822,0.002099521,0.0038080413,0.011102926,0.0057074237,-0.0007853012,-0.015428057,-0.008077217,-0.023085414,-0.03126226,0.009106867,0.016395321,0.013577134,0.01946927,0.12312325,0.1305365,0.1843671,-0.04994755,-0.08097466,-0.07339147,-0.12104562,0.028603682
-0.0043633594,0.0029700454,-0.0065369997,0.0019019438,0.0038668031,0.011162482,0.00579345,-0.00065419264,-0.0139502445,-0.0066309385,-0.020921884,-0.031534668,0.008118426,0.015420806,0.012098365,0.0195948,0.12619449,0.13343784,0.18871884,-0.044696897,-0.082724735,-0.07513259,-0.12368619,0.025294956
-0.0044978904,0.0028295442,-0.0067367917,0.0017365087,0.0039420594,0.011236981,0.0059134774,-0.0005442825,-0.012569467,-0.0052589,-0.01885979,-0.03179144,0.007195302,0.014498237,0.010716792,0.019728314,0.12961362,0.13690549,0.19395342,-0.040270507,-0.084808424,-0.07723631,-0.12684861,0.02245716
-0.0046292637,0.0026988122,-0.0069356663,0.0015573024,0.0040136534,0.01130658,0.00601873,-0.00042637222,-0.011218535,-0.003917465,-0.0168728,-0.032021683,0.006288528,0.013578039,0.009355985,0.019858113,0.13293503,0.14027151,0.19897489,-0.035506222,-0.086837865,-0.0793286,-0.1299659,0.019501932
-0.0047390186,0.0025908407,-0.007098054,0.0014231561,0.0040723872,0.0113642495,0.0061109895,-0.00033725786,-0.010090958,-0.0028131232,-0.015196373,-0.032158893,0.005533369,0.012821415,0.008238407,0.019920528,0.13570568,0.14297876,0.20321098,-0.031842794,-0.088541,-0.081054345,-0.13249332,0.017217264
-0.0048715486,0.002453222,-0.0073047415,0.0012260487,0.004151994,0.011432581,0.0062247324,-0.00020219675,-0.008483825,-0.001212989,-0.012770483,-0.03235394,0.004456146,0.011743909,0.0066253203,0.020010456,0.1391901,0.14633349,0.2084162,-0.026437048,-0.09058959,-0.08318825,-0.13558774,0.013813386
-0.004948298,0.0023674527,-0.007421871,0.0010626301,0.0041963183,0.0114612,0.006285328,-8.701491e-05,-0.007023151,0.00026239594,-0.010563762,-0.03245515,0.0034734367,0.010763169,0.005152507,0.020049019,0.1411232,0.1482192,0.21137267,-0.021842394,-0.0917845,-0.08436113,-0.13731253,0.0109949475
-0.0050231395,0.0022858432,-0.0075369603,0.000910464,0.0042375564,0.01149605,0.006347727,2.0907668e-05,-0.005703251,0.0016015694,-0.008545595,-0.032550886,0.0025869005,0.009857481,0.0038132737,0.020099226,0.14298336,0.15023082,0.21429837,-0.017639713,-0.092983134,-0.08556368,-0.13902916,0.008402051
-0.005085579,0.0022194847,-0.007634642,0.0007432167,0.004268323,0.011524631,0.0063981665,0.0001346538,-0.004203542,0.0031071645,-0.00626259,-0.032650314,0.0015894717,0.008840956,0.0023118907,0.020154025,0.14446734,0.15193418,0.2166892,-0.013182206,-0.093913876,-0.086575985,-0.14047495,0.005609509
-0.005105251,0.0021982682,-0.007664739,0.0006131506,0.0042659654,0.011529125,0.006404438,0.00022118827,-0.003033971,0.004258575,-0.0045022247,-0.03273814,0.0008072005,0.008061339,0.001152343,0.020154983,0.14487356,0.15237987,0.21748126,-0.009730637,-0.09413565,-0.0867938,-0.1408114,0.003422074
-0.0051361956,0.0021563917,-0.007716018,0.00044013918,0.0042723464,0.011537589,0.0064191697,0.00033517517,-0.0015638005,0.005705364,-0.0023255078,-0.032831796,-0.00017508975,0.0070952037,-0.00029417741,0.020163054,0.14568083,0.15325081,0.21869722,-0.0051901056,-0.094564386,-0.087262414,-0.14147046,0.0005353857
-0.00514033,0.002146983,-0.00771944,0.00023953288,0.0042593842,0.011521412,0.0064008366,0.00046577398,0.00032990036,0.0075747096,0.00048350682,-0.032879386,-0.001415822,0.00585887,-0.002145602,0.020169653,0.14565164,0.1532265,0.21870463,0.0001920145,-0.09443544,-0.08719568,-0.14136575,-0.00277719
-0.0051407167,0.0021455586,-0.007712139,7.8342215e-05,0.0042382404,0.011500761,0.006377235,0.0005723667,0.00182742,0.009055896,0.0027067624,-0.032897815,-0.0024057785,0.004876867,-0.0036141365,0.020155482,0.14545609,0.15300742,0.21846241,0.004556878,-0.09419116,-0.0869904,-0.14101404,-0.0054564774
-0.00511931,0.002161345,-0.007677567,-8.318658e-05,0.0042051254,0.0114671495,0.006336505,0.0006814154,0.0033297662,0.010551367,0.004913056,-0.03289173,-0.0034055752,0.0038916331,-0.005076336,0.020116853,0.14476515,0.15216476,0.21743697,0.009009931,-0.09361017,-0.08640033,-0.14013782,-0.008186626
-0.005093272,0.0021796674,-0.0076403897,-0.00022759524,0.0041695614,0.011432903,0.0062944614,0.0007809059,0.004706948,0.011920593,0.006947568,-0.032863162,-0.004307131,0.0029873247,-0.0064058322,0.020079104,0.14394493,0.15126485,0.21621482,0.0129633695,-0.09298723,-0.08576716,-0.13916172,-0.010631622
-0.0050468063,0.0022169794,-0.0075761867,-0.00039220942,0.004122677,0.011388227,0.0062260954,0.0008917534,0.006193026,0.013416003,0.009181806,-0.032788947,-0.005284267,0.0019949223,-0.007877362,0.020007495,0.14252782,0.14990795,0.21405897,0.01743267,-0.092047065,-0.08484339,-0.1377449,-0.013392988
-0.0049880585,0.0022646063,-0.007494307,-0.000565227,0.0040714177,0.011334145,0.006146771,0.0010067619,0.0077435244,0.014976979,0.011499739,-0.032698907,-0.006300355,0.0009688656,-0.009410979,0.019922819,0.14079309,0.14824536,0.21145557,0.022092823,-0.09087963,-0.08376737,-0.13614756,-0.016280718
-0.004990948,0.0022587231,-0.0075007575,-0.00078521343,0.0040708776,0.011330059,0.0061386935,0.0011515083,0.009151766,0.016380552,0.013585294,-0.032946482,-0.0072359345,2.2823457e-05,-0.010827823,0.020060387,0.1407599,0.14824471,0.21158776,0.028007014,-0.090777606,-0.08377737,-0.13630939,-0.019942798
-0.004899489,0.002351995,-0.0073607867,-0.0009499325,0.0039951964,0.011251577,0.006014151,0.0012583457,0.010567748,0.017775027,0.01565745,-0.0328046,-0.008156691,-0.0009001591,-0.012230176,0.019925782,0.1380429,0.14553073,0.20768857,0.032408733,-0.088979796,-0.08207666,-0.13388725,-0.02264958
-0.0048064594,0.0024434067,-0.0072234804,-0.0011072526,0.0039194454,0.011171851,0.0058915257,0.0013593714,0.0118606435,0.019060347,0.017585432,-0.032648597,-0.009014462,-0.0017604004,-0.013532251,0.019791812,0.13530907,0.14285174,0.20375423,0.036545046,-0.08719265,-0.080342,-0.13139074,-0.025232768
-0.0047151684,0.0025359248,-0.0070905574,-0.0012449231,0.0038430032,0.011094623,0.005777125,0.0014454474,0.012933499,0.020140685,0.019251807,-0.032468688,-0.009740498,-0.002477135,-0.014620082,0.01965796,0.13261281,0.14031932,0.1999348,0.04012427,-0.08545699,-0.078638375,-0.12890393,-0.027490122
-0.0045695365,0.002674595,-0.0068784347,-0.0014324508,0.0037315174,0.010976121,0.0056034625,0.0015654778,0.014429678,0.02166314,0.021576626,-0.03222908,-0.010761799,-0.0034881807,-0.01614161,0.019473603,0.12857586,0.13633293,0.1939021,0.045087434,-0.08280641,-0.07600727,-0.12500975,-0.030595843
-0.0043971054,0.0028447416,-0.0066177538,-0.0016090134,0.0035987596,0.010838724,0.0053972662,0.0016794867,0.015777819,0.02301711,0.023666972,-0.031962685,-0.011677034,-0.004387371,-0.017504962,0.019264195,0.12388616,0.13149875,0.18676147,0.04980747,-0.07969422,-0.07288224,-0.120346144,-0.033532176
-0.0042479634,0.0029804977,-0.0063939076,-0.0017726283,0.0034849367,0.010714205,0.0052266098,0.0017876439,0.016961103,0.024233364,0.025536245,-0.0317544,-0.012492907,-0.0052042953,-0.018728092,0.019099114,0.11984433,0.12738502,0.18061748,0.054229088,-0.07705842,-0.0702301,-0.11621208,-0.03627609
-0.004108626,0.003108086,-0.0061764214,-0.0018978637,0.0033761095,0.01059683,0.005068876,0.0018693175,0.017917825,0.02522955,0.027052218,-0.031515215,-0.013142445,-0.0058662943,-0.019707223,0.018943531,0.115988776,0.12348768,0.1748061,0.057682298,-0.07457603,-0.06774954,-0.11234179,-0.03836178
-0.0039344346,0.0032746326,-0.0059047276,-0.0020412127,0.0032420668,0.010457492,0.0048719486,0.0019631928,0.019019105,0.026347922,0.028718548,-0.031234441,-0.013874734,-0.006610571,-0.020797862,0.01874922,0.111191854,0.11862992,0.16752364,0.06165028,-0.07148151,-0.06468517,-0.10767657,-0.04071667
-0.003723241,0.0034779045,-0.0055780774,-0.0022030687,0.0030835324,0.010295777,0.004634931,0.0020685727,0.020243272,0.027579904,0.030520411,-0.030897161,-0.014684724,-0.007426866,-0.021995125,0.0185064,0.10542535,0.11271299,0.15870623,0.06614658,-0.06776167,-0.061020084,-0.10216572,-0.043367594
-0.0035380542,0.0036488692,-0.005303848,-0.002356879,0.0029487303,0.010154405,0.004431075,0.0021677508,0.021182777,0.028532775,0.031884864,-0.030598847,-0.015324365,-0.00806048,-0.022931663,0.018287368,0.10039719,0.10766702,0.15103747,0.07028152,-0.06458342,-0.057867818,-0.097455785,-0.04584863
-0.003293097,0.0038763825,-0.0049418155,-0.0025195098,0.0027731464,0.009973399,0.0041665016,0.0022723,0.022251066,0.029614108,0.033458136,-0.030206852,-0.016044976,-0.008768937,-0.023985447,0.017998027,0.093760125,0.10100785,0.14099994,0.07460456,-0.06043106,-0.05365845,-0.091247916,-0.04848791
-0.003059628,0.004095057,-0.0046020816,-0.002672482,0.002603572,0.009799406,0.003913008,0.002369777,0.023220666,0.030586667,0.03488386,-0.029846102,-0.016695092,-0.009420939,-0.024944505,0.017727219,0.08743495,0.09476299,0.1314445,0.07849942,-0.056503154,-0.04965051,-0.085297756,-0.05092751
-0.002800682,0.004341759,-0.004219584,-0.002830834,0.0024158729,0.009606589,0.0036285631,0.0024695622,0.024162289,0.03151419,0.036283333,-0.02945324,-0.01732402,-0.010045808,-0.02587967,0.01743949,0.08041742,0.087798156,0.12086606,0.08255949,-0.052093387,-0.04517188,-0.078596644,-0.053469542
-0.0025546511,0.004581515,-0.0038502468,-0.0029808674,0.0022334515,0.009421624,0.003347683,0.0025600647,0.024958577,0.03229632,0.037464637,-0.02905903,-0.01785142,-0.010572489,-0.026692133,0.017162388,0.07366759,0.0811076,0.11071177,0.08635208,-0.04782595,-0.04088945,-0.07209665,-0.055832073
-0.0022690643,0.004863209,-0.0034212123,-0.0031496868,0.002019164,0.009209062,0.003022511,0.002660753,0.025765931,0.033094935,0.038671415,-0.02856567,-0.018391648,-0.0111210365,-0.02753149,0.01682116,0.06582647,0.07332134,0.09883435,0.09056773,-0.04288395,-0.035909586,-0.06453677,-0.058471847
-0.002001647,0.0051317345,-0.0030194828,-0.0033002358,0.0018155659,0.009008496,0.0027190975,0.0027478924,0.026495637,0.033810418,0.03977569,-0.028114282,-0.018891059,-0.011615686,-0.028281897,0.016516995,0.058430776,0.06604381,0.08775543,0.09431549,-0.038206585,-0.03121109,-0.057471365,-0.060829747
-0.0018400223,0.005297336,-0.0027804745,-0.0033981244,0.0016929915,0.008887107,0.0025374137,0.0027991328,0.026993163,0.034316543,0.040562578,-0.027867036,-0.019245762,-0.01194714,-0.028783305,0.016356854,0.053894397,0.061609052,0.08103166,0.09673875,-0.03534042,-0.02832105,-0.05317776,-0.062362235
-0.0015915631,0.0055449503,-0.0024084041,-0.003528884,0.0015068505,0.00869753,0.002260726,0.0028767274,0.027441643,0.034756638,0.041262105,-0.02740926,-0.019581474,-0.012268851,-0.029260807,0.01604371,0.046980053,0.05470935,0.07071517,0.10013691,-0.03097426,-0.023891874,-0.046628654,-0.06448185
-0.0013133271,0.0058267787,-0.0019907935,-0.0036733053,0.0012997546,0.008486955,0.0019531925,0.002966801,0.027929654,0.03521116,0.041989796,-0.02689938,-0.019934136,-0.012627428,-0.029779403,0.015681287,0.039202955,0.046918675,0.059120905,0.103976406,-0.026070798,-0.018936478,-0.03926521,-0.06685357
-0.0009671516,0.0061777644,-0.0014738234,-0.0038120905,0.0010468116,0.008237028,0.0015821154,0.00305162,0.028153664,0.03537383,0.04231114,-0.02621622,-0.020083252,-0.012788016,-0.030007787,0.015211772,0.0296523,0.037363485,0.04491688,0.10767718,-0.020013707,-0.012846283,-0.030232003,-0.0691199
-0.0006527304,0.006495107,-0.0010064143,-0.0039578984,0.00081903895,0.008013545,0.0012426074,0.003141462,0.02832567,0.03549762,0.04253254,-0.025645802,-0.020194823,-0.0129142385,-0.030189913,0.014811006,0.02100767,0.028783116,0.031992253,0.111501865,-0.014507734,-0.0073388917,-0.021991342,-0.0714766
-0.00031285532,0.0068328404,-0.0004931078,-0.0041289423,0.0005719452,0.0077637057,0.0008644686,0.003250904,0.028707076,0.03581667,0.043053143,-0.025029501,-0.0204469,-0.013191782,-0.030609654,0.014369727,0.011612286,0.019455057,0.017902715,0.11602373,-0.008554777,-0.0013245232,-0.012933186,-0.07429423
-1.8439363e-05,0.0071298536,-4.2408406e-05,-0.0042520748,0.0003566184,0.007541582,0.0005256824,0.003330176,0.028886845,0.035961077,0.043305326,-0.024449378,-0.020571506,-0.013342584,-0.030837381,0.013971063,0.0034686562,0.01126316,0.0056888643,0.11932857,-0.003390358,0.00384488,-0.005125989,-0.07630633
0.0002931227,0.0074339486,0.0004293007,-0.0043851864,0.00013071296,0.0073103127,0.00018117827,0.0034166453,0.028881684,0.035945907,0.04333028,-0.023844838,-0.020593928,-0.013393328,-0.030889904,0.01356813,-0.0050052376,0.002743022,-0.007123383,0.12294257,0.001919158,0.009164089,0.0028855505,-0.078449525
0.0006257322,0.0077579413,0.00092832744,-0.0045296936,-0.00011068629,0.0070616254,-0.00018308172,0.003512032,0.028925376,0.035965662,0.043406207,-0.023215128,-0.02066535,-0.013473878,-0.03099147,0.013136098,-0.014004504,-0.006283723,-0.020716874,0.12678751,0.0075825425,0.014861395,0.011400023,-0.080783755
0.00092757767,0.008053794,0.0013743476,-0.004695481,-0.00031959935,0.006847244,-0.00049185124,0.0036192304,0.028732821,0.035774797,0.04313439,-0.022820005,-0.020600474,-0.013405435,-0.030871874,0.012863359,-0.022109421,-0.014362972,-0.032918304,0.13110635,0.012701856,0.019957367,0.018903296,-0.0834763
0.0012283545,0.008355782,0.0018163868,-0.004815988,-0.0005314718,0.006629224,-0.00081416994,0.003696451,0.028492566,0.035566833,0.042776715,-0.022220759,-0.020498628,-0.013287317,-0.03067895,0.012460998,-0.030244773,-0.02250391,-0.045121703,0.13418533,0.017893638,0.025107466,0.026456466,-0.08536839
0.0015122008,0.008638355,0.0022376888,-0.004926881,-0.00073383655,0.0064239777,-0.0011263858,0.0037634957,0.028185079,0.035277143,0.04232193,-0.021603148,-0.020343987,-0.013120893,-0.030418055,0.012059948,-0.037910808,-0.030254789,-0.056628972,0.13705657,0.02279307,0.029984482,0.033711437,-0.08709025
0.0017966618,0.008921873,0.0026596617,-0.0050665266,-0.0009360479,0.0062205754,-0.0014279438,0.0038480815,0.027662655,0.034768604,0.041545227,-0.021053987,-0.02006877,-0.012840813,-0.029985514,0.011697025,-0.045568157,-0.038030647,-0.068154246,0.14060143,0.027676228,0.03487587,0.04103345,-0.08928621
0.0020800536,0.009206416,0.0030813967,-0.005177224,-0.0011407407,0.0060193944,-0.0017326544,0.003912028,0.02724349,0.034362286,0.040903933,-0.020373836,-0.01984575,-0.012589855,-0.029605467,0.01125568,-0.05333007,-0.045693874,-0.07970941,0.14349249,0.032647107,0.039848685,0.048455082,-0.0910758
0.0023974453,0.0095208865,0.0035515076,-0.0052991295,-0.0013714831,0.005788469,-0.0020764458,0.003986546,0.026761038,0.03387949,0.040168095,-0.019581929,-0.019589726,-0.012318546,-0.029185794,0.010736381,-0.062001072,-0.05428865,-0.09262073,0.14672017,0.03822953,0.045412295,0.056762107,-0.09308519
0.0026764814,0.009801133,0.003968657,-0.005398085,-0.001572319,0.0055902507,-0.002378763,0.0040453766,0.026174515,0.033290856,0.039246794,-0.018837871,-0.01924554,-0.011953818,-0.028646665,0.0102485325,-0.06967145,-0.061886184,-0.10409234,0.14936346,0.043128796,0.05034472,0.06414278,-0.09473178
0.0029626878,0.010094693,0.004397096,-0.0054996614,-0.0017791499,0.0053879474,-0.0026930796,0.004105772,0.025502156,0.032612845,0.03818255,-0.018015988,-0.018833812,-0.011525519,-0.028024936,0.009708141,-0.077564046,-0.069761716,-0.11593877,0.15207507,0.048158057,0.055427946,0.07175922,-0.09641789
0.0032363413,0.010373547,0.0048122695,-0.0056534456,-0.001970701,0.0051990766,-0.0029866686,0.004201976,0.024715157,0.03180965,0.03695972,-0.017464934,-0.018362325,-0.011059068,-0.027353156,0.009344002,-0.08506782,-0.07733382,-0.12726195,0.15620877,0.052900042,0.060247034,0.079022534,-0.0989536
0.0035003924,0.010644162,0.0052152644,-0.005747489,-0.0021633327,0.005009688,-0.0032831195,0.0042552645,0.023826657,0.030921375,0.035614487,-0.016607473,-0.017804734,-0.0105007775,-0.026535768,0.008790493,-0.0923251,-0.08473231,-0.13827848,0.15876564,0.057481375,0.0648683,0.08611824,-0.100457095
0.003806333,0.01095377,0.005681784,-0.005862398,-0.0023922455,0.0047866744,-0.003633175,0.004320403,0.02277799,0.029888228,0.034066368,-0.015586727,-0.017162949,-0.00986946,-0.02559614,0.008135632,-0.100645475,-0.09336512,-0.15101701,0.16182666,0.062757485,0.070151314,0.09429398,-0.102226295
0.004043284,0.011202962,0.0060369726,-0.0059543573,-0.0025653832,0.0046224752,-0.0038973023,0.004369975,0.021577455,0.028748808,0.032318816,-0.014817608,-0.01643439,-0.009152414,-0.024516378,0.0076528997,-0.10695856,-0.10002917,-0.16078907,0.1641654,0.06682536,0.07415966,0.10041186,-0.103578515
0.004259046,0.011433415,0.006358807,-0.0059772516,-0.0027245043,0.0044790944,-0.0041272724,0.00437124,0.020361446,0.027588237,0.030536888,-0.014029225,-0.015669221,-0.00838637,-0.023372862,0.0071740695,-0.11271847,-0.10600436,-0.16960593,0.16458932,0.07055514,0.07783522,0.10598872,-0.103781484
0.0044217817,0.01160733,0.006600224,-0.0060011544,-0.002844757,0.004370302,-0.0043038502,0.0043809647,0.019305263,0.026531907,0.028962433,-0.013407539,-0.014992081,-0.0077206776,-0.022371447,0.0067995163,-0.11705946,-0.11044916,-0.17623103,0.16512316,0.073400594,0.080577664,0.110133514,-0.1040844
0.0045921467,0.011789419,0.0068580853,-0.006053004,-0.0029798513,0.0042502536,-0.0044968124,0.004406206,0.018185917,0.025424553,0.027331185,-0.0126386685,-0.014286932,-0.0070145424,-0.021313475,0.0063152537,-0.1218444,-0.11512512,-0.18335243,0.16647123,0.07643096,0.08360183,0.11462702,-0.1048968
0.00475094,0.011959849,0.0071005537,-0.006107646,-0.0031072146,0.0041322727,-0.004688203,0.004433837,0.016995173,0.024242995,0.025577096,-0.011867326,-0.013544762,-0.006265678,-0.02023115,0.005816268,-0.12634124,-0.11957014,-0.19013755,0.16787434,0.07929799,0.08652386,0.1189712,-0.10579228
0.004910555,0.012128066,0.007345674,-0.0062148925,-0.0032269817,0.0040131635,-0.0048720543,0.004499344,0.015712004,0.02294456,0.023644693,-0.011346596,-0.012757193,-0.005496805,-0.019134127,0.00547109,-0.13086791,-0.12412765,-0.19704846,0.17062034,0.0821299,0.089481466,0.12333116,-0.10756386
0.0050422647,0.012268884,0.0075461883,-0.0062663364,-0.0033328347,0.0039112484,-0.0050283596,0.0045270147,0.014603122,0.02183351,0.021991935,-0.010665156,-0.012053593,-0.0048040613,-0.018135296,0.005024345,-0.13465802,-0.12787926,-0.20283791,0.17188504,0.08449421,0.0919288,0.12699795,-0.108405136
0.00516239,0.012397302,0.0077269077,-0.006302333,-0.0034298624,0.0038211541,-0.0051710713,0.004545417,0.013486562,0.02073627,0.020334175,-0.009978328,-0.011336348,-0.0041026524,-0.017093474,0.0045765135,-0.13806053,-0.13122627,-0.2080028,0.17276472,0.08657171,0.09408703,0.13021697,-0.10893898
0.0052902405,0.012526799,0.007912008,-0.006341987,-0.003534374,0.0037260503,-0.0053228084,0.0045671207,0.012152279,0.019424636,0.018367253,-0.009199804,-0.010482616,-0.003275691,-0.015854597,0.0040740147,-0.14160949,-0.13472307,-0.21337377,0.17374325,0.08879161,0.09630653,0.13367207,-0.10949668
0.0054205996,0.0126624415,0.008098499,-0.0063782586,-0.0036397765,0.0036308658,-0.0054765698,0.0045844405,0.010843207,0.018154863,0.016444061,-0.00842153,-0.009655961,-0.0024577999,-0.014620833,0.003569115,-0.14524305,-0.1383299,-0.21878806,0.17462069,0.091074616,0.098605074,0.13720764,-0.10996628
0.0055215717,0.012769444,0.008241307,-0.0064122435,-0.0037284996,0.003553359,-0.0056045144,0.0045981426,0.009379263,0.016724553,0.01427574,-0.0076188417,-0.008730508,-0.0015381728,-0.01323283,0.0030630203,-0.14810444,-0.14122695,-0.22302541,0.17540544,0.092939064,0.100440055,0.14004363,-0.110395
0.0056109508,0.01286686,0.008370107,-0.006434408,-0.003810398,0.0034844931,-0.0057187737,0.0046018763,0.007926765,0.015315021,0.012115855,-0.00679309,-0.00781413,-0.0006159558,-0.011821445,0.0025532586,-0.15074831,-0.14381936,-0.22673844,0.17584959,0.09465106,0.102093056,0.14251202,-0.110578336
0.0056876205,0.012946349,0.008484497,-0.00646032,-0.0038860643,0.0034261548,-0.0058212336,0.004606932,0.00663135,0.0140555175,0.01020068,-0.005999684,-0.0069982093,0.0001960909,-0.010561938,0.0020614653,-0.15305045,-0.14610606,-0.23001961,0.17633569,0.096160494,0.10353223,0.14466953,-0.11083922
0.0057402086,0.012998665,0.008569468,-0.006484673,-0.0039467723,0.003378436,-0.005904748,0.0046137604,0.005288192,0.012718373,0.00819178,-0.0052158562,-0.00614919,0.0010406189,-0.0092772925,0.0015721782,-0.15480149,-0.14782903,-0.23253334,0.1768163,0.09725975,0.10461869,0.14636713,-0.111117
0.0057790214,0.013040176,0.008642656,-0.006500733,-0.0040001497,0.003334402,-0.0059834346,0.0046169884,0.0038707594,0.011297334,0.006058703,-0.0043803547,-0.005248495,0.0019378918,-0.007933496,0.0010522623,-0.15622063,-0.14925817,-0.23459475,0.17715473,0.09813483,0.10554402,0.14782979,-0.11127584
0.005781747,0.013052067,0.008668368,-0.0065082777,-0.004026848,0.0033117235,-0.0060305493,0.00461775,0.0025717632,0.009966752,0.00406506,-0.0036783759,-0.004408543,0.0027723848,-0.006706166,0.00061894086,-0.15671214,-0.14971715,-0.23524094,0.17735629,0.098435976,0.105905406,0.14841548,-0.11132092
0.005792801,0.013075637,0.008704739,-0.0065193377,-0.004059856,0.0032809526,-0.0060828347,0.0046209274,0.001213684,0.008585254,0.0020008432,-0.0029027483,-0.0035325757,0.0036504255,-0.00539807,0.00013387739,-0.15747224,-0.15031841,-0.2360907,0.177665,0.09889049,0.10639606,0.14914045,-0.111418106
0.0058094063,0.013104195,0.008737924,-0.0065111388,-0.004096047,0.0032512466,-0.006133983,0.00461217,-0.00013824011,0.0072047943,-3.8169208e-05,-0.0021226609,-0.0026531909,0.0045288033,-0.0040813084,-0.00035739216,-0.15826821,-0.1509003,-0.23693317,0.17741562,0.09947599,0.106869064,0.14987327,-0.11122069
0.005801635,0.013109601,0.00872434,-0.0064956755,-0.0041142018,0.003238048,-0.006155562,0.0045977198,-0.0015384799,0.00578096,-0.0021558462,-0.0013848597,-0.0017466007,0.005451925,-0.0027095599,-0.0008195259,-0.15836988,-0.15072435,-0.23668525,0.17695925,0.09966354,0.10693361,0.14994279,-0.110883094
0.0057540354,0.013077276,0.008647905,-0.0064954385,-0.004109491,0.0032500639,-0.006149131,0.0045883106,-0.0030679014,0.0042484584,-0.004465525,-0.000495094,-0.00077224325,0.0064480905,-0.0012353389,-0.0013828855,-0.15739992,-0.14962086,-0.2350554,0.17678192,0.09923932,0.10642971,0.14909862,-0.110789604
0.005716129,0.013058133,0.00858709,-0.0064974222,-0.0041102073,0.00325529,-0.0061624767,0.0045790845,-0.004655907,0.0026632897,-0.0068823914,0.00043954694,0.00023625657,0.007483528,0.00028014174,-0.0019739177,-0.15659957,-0.14892116,-0.23387189,0.17668197,0.098930106,0.1061828,0.14859094,-0.11073362
0.005661014,0.01301355,0.008495773,-0.006492399,-0.004095566,0.003274287,-0.006144802,0.0045703077,-0.006054762,0.001245121,-0.009024208,0.0012198214,0.0011413549,0.00840214,0.0016326676,-0.002470158,-0.15524518,-0.14753786,-0.23187013,0.17645563,0.09820165,0.105514586,0.14756429,-0.11058357
0.00560348,0.01295986,0.008398775,-0.006482167,-0.0040812064,0.0032986095,-0.006117453,0.004558262,-0.0073107397,-2.1860003e-05,-0.010930374,0.0019758665,0.0019525255,0.009211989,0.0028385723,-0.0029509752,-0.15381819,-0.14601374,-0.22988737,0.17597899,0.097435065,0.1047137,0.14641476,-0.11030517
0.0055414643,0.01290329,0.008299523,-0.006478974,-0.004070189,0.003316687,-0.006098866,0.0045483597,-0.008913495,-0.0016089398,-0.013331631,0.0028755164,0.0029609036,0.010228125,0.0043442077,-0.0035152268,-0.15239926,-0.1445665,-0.22804146,0.17568104,0.096695624,0.103956945,0.14531514,-0.11013932
0.005451545,0.0128206145,0.008167687,-0.0064641917,-0.0040398375,0.0033559166,-0.0060485844,0.0045305337,-0.01013993,-0.002809138,-0.0151752345,0.0036595205,0.0037404557,0.011008942,0.0055136764,-0.003994924,-0.15028664,-0.14244401,-0.22509296,0.1750881,0.095461704,0.10274346,0.14344111,-0.1097587
0.0053344513,0.012714464,0.007998674,-0.006439353,-0.003988197,0.0034144556,-0.0059720315,0.0045067356,-0.011278029,-0.0039295126,-0.016905082,0.0043287,0.0044685453,0.011739595,0.0066077504,-0.0043927766,-0.1475226,-0.13965398,-0.22110265,0.17423263,0.09379353,0.10110775,0.14086115,-0.109211646
0.005246202,0.012639848,0.007873817,-0.0064102323,-0.0039486145,0.0034580815,-0.005917188,0.004480587,-0.012322975,-0.004957054,-0.01847963,0.0049692555,0.0051337294,0.012424431,0.0076365955,-0.0047752974,-0.14547525,-0.13762438,-0.21800454,0.17331675,0.09251968,0.09992317,0.13886864,-0.108580016
0.0050835484,0.012497852,0.007636746,-0.0063740667,-0.0038695026,0.003547563,-0.005807253,0.004446189,-0.013793051,-0.006406719,-0.020693062,0.0058720093,0.0060654827,0.013377137,0.009061031,-0.005320331,-0.14146262,-0.13376004,-0.21208254,0.1721688,0.09009916,0.0975977,0.13521968,-0.10782932
0.0049977927,0.012417225,0.0075043915,-0.0063623474,-0.0038297342,0.003601435,-0.005743778,0.0044313283,-0.014836735,-0.0074617295,-0.022288447,0.0065283277,0.0067310655,0.0140658505,0.01008919,-0.0057231137,-0.139232,-0.1316399,-0.20876975,0.17178595,0.088724196,0.09632034,0.1333014,-0.10753942
0.0048724352,0.0122902915,0.0073099523,-0.006327477,-0.0037655463,0.0036791088,-0.005642227,0.0044043395,-0.015888581,-0.008505324,-0.023865893,0.007263015,0.0074063684,0.01475623,0.011112183,-0.0061851917,-0.13588093,-0.1283944,-0.20383582,0.17081548,0.08675348,0.09435461,0.13048321,-0.10694481
0.0047487994,0.012164292,0.007120351,-0.006288035,-0.0036996733,0.0037538907,-0.0055483324,0.004373108,-0.017102059,-0.009693744,-0.02567769,0.008030233,0.008171911,0.015541038,0.012264387,-0.006663804,-0.13264537,-0.12529632,-0.19915283,0.16966899,0.08492224,0.092475876,0.12769286,-0.10627222
0.004578724,0.0119928345,0.006869638,-0.006241799,-0.003605542,0.0038536186,-0.005406469,0.0043384857,-0.01828847,-0.01086577,-0.027470917,0.008762503,0.008926889,0.01631235,0.0134064695,-0.007115556,-0.12830366,-0.12103071,-0.19267182,0.16838075,0.082377814,0.0898621,0.123756066,-0.10549604
0.0043981215,0.011813199,0.006607233,-0.0061801546,-0.0035088672,0.0039571784,-0.005260894,0.004293984,-0.01953289,-0.01210805,-0.029336706,0.009591912,0.009722045,0.017125715,0.014611767,-0.007624183,-0.12367092,-0.11644675,-0.18567842,0.16674897,0.07970722,0.08708031,0.119627446,-0.10451107
0.004215922,0.011635285,0.006343804,-0.006125989,-0.0034094483,0.0040612817,-0.0051131425,0.0042567146,-0.020643467,-0.013240699,-0.030998822,0.010338706,0.010427319,0.017854873,0.015688762,-0.0080829235,-0.11898095,-0.111791335,-0.17848864,0.16541539,0.07694876,0.084294945,0.115479425,-0.103672065
0.0040120482,0.011441999,0.0060452097,-0.006067634,-0.003296955,0.0041788183,-0.004948908,0.0042152554,-0.021775236,-0.0143985525,-0.032710485,0.011127393,0.011156744,0.018608283,0.016783318,-0.008569959,-0.113783754,-0.106577374,-0.17061608,0.16387169,0.07380843,0.08117075,0.1108146,-0.102707714
0.0037870586,0.011227776,0.0057112584,-0.0060112365,-0.0031697524,0.004307356,-0.004763609,0.004176142,-0.022783851,-0.015430439,-0.034238342,0.011945557,0.011815912,0.019287609,0.01777337,-0.009083714,-0.10810699,-0.10076141,-0.16192812,0.16234177,0.07029338,0.07771026,0.10558303,-0.10174094
0.003549857,0.011004791,0.0053556603,-0.0059493757,-0.0030357598,0.0044408515,-0.004569346,0.0041354536,-0.023691002,-0.016371008,-0.035622444,0.012764624,0.012427768,0.019903878,0.018676123,-0.009607166,-0.102194734,-0.094647124,-0.15283555,0.16060877,0.06659043,0.074073665,0.10004874,-0.10067057
0.0033429554,0.010809528,0.005039416,-0.0058979345,-0.0029235897,0.0045579188,-0.004397549,0.0041037747,-0.024479503,-0.017175213,-0.036787968,0.013442424,0.01294872,0.020422677,0.019452553,-0.010051502,-0.09701545,-0.08932128,-0.14489655,0.15916146,0.06339182,0.07088791,0.09519793,-0.09979341
0.0030586063,0.010549091,0.0046128095,-0.005816495,-0.0027759606,0.004718935,-0.004171213,0.00404573,-0.025603201,-0.018294992,-0.038474597,0.014366611,0.013688041,0.021159964,0.020547217,-0.010631586,-0.08988906,-0.082168415,-0.13432029,0.15678176,0.059052322,0.06657951,0.08867798,-0.09834707
0.0028128605,0.010321124,0.004242282,-0.0057433853,-0.0026478092,0.004863181,-0.0039692596,0.0039919526,-0.026326215,-0.018980514,-0.039515305,0.015086207,0.0141523825,0.021635866,0.021253848,-0.011079223,-0.083598875,-0.07596205,-0.124990866,0.1547252,0.05529005,0.06282333,0.08295954,-0.09708659
0.0025486262,0.010074559,0.003843847,-0.005661816,-0.0025099593,0.0050201034,-0.00375342,0.0039332896,-0.027146893,-0.019763106,-0.04071097,0.01583454,0.014683987,0.022174755,0.022054965,-0.011546439,-0.076808155,-0.06928885,-0.114960775,0.15239276,0.05123998,0.058754798,0.076828815,-0.09571969
0.0022943125,0.009833941,0.0034613812,-0.0055847387,-0.0023722353,0.0051729577,-0.0035424947,0.003877004,-0.027823359,-0.020419426,-0.041716572,0.01654035,0.015127012,0.022631073,0.022732962,-0.011983143,-0.070284635,-0.06288578,-0.10536554,0.15016186,0.04730549,0.054852623,0.0709015,-0.09437715
0.0019978965,0.009545742,0.0030188586,-0.0054952847,-0.0022060869,0.005352807,-0.0032920772,0.0038122865,-0.028490515,-0.021049852,-0.042683028,0.01731228,0.015565167,0.023086663,0.023404302,-0.012460466,-0.06266239,-0.05530772,-0.09398885,0.1476937,0.04270573,0.05025385,0.06393108,-0.09283226
0.0017543521,0.009302773,0.002659614,-0.005417772,-0.0020667,0.0054977983,-0.0030809639,0.003760762,-0.029016418,-0.021554975,-0.043447725,0.01794249,0.015917873,0.023439687,0.023926128,-0.012853323,-0.056432113,-0.04901321,-0.08457589,0.14563833,0.03887337,0.046424787,0.058208957,-0.09156254
0.0014560645,0.009007574,0.0022149088,-0.005316673,-0.0018958073,0.005682372,-0.0028264318,0.0036889545,-0.029561065,-0.022042463,-0.044193916,0.018654699,0.016279383,0.023811236,0.02446674,-0.013300709,-0.04870532,-0.041308325,-0.07291477,0.1429489,0.03421538,0.041726474,0.051152047,-0.08985967
0.0011838154,0.008739465,0.0018100053,-0.005218674,-0.0017397312,0.0058501437,-0.0025934605,0.0036201056,-0.029965822,-0.022406934,-0.044754058,0.019307144,0.016559532,0.024100758,0.024885492,-0.013704754,-0.041686784,-0.034242626,-0.062289447,0.14036417,0.029955331,0.037435733,0.04477084,-0.088205114
0.00087671535,0.008439856,0.0013493971,-0.0051109237,-0.0015642175,0.0060387086,-0.00233022,0.0035418011,-0.030282255,-0.022672573,-0.04517133,0.020026822,0.016789211,0.024347404,0.025233893,-0.014156078,-0.033724286,-0.026235074,-0.0502381,0.13747123,0.025135232,0.032615498,0.03753694,-0.086334825
0.000675755,0.008242583,0.0010417523,-0.0050608907,-0.001452476,0.0061589577,-0.0021558902,0.0035039666,-0.030816592,-0.023153525,-0.045899868,0.020538252,0.017129982,0.024691468,0.02575391,-0.014482016,-0.028498089,-0.020958135,-0.04215939,0.13614742,0.021954065,0.029430531,0.032743823,-0.08546322
0.0003484475,0.007927238,0.0005447244,-0.004948524,-0.0012687646,0.0063571027,-0.0018779614,0.0034197767,-0.031018073,-0.023343783,-0.046186183,0.02127823,0.017308138,0.024882447,0.026021948,-0.014945001,-0.020063046,-0.012521852,-0.029342426,0.13309474,0.016818553,0.024352178,0.025043022,-0.08345809
7.534443e-05,0.0076631727,0.00012649216,-0.0048556877,-0.0011140648,0.0065215817,-0.0016449839,0.0033512888,-0.0311674,-0.023489987,-0.04641229,0.021878853,0.017448226,0.025026768,0.026225755,-0.015322237,-0.013038159,-0.005465404,-0.01864306,0.13057922,0.012534396,0.020084387,0.018612115,-0.08179237
-0.00026131695,0.007335889,-0.0003842216,-0.004734682,-0.0009205594,0.006725208,-0.0013551442,0.0032641669,-0.031107826,-0.023458455,-0.046377987,0.022583064,0.01748799,0.025061473,0.026260223,-0.015769491,-0.0043594474,0.0032617652,-0.0056255227,0.12720288,0.007199224,0.014811628,0.01063725,-0.07962998
-0.00055287685,0.0070499233,-0.0008319551,-0.0046279025,-0.00075484556,0.006901327,-0.0011049204,0.0031861756,-0.031061662,-0.02340236,-0.04633077,0.023183165,0.017506491,0.025081707,0.026290566,-0.016149623,0.0031873256,0.01084986,0.005738674,0.124277905,0.00259764,0.010223619,0.0036827938,-0.07776605
-0.00082824694,0.0067785643,-0.0012554771,-0.0045171296,-0.0005969913,0.007071425,-0.0008681756,0.0031092328,-0.030960444,-0.02329743,-0.046197064,0.023703149,0.01749458,0.025065912,0.02626106,-0.016485536,0.01028392,0.01803453,0.01638992,0.12122559,-0.0017793728,0.005863718,-0.0029033541,-0.07587786
-0.0011464717,0.0064702327,-0.0017367061,-0.004385999,-0.00041472988,0.0072661233,-0.00059551577,0.0030182921,-0.030723428,-0.023074847,-0.045875624,0.024301983,0.017409261,0.024989277,0.026128972,-0.016868336,0.018490627,0.02631996,0.028725438,0.117629826,-0.0068285083,0.0008416325,-0.010437833,-0.073612414
-0.0014563686,0.006167022,-0.0022023192,-0.0042606266,-0.00023457504,0.0074540037,-0.00032910367,0.0029342268,-0.030422788,-0.022789625,-0.045456838,0.0248615,0.017272169,0.02486341,0.02592908,-0.017231632,0.026481047,0.034341346,0.040737312,0.11417696,-0.011762079,-0.0040658833,-0.017791925,-0.07145617
-0.001819203,0.005812728,-0.0027462551,-0.0041148104,-2.5851245e-05,0.0076731257,-1.758465e-05,0.0028320234,-0.030007815,-0.02239931,-0.044870928,0.025548177,0.017066436,0.024681741,0.025647448,-0.017668035,0.035888128,0.04372594,0.054925323,0.110189706,-0.017507926,-0.009804462,-0.026406024,-0.0689023
-0.0021589815,0.0054800743,-0.0032518143,-0.0039477637,0.00016967332,0.007874313,0.00027684012,0.0027187865,-0.029324226,-0.021761326,-0.043913968,0.026160935,0.016711947,0.02433423,0.025126593,-0.018048046,0.044629026,0.052468173,0.068039104,0.105661996,-0.022913856,-0.015199148,-0.034475163,-0.06604145
-0.00244053,0.0052077062,-0.0036785419,-0.0038111405,0.00032790998,0.008040689,0.0005179457,0.00262318,-0.028741347,-0.021189637,-0.04306742,0.026681596,0.016399382,0.024031049,0.024672057,-0.018368308,0.051905014,0.059775118,0.07895491,0.101991855,-0.027336227,-0.019676603,-0.04119418,-0.06370207
-0.002729911,0.0049266936,-0.0041129636,-0.0036647222,0.0004931559,0.008211602,0.000768683,0.0025223708,-0.028061222,-0.020520583,-0.042069532,0.02718598,0.016034473,0.023663405,0.024116635,-0.018678974,0.059278276,0.067274615,0.090037055,0.098084904,-0.03188467,-0.024247479,-0.04807524,-0.06123419
-0.0029914046,0.004673375,-0.0045069545,-0.003542491,0.000644356,0.008365852,0.0009947706,0.002434831,-0.027496077,-0.019936318,-0.041222237,0.027639141,0.015719986,0.023353219,0.023645073,-0.018963186,0.06596752,0.07402905,0.10006946,0.094829746,-0.035960086,-0.02836186,-0.054305185,-0.059159078
-0.0032767172,0.004391549,-0.0049321204,-0.0033848626,0.000815072,0.008536697,0.0012521404,0.0023246328,-0.026693016,-0.019133879,-0.040045783,0.02806657,0.015285447,0.022910673,0.022974245,-0.019228965,0.073356375,0.08145728,0.11106133,0.09059217,-0.04051605,-0.032926083,-0.06113879,-0.05650148
-0.0035430747,0.004127275,-0.005329209,-0.0032283503,0.0009722095,0.008696756,0.0014925026,0.0022157931,-0.025820524,-0.018259963,-0.038744032,0.02848262,0.014803048,0.022422228,0.022232296,-0.019488174,0.0802373,0.088370405,0.12129874,0.08633521,-0.044767343,-0.03717719,-0.06750869,-0.053870343
-0.003809689,0.0038670977,-0.005719292,-0.0030771496,0.0011281848,0.008854781,0.001728467,0.0021095993,-0.024962375,-0.017401043,-0.037467685,0.028910052,0.014313781,0.021939086,0.021503957,-0.019753646,0.08708116,0.095197596,0.13146842,0.08221072,-0.049001694,-0.04138188,-0.07380315,-0.051298786
-0.0040617627,0.0036245673,-0.0060896487,-0.0029182772,0.0012756167,0.009005522,0.0019510933,0.0019975305,-0.023998993,-0.016424885,-0.036027655,0.029269688,0.0137539655,0.021393288,0.020688782,-0.019978004,0.09360287,0.101597495,0.14122084,0.07786202,-0.052998796,-0.045357805,-0.079764016,-0.048579752
-0.0042937,0.0034049638,-0.0064337314,-0.0027644944,0.0014111666,0.00914624,0.0021506052,0.0018902082,-0.023006648,-0.015420182,-0.034535877,0.029602833,0.013176582,0.020831557,0.019840786,-0.020191636,0.099581,0.10743474,0.1501636,0.073662706,-0.056647643,-0.048968267,-0.08516934,-0.045954607
-0.0045309905,0.0031806133,-0.0067888643,-0.0026014508,0.0015500408,0.009290867,0.0023546699,0.0017751971,-0.021903325,-0.014300413,-0.032893077,0.029936524,0.012536413,0.020203337,0.01889961,-0.020402335,0.105715916,0.1134395,0.15936342,0.06920837,-0.06041314,-0.052662104,-0.090695895,-0.043163568
-0.0047785803,0.0029452178,-0.007163399,-0.002414541,0.0016937108,0.009441132,0.0025704794,0.0016445623,-0.02058789,-0.012979854,-0.030956695,0.030285245,0.011793051,0.019457046,0.017780183,-0.020622432,0.11208638,0.11977347,0.16896583,0.06415986,-0.06439821,-0.056546055,-0.09648652,-0.039988123
-0.0049711964,0.0027669314,-0.007460072,-0.0022735517,0.0018022952,0.009558589,0.0027307258,0.0015443215,-0.019471163,-0.011839487,-0.029278869,0.030606657,0.011148446,0.018804815,0.016795004,-0.020824011,0.11700415,0.12474108,0.17631401,0.060372297,-0.06743517,-0.05954498,-0.100919075,-0.037557203
-0.0051571946,0.0025880774,-0.0077414424,-0.0021191528,0.0019089477,0.009669913,0.0028944344,0.0014351578,-0.018286314,-0.0106513295,-0.027532835,0.030874278,0.010481973,0.018118778,0.01575541,-0.02098476,0.12185419,0.129626,0.18346986,0.056257695,-0.070493735,-0.06252026,-0.10531543,-0.03493179
-0.0053738425,0.0023727953,-0.008068829,-0.0019256085,0.002034403,0.009798757,0.0030887306,0.0013001455,-0.016691431,-0.009054605,-0.025163135,0.031172924,0.009573527,0.017189741,0.014346127,-0.021162067,0.12753196,0.13536301,0.19177271,0.05112774,-0.0740761,-0.06603467,-0.11047335,-0.031656154
-0.005566124,0.0021800767,-0.00835896,-0.0017551823,0.002144775,0.0099138785,0.0032576988,0.0011791493,-0.015198453,-0.0075566703,-0.02292977,0.03148675,0.00870699,0.016319832,0.013026922,-0.021351516,0.13253745,0.14044562,0.19912441,0.046602603,-0.07717777,-0.06912019,-0.115112714,-0.028746156
-0.005719842,0.0020249928,-0.0085879695,-0.0015880549,0.002235577,0.010010791,0.003392875,0.0010610612,-0.013720387,-0.006063803,-0.020699473,0.031726502,0.007836743,0.015460765,0.011729909,-0.021492414,0.13655272,0.14450902,0.20496857,0.042094957,-0.079635054,-0.071616076,-0.11888755,-0.025858542
-0.0058326926,0.0019148244,-0.008754237,-0.0014531643,0.002302375,0.010082052,0.00348691,0.000963183,-0.012432581,-0.004750996,-0.018737515,0.031958017,0.007066618,0.014708829,0.010604639,-0.021629177,0.1393967,0.14742526,0.20916446,0.03842108,-0.08133353,-0.07338262,-0.12164887,-0.02350709
-0.0059536668,0.0017952379,-0.008932114,-0.0012837034,0.0023770367,0.010159844,0.0035943592,0.0008436146,-0.010932279,-0.0032357397,-0.016471295,0.03212726,0.006184619,0.013845173,0.00931485,-0.0217309,0.14250812,0.15056205,0.21382707,0.033865593,-0.083226755,-0.075331986,-0.12465564,-0.020614719
-0.006048967,0.0017004707,-0.009072576,-0.0011090318,0.0024355953,0.010218099,0.0036804727,0.0007194309,-0.00935084,-0.0016542803,-0.014067049,0.032257807,0.005268402,0.012935139,0.007956371,-0.02179497,0.14494799,0.15305158,0.21755868,0.029164834,-0.08473683,-0.07690097,-0.12705857,-0.017652864
-0.0061389096,0.0016123676,-0.009201706,-0.0009380949,0.0024894483,0.010270253,0.0037564384,0.00059752254,-0.0078029064,-0.0001258608,-0.011729941,0.032427903,0.0043731094,0.012046422,0.006633776,-0.021874243,0.14723928,0.15532666,0.22116438,0.024601227,-0.086114556,-0.078313775,-0.12929489,-0.014745958
-0.0062079895,0.0015435293,-0.0093032215,-0.0007697708,0.002532009,0.010310824,0.003818804,0.0004794193,-0.0062436378,0.0014164769,-0.009381978,0.032516953,0.003473097,0.0111424895,0.005280193,-0.021902714,0.14905085,0.15708083,0.2239715,0.020006863,-0.087229736,-0.079441935,-0.13096529,-0.0118737575
-0.0062648603,0.0014859098,-0.009391445,-0.0005994673,0.002567128,0.010344203,0.0038707266,0.00036186154,-0.00463616,0.0030067146,-0.0069578555,0.03260241,0.0025459013,0.0102091115,0.0038702628,-0.021927208,0.15058832,0.15857777,0.22634125,0.015405476,-0.08819381,-0.08036874,-0.13229048,-0.00901118
-0.006304279,0.0014411798,-0.009457507,-0.0004434494,0.0025935017,0.010367585,0.0039128256,0.00025639252,-0.0031699522,0.0044641295,-0.0047559766,0.0326598,0.0016954874,0.0093535455,0.002565541,-0.021942476,0.1517107,0.15968552,0.22799677,0.011170536,-0.08891888,-0.08101433,-0.13319004,-0.006390273
-0.0063316915,0.0014077411,-0.009508455,-0.00025880264,0.0026137526,0.010387448,0.0039447397,0.00013106951,-0.0013841869,0.0062485463,-0.0020580841,0.03273,0.0006611068,0.00831902,0.0009811994,-0.021959933,0.15257017,0.16058812,0.22927609,0.006210916,-0.08948081,-0.08151969,-0.1338487,-0.0032867151
-0.0063397437,0.0013878294,-0.009529375,-6.0652208e-05,0.0026237264,0.010397045,0.003965173,-2.877845e-06,0.0005564819,0.008186062,0.00087715266,0.032800317,-0.00046853293,0.0071873455,-0.0007316826,-0.021973178,0.15290882,0.16106993,0.22978878,0.00083590765,-0.08971428,-0.08176002,-0.1341165,0.0001016928
-0.006327143,0.0013867966,-0.00951425,0.00014589058,0.0026234684,0.010392182,0.003971513,-0.00014320521,0.0025616423,0.010196664,0.0039042127,0.032851823,-0.001641894,0.006006462,-0.0025012628,-0.021966606,0.15266554,0.16092947,0.22941321,-0.004856392,-0.089562915,-0.08165266,-0.133921,0.0036774888
-0.006299371,0.0014089206,-0.00946876,0.00034639423,0.0026114015,0.010372829,0.0039608264,-0.00028167618,0.0044876346,0.012139515,0.0067937057,0.03289438,-0.0027655992,0.0048698774,-0.0042061056,-0.021952469,0.15203932,0.16018862,0.22822978,-0.010367707,-0.08913718,-0.08121501,-0.13331948,0.007092212
-0.006310822,0.0013960269,-0.009476574,0.0005195202,0.0026129216,0.010370275,0.003967755,-0.00040856207,0.005838847,0.013511918,0.008810375,0.03315954,-0.0035377964,0.0040828027,-0.0053887675,-0.02208841,0.15229186,0.16026106,0.22825141,-0.015179412,-0.08916041,-0.08126031,-0.13349344,0.010051
-0.0062598004,0.001447503,-0.009391732,0.0006652388,0.0025878816,0.010334007,0.003923488,-0.0005142654,0.0071051996,0.014794845,0.010668928,0.033142734,-0.0042789034,0.0033396133,-0.006482012,-0.02206371,0.1509652,0.1587311,0.22610468,-0.019163597,-0.0883038,-0.08039673,-0.1323391,0.012505263
-0.0061819255,0.0015308424,-0.009275158,0.0008285205,0.0025495593,0.010289129,0.0038558617,-0.00062957034,0.008590485,0.01628818,0.0128867915,0.033024054,-0.0051311585,0.0024786564,-0.0077647087,-0.021983778,0.14894447,0.15670061,0.2231533,-0.023551194,-0.08707928,-0.0792402,-0.13059211,0.015249428
-0.006035627,0.0016812575,-0.009057702,0.0010303173,0.002471344,0.010208708,0.0037276102,-0.00077009766,0.010314554,0.018028405,0.015510404,0.032794174,-0.006130418,0.0014837589,-0.009264752,-0.021811835,0.14513488,0.1529668,0.21765378,-0.028868975,-0.08473391,-0.07704282,-0.12723894,0.018649882
-0.0059023467,0.0018257438,-0.008847387,0.0012072461,0.0023937619,0.010132559,0.0036048982,-0.00089357374,0.011808237,0.019522475,0.017749634,0.032571197,-0.0069820643,0.0006332523,-0.010552923,-0.021649022,0.14162567,0.14932653,0.21240366,-0.03347371,-0.08259826,-0.07494291,-0.12399768,0.021631384
-0.005769732,0.001968801,-0.008640502,0.0013794758,0.0023146328,0.010057675,0.0034872151,-0.0010136144,0.013327691,0.021036074,0.020023711,0.03233774,-0.007855021,-0.000232975,-0.011856725,-0.021478426,0.1382297,0.1457569,0.20704958,-0.037995458,-0.08050681,-0.07287783,-0.120780565,0.024561936
-0.0056499424,0.0020905654,-0.008453626,0.0015251123,0.002246846,0.009989791,0.0033816095,-0.0011141481,0.014598982,0.022283647,0.021914514,0.032139696,-0.0085936785,-0.0009568329,-0.012952669,-0.021324271,0.13520716,0.14257321,0.20221238,-0.041877512,-0.07866383,-0.07100103,-0.11785385,0.027065441
-0.0054863566,0.0022465098,-0.008210534,0.0017023832,0.0021544534,0.009899053,0.0032482648,-0.001235489,0.016111543,0.023807943,0.024203276,0.031933915,-0.009481853,-0.0018401728,-0.014286894,-0.021162095,0.1311543,0.1384475,0.19577555,-0.04672806,-0.07616107,-0.068469204,-0.11398003,0.030106444
-0.0053045806,0.0024133753,-0.007946406,0.0018695549,0.0020546713,0.009797961,0.003105051,-0.0013507423,0.017510897,0.025236791,0.026339117,0.031731512,-0.010310333,-0.002660301,-0.015526037,-0.021004857,0.12663499,0.13396156,0.18878646,-0.051313825,-0.07336586,-0.06567473,-0.109753266,0.032951124
-0.0051252595,0.0025741127,-0.0076913824,0.0020353394,0.0019593074,0.009696905,0.0029663148,-0.0014655724,0.018707795,0.026482662,0.02819819,0.031607937,-0.011017469,-0.0033503235,-0.016580174,-0.02089716,0.122214235,0.12957655,0.18208192,-0.05586827,-0.07058757,-0.06294854,-0.10564253,0.035766732
-0.0048928605,0.0027881647,-0.007351676,0.002210353,0.0018382312,0.00956437,0.002785809,-0.0015824509,0.020041032,0.027834395,0.030247586,0.031332035,-0.0117906155,-0.0041185436,-0.017734824,-0.02069427,0.116359636,0.12382801,0.1735483,-0.060629375,-0.066990435,-0.059404843,-0.10032333,0.038726497
-0.004662877,0.0030160178,-0.0070010405,0.0023641156,0.0017152646,0.00942825,0.002594989,-0.0016835005,0.0211742,0.028941283,0.03191993,0.030979324,-0.012425231,-0.0047589955,-0.018689899,-0.020459129,0.11046473,0.11790109,0.16487777,-0.06471559,-0.063425265,-0.05583769,-0.094979264,0.0412835
-0.0044382783,0.0032396782,-0.0066565825,0.002518104,0.0015919819,0.009294441,0.0024079473,-0.0017864766,0.022336362,0.030044463,0.033592213,0.030601416,-0.013065962,-0.0054146354,-0.019634955,-0.020207925,0.104673624,0.11203359,0.15622404,-0.06891357,-0.059966054,-0.05235358,-0.08978879,0.043911386
-0.004202451,0.0034742807,-0.0062982244,0.0026709524,0.0014611798,0.009154496,0.0022137116,-0.0018895318,0.02348798,0.031142643,0.035270978,0.030251909,-0.013702339,-0.006072912,-0.020580443,-0.019956848,0.09861792,0.10591766,0.14712644,-0.07307109,-0.05634458,-0.04870082,-0.08437186,0.046508234
-0.003970073,0.0037080878,-0.0059476458,0.0028149788,0.0013303533,0.009021531,0.0020191255,-0.0019891146,0.0244493,0.032106612,0.03671658,0.029917877,-0.014243231,-0.006624634,-0.021396087,-0.019719169,0.09269287,0.099931054,0.13807376,-0.07689239,-0.052752767,-0.04510169,-0.07898078,0.0488859
-0.0037341467,0.003937724,-0.005595644,0.0029552674,0.0012010147,0.0088916235,0.0018200141,-0.002084566,0.025270224,0.03294932,0.037975788,0.029575156,-0.01471176,-0.00709091,-0.022095056,-0.019475263,0.0866949,0.09400434,0.12903492,-0.08064481,-0.04913187,-0.04145918,-0.0734738,0.05124689
-0.0035098859,0.0041533946,-0.0052585914,0.003079276,0.001076492,0.008766018,0.0016277498,-0.0021659678,0.02604609,0.033737913,0.039176803,0.02929609,-0.01515811,-0.0075278454,-0.022765405,-0.019259064,0.08094193,0.08838139,0.12048153,-0.08403941,-0.045674905,-0.03796251,-0.068188936,0.05342066
-0.0032687578,0.0043963073,-0.0048980364,0.0032144617,0.0009359198,0.008629601,0.0014179708,-0.0022584216,0.026735373,0.03444078,0.040227875,0.029036326,-0.0155346235,-0.007895697,-0.023333706,-0.01905815,0.07474909,0.082213,0.11117615,-0.08768545,-0.04185932,-0.034185063,-0.06250796,0.055759143
-0.0030692867,0.0046026744,-0.0046060598,0.003398928,0.0008244803,0.00852313,0.001254244,-0.002386429,0.02746903,0.03518834,0.041343797,0.028841294,-0.015914101,-0.008261258,-0.023886582,-0.018904893,0.06974486,0.07706965,0.10354927,-0.092632085,-0.03873065,-0.031145297,-0.05798612,0.05889456
-0.002732967,0.0049305293,-0.004109552,0.0035820312,0.00064519653,0.008337622,0.000988109,-0.0025076796,0.02844997,0.03617896,0.042841483,0.028298805,-0.016454449,-0.00880564,-0.024674913,-0.018530687,0.06125083,0.068589486,0.09104698,-0.09748718,-0.033615254,-0.026099555,-0.050304033,0.0619276
-0.0024386465,0.0052171685,-0.0036735618,0.0037278829,0.00048646875,0.008174442,0.00075205095,-0.002601739,0.029025977,0.036768697,0.04373269,0.027854506,-0.016738148,-0.00910726,-0.025116196,-0.018231688,0.05378969,0.06123859,0.08023623,-0.10124848,-0.029183451,-0.021676067,-0.043552168,0.06426779
-0.00210634,0.0055418797,-0.003182205,0.0038883795,0.00030615504,0.007991471,0.0004768052,-0.0027112265,0.029764095,0.037505016,0.0448271,0.027299033,-0.017109668,-0.009493273,-0.025686907,-0.017856127,0.045382954,0.052855562,0.0678813,-0.105407104,-0.02407734,-0.016631346,-0.036001332,0.0668708
-0.0017611311,0.0058875056,-0.0026653595,0.0040540285,0.000116977695,0.007799452,0.00018365082,-0.0028204515,0.030417971,0.03814147,0.045765176,0.026740056,-0.017416364,-0.009823803,-0.026179742,-0.017486144,0.036578532,0.044081308,0.05500999,-0.10974223,-0.018812174,-0.011344978,-0.028091624,0.069596455
-0.0014285564,0.006222058,-0.0021582635,0.004196918,-6.860214e-05,0.0076132943,-9.600146e-05,-0.0029116506,0.030924046,0.038606096,0.04643498,0.026093911,-0.017649898,-0.010070687,-0.026520578,-0.017063972,0.028036818,0.035430815,0.042248346,-0.11355572,-0.013719377,-0.006147166,-0.020361245,0.07199364
-0.0011349183,0.0065175015,-0.0017105553,0.004319156,-0.00023323983,0.007448324,-0.00034869715,-0.002992112,0.031138675,0.038819026,0.04676782,0.02558602,-0.017768959,-0.010157188,-0.0266473,-0.016690008,0.020436594,0.02775265,0.030614283,-0.11685522,-0.009087354,-0.0014987709,-0.01344497,0.07409491
-0.0007796439,0.0068715,-0.0011720886,0.0044580786,-0.00042683806,0.007245947,-0.000652692,-0.003081745,0.031421214,0.039082207,0.047188524,0.024991281,-0.017899532,-0.010270232,-0.026841883,-0.01626137,0.011272898,0.018597517,0.01696652,-0.120565,-0.0035309715,0.0040724874,-0.0051510353,0.07643161
-0.00043787027,0.007206357,-0.0006536453,0.004591076,-0.00061709573,0.0070496704,-0.00094412104,-0.0031627654,0.031516086,0.039144382,0.047286347,0.024462694,-0.017898876,-0.010278365,-0.026859991,-0.01589587,0.0023491967,0.009802999,0.003950904,-0.12416513,0.0017941571,0.009485212,0.0027772624,0.07865842
-8.2497274e-05,0.0075571965,-0.000119457574,0.004731937,-0.0008120225,0.0068536988,-0.0012319979,-0.0032489258,0.03159976,0.039202776,0.047419976,0.023768742,-0.017893597,-0.0102592,-0.026846416,-0.0154150985,-0.006755868,0.0008310359,-0.009456171,-0.12783718,0.0072714128,0.014952009,0.010935085,0.080934435
0.00022850995,0.007860397,0.00034685363,0.004851736,-0.0009798415,0.006684964,-0.0014730487,-0.0033238842,0.03146544,0.039053805,0.04726824,0.023135537,-0.017774442,-0.01011942,-0.026636628,-0.014969612,-0.014634134,-0.006981046,-0.021124262,-0.13084397,0.011990011,0.0196544,0.018042726,0.08281163
0.00053693145,0.00815745,0.0008030734,0.0049629956,-0.0011427439,0.0065156636,-0.001713935,-0.0033969353,0.031183878,0.038793165,0.04688928,0.022538895,-0.017571606,-0.0099116545,-0.026320344,-0.014559667,-0.0224033,-0.014623439,-0.032641355,-0.13365453,0.01667813,0.024319379,0.025040673,0.08451625
0.00084825826,0.008461099,0.001263989,0.0050708517,-0.001305766,0.0063383086,-0.0019696064,-0.0034679573,0.030991072,0.03861231,0.046581473,0.021997765,-0.017411772,-0.009759674,-0.026081301,-0.014191815,-0.030226415,-0.022378372,-0.044306666,-0.13644892,0.021480987,0.029063214,0.032134432,0.08622302
0.0011563782,0.008767617,0.0017230111,0.0051722866,-0.0014717856,0.0061649103,-0.0022289348,-0.003533738,0.030689592,0.038340066,0.046108652,0.021463197,-0.017196633,-0.009549869,-0.025753684,-0.013833211,-0.038031284,-0.030219331,-0.05612535,-0.13910545,0.026289543,0.03383104,0.039213702,0.0878531
0.0015294898,0.009142332,0.0022814253,0.005311043,-0.0016753223,0.005959621,-0.0025395572,-0.0036245899,0.030438796,0.038111206,0.04574709,0.020757014,-0.016993914,-0.009341886,-0.025460124,-0.013358056,-0.047489874,-0.03972758,-0.07039126,-0.14274846,0.032095302,0.039554186,0.047782175,0.09011827
0.001799348,0.009415196,0.0026926934,0.005402667,-0.0018186269,0.0058109313,-0.0027560722,-0.0036790424,0.030003417,0.037637472,0.04509288,0.020125913,-0.016679274,-0.009029111,-0.024992349,-0.012922777,-0.05432076,-0.046570588,-0.08045997,-0.14502852,0.036228165,0.04361806,0.053925943,0.091586396
0.0021024905,0.009727257,0.003157179,0.005449001,-0.0019846612,0.0056428337,-0.0030067454,-0.0036994377,0.0292134,0.036798943,0.043879747,0.019420208,-0.016175544,-0.008528389,-0.024212971,-0.012451558,-0.06216482,-0.054457843,-0.09204981,-0.14614674,0.04089181,0.048352323,0.06096142,0.09228311
0.0024309955,0.010066384,0.0036573785,0.005576033,-0.0021664551,0.005463222,-0.0032770694,-0.0037813936,0.028499428,0.036082365,0.042791493,0.018773025,-0.01569478,-0.008053809,-0.02349544,-0.01199508,-0.070604585,-0.06296543,-0.10501284,-0.1497076,0.0459572,0.053486224,0.068624645,0.09445645
0.00265542,0.010292942,0.0039975652,0.0056605404,-0.0022855867,0.005343263,-0.003448997,-0.003834168,0.028057279,0.035637327,0.042120565,0.01823944,-0.015384332,-0.0077675185,-0.023053732,-0.011611393,-0.076269776,-0.068667315,-0.11365753,-0.15211125,0.04938283,0.056877963,0.07367276,0.095852256
0.0028872895,0.010523186,0.004345512,0.0057398207,-0.0024106149,0.005223072,-0.0036288367,-0.0038876645,0.027428638,0.035018183,0.041188087,0.017713668,-0.01494551,-0.007360012,-0.02243443,-0.011235964,-0.082103744,-0.074463926,-0.12244896,-0.15436675,0.052951455,0.06040934,0.078883015,0.09713746
0.003171648,0.0108015835,0.004765873,0.005827092,-0.002562625,0.0050828243,-0.003845528,-0.0039435974,0.026622502,0.034227937,0.040021777,0.016965425,-0.014404492,-0.0068260008,-0.021649584,-0.0107293585,-0.08920654,-0.08151679,-0.13308632,-0.15671694,0.05727774,0.06469624,0.08535035,0.09851939
0.00341153,0.011036185,0.005118995,0.005896998,-0.0026858912,0.0049635437,-0.0040232097,-0.003985948,0.025801416,0.033408698,0.03879068,0.016274733,-0.013861003,-0.0062887208,-0.020852158,-0.010265734,-0.09516993,-0.08748179,-0.14198919,-0.15854475,0.06086039,0.06827456,0.09078555,0.099624984
0.0036927725,0.011312395,0.005541542,0.005986111,-0.002830678,0.004817401,-0.0042419857,-0.0040402664,0.024846623,0.0324697,0.03736389,0.015463878,-0.0132439155,-0.005663629,-0.01992743,-0.009726161,-0.10227326,-0.09463119,-0.1527794,-0.16086459,0.06510405,0.07255078,0.09726161,0.10107216
0.003943128,0.011557616,0.0059208823,0.0060679195,-0.0029627723,0.004687419,-0.004434261,-0.004090462,0.023821212,0.03146642,0.035821795,0.014672966,-0.012586548,-0.0050063417,-0.018954158,-0.00919691,-0.10862965,-0.1010333,-0.16248076,-0.1629857,0.06892218,0.076384015,0.10294675,0.10239625
0.0042386,0.0118517,0.0063706944,0.0061433325,-0.0031208866,0.004533935,-0.0046634246,-0.00413211,0.022644699,0.030287223,0.03402897,0.013657078,-0.011836449,-0.004247367,-0.017826801,-0.008530263,-0.11619253,-0.10858066,-0.17392461,-0.16496669,0.07344524,0.08093656,0.10966905,0.10359686
0.0044724518,0.012081203,0.0067295106,0.0062158573,-0.00323737,0.0044138934,-0.0048292214,-0.0041701985,0.0213415,0.028968934,0.032022532,0.012686912,-0.011011323,-0.0034256442,-0.016575832,-0.007890461,-0.12212637,-0.114580505,-0.18300878,-0.16695167,0.07692754,0.08451905,0.11490219,0.10474238
0.004669333,0.012276484,0.007030118,0.006271049,-0.003330279,0.004311568,-0.0049704164,-0.004199186,0.02017462,0.027800271,0.0302459,0.011859535,-0.010281658,-0.0027010008,-0.015463427,-0.007347869,-0.12708254,-0.11959912,-0.19062875,-0.16848758,0.079844445,0.08748638,0.11929058,0.10557241
0.004847407,0.012459282,0.0073034572,0.0062539577,-0.0034178202,0.0042200233,-0.0051104794,-0.0041857976,0.018501012,0.026142357,0.027720353,0.011076954,-0.009261356,-0.0016752868,-0.013913356,-0.006851513,-0.13157167,-0.12395223,-0.197635,-0.167993,0.08251538,0.09017307,0.12338307,0.10518097
0.005023509,0.012636835,0.0075688134,0.006271403,-0.0035052334,0.0041377316,-0.005240639,-0.0041968566,0.016981406,0.024660904,0.025466383,0.010337578,-0.008327923,-0.00072933035,-0.012501998,-0.0063784476,-0.13593577,-0.12813747,-0.2042337,-0.16833538,0.0851025,0.09272463,0.12732372,0.105389066
0.0051916265,0.012800796,0.007824838,0.006325546,-0.0035777264,0.0040661097,-0.0053426796,-0.0042197537,0.015558181,0.02324754,0.02336106,0.00945154,-0.007441285,0.00016609998,-0.011166953,-0.005810333,-0.14003766,-0.13226217,-0.21029603,-0.16962376,0.08747074,0.0950783,0.1310112,0.10618295
0.0053628567,0.012966912,0.00808288,0.0063829627,-0.0036464974,0.003992659,-0.005441792,-0.0042444896,0.013986029,0.02166152,0.02100099,0.008441196,-0.006444532,0.0011612102,-0.009676923,-0.0051594907,-0.14419325,-0.13643631,-0.21658272,-0.17107044,0.08983901,0.09745349,0.13465856,0.107044406
0.00550252,0.013099787,0.008291679,0.0064199804,-0.003699861,0.0039324537,-0.0055185226,-0.0042589977,0.0125173805,0.02019798,0.018807786,0.007557867,-0.0055319676,0.0020768326,-0.008304189,-0.004587665,-0.14759645,-0.13981083,-0.22178613,-0.1719602,0.09173936,0.09936988,0.1376176,0.107543625
0.0056306873,0.013217308,0.008480666,0.006462872,-0.0037452164,0.0038775587,-0.00558664,-0.004279428,0.011021375,0.01871411,0.016562145,0.0066894144,-0.004595955,0.0030107028,-0.0068998756,-0.004020247,-0.15065303,-0.14282772,-0.22653498,-0.17300606,0.09343629,0.10108692,0.14027289,0.10815759
0.0057309303,0.013302816,0.008621176,0.0064883907,-0.0037777342,0.0038397878,-0.005639071,-0.0042899875,0.009745057,0.017444655,0.014649803,0.005991077,-0.0037997577,0.0038062886,-0.0057034763,-0.0035641599,-0.15286833,-0.14505804,-0.22994171,-0.17355092,0.094721116,0.10235681,0.14223275,0.10847604
0.0058055026,0.013363501,0.008726235,0.006509928,-0.0037891655,0.0038221402,-0.005661161,-0.004293638,0.008301605,0.01598802,0.012481804,0.005183973,-0.0029023231,0.004707846,-0.004351809,-0.0030441543,-0.15431824,-0.14657816,-0.23210013,-0.17394346,0.095543094,0.10316792,0.14351574,0.108695105
0.0058915755,0.013436938,0.008849618,0.006544724,-0.0038050737,0.0038016464,-0.0056907954,-0.0043052305,0.0068486007,0.014513617,0.010300893,0.0043758904,-0.0019922848,0.0056192316,-0.0029853603,-0.0025287117,-0.15605327,-0.1484032,-0.2345668,-0.17468196,0.096517436,0.104191646,0.14505203,0.10913343
0.0059644217,0.013499734,0.008957249,0.0064997654,-0.0038146025,0.0037818742,-0.005711301,-0.0042642336,0.005172626,0.012806794,0.007764866,0.0034986495,-0.00097178883,0.006645805,-0.0014440902,-0.0019768458,-0.15759815,-0.14988852,-0.23678546,-0.17336752,0.09732983,0.10505847,0.14635007,0.10825528
0.0060202656,0.013544922,0.009035435,0.006485111,-0.0038113648,0.0037734748,-0.0057131574,-0.00424288,0.0037265865,0.011334086,0.00558777,0.0026872775,-8.357843e-05,0.007536302,-0.00012499755,-0.0014524448,-0.15864086,-0.15097952,-0.23819624,-0.17287983,0.09786611,0.105612844,0.14718531,0.10793649
0.0060523003,0.0135704875,0.009086999,0.00649627,-0.0037830074,0.0037826917,-0.005681862,-0.004233543,0.0019176567,0.009478962,0.0028268988,0.0016076153,0.0010459928,0.00866239,0.0015496103,-0.0007520002,-0.15907592,-0.15148997,-0.23881088,-0.17310962,0.097963996,0.105751015,0.1474524,0.10805877
0.006069825,0.013578088,0.009112003,0.0065056877,-0.0037493233,0.003800927,-0.0056406637,-0.0042258897,0.000258382,0.0077842698,0.00031756412,0.00071668957,0.0020731746,0.0096886605,0.0030824365,-0.00018074282,-0.15909368,-0.1515617,-0.23874146,-0.17317264,0.0978313,0.10563159,0.14733583,0.10807909
0.0060658758,0.013572229,0.009106631,0.0064863386,-0.0037126078,0.0038280713,-0.005586658,-0.0042026467,-0.0012234838,0.0062789964,-0.0019120134,-5.383772e-05,0.0029760464,0.010590086,0.004424495,0.0003029736,-0.15862975,-0.1511054,-0.23799038,-0.17243242,0.09745177,0.10516676,0.14672507,0.10759049
0.0060469457,0.013553965,0.009079656,0.0064865593,-0.0036725337,0.0038618043,-0.005525726,-0.00419507,-0.0025382116,0.0049641905,-0.0038648942,-0.0007090763,0.0037764895,0.011383945,0.0056032557,0.0007223362,-0.15782267,-0.15030694,-0.23686022,-0.17223495,0.09685835,0.10451154,0.14579786,0.10746663
0.0060120667,0.013516379,0.009024994,0.006486641,-0.0036185496,0.0039047168,-0.005442101,-0.00418729,-0.0038893605,0.0035973783,-0.0058643296,-0.001434132,0.00459935,0.012195373,0.0068253377,0.0011986438,-0.15652247,-0.14901745,-0.23501033,-0.17208675,0.09599544,0.10353982,0.14438339,0.10733915
0.0059624165,0.013465885,0.008949355,0.006480134,-0.0035567782,0.003955735,-0.0053479555,-0.0041755275,-0.005201431,0.002271358,-0.007812971,-0.0021605645,0.0053924522,0.012976196,0.008005035,0.0016704607,-0.15486729,-0.14736989,-0.23256661,-0.17173725,0.094918706,0.10236916,0.14264284,0.10706745
0.0058990777,0.013399847,0.008855789,0.006469941,-0.0034842642,0.004020749,-0.0052400893,-0.0041575674,-0.0066236956,0.0008335053,-0.009942598,-0.0029725565,0.0062504467,0.013821638,0.009288147,0.0021853966,-0.15284951,-0.1453565,-0.22940464,-0.1712278,0.09358188,0.10100879,0.14057785,0.10668648
0.005822201,0.013318942,0.00874342,0.006459157,-0.00340195,0.004100312,-0.0051206825,-0.004137727,-0.008037361,-0.000581203,-0.012056883,-0.003786957,0.0070994515,0.014662592,0.0105696255,0.0026933618,-0.15041067,-0.14295289,-0.2255235,-0.17070314,0.09198931,0.09947845,0.13817202,0.106293336
0.0057419585,0.01322896,0.0086221,0.0064496845,-0.0033110487,0.0041810754,-0.004985746,-0.004118279,-0.009542737,-0.0021050358,-0.01431595,-0.0046258317,0.008007243,0.015555929,0.011946915,0.0032274812,-0.14784968,-0.1403591,-0.22145367,-0.17026055,0.09025689,0.09776847,0.13553841,0.10593104
0.0056274314,0.013111858,0.008451063,0.0064204354,-0.0032034977,0.00427965,-0.004829217,-0.004084508,-0.01091298,-0.0034847064,-0.016379423,-0.005440059,0.008820135,0.016359456,0.01317273,0.0037410515,-0.14451376,-0.13702494,-0.21642384,-0.16937041,0.08806537,0.09558123,0.1321984,0.10527899
0.0055099935,0.012990823,0.008272183,0.006386161,-0.0030929393,0.0043822364,-0.004672701,-0.004049357,-0.012275406,-0.004853787,-0.018432315,-0.006237681,0.009626209,0.017157294,0.014388352,0.0042504603,-0.14103249,-0.13360918,-0.21123776,-0.1683691,0.08584166,0.09334212,0.12876754,0.10457436
0.0053967084,0.0128761325,0.008097172,0.0063409773,-0.0029883026,0.004479766,-0.0045252223,-0.004008627,-0.013498034,-0.006097311,-0.02029787,-0.0069646672,0.01035932,0.017884808,0.015491556,0.004721116,-0.13767341,-0.13030604,-0.2062861,-0.16713418,0.08374998,0.09119953,0.12547727,0.10375243
0.0052233604,0.012700292,0.007837162,0.0062836413,-0.0028435683,0.004616836,-0.0043110964,-0.003955139,-0.014780284,-0.007378607,-0.022249535,-0.007836353,0.011107906,0.01863108,0.016621357,0.0052826726,-0.13276066,-0.12541899,-0.19899537,-0.1655022,0.08061473,0.08804344,0.12068757,0.10268521
0.0050601056,0.012527548,0.007594444,0.006243068,-0.002704049,0.0047465507,-0.004094593,-0.00391346,-0.01616659,-0.008747892,-0.02433572,-0.00870946,0.011920325,0.019427946,0.017837755,0.005850268,-0.12813517,-0.12086057,-0.19206913,-0.16427949,0.07759633,0.08502803,0.11606254,0.10189273
0.0049187276,0.012378709,0.007382184,0.00621108,-0.0025873971,0.0048576696,-0.0039077024,-0.0038783401,-0.017255165,-0.009841682,-0.02600724,-0.009451034,0.012565895,0.020070301,0.01881167,0.0063171997,-0.12415542,-0.11693411,-0.18607646,-0.1634062,0.074964605,0.08247963,0.11211056,0.10133616
0.0046899007,0.0121399965,0.0070431684,0.00616143,-0.0024108614,0.0050281715,-0.0036276185,-0.0038281977,-0.018540287,-0.0111140255,-0.027956199,-0.01041085,0.013292807,0.02079879,0.019925948,0.006910964,-0.117783144,-0.11060862,-0.17655429,-0.16190758,0.0708232,0.078407064,0.105958566,0.10035384
0.0045033605,0.011945795,0.0067668124,0.006114312,-0.0022673067,0.0051654037,-0.003398636,-0.0037831008,-0.019625673,-0.012193076,-0.02959052,-0.011158356,0.013915678,0.021408426,0.020856254,0.0073667658,-0.11265191,-0.105485834,-0.16884322,-0.1604939,0.067446016,0.07505477,0.100904346,0.09942812
0.0043759514,0.011811396,0.0065789833,0.0060757753,-0.0021683055,0.0052591427,-0.003243341,-0.003747671,-0.020542357,-0.013111614,-0.030971607,-0.011687774,0.014456296,0.021934249,0.021652687,0.007696315,-0.109169126,-0.101988636,-0.16354169,-0.1594142,0.06514677,0.07278604,0.09741771,0.09870355
0.0042029535,0.011638189,0.006322119,0.005939508,-0.0020486666,0.0053786086,-0.0030658557,-0.003649784,-0.021135582,-0.013722824,-0.031862803,-0.012262622,0.014771406,0.022239147,0.022119367,0.008053356,-0.104507774,-0.097321026,-0.15660095,-0.15565857,0.062218964,0.06985614,0.092956744,0.09632112
0.003967553,0.011403821,0.00597122,0.0058368696,-0.0018766742,0.0055496874,-0.0028049909,-0.0035707431,-0.022066083,-0.01466486,-0.03325249,-0.013096301,0.01528752,0.022749415,0.022895828,0.008575166,-0.09809013,-0.090817325,-0.14686985,-0.152657,0.05810871,0.065728694,0.086824164,0.094367
0.0037319714,0.011167702,0.0056169177,0.005749169,-0.0017005254,0.0057222405,-0.0025472508,-0.0035023529,-0.022966687,-0.015557166,-0.03459468,-0.013845279,0.015792254,0.023248253,0.023651725,0.0090618925,-0.09157529,-0.084366836,-0.13721512,-0.15019745,0.054016717,0.061588876,0.080616504,0.09274823
0.0035240254,0.010959084,0.0052996115,0.0056810845,-0.0015372107,0.0058816,-0.0023092537,-0.0034441897,-0.02381656,-0.016408188,-0.035871435,-0.014601689,0.016273536,0.023731366,0.024393098,0.0095338635,-0.08585738,-0.07859119,-0.12852143,-0.14824633,0.050352212,0.057899274,0.07507599,0.09143783
0.0032615766,0.0106886,0.004903445,0.005587302,-0.0013379927,0.0060755163,-0.002010813,-0.0033673078,-0.024681685,-0.017228067,-0.03713109,-0.01548656,0.016718693,0.024174413,0.025082279,0.010084787,-0.07863045,-0.071253344,-0.11777255,-0.14548926,0.04576994,0.05321346,0.068179496,0.08963464
0.0029805352,0.010394651,0.0044812094,0.0055052238,-0.0011273419,0.006278588,-0.0016890147,-0.003293856,-0.025483245,-0.01797883,-0.038271364,-0.016395628,0.017117579,0.024563637,0.025690597,0.010649304,-0.07089024,-0.063481964,-0.10634226,-0.14307044,0.040832855,0.048195433,0.060811613,0.088042386
0.0027154188,0.010119133,0.004083442,0.0054291408,-0.0009308917,0.0064660967,-0.0013880974,-0.003225869,-0.026140993,-0.018609442,-0.039215565,-0.01717868,0.017446313,0.024885632,0.026200557,0.011124805,-0.06363042,-0.056251016,-0.095533244,-0.14085367,0.03620516,0.0435361,0.053907182,0.08657814
0.0024175856,0.0098108975,0.003635664,0.0053157452,-0.00071869104,0.0066733696,-0.0010653737,-0.0031363373,-0.026572825,-0.019009968,-0.03982792,-0.01792425,0.017631803,0.025074536,0.026488079,0.01158589,-0.055517346,-0.048158757,-0.0834045,-0.13770628,0.031076014,0.038429357,0.046275172,0.08456265
0.0021201137,0.009505232,0.0031878366,0.00522193,-0.0004997833,0.0068819937,-0.0007410662,-0.003058641,-0.02703047,-0.019481413,-0.040503424,-0.018707287,0.01785003,0.025286537,0.026812444,0.012057917,-0.047412973,-0.04005513,-0.071132675,-0.13498175,0.025898414,0.033313893,0.03861109,0.082781784
0.001885006,0.009266228,0.0028368891,0.0051438934,-0.0003268916,0.0070417696,-0.00048861303,-0.0029961916,-0.027445424,-0.019932617,-0.041160673,-0.019282205,0.018081255,0.025506124,0.027115978,0.012403713,-0.041025076,-0.03373797,-0.061488505,-0.13274807,0.021838648,0.029293746,0.032552063,0.08135035
0.0016221373,0.009005598,0.0024444417,0.0050496655,-0.00013772247,0.0072172116,-0.00021695247,-0.0029279608,-0.02774906,-0.020294981,-0.041664526,-0.019917566,0.018255616,0.02566409,0.027326733,0.012799208,-0.033873055,-0.026646707,-0.050761145,-0.13013256,0.017342383,0.024781317,0.025816195,0.079708874
0.0013951369,0.008787642,0.002111925,0.0049752644,2.224023e-05,0.007371776,1.2797536e-05,-0.0028710263,-0.027944332,-0.020530388,-0.04200383,-0.020471895,0.018351028,0.025762774,0.027453724,0.013135719,-0.027838243,-0.020620845,-0.041651487,-0.12799236,0.013499946,0.020955052,0.020086646,0.07838579
0.0011726351,0.008569905,0.0017825201,0.0048996294,0.00017708875,0.007527749,0.00024209276,-0.0028139774,-0.02814834,-0.020740503,-0.042324413,-0.020957213,0.018429283,0.02585158,0.027589515,0.013423336,-0.021962428,-0.014583666,-0.032625373,-0.1258256,0.009727333,0.017230598,0.014447417,0.07700332
0.00089869654,0.008292651,0.0013778888,0.004804887,0.00036789916,0.0077227494,0.0005238416,-0.0027388795,-0.028380228,-0.020978564,-0.042649616,-0.021566521,0.018508771,0.025940469,0.027728712,0.013804163,-0.014660718,-0.007135926,-0.021586426,-0.123124376,0.0050891005,0.012628274,0.0075375224,0.07531245
0.00062029524,0.008006494,0.0009657204,0.004700948,0.0005579373,0.00792023,0.0008108345,-0.0026567546,-0.028523527,-0.021088185,-0.04278505,-0.022148117,0.018513253,0.025953721,0.027758569,0.014166753,-0.0071969386,0.00038518896,-0.010508641,-0.12020481,0.00039777835,0.00794863,0.00057154545,0.07348062
0.00029942414,0.007674214,0.0004779228,0.00451133,0.00077283033,0.008139959,0.0011364343,-0.0025203612,-0.028177055,-0.020710515,-0.0422143,-0.022839118,0.018203773,0.025644075,0.02730834,0.014591699,0.0014538523,0.00902507,0.0022778232,-0.115090474,-0.004942962,0.0025972035,-0.0074349185,0.070230134
3.0171912e-05,0.0073991083,7.354065e-05,0.004376994,0.0009569061,0.008327018,0.0014147973,-0.0024232755,-0.027852545,-0.020347808,-0.041691966,-0.023403212,0.017921038,0.025377566,0.026896928,0.014927233,0.008628785,0.016219478,0.013038695,-0.111442864,-0.00939008,-0.0018431526,-0.014135276,0.06788414
-0.00024325725,0.0071203997,-0.00033895398,0.0042658285,0.0011471375,0.008512796,0.0017060786,-0.0023399002,-0.027703948,-0.020162776,-0.041434467,-0.02395229,0.017750446,0.025200108,0.026640076,0.015253343,0.016027698,0.023690492,0.024084823,-0.108456224,-0.014014267,-0.006503516,-0.021071903,0.06589924
-0.0005489154,0.0068109245,-0.0007963413,0.004130409,0.0013587009,0.008717008,0.0020177718,-0.0022397132,-0.027408695,-0.019845687,-0.040988028,-0.024547573,0.017486764,0.024931563,0.026226707,0.01561515,0.02431742,0.03190268,0.036279045,-0.10474408,-0.019149365,-0.011678181,-0.028810287,0.06351198
-0.00081144704,0.0065434203,-0.001189284,0.0040169596,0.0015443738,0.008890469,0.0022932997,-0.0021537105,-0.027105484,-0.019546274,-0.040559378,-0.025142679,0.017242692,0.024659391,0.025835218,0.01595556,0.03151402,0.038980916,0.046925463,-0.10155393,-0.023671938,-0.016205229,-0.035593886,0.061446223
-0.0010951929,0.0062556993,-0.0016200226,0.003883969,0.0017414361,0.009077308,0.0025816192,-0.002056227,-0.026717486,-0.019186992,-0.04002058,-0.025724428,0.016948175,0.024341077,0.025369637,0.01628386,0.039221857,0.04668444,0.058446553,-0.09792297,-0.028524132,-0.021026216,-0.042840447,0.059089005
-0.0014004343,0.005948566,-0.0020861565,0.0037302237,0.0019456251,0.009279594,0.0028822247,-0.0019469747,-0.026108611,-0.018603723,-0.039121445,-0.026281936,0.016491612,0.02387793,0.024697788,0.016606135,0.04740376,0.054937575,0.07073646,-0.093815215,-0.03366667,-0.026107747,-0.050478365,0.056444608
-0.0016698851,0.0056782514,-0.002500831,0.0035927554,0.0021237992,0.009458319,0.0031501323,-0.0018487818,-0.025461433,-0.01797275,-0.038113248,-0.026727822,0.016008174,0.023393555,0.024006668,0.016856857,0.05460449,0.062206727,0.08166101,-0.09009555,-0.038193736,-0.030561779,-0.057175122,0.054093957
-0.0019128486,0.0054311063,-0.0028714773,0.0034665628,0.00228569,0.009615821,0.0033911157,-0.0017559998,-0.024879385,-0.017406229,-0.03720241,-0.02713822,0.015575008,0.022957796,0.023362713,0.017096354,0.06107141,0.068703145,0.09140851,-0.08666954,-0.04221054,-0.034588795,-0.06317126,0.051929172
-0.0021448552,0.0051940437,-0.0032216182,0.0033478108,0.002439209,0.009764785,0.0036234912,-0.0016698841,-0.024295708,-0.016834188,-0.03631458,-0.027551025,0.015145971,0.022525948,0.0227211,0.017343262,0.067254156,0.074915014,0.10065553,-0.083488904,-0.045996707,-0.038448043,-0.068875246,0.04990445
-0.0023978509,0.004937977,-0.0035995275,0.0032046575,0.0026046848,0.009921991,0.0038716425,-0.0015698101,-0.023482325,-0.016038718,-0.035151187,-0.027972853,0.014572484,0.02195174,0.021865496,0.01759408,0.07393023,0.08161813,0.11063551,-0.07970444,-0.050125778,-0.042621974,-0.07516654,0.047446888
-0.0025944444,0.0047439407,-0.0038900408,0.0030750306,0.0027331423,0.010043731,0.0040677446,-0.0014779135,-0.022651223,-0.0152204875,-0.033962,-0.028366802,0.014013045,0.021378037,0.021006715,0.017819997,0.079120524,0.086732075,0.11839128,-0.076149724,-0.05338756,-0.045921262,-0.08012915,0.045260232
-0.0028166599,0.004519701,-0.0042146216,0.0029407425,0.002882508,0.010181129,0.0042907693,-0.0013816576,-0.02182872,-0.014397964,-0.03279052,-0.028822036,0.0134508135,0.020807032,0.020137567,0.018089693,0.08498181,0.092464894,0.1270808,-0.07243476,-0.05702798,-0.04956863,-0.085719146,0.042953603
-0.0029980422,0.0043311687,-0.004487015,0.0028165656,0.0030029085,0.010290594,0.0044718874,-0.0012925104,-0.021028625,-0.013592476,-0.03161438,-0.029156689,0.012904045,0.020248074,0.01930273,0.018262342,0.08980721,0.097222276,0.13431892,-0.069009155,-0.060055554,-0.052524272,-0.09029264,0.040738065
-0.0031859532,0.004136431,-0.0047759856,0.0027148342,0.003124575,0.010407535,0.0046604592,-0.0012180726,-0.020513488,-0.013082314,-0.030823182,-0.029516269,0.012534758,0.019856635,0.018743519,0.018446514,0.09493089,0.10222439,0.14192587,-0.06624231,-0.063248046,-0.055635445,-0.09495171,0.0389682
-0.0033625576,0.0039600553,-0.005051966,0.0025762261,0.0032377858,0.010520918,0.0048315837,-0.0011250564,-0.019520735,-0.012090832,-0.029282019,-0.029759742,0.011868643,0.019169543,0.01772228,0.01856102,0.09980575,0.10687606,0.14904517,-0.0626126,-0.06621697,-0.058588415,-0.099315494,0.03668993
-0.0035490326,0.003773247,-0.005333168,0.0024368216,0.0033558886,0.010635866,0.0050118845,-0.0010283102,-0.018467654,-0.011064293,-0.02769419,-0.030063063,0.011167929,0.018433716,0.016651427,0.01873139,0.1048552,0.111808345,0.15653116,-0.058844704,-0.069294445,-0.061776124,-0.10388647,0.03433357
-0.003771594,0.003554307,-0.00566431,0.0022625178,0.003491372,0.010779368,0.005221419,-0.0009077146,-0.017185822,-0.009801565,-0.025774999,-0.030388623,0.010305139,0.01756434,0.015334623,0.018934613,0.11070665,0.11776804,0.16526575,-0.05424456,-0.07294748,-0.065530345,-0.10933266,0.031489123
-0.0039077415,0.003418977,-0.005862658,0.0021188278,0.0035709853,0.010866472,0.005344178,-0.0008080986,-0.016025977,-0.008661662,-0.024024818,-0.030567847,0.009516046,0.016787525,0.014153676,0.01904534,0.11418011,0.12137111,0.1705249,-0.050406165,-0.075153835,-0.06773251,-0.11259382,0.02915951
-0.004090048,0.0032366575,-0.0061421837,0.0019313163,0.003676973,0.010976574,0.005507468,-0.0006822253,-0.014664626,-0.0073150937,-0.021981053,-0.03082452,0.00858778,0.015863862,0.012778606,0.019170456,0.118842766,0.126239,0.1775677,-0.04553027,-0.078140706,-0.07061756,-0.11698262,0.026041258
-0.0042031566,0.003119675,-0.0063153156,0.0017975809,0.0037382937,0.011043493,0.0056126225,-0.00059214636,-0.013559841,-0.006220434,-0.020320991,-0.031064223,0.007829897,0.015119767,0.011686338,0.019272214,0.1217646,0.12919608,0.18204878,-0.04197424,-0.08000234,-0.07232315,-0.119660705,0.023699945
-0.004313973,0.0030101524,-0.006482855,0.0016762875,0.0037992497,0.011108379,0.0057094423,-0.00050997955,-0.012534677,-0.00520155,-0.018812358,-0.03128214,0.0071369703,0.014418406,0.010672717,0.019372895,0.12471568,0.13205719,0.18645419,-0.03870593,-0.08182238,-0.07404643,-0.12234295,0.021549338
-0.0044417386,0.0028830324,-0.006674176,0.0015292255,0.0038689675,0.01118132,0.005816686,-0.00041067088,-0.01134286,-0.004034683,-0.017066631,-0.03148292,0.006348156,0.01360603,0.009494304,0.019479794,0.12804456,0.13531765,0.19147219,-0.034717057,-0.08390059,-0.07605559,-0.12541164,0.019007776
-0.0045560244,0.0027699308,-0.0068401652,0.0013743389,0.00393367,0.011239809,0.005911993,-0.0003018753,-0.009934637,-0.0026711868,-0.01498485,-0.03158267,0.005430288,0.012665374,0.008090121,0.01953377,0.1308879,0.13816223,0.19589101,-0.030427432,-0.085706845,-0.07787748,-0.12807988,0.01636477
-0.004651594,0.0026737489,-0.006977402,0.0012193884,0.00398885,0.011286421,0.005992847,-0.00019068694,-0.008574011,-0.0013588257,-0.012982734,-0.031710528,0.0045423545,0.01176179,0.0067127286,0.019601904,0.13324371,0.14053878,0.19957708,-0.026169542,-0.08712305,-0.07944638,-0.13024883,0.013764753
-0.0047523887,0.0025748145,-0.007127513,0.0010440808,0.004047869,0.011340011,0.0060816607,-6.852341e-05,-0.007107503,7.1364455e-05,-0.010791064,-0.031811792,0.003571491,0.010786164,0.00524351,0.019641213,0.13572977,0.14311999,0.20362607,-0.021352265,-0.08860851,-0.08103566,-0.1325931,0.010787037
-0.004828021,0.002497523,-0.007243282,0.00088106166,0.00409066,0.011379206,0.0061494242,4.437947e-05,-0.0056946045,0.0014534141,-0.00864523,-0.03190588,0.0026209934,0.009845546,0.003828546,0.01967376,0.13752389,0.14514866,0.20661104,-0.01696549,-0.089676134,-0.08219479,-0.13428748,0.00801856
-0.0048942124,0.0024282988,-0.00734759,0.0006954202,0.0041217897,0.011406178,0.006199546,0.0001668912,-0.0040574223,0.0030608885,-0.0061791046,-0.032032717,0.0015344773,0.008767986,0.0022101162,0.019714607,0.13899189,0.1468584,0.2089756,-0.012113817,-0.09057711,-0.083130196,-0.13567264,0.004958188
-0.0049506007,0.0023687957,-0.0074372115,0.00049607636,0.0041440707,0.01142377,0.00623438,0.0002970738,-0.0023497,0.0047598258,-0.0035977047,-0.032141667,0.00040330272,0.007642805,0.0005333021,0.019730046,0.14021419,0.14822909,0.21094492,-0.0068411008,-0.0913453,-0.083823055,-0.13678288,0.001632564
-0.0049815,0.0023297956,-0.0074816695,0.00032786344,0.0041537527,0.011427988,0.0062526604,0.00041189668,-0.00081490335,0.0062979427,-0.0012932833,-0.032216962,-0.00061699055,0.0066323583,-0.0009693998,0.019748038,0.14089282,0.1490066,0.21197668,-0.0023116772,-0.091773205,-0.08421537,-0.13732424,-0.0012307098
-0.004987137,0.0023174486,-0.007488488,0.00017330854,0.004141221,0.0114091,0.0062363953,0.0005173389,0.0006450468,0.0077661313,0.00087456463,-0.03228189,-0.0015792039,0.0056540687,-0.0024018446,0.019763496,0.14099579,0.14894047,0.21200722,0.001899255,-0.0916635,-0.08416142,-0.13716415,-0.003854096
-0.004979924,0.002312107,-0.007477316,1.1043507e-05,0.00412053,0.011379718,0.0062110513,0.00062502676,0.0021984302,0.009341796,0.0031960737,-0.032300092,-0.00259336,0.004616145,-0.0039239577,0.019758932,0.14078327,0.14847657,0.2115699,0.0063269534,-0.09128847,-0.08396173,-0.1366948,-0.0066104145
-0.00494821,0.002333846,-0.0074325297,-0.00016305954,0.0040887087,0.011338422,0.00615175,0.0007361029,0.003731869,0.0109122535,0.0054611536,-0.03227139,-0.0036083735,0.0035819649,-0.005470852,0.019720403,0.13990006,0.14735508,0.21011569,0.010994848,-0.09054796,-0.08335412,-0.13580868,-0.009469298
-0.004898616,0.0023790412,-0.007354636,-0.00031536896,0.0040460513,0.0112896245,0.006078,0.0008342253,0.0049823644,0.01219098,0.0073134224,-0.032171838,-0.0044525615,0.0027371421,-0.00675537,0.019633919,0.13842006,0.14574459,0.20785548,0.015065737,-0.08958139,-0.082420476,-0.13453107,-0.011960908
-0.00485117,0.0024088495,-0.007291392,-0.00049637,0.0040028365,0.011237917,0.0060129995,0.0009518983,0.006506075,0.013724916,0.009601131,-0.03204596,-0.0054816427,0.0017225686,-0.008294738,0.01951547,0.13701381,0.14428133,0.20565285,0.019864907,-0.08867103,-0.08152034,-0.13320743,-0.01497625
-0.0047809375,0.0024630725,-0.0071947733,-0.00066700066,0.0039412566,0.011171432,0.005925833,0.0010637391,0.007918786,0.015145569,0.011744496,-0.031907503,-0.0064374055,0.00078119105,-0.009718546,0.019383857,0.1350349,0.14228478,0.20268905,0.024404854,-0.08736771,-0.08019239,-0.1311911,-0.01784127
-0.004694606,0.0025467477,-0.0070643313,-0.0008230421,0.0038637544,0.011095983,0.005816616,0.0011654502,0.009248345,0.016454227,0.01372294,-0.03178524,-0.007310311,-9.503495e-05,-0.011025866,0.019270193,0.13258299,0.13975629,0.19905762,0.028523112,-0.0857024,-0.07853639,-0.12867229,-0.020433323
-0.0046236455,0.0026156027,-0.0069537633,-0.00095513614,0.0037999202,0.0110356985,0.005721648,0.0012508895,0.010341535,0.017521603,0.0153613025,-0.031672336,-0.008020414,-0.0007987558,-0.012095811,0.01916996,0.13048716,0.13775286,0.19602431,0.032014214,-0.084323674,-0.07715973,-0.12657705,-0.022624653
-0.0044985847,0.0027375133,-0.0067628017,-0.0011266792,0.003697874,0.010932998,0.005561925,0.0013639197,0.011789562,0.018962163,0.017540256,-0.031477034,-0.008971015,-0.0017574863,-0.013529075,0.019013071,0.12694238,0.13423234,0.1907014,0.036637437,-0.081971474,-0.07485498,-0.12311224,-0.025454605
-0.00437082,0.0028601321,-0.0065710153,-0.0013055459,0.0035980016,0.010828308,0.0054004453,0.0014815101,0.013198026,0.020382207,0.019669041,-0.031265553,-0.009909422,-0.002707453,-0.014940883,0.018860482,0.12336709,0.13071042,0.18536422,0.04149717,-0.07959281,-0.07257954,-0.11968671,-0.028395694
-0.0042105424,0.0030172234,-0.006328877,-0.0014831021,0.0034728518,0.010699913,0.005207176,0.0015975466,0.014589336,0.021775372,0.021774013,-0.031002123,-0.010839832,-0.0036375602,-0.0163213,0.01866398,0.11892546,0.12619415,0.17875963,0.046413302,-0.07668435,-0.06971926,-0.11542769,-0.03135953
-0.0040693665,0.0031554583,-0.006114261,-0.0016183986,0.0033608358,0.010586886,0.0050447136,0.001687251,0.015544362,0.022748282,0.023251753,-0.030756671,-0.011497669,-0.0042987172,-0.017301552,0.018472396,0.114943564,0.12228552,0.17288974,0.050089408,-0.07420813,-0.0672288,-0.11165289,-0.033639234
-0.003888751,0.0033288938,-0.005842417,-0.0017753841,0.003221508,0.01044388,0.004836837,0.0017895022,0.01671557,0.023932049,0.025051551,-0.030450188,-0.012282932,-0.005089911,-0.01848373,0.018251857,0.10993628,0.11728524,0.1654148,0.054357424,-0.07102204,-0.06405741,-0.10691819,-0.03625601
-0.003721808,0.0034912229,-0.005592554,-0.0019269603,0.0030928121,0.010309047,0.004641982,0.0018877903,0.017808978,0.025031954,0.026711823,-0.030195398,-0.013006214,-0.005827513,-0.019588264,0.018063573,0.10526572,0.11268911,0.15848835,0.058403958,-0.068045594,-0.06116023,-0.10248596,-0.038722984
-0.0035108782,0.0036957439,-0.005272882,-0.0020976828,0.0029349213,0.01014667,0.004399131,0.0019968199,0.019043688,0.026277887,0.028588545,-0.02988007,-0.0138349775,-0.006652431,-0.020834047,0.017825365,0.09943992,0.10684328,0.14979662,0.06302403,-0.064303875,-0.057489,-0.09691202,-0.04152962
-0.0033517359,0.0038407375,-0.005046973,-0.0022844607,0.002819234,0.010029657,0.004226064,0.0021143532,0.019933423,0.027197182,0.029943073,-0.029777901,-0.014449422,-0.007265948,-0.02175151,0.017730245,0.09524389,0.102560155,0.14337106,0.067876324,-0.061590523,-0.054789916,-0.09288695,-0.04457329
-0.0031584136,0.004018604,-0.0047658435,-0.0024329019,0.0026730539,0.009879501,0.004008623,0.00220515,0.020817276,0.028107205,0.031294078,-0.029455101,-0.015060382,-0.007879473,-0.022662522,0.017499363,0.09006955,0.09733082,0.1354159,0.07161979,-0.058300715,-0.0514393,-0.08780108,-0.046933163
-0.0029448674,0.0042210664,-0.004447948,-0.0025844667,0.0025124329,0.00971234,0.0037687398,0.0023014173,0.021729719,0.02902661,0.03268051,-0.029093742,-0.015686851,-0.008517956,-0.023602659,0.017247992,0.08424673,0.09147032,0.12652318,0.07549934,-0.054627374,-0.04769639,-0.08214902,-0.049348917
-0.0027167702,0.0044426695,-0.0041094944,-0.0027395852,0.0023426847,0.009536439,0.0035112563,0.0024020025,0.022642532,0.029935623,0.034059625,-0.028694306,-0.016314512,-0.009151647,-0.02453755,0.016965318,0.0779848,0.08520229,0.11698813,0.07952575,-0.05065857,-0.043675277,-0.076147884,-0.051843725
-0.002467219,0.0046888716,-0.0037372161,-0.0029034808,0.0021582758,0.009347269,0.003231708,0.0025082733,0.023544824,0.030841865,0.03543043,-0.028273288,-0.016941205,-0.009774627,-0.025458345,0.016654955,0.071136706,0.078316465,0.10663143,0.083852105,-0.04628988,-0.03927343,-0.06961529,-0.054508574
-0.002228491,0.0049311006,-0.0033755838,-0.0030568333,0.0019789818,0.009162447,0.0029645911,0.002606039,0.024286643,0.031597704,0.036539458,-0.02788122,-0.017463509,-0.0102993995,-0.026223483,0.016359065,0.0644829,0.071640864,0.09667942,0.08781786,-0.04202138,-0.035001457,-0.06325267,-0.056983884
-0.0019548472,0.0052086003,-0.0029572062,-0.0032117327,0.001774875,0.008956762,0.0026594275,0.0027027926,0.024993932,0.032316886,0.03759365,-0.027435072,-0.017948192,-0.010785876,-0.026949363,0.016035212,0.056838922,0.06397748,0.08528478,0.09182191,-0.03710947,-0.03008717,-0.05597474,-0.059499424
-0.0017025303,0.0054642763,-0.0025713993,-0.0033542325,0.0015842153,0.008763582,0.0023729752,0.0027912084,0.025573028,0.032894123,0.03845137,-0.02699558,-0.018349474,-0.011190109,-0.02755532,0.015726343,0.049770284,0.056955382,0.07473579,0.09551238,-0.032612324,-0.02562663,-0.049310643,-0.0617886
-0.0014621514,0.005699394,-0.002202384,-0.0034918212,0.0014024717,0.008575045,0.0021004213,0.0028778415,0.026011255,0.033294797,0.03910588,-0.026551913,-0.01866397,-0.01150606,-0.028025638,0.015422851,0.043125633,0.0502128,0.06475583,0.09923822,-0.028432822,-0.021449152,-0.042969197,-0.06404918
-0.0012463256,0.005907695,-0.0018721017,-0.00360008,0.001241383,0.00841213,0.0018553939,0.0029440967,0.026399383,0.03363043,0.03967153,-0.026137546,-0.018920265,-0.011759637,-0.028411172,0.015142558,0.03719202,0.044227302,0.055821132,0.102186285,-0.024716169,-0.017682437,-0.037216034,-0.0658376
-0.0010127978,0.006128437,-0.0015179749,-0.0037159775,0.0010698923,0.008240642,0.001595693,0.0030158954,0.026723605,0.033909105,0.040153686,-0.025731264,-0.019128636,-0.011983538,-0.02874434,0.014867229,0.030810786,0.037921865,0.046234217,0.10528724,-0.02072899,-0.013653086,-0.031068983,-0.06772582
-0.00080686645,0.006319824,-0.0012045146,-0.0039313682,0.00091629755,0.008084441,0.0013690137,0.0031577474,0.027316315,0.034469407,0.04105394,-0.025499925,-0.019552287,-0.012439195,-0.029404106,0.014700597,0.02516612,0.032411642,0.037833605,0.11110825,-0.017213885,-0.010094381,-0.025657194,-0.07130667
-0.0005319297,0.0065870844,-0.0007893663,-0.0040753223,0.0007116002,0.007873411,0.0010661155,0.0032481044,0.027614571,0.034725934,0.04147687,-0.02501344,-0.019769037,-0.012671702,-0.029735034,0.0143673215,0.017643776,0.025000999,0.02659444,0.11485452,-0.012447686,-0.0053159483,-0.018489657,-0.07360907
-0.00029113315,0.0068300394,-0.00043477194,-0.004187341,0.0005376949,0.0076995417,0.0008078317,0.0033097607,0.027878202,0.03497748,0.04184681,-0.024576304,-0.019953638,-0.012836967,-0.029988067,0.014077325,0.011002814,0.018483039,0.016702902,0.11765507,-0.008173688,-0.001055141,-0.012244518,-0.07536295
2.748955e-06,0.007129735,4.92857e-07,-0.0043163328,0.0003223423,0.007483965,0.00048806262,0.003383793,0.027928934,0.03503769,0.041889608,-0.023956615,-0.02002305,-0.012879552,-0.03005829,0.013665101,0.002852909,0.0104455305,0.0044930438,0.12081482,-0.0029433027,0.0041637197,-0.004598204,-0.07736056
0.0002970765,0.007430792,0.0004415987,-0.0044443645,0.000107860484,0.007268407,0.00016499168,0.0034579353,0.027994942,0.035125293,0.041974533,-0.023322953,-0.020107955,-0.01292889,-0.030140303,0.013246084,-0.005307121,0.0022922542,-0.007718458,0.12408888,0.0022663178,0.009385816,0.0031031945,-0.07940279
0.00056477264,0.007707945,0.0008456903,-0.004547736,-8.911576e-05,0.007071178,-0.00013517422,0.003516978,0.027941529,0.035085313,0.041879833,-0.022694174,-0.020105768,-0.0129027255,-0.030106448,0.012837088,-0.012720015,-0.0051994966,-0.018822622,0.12676047,0.007000244,0.014120967,0.01015651,-0.08102998
0.00082712295,0.007973056,0.0012424649,-0.0046585216,-0.0002817708,0.006880245,-0.0004259927,0.0035822098,0.027730936,0.034866586,0.041551743,-0.02208653,-0.020000122,-0.012790808,-0.029933773,0.012439792,-0.019964125,-0.012445457,-0.029667318,0.12969874,0.0115957465,0.018726908,0.017096436,-0.082781956
0.0010669632,0.008211885,0.0016035507,-0.0047678645,-0.00045713809,0.006707734,-0.000687204,0.0036450576,0.027657581,0.03476841,0.04143613,-0.021568505,-0.019974658,-0.012763653,-0.029886065,0.012100268,-0.026563078,-0.019001218,-0.03954282,0.13263167,0.015773265,0.022935782,0.023509247,-0.084536165
0.0013322278,0.008475703,0.0020027687,-0.004881746,-0.0006508683,0.0065134633,-0.0009802126,0.0037105838,0.027361337,0.03444925,0.040974766,-0.020920174,-0.019816486,-0.012595592,-0.029633632,0.011669589,-0.03383083,-0.026252087,-0.050517585,0.13562517,0.0203746,0.02758,0.030571153,-0.086341105
0.0015901435,0.008727737,0.0023881136,-0.005061746,-0.00082597835,0.006330228,-0.0012536107,0.0038314788,0.027117573,0.034190692,0.04059213,-0.020592507,-0.019718466,-0.012505256,-0.029487018,0.011434359,-0.040768992,-0.033252485,-0.060899552,0.14052466,0.024782196,0.032001372,0.037132304,-0.089350335
0.0018746424,0.009010138,0.0028105343,-0.0051773973,-0.0010251321,0.0061310437,-0.0015606831,0.0039041433,0.026636323,0.033704765,0.0398611,-0.019900821,-0.01942995,-0.012213772,-0.029060017,0.010968114,-0.04850063,-0.04097975,-0.07244202,0.14364025,0.02968102,0.036914315,0.04445113,-0.0912367
0.0021306777,0.009267379,0.0031863742,-0.0052778055,-0.0012030142,0.005956335,-0.0018350973,0.003965715,0.02622237,0.03328719,0.03923295,-0.019292258,-0.019177675,-0.011953263,-0.028695032,0.010563102,-0.055408325,-0.047893435,-0.08278178,0.1463283,0.034090947,0.041339982,0.051090468,-0.09285098
0.0023852882,0.009523504,0.0035643694,-0.0053703906,-0.0013816786,0.0057779076,-0.0021094447,0.004022614,0.025697278,0.032758355,0.03845381,-0.018706767,-0.01885548,-0.01163888,-0.028233008,0.010185778,-0.062230825,-0.054787558,-0.09310996,0.14880492,0.038448237,0.045652825,0.057642285,-0.09429024
0.0026802162,0.009822154,0.0040024105,-0.005505513,-0.0015914978,0.005568229,-0.0024179453,0.004103671,0.02486812,0.031946056,0.037261806,-0.018028233,-0.018364323,-0.011165928,-0.027514182,0.009747071,-0.07014242,-0.06288449,-0.10511408,0.15232189,0.043472722,0.050623063,0.065211535,-0.09640933
0.0029672584,0.01010981,0.0044307658,-0.005610239,-0.0018040417,0.005353852,-0.0027358904,0.0041652396,0.0240405,0.03114941,0.036050145,-0.017193256,-0.017883172,-0.010687586,-0.026798867,0.0092127565,-0.07795214,-0.07088415,-0.11702633,0.15503061,0.048506998,0.05559755,0.072778754,-0.09805234
0.0031991564,0.010343611,0.004780438,-0.005690083,-0.0019771536,0.005177384,-0.0030002818,0.004210706,0.023235103,0.030373452,0.034845877,-0.016440364,-0.017415348,-0.010202037,-0.026095027,0.008724396,-0.08436798,-0.07746188,-0.1267687,0.1570912,0.05262689,0.059746306,0.07898866,-0.0993277
0.0034401654,0.010586528,0.0051499694,-0.0057792915,-0.002160805,0.0049991747,-0.003274584,0.0042590373,0.02243125,0.029571457,0.03363702,-0.015613606,-0.016931145,-0.009698665,-0.025367739,0.008185556,-0.09109169,-0.08421502,-0.13690732,0.15943073,0.05688566,0.06407083,0.08543871,-0.10077246
0.0036189158,0.010772118,0.005421403,-0.00584023,-0.0023000157,0.0048700133,-0.0034774551,0.004291187,0.021601528,0.028739138,0.03238246,-0.014931993,-0.016414782,-0.009172013,-0.024603479,0.0077440827,-0.09601378,-0.0891248,-0.14440767,0.16096461,0.060020246,0.067259796,0.09023116,-0.10172509
0.0038174232,0.010979701,0.0057193134,-0.005912114,-0.0024529763,0.0047334265,-0.003696158,0.004331749,0.020752784,0.027885342,0.031106664,-0.014212404,-0.01587183,-0.008630782,-0.02380151,0.0072799097,-0.10149011,-0.094454564,-0.15261824,0.16281453,0.06347214,0.07072954,0.09543456,-0.10284159
0.0040477086,0.0112245735,0.0060617854,-0.0059796455,-0.0026237236,0.0045752656,-0.003947575,0.004371982,0.019757621,0.02689111,0.029602777,-0.013438237,-0.015237355,-0.007995134,-0.022852842,0.0067826505,-0.10791422,-0.10064571,-0.16209595,0.1646,0.06752594,0.07476909,0.101389855,-0.10390647
0.004208608,0.011401631,0.00629831,-0.0060214703,-0.0027422074,0.004464037,-0.004125637,0.0043951217,0.018942133,0.026091885,0.028394224,-0.012878767,-0.014712367,-0.007481082,-0.022071514,0.0064312643,-0.11245586,-0.105028294,-0.16870143,0.16566986,0.070419945,0.07758903,0.1055241,-0.10450959
0.004355747,0.011562759,0.0065149073,-0.0060677314,-0.0028538036,0.0043591517,-0.004294724,0.004417774,0.01802489,0.025192594,0.027034381,-0.012261075,-0.01412798,-0.0069086724,-0.021200564,0.006043062,-0.11663086,-0.10917002,-0.17484014,0.16681951,0.07309175,0.08021678,0.10944526,-0.10518903
0.004533406,0.011754429,0.0067788986,-0.006140873,-0.0029951385,0.004231453,-0.0045057437,0.0044514355,0.016762983,0.023974983,0.025192583,-0.011377014,-0.013348986,-0.0061267563,-0.020013511,0.0054769204,-0.12164057,-0.11428869,-0.18236583,0.16862217,0.07624477,0.083431974,0.11429805,-0.10628719
0.004697104,0.011928618,0.007029607,-0.0062102424,-0.0031254021,0.0041184984,-0.004705805,0.004485809,0.01574525,0.023003275,0.023700813,-0.0106330495,-0.012725865,-0.0055022244,-0.019074477,0.004998031,-0.12608533,-0.11898454,-0.18930511,0.1703691,0.07902123,0.08632229,0.11876051,-0.107314855
0.004869744,0.012104652,0.007289647,-0.0062715504,-0.0032649094,0.003994029,-0.0049114106,0.004516653,0.014385622,0.021680614,0.021716101,-0.0097156605,-0.011878129,-0.0046623996,-0.017815737,0.004409401,-0.13076533,-0.12379924,-0.19653517,0.17190868,0.081944406,0.08933563,0.123426266,-0.10819597
0.005029757,0.01226634,0.0075269807,-0.006319495,-0.003398316,0.0038787876,-0.0050978195,0.004540551,0.012968415,0.02027288,0.019634558,-0.00881164,-0.010976812,-0.0037849084,-0.016502244,0.00383142,-0.13513386,-0.12814218,-0.20320196,0.17303205,0.08472666,0.09208196,0.12771294,-0.10885211
0.0051580444,0.012394238,0.007719482,-0.006356481,-0.0034967924,0.0037887944,-0.005239111,0.0045631966,0.012062838,0.019355256,0.018304592,-0.008297621,-0.010403152,-0.003227091,-0.015677795,0.0035032127,-0.13871282,-0.13156664,-0.2085562,0.17393121,0.08699921,0.09425287,0.1310189,-0.1094025
0.0052015074,0.012444883,0.007792854,-0.006355384,-0.003537192,0.0037463724,-0.0053044474,0.0045617977,0.0110910395,0.018379748,0.016850354,-0.00786923,-0.009782345,-0.002611495,-0.014759285,0.0032410845,-0.14021413,-0.1329095,-0.21060982,0.17384204,0.08794967,0.0950982,0.13220207,-0.10930888
0.0052860305,0.012542304,0.00792636,-0.0063688084,-0.0036140548,0.0036757921,-0.0054217735,0.0045582964,0.00980777,0.017122231,0.014940289,-0.007101071,-0.008956655,-0.0017880532,-0.0135149285,0.0027676683,-0.14284495,-0.13554636,-0.21434984,0.17404716,0.08964471,0.09677353,0.13456585,-0.109406196
0.0054665892,0.012730878,0.008193924,-0.0064853816,-0.003743895,0.0035526433,-0.0056157373,0.004625068,0.0083589135,0.015690953,0.012747608,-0.006620756,-0.008069602,-0.000897435,-0.012160057,0.0024646772,-0.14771514,-0.14048609,-0.22160344,0.17699341,0.092737496,0.09990981,0.13919064,-0.111253254
0.0055476087,0.012820141,0.008309809,-0.006468991,-0.0038123329,0.0034949344,-0.005719728,0.0046053566,0.0071307104,0.01446531,0.010869809,-0.0058877924,-0.007267354,-9.113131e-05,-0.010945483,0.0020094337,-0.14991279,-0.14275518,-0.22489344,0.17634484,0.09421446,0.101470485,0.14142673,-0.110868365
0.0056322073,0.012907378,0.008428251,-0.006492119,-0.0038870692,0.0034248815,-0.0058330228,0.0046152486,0.0056188675,0.012947088,0.008586648,-0.005033139,-0.006301824,0.0008765743,-0.00951307,0.0014654507,-0.15224941,-0.14510125,-0.22845152,0.17683801,0.09576039,0.10310453,0.14390823,-0.11116791
0.005682214,0.012960326,0.008504621,-0.006497294,-0.0039437935,0.003374576,-0.005915884,0.0046163904,0.0042709215,0.011582233,0.0065326886,-0.0042242655,-0.0054316055,0.0017445642,-0.008239422,0.0009449325,-0.15374711,-0.1465053,-0.23074953,0.17692563,0.09674311,0.10415063,0.14560735,-0.11118081
0.0057230783,0.013003953,0.008571761,-0.0065124235,-0.003993719,0.003331751,-0.005988261,0.0046262667,0.0031327608,0.01041087,0.00477877,-0.0035860846,-0.0047038104,0.0024714093,-0.007189309,0.0005304942,-0.15506311,-0.14766377,-0.23273899,0.17733681,0.09758643,0.1050146,0.14707077,-0.11139879
0.0057525435,0.013037985,0.008623608,-0.0065158857,-0.004038491,0.0032955846,-0.0060484763,0.0046229786,0.0018379998,0.009122439,0.0028287242,-0.0028243612,-0.0038881402,0.0032916795,-0.005956989,5.4054486e-05,-0.15631619,-0.14866203,-0.23446353,0.17730922,0.09837843,0.10571882,0.14815068,-0.11137031
0.0057711727,0.013065461,0.0086571695,-0.0064379596,-0.0040724594,0.0032698913,-0.006097167,0.0045616194,0.00045112742,0.0077613387,0.00073735835,-0.0019542244,-0.002983551,0.004205334,-0.0045646103,-0.00046626953,-0.15725242,-0.14940903,-0.23557813,0.17504123,0.0989875,0.1062069,0.14873274,-0.10990518
0.005805994,0.013108125,0.008713891,-0.0064373566,-0.0041182158,0.0032323278,-0.006164365,0.004550648,-0.0009094601,0.006420852,-0.0012994667,-0.001129111,-0.0021313552,0.0050793556,-0.003223328,-0.0009644832,-0.15846702,-0.15062103,-0.23726082,0.1748907,0.09979229,0.1069894,0.14980282,-0.109750085
0.005790438,0.013100894,0.008691254,-0.0064453073,-0.004131307,0.0032331306,-0.0061861803,0.0045456532,-0.002141191,0.005207057,-0.0031337696,-0.00036364174,-0.001350398,0.0058783675,-0.0020132854,-0.0014382153,-0.15815115,-0.15043902,-0.23679435,0.17504959,0.099692024,0.106936924,0.14969058,-0.10983061
0.0057552853,0.013078174,0.008638335,-0.0064513576,-0.0041353316,0.0032436005,-0.0061949017,0.0045398106,-0.0036471584,0.0037204737,-0.005399838,0.0005438234,-0.00039366496,0.0068618217,-0.00054805994,-0.0020115844,-0.15732583,-0.14979205,-0.23552372,0.17517814,0.09921222,0.10663136,0.14924937,-0.10984684
0.005720962,0.013052949,0.008579671,-0.006434324,-0.0041365833,0.003250874,-0.006197762,0.004520294,-0.0052647125,0.0020937286,-0.007856299,0.0014864174,0.000652214,0.00792569,0.0010256668,-0.002606948,-0.15662944,-0.14907423,-0.23427534,0.1746235,0.098836266,0.1063197,0.14876889,-0.10944611
0.0056753936,0.013007997,0.008501622,-0.0064171995,-0.004125767,0.0032664076,-0.0061743828,0.004503854,-0.0066130813,0.00070426473,-0.009914935,0.002224188,0.0015334133,0.008816764,0.0023428798,-0.0030754134,-0.1556401,-0.14784145,-0.23256567,0.17403936,0.09832305,0.105751365,0.14782819,-0.109053515
0.0056062923,0.0129420385,0.008390332,-0.006390703,-0.004100794,0.0032961904,-0.0061310036,0.004481314,-0.007957535,-0.0006702356,-0.011977748,0.0029320044,0.0024142032,0.009700595,0.0036389884,-0.003522044,-0.15404175,-0.14607418,-0.23010702,0.1731671,0.097497776,0.104810655,0.14634208,-0.108525395
0.0055047846,0.012850145,0.008239662,-0.0063662166,-0.004056487,0.0033446457,-0.00606957,0.004458497,-0.009441317,-0.0021435712,-0.014248154,0.0037087125,0.003362926,0.010659786,0.0050347247,-0.0040057767,-0.15154892,-0.14374438,-0.22663078,0.1723815,0.096143425,0.10344366,0.14422931,-0.108077005
0.005401282,0.012759974,0.008088418,-0.0063065477,-0.004006376,0.003398377,-0.006004296,0.0044119987,-0.010821771,-0.0035223207,-0.01639538,0.004468222,0.0042615794,0.011575586,0.006367149,-0.004468618,-0.14886583,-0.14136824,-0.22286259,0.17074166,0.094661646,0.10204019,0.1420198,-0.107049696
0.0054175775,0.012777199,0.008114186,-0.0063321446,-0.004024263,0.0033784993,-0.0060338834,0.00442551,-0.012366524,-0.005069509,-0.018742234,0.0049820533,0.0052174916,0.012544943,0.00780381,-0.00478075,-0.1492185,-0.14190015,-0.22352447,0.17145516,0.09501331,0.10241286,0.14257048,-0.10748556
0.0052896906,0.01265716,0.007922614,-0.006298825,-0.0039615,0.0034463552,-0.0059417565,0.004401609,-0.013752917,-0.006496717,-0.02082998,0.005725068,0.006106367,0.013447633,0.009123951,-0.005243402,-0.14598724,-0.13859516,-0.2185511,0.17059942,0.09317342,0.10048119,0.13971533,-0.10695163
0.005185576,0.012560831,0.007766287,-0.006272932,-0.003912415,0.0034996415,-0.005864568,0.004383346,-0.014919031,-0.0077072373,-0.022563815,0.0064021265,0.0068521886,0.014208013,0.010246149,-0.0056676744,-0.14342777,-0.13587576,-0.21442382,0.16994393,0.091667205,0.09890823,0.13733459,-0.10651463
0.005063679,0.012453939,0.0075837574,-0.0062385336,-0.00385574,0.00356447,-0.005777096,0.0043565705,-0.016081728,-0.008886065,-0.024287727,0.007162285,0.007591486,0.014967278,0.011375811,-0.0061342143,-0.1404495,-0.13279742,-0.20974576,0.169019,0.08986528,0.09711427,0.13459158,-0.1059
0.004854057,0.012258315,0.0072696037,-0.0061135218,-0.0037384557,0.0036866239,-0.0056053293,0.004264892,-0.016941788,-0.009734662,-0.025570534,0.008048331,0.008178174,0.015572825,0.012260329,-0.006658308,-0.13508968,-0.12740612,-0.20173581,0.16555054,0.08654576,0.09387768,0.12968728,-0.10368518
0.0046957894,0.012106695,0.0070359386,-0.006049761,-0.003647541,0.0037765582,-0.005479226,0.004219306,-0.01788573,-0.010682622,-0.027000967,0.008778979,0.008793737,0.016196758,0.0131907975,-0.007101876,-0.13114484,-0.1234834,-0.19582605,0.1637287,0.08411018,0.091506,0.12601866,-0.10256291
0.0045812665,0.012002079,0.0068737636,-0.006021693,-0.0035881968,0.003839696,-0.005397526,0.004201127,-0.018878212,-0.011684919,-0.028514491,0.009393528,0.009433066,0.016825687,0.014146704,-0.00748516,-0.12838696,-0.12082606,-0.19181052,0.16287857,0.08241587,0.089867756,0.12350878,-0.102085724
0.0044012554,0.011836467,0.006613068,-0.0059752585,-0.0034926403,0.0039458475,-0.0052610314,0.0041659586,-0.020052716,-0.012848787,-0.030282058,0.010079844,0.010186819,0.017575635,0.0152603565,-0.007905296,-0.12387854,-0.116467535,-0.18535893,0.16147032,0.079712495,0.08717505,0.119431674,-0.101241075
0.0042050797,0.011651663,0.006326572,-0.005906898,-0.003388652,0.0040626796,-0.0051034065,0.004115169,-0.021065693,-0.013843777,-0.031774513,0.010757619,0.01084046,0.018231833,0.01623231,-0.008319767,-0.11893931,-0.1115517,-0.17805767,0.15953301,0.07670177,0.0841658,0.114887446,-0.100010134
0.003994089,0.011450721,0.0060164067,-0.0058472846,-0.0032747933,0.004187626,-0.004930857,0.004071178,-0.02214902,-0.014921034,-0.033373963,0.011499312,0.011531861,0.01893779,0.017277746,-0.008778102,-0.11353125,-0.10620915,-0.17014293,0.15782018,0.07342596,0.08090505,0.11003217,-0.09893941
0.0037661006,0.0112333195,0.0056788,-0.0057838014,-0.0031488636,0.0043229726,-0.004737469,0.0040211733,-0.023146573,-0.015908256,-0.03488823,0.012286641,0.012163799,0.019598002,0.018256264,-0.009260074,-0.10762198,-0.10040445,-0.16165909,0.15593477,0.06985905,0.07738921,0.10476701,-0.097763285
0.0035084002,0.010983172,0.005289891,-0.0057041496,-0.0030073721,0.004476472,-0.004513077,0.0039601503,-0.02424867,-0.016958294,-0.036523867,0.013170457,0.012858666,0.02031898,0.019335112,-0.009811897,-0.10090788,-0.09371991,-0.15176989,0.15365414,0.065846644,0.07334558,0.098705426,-0.096406415
0.0032437241,0.010728158,0.0048895488,-0.005625453,-0.0028616546,0.0046343515,-0.0042878836,0.0038999773,-0.025335276,-0.01797866,-0.03810448,0.014042231,0.013545418,0.021023612,0.020381518,-0.010356311,-0.09404667,-0.0868859,-0.1415258,0.15142772,0.061770055,0.06922287,0.09247882,-0.09508684
0.0029734264,0.010470599,0.004482874,-0.0055201324,-0.0027105322,0.0047979048,-0.004060769,0.0038233746,-0.026199074,-0.018808587,-0.03937556,0.0148869185,0.014122308,0.021613793,0.021235941,-0.010871456,-0.08709815,-0.07985924,-0.13094762,0.14858283,0.057607766,0.065017805,0.086147405,-0.093276195
0.0027404402,0.010248806,0.00413023,-0.0054458743,-0.0025792916,0.004943194,-0.0038658243,0.0037720155,-0.026977966,-0.019576892,-0.04053673,0.0155498395,0.014639016,0.022145256,0.022002423,-0.011289252,-0.08104862,-0.07380025,-0.12181734,0.14660162,0.053979363,0.061379492,0.08071856,-0.09199966
0.0024486256,0.009976968,0.003691483,-0.0053494996,-0.0024218706,0.0051219733,-0.0036294481,0.0037015157,-0.027927522,-0.020497963,-0.041960683,0.016387196,0.015270651,0.022793738,0.022947391,-0.011808519,-0.07357565,-0.06630192,-0.1106082,0.14401287,0.04949519,0.056890078,0.07401224,-0.090303354
0.0022229478,0.009760057,0.0033439342,-0.0052327616,-0.0022921928,0.0052632596,-0.0034305293,0.0036211903,-0.028311769,-0.020851051,-0.042530242,0.016960168,0.015559486,0.023093304,0.023376793,-0.012165486,-0.067732185,-0.060301945,-0.10170247,0.14084646,0.04590331,0.053294852,0.06859637,-0.08827834
0.001989928,0.009534636,0.0029842558,-0.005140055,-0.0021594877,0.0054021906,-0.0032251794,0.0035585212,-0.028783472,-0.021283584,-0.043218724,0.017540295,0.01588753,0.023422582,0.023866413,-0.012536765,-0.06176198,-0.054137092,-0.09272168,0.13823284,0.042152856,0.049588256,0.06299295,-0.08667494
0.0016946279,0.009252104,0.0025299098,-0.0050457297,-0.001995366,0.0055787084,-0.0029721225,0.0034918205,-0.029364146,-0.021803092,-0.04401917,0.018197207,0.016269492,0.023810577,0.024448788,-0.012959397,-0.05416097,-0.04640913,-0.081216015,0.13562262,0.03747003,0.044911314,0.05587466,-0.085075215
0.0014250546,0.008997328,0.002125665,-0.004956082,-0.0018461307,0.0057373475,-0.00274613,0.0034293598,-0.029823016,-0.022222161,-0.04465733,0.018784665,0.016594049,0.02412013,0.024910739,-0.013329729,-0.047342364,-0.03950093,-0.07090082,0.1331536,0.033188097,0.040680338,0.04944416,-0.083561644
0.0011099157,0.008692663,0.0016474134,-0.0048478213,-0.0016688978,0.005930744,-0.0024802133,0.0033542495,-0.030249821,-0.022611208,-0.045244623,0.019431112,0.016908573,0.0244253,0.02536007,-0.013744891,-0.03926826,-0.03140402,-0.058693785,0.13016932,0.028229173,0.035730053,0.041868508,-0.081720464
0.0007860936,0.008374697,0.0011623701,-0.0047371644,-0.0014833978,0.0061307712,-0.0022047157,0.0032786643,-0.030609887,-0.022974402,-0.045778178,0.020118631,0.017195731,0.024707906,0.025771102,-0.014177149,-0.030938707,-0.023087068,-0.04613666,0.12715738,0.023142558,0.030671965,0.03421635,-0.07982077
0.0005248754,0.008113233,0.00076841767,-0.0046376986,-0.0013304331,0.0062954165,-0.0019757103,0.003215596,-0.030769985,-0.02315411,-0.046028767,0.02060599,0.017355977,0.024856295,0.025992764,-0.014490114,-0.024184061,-0.016366916,-0.0359675,0.12448463,0.018977754,0.026534356,0.028016739,-0.07817473
0.0002126582,0.007807027,0.00029851304,-0.0045201937,-0.0011514748,0.0064901942,-0.0017055452,0.0031342683,-0.030883193,-0.023265485,-0.046198457,0.021228263,0.017488157,0.024990752,0.026176762,-0.014881699,-0.016126836,-0.008334402,-0.023839083,0.12131884,0.014039167,0.021632468,0.020664258,-0.07618308
-9.464824e-05,0.007501772,-0.00016883628,-0.0044075754,-0.0009730746,0.006680766,-0.0014350177,0.0030567048,-0.030966405,-0.023333902,-0.046308335,0.021825753,0.017588954,0.0250985,0.026321186,-0.015262701,-0.008198472,-0.00032043923,-0.011772051,0.11829826,0.009165115,0.016755486,0.013348094,-0.07430126
-0.00039336973,0.007206783,-0.0006220311,-0.0042968504,-0.0007983524,0.0068639694,-0.001173747,0.0029817782,-0.03098128,-0.023347585,-0.04632045,0.022384256,0.017643442,0.025163539,0.026397761,-0.015622561,-0.0004928004,0.007474453,-5.7186466e-05,0.11531467,0.0044308645,0.012030367,0.0062825168,-0.07244449
-0.0006565063,0.006948122,-0.0010226679,-0.0041950047,-0.0006430305,0.0070275473,-0.000944058,0.0029149791,-0.030854857,-0.023227727,-0.046111006,0.022819549,0.01760554,0.02513631,0.026333835,-0.015912501,0.0063159754,0.014317353,0.010293953,0.11257376,0.00024221628,0.007843055,8.4256986e-05,-0.07074288
-0.0008941235,0.006717662,-0.0013788876,-0.004101307,-0.0005045912,0.007174083,-0.0007404019,0.0028527349,-0.030702256,-0.0230713,-0.045855083,0.023184177,0.01753919,0.025083564,0.026232036,-0.01615329,0.012424402,0.020391533,0.01952652,0.110071085,-0.0035476007,0.0040894225,-0.0054068994,-0.06916931
-0.0011696797,0.0064542172,-0.0017857281,-0.00399811,-0.0003479954,0.007338195,-0.0005089926,0.0027800947,-0.030519608,-0.022892771,-0.045585856,0.023698796,0.017457685,0.02502756,0.026120396,-0.016481265,0.019443305,0.027397923,0.030065667,0.10725275,-0.007871789,-0.00018110313,-0.011731571,-0.06735201
-0.0014838579,0.006151739,-0.0022418867,-0.0038725822,-0.00016432178,0.0075211967,-0.00024058926,0.002696094,-0.030189129,-0.022602603,-0.045140587,0.024266703,0.017299442,0.02488889,0.025890715,-0.01684268,0.027438466,0.035435252,0.041969743,0.10380733,-0.012830117,-0.0050554303,-0.01899077,-0.065157816
-0.0017516268,0.0058922917,-0.0026328485,-0.0037595448,-8.082483e-06,0.0076753893,-1.2541917e-05,0.002618117,-0.029856458,-0.022269683,-0.044673573,0.024696318,0.017109346,0.024716916,0.025632268,-0.01711441,0.0343173,0.0422553,0.052150868,0.10068554,-0.017040346,-0.009227361,-0.025262764,-0.06318957
-0.0020635054,0.00559199,-0.0030887786,-0.0036185607,0.00017276959,0.007854173,0.00025473005,0.0025183538,-0.029373717,-0.021796022,-0.04399361,0.02522453,0.01684624,0.024467885,0.025261607,-0.017434124,0.042290222,0.050254893,0.0640369,0.09688283,-0.021943746,-0.01408833,-0.032560624,-0.060765002
-0.0023399463,0.0053249076,-0.0035035221,-0.0034922138,0.0003350333,0.008014454,0.00049139163,0.0024274772,-0.02891032,-0.021307582,-0.04331357,0.025653306,0.01657837,0.02421663,0.02488741,-0.01769988,0.049418595,0.05735068,0.074762784,0.09345712,-0.026271056,-0.018420734,-0.03913124,-0.05859469
-0.0026194307,0.0050546,-0.0039292243,-0.0033658256,0.00049581996,0.008179225,0.00072710676,0.0023360462,-0.028477907,-0.020881973,-0.042706907,0.026160933,0.01634767,0.023995943,0.024556972,-0.018022174,0.056599326,0.06453604,0.08556634,0.0899891,-0.030646158,-0.022772864,-0.045778513,-0.056413293
-0.0028507076,0.0048291963,-0.0042749248,-0.0032466953,0.0006306395,0.008315076,0.0009249176,0.0022540078,-0.027878357,-0.020297924,-0.041833498,0.02649328,0.016008165,0.023656158,0.024056556,-0.018226089,0.06251827,0.07044867,0.094492316,0.08676422,-0.034292772,-0.026397105,-0.05123167,-0.05439114
-0.003137312,0.0045523215,-0.0046984144,-0.0030940596,0.00079611014,0.008483306,0.0011736881,0.0021467262,-0.027114404,-0.019554723,-0.040735047,0.02692749,0.015590324,0.023238711,0.023428516,-0.01848439,0.06991706,0.077797495,0.10561227,0.08265211,-0.03884529,-0.03091478,-0.057973325,-0.051777318
-0.0034128926,0.004283747,-0.0051117307,-0.0029505547,0.00095431297,0.008646984,0.0014138748,0.0020471672,-0.026307222,-0.018757522,-0.03955145,0.027370397,0.015138108,0.022790939,0.022748934,-0.01876167,0.07710834,0.08494187,0.116323166,0.078747705,-0.043213148,-0.035294708,-0.06445685,-0.04931338
-0.0037038166,0.003995778,-0.00554479,-0.002795225,0.0011226495,0.008821025,0.0016677966,0.0019420262,-0.025376314,-0.017851502,-0.03818237,0.027829405,0.014618919,0.02227242,0.02195215,-0.019054428,0.08469652,0.09248315,0.1274659,0.074578285,-0.04787314,-0.03992461,-0.07128605,-0.04669052
-0.0039414223,0.0037603152,-0.0059053553,-0.0026668978,0.0012589929,0.0089669805,0.0018729842,0.0018524486,-0.024509618,-0.016974842,-0.03687279,0.028200643,0.014119168,0.021780252,0.021196282,-0.019296164,0.09096553,0.09870778,0.13666207,0.07118286,-0.051675893,-0.04376428,-0.07692882,-0.044513673
-0.0041757827,0.0035293512,-0.0062605194,-0.0025286723,0.0013961332,0.009110867,0.002077712,0.001754547,-0.023569198,-0.016019702,-0.035469506,0.028535565,0.013580514,0.021251032,0.020392654,-0.019507388,0.09711484,0.10481885,0.14580555,0.067498185,-0.05543477,-0.04753223,-0.08258458,-0.042165067
-0.004387936,0.0033232998,-0.0065776496,-0.0024008465,0.001519783,0.009239869,0.0022636452,0.0016624294,-0.022713756,-0.015149744,-0.03420196,0.028820615,0.013091362,0.020767704,0.019677067,-0.019683426,0.10259384,0.110311024,0.15406573,0.06403211,-0.05881642,-0.0509233,-0.087714404,-0.039974887
-0.004663026,0.0030601136,-0.0069859135,-0.0022372673,0.0016770385,0.009405768,0.0025016144,0.0015443536,-0.021642078,-0.01406583,-0.032622248,0.029256165,0.0124819325,0.020168582,0.018786183,-0.019952808,0.10957728,0.11733057,0.16460654,0.059557308,-0.063126095,-0.05522939,-0.09427423,-0.037158355
-0.0048589814,0.0028738226,-0.0072753495,-0.0021017883,0.001787828,0.009521973,0.0026764083,0.0014455434,-0.020692524,-0.013090692,-0.031207634,0.029524796,0.011939307,0.019622197,0.01798271,-0.020112554,0.114575386,0.12231974,0.17215215,0.055883966,-0.06621756,-0.058334425,-0.09897899,-0.03485476
-0.0050650607,0.0026778728,-0.0075842524,-0.0019469928,0.001903744,0.009645666,0.002859134,0.001335383,-0.019518808,-0.011882147,-0.029439988,0.029798731,0.011261391,0.018942256,0.016952883,-0.020280426,0.119939946,0.12755422,0.18008481,0.051717278,-0.06949829,-0.061599508,-0.10386925,-0.032247614
-0.005254232,0.0024966681,-0.007869867,-0.001783101,0.002010972,0.009759612,0.0030274915,0.0012190463,-0.018199671,-0.01052841,-0.027440445,0.030027924,0.010501152,0.018176178,0.015785063,-0.020417428,0.124955036,0.13239315,0.18745933,0.047351375,-0.07258438,-0.064635456,-0.10839757,-0.029507108
-0.005420565,0.0023320052,-0.0081258705,-0.0016015533,0.002107097,0.00986078,0.0031786677,0.0010904905,-0.016627518,-0.008930782,-0.025028437,0.030255089,0.0095935855,0.017258195,0.014394929,-0.02053704,0.12937711,0.13678968,0.19401987,0.04251946,-0.07530352,-0.06735211,-0.11244562,-0.026446166
-0.005595606,0.0021583512,-0.008390132,-0.001436266,0.0022107032,0.009967295,0.0033345427,0.0009741424,-0.015146267,-0.007421204,-0.022738418,0.030499538,0.008716545,0.01638353,0.013085121,-0.020670332,0.13387857,0.14131293,0.2008918,0.038151544,-0.07801471,-0.07012533,-0.116634555,-0.023646507
-0.005752075,0.002005558,-0.008628415,-0.0012651103,0.0023045246,0.010067374,0.003476022,0.0008538846,-0.013609892,-0.005848947,-0.020382997,0.03067413,0.007813909,0.015484614,0.011739662,-0.020768844,0.13793248,0.14536661,0.2070326,0.033578668,-0.08042177,-0.07265551,-0.12041925,-0.020737626
-0.0058888323,0.001873448,-0.008841209,-0.0010949252,0.0023864345,0.010156282,0.0036011743,0.00073304947,-0.011994591,-0.0042131087,-0.017936911,0.030838475,0.0068793264,0.014548395,0.010341151,-0.020864282,0.14147824,0.14900246,0.2124062,0.02900696,-0.08255765,-0.0749184,-0.12374369,-0.01781925
-0.005962586,0.0018059108,-0.008951979,-0.0009804307,0.0024302679,0.010203872,0.0036624195,0.0006525614,-0.01073736,-0.0029533897,-0.016031753,0.030955214,0.0061452887,0.01380941,0.009228248,-0.020933185,0.14327389,0.15095311,0.21517083,0.025902275,-0.08367628,-0.07605924,-0.12549038,-0.01584908
-0.0060659773,0.0017050407,-0.009102373,-0.00079889223,0.0024909345,0.01027149,0.0037595122,0.00052783795,-0.008995204,-0.001225424,-0.013395414,0.031089276,0.0051342654,0.012795226,0.0076919543,-0.020998426,0.14598994,0.15380752,0.21910764,0.020988274,-0.08541551,-0.07778621,-0.12795454,-0.012727516
-0.006126219,0.0016382863,-0.009186172,-0.00062970363,0.0025290742,0.010310009,0.003823462,0.00041276717,-0.0073852325,0.00036437996,-0.010961997,0.031161088,0.004188616,0.011845093,0.006246507,-0.021013131,0.14764842,0.15550369,0.22130962,0.016331483,-0.086475156,-0.0788115,-0.12939791,-0.009796919
-0.0061866655,0.0015734839,-0.0092739975,-0.00047212993,0.0025661367,0.010349328,0.0038814736,0.00030367365,-0.005830073,0.0019093817,-0.008637533,0.031289812,0.003267273,0.010937947,0.004868764,-0.021067824,0.14929925,0.15707481,0.22353637,0.011976721,-0.08745838,-0.07971615,-0.13081089,-0.007075862
-0.006237194,0.0015194509,-0.009356897,-0.0002980474,0.0025988773,0.010384418,0.003932308,0.0001809494,-0.0041054003,0.0036365523,-0.006063549,0.031365428,0.002257795,0.009943039,0.00337102,-0.021098383,0.15068583,0.15840513,0.22548677,0.0071638427,-0.08827841,-0.080511324,-0.1321149,-0.0040941495
-0.0062604384,0.0014898358,-0.009398895,-0.00012377225,0.0026194656,0.010401104,0.0039600236,5.8111065e-05,-0.002362229,0.0053642667,-0.0034443052,0.031395696,0.0012453711,0.008936764,0.0018822697,-0.021097122,0.15126914,0.15916267,0.22660255,0.0024053175,-0.08866323,-0.08096443,-0.13289401,-0.001119658
-0.0062696827,0.0014739037,-0.009414186,4.0076004e-05,0.0026319267,0.010405751,0.0039761644,-5.6392295e-05,-0.00070546416,0.0070016133,-0.0009480894,0.03141971,0.0002865871,0.007972111,0.0004520072,-0.021088243,0.15148754,0.15957487,0.22718962,-0.0020492584,-0.08887293,-0.08120628,-0.13327654,0.0016691857
-0.0062684626,0.0014694915,-0.009408884,0.00020504938,0.0026338494,0.010401823,0.003978873,-0.00017220517,0.0009388303,0.008628643,0.0015206157,0.031455822,-0.00066614046,0.007010041,-0.0009867515,-0.021076163,0.1514855,0.15960765,0.22717908,-0.0065255165,-0.08889979,-0.08121341,-0.1332952,0.004466366
-0.006252872,0.0014809063,-0.009381954,0.0003835712,0.0026271506,0.010390524,0.0039664386,-0.00029823417,0.0026675945,0.0103345625,0.0040973914,0.03146762,-0.0016674376,0.006004424,-0.0024912916,-0.021042936,0.1511118,0.15920869,0.22655398,-0.0113657545,-0.08866998,-0.08097096,-0.1329362,0.0075006653
-0.006188299,0.0015347376,-0.009286675,0.0005628689,0.002596491,0.0103506185,0.003918315,-0.0004231457,0.0043554734,0.011989063,0.0066053537,0.031413406,-0.0026381095,0.0050216056,-0.0039608534,-0.020962643,0.14949222,0.15761495,0.22418691,-0.016255148,-0.087689236,-0.0799881,-0.13146283,0.010548283
-0.006135768,0.0015859823,-0.00920367,0.0007077878,0.0025690005,0.010316125,0.0038711,-0.0005249962,0.0057506515,0.013367515,0.008647678,0.031393796,-0.0034382322,0.0042186677,-0.005172255,-0.020925911,0.14815244,0.15614417,0.22223988,-0.020116558,-0.08686359,-0.0790845,-0.13013573,0.012964354
-0.006068314,0.0016556988,-0.009104185,0.0008612516,0.002533203,0.010279121,0.0038127494,-0.00063125556,0.0072557647,0.014865072,0.010850041,0.031256054,-0.0042979037,0.00335836,-0.0064750453,-0.020838626,0.14645937,0.15436572,0.2197252,-0.024183786,-0.08584652,-0.078040026,-0.12852934,0.01555373
-0.0059842025,0.0017432915,-0.008979212,0.0010265263,0.002487607,0.010233379,0.003738781,-0.00074757315,0.008839853,0.016439855,0.013189857,0.0310979,-0.0052120388,0.00245436,-0.007836633,-0.020728454,0.14431679,0.15217352,0.21644148,-0.028507626,-0.08452235,-0.07676992,-0.12657195,0.01834971
-0.005901499,0.0018271911,-0.008853842,0.0011819978,0.0024430132,0.010187238,0.0036676177,-0.00085903925,0.010254727,0.017858475,0.015290967,0.030954719,-0.0060395966,0.0016382518,-0.009059217,-0.020608924,0.14217773,0.14998773,0.21306369,-0.03263459,-0.083205245,-0.07549288,-0.12465445,0.021006903
-0.0057898536,0.0019401391,-0.008683006,0.0012927031,0.0023799813,0.010121931,0.00356855,-0.0009373019,0.011324317,0.018936621,0.016884973,0.030817796,-0.006672398,0.0010131472,-0.010001245,-0.020500127,0.13923612,0.14702275,0.2085666,-0.03561123,-0.0813686,-0.07366076,-0.121975094,0.022898288
-0.005676882,0.0020548832,-0.008507954,0.0014250817,0.0023162258,0.010056612,0.0034743003,-0.0010282872,0.012457606,0.020090688,0.018564392,0.030646645,-0.0073231426,0.0003644242,-0.010998543,-0.020374233,0.13634787,0.14401862,0.20415136,-0.039169036,-0.07963042,-0.07186747,-0.11932812,0.025155064
-0.005510433,0.0022185459,-0.008257309,0.0016016926,0.0022221466,0.009960922,0.0033379241,-0.0011493308,0.01393605,0.02159898,0.020815661,0.030429503,-0.008176182,-0.00048723212,-0.01231037,-0.020208944,0.13212019,0.13975564,0.19777508,-0.04392145,-0.07703903,-0.06929875,-0.11544861,0.028176675
-0.005362195,0.002359673,-0.008033941,0.0017489663,0.0021412775,0.009874905,0.0032129067,-0.0012506894,0.015151603,0.022827622,0.022693984,0.030256199,-0.008879489,-0.0011788742,-0.01338149,-0.020070732,0.12836722,0.13599762,0.19225183,-0.047775783,-0.074699424,-0.066999346,-0.11193199,0.030645078
-0.005208851,0.00250351,-0.007805749,0.0018864973,0.0020592248,0.0097893365,0.0030887336,-0.0013435413,0.016307563,0.023988709,0.024475558,0.030036867,-0.009556635,-0.00184413,-0.014380014,-0.019912155,0.124479346,0.13217026,0.18656534,-0.051451355,-0.07229934,-0.064647645,-0.10832748,0.03297832
-0.0050355666,0.0026731277,-0.007545793,0.0020228366,0.0019633237,0.009692396,0.002949999,-0.0014355918,0.017445352,0.02511689,0.026176209,0.029756403,-0.010221455,-0.0025023385,-0.01534853,-0.019720552,0.12008665,0.1277147,0.17989784,-0.055126794,-0.06958155,-0.061940476,-0.10423076,0.035288814
-0.0049030394,0.0027959882,-0.0073522874,0.0021449088,0.0018923315,0.009615023,0.002854637,-0.0015197494,0.018473594,0.026136015,0.027704837,0.029537672,-0.010812651,-0.0031023542,-0.016231094,-0.01956822,0.11687482,0.12441732,0.17481679,-0.05839655,-0.067567915,-0.059994146,-0.10124232,0.0373421
-0.004710924,0.0029820134,-0.0070636915,0.0022873885,0.0017887705,0.00950349,0.0027023344,-0.0016178956,0.019625714,0.027273785,0.029421946,0.029240852,-0.011465713,-0.0037658368,-0.017222077,-0.019362994,0.11201183,0.11956384,0.16755083,-0.06221983,-0.0645927,-0.057070933,-0.09686931,0.039765522
-0.004505829,0.0031852885,-0.0067515154,0.0024431949,0.0016748636,0.009384596,0.0025321585,-0.0017266473,0.020810174,0.028478844,0.031214496,0.02896222,-0.012140903,-0.004453517,-0.018262662,-0.019163113,0.106841385,0.114355095,0.15966998,-0.066406384,-0.061395302,-0.053931087,-0.09216836,0.04241042
-0.0042693997,0.00340858,-0.006400845,0.0025995534,0.0015483176,0.00925067,0.002337867,-0.0018328665,0.022003783,0.029670078,0.03300877,0.028655943,-0.012830909,-0.00515278,-0.019298468,-0.018929541,0.10089883,0.108416356,0.15061627,-0.07070782,-0.05774934,-0.050294723,-0.0867272,0.04507298
-0.0040264647,0.0036456455,-0.0060422737,0.0027476228,0.0014175192,0.009115477,0.0021375793,-0.0019307657,0.023152288,0.030838873,0.034753166,0.028359458,-0.013504969,-0.005837754,-0.0203047,-0.018713808,0.094726354,0.10232053,0.14129157,-0.074782714,-0.054047883,-0.04651986,-0.08107363,0.047537073
-0.0037575362,0.0039083967,-0.00564838,0.002887618,0.0012757876,0.008966981,0.0019238801,-0.0020200133,0.024098909,0.03178852,0.036187325,0.027958136,-0.014041746,-0.0063892505,-0.021123316,-0.01843258,0.08789571,0.095575675,0.1311782,-0.07858638,-0.049964055,-0.042447083,-0.07493043,0.049870625
-0.0034708267,0.004197133,-0.005215933,0.0030349947,0.0011190147,0.008806062,0.0016912844,-0.0021178545,0.025044722,0.032715492,0.03760292,0.027486553,-0.014552565,-0.006915515,-0.021904087,-0.01810935,0.080524825,0.08814421,0.12027925,-0.08255551,-0.045552146,-0.038079735,-0.068370834,0.052343987
-0.003154366,0.004522577,-0.0047305576,0.0032010812,0.0009433165,0.008627217,0.001431054,-0.0022295353,0.026015047,0.033656314,0.039030455,0.026947765,-0.015069009,-0.0074447948,-0.022668168,-0.017739503,0.0723735,0.07978004,0.10811075,-0.08700748,-0.040694006,-0.033226326,-0.061047737,0.055169605
-0.0027923682,0.0048894687,-0.0041792253,0.0033776779,0.00074119435,0.008426053,0.0011286279,-0.002344739,0.026935183,0.034563642,0.04038427,0.026328087,-0.01555779,-0.007953754,-0.023391822,-0.017330322,0.06302638,0.07030365,0.09414865,-0.09176422,-0.035192434,-0.0276247,-0.052605268,0.058166023
-0.002528468,0.005149453,-0.0037848921,0.0035075168,0.00059281394,0.008283489,0.00090287864,-0.0024309955,0.027611071,0.0352441,0.04141453,0.025914047,-0.015924705,-0.0083248895,-0.023945682,-0.017034454,0.056310635,0.063632995,0.08400025,-0.0952207,-0.031180138,-0.02359169,-0.046492122,0.060359202
-0.002250724,0.005420639,-0.003370528,0.0036292751,0.00043063835,0.008135528,0.0006648672,-0.0025142736,0.02821486,0.03583694,0.04235121,0.02544878,-0.01623235,-0.008625573,-0.024418466,-0.016703336,0.049214497,0.056703735,0.07350692,-0.09838793,-0.026903596,-0.019332867,-0.040085416,0.06240281
-0.0020037384,0.0056553013,-0.0029983616,0.0037259348,0.00029124212,0.008000917,0.00046077237,-0.0025803973,0.028628817,0.036237232,0.04300754,0.025027059,-0.016441483,-0.008823236,-0.024731195,-0.016389288,0.04292149,0.0505378,0.064285934,-0.10089813,-0.023106484,-0.0155542875,-0.03445343,0.06402452
-0.0017206287,0.005922128,-0.0025735116,0.003839376,0.00014178848,0.00784176,0.00023630209,-0.0026550984,0.029016152,0.03660497,0.043610454,0.024563337,-0.01663774,-0.009011276,-0.025018377,-0.01604053,0.03578036,0.043407954,0.053790618,-0.10390872,-0.018780485,-0.011256662,-0.027970448,0.06591272
-0.0014152862,0.006212375,-0.0021224641,0.003958463,-1.7175887e-05,0.0076701273,-6.4669584e-06,-0.0027328955,0.029372517,0.036945507,0.044133224,0.024040181,-0.016799944,-0.009177873,-0.025258027,-0.01568024,0.028111827,0.03572859,0.042493116,-0.10705906,-0.014169916,-0.0066234535,-0.020939386,0.06784129
-0.001096549,0.0065180305,-0.0016546756,0.0040998105,-0.00018488747,0.0074915444,-0.0002640072,-0.002827382,0.029907836,0.03747435,0.04490705,0.023514932,-0.017071474,-0.009452062,-0.025650008,-0.01532665,0.020091504,0.027737882,0.030582827,-0.11082637,-0.009343928,-0.0017497977,-0.013652441,0.07015645
-0.00073751935,0.00686607,-0.001130684,0.004187169,-0.00037908793,0.007287985,-0.0005650277,-0.0028811584,0.029800976,0.037367567,0.044736486,0.022990357,-0.016979158,-0.009354563,-0.025503743,-0.014984483,0.010920597,0.018645635,0.017072266,-0.11305734,-0.0037748667,0.0038374574,-0.0053755725,0.07150189
-0.00041980573,0.0071804854,-0.00065621745,0.004275563,-0.0005505794,0.007108754,-0.0008202684,-0.002934423,0.02952448,0.037087433,0.044269383,0.022359094,-0.016769867,-0.009151878,-0.025196789,-0.014578374,0.0028544336,0.010526847,0.0050496184,-0.11529908,0.0010533095,0.00873316,0.0019017963,0.072857864
-0.00013056572,0.0074698133,-0.00023069429,0.0044471407,-0.000702768,0.00695257,-0.001050814,-0.0030398073,0.029515486,0.03708044,0.04423495,0.021939123,-0.016715808,-0.009092158,-0.025110051,-0.014284747,-0.004502341,0.0032057636,-0.005893319,-0.119918846,0.0054224534,0.013179712,0.00846047,0.07567011
0.00017813359,0.007775021,0.00022895585,0.0045784307,-0.00086822954,0.0067815017,-0.0013091355,-0.0031208475,0.029506944,0.03706982,0.04423941,0.021445408,-0.016679749,-0.0090451855,-0.025042163,-0.013918032,-0.012393772,-0.0045574354,-0.017668616,-0.123285815,0.010219578,0.017922765,0.015606913,0.07780727
0.00046054166,0.008061895,0.0006620451,0.0047184248,-0.0010240038,0.0066202637,-0.0015552666,-0.0032123078,0.029391542,0.03694507,0.044066932,0.021041457,-0.016559178,-0.008920779,-0.02485516,-0.013612792,-0.019621275,-0.011765514,-0.028615503,-0.12687185,0.014691153,0.022331648,0.02225489,0.08012102
0.0008221522,0.00843028,0.0012179415,0.0048551196,-0.0012201795,0.006415744,-0.001863404,-0.0032998517,0.029311644,0.036863085,0.04396525,0.02038178,-0.016465776,-0.008822367,-0.024705453,-0.013149473,-0.028943704,-0.02110662,-0.042658623,-0.13046342,0.020352801,0.027980555,0.030700637,0.082399674
0.0010951402,0.00870836,0.0016392225,0.004958695,-0.0013692968,0.0062596067,-0.0020910471,-0.0033650394,0.029078912,0.03663477,0.043636087,0.019850848,-0.016288847,-0.008649781,-0.024441155,-0.012770628,-0.035985414,-0.02813065,-0.053200692,-0.13318843,0.02468176,0.03222519,0.036970876,0.08413572
0.0013938292,0.009020958,0.0021015515,0.0051167156,-0.0015450725,0.006087727,-0.002348657,-0.0034667214,0.02869769,0.036248222,0.043081142,0.019432796,-0.015995396,-0.008355571,-0.024003759,-0.01246847,-0.04380104,-0.035993185,-0.06488729,-0.13744901,0.029498724,0.03698565,0.043977413,0.08678895
0.0016775603,0.009309949,0.0025376678,0.0052067926,-0.0017001746,0.005934013,-0.002572973,-0.0035188445,0.028235806,0.03577389,0.042405866,0.018718082,-0.015682334,-0.0080366675,-0.023526972,-0.011976029,-0.051052075,-0.043280564,-0.07574333,-0.13978995,0.03388238,0.041360598,0.05055517,0.088220924
0.0020116183,0.009638529,0.00303654,0.0053083193,-0.001877296,0.0057578157,-0.002828638,-0.003580101,0.027686976,0.03523228,0.041605756,0.017884139,-0.015309128,-0.0076575973,-0.022969013,-0.011421325,-0.059410073,-0.05165408,-0.088298865,-0.14244504,0.03894745,0.04639421,0.058196533,0.08979726
0.002278678,0.009896731,0.0034262447,0.0053923554,-0.0020149858,0.0056177163,-0.0030292985,-0.0036341047,0.02710862,0.034671605,0.040741574,0.01720897,-0.014914211,-0.007276328,-0.022388121,-0.010975208,-0.06596266,-0.058188066,-0.09811568,-0.14463572,0.04295202,0.050330456,0.06415459,0.09109529
0.002574806,0.010194907,0.0038656169,0.005501246,-0.0021740342,0.005460048,-0.0032707762,-0.0037074012,0.026355438,0.033949267,0.039627142,0.016578928,-0.014402911,-0.006783049,-0.021636963,-0.010556906,-0.07340293,-0.06573753,-0.10933664,-0.14755434,0.04751021,0.05487274,0.07093725,0.09285476
0.0028392791,0.010463379,0.004259374,0.00557989,-0.0023103787,0.0053191567,-0.003476682,-0.003757128,0.025556171,0.03315854,0.038452413,0.015877303,-0.013877802,-0.00626737,-0.0208558,-0.010082276,-0.07999624,-0.072421364,-0.11935467,-0.14967233,0.051493756,0.058836658,0.0769692,0.094121754
0.0031216838,0.010748865,0.004677426,0.0056422087,-0.0024579817,0.0051684864,-0.003702527,-0.0037957453,0.02460597,0.03220378,0.03702743,0.015164102,-0.013262283,-0.005660053,-0.019937217,-0.009609912,-0.087152734,-0.079613246,-0.1300909,-0.1513195,0.05578708,0.0631437,0.08339059,0.09512583
0.0033176902,0.010942672,0.0049677216,0.0057057613,-0.0025549664,0.0050652456,-0.0038521441,-0.003836664,0.023893025,0.031484354,0.03594773,0.01461044,-0.012788658,-0.0051868423,-0.019232407,-0.009221033,-0.09203409,-0.084516436,-0.1376328,-0.153041,0.058717243,0.06606331,0.0878118,0.0961649
0.003572851,0.011193374,0.005344487,0.0058095152,-0.002691405,0.0049329693,-0.004053083,-0.0039023221,0.022983903,0.03057651,0.03455867,0.013990099,-0.012179392,-0.0045845923,-0.018329684,-0.008810283,-0.09846907,-0.090993725,-0.14734957,-0.1557779,0.06261697,0.07000123,0.093596205,0.097824275
0.0038119932,0.011416211,0.0056990036,0.0058873687,-0.0028112894,0.0048129642,-0.0042222114,-0.0039451662,0.021924712,0.02950739,0.032922637,0.013145442,-0.011492896,-0.0039085657,-0.017309895,-0.008257143,-0.10441998,-0.09689863,-0.15638354,-0.1577931,0.06615891,0.07357025,0.0988563,0.099010624
0.0040178215,0.011607682,0.006005248,0.00588158,-0.0029188083,0.0047100876,-0.0043727364,-0.0039310227,0.020735478,0.028297015,0.031092053,0.01236779,-0.010763242,-0.0031730388,-0.016199356,-0.007770888,-0.10959001,-0.10190636,-0.16403918,-0.15745746,0.06923487,0.07668044,0.10343329,0.09874787
0.0042434945,0.011820767,0.006343585,0.005930782,-0.0030308408,0.0046019447,-0.0045334473,-0.0039536566,0.019498268,0.027061027,0.02918431,0.0114979185,-0.009985899,-0.002396178,-0.015030537,-0.007215154,-0.11516224,-0.10737344,-0.17232485,-0.15859607,0.07251741,0.080031656,0.10842819,0.09946975
0.0044438126,0.012024339,0.0066531827,0.0059844544,-0.0031321368,0.0045062937,-0.004686481,-0.003980996,0.01813887,0.02570741,0.027110051,0.010661779,-0.009132014,-0.0015420481,-0.013752495,-0.006667843,-0.1202344,-0.112297006,-0.17999376,-0.159951,0.075448476,0.08304045,0.113005266,0.100331165
0.0047128517,0.012303509,0.0070679258,0.0061140805,-0.0032989895,0.004350763,-0.004932917,-0.0040604267,0.017172981,0.024764452,0.02566022,0.010346364,-0.008509506,-0.00091422955,-0.012813055,-0.006465801,-0.12736937,-0.119403705,-0.19077498,-0.16334733,0.07972576,0.08741724,0.1196041,0.10248466
0.0047927955,0.012395077,0.007205164,0.006124881,-0.0033341572,0.0043163807,-0.0049851732,-0.004060612,0.015853249,0.023460604,0.0237027,0.009658184,-0.0077112387,-9.819679e-05,-0.011597876,-0.0060090064,-0.12943494,-0.12149314,-0.19412872,-0.16361053,0.08087524,0.08861744,0.12144337,0.10259469
0.004942692,0.012549489,0.007437314,0.006121958,-0.0034036795,0.004243884,-0.005090417,-0.004053788,0.014448703,0.022084614,0.021623306,0.008871224,-0.0068592443,0.00077216094,-0.010307076,-0.0054998165,-0.13320974,-0.12530127,-0.19990975,-0.1635446,0.08309961,0.090841874,0.124778375,0.10251298
0.0050778287,0.012679299,0.0076355254,0.006149407,-0.003456083,0.004181001,-0.0051744375,-0.004067724,0.013272214,0.02091891,0.019860525,0.008125514,-0.00611397,0.0015185731,-0.009202594,-0.00500571,-0.13642405,-0.128607,-0.20490207,-0.16430773,0.08502282,0.09268152,0.12760793,0.10295038
0.005223951,0.012821334,0.007858151,0.0062036635,-0.0035139706,0.004113686,-0.005266497,-0.004100036,0.0118700545,0.01952785,0.01776496,0.0073024705,-0.0052100923,0.0024133944,-0.007857777,-0.0044578477,-0.13993314,-0.13217673,-0.21045591,-0.16575688,0.08710661,0.09473757,0.13077503,0.103805155
0.0053326352,0.012924992,0.008018149,0.006169132,-0.0035576078,0.0040696682,-0.005333503,-0.0040699635,0.01056399,0.018214883,0.015823942,0.006613868,-0.0044139484,0.0032180706,-0.006638455,-0.004033336,-0.14248058,-0.13466531,-0.21426345,-0.16466708,0.08860719,0.09620139,0.13309366,0.10308756
0.0054362663,0.013023207,0.008166172,0.006172503,-0.0035947028,0.004032613,-0.005386708,-0.0040662,0.009317465,0.0169851,0.013965903,0.00594212,-0.0036521645,0.003992653,-0.0054882583,-0.0036211906,-0.14483388,-0.13698518,-0.21779962,-0.16459872,0.08996315,0.09752605,0.13518962,0.103052795
0.0055162637,0.013093429,0.008281536,0.006208479,-0.0036058624,0.004009408,-0.00540015,-0.0040767607,0.0078102257,0.015460029,0.011690384,0.005116028,-0.0027167886,0.0049316473,-0.0040736967,-0.003092052,-0.14655086,-0.13871431,-0.22041117,-0.1654727,0.0908368,0.0984128,0.1366041,0.103563696
0.0055813673,0.013146149,0.008371236,0.0062358063,-0.003611832,0.003993898,-0.00540931,-0.0040842183,0.006443212,0.014073823,0.009632585,0.004407962,-0.001867001,0.0057787863,-0.0027884294,-0.002638354,-0.14786424,-0.1400198,-0.22236234,-0.166092,0.09149526,0.09911593,0.13765559,0.1039041
0.005666439,0.013228793,0.008495646,0.0062761833,-0.003635898,0.00396428,-0.005444582,-0.004101487,0.005095604,0.012702569,0.007613363,0.003720903,-0.0010232064,0.006620665,-0.0015202605,-0.0021938977,-0.1497528,-0.14193189,-0.22514483,-0.16702886,0.09256579,0.10024117,0.13926457,0.10446707
0.005704779,0.013257135,0.008547012,0.0061867493,-0.0036328381,0.0039586937,-0.005435944,-0.004030507,0.0037433275,0.011310314,0.00560432,0.002920703,-0.00022357378,0.0074164933,-0.00031072006,-0.0016959414,-0.15041259,-0.14252129,-0.22605155,-0.16448912,0.09285852,0.10051423,0.13973737,0.10280723
0.0057518943,0.013295906,0.008608262,0.0061740256,-0.0036334181,0.0039557926,-0.005437999,-0.0040128753,0.0023412767,0.009900152,0.0035194708,0.0021823202,0.00063054997,0.008258546,0.00095171656,-0.0012367263,-0.15125616,-0.14333478,-0.22710954,-0.16396187,0.09328178,0.10094722,0.14039312,0.10243343
0.005800447,0.013341749,0.008673957,0.006232807,-0.0036348882,0.0039520706,-0.005447327,-0.00404716,0.0007524921,0.008311281,0.0011623296,0.0014961048,0.0016347826,0.009242684,0.0024185902,-0.0007828405,-0.15217562,-0.14427632,-0.22864796,-0.16562283,0.09375362,0.10146735,0.14109299,0.10339176
0.0057788924,0.013316797,0.008641234,0.006235427,-0.0035803,0.00399279,-0.0053782836,-0.0040380876,-0.00070758804,0.0068345433,-0.0010273266,0.00062910625,0.002532111,0.010125489,0.0037460024,-0.0002172484,-0.15119584,-0.14342213,-0.22712925,-0.16561115,0.0930734,0.10077764,0.1399187,0.10329625
0.0057727923,0.013308326,0.008633516,0.006221111,-0.0035349247,0.004022756,-0.0053256005,-0.0040222434,-0.0022275383,0.005302498,-0.0033156713,-0.00016432873,0.003464153,0.01104757,0.0051431805,0.0002968355,-0.15062341,-0.14297149,-0.22625427,-0.16514818,0.09265279,0.100363925,0.1391297,0.102941975
0.0057433587,0.013283343,0.0085926475,0.006208586,-0.0034799865,0.004066636,-0.0052564107,-0.0040054177,-0.0036243666,0.0038933952,-0.0054278704,-0.00093095144,0.0043220758,0.011895157,0.006413289,0.00079156185,-0.14952092,-0.14196861,-0.2245604,-0.16469602,0.09190568,0.099617004,0.13788144,0.1025892
0.0057002176,0.013240803,0.008527341,0.0061905524,-0.0034124418,0.0041235676,-0.0051658796,-0.0039818967,-0.0051341383,0.0023501767,-0.0077145942,-0.0018079523,0.0052454737,0.012816585,0.00780244,0.0013529861,-0.14797224,-0.14045867,-0.22209196,-0.16402586,0.0909107,0.09854391,0.13619971,0.102127895
0.005644859,0.013190001,0.008444336,0.0061809327,-0.0033490984,0.004182292,-0.0050720666,-0.0039696395,-0.0063084196,0.00117078,-0.009487569,-0.0024698542,0.0059595294,0.013534257,0.008877199,0.0017662444,-0.14623052,-0.13869306,-0.21939762,-0.16359052,0.0898026,0.09732526,0.13438863,0.10183636
0.0055681583,0.013112437,0.008332555,0.0061598243,-0.0032659404,0.004254557,-0.0049378546,-0.003942297,-0.0078009916,-0.00034661265,-0.011750753,-0.0033529112,0.0068586427,0.014429971,0.010235653,0.0023177064,-0.14394246,-0.1363577,-0.21576683,-0.16284952,0.08825388,0.09565188,0.13194619,0.10132267
0.005495837,0.013038412,0.008226942,0.0061412645,-0.0031937659,0.0043242164,-0.0048184306,-0.0039209975,-0.0089992145,-0.0015338929,-0.0135623645,-0.004070654,0.00757741,0.015144311,0.01132677,0.0027525655,-0.14180459,-0.1342569,-0.2124179,-0.16228685,0.08682183,0.09420883,0.12977839,0.1009593
0.0053799544,0.012917437,0.008059025,0.0061207525,-0.0030893756,0.004424805,-0.004654984,-0.003894379,-0.0104134595,-0.0029396666,-0.015702132,-0.0049147913,0.008424128,0.015975486,0.012596907,0.0032689502,-0.13847063,-0.1309469,-0.20722266,-0.16162837,0.084567115,0.09202205,0.12649198,0.1004913
0.005259494,0.012788948,0.007883342,0.00609426,-0.0029809964,0.0045278263,-0.0044906335,-0.003865675,-0.011794398,-0.0043302085,-0.017784879,-0.0056962995,0.009254806,0.016788993,0.013825711,0.0037635309,-0.13496903,-0.12744787,-0.2018176,-0.16079041,0.08225057,0.08974669,0.12304274,0.09991394
0.0051459186,0.0126672145,0.0077181347,0.0060531693,-0.0028786373,0.004616497,-0.0043428047,-0.0038296194,-0.013082134,-0.0056583183,-0.019747755,-0.0063675656,0.010040189,0.017555786,0.014977426,0.004217228,-0.1316872,-0.12416332,-0.19699305,-0.1596346,0.080072634,0.08759829,0.11977216,0.099148296
0.0049987184,0.012516628,0.007506369,0.0060140463,-0.0027533746,0.0047234935,-0.0041652815,-0.0037901234,-0.014401231,-0.007027394,-0.021763524,-0.007097361,0.010840611,0.018340828,0.016154204,0.004721209,-0.12755066,-0.12009283,-0.19100165,-0.1585302,0.07735384,0.08491172,0.11571565,0.098382704
0.0048417985,0.012359944,0.007279901,0.0059757167,-0.0026254966,0.0048434166,-0.0039830753,-0.0037527923,-0.015623422,-0.008253314,-0.023604732,-0.007823193,0.011557741,0.019055974,0.017239418,0.005194004,-0.12313738,-0.11581891,-0.18458283,-0.15736058,0.074532926,0.08211979,0.111508004,0.09760012
0.0046686223,0.012182761,0.0070228125,0.005931116,-0.0024863253,0.0049780402,-0.0037736564,-0.0037098085,-0.016766682,-0.009371037,-0.025309311,-0.00857833,0.012206007,0.019711794,0.018233035,0.0056633195,-0.118244044,-0.11097776,-0.17740971,-0.15603557,0.071387626,0.078955285,0.10682942,0.096718475
0.004499565,0.012005945,0.0067720516,0.0058878604,-0.00235108,0.0051091956,-0.0035618793,-0.0036701974,-0.017934937,-0.010489035,-0.027020017,-0.009339385,0.012864263,0.020370824,0.01924178,0.006146594,-0.113524966,-0.10627098,-0.1704547,-0.15475965,0.06831912,0.07585175,0.10220345,0.09586634
0.0043374905,0.01183604,0.0065284288,0.005849992,-0.00222187,0.005234926,-0.003364042,-0.0036323548,-0.018870523,-0.0114000235,-0.028405942,-0.01005422,0.013393025,0.02090352,0.020058729,0.006603682,-0.108980745,-0.10174927,-0.16375992,-0.15368451,0.06542072,0.07295423,0.09784234,0.09513704
0.004166165,0.011653254,0.0062674647,0.00580498,-0.0020845109,0.0053705936,-0.0031519802,-0.003591359,-0.019826945,-0.012310881,-0.029842518,-0.010760149,0.013925663,0.021450745,0.020901166,0.0070588323,-0.1041065,-0.09696296,-0.15653192,-0.15234466,0.062382728,0.06993807,0.09322029,0.094262324
0.00394574,0.011426749,0.0059383227,0.005692838,-0.0019205192,0.0055323387,-0.0028996852,-0.0035073222,-0.020687494,-0.013122249,-0.031133734,-0.01156078,0.014378595,0.021904057,0.021599755,0.0075602257,-0.09801835,-0.090951756,-0.14747888,-0.14915271,0.05856682,0.066116795,0.08743224,0.09219519
0.0036980826,0.011167182,0.005568459,0.005595372,-0.0017304148,0.0057148905,-0.002604476,-0.0034294224,-0.02179857,-0.0142166205,-0.032786764,-0.012565422,0.014981475,0.022494059,0.022503799,0.008190094,-0.0910806,-0.084090315,-0.13721228,-0.14633062,0.054150224,0.061638363,0.08082338,0.090322785
0.0035142368,0.010978125,0.0052935467,0.0055357856,-0.0015932913,0.005846733,-0.0023972634,-0.0033832062,-0.022411572,-0.014832232,-0.033707,-0.013159598,0.015320098,0.022820791,0.02299096,0.008564082,-0.086017035,-0.07905755,-0.12980098,-0.14468542,0.050968554,0.05837998,0.0760282,0.08924999
0.0032790243,0.010734277,0.004940422,0.005471987,-0.0014180131,0.0060163033,-0.0021348663,-0.0033275138,-0.023196515,-0.015635865,-0.034888346,-0.013913842,0.015759643,0.023255616,0.023644056,0.009028544,-0.079590924,-0.07254246,-0.120030396,-0.14282382,0.046877686,0.054245796,0.06992653,0.08804646
0.0030339912,0.01047553,0.00457642,0.005412515,-0.0012344065,0.006192422,-0.001858697,-0.0032732193,-0.023986964,-0.016434858,-0.036063243,-0.014661074,0.016201217,0.023685282,0.024298381,0.00949329,-0.07296048,-0.06575567,-0.10969154,-0.140954,0.042590167,0.04994196,0.06357766,0.086889975
0.0027476794,0.01017357,0.0041518216,0.005336824,-0.0010262971,0.0063957446,-0.0015402306,-0.0032048174,-0.02472187,-0.017170172,-0.037137903,-0.015470244,0.016592462,0.024069,0.024885397,0.010003375,-0.065300874,-0.057874456,-0.097799756,-0.13865303,0.037583154,0.044979285,0.05621736,0.08546317
0.002486462,0.009906643,0.0037598254,0.005259789,-0.0008385661,0.006582659,-0.0012564561,-0.003138131,-0.025338769,-0.017776316,-0.03803689,-0.01614887,0.016909385,0.024388663,0.025381308,0.01042449,-0.05828993,-0.050762024,-0.0871284,-0.13640414,0.033038594,0.040511433,0.049471904,0.084038734
0.0022558435,0.009678956,0.003409857,0.0051885154,-0.00067333935,0.006747548,-0.0010120529,-0.003081355,-0.025750475,-0.018186666,-0.038648214,-0.01670693,0.017114952,0.024601739,0.025711153,0.010768152,-0.05205463,-0.044536423,-0.07785539,-0.13444036,0.029075788,0.03659332,0.04352843,0.082754165
0.00198974,0.00941444,0.0030047023,0.0051081236,-0.00048220277,0.0069366586,-0.00073154294,-0.0030183853,-0.026215257,-0.018665498,-0.039331652,-0.017364405,0.017347554,0.0248408,0.026071718,0.0111615695,-0.044793434,-0.03731393,-0.06711825,-0.13226168,0.024471715,0.032021824,0.036678832,0.08128252
0.0016722512,0.009097153,0.0025268958,0.005002507,-0.0002597131,0.0071503418,-0.00040535757,-0.0029355357,-0.026504984,-0.018994378,-0.039763976,-0.018098984,0.017472759,0.024948725,0.026232881,0.0116087645,-0.036175184,-0.028702315,-0.054465037,-0.12937944,0.019060276,0.026539747,0.028566524,0.079355314
0.0013917565,0.008813905,0.0021025545,0.004904159,-6.236126e-05,0.0073417514,-0.00011162703,-0.0028556685,-0.026795154,-0.019326493,-0.04020811,-0.018780211,0.017614514,0.025079818,0.026413128,0.012011739,-0.028514061,-0.021112971,-0.043128673,-0.12663366,0.014222873,0.021669205,0.02132841,0.077566445
0.0011494621,0.008562511,0.001739296,0.004823611,0.000111957896,0.007508031,0.0001526876,-0.0027863826,-0.027102651,-0.019651432,-0.04069562,-0.019463584,0.017761279,0.025223361,0.026610289,0.012410133,-0.021869,-0.014535781,-0.033243604,-0.1243439,0.010069099,0.017472984,0.015084589,0.07608141
0.0009871863,0.008388158,0.001491409,0.0047697574,0.0002315072,0.007617808,0.00033359253,-0.0027385922,-0.027286116,-0.019835552,-0.040988818,-0.019851858,0.017848058,0.025311597,0.026736043,0.012643537,-0.017494574,-0.010122992,-0.026585389,-0.122879066,0.007339176,0.014737872,0.010946632,0.075145446
0.00070259685,0.008096756,0.00105855,0.004632864,0.0004314703,0.007814064,0.0006295852,-0.0026370238,-0.02717022,-0.019722909,-0.040844172,-0.020487627,0.017711854,0.025186494,0.026552735,0.013026269,-0.009888901,-0.002427909,-0.015012573,-0.11921585,0.002581624,0.010024746,0.003785801,0.072821476
0.00046706013,0.0078575285,0.00070598244,0.004533973,0.0005955243,0.007976897,0.0008761411,-0.0025641103,-0.027066506,-0.019603664,-0.040666692,-0.020986326,0.017583257,0.025060777,0.026355956,0.013311967,-0.0036056568,0.003807955,-0.0055289753,-0.11649278,-0.0013708049,0.006106036,-0.0021519896,0.07107242
0.0001922564,0.0075805513,0.00029210886,0.004431576,0.0007855414,0.008163765,0.0011593599,-0.0024893635,-0.027037032,-0.019566115,-0.040568672,-0.021547196,0.017491944,0.024958896,0.026205705,0.013636407,0.0038726332,0.011295471,0.005526163,-0.11372889,-0.0060393345,0.0013811756,-0.0091560595,0.06921185
-0.00017421848,0.007212285,-0.0002550381,0.0042930916,0.0010378426,0.008411255,0.0015362035,-0.0023859828,-0.027149813,-0.019682067,-0.040706757,-0.022363134,0.01748521,0.024931867,0.026169641,0.014141206,0.01386423,0.021237995,0.020307004,-0.10987093,-0.012315501,-0.0049145743,-0.018528547,0.06665846
-0.00045083094,0.0069366284,-0.0006701634,0.004172523,0.0012237913,0.008598534,0.0018198935,-0.0022960403,-0.026881125,-0.01941515,-0.040306196,-0.022928001,0.017252678,0.024694705,0.025833992,0.014473428,0.021342605,0.028814578,0.03156875,-0.106527835,-0.017086314,-0.009660349,-0.025598252,0.06443193
-0.00069961505,0.006677378,-0.0010431694,0.0040739537,0.0013933758,0.008769855,0.0020763609,-0.0022191098,-0.026747396,-0.019266022,-0.040103752,-0.023448538,0.01709051,0.024535444,0.025635554,0.01480122,0.028062668,0.035643704,0.041797798,-0.10367523,-0.021318281,-0.013845253,-0.031917077,0.06258459
-0.0009873929,0.0063854004,-0.0014711013,0.003950648,0.0015935187,0.008967717,0.002371676,-0.0021249056,-0.026394665,-0.018910998,-0.03958627,-0.024036324,0.016799388,0.0242429,0.025215823,0.015174188,0.035776507,0.04336695,0.053531934,-0.100166745,-0.026147753,-0.01865296,-0.03918651,0.06040717
-0.0012439543,0.0061267917,-0.0018580697,0.0038324792,0.0017709862,0.0091375215,0.0026358136,-0.0020362418,-0.026025478,-0.018539613,-0.03902484,-0.0245219,0.016510725,0.023937333,0.024772365,0.015458809,0.042648096,0.050260246,0.06392285,-0.09688672,-0.030471599,-0.022976931,-0.04568849,0.058346428
-0.0014864823,0.0058822157,-0.0022287872,0.0037190684,0.0019390986,0.009294998,0.0028814727,-0.0019519507,-0.025646955,-0.018166104,-0.038448304,-0.024973994,0.01621574,0.023627333,0.024320684,0.01570883,0.049134146,0.05671772,0.07370658,-0.09371552,-0.03453802,-0.027013082,-0.051803745,0.05632367
-0.0017570695,0.0056113712,-0.0026408618,0.0035769744,0.002120365,0.009469803,0.0031580108,-0.0018521812,-0.024927301,-0.017460383,-0.03738969,-0.025517514,0.015706573,0.023097754,0.023544123,0.016012352,0.05635883,0.063944876,0.084489666,-0.08994132,-0.03910444,-0.031568516,-0.05861766,0.053913545
-0.0019558282,0.005415932,-0.0029396766,0.0034636874,0.0022500576,0.0095967455,0.0033582062,-0.0017727063,-0.024244322,-0.016801715,-0.03637085,-0.02590183,0.015240454,0.022617223,0.02282529,0.016210377,0.061668918,0.06911774,0.09239768,-0.08684973,-0.042444892,-0.03487276,-0.06356497,0.052006323
-0.0021829251,0.005187927,-0.0032777146,0.003346702,0.0024005421,0.009743816,0.0035882364,-0.001688101,-0.02361103,-0.01618843,-0.03543944,-0.026375575,0.0147958575,0.02215411,0.022152705,0.016477091,0.0677341,0.075167544,0.1014663,-0.0836716,-0.04625479,-0.0386679,-0.069243275,0.05001006
-0.0024122666,0.0049496456,-0.0036196273,0.0032262595,0.002548518,0.009885291,0.0038090688,-0.0016024138,-0.02295105,-0.015526246,-0.034507055,-0.026743848,0.014320008,0.02167223,0.02145689,0.016698737,0.07381945,0.08128684,0.11050057,-0.0804417,-0.050015684,-0.04240791,-0.07492677,0.047923304
-0.0026973826,0.0046630288,-0.0040420564,0.0030573078,0.0027307682,0.010066054,0.0040778182,-0.0014883111,-0.021923384,-0.01449251,-0.0330151,-0.027144548,0.0135866515,0.020960175,0.020396817,0.016947946,0.08126385,0.088724725,0.12164188,-0.07593619,-0.054600704,-0.04691065,-0.081895195,0.045069292
-0.0029364012,0.004421981,-0.004401421,0.00290179,0.0028807328,0.010216171,0.0043065134,-0.0013816602,-0.020889435,-0.013469409,-0.031455003,-0.027516523,0.01285545,0.020241711,0.019335665,0.017152201,0.0875113,0.094950266,0.13102877,-0.07178841,-0.058502555,-0.050699294,-0.087693,0.04243204
-0.0031260352,0.0042274334,-0.004689161,0.002765156,0.0030024503,0.010335887,0.004491797,-0.0012835119,-0.01998631,-0.012588868,-0.03006527,-0.027892465,0.012227467,0.019607054,0.01839079,0.017348781,0.09268159,0.09993656,0.13858156,-0.06807317,-0.06168805,-0.053884327,-0.092298,0.040120378
-0.0033319823,0.004013611,-0.005001847,0.0026211583,0.0031398272,0.010463119,0.004699044,-0.0011801616,-0.01899165,-0.011599045,-0.028567502,-0.028282458,0.011543566,0.01889949,0.017341625,0.017581405,0.09830427,0.10549472,0.14687875,-0.064183995,-0.065139666,-0.05743894,-0.09743812,0.037678234
-0.0036159984,0.0037289083,-0.0054266313,0.0024328665,0.0033274868,0.010642304,0.004976372,-0.00104842,-0.017838411,-0.010471208,-0.02686075,-0.028818099,0.010769131,0.01808859,0.01612814,0.017935295,0.10590403,0.11313523,0.15826379,-0.059107464,-0.06986876,-0.0623437,-0.104550645,0.034502007
-0.003808038,0.0035407725,-0.005705934,0.0022796667,0.0034470207,0.010761167,0.0051592565,-0.0009424926,-0.016597562,-0.009250745,-0.025002602,-0.029160844,0.009942169,0.017255124,0.014866047,0.018137058,0.11085009,0.11815209,0.16589087,-0.054907553,-0.07296206,-0.065513335,-0.10924307,0.031861026
-0.003971788,0.0033782525,-0.005944379,0.0021440114,0.003545174,0.010858134,0.0053035365,-0.00084834616,-0.015562729,-0.008245015,-0.023480857,-0.02946181,0.009240312,0.016557723,0.013798638,0.01829071,0.11505784,0.12240117,0.17223802,-0.051244467,-0.07558235,-0.06817015,-0.1131672,0.02951303
-0.0041337023,0.0032134028,-0.0061838683,0.0019936946,0.0036454927,0.010949854,0.0054537933,-0.0007435484,-0.014353002,-0.0070432285,-0.021678371,-0.029727861,0.008404729,0.01572733,0.01255923,0.018442795,0.11918256,0.12662849,0.17858435,-0.047186203,-0.078127205,-0.07073212,-0.11709362,0.026928457
-0.0042975694,0.0030525378,-0.006434576,0.0018084646,0.0037458607,0.011036393,0.0056002215,-0.0006153254,-0.012856943,-0.0055479985,-0.01941279,-0.029952506,0.007396621,0.01470261,0.011038732,0.018575486,0.123314686,0.13087913,0.18502343,-0.042197242,-0.080676734,-0.07333964,-0.12105626,0.023851508
-0.0044571212,0.0028971513,-0.006678092,0.0016029663,0.0038359554,0.011130521,0.0057439203,-0.0004782026,-0.01118939,-0.003883563,-0.016846653,-0.030220333,0.006278779,0.013586723,0.009369603,0.01870597,0.12740107,0.13505429,0.1913354,-0.036811393,-0.083176695,-0.07586923,-0.1247902,0.020470474
-0.004564317,0.0027862922,-0.0068387017,0.0014519254,0.003892535,0.011199854,0.0058454345,-0.00037506153,-0.009889568,-0.0026145354,-0.014834219,-0.030442975,0.0054035657,0.012733189,0.008095595,0.018790547,0.13029057,0.13791686,0.19568774,-0.03277741,-0.08493329,-0.07760604,-0.12719846,0.017868845
-0.0046698917,0.0026747384,-0.0069999527,0.0013009431,0.0039555226,0.011274358,0.0059549487,-0.00027001352,-0.008623356,-0.0013633166,-0.012934377,-0.030692982,0.0045578904,0.011895744,0.0068591195,0.018906789,0.13326284,0.14078268,0.20011215,-0.028687548,-0.08675894,-0.079412915,-0.12980555,0.015272976
-0.004762412,0.0025746813,-0.0071383296,0.0011243668,0.0040073963,0.011321268,0.0060353973,-0.00014914772,-0.007013659,0.0002447269,-0.010574351,-0.03084104,0.0035023186,0.010825183,0.005280462,0.018995004,0.13567363,0.14307907,0.20376547,-0.023775535,-0.08814574,-0.08090029,-0.13201386,0.012228068
-0.004818389,0.0025113858,-0.0072146878,0.000977847,0.0040304177,0.0113430815,0.0060797925,-4.7257476e-05,-0.0055501647,0.001702371,-0.008432731,-0.030916652,0.002542605,0.009864636,0.003864462,0.019033637,0.13702646,0.14429453,0.20584616,-0.019604927,-0.08893648,-0.0816895,-0.13319704,0.009632032
-0.004849159,0.0024773655,-0.0072604427,0.0007854097,0.004034644,0.011344605,0.0060859825,8.3309606e-05,-0.0037105668,0.003523715,-0.0056977,-0.030946022,0.0013472897,0.008653399,0.0020648392,0.01903727,0.1376772,0.14479953,0.2067218,-0.0142684635,-0.089254566,-0.08201211,-0.13370138,0.0063369595
-0.004887507,0.0024404097,-0.007320888,0.0006254737,0.004040429,0.011350311,0.006096351,0.00018816732,-0.0022795247,0.0049491525,-0.0035478296,-0.030998832,0.00041550543,0.007689207,0.00062827487,0.01903321,0.13838507,0.14557746,0.20781808,-0.010036802,-0.089744575,-0.082433715,-0.13434163,0.0037059146
-0.004909109,0.0024118205,-0.007358548,0.00045619527,0.0040420815,0.011347951,0.0060934555,0.00029749973,-0.0008294477,0.00639878,-0.0013985994,-0.031068046,-0.00054351543,0.0067253658,-0.00083344866,0.019016173,0.13871601,0.14599279,0.20848913,-0.0056101773,-0.08997221,-0.08259471,-0.13466913,0.00091933453
-0.004894224,0.0024239016,-0.00733834,0.00029456982,0.0040221126,0.011321365,0.006054798,0.000403544,0.0005691835,0.0077691083,0.0006249574,-0.031128025,-0.0014600437,0.0058195735,-0.0022128662,0.018992342,0.1381793,0.14538768,0.20785977,-0.0013482524,-0.089574255,-0.08213753,-0.13414079,-0.0017424884
-0.004862895,0.0024515707,-0.0072959457,0.00013102706,0.0039919405,0.011284845,0.005995742,0.0005097379,0.0020891724,0.009247595,0.0028490247,-0.031123852,-0.0024363159,0.0048525687,-0.003678193,0.018963737,0.13732603,0.14441183,0.20662524,0.0030420865,-0.08888757,-0.08144146,-0.1332025,-0.004444494
-0.0048463726,0.0024680928,-0.0072728833,1.1535885e-06,0.0039690277,0.011260619,0.005961364,0.0005962431,0.0032793086,0.010435855,0.0046538217,-0.03106298,-0.003216776,0.00405366,-0.0048519913,0.018933836,0.13680685,0.14398092,0.20591588,0.006511891,-0.08850142,-0.08109994,-0.13260175,-0.0065915613
-0.0048201773,0.002482907,-0.0072423005,-0.00016431187,0.0039406302,0.011227876,0.005920789,0.00070526695,0.0047328006,0.011913193,0.0069043827,-0.030954657,-0.00419591,0.0030730558,-0.00631429,0.018869186,0.13598469,0.14342901,0.20472145,0.010903193,-0.08797226,-0.08062216,-0.13180707,-0.009334233
-0.0047546057,0.0025358056,-0.0071518566,-0.0003295093,0.0038846156,0.011167266,0.005842453,0.0008136705,0.00619933,0.013397934,0.00918531,-0.03085948,-0.00518847,0.0020920886,-0.007793739,0.018781984,0.13409546,0.14174873,0.20196089,0.015284343,-0.08678572,-0.079412825,-0.1299959,-0.012101455
-0.0046598087,0.0026242598,-0.007012283,-0.0005034362,0.0038037898,0.011081884,0.005717175,0.0009261349,0.0077798637,0.01497332,0.011589418,-0.030756338,-0.0062423614,0.0010449658,-0.009370812,0.018677155,0.13140455,0.13905555,0.1979697,0.019948296,-0.08498806,-0.07758733,-0.12733819,-0.01502382
-0.00458734,0.0026867273,-0.0069074165,-0.00068655016,0.0037433447,0.011010528,0.0056201136,0.0010433937,0.009371453,0.016569927,0.01396355,-0.030677907,-0.0072972975,5.4077245e-06,-0.010936101,0.018598164,0.12936753,0.13697878,0.19495156,0.024871524,-0.0835436,-0.07623306,-0.12527397,-0.018071493
-0.004488976,0.0027746293,-0.0067582745,-0.00086262485,0.0036685748,0.010922067,0.005495178,0.0011563209,0.010870271,0.018110871,0.016199043,-0.030510183,-0.008304006,-0.0009848946,-0.0124183195,0.018475102,0.12663786,0.13416633,0.19084576,0.029749611,-0.08168836,-0.07445209,-0.12260131,-0.020969035
-0.0044472245,0.0028087972,-0.0066926456,-0.0010330625,0.0036387946,0.0108874645,0.005452727,0.0012660035,0.011943837,0.0192241,0.017845234,-0.030666338,-0.009045294,-0.0017258474,-0.013502833,0.018582743,0.12552342,0.13298482,0.18906564,0.0344308,-0.08088902,-0.073758,-0.121590264,-0.023766978
-0.0043730587,0.002880047,-0.0065762773,-0.001251232,0.0035733588,0.010819388,0.0053531136,0.001407434,0.013585233,0.020888641,0.02032696,-0.030565824,-0.010155243,-0.0028250949,-0.015143086,0.018484222,0.12334337,0.13068864,0.18573691,0.040407356,-0.07940459,-0.072332814,-0.119508155,-0.027385723
-0.0042406493,0.003008095,-0.006375671,-0.0014079183,0.0034654913,0.010710182,0.00519376,0.0015083886,0.014763423,0.022055134,0.022094127,-0.03034035,-0.010949256,-0.003613668,-0.016314471,0.018297546,0.11961664,0.1268518,0.18000486,0.044564705,-0.07702082,-0.06991079,-0.11589289,-0.029923202
-0.0040857024,0.0031586355,-0.006140009,-0.0015683889,0.0033456439,0.010584877,0.0050124633,0.0016148668,0.015988614,0.023287844,0.023937942,-0.030094698,-0.011775586,-0.004443171,-0.01755001,0.018099394,0.115265846,0.12246355,0.17340681,0.04881117,-0.0742729,-0.067105114,-0.11169681,-0.032533165
-0.00391778,0.0033207303,-0.0058842725,-0.0017237357,0.0032185195,0.010452863,0.0048192767,0.0017187352,0.017191403,0.024514215,0.025735278,-0.029827926,-0.01257895,-0.0052608834,-0.0187645,0.017894052,0.110552564,0.11773633,0.16633317,0.052927405,-0.07129247,-0.064124025,-0.10717253,-0.03505491
-0.003745897,0.0034848088,-0.005625765,-0.0018731862,0.0030884603,0.010322419,0.0046224836,0.0018170583,0.018256444,0.025600132,0.027333798,-0.029571818,-0.013287018,-0.005989215,-0.019849531,0.017703831,0.10577208,0.11298012,0.15908876,0.05680342,-0.068254724,-0.061140075,-0.102578655,-0.037454687
-0.00351693,0.0037071726,-0.005287483,-0.0020459457,0.0029145821,0.010154958,0.0043670367,0.0019251881,0.01933348,0.026685368,0.028965237,-0.029210187,-0.014010219,-0.006716845,-0.020932047,0.017431473,0.09947301,0.10674818,0.14955781,0.0612985,-0.06427776,-0.057167858,-0.096569985,-0.040238358
-0.0033209838,0.0038997058,-0.0049992003,-0.0022002964,0.0027601575,0.010003868,0.00414857,0.0020195157,0.020266496,0.027601982,0.030368516,-0.028931888,-0.014645236,-0.0073482,-0.02186723,0.017217573,0.09407322,0.10147338,0.14145175,0.06522548,-0.06088353,-0.053757235,-0.091370694,-0.042702097
-0.0030971125,0.0041153887,-0.0046606795,-0.002359813,0.0025899361,0.009828685,0.0038975081,0.0021205733,0.021274894,0.02859742,0.031897802,-0.02861504,-0.015332443,-0.008028727,-0.022884013,0.016979013,0.08797263,0.09532999,0.13223736,0.06938362,-0.057009224,-0.049832135,-0.08544076,-0.045301635
-0.0028915012,0.0043095713,-0.0043551424,-0.0025030382,0.0024394349,0.009670238,0.0036662687,0.00221227,0.022048928,0.029378833,0.033076815,-0.028329005,-0.015861113,-0.008555362,-0.023692656,0.016764602,0.08239118,0.08978244,0.123819955,0.07309984,-0.05346056,-0.046249848,-0.08003719,-0.04763268
-0.0025824315,0.0046073534,-0.0038936576,-0.0026844495,0.0022143018,0.009445377,0.0033284074,0.0023265502,0.02286953,0.03019868,0.03432877,-0.027811162,-0.01640938,-0.009108832,-0.024545908,0.016396401,0.073929355,0.08141673,0.11113901,0.07788605,-0.048112594,-0.040857654,-0.0719141,-0.050607406
-0.002319181,0.004867403,-0.0035014534,-0.0028306686,0.002022305,0.009254798,0.0030337228,0.0024176633,0.023634113,0.030938717,0.03547337,-0.027407495,-0.01690827,-0.0096057765,-0.025323674,0.016117606,0.066737354,0.07432535,0.10042994,0.081791796,-0.04348423,-0.036282048,-0.065026954,-0.05298052
-0.0020522575,0.005137953,-0.0030975684,-0.002986306,0.0018222339,0.009053559,0.0027319875,0.002514301,0.024537612,0.03180643,0.036816232,-0.02700515,-0.017508859,-0.010219658,-0.026244415,0.015834922,0.059381712,0.066941634,0.08942736,0.08591985,-0.038748033,-0.031605788,-0.05798658,-0.05549874
-0.0018105865,0.005377854,-0.0027341808,-0.0031426349,0.0016401078,0.008869672,0.0024618527,0.002610037,0.025084553,0.032314464,0.03763034,-0.026624024,-0.017876295,-0.0106088985,-0.026826581,0.015571173,0.052742384,0.060189273,0.07937441,0.09004636,-0.03450354,-0.027384821,-0.05162791,-0.058030475
-0.0015457966,0.0056408895,-0.0023291947,-0.0032946211,0.001439558,0.008663128,0.002159154,0.0027033414,0.025771128,0.03297971,0.038645584,-0.026129702,-0.018342819,-0.011100294,-0.02754701,0.015228007,0.045376685,0.052749902,0.06823103,0.09402611,-0.029861605,-0.022716884,-0.044566404,-0.060465414
-0.001330105,0.005854789,-0.0020039212,-0.003380261,0.0012807162,0.008500562,0.001922359,0.0027543134,0.025886558,0.033072002,0.038807496,-0.02565567,-0.018437944,-0.011193307,-0.027678197,0.014911756,0.039344806,0.04676286,0.059247784,0.09621572,-0.026112048,-0.018930458,-0.0388625,-0.06181624
-0.0010588696,0.006128099,-0.0016039425,-0.0035039224,0.001085853,0.008303833,0.0016256953,0.0028307005,0.026250334,0.033424735,0.039333563,-0.025110185,-0.018690875,-0.011428256,-0.028030831,0.014536201,0.03182946,0.039326634,0.04802416,0.09938683,-0.021335272,-0.014115258,-0.031856887,-0.06377049
-0.00084982073,0.0063447123,-0.0012926464,-0.0037090043,0.00093689864,0.008151147,0.0013950306,0.0029632712,0.026784647,0.033952296,0.040120784,-0.02492946,-0.01907682,-0.011815302,-0.028601428,0.014389102,0.026025724,0.033559047,0.03942442,0.10472021,-0.017552631,-0.01037906,-0.026467703,-0.067114204
-0.00062657235,0.0065739914,-0.00095507974,-0.0038172463,0.0007741245,0.007986257,0.0011432115,0.0030304445,0.02697209,0.03416235,0.040411342,-0.024503715,-0.019222878,-0.011958532,-0.028807912,0.0140916705,0.019858476,0.027404254,0.030248702,0.10749055,-0.013591743,-0.006432007,-0.020650595,-0.06884616
-0.0003394294,0.0068616234,-0.0005260537,-0.00398146,0.0005691035,0.007775748,0.0008320653,0.0031389263,0.027124837,0.034324367,0.040665362,-0.024015924,-0.019350842,-0.012107898,-0.029013325,0.013748168,0.012054054,0.019606348,0.018616254,0.11187348,-0.008643167,-0.0014639571,-0.013333187,-0.07156446
-5.1189032e-05,0.007149049,-9.786292e-05,-0.0041033514,0.0003588941,0.007563949,0.00051774987,0.003214057,0.027272806,0.034471158,0.040888622,-0.023427155,-0.019476239,-0.012229072,-0.029190393,0.013354989,0.004209998,0.011772561,0.0068542487,0.11508681,-0.0036607466,0.0035360907,-0.005910269,-0.073531784
0.00022231574,0.00741209,0.0003091931,-0.004266449,0.00016543662,0.007361519,0.00022208632,0.0033207492,0.027531711,0.03474561,0.041275285,-0.022990627,-0.019706454,-0.0124519225,-0.029513843,0.013046879,-0.0032011936,0.004339938,-0.0042336276,0.11944454,0.0010825105,0.008283833,0.001148376,-0.07622507
0.0004712414,0.0076519977,0.0006828691,-0.0044108205,-8.565417e-06,0.0071805613,-4.126178e-05,0.003412438,0.02743619,0.034635622,0.041126233,-0.02261064,-0.019692544,-0.012436312,-0.029494349,0.012784345,-0.009980087,-0.0025244243,-0.014433315,0.12325536,0.0054148855,0.012590511,0.0075996863,-0.07861234
0.00075575925,0.007929537,0.0011134868,-0.0045453697,-0.00021599735,0.006972628,-0.00035270056,0.0034931083,0.027270356,0.034421213,0.04085105,-0.02199705,-0.019607348,-0.012352338,-0.029382955,0.012369775,-0.017836643,-0.010338051,-0.026189815,0.12677404,0.010352735,0.017548742,0.0151646035,-0.080777116
0.001056209,0.008231792,0.0015720129,-0.0046754456,-0.00043928847,0.006752819,-0.00068606867,0.0035689818,0.026903082,0.034028318,0.040294275,-0.021210035,-0.019396616,-0.0121364985,-0.029070282,0.011849177,-0.026154513,-0.018624958,-0.038682014,0.13019364,0.01555908,0.022813123,0.023198605,-0.082857
0.0012961164,0.008465297,0.0019378811,-0.004822411,-0.00060681603,0.0065802755,-0.0009426464,0.003665591,0.026510576,0.033634823,0.039719824,-0.020836934,-0.019193672,-0.011963369,-0.028805932,0.011603947,-0.03250785,-0.025190333,-0.048513237,0.13409674,0.019595964,0.026857466,0.029421845,-0.08526134
0.0015654092,0.008729252,0.0023415864,-0.004930555,-0.0007976083,0.0063840398,-0.0012366485,0.003733894,0.02624323,0.03336729,0.039306648,-0.020255987,-0.019053902,-0.011835035,-0.028613137,0.0112204375,-0.0397596,-0.032614227,-0.059563693,0.13702546,0.024204718,0.031494025,0.03646166,-0.08702905
0.0017956101,0.008961295,0.0026800847,-0.005008605,-0.00096278696,0.0062233247,-0.0014808527,0.0037790826,0.0259283,0.033041164,0.03882547,-0.019730357,-0.018863035,-0.011645371,-0.028329303,0.010884649,-0.0460198,-0.038810667,-0.06891257,0.13906495,0.028218685,0.035446364,0.04239848,-0.08828013
0.0021048384,0.009272818,0.0031359901,-0.005127919,-0.0011896383,0.0060033235,-0.0018095635,0.003850555,0.025426818,0.032530088,0.038066868,-0.018945027,-0.01858004,-0.011344753,-0.027873212,0.010374084,-0.054544933,-0.04718437,-0.08155405,0.14213666,0.033657916,0.040847547,0.050402187,-0.090212815
0.0023496205,0.0095243985,0.0035057238,-0.005211956,-0.001368424,0.005829085,-0.0020784794,0.003900372,0.024825234,0.03192188,0.037145916,-0.018289877,-0.01822204,-0.010973921,-0.027316215,0.0099569,-0.06128901,-0.05390067,-0.091601014,0.14430135,0.03796959,0.04513519,0.056799576,-0.09154345
0.0026283064,0.0097961025,0.0039265407,-0.0054013142,-0.0015540639,0.005639375,-0.0023566731,0.004022047,0.024220856,0.03131733,0.036248293,-0.018045617,-0.017898563,-0.010664711,-0.026823623,0.0098033,-0.06869966,-0.06132619,-0.10278099,0.14939097,0.042625897,0.049746785,0.06378475,-0.0946836
0.0028608053,0.010032632,0.004281387,-0.0055117584,-0.0017252405,0.005469037,-0.0026146392,0.0040877187,0.023484811,0.030605404,0.035148792,-0.017393012,-0.017472256,-0.010241017,-0.02617562,0.00937893,-0.07506206,-0.06778412,-0.11245319,0.15228707,0.046633314,0.05378555,0.06991717,-0.09644279
0.0031268261,0.010302106,0.0046865568,-0.005630214,-0.0019231365,0.005272597,-0.0029137097,0.0041599493,0.022691602,0.029845925,0.03396616,-0.016562285,-0.017011816,-0.009772982,-0.025479663,0.008829204,-0.08237283,-0.0751455,-0.123559624,0.15546279,0.05120184,0.058455177,0.07696514,-0.098369114
0.0032920486,0.010476906,0.0049422625,-0.0056920587,-0.0020446284,0.0051516695,-0.0031089191,0.004198074,0.022124473,0.029294714,0.03311294,-0.016004954,-0.016660739,-0.009418663,-0.0249779,0.008460472,-0.08694961,-0.079784475,-0.13047293,0.15721297,0.054061405,0.061391536,0.08138718,-0.09937436
0.0035422218,0.01073085,0.0053210617,-0.0058103562,-0.0022320568,0.00496714,-0.003388891,0.004272052,0.021044958,0.028225029,0.031521477,-0.015171061,-0.016005844,-0.008777786,-0.02402182,0.007908325,-0.09386578,-0.08671865,-0.14083265,0.16036952,0.05837559,0.065730385,0.08790932,-0.10126271
0.0037704406,0.010966921,0.0056573437,-0.005887916,-0.002405889,0.0048036817,-0.0036398156,0.0043132906,0.01997821,0.027165072,0.029956931,-0.014330898,-0.015340877,-0.008116979,-0.023036052,0.0073684924,-0.100181155,-0.09298176,-0.15023857,0.1623201,0.062411204,0.069684945,0.09383979,-0.1024315
0.0039759967,0.01117954,0.005959014,-0.005958343,-0.002562832,0.0046567526,-0.0038653552,0.0043491945,0.018932061,0.026142197,0.02843362,-0.013571701,-0.014693804,-0.0074739945,-0.022063052,0.0068912134,-0.105886415,-0.09864986,-0.15871686,0.16402692,0.06611353,0.07327119,0.0991402,-0.10346578
0.0042259744,0.011435097,0.006332743,-0.0060538626,-0.0027554103,0.0044726655,-0.0041479105,0.0044014007,0.017784046,0.025024438,0.02674478,-0.01264342,-0.013996133,-0.0067755436,-0.021001948,0.0062996144,-0.11279745,-0.10562538,-0.1691488,0.16639157,0.07055297,0.07768166,0.10570527,-0.10490857
0.004377091,0.011594333,0.006559187,-0.0061106384,-0.0028780948,0.0043629007,-0.004333409,0.004428105,0.016682297,0.023944335,0.02509971,-0.0118797,-0.0133000435,-0.0060843867,-0.019985227,0.005821898,-0.116854995,-0.10993792,-0.17550492,0.16778517,0.07321633,0.080447786,0.109937705,-0.105744846
0.004579903,0.011807784,0.0068624034,-0.006123775,-0.003033727,0.0042199073,-0.0045674616,0.0044248817,0.015323132,0.02261789,0.023060158,-0.010883729,-0.012437324,-0.0052069337,-0.018687751,0.005198945,-0.12233728,-0.115597315,-0.1839583,0.1680247,0.076710865,0.08410248,0.11544506,-0.1058369
0.004702002,0.011933802,0.007045726,-0.006134209,-0.0031253912,0.0041331723,-0.0047071003,0.0044283685,0.01432282,0.021615181,0.021552991,-0.010266257,-0.011800745,-0.004563552,-0.017714916,0.0048210407,-0.12577908,-0.11890101,-0.18909176,0.16828091,0.078856,0.08623371,0.11866699,-0.105916224
0.004831558,0.0120671615,0.0072444608,-0.0061728847,-0.0032348551,0.0040338524,-0.004861517,0.004448015,0.013178286,0.02046882,0.019867856,-0.009488787,-0.011080935,-0.0038432726,-0.016614756,0.0043344367,-0.12953694,-0.12244836,-0.1946484,0.16928504,0.081210345,0.088515244,0.122176245,-0.1064673
0.005007659,0.01224433,0.0075110723,-0.0062369877,-0.0033805901,0.0038966846,-0.0050701685,0.004486536,0.011801653,0.019106202,0.017831247,-0.008570792,-0.010227063,-0.0029973001,-0.015337335,0.0037436467,-0.13447973,-0.12730601,-0.20214535,0.17090611,0.08436539,0.0916108,0.1269029,-0.10745409
0.0051138676,0.0123581495,0.0076733357,-0.0062791663,-0.0034716595,0.0038114325,-0.0052036787,0.0045078215,0.010583113,0.017899327,0.016019674,-0.007845074,-0.0094508305,-0.0022263858,-0.014185946,0.0032800469,-0.13762802,-0.13039222,-0.20678072,0.1719329,0.08635062,0.09357114,0.1298824,-0.10806698
0.0052084164,0.0124696195,0.007815962,-0.006319435,-0.0035584548,0.0037306764,-0.005338649,0.004524101,0.009034447,0.016395835,0.013739408,-0.0069285147,-0.008473938,-0.0012563583,-0.012722033,0.0026975628,-0.14050333,-0.1333341,-0.21095806,0.17282818,0.08819563,0.09539184,0.13259691,-0.10859218
0.0052966946,0.012574001,0.0079437625,-0.0063657784,-0.0036410051,0.003659138,-0.0054619745,0.00454586,0.0075424695,0.014927384,0.011521525,-0.0060942452,-0.007528883,-0.00031903666,-0.01132023,0.0021594446,-0.1430578,-0.13599038,-0.21474104,0.17390625,0.08984413,0.09706914,0.13513619,-0.109233886
0.005407936,0.012691062,0.008102017,-0.0063754926,-0.0037386212,0.0035729,-0.0056014643,0.0045434884,0.005934653,0.01332943,0.009098081,-0.00512805,-0.0064952294,0.00070898747,-0.009789866,0.001541126,-0.14614159,-0.13908869,-0.21942706,0.1739821,0.091841936,0.09911236,0.13819668,-0.109250255
0.0054692677,0.012754278,0.008187613,-0.0063983956,-0.0038016948,0.0035180217,-0.0056893416,0.004551293,0.004397829,0.0117934495,0.0067788875,-0.0042622252,-0.005511764,0.0016957363,-0.008329952,0.0009854476,-0.14799437,-0.14088094,-0.22222805,0.17443883,0.09302836,0.10033969,0.14008167,-0.10953828
0.0055109146,0.012800726,0.008244222,-0.0063805506,-0.0038515145,0.0034763254,-0.0057573523,0.0045322767,0.0028672493,0.010266306,0.0044654002,-0.0034002014,-0.0045270766,0.0026917704,-0.006843265,0.00044035428,-0.14941327,-0.14211193,-0.22416252,0.17381276,0.093966834,0.10123214,0.14138688,-0.10915184
0.0056098904,0.012900379,0.008396891,-0.006444322,-0.0039418074,0.0033960468,-0.005881577,0.004566312,0.0012911421,0.008683532,0.002095872,-0.0026771317,-0.0035491772,0.0036805018,-0.0053629526,-1.588749e-05,-0.15246907,-0.14493123,-0.22853549,0.17536554,0.09596111,0.10315057,0.14416857,-0.11012129
0.0056069903,0.012904389,0.008404224,-0.0064397743,-0.003965769,0.0033784984,-0.00592128,0.004556416,-0.00010313903,0.0072817774,-9.825686e-06,-0.001875275,-0.002665796,0.004573008,-0.004044345,-0.00051657273,-0.15271083,-0.14518479,-0.22885844,0.17518607,0.09625579,0.10337822,0.14450437,-0.110026576
0.0056109265,0.012920732,0.008424017,-0.006449482,-0.004002498,0.0033464227,-0.005984079,0.0045548887,-0.001984118,0.005393981,-0.0028448668,-0.0008215436,-0.0014809349,0.0057673687,-0.0022822025,-0.0011718116,-0.15315877,-0.1457831,-0.22955072,0.175418,0.09667678,0.103864074,0.14522575,-0.11013705
0.005573232,0.012897294,0.008379726,-0.006454452,-0.004007325,0.0033498611,-0.0060031237,0.0045509282,-0.0035508743,0.003814707,-0.0052277707,9.546586e-05,-0.00048138358,0.006768455,-0.00079199136,-0.0017399001,-0.15241803,-0.14520875,-0.22850262,0.17550188,0.09632417,0.103622794,0.14485487,-0.11012866
0.0055224597,0.012860108,0.0083101755,-0.0064554666,-0.0040018116,0.0033631963,-0.0060039405,0.0045453277,-0.0050594844,0.002283405,-0.007531503,0.001018672,0.00049115054,0.0077425325,0.00067046017,-0.0023174414,-0.15135874,-0.14421251,-0.2268498,0.17544612,0.0957504,0.10315247,0.1441203,-0.11003187
0.0054874965,0.012828539,0.008252602,-0.0064490596,-0.003995107,0.0033756061,-0.005993549,0.0045398604,-0.0061442107,0.0011612047,-0.009185597,0.00164785,0.001198903,0.008450025,0.0017420035,-0.0027171816,-0.15061413,-0.14329314,-0.22553179,0.17518859,0.09533116,0.102744296,0.14346176,-0.109846
0.005428019,0.012768231,0.008150425,-0.0064077615,-0.0039742407,0.0034053852,-0.0059460253,0.0045122304,-0.0071907686,5.892478e-05,-0.01080075,0.0023223609,0.001908405,0.009153024,0.002815225,-0.0031480682,-0.14927605,-0.14150617,-0.22317842,0.17385435,0.094526306,0.101838924,0.1420491,-0.10902964
0.005357961,0.012701452,0.008038915,-0.006399308,-0.00395417,0.0034348574,-0.00590594,0.0045019025,-0.0085656,-0.0013404619,-0.012874342,0.0031608422,0.002800918,0.0100452,0.004148917,-0.0036867606,-0.14773652,-0.13968077,-0.22072373,0.17337573,0.093657896,0.10088909,0.14060098,-0.10877695
0.005250438,0.012606233,0.00788317,-0.006380683,-0.0039080023,0.0034939884,-0.005842646,0.0044824225,-0.009854757,-0.0026037116,-0.014840213,0.003926049,0.0036239265,0.01087608,0.0053675086,-0.0041629183,-0.14512993,-0.1372385,-0.21709041,0.17268692,0.09214884,0.09941629,0.13836282,-0.10840761
0.0051499372,0.012518961,0.007740734,-0.006354429,-0.0038604282,0.0035481113,-0.0057856017,0.0044565955,-0.011166969,-0.0038829679,-0.01682676,0.0046830536,0.0044454453,0.011718039,0.006600479,-0.0046243495,-0.14268075,-0.1350289,-0.2136968,0.17184071,0.09072503,0.09807291,0.13624132,-0.10791845
0.00504141,0.012423618,0.0075827003,-0.0062728217,-0.003806467,0.0036076168,-0.005711375,0.004395124,-0.01240843,-0.005108661,-0.018724322,0.005474145,0.0052476856,0.0125473,0.0078342995,-0.0050963247,-0.1399975,-0.1324754,-0.2097375,0.16959056,0.08914693,0.09655323,0.13379233,-0.10648252
0.004930925,0.012319831,0.0074159065,-0.0062249154,-0.0037517014,0.0036646654,-0.0056285094,0.0043595564,-0.013621472,-0.0063145375,-0.02054059,0.0062345113,0.0060196733,0.0133378,0.009023665,-0.0055573876,-0.13722794,-0.12968796,-0.20553619,0.16826923,0.08753003,0.094894946,0.13126625,-0.10564002
0.0048026573,0.012203194,0.0072217844,-0.006188299,-0.003699631,0.0037254398,-0.005545463,0.0043279314,-0.01515442,-0.007836252,-0.022813037,0.007210767,0.006993526,0.014324441,0.01049457,-0.0061565232,-0.13404126,-0.12648788,-0.20068645,0.167258,0.08569761,0.09303088,0.12848487,-0.10496439
0.0047384487,0.01214573,0.0071149506,-0.0061539942,-0.0036782424,0.003759096,-0.0055072117,0.004296328,-0.016188504,-0.008866986,-0.02437091,0.007897222,0.007667644,0.015002061,0.011496341,-0.0065791397,-0.1323274,-0.12476281,-0.19811895,0.16631357,0.084768586,0.09211059,0.1270073,-0.104328744
0.0045678066,0.011986963,0.006854484,-0.0061035464,-0.0035942297,0.0038530207,-0.005382619,0.004253617,-0.017557189,-0.010209961,-0.026414106,0.008753735,0.008548932,0.01589859,0.012811636,-0.007109384,-0.12799878,-0.120435975,-0.19170937,0.16486336,0.0822005,0.08958977,0.12313579,-0.10338954
0.004416804,0.011844002,0.006620813,-0.006010372,-0.0035073368,0.0039443737,-0.0052584573,0.004187615,-0.018511597,-0.011166152,-0.027870148,0.009347247,0.00918849,0.016551184,0.013762966,-0.0074716303,-0.12407136,-0.11656371,-0.18584011,0.16230947,0.07985154,0.0872829,0.11951975,-0.10176115
0.004256684,0.011686133,0.006373775,-0.0059502646,-0.0034140442,0.0040400187,-0.005123912,0.004145753,-0.019548826,-0.012214946,-0.029434375,0.009969483,0.009865842,0.017242,0.014782972,-0.007859198,-0.11991949,-0.11244589,-0.17964642,0.16066596,0.07736903,0.08478871,0.11571349,-0.1007208
0.004104482,0.011540836,0.0061463136,-0.0059071695,-0.0033291013,0.0041293977,-0.004999257,0.0041168486,-0.020536639,-0.01324223,-0.030949121,0.010596513,0.010507336,0.017905772,0.015761232,-0.008255302,-0.1160335,-0.10859903,-0.17375575,0.15953083,0.075019255,0.08246623,0.11222917,-0.100000344
0.00391126,0.011360903,0.0058617406,-0.005844759,-0.0032224238,0.0042440263,-0.0048419964,0.004073341,-0.021597508,-0.014341883,-0.032587703,0.011326426,0.011199365,0.018621054,0.016804734,-0.008708089,-0.11108423,-0.103705235,-0.16636574,0.15786421,0.0720068,0.07953414,0.107838936,-0.098939754
0.0037028491,0.011161508,0.0055519165,-0.005777317,-0.0031090688,0.0043699173,-0.0046666614,0.0040254565,-0.02258645,-0.015330419,-0.03405603,0.0120755425,0.011827645,0.019273851,0.017763082,-0.009172316,-0.1057387,-0.09830729,-0.15828748,0.15610634,0.06876239,0.07630624,0.10302406,-0.097807005
0.0035101934,0.0109756775,0.0052631097,-0.005712093,-0.0030043202,0.0044877967,-0.0045014964,0.0039816997,-0.023367088,-0.01609846,-0.035179622,0.01270631,0.012330282,0.01978833,0.018514117,-0.009575295,-0.10076286,-0.09326771,-0.15072563,0.15439758,0.06575942,0.07325854,0.09852563,-0.0967404
0.0032910565,0.010765943,0.0049344585,-0.005644538,-0.0028832161,0.0046201204,-0.004318271,0.003935933,-0.024123987,-0.016833065,-0.036271397,0.013324635,0.012823553,0.020283405,0.019234613,-0.009967705,-0.095143944,-0.087598346,-0.14227557,0.15255862,0.062372707,0.06980604,0.09341165,-0.09560572
0.0031197446,0.010602866,0.0046790373,-0.005591929,-0.0027916268,0.004719421,-0.004176967,0.0038993128,-0.024760792,-0.017443253,-0.037179418,0.013882347,0.013238525,0.020691982,0.019847004,-0.0103230355,-0.09082728,-0.08323778,-0.13575651,0.15107834,0.05971065,0.06714157,0.08945116,-0.09470184
0.0028486561,0.010349261,0.0042735506,-0.0055141104,-0.0026491787,0.004879467,-0.0039615757,0.0038386951,-0.025800247,-0.018439697,-0.038706172,0.014740404,0.013911543,0.021369759,0.020864632,-0.010858528,-0.083938,-0.07645849,-0.12553634,0.1488233,0.0555564,0.06302208,0.08320939,-0.09329372
0.0026046524,0.010116785,0.003906393,-0.0054429905,-0.002516048,0.005031269,-0.0037576244,0.0037833317,-0.02648205,-0.019081207,-0.03969944,0.015391805,0.014349102,0.02182533,0.021547375,-0.011263448,-0.07760337,-0.07030411,-0.11615223,0.14679623,0.051770132,0.059258588,0.07750133,-0.092000596
0.0023831737,0.00990724,0.0035726521,-0.005372803,-0.0023924578,0.0051676435,-0.003570106,0.0037329795,-0.027081419,-0.019664405,-0.040616002,0.015983442,0.0147519745,0.02224127,0.02215892,-0.011634712,-0.07189014,-0.06470407,-0.10776637,0.14472395,0.04832911,0.055818696,0.07236308,-0.09074627
0.0020987238,0.009639132,0.0031530033,-0.0052907155,-0.0022326284,0.0053349216,-0.0033295462,0.0036708848,-0.027671557,-0.020232689,-0.041529294,0.016740087,0.015152815,0.022661356,0.022771887,-0.012100645,-0.06462498,-0.05751165,-0.09706113,0.14236178,0.043901596,0.051476326,0.065809846,-0.08925414
0.0017986129,0.009350018,0.0027056593,-0.005204275,-0.0020600948,0.0055100983,-0.003065957,0.0036084868,-0.028159693,-0.020706125,-0.04228062,0.01747638,0.015493478,0.023013705,0.023277963,-0.01256555,-0.05697496,-0.04975041,-0.08561221,0.13984604,0.039178275,0.046804234,0.05873217,-0.08769823
0.0014826726,0.009043769,0.0022330312,-0.0051122587,-0.001881713,0.00569442,-0.002793824,0.00354435,-0.028777473,-0.021306146,-0.04318682,0.018252881,0.015907712,0.023428611,0.023887446,-0.01305885,-0.048935305,-0.0415316,-0.0734464,0.13725547,0.034233134,0.041867666,0.051256903,-0.08611088
0.0012028785,0.008774195,0.0018156988,-0.0050229174,-0.0017241704,0.0058626374,-0.0025545675,0.0034824482,-0.029245308,-0.021765675,-0.043868877,0.018898062,0.01622709,0.023750076,0.024351902,-0.0134670865,-0.041784152,-0.034253363,-0.062643655,0.13478796,0.029836684,0.037467424,0.044651892,-0.08457018
0.000932743,0.008515163,0.0014167282,-0.004929201,-0.0015722195,0.006024543,-0.002325163,0.003418071,-0.029588468,-0.022103649,-0.04437976,0.019518746,0.016477223,0.023996472,0.024707293,-0.013853019,-0.034910016,-0.027235672,-0.05225161,0.13225871,0.025582435,0.033210162,0.03831824,-0.082982115
0.00061372085,0.008205345,0.000940524,-0.0048191003,-0.0013891835,0.0062189735,-0.002051344,0.0033394664,-0.029863188,-0.022355696,-0.044782307,0.020223033,0.01668622,0.024218122,0.025025362,-0.014293387,-0.026647363,-0.018930174,-0.039765317,0.12929334,0.020568283,0.0281834,0.030768795,-0.08109525
0.00035540544,0.00794983,0.00054795266,-0.0047260686,-0.0012368843,0.006378443,-0.0018246977,0.0032772375,-0.029936275,-0.022421202,-0.044899773,0.02070164,0.016769659,0.024301708,0.025149263,-0.014601149,-0.019931218,-0.012233485,-0.0296384,0.12674776,0.016466485,0.024066761,0.024597697,-0.07954274
6.152638e-05,0.0076656174,0.000105008985,-0.0046177576,-0.0010700028,0.0065553174,-0.0015758094,0.0032000216,-0.030068042,-0.022547917,-0.04511328,0.021355005,0.016902456,0.024438068,0.025350796,-0.015004794,-0.012405564,-0.004729309,-0.0183266,0.12378821,0.011883851,0.01950353,0.017697725,-0.07768669
-0.0001989901,0.0074092397,-0.00029208587,-0.0045193685,-0.00091898604,0.0067128516,-0.0013488485,0.0031309112,-0.030136783,-0.022592368,-0.045206424,0.02187351,0.01698158,0.024519382,0.025473977,-0.015327747,-0.005709959,0.002011999,-0.0081713535,0.12109544,0.0077664405,0.015398873,0.011474749,-0.076005325
-0.0004573829,0.0071583353,-0.0006869801,-0.004425864,-0.0007714387,0.006868975,-0.0011281505,0.0030644017,-0.03019795,-0.022615222,-0.045250874,0.02240286,0.017045971,0.02459239,0.02557372,-0.015662227,0.0009257896,0.0087158475,0.0019225031,0.11854336,0.003696023,0.011322789,0.00532821,-0.07438081
-0.00079008366,0.006834112,-0.0011916608,-0.00430686,-0.0005775831,0.0070716986,-0.00084248517,0.002980114,-0.030124482,-0.022525078,-0.04510901,0.02305851,0.01704906,0.02460385,0.025569022,-0.016084896,0.009525558,0.01735637,0.014930939,0.11530646,-0.001590119,0.0060639256,-0.0026168001,-0.07231645
-0.0010978191,0.00653276,-0.0016633848,-0.0041881097,-0.00039962115,0.0072626253,-0.00057916064,0.0028986556,-0.030016843,-0.022398109,-0.04490846,0.023610545,0.017023072,0.024585623,0.025534296,-0.01645007,0.017475761,0.025322897,0.027011119,0.112087175,-0.0064927647,0.0011930894,-0.009999673,-0.07030963
-0.0013395636,0.0062989495,-0.0020304273,-0.0040830844,-0.00026294816,0.00741333,-0.00037904296,0.0028260085,-0.029829636,-0.022199847,-0.044613708,0.024047412,0.01694272,0.024515294,0.02542574,-0.016728178,0.02362372,0.031483695,0.0363437,0.10924111,-0.010293407,-0.0025750035,-0.01567239,-0.06852254
-0.0016333563,0.006015486,-0.0024689035,-0.0039560394,-9.453535e-05,0.007594071,-0.00013010843,0.0027395105,-0.029499194,-0.02189661,-0.044138454,0.024591748,0.016802307,0.024380483,0.025204893,-0.017069865,0.03104843,0.039019465,0.0476017,0.10579685,-0.014918835,-0.0071623595,-0.02253227,-0.06635041
-0.0018765497,0.005778497,-0.002829282,-0.0038638068,4.5591936e-05,0.0077387146,7.779064e-05,0.0026769754,-0.029360281,-0.021768156,-0.043925434,0.025064258,0.016750371,0.02433656,0.025131708,-0.017366584,0.037269276,0.04528105,0.056968495,0.10335011,-0.018763352,-0.010987035,-0.028200964,-0.06480349
-0.0021615515,0.005499067,-0.0032525284,-0.0037322692,0.00021236727,0.0079086805,0.00032572792,0.002589246,-0.028940769,-0.02135341,-0.04328489,0.025559166,0.016526718,0.024122087,0.024797708,-0.0176768,0.04459033,0.052613076,0.067845464,0.09988763,-0.02330855,-0.015482034,-0.034833707,-0.06262402
-0.0024126368,0.0052537015,-0.0036313003,-0.0036126878,0.0003567755,0.008058641,0.0005439506,0.0025083143,-0.028509771,-0.020917308,-0.04263168,0.025983118,0.016286908,0.023896208,0.024446826,-0.01794631,0.051077746,0.059118826,0.07751029,0.09675908,-0.02730697,-0.019449022,-0.040706508,-0.060646623
-0.0026735722,0.0050032036,-0.0040233172,-0.0034920196,0.0005038051,0.00821394,0.00076706306,0.0024233102,-0.028094953,-0.020521518,-0.042050827,0.026494667,0.016075663,0.023700356,0.024141464,-0.018270832,0.057849698,0.0659197,0.08764874,0.09356415,-0.03140126,-0.023553938,-0.04681142,-0.058579426
-0.002917408,0.0047633173,-0.0043890695,-0.0033686522,0.0006470212,0.008358949,0.0009827577,0.0023376811,-0.027522683,-0.019959219,-0.041223563,0.026869684,0.015772238,0.023400616,0.023682004,-0.01850311,0.06424363,0.07231266,0.09728337,0.090313025,-0.035302266,-0.027470164,-0.052637484,-0.05650367
-0.0031822687,0.0045031738,-0.00478824,-0.0032355192,0.00080215384,0.008518821,0.0012121964,0.0022463147,-0.026836993,-0.019282773,-0.040228132,0.027291607,0.015395659,0.02302758,0.023112547,-0.018774848,0.071038514,0.07917001,0.10747463,0.08666763,-0.03949103,-0.03168026,-0.058965586,-0.054230202
-0.0034670143,0.0042267554,-0.0052061346,-0.0030836689,0.0009663245,0.008685442,0.0014589694,0.0021398806,-0.025986053,-0.01845248,-0.038994078,0.027774733,0.014926394,0.022561148,0.02241136,-0.019065958,0.07829877,0.08654495,0.11838743,0.08258381,-0.04401479,-0.03618184,-0.065682024,-0.051626626
-0.0037073432,0.0039922325,-0.0055662016,-0.0029487144,0.001101908,0.008825755,0.0016648574,0.0020439418,-0.025242995,-0.017708892,-0.03790742,0.028230306,0.014512269,0.022146286,0.02178544,-0.01935526,0.08445182,0.09276281,0.12764508,0.07887693,-0.047814317,-0.03996549,-0.071449,-0.049324967
-0.0039194645,0.0037918224,-0.0058743944,-0.0028325773,0.0012209585,0.008946072,0.0018422799,0.0019580158,-0.024535345,-0.016989928,-0.036858436,0.028598925,0.014105979,0.021746552,0.021179667,-0.019572817,0.08985298,0.09816482,0.13568449,0.07574045,-0.05113684,-0.043244943,-0.07643642,-0.047310773
-0.004160791,0.0035578944,-0.006231981,-0.0026593457,0.0013619605,0.009087952,0.0020534294,0.0018341655,-0.023385873,-0.015815228,-0.035133693,0.028917227,0.013443247,0.02108444,0.020179594,-0.01976014,0.09611278,0.104383886,0.14499582,0.071114555,-0.054988943,-0.04707356,-0.08220693,-0.044372898
-0.0043946123,0.0033323327,-0.006585833,-0.0025053693,0.0014971929,0.009227382,0.0022544398,0.0017229883,-0.022323959,-0.0147378575,-0.03354384,0.029260797,0.01283262,0.020481165,0.01926469,-0.01997674,0.10218161,0.110364236,0.15396976,0.06701149,-0.058665883,-0.050756868,-0.087761745,-0.04176886
-0.004615279,0.0031164829,-0.0069254185,-0.0023522035,0.001626678,0.009363216,0.002446411,0.0016137569,-0.021246834,-0.01365301,-0.03193626,0.029570058,0.012210859,0.019874204,0.018346524,-0.020176478,0.107964404,0.116044864,0.16256012,0.062915884,-0.062154293,-0.05425474,-0.09301382,-0.03917963
-0.0048239254,0.0029130178,-0.0072440514,-0.0021957413,0.001749497,0.009492821,0.0026247322,0.0015033332,-0.02009287,-0.012488117,-0.030201502,0.02986089,0.011540754,0.019219542,0.017356202,-0.02036285,0.113425806,0.12139091,0.17067666,0.058738623,-0.0654635,-0.057555452,-0.09791923,-0.036534704
-0.005016538,0.0027278569,-0.0075327535,-0.0020455203,0.0018618901,0.009610545,0.0027869174,0.0013975452,-0.01893288,-0.011322103,-0.028470473,0.030140812,0.010869687,0.01855803,0.016363857,-0.020536866,0.1184194,0.12629232,0.17808326,0.0547229,-0.068516515,-0.06056586,-0.10240653,-0.03397782
-0.0052087256,0.002544796,-0.007818995,-0.0018901402,0.0019724362,0.009727787,0.0029497147,0.001288498,-0.017684964,-0.010065451,-0.026618155,0.030407328,0.010149698,0.017838992,0.0152922515,-0.02070253,0.12337952,0.1311686,0.18545723,0.05053943,-0.071552575,-0.06356884,-0.10687503,-0.031301856
-0.0053781276,0.0023850705,-0.008073025,-0.0017450381,0.0020682612,0.009830939,0.0030926906,0.0011864367,-0.016448546,-0.008797251,-0.024763655,0.030631475,0.009425075,0.017113034,0.014204467,-0.020837352,0.12775762,0.13544646,0.1919359,0.046605706,-0.07420513,-0.06620649,-0.110823445,-0.028779242
-0.0055477037,0.0022217627,-0.008326881,-0.0015846754,0.0021634556,0.009934152,0.0032438205,0.0010754218,-0.015050844,-0.0073796334,-0.02267852,0.030848239,0.008616173,0.016299883,0.012973469,-0.020967115,0.13230038,0.1398476,0.19852042,0.04228462,-0.07698127,-0.068943255,-0.11485865,-0.026015487
-0.005689097,0.0020809504,-0.008538944,-0.0014482286,0.0022426683,0.0100173345,0.0033752595,0.0009806745,-0.013829679,-0.006144207,-0.020859322,0.031013783,0.007909228,0.015584877,0.011895459,-0.021066694,0.13612264,0.14358485,0.20400499,0.038577113,-0.07935592,-0.07127446,-0.11831337,-0.023664612
-0.005720772,0.0020459588,-0.008592841,-0.0012707668,0.0022632738,0.0100421235,0.0034099845,0.0008607663,-0.012275895,-0.00456958,-0.018504964,0.03103384,0.006997885,0.014682448,0.010532797,-0.021065185,0.1370212,0.14456594,0.20539711,0.03382834,-0.079917856,-0.07188758,-0.11933444,-0.020640885
-0.005813914,0.0019565811,-0.008724432,-0.0010913787,0.002318869,0.0100998115,0.0034926226,0.0007353477,-0.010772823,-0.0030497722,-0.0162244,0.031143438,0.0061170347,0.013818182,0.009248992,-0.021104528,0.13936813,0.14701775,0.20893922,0.028999051,-0.0813892,-0.07342746,-0.12175331,-0.017559506
-0.0059290766,0.0018477296,-0.008889931,-0.0009360408,0.0023866047,0.010170355,0.0035902362,0.0006237977,-0.009326823,-0.0015698932,-0.014014502,0.031334937,0.0052487375,0.012976905,0.008002619,-0.021205043,0.14230089,0.1500026,0.21329768,0.024751281,-0.08310329,-0.07522843,-0.124567665,-0.0148913395
-0.0060415976,0.0017332211,-0.009059217,-0.0008073667,0.0024552369,0.010238601,0.0036972882,0.0005316591,-0.008157447,-0.00038119638,-0.012236263,0.031480815,0.0045602024,0.012296187,0.0069921003,-0.021283273,0.1452782,0.15302995,0.21782723,0.02126506,-0.084920496,-0.0770705,-0.1273216,-0.012723435
-0.006113069,0.001660624,-0.009166972,-0.0006711837,0.0024975766,0.010283096,0.0037645972,0.00043591062,-0.006856219,0.0009246282,-0.010262991,0.031602178,0.0037919378,0.011529744,0.0058430526,-0.021348972,0.14716049,0.15495041,0.22073844,0.01756868,-0.08608609,-0.07820574,-0.12901504,-0.010420431
-0.0061664674,0.0016066306,-0.009249408,-0.00051732094,0.0025307846,0.010319226,0.0038143033,0.0003281455,-0.005360595,0.0024247365,-0.007998236,0.031689025,0.00291715,0.010649284,0.004512091,-0.021387842,0.14860128,0.1563724,0.22299935,0.013373153,-0.08695462,-0.07906807,-0.13027741,-0.007797749
-0.006208342,0.001561204,-0.009316565,-0.00036802483,0.0025568441,0.010346601,0.003858721,0.00022335286,-0.0039050234,0.0038839702,-0.005816625,0.03175182,0.0020761779,0.009789545,0.0032046244,-0.021413885,0.14975074,0.15747449,0.22466554,0.009271229,-0.087669306,-0.079754725,-0.13125788,-0.0052382154
-0.006247538,0.0015180525,-0.009383353,-0.00018534096,0.002581909,0.010374747,0.0039024847,9.4992145e-05,-0.0020941081,0.005693651,-0.0030830046,0.03180861,0.0010354766,0.008734725,0.0015985692,-0.021424927,0.15082943,0.15861556,0.22623155,0.0043576644,-0.08835891,-0.08046124,-0.13224435,-0.0021288958
-0.006324284,0.0014352025,-0.00949656,2.4941313e-05,0.0026323926,0.010422462,0.0039797635,-5.0330375e-05,-0.00017118425,0.007582439,-0.00020329142,0.031926893,-6.356045e-05,0.007622745,-7.8823505e-05,-0.021470169,0.15273768,0.16072625,0.22918786,-0.0012854633,-0.08962993,-0.08172897,-0.13412489,0.0014425614
-0.00631751,0.0014348011,-0.009482462,0.00018460242,0.0026341795,0.010419116,0.003983827,-0.00016213914,0.0013958483,0.009133774,0.0021512783,0.031905033,-0.0009672666,0.0067039346,-0.0014552408,-0.021424878,0.1524939,0.16066343,0.22889675,-0.0056333723,-0.08952843,-0.08167377,-0.1340088,0.004193383
-0.006291296,0.0014556209,-0.009441204,0.00034348472,0.0026241632,0.010406485,0.0039691604,-0.0002724225,0.002954936,0.0106821265,0.004481798,0.031873725,-0.0018708748,0.0057967827,-0.0028223803,-0.02137681,0.15182813,0.16007704,0.22793183,-0.009934559,-0.089104675,-0.08128183,-0.13339329,0.006897722
-0.0062458455,0.0014974908,-0.009376292,0.0005201865,0.0026026051,0.010383969,0.003938673,-0.00039592886,0.004679816,0.012403402,0.0070548984,0.03182717,-0.0028665147,0.004798039,-0.004328999,-0.021315742,0.15071584,0.15898344,0.22625051,-0.014786638,-0.08839093,-0.08060478,-0.13238055,0.009928707
-0.0061925394,0.0015474404,-0.00929581,0.0006722064,0.0025763868,0.010353524,0.0039008083,-0.0005028863,0.006177497,0.013892602,0.009284774,0.03176031,-0.0037321744,0.0039272495,-0.0056379056,-0.021245494,0.14933822,0.15761963,0.22423086,-0.018952237,-0.08757056,-0.0797806,-0.13117905,0.012528617
-0.0061105513,0.0016270517,-0.009170353,0.0008505939,0.002533663,0.010306003,0.0038365587,-0.0006279714,0.007870415,0.015585754,0.011828885,0.031666204,-0.004713517,0.0029387954,-0.0071196468,-0.021151042,0.14720474,0.1554907,0.22104408,-0.023848545,-0.08625237,-0.07849877,-0.1293426,0.015580027
-0.0060205143,0.0017189691,-0.009028077,0.0010277383,0.0024854147,0.010252329,0.0037566712,-0.0007535377,0.009539526,0.017253656,0.014322481,0.031571757,-0.005684799,0.0019660029,-0.008577754,-0.021059109,0.14486055,0.15302917,0.21746454,-0.028667279,-0.08475725,-0.07703485,-0.12725416,0.018578354
-0.0059159566,0.0018256288,-0.008867023,0.0011880024,0.002426674,0.010190875,0.0036676922,-0.00086804095,0.011060932,0.018779626,0.016589712,0.03142376,-0.0065662395,0.0010760515,-0.009911846,-0.020942226,0.14225379,0.1502367,0.21326241,-0.033044245,-0.083124384,-0.075386874,-0.124824606,0.021271506
-0.0057859696,0.0019511436,-0.008671415,0.0013470169,0.002357083,0.010114424,0.0035597447,-0.0009775455,0.012535656,0.020232614,0.018782172,0.031251185,-0.007414238,0.00021886267,-0.011189704,-0.020803992,0.13898142,0.14686069,0.2083364,-0.037409738,-0.081172146,-0.07336929,-0.12184095,0.02397987
-0.005692896,0.0020433632,-0.008527608,0.0014845941,0.0023086984,0.010055418,0.0034803515,-0.001071704,0.013903932,0.02159854,0.020841356,0.031160012,-0.008212024,-0.0005891868,-0.012394982,-0.020712623,0.13664879,0.14438492,0.20477709,-0.041109957,-0.07975624,-0.07192332,-0.11966341,0.026295898
-0.005546453,0.0022013746,-0.008299635,0.0016580307,0.002223172,0.009970444,0.0033471093,-0.0011942434,0.015465798,0.023172127,0.02319002,0.030951794,-0.009118042,-0.0014906148,-0.013748458,-0.020560116,0.13288409,0.14032772,0.19890809,-0.045715407,-0.07741897,-0.06957737,-0.116124086,0.029189289
-0.0053670024,0.0023829127,-0.0080281,0.0018352737,0.0021229172,0.009868626,0.0031920779,-0.0013173897,0.017002016,0.02469644,0.02547836,0.030660726,-0.010003663,-0.0023682886,-0.0150546385,-0.020357598,0.12828554,0.13555774,0.19189328,-0.050503068,-0.07461044,-0.066769734,-0.11189885,0.03220614
-0.005179548,0.0025707157,-0.0077443733,0.002005265,0.002016458,0.009761497,0.0030325954,-0.0014370643,0.018494662,0.026178468,0.027714074,0.030378673,-0.010866742,-0.003221191,-0.016324088,-0.02015706,0.12351065,0.13063899,0.18455774,-0.05505717,-0.071669914,-0.0638471,-0.10746195,0.035070416
-0.004994641,0.0027466053,-0.0074717305,0.0021522555,0.0019149426,0.009655823,0.0028802047,-0.0015384321,0.019669754,0.027351484,0.02949672,0.03011148,-0.011545329,-0.0038897996,-0.017347487,-0.019965056,0.118874595,0.12595811,0.17751996,-0.058960993,-0.068813205,-0.06101965,-0.10311455,0.0375341
-0.004767229,0.0029673027,-0.007130901,0.0023304825,0.0017877701,0.009524868,0.002684111,-0.0016602898,0.021049863,0.028741052,0.03159612,0.029860286,-0.012339172,-0.0046719876,-0.018564144,-0.019781874,0.11307845,0.12016358,0.16888611,-0.0637331,-0.06528242,-0.057473168,-0.097737,0.040546905
-0.0045385975,0.0031920224,-0.0067863506,0.0024815975,0.0016572404,0.009392895,0.002479222,-0.0017592165,0.022290984,0.029955631,0.03345817,0.029579436,-0.013050801,-0.005364287,-0.019649269,-0.019595781,0.107139304,0.114207834,0.16019268,-0.06774954,-0.0616125,-0.053812206,-0.09222651,0.04309169
-0.004284479,0.0034474884,-0.006405341,0.0026351907,0.0015120093,0.009249593,0.0022595474,-0.0018600851,0.02345868,0.031099409,0.035173405,0.029182715,-0.013713953,-0.006003968,-0.020640325,-0.019342028,0.1005712,0.107607774,0.15039451,-0.07191583,-0.05760529,-0.049786758,-0.086184464,0.045714118
-0.004022302,0.0037099847,-0.0060204803,0.0027771778,0.001367483,0.00910617,0.0020450724,-0.0019490536,0.024443248,0.032058872,0.036606718,0.028731303,-0.014277626,-0.006540338,-0.021457188,-0.019058246,0.09391903,0.100956336,0.14032507,-0.07576045,-0.05362186,-0.045735244,-0.0800553,0.04810522
-0.0037322904,0.0040004756,-0.0055953045,0.0029443111,0.0012047677,0.008947397,0.0018107647,-0.0020576473,0.025560489,0.033187263,0.03827432,0.028247572,-0.014929974,-0.007169862,-0.022400795,-0.018750396,0.08654538,0.09367544,0.12910448,-0.080245495,-0.049200486,-0.04128551,-0.07335586,0.05089896
-0.003498639,0.0042237993,-0.0052601467,0.003074297,0.0010750457,0.008818515,0.0016227074,-0.002144885,0.026298752,0.03397565,0.039430775,0.027914777,-0.015366871,-0.0075871865,-0.023034308,-0.018530946,0.08062252,0.088015065,0.120255105,-0.083622865,-0.045622043,-0.037754618,-0.06806415,0.053022508
-0.0032487267,0.0044675744,-0.0048910035,0.0032043383,0.00093408,0.008678,0.0014133505,-0.0022327101,0.026993565,0.034724776,0.04052596,0.027561488,-0.01576705,-0.007980619,-0.023624338,-0.018300015,0.074228734,0.08179732,0.11078296,-0.08695346,-0.041724917,-0.03393428,-0.062340762,0.055148248
-0.002962548,0.0047558546,-0.0044621765,0.003342141,0.0007711648,0.008516822,0.0011705325,-0.0023251926,0.0276978,0.035451427,0.041585878,0.027108055,-0.016153883,-0.008371698,-0.024189875,-0.018006813,0.06686851,0.07450494,0.09984169,-0.09053543,-0.037219226,-0.029504262,-0.055712216,0.057458613
-0.0026817282,0.005044544,-0.00403621,0.003467695,0.0006103922,0.008360477,0.0009260432,-0.0024088162,0.028300472,0.0360716,0.042514145,0.0266556,-0.016484296,-0.008699622,-0.02467237,-0.017702466,0.059556667,0.067285106,0.08905705,-0.09384867,-0.032743674,-0.02509977,-0.049107183,0.059612524
-0.0023647347,0.0053706914,-0.0035586304,0.0036077658,0.0004302849,0.008187167,0.0006491077,-0.0025031292,0.02896392,0.03672862,0.043521963,0.026159203,-0.016835101,-0.009046774,-0.02519009,-0.017363986,0.05133764,0.059125233,0.07695478,-0.097562954,-0.027749447,-0.020141743,-0.041648988,0.062019538
-0.0021086999,0.005639477,-0.0031703121,0.0037731943,0.0002767564,0.008044051,0.00041710102,-0.0026145172,0.029426858,0.037171595,0.044239745,0.025987383,-0.017041756,-0.009253953,-0.025502507,-0.01722808,0.04467049,0.05239947,0.067039,-0.10197387,-0.02366507,-0.016103465,-0.035510007,0.06488035
-0.0017684151,0.005988975,-0.002655678,0.00391105,8.424395e-05,0.00785942,0.00012458209,-0.0027048108,0.029982245,0.03768213,0.04504412,0.025388453,-0.017305223,-0.009525718,-0.025911767,-0.016824711,0.03593666,0.043552358,0.05395868,-0.10561068,-0.018412212,-0.010827477,-0.027516028,0.06721683
-0.0014787785,0.0062775402,-0.0022182593,0.0040273266,-7.8138575e-05,0.0077028177,-0.00011913944,-0.0027809802,0.030305555,0.037997477,0.045500256,0.024877302,-0.017443085,-0.009682851,-0.026145786,-0.01648369,0.028593192,0.036123164,0.04291728,-0.10862732,-0.01398822,-0.006363257,-0.020805258,0.069112636
-0.001121925,0.0066221966,-0.0016985546,0.004168692,-0.0002752387,0.0075181965,-0.00041469166,-0.002874922,0.030655066,0.038360186,0.046024024,0.024284817,-0.017593183,-0.009839142,-0.02640249,-0.016090447,0.019611487,0.027226139,0.029660527,-0.112304606,-0.008553612,-0.0008782726,-0.012627388,0.071367405
-0.0007748427,0.0069540795,-0.0012017477,0.0042980053,-0.00046366054,0.0073414952,-0.00069888117,-0.0029594605,0.030873599,0.038590312,0.046367515,0.023704205,-0.017669123,-0.009910753,-0.026533589,-0.015701994,0.010935765,0.018738702,0.016943404,-0.115613274,-0.0032874413,0.0043796194,-0.0047435444,0.073406175
-0.00051389314,0.0072054565,-0.0008260549,0.0043911883,-0.0006013545,0.0072068498,-0.0009101634,-0.003017457,0.031074436,0.038796227,0.046660796,0.023268737,-0.017753722,-0.00998931,-0.026657242,-0.015405506,0.0044596605,0.012328342,0.00740096,-0.117979,0.0006081951,0.008305904,0.0011565305,0.074878156
-0.0001903666,0.0075284275,-0.00034804404,0.0045096064,-0.000772348,0.007033203,-0.0011685067,-0.00308877,0.031038811,0.03877635,0.04661144,0.022645267,-0.017702911,-0.009925924,-0.026564637,-0.014991486,-0.0036391378,0.0041872696,-0.0046800557,-0.12106049,0.005454814,0.013208659,0.008557044,0.07678289
0.0001067574,0.007838105,9.5956224e-05,0.004651961,-0.0009408182,0.0068709967,-0.0014231573,-0.0031777313,0.030958401,0.03871009,0.046472635,0.022217477,-0.01762393,-0.009833174,-0.026426045,-0.014700299,-0.011275817,-0.0035015978,-0.015984265,-0.12486971,0.010090481,0.017945599,0.015509442,0.07913176
0.00039530557,0.008127545,0.0005276528,0.004755689,-0.0010954997,0.0067129293,-0.0016527318,-0.0032372845,0.030802684,0.03856573,0.046226617,0.02159926,-0.01751018,-0.009715183,-0.026241843,-0.014288818,-0.018569492,-0.010751847,-0.026762102,-0.1275443,0.01451941,0.022380669,0.022062147,0.08074033
0.00070804206,0.008443648,0.0009968231,0.0049009384,-0.0012750217,0.0065418705,-0.0019178516,-0.0033318326,0.030584889,0.038367677,0.04587218,0.02110648,-0.017325155,-0.009535858,-0.025974654,-0.013961181,-0.026503641,-0.018671218,-0.038636494,-0.13133252,0.019459698,0.02730827,0.029284462,0.08306
0.0010252654,0.008766477,0.0014807087,0.005013829,-0.0014507608,0.006366646,-0.0021765872,-0.0034011058,0.030292496,0.038067557,0.045396168,0.020377917,-0.017101215,-0.009322066,-0.025639847,-0.013481247,-0.034535006,-0.026676081,-0.05070777,-0.13422062,0.024373647,0.032195795,0.036528863,0.08483677
0.0012686277,0.009025684,0.0018654636,0.005094301,-0.0015902724,0.0062271133,-0.002383671,-0.0034487287,0.030046277,0.03779537,0.044973936,0.019792167,-0.016924115,-0.009150043,-0.025364792,-0.013086514,-0.040879622,-0.033061277,-0.06028131,-0.13634266,0.028266614,0.036086496,0.042237237,0.08613558
0.001509288,0.009289656,0.0022496849,0.005167742,-0.0017286788,0.006087622,-0.0025952214,-0.0034913225,0.02968637,0.03740439,0.04439564,0.019230012,-0.016686186,-0.008907117,-0.024985157,-0.012697414,-0.047252797,-0.03949436,-0.06993666,-0.13832472,0.032160226,0.03997576,0.048009347,0.08737951
0.0017388392,0.009545969,0.0026180379,0.0052332194,-0.0018631514,0.0059541026,-0.0028040176,-0.0035315817,0.029324792,0.03702295,0.043829735,0.018736446,-0.016448509,-0.008655021,-0.024607085,-0.012350418,-0.053367075,-0.045698192,-0.079276204,-0.1400865,0.035927717,0.043714184,0.05360428,0.088495106
0.0019990474,0.009827575,0.0030251134,0.005312696,-0.0020150975,0.0058067148,-0.0030324582,-0.0035822426,0.028800696,0.036489934,0.04302802,0.018182868,-0.01609693,-0.0082997475,-0.024076568,-0.01196783,-0.060196795,-0.052583236,-0.08966856,-0.1422227,0.040120292,0.04786989,0.059811104,0.08980904
0.002337002,0.010180565,0.0035381,0.0054173707,-0.0022062561,0.0056231464,-0.0033203594,-0.0036503028,0.028156282,0.03585831,0.042101033,0.017426213,-0.01566158,-0.007846257,-0.023426415,-0.011461062,-0.068940066,-0.06129916,-0.102831505,-0.14498393,0.045465466,0.053155456,0.06778002,0.09148158
0.0026570035,0.010510593,0.004013591,0.005557442,-0.002393272,0.005453151,-0.0035948786,-0.0037488006,0.027396515,0.0351267,0.041005548,0.016893765,-0.0151304705,-0.0073012053,-0.022649422,-0.011100739,-0.07715362,-0.06950258,-0.11521,-0.14875999,0.05055331,0.05819923,0.07536,0.0937888
0.0029484886,0.010803765,0.0044426112,0.005644239,-0.0025507873,0.0053020613,-0.003824931,-0.0038072504,0.026542796,0.034289397,0.039763924,0.016152322,-0.014557455,-0.006725727,-0.021805018,-0.010606403,-0.08449362,-0.07681002,-0.12620713,-0.15106635,0.05499141,0.062593974,0.0820597,0.09516864
0.0032387103,0.011101177,0.004874622,0.00572247,-0.0027054313,0.0051490846,-0.0040586772,-0.003858739,0.025626807,0.033386536,0.03840945,0.015366486,-0.01395501,-0.006113459,-0.020903712,-0.010080205,-0.09181905,-0.08415364,-0.13731652,-0.15328196,0.05941168,0.06699155,0.08879489,0.09648011
0.0034410951,0.011307875,0.0051720864,0.005767207,-0.002815721,0.0050414717,-0.0042197844,-0.0038881064,0.025030779,0.032797776,0.037530027,0.014854926,-0.013568173,-0.005720453,-0.020319331,-0.009724955,-0.096928164,-0.089344144,-0.14505605,-0.15474145,0.06251336,0.0700402,0.09345658,0.097267896
0.0037211108,0.01159739,0.0055822176,0.0059127402,-0.0029767724,0.004892416,-0.0044533378,-0.0039878753,0.024017042,0.031814687,0.03603618,0.014373993,-0.012875744,-0.0050264285,-0.019299202,-0.009397608,-0.104034275,-0.09656174,-0.15589109,-0.15896606,0.066902556,0.07437821,0.0999546,0.09978723
0.0039461735,0.011824474,0.005916031,0.005968663,-0.0030949528,0.00477554,-0.004625792,-0.004022915,0.022994705,0.030799849,0.034485783,0.013594095,-0.01220908,-0.0043705036,-0.01831058,-0.008882792,-0.10972701,-0.10226156,-0.16450505,-0.1606198,0.07030149,0.07776538,0.10501281,0.10071958
0.004183556,0.012069562,0.006273928,0.0060369875,-0.0032222029,0.004653164,-0.004811957,-0.004065721,0.021823142,0.029644838,0.032714896,0.0127294,-0.0114503205,-0.0036158343,-0.017183319,-0.00831842,-0.11580545,-0.10833706,-0.17364682,-0.16247775,0.07391663,0.08140028,0.11041436,0.101817355
0.0044360016,0.012337379,0.0066611436,0.0061307484,-0.0033642938,0.004524311,-0.005025631,-0.004128241,0.02051792,0.02835838,0.03073181,0.011874337,-0.010599841,-0.0027610124,-0.015919475,-0.0077655255,-0.12241851,-0.1149221,-0.18359877,-0.16498771,0.07786039,0.08542881,0.11632763,0.10334934
0.0046039266,0.012514012,0.006922715,0.006179321,-0.0034536684,0.0044441205,-0.0051592295,-0.004157283,0.019340197,0.027199246,0.028953103,0.011061604,-0.009857518,-0.0020093569,-0.014805658,-0.0072421175,-0.1268596,-0.119282335,-0.19014978,-0.1661645,0.08044099,0.088093214,0.12023592,0.10406303
0.004836185,0.012760099,0.007270516,0.006335016,-0.0035816217,0.004337417,-0.0053443746,-0.004257254,0.017944874,0.025835667,0.026878878,0.010264586,-0.008939791,-0.0010757255,-0.013433777,-0.006736733,-0.13284107,-0.1252476,-0.19909567,-0.17025155,0.08400054,0.09176738,0.12562399,0.1065799
0.004987517,0.012912938,0.0074991803,0.006385158,-0.0036548716,0.0042718085,-0.005453431,-0.004285819,0.016659085,0.02457771,0.024964916,0.00941557,-0.0081403265,-0.00026537478,-0.012230693,-0.0061936234,-0.13670205,-0.129033,-0.20476894,-0.17135637,0.08623111,0.09408626,0.1290506,0.10726931
0.005141742,0.013069879,0.00773488,0.00643915,-0.0037268884,0.004203979,-0.0055621774,-0.0043188,0.015231753,0.023187492,0.022849185,0.008491119,-0.0072447583,0.0006366912,-0.010898489,-0.005599434,-0.14061794,-0.13286135,-0.2106172,-0.17255664,0.088484265,0.09643067,0.13252597,0.10802587
0.0052573355,0.013188746,0.007907749,0.006479748,-0.0037791405,0.0041559143,-0.0056406646,-0.0043446138,0.014094285,0.022081988,0.021188948,0.007740658,-0.0065286453,0.001357465,-0.00984874,-0.00511637,-0.14347611,-0.13572603,-0.21486916,-0.17343858,0.090158865,0.098109886,0.13503963,0.10857225
0.0053810203,0.01331537,0.008098227,0.0065226005,-0.0038310692,0.0041039353,-0.0057193288,-0.004372338,0.012633546,0.020664569,0.019032288,0.006853199,-0.005616997,0.0022766446,-0.0084927,-0.004548115,-0.14650066,-0.13874665,-0.21952039,-0.17437051,0.09193008,0.09989015,0.13775791,0.1091887
0.005527294,0.013463996,0.008317325,0.006571162,-0.003892222,0.0040430063,-0.0058089886,-0.004402125,0.010946443,0.019003887,0.0164975,0.0058485135,-0.004552027,0.0033379137,-0.0069110068,-0.0039137015,-0.15003905,-0.14222759,-0.2249354,-0.17551345,0.09398964,0.10191523,0.14085804,0.10993948
0.005663932,0.01360249,0.008519982,0.0066150445,-0.0039461963,0.003990234,-0.0058860616,-0.004427688,0.009188876,0.017259117,0.013840831,0.004824528,-0.0034447755,0.0044457125,-0.0052555613,-0.0032732196,-0.1533112,-0.14538515,-0.22994418,-0.1765845,0.095879346,0.103742585,0.14367944,0.11063311
0.0057821516,0.013720984,0.008701178,0.006659891,-0.0039886152,0.0039458442,-0.0059452923,-0.004453376,0.0074197734,0.01549219,0.011165168,0.0038417357,-0.0023322506,0.005555253,-0.0035897668,-0.0026444832,-0.15614842,-0.14806569,-0.23436214,-0.17772874,0.097452864,0.10530467,0.14605245,0.11135823
0.0058427835,0.01377446,0.008787553,0.0066804197,-0.0039958092,0.003935088,-0.0059525142,-0.0044605415,0.005948295,0.01400335,0.008949054,0.003034004,-0.0014198374,0.0064745536,-0.0022158478,-0.0021247126,-0.1574097,-0.14917582,-0.23637356,-0.1783068,0.09807607,0.1058986,0.1469817,0.11167613
0.005913316,0.0138383955,0.008893281,0.006702815,-0.0040035164,0.0039205416,-0.005964723,-0.0044691483,0.0042186333,0.012250265,0.0063193035,0.0020615428,-0.00034127838,0.0075607267,-0.00059836387,-0.0014997536,-0.15890893,-0.15052417,-0.23884755,-0.17897633,0.09881783,0.10668862,0.14814006,0.112049885
0.0059491307,0.013858248,0.008938786,0.006711802,-0.0039877947,0.0039274176,-0.0059427647,-0.004466734,0.0026904552,0.010685211,0.0040115938,0.0012251593,0.0006042954,0.008513904,0.00082016026,-0.00095016364,-0.1593431,-0.15087518,-0.23971209,-0.17932428,0.09893546,0.10685017,0.14837451,0.112191364
0.0059943115,0.01389048,0.008993896,0.0067185354,-0.003989223,0.003926702,-0.005947271,-0.004466167,0.0017152177,0.009686683,0.0025332826,0.00065713405,0.0012137217,0.009140091,0.0017364691,-0.0005828809,-0.160068,-0.1515724,-0.24102055,-0.17968833,0.09935266,0.10731361,0.14906402,0.11238681
0.006017385,0.013899753,0.009015898,0.006720931,-0.0039734733,0.0039414307,-0.0059284167,-0.0044627027,0.0006147323,0.008565876,0.0008776176,2.012786e-05,0.0018959937,0.00983595,0.0027687289,-0.00016639609,-0.1601782,-0.15168273,-0.24136345,-0.17990682,0.09940996,0.10737747,0.149199,0.1124818
0.0060162637,0.013884528,0.009002828,0.0067134383,-0.003934715,0.0039749714,-0.0058778324,-0.004453955,-0.0007867535,0.0071244417,-0.0012124074,-0.0007604274,0.0027691592,0.010704918,0.0040799454,0.00034936605,-0.15964676,-0.15110561,-0.240403,-0.17979859,0.09904921,0.10692754,0.14857757,0.112344794
0.005998747,0.013855809,0.008967175,0.006700522,-0.0038841804,0.0040183775,-0.005813167,-0.0044437833,-0.0022549941,0.0056094714,-0.0034036455,-0.001568184,0.00368762,0.0116131455,0.0054542646,0.0008847395,-0.15871698,-0.1501238,-0.2387446,-0.17953469,0.098438025,0.10621305,0.1475457,0.11210061
0.005964669,0.013821686,0.008917441,0.006689996,-0.003831348,0.00406859,-0.0057460833,-0.004438408,-0.0036465984,0.0041992664,-0.005479197,-0.0023311726,0.004556076,0.012472956,0.006743468,0.001383102,-0.15750265,-0.14891636,-0.23673743,-0.17927282,0.0976419,0.105395794,0.14629926,0.11187358
0.005919488,0.013781777,0.008853405,0.0066760443,-0.0037743773,0.0041219667,-0.0056758435,-0.0044322144,-0.004940605,0.0028940882,-0.007429482,-0.0030403663,0.0053570606,0.013276761,0.007936641,0.0018398257,-0.15604113,-0.14749062,-0.23450173,-0.1788885,0.09670687,0.10446801,0.1448644,0.111595064
0.0058586434,0.01371756,0.008760586,0.0066533578,-0.0036899298,0.0041888356,-0.005567408,-0.0044149477,-0.006687887,0.0010890081,-0.010077813,-0.003995499,0.0064358097,0.014352005,0.009550149,0.002464234,-0.15400136,-0.14539373,-0.2312725,-0.17821087,0.09532868,0.10303165,0.14273387,0.111115836
0.0057947277,0.013662936,0.008665496,0.0066328826,-0.0036216243,0.0042527285,-0.0054766894,-0.004403057,-0.007892413,-0.00013529416,-0.011916718,-0.004693844,0.0071710865,0.015101075,0.010657447,0.002902742,-0.15204991,-0.14345694,-0.22832067,-0.17758098,0.09410715,0.10176636,0.14085053,0.110730976
0.005692129,0.013570748,0.008524088,0.006608863,-0.0035268997,0.0043396894,-0.005343728,-0.0043880497,-0.009407986,-0.0016656807,-0.014186083,-0.0055336156,0.008099675,0.016016344,0.012039149,0.003440504,-0.14919569,-0.14061841,-0.22367272,-0.17676428,0.09223832,0.099863656,0.13796425,0.11017513
0.0055782953,0.013468245,0.008371869,0.0065858252,-0.0034324513,0.0044274144,-0.00520834,-0.0043720957,-0.010732356,-0.0029815175,-0.016172891,-0.006287903,0.008906949,0.01681274,0.013243455,0.003924684,-0.14615142,-0.13763085,-0.2188358,-0.17600973,0.09021187,0.09793585,0.13498715,0.10965918
0.005451022,0.013350435,0.008199889,0.0065612188,-0.0033297397,0.0045207115,-0.0050606327,-0.0043538595,-0.012034565,-0.004278846,-0.01812928,-0.007047953,0.009699412,0.01759418,0.014426977,0.0044153016,-0.14276613,-0.1343152,-0.2135292,-0.17519447,0.087952584,0.09578252,0.13169955,0.1091117
0.005304081,0.013199252,0.007989482,0.0065261377,-0.003198113,0.0046289815,-0.0048687467,-0.0043228217,-0.013753709,-0.0060395934,-0.020711323,-0.008061353,0.010746523,0.018620228,0.015994355,0.005088461,-0.13863693,-0.13019136,-0.20709273,-0.17406793,0.085175626,0.09300549,0.12756577,0.108344816
0.0051325723,0.013032156,0.007745465,0.0064849597,-0.0030588158,0.0047504394,-0.0046604024,-0.0042900005,-0.015335649,-0.007649484,-0.023096569,-0.009055427,0.011702169,0.019561952,0.017420653,0.0057406016,-0.1339207,-0.125559,-0.1998815,-0.17267707,0.082118355,0.089871846,0.12289923,0.10747788
0.004958231,0.012864985,0.007500529,0.0064442293,-0.0029256323,0.0048707994,-0.00446006,-0.0042578885,-0.01671073,-0.009025296,-0.025179328,-0.009990108,0.012520992,0.020376205,0.01864795,0.006347024,-0.12918627,-0.12096938,-0.19289099,-0.17121674,0.079085104,0.08682081,0.11838874,0.10662508
0.0047812276,0.0126855355,0.007237398,0.0063961893,-0.002790598,0.004995634,-0.0042505306,-0.0042193118,-0.017842049,-0.010153145,-0.026899695,-0.010851095,0.01317624,0.021045677,0.01965185,0.006902598,-0.12422701,-0.11614443,-0.18580557,-0.16968668,0.07597874,0.08362864,0.113778934,0.10577824
0.0045802617,0.012475424,0.006934965,0.006342845,-0.0026386972,0.0051390794,-0.004013879,-0.0041754153,-0.018990273,-0.011270324,-0.028614951,-0.0117540015,0.013824603,0.021711428,0.020656485,0.0074897944,-0.11857505,-0.11065012,-0.17769766,-0.1680828,0.07243128,0.08000845,0.108535096,0.10486828
0.0043534813,0.012229001,0.0065920823,0.0062768264,-0.0024613931,0.0053064404,-0.0037359325,-0.0041197413,-0.020478355,-0.012731625,-0.03083498,-0.012833286,0.014679329,0.022577085,0.021972902,0.008207358,-0.112245396,-0.10435665,-0.16808772,-0.16604453,0.06838597,0.07590536,0.102454305,0.10369395
0.0041763936,0.012036057,0.006318486,0.006217452,-0.0023243725,0.005437022,-0.0035290332,-0.0040711644,-0.021282779,-0.013538925,-0.032061722,-0.013568014,0.015141626,0.023063507,0.02269187,0.008688749,-0.10733913,-0.09938408,-0.16053529,-0.1643268,0.06523949,0.07278258,0.097819954,0.10273659
0.003999188,0.011851637,0.006044749,0.0061574783,-0.0021941436,0.0055686156,-0.0033283017,-0.004023554,-0.022141945,-0.0143725,-0.0333358,-0.014244571,0.015619914,0.023572024,0.02343868,0.009124457,-0.102454446,-0.09446672,-0.15332301,-0.16252264,0.06216226,0.069686115,0.093250826,0.10172774
0.0037156616,0.011551488,0.005614735,0.0060645337,-0.0019841169,0.0057754805,-0.0029981455,-0.0039520734,-0.023560982,-0.015736265,-0.035437785,-0.015272642,0.016416404,0.024379227,0.024654148,0.009821022,-0.09460402,-0.086667225,-0.14163287,-0.15983264,0.057189133,0.06468771,0.08578195,0.100122966
0.0035140638,0.01134584,0.005302425,0.00598798,-0.0018404038,0.0059208223,-0.0027716884,-0.0038945363,-0.024254771,-0.016397161,-0.03648491,-0.015907547,0.01679545,0.024766123,0.025240518,0.010227639,-0.089075506,-0.08115715,-0.13355318,-0.15769307,0.053694535,0.061221335,0.08059372,0.09883158
0.0031931668,0.011010622,0.0048182006,0.0058831167,-0.0016083282,0.006152433,-0.0024032781,-0.0038160481,-0.025684204,-0.017749166,-0.03857516,-0.01702142,0.017592981,0.025548005,0.026425647,0.010972902,-0.08015791,-0.072411664,-0.12041918,-0.15470186,0.04807435,0.055591702,0.072149254,0.09696946
0.002898571,0.010692275,0.004366187,0.0057749813,-0.0013986313,0.006368462,-0.002069512,-0.003735844,-0.026516318,-0.018487096,-0.039761808,-0.017845567,0.018024247,0.02597906,0.027072007,0.011531116,-0.071931206,-0.06424298,-0.10825011,-0.15178771,0.042909876,0.05052401,0.064518616,0.09517788
0.0027626716,0.010550706,0.0041624825,0.00571347,-0.0013071526,0.00647506,-0.0019175685,-0.0036917687,-0.027441263,-0.019274926,-0.04102855,-0.01838698,0.018528119,0.026481224,0.027817257,0.011870549,-0.06815752,-0.06041248,-0.10257834,-0.14998095,0.04053716,0.048332274,0.06100791,0.09409611
0.0024860376,0.010273591,0.0037409533,0.0056086,-0.0011119489,0.006676027,-0.001627174,-0.0036206527,-0.027960217,-0.019746149,-0.041700024,-0.019023633,0.018796988,0.0267308,0.028198563,0.012286866,-0.060541414,-0.052737217,-0.09110929,-0.14719084,0.03571929,0.043587115,0.05385779,0.09225615
0.0022223722,0.010016808,0.003339952,0.0055028535,-0.0009246563,0.006866194,-0.0013547877,-0.003548301,-0.02836734,-0.020145746,-0.042251527,-0.019635895,0.019018676,0.026924934,0.028524175,0.012680259,-0.053355213,-0.045453697,-0.08024161,-0.14434439,0.031145297,0.039091244,0.04709096,0.090388365
0.001927722,0.009732375,0.002888079,0.0053873784,-0.0007118116,0.0070770695,-0.0010518959,-0.0034696974,-0.028727727,-0.02052317,-0.042728033,-0.02033507,0.019218963,0.027083969,0.02880267,0.01311846,-0.045250013,-0.037281264,-0.068082675,-0.1412671,0.025989735,0.03397354,0.03947581,0.0883212
0.0015994896,0.009413352,0.002382097,0.0052622873,-0.00047325174,0.0073100044,-0.0007138378,-0.003384896,-0.029058376,-0.020890104,-0.04315758,-0.02113646,0.01940355,0.027218737,0.029042952,0.013614493,-0.03613876,-0.02816867,-0.054530405,-0.13795018,0.020227518,0.028202686,0.030949697,0.08605477
0.0012964832,0.009116209,0.0019146014,0.005136041,-0.00024923534,0.0075265635,-0.00039376758,-0.0032971343,-0.029258646,-0.021155298,-0.043475106,-0.021910679,0.019528445,0.02728806,0.029220702,0.014106459,-0.027831798,-0.019711878,-0.041945804,-0.13452554,0.014902513,0.022925857,0.023055436,0.08377017
0.00087241497,0.008675909,0.0012571658,0.0049750544,6.0817285e-05,0.007831792,6.734158e-05,-0.0031807194,-0.029813388,-0.021712285,-0.04430174,-0.023020525,0.019814089,0.027542872,0.029657781,0.014844179,-0.015987944,-0.007833055,-0.024396395,-0.13013273,0.007453111,0.015538872,0.0120152,0.080945954
0.00059983344,0.008400172,0.000845604,0.0048622703,0.0002600996,0.008028468,0.0003451667,-0.003102679,-0.029755695,-0.021669997,-0.04424658,-0.023655724,0.019752452,0.027469287,0.029583836,0.015265046,-0.008598021,-0.0003553871,-0.013358561,-0.12691921,0.0027911079,0.0109182205,0.0050609587,0.0789379
0.0003846121,0.008176768,0.00051731773,0.0047773365,0.00041820723,0.0081875445,0.0005767661,-0.0030415433,-0.029695371,-0.021605724,-0.04422811,-0.024318129,0.019691005,0.027391486,0.029489039,0.015677564,-0.0026875748,0.0056511676,-0.004478102,-0.12444157,-0.00093294634,0.0072275065,-0.0005682281,0.07726386
0.00018114175,0.007974705,0.00017785028,0.004902147,0.0005960297,0.008361103,0.0008444478,-0.0031149522,-0.032540213,-0.024428274,-0.048512444,-0.025422914,0.02153777,0.0291536,0.032270305,0.01642783,0.0032978964,0.011702019,0.0046907696,-0.12766306,-0.004827679,0.003445522,-0.0067212554,0.07917082
-0.00012663931,0.007671024,-0.00029444514,0.0047815307,0.0008096413,0.008583235,0.0011476213,-0.0030315616,-0.032495704,-0.024355058,-0.04840246,-0.025926799,0.021447038,0.029069347,0.032180298,0.016766254,0.011619286,0.020038137,0.017062051,-0.12434364,-0.009996611,-0.0016415492,-0.0143992705,0.077145666
-0.0005894386,0.0072178296,-0.0010165541,0.0045914464,0.0011409099,0.008915513,0.0016215967,-0.002900676,-0.03237962,-0.024308397,-0.048192415,-0.026783695,0.021326875,0.028912656,0.03205522,0.017346406,0.024233334,0.032821134,0.03612533,-0.11929282,-0.017991414,-0.00957132,-0.02619024,0.073996745
-0.0007736521,0.007053679,-0.0013070003,0.004493076,0.0012661831,0.009058518,0.0018226821,-0.0028364623,-0.03202946,-0.023966543,-0.047641322,-0.027189383,0.02108108,0.028649867,0.031783186,0.01761491,0.029271984,0.038011655,0.04362862,-0.116795115,-0.02138925,-0.0128915245,-0.030955521,0.072593555
-0.0011721052,0.006673786,-0.001887532,0.0043133856,0.0015304541,0.009340245,0.0022037625,-0.0027170172,-0.031472493,-0.02343412,-0.046856064,-0.02774978,0.020677214,0.028283356,0.031241845,0.01804992,0.03971984,0.048279174,0.058810007,-0.11200061,-0.027933631,-0.019380566,-0.04057359,0.06992234
-0.0015383615,0.0063214363,-0.0024124074,0.0041435165,0.001765623,0.009598605,0.0025564614,-0.0026031171,-0.031052934,-0.023004914,-0.046324022,-0.028426945,0.020360695,0.028012633,0.030766359,0.018518431,0.04934752,0.057612292,0.07269867,-0.10741143,-0.033869278,-0.025260612,-0.04944122,0.06725831
-0.0018348552,0.006035162,-0.0028467886,0.004001895,0.00195397,0.009817508,0.0028479542,-0.0025118997,-0.030562593,-0.022495426,-0.045630954,-0.028956389,0.02000773,0.027703056,0.030245086,0.018868951,0.05710639,0.065364964,0.0841401,-0.103826046,-0.038735297,-0.029994346,-0.05674342,0.065090604
-0.002065226,0.0058260537,-0.003178622,0.0038746402,0.0020961836,0.009989957,0.0030817722,-0.0024300034,-0.029969284,-0.021932598,-0.044812575,-0.029410098,0.019657472,0.02734483,0.029687926,0.019140944,0.0633177,0.07131397,0.09310031,-0.10056698,-0.042726193,-0.033916783,-0.0625621,0.0632367
-0.002386782,0.0055132043,-0.0036597978,0.003712771,0.002308412,0.0102359615,0.003400345,-0.0023215376,-0.029305628,-0.021259464,-0.043798458,-0.029911434,0.019213095,0.02692971,0.028966157,0.01946517,0.0719069,0.07998338,0.10578249,-0.09654405,-0.04811594,-0.039296746,-0.070620485,0.0608046
-0.0027087086,0.0052077947,-0.00415227,0.0035417585,0.0025120948,0.010477418,0.0037103835,-0.002211636,-0.028578699,-0.020531258,-0.04264506,-0.030185845,0.01873684,0.026476419,0.028215544,0.019622821,0.08045772,0.08860997,0.11875481,-0.092255026,-0.053474724,-0.044543356,-0.0786182,0.05819151
-0.0031527167,0.004780063,-0.004793973,0.0033168688,0.002801736,0.010792676,0.0041377973,-0.0020599326,-0.027536808,-0.019490628,-0.041243844,-0.031085968,0.018049426,0.025846861,0.027079942,0.02018553,0.092362195,0.1000437,0.13634755,-0.08605525,-0.060666718,-0.051750124,-0.089640826,0.054351326
-0.003312089,0.0046314765,-0.005014316,0.0032386777,0.002912561,0.010883299,0.0042716796,-0.002005096,-0.026950274,-0.018947467,-0.040494505,-0.03129103,0.017704306,0.025502065,0.026478525,0.02031454,0.096460514,0.10365147,0.14254488,-0.08339608,-0.062978916,-0.05412387,-0.09356292,0.052625857
-0.003571229,0.0044089276,-0.0053865835,0.0030579981,0.0030873017,0.011076696,0.004540456,-0.0018964167,-0.025500722,-0.017504686,-0.03847018,-0.03187645,0.016808081,0.024627084,0.025105026,0.020634105,0.1033429,0.110273555,0.15290318,-0.07871236,-0.06746325,-0.05842998,-0.100401826,0.049590837
-0.0035556215,0.0043839887,-0.0053549754,0.00307628,0.0030868894,0.0110458275,0.0045212153,-0.0019091513,-0.025449434,-0.017493248,-0.038632818,-0.03206585,0.016758366,0.024607917,0.025027681,0.02074404,0.10289412,0.10949687,0.15214601,-0.07934918,-0.066809535,-0.057762288,-0.09990033,0.04970114
-0.003960946,0.004003574,-0.005978895,0.0028376856,0.0033585622,0.011352899,0.0049403394,-0.0017650969,-0.024227593,-0.016253842,-0.036784593,-0.032745767,0.01591017,0.023801394,0.023786915,0.021069463,0.11365244,0.120030895,0.16889055,-0.07334785,-0.07355857,-0.063937046,-0.110145554,0.045770243
-0.004306661,0.003696247,-0.006503931,0.0025699905,0.0035718721,0.011598701,0.0052815713,-0.0015928218,-0.022409543,-0.014488066,-0.034016535,-0.033012986,0.014752807,0.022641297,0.021978721,0.021136045,0.12244232,0.12909973,0.18323424,-0.06644452,-0.079389036,-0.06963632,-0.11894661,0.04113414
-0.0042981016,0.0036829363,-0.0065101534,0.002597822,0.003568078,0.011574515,0.005270719,-0.0016184901,-0.022548065,-0.014662398,-0.03432704,-0.033052824,0.014802414,0.022720085,0.02210658,0.021156022,0.121988155,0.12848005,0.1828506,-0.06733637,-0.07889784,-0.06896589,-0.118604966,0.041500438
-0.004184054,0.0037778707,-0.0063555823,0.0027374714,0.0035142433,0.011473307,0.0051311664,-0.0017070767,-0.023407955,-0.015395049,-0.03571358,-0.032774664,0.01531606,0.023261495,0.022885844,0.021027366,0.1194115,0.12512052,0.1779428,-0.070394225,-0.07696335,-0.066952586,-0.11567517,0.043882802
-0.0046878983,0.0033792355,-0.007129279,0.0023673086,0.003862256,0.011875171,0.005657995,-0.0014576834,-0.02129653,-0.013255751,-0.032168236,-0.033231683,0.013977309,0.021797664,0.02083415,0.021255227,0.13336152,0.13908124,0.19972037,-0.06001769,-0.08617869,-0.07597343,-0.12870365,0.037680436
-0.004626924,0.0034775147,-0.0070461757,0.0023947952,0.00382676,0.011875855,0.0056510307,-0.0014571265,-0.021219842,-0.013287472,-0.03160949,-0.033306815,0.013862485,0.021611111,0.020687915,0.021387234,0.131735,0.13846079,0.19792913,-0.061137754,-0.08537066,-0.07558036,-0.12669231,0.038560472
-0.0055660806,0.002709263,-0.0083424095,0.0015542622,0.0043697557,0.012559538,0.006597685,-0.0009242563,-0.01405817,-0.006521657,-0.020989938,-0.034165937,0.0095695695,0.017294781,0.013933089,0.02177287,0.15433826,0.16328752,0.23618196,-0.039929353,-0.10126025,-0.09123019,-0.1504676,0.024125215
-0.0055657877,0.0027233334,-0.0083432235,0.0015799038,0.004372842,0.012569127,0.0065860054,-0.00093450944,-0.014632204,-0.0069511915,-0.021740492,-0.034044657,0.009841546,0.017574532,0.014406802,0.021726346,0.15428123,0.1632736,0.23621042,-0.04010166,-0.101436,-0.091223605,-0.15045197,0.024544472
