x1,x2,x3,x4,v1,v2,v3,v4,a1,a2,a3,a4
0.0005131854,0.00024847782,0.0008662827,0.0057903165,-0.0010385705,-0.001323868,0.003423072,-0.005761211,-0.059001092,0.06678114,0.23532695,-0.28999066
0.00023288962,-0.0009323752,-0.00032627862,0.0088647315,-0.00089772855,-0.0037634617,0.0022569285,-0.004666019,-0.10155792,0.13206594,0.4747175,-0.5484066
-0.00055505004,-0.0013586514,0.00027446944,0.008241287,0.0008071961,0.000873622,0.0033263296,-0.009500526,-0.03558673,0.17064047,0.3401472,-0.47196257
-0.0015193468,-0.0022721095,0.00047941197,0.008745398,0.002871861,0.005050534,0.003872695,-0.014330506,0.019957332,0.23784353,0.28486124,-0.48763284
0.00037573624,-0.00057929417,-6.026699e-05,0.008090884,-0.0011371252,-0.003516189,0.0025222786,-0.004531566,-0.095591456,0.11089898,0.42254993,-0.48595482
-0.00044773277,-0.0010752822,0.00050370453,0.0076105893,0.0007688637,0.0011503279,0.0034445017,-0.0094789015,-0.03050794,0.15469348,0.29489818,-0.41947412
-0.0001968255,-0.0007671802,0.0005465673,0.0072546,0.0002653753,0.00035303083,0.0033943178,-0.008402209,-0.040294833,0.13352546,0.2899328,-0.3961436
-0.00024111512,-0.0006624991,0.00075475255,0.006805039,0.00038058247,0.0011192542,0.0036793004,-0.009017106,-0.028169507,0.12899771,0.24675566,-0.35630685
-0.00030503835,-0.000671802,0.0008335981,0.0066652284,0.00040312632,0.0015777639,0.0039074593,-0.009449966,-0.020656375,0.13003781,0.22973926,-0.34360993
-0.0006531138,-0.0008871678,0.0010650689,0.006482177,0.0012317855,0.0035312145,0.004267884,-0.0115312785,0.006378906,0.14900136,0.17718418,-0.3169902
-0.0006924901,-0.00080961204,0.0012184766,0.006112602,0.0010262202,0.0041079284,0.0047426187,-0.011968128,0.017440073,0.14380626,0.14539,-0.2871078
-0.0008273847,-0.00210675,-0.00080006203,0.001741078,0.00091307965,0.002438826,0.004160866,-0.0051090876,-0.028715348,0.15714562,0.06804357,-0.14877325
-0.00067549455,-0.0006644819,0.001332568,0.004520768,0.0012484924,0.0049029295,0.004957077,-0.011672825,0.026741892,0.12972397,0.05136988,-0.1827453
-0.00042709627,-7.1047245e-05,0.0018312722,0.0044211308,0.0007836977,0.004918908,0.005225651,-0.011981112,0.033123404,0.101409815,0.024180207,-0.14748958
-9.8072e-05,0.00040428463,0.001992662,0.0037404061,0.0003782295,0.004188386,0.0050860997,-0.010814069,0.023920361,0.07151833,-0.0039066174,-0.09619814
0.00055733183,0.0012484101,0.002205878,0.0027389645,0.00027198374,0.0027283772,0.0036743304,-0.00792434,0.0014316158,0.01640231,-0.028957803,-0.02643603
0.00012567524,0.0006104025,0.0019402648,0.0036486464,-1.1220676e-05,0.0032176145,0.0048645725,-0.0096865,0.010405915,0.0566661,0.010140177,-0.09406859
7.8079895e-05,0.0013919021,0.0029215582,0.0017648244,0.0032539258,0.008632184,0.0017925161,-0.011693484,0.061606765,0.017213415,-0.17182747,0.07629714
0.00010944957,0.0012780525,0.0026523848,0.0014073924,0.0029918724,0.008175416,0.0017421313,-0.010700097,0.052613612,0.015775848,-0.16636667,0.08083034
0.0002662912,0.0019182184,0.003420233,0.0015072642,0.0056853616,0.010228958,-0.0011567412,-0.011725966,0.06955851,-0.0046165474,-0.21553385,0.12058576
0.00042971614,0.0023486507,0.0037587548,0.0011064889,0.007873908,0.01165996,-0.0038402707,-0.011635091,0.07279556,-0.023382572,-0.2587763,0.16699234
0.0004999166,0.0027521993,0.0038998534,0.00021277515,0.008858682,0.014067727,-0.0056285453,-0.011893953,0.08304241,-0.051993005,-0.31666923,0.2318751
0.0007281278,0.0022914417,0.0033962722,0.0012292876,0.0068646367,0.008652227,-0.00363154,-0.008789278,0.04258354,-0.02924073,-0.19633354,0.13074304
0.00061335956,0.0029999944,0.004341533,0.00045662947,0.011343293,0.014446914,-0.007948409,-0.011951316,0.08511786,-0.05135074,-0.33536708,0.2433306
0.0007801557,0.0035818825,0.004804948,-5.0539573e-05,0.013657246,0.01669485,-0.010893864,-0.012320819,0.09517411,-0.07847687,-0.39433658,0.30410334
0.0006981174,0.0033922165,0.0046608117,0.00014165591,0.012696562,0.01611877,-0.009658486,-0.012511257,0.0938872,-0.069345616,-0.3768848,0.28431535
0.0007409374,0.0035057066,0.0047636544,-6.81408e-07,0.013378228,0.016576821,-0.010516256,-0.012375054,0.09618779,-0.075128704,-0.38941428,0.29767516
0.0013190631,0.0041807625,0.0050281067,-0.00064561167,0.016770903,0.016192967,-0.015518616,-0.009218277,0.07256328,-0.11158022,-0.4088398,0.3473839
0.0009901987,0.004025902,0.0051418673,-0.0005102996,0.01615696,0.01794021,-0.014036515,-0.01172512,0.09608028,-0.09896104,-0.4354652,0.35138977
0.0010643464,0.0044316314,0.005395651,-0.0007560814,0.01612423,0.019471481,-0.014551515,-0.012420456,0.10787972,-0.12346258,-0.46353844,0.38174188
0.0010924268,0.004378786,0.00541777,-0.0008521627,0.017316215,0.019331181,-0.015711715,-0.011762305,0.10468412,-0.11845554,-0.4680076,0.38622335
0.0029630952,0.0056749554,0.005170406,-0.0019649006,0.021929696,0.01188654,-0.025519187,0.0011821301,-0.009897825,-0.21003139,-0.3700991,0.4105278
0.00048547413,0.0040002153,0.004812313,-0.0006840776,0.01103118,0.016186742,-0.010880957,-0.011844851,0.15385862,-0.14357851,-0.41134304,0.3391331
0.0020708966,0.004626258,0.0048141913,-0.0009993555,0.017708808,0.0126138665,-0.018617135,-0.00374707,0.024142174,-0.14815761,-0.3514004,0.34222355
0.00053991703,0.0029432892,0.0043484434,0.00049887854,0.01117497,0.014718774,-0.0075777415,-0.012423745,0.089549795,-0.047551196,-0.3387737,0.24199805
0.0012476364,0.0032706908,0.004030478,0.0002985231,0.0114959,0.010659664,-0.009843111,-0.007128642,0.03808899,-0.077295355,-0.26935482,0.22368135
0.0016982289,0.0029913755,0.003221947,0.00088779593,0.009010533,0.004772037,-0.008468677,-0.0025940258,-0.02147285,-0.07523532,-0.13660553,0.13335332
0.0017990178,0.0035745825,0.0038412944,0.00010255024,0.012109772,0.007904527,-0.012057026,-0.0030774835,0.0009426654,-0.10288347,-0.22159415,0.21446255
0.0030414485,0.004124601,0.0030007975,0.0004972165,0.010607462,-0.00015561226,-0.013992915,0.0051059425,-0.105614364,-0.1505684,-0.052667823,0.13706447
0.0041145775,0.005366248,0.0033407954,-0.00048254678,0.014961988,-0.0013955111,-0.02156654,0.010805408,-0.15088755,-0.22387871,-0.061438385,0.20670205
0.0050081303,0.0058016935,0.0024803418,0.00025010755,0.010172405,-0.008026659,-0.019571533,0.015874097,-0.23138493,-0.26901653,0.10506715,0.113605075
0.0036539368,0.004537826,0.0026279981,0.000685049,0.008811497,-0.0036093865,-0.014157102,0.008608451,-0.1512565,-0.18610606,0.02971122,0.10121929
0.00525268,0.005918392,0.0022380636,0.000441234,0.008712228,-0.009848336,-0.018936828,0.01734416,-0.25239074,-0.28270513,0.15278073,0.086595155
0.005297616,0.005953747,0.0022221536,0.0004559084,0.008752332,-0.010068979,-0.019066706,0.01752651,-0.25643915,-0.28421065,0.15610455,0.08603622
0.0044542407,0.0047067404,0.0014347426,0.0019124843,0.0014065569,-0.011616105,-0.0093004815,0.013271841,-0.2391018,-0.220732,0.24313013,-0.0380277
0.005371077,0.0057090223,0.0016117098,0.0012140587,0.0042109503,-0.013209781,-0.014915086,0.018238906,-0.28099287,-0.28294542,0.25379145,0.005956752
0.0046843244,0.0048577613,0.0012841629,0.0019747994,0.00053391577,-0.01293315,-0.009237887,0.014688624,-0.25509205,-0.23566747,0.27702534,-0.053653512
0.0067628273,0.0068304404,0.0011182535,0.0012070949,0.002973793,-0.019390348,-0.0179511,0.025901258,-0.37457323,-0.36514592,0.38452917,-0.027231716
0.004391963,0.004180695,0.000542887,0.0031227875,-0.0054217894,-0.015771529,-0.0024650581,0.0133064585,-0.26715067,-0.20657872,0.37792125,-0.1582859
0.00439139,0.0046436037,0.0014324713,0.0019399027,0.0012488415,-0.011448489,-0.008972077,0.012959523,-0.23537172,-0.21715124,0.2413262,-0.039982874
0.00530713,0.0055073267,0.001347722,0.0016053171,0.0021731276,-0.01433321,-0.012700573,0.0179557,-0.28761336,-0.27496788,0.2911875,-0.030295733
0.0048324848,0.0045617977,0.00026588293,0.0033997106,-0.0073596165,-0.018072806,-0.0019961318,0.015184956,-0.3004733,-0.23596275,0.44072038,-0.18772908
0.003630606,0.0031535204,0.0001728313,0.0044317655,-0.0065126284,-0.014720443,0.00041934423,0.009847821,-0.24531841,-0.14207263,0.4239798,-0.25323033
0.0041532917,0.003899288,0.0004352475,0.0034606648,-0.0064371526,-0.015553891,-0.0007508175,0.011905035,-0.2596007,-0.18884426,0.38619453,-0.18052605
0.0033018996,0.0033426315,0.0010085689,0.0030274107,-0.003825139,-0.01055552,-0.00068227225,0.007255461,-0.19140555,-0.14268912,0.26302058,-0.12155296
0.003320385,0.0033068857,0.00090437516,0.003151701,-0.0046019857,-0.011104531,2.8027353e-06,0.0074189166,-0.19576396,-0.14302534,0.28006598,-0.13516068
0.00036547147,0.00055989606,0.0015098711,0.0044131875,-0.000648943,0.0010849863,0.0042986157,-0.0077138804,-0.021075426,0.053714897,0.10168041,-0.16750166
0.0010670914,0.0013585193,0.0015549934,0.0036402612,-0.0017624424,-0.0013485545,0.0038012243,-0.004603289,-0.05384903,-0.0002364938,0.10293193,-0.118405566
0.0010067769,0.0014930513,0.0018254453,0.003048742,-0.0016745061,-0.0003408574,0.0042236866,-0.0053954693,-0.03746611,-0.006527456,0.04699027,-0.06675793
-0.0001634499,-0.00011136637,0.001382317,0.0052194605,0.00018881206,0.0026487582,0.0045454665,-0.009876156,-0.0009346829,0.09804593,0.11983228,-0.22359909
-0.00079368206,-0.002008936,-0.00070419634,0.0018330526,0.000724109,0.0023822628,0.0043829596,-0.0053437464,-0.0276581,0.15379043,0.06690188,-0.14769955
-0.00035806143,-0.0006252596,0.0007037178,0.0018241022,-0.00010118883,0.0033433686,0.0053635226,-0.0075170565,0.0022287094,0.095174,-0.014921618,-0.06261717
-0.0003957031,-0.0018151981,-0.0013599616,-0.00085821585,-0.0008468158,0.0010849551,0.004449196,-0.0010240932,-0.054654,0.107300475,0.008209912,-0.029206073
-0.00031987537,-0.0012750686,-0.00053722615,0.0001479421,-0.0010025334,0.0016123968,0.0051632,-0.003352003,-0.034302704,0.097136565,0.000917575,-0.03937873
-0.00013334694,-0.001689456,-0.0018730571,-0.002066647,-0.0021080368,0.00035457942,0.0042244624,0.0016908536,-0.07471642,0.075796165,0.0074435724,0.008852856
0.0005862914,-0.00041059984,-0.001404732,-0.002582787,-0.005250723,-0.0009062416,0.0057110866,0.0026843995,-0.08651816,-0.0030517161,-0.008183934,0.070120044
-0.0006011694,-0.0022855059,-0.0015650654,-0.0006391305,0.0010247064,0.0013146123,0.0029941206,-0.00081521505,-0.056751017,0.13723604,0.020861862,-0.055877436
-0.0003389743,-0.0017879946,-0.0014717972,-0.0011339078,-0.001113255,0.00094061607,0.0043871882,-0.00041977392,-0.058856223,0.10028565,0.007529796,-0.020333128
0.00037683622,-0.0006745525,-0.0013171035,-0.0021802194,-0.00430909,-0.00041996353,0.005516605,0.0017447623,-0.07682818,0.019705992,-0.007933789,0.05058089
0.00078494905,-0.00024631922,-0.0024112803,-0.0043900847,-0.008068787,-0.0034742013,0.0050581284,0.007422168,-0.09942828,-0.06764332,0.009074989,0.117837325
-0.0023647991,-0.0034429024,-0.002237612,-0.0013289417,0.0037541331,0.00013464037,-0.0033402145,0.00088762585,0.08751435,0.124318674,0.000954484,-0.06257225
-0.001028722,-0.0023440644,-0.0022085959,-0.002103765,-0.0009959957,-0.00018828292,0.0018326245,0.0018349295,-0.008220515,0.080746375,0.006154792,-0.009479454
-0.0018168909,-0.0016812776,-0.0022150488,-0.0030877905,-0.0039652344,-0.0037270293,-0.0008915921,0.00402066,0.11951953,-0.04107494,-0.01989303,0.051287934
-0.0038256615,-0.0029688175,-0.002031373,-0.0018630782,0.00019575455,-0.003322069,-0.0056717535,0.0009842822,0.27931058,0.0009232691,-0.04062122,-0.012630995
-0.0045473734,-0.003596252,-0.0018673136,-0.0010780758,0.004051534,-0.002785714,-0.009108733,-0.00017048576,0.32750186,0.039969515,-0.046267085,-0.05014263
-0.0036029085,-0.0023072853,-0.0021019035,-0.0026447878,-0.002526324,-0.0050331387,-0.005277311,0.002737793,0.2899051,-0.06532064,-0.045428164,0.032078654
-0.004990712,-0.0030007851,-0.0020015521,-0.0020404637,-0.0006134753,-0.005394806,-0.008511247,0.0011341467,0.41071373,-0.05965726,-0.062011044,0.0018833505
-0.006470457,-0.004068483,-0.0017562592,-0.00052934024,0.005792397,-0.005355032,-0.01494565,-0.0010724836,0.51574475,-0.0030241031,-0.06885676,-0.06643383
-0.0060073,-0.0035821625,-0.0018565061,-0.0013297941,0.002591028,-0.005641491,-0.012434054,3.7630554e-05,0.49367943,-0.041919313,-0.07183372,-0.029757284
-0.0072759604,-0.003195404,-0.0019001015,-0.002204251,-0.0011134954,-0.009036677,-0.014605288,0.0012214491,0.6618146,-0.16188686,-0.10311689,0.020851752
-0.0068585225,-0.003610046,-0.0018430841,-0.0014118104,0.0020090165,-0.0072188694,-0.014480049,7.246493e-05,0.5883159,-0.08489362,-0.08592506,-0.021044808
-0.005324576,-0.003088784,-0.001976816,-0.0019957053,-0.00038034638,-0.0057222056,-0.009439561,0.0010083702,0.444389,-0.06756797,-0.067537904,0.0006094859
-0.0074155997,-0.003559816,-0.0018478103,-0.0015883174,0.0011167891,-0.00841756,-0.015615795,0.0002593738,0.65452725,-0.12206975,-0.096694104,-0.009323098
-0.0045251874,-0.0025156417,-0.002050376,-0.0025603597,-0.0022243245,-0.006070088,-0.0076385667,0.0024120696,0.38432053,-0.09143839,-0.060422696,0.030632384
-0.0077669052,-0.0035434237,-0.0018477731,-0.001672208,0.00066826266,-0.009136341,-0.016377386,0.000340609,0.695327,-0.14349341,-0.10313997,-0.0032748515
-0.006775001,-0.0035852164,-0.0018487601,-0.001443394,0.001901145,-0.007117782,-0.014213724,0.000121995225,0.5804103,-0.083597556,-0.08504157,-0.019957379
-0.0061134086,-0.002921352,-0.0019588256,-0.002356048,-0.0015242171,-0.0077078026,-0.011665397,0.0017136876,0.5442847,-0.1308639,-0.085506015,0.024682857
-0.006606716,-0.0036149928,-0.001844452,-0.0013638835,0.0022797068,-0.0067201983,-0.013913969,3.0543422e-05,0.55949664,-0.07043701,-0.08145844,-0.02478196
-0.00616544,-0.0032137267,-0.0019297122,-0.00200161,-0.0002974259,-0.0068664486,-0.011710607,0.0009238599,0.5342601,-0.09903197,-0.0824566,0.004219177
-0.004670347,-0.0036471202,-0.0018561347,-0.0010059096,0.004317205,-0.002899789,-0.009543332,-0.00027769984,0.3382482,0.039952617,-0.04724458,-0.053001497
-0.005195846,-0.0045925262,-0.0021066943,-0.0001556754,0.00890307,-0.002507151,-0.013024751,-0.00070880353,0.34213084,0.107910916,-0.024624884,-0.114799425
-0.0044268384,-0.004389333,-0.0021757635,-0.00043858888,0.00800166,-0.001558503,-0.010621564,-0.00022619922,0.26792204,0.12181268,-0.01540485,-0.10631071
-0.00402633,-0.0032478797,-0.0019487916,-0.0015683243,0.0019714518,-0.0027209134,-0.0068941917,0.0005402927,0.2889325,0.02350104,-0.043398224,-0.028277656
-0.0038218154,-0.0046501704,-0.0026429526,-0.0007637257,0.008206123,-0.000787105,-0.009377538,0.0011330713,0.18711233,0.15671785,0.0129646445,-0.120438926
-0.0018200808,-0.0037787657,-0.0026307646,-0.0012746279,0.004891818,0.00090882403,-0.0025987865,0.0016272285,0.0052300254,0.17303121,0.03209752,-0.08936548
-0.0016263707,-0.004441149,-0.0035417664,-0.0014653063,0.005766503,0.00034105484,-0.0030327158,0.0036464056,-0.05803945,0.21362856,0.08365606,-0.12879582
-0.0025947418,-0.005385882,-0.0041571897,-0.0013500861,0.00824929,-0.0008330561,-0.007073278,0.004786593,-0.0005380551,0.23306277,0.10660996,-0.17180349
-0.00088694785,-0.0032182077,-0.0024407215,-0.00079934474,0.003036811,0.0010655726,0.0009125161,0.00094436295,-0.07685225,0.17990197,0.060030214,-0.0993974
-0.0025064617,-0.004188289,-0.0027510403,-0.0011417457,0.006232657,0.0003218317,-0.005083231,0.0017488261,0.06180262,0.17321543,0.031212531,-0.1051744
-0.0022943967,-0.0054966533,-0.004386986,-0.0012249792,0.008074386,-0.00042838725,-0.0061090067,0.00496241,-0.04316217,0.25266564,0.1316185,-0.19240728
-0.0016780372,-0.0034306815,-0.002477311,-0.001426822,0.0034975528,0.00071134686,-0.001538421,0.001460132,0.007831899,0.15050788,0.022918478,-0.06998596
-0.001175139,-0.0035884823,-0.0024624062,0.0006172502,0.003698664,0.0016288995,0.00076791784,-0.0008296776,-0.0704059,0.21265008,0.114498734,-0.18329933
-0.0014285351,-0.004447227,-0.00333279,0.0002759597,0.005312352,0.0014379183,-0.0010591656,0.0010400128,-0.08929088,0.24813557,0.14751802,-0.21656854
-0.00070365553,-0.002596074,-0.0018395488,-0.0007857493,0.0017884371,0.001357112,0.0022205366,-0.00018587423,-0.061562285,0.15077166,0.028279215,-0.06487235
-0.0010908592,-0.003222337,-0.0020502217,0.00088124,0.0030118101,0.0018529606,0.0016030149,-0.001883972,-0.059762806,0.19875371,0.102296695,-0.17405324
-0.00091562944,-0.0033170697,-0.0025406762,-0.00082447974,0.0032215037,0.0010300546,0.0007064774,0.0011489941,-0.07920149,0.18416338,0.06443793,-0.10392553
-0.0009649231,-0.003569564,-0.0028502818,-0.0012037669,0.0037044915,0.0009203043,5.935893e-05,0.0021184918,-0.08638035,0.19142695,0.06620035,-0.10108287
-0.00030228912,-0.0018956576,-0.0017988713,-0.0017093243,-0.0013119001,0.0007738147,0.0040347213,0.00086098607,-0.0672597,0.09443715,0.00815392,-0.007850684
-0.0010890076,-0.0038495546,-0.0031184568,-0.0015159844,0.0042802882,0.0010560763,-0.00069228455,0.0028359315,-0.0858528,0.19932526,0.06647689,-0.10113054
-0.00073069765,-0.0026107323,-0.0017794744,-0.00035566805,0.0018908479,0.0012828953,0.0022880821,-0.0007111224,-0.06162651,0.1570573,0.041891787,-0.08486347
-0.00030354134,-0.001891282,-0.0022664617,-0.002533102,-0.0023425154,-0.00028448759,0.0034465415,0.0029378186,-0.06628878,0.06708926,0.013397183,0.012964963
-8.679403e-05,-0.001425879,-0.0014860437,-0.0017147014,-0.002194882,0.00055324374,0.004601306,0.0006972811,-0.06546514,0.0699438,-0.0018137667,0.011474977
0.0005310945,-0.00067970494,-0.0023745191,-0.0038945107,-0.0065423613,-0.002573353,0.0047240704,0.0062305406,-0.09448372,-0.030333914,0.010866026,0.08971057
-0.0003151202,-0.0017083081,-0.0013846429,-0.0011061078,-0.0011793962,0.0009882844,0.0044636386,-0.0005631562,-0.05684497,0.0970302,0.0040765335,-0.017035183
0.0006658911,-0.00050413806,-0.0017979342,-0.0031019717,-0.0058259135,-0.0014961901,0.0056359177,0.0041382415,-0.1003738,-0.010335386,0.0019408545,0.07702815
-0.0002745812,-0.0009952127,-0.0023214908,-0.0036530767,-0.0057661687,-0.0030580747,0.0027734817,0.0055547934,-0.019475529,-0.03735264,-0.00013178319,0.078603424
0.00027381425,0.00078607706,-0.0017963883,-0.0051400587,-0.008916591,-0.004732714,0.0013065867,0.008254959,0.018301046,-0.18235014,-0.051579937,0.19910991
-0.00012822263,-0.00070404715,-0.002345165,-0.003990672,-0.0068047345,-0.0037077381,0.0029313895,0.006362846,-0.02001517,-0.063750304,-0.0018143782,0.09786512
0.00061811117,1.5318525e-05,-0.0024199318,-0.004750795,-0.009163035,-0.004606062,0.004379546,0.008240423,-0.06559833,-0.10778898,0.0016515107,0.13964796
0.00019426443,-0.0008836773,-0.0012130227,-0.0018130941,-0.0034187078,9.991846e-05,0.005287539,0.00082571164,-0.06756236,0.039116487,-0.009508494,0.03458007
0.0005332588,0.00013757483,-0.0024236836,-0.0049206703,-0.0096780695,-0.0051476117,0.0040435065,0.008624901,-0.048997663,-0.12692747,-0.0019538403,0.14994355
-8.6071086e-05,0.0011628267,-0.0021419877,-0.006015408,-0.012306831,-0.008098394,0.00076363824,0.01068336,0.08017255,-0.26512012,-0.046947397,0.23364794
0.00018922867,0.0007127001,-0.0022541587,-0.0055226567,-0.011090602,-0.0067444453,0.002186667,0.0097367875,0.023092642,-0.20362861,-0.027735597,0.19680157
6.0645652e-05,0.0008185227,-0.0024445767,-0.0058668503,-0.01254672,-0.008163967,0.002171816,0.010766392,0.043465305,-0.23352577,-0.022035146,0.20728816
-0.0003315794,0.0013437589,-0.0024592183,-0.0065966435,-0.014691927,-0.010513103,0.0005933434,0.012384157,0.11735448,-0.31657442,-0.03891155,0.2524336
-0.0006945063,0.001367693,-0.0024456035,-0.0067018145,-0.015062056,-0.011283629,-0.00036616286,0.012608961,0.16104992,-0.3400845,-0.045640633,0.25917923
-0.0011141568,0.001325789,-0.0024253353,-0.0067298496,-0.01512769,-0.011922353,-0.0014850082,0.012615787,0.20697072,-0.35822865,-0.053295933,0.26242214
-0.00064506556,0.0006144812,-0.0024024697,-0.005746211,-0.012144408,-0.008816686,0.0004024991,0.010386417,0.11321382,-0.24823147,-0.03280658,0.20289187
-0.00023733602,0.0012478586,-0.0024577496,-0.0064634127,-0.014355398,-0.010065768,0.0009917208,0.012116586,0.10176304,-0.3007357,-0.034696367,0.24344379
-0.00017429136,0.0010517543,-0.0024486422,-0.0062049706,-0.013568692,-0.009331316,0.0013298211,0.011522439,0.083538,-0.27405903,-0.030360825,0.22803184
-0.00069557334,0.001708531,-0.0024645138,-0.0071034105,-0.015958518,-0.01221911,-0.00094884314,0.013395122,0.17717186,-0.37698442,-0.055221442,0.28681025
-0.0008301515,0.00038592488,-0.0023809155,-0.005494702,-0.011367048,-0.008435679,8.5499436e-05,0.009773799,0.12171131,-0.23137477,-0.03287672,0.18883137
-0.0010627322,0.0020764759,-0.0024698542,-0.007614578,-0.01723612,-0.013939945,-0.0025044393,0.014414867,0.23750944,-0.43791962,-0.07167323,0.32148576
-0.00095808407,0.00028245265,-0.0023692916,-0.005389324,-0.011038942,-0.008344276,-0.00017940099,0.009510092,0.13063504,-0.22617337,-0.033783,0.183132
-0.0016594281,0.001105926,-0.0023890652,-0.0065584965,-0.01457807,-0.012230433,-0.0027998239,0.012139896,0.257381,-0.3622296,-0.060639445,0.25443804
-0.0020450242,0.0014344477,-0.00239248,-0.0070452727,-0.016047088,-0.013975155,-0.004136178,0.013221727,0.32011402,-0.42233315,-0.07344998,0.2844819
-0.0026115356,0.000494248,-0.00231206,-0.005973196,-0.012744142,-0.012049839,-0.0049043214,0.0106414575,0.3326572,-0.34226245,-0.069877304,0.22370125
-0.0019489045,0.001125402,-0.0023779888,-0.006638605,-0.014809039,-0.012823645,-0.0036122506,0.012286378,0.29176477,-0.3804706,-0.06668155,0.26024255
-0.0014104671,0.00085174764,-0.0023843374,-0.0061913705,-0.013468135,-0.010971244,-0.0019016702,0.011318138,0.21452321,-0.31844556,-0.051706262,0.23193815
-0.0021135502,0.00014240717,-0.0023120008,-0.005435526,-0.011124973,-0.010025092,-0.003239306,0.009456579,0.25569284,-0.27321216,-0.05447297,0.19024186
-0.0038549362,-0.0015919259,-0.0021341958,-0.0035917903,-0.005408019,-0.0077528316,-0.006571295,0.0049119946,0.35892338,-0.16384737,-0.06168045,0.08863205
-0.0023768172,-0.00094159436,-0.0022357744,-0.004124529,-0.0071064415,-0.007089067,-0.0030527287,0.006361232,0.22531156,-0.1594304,-0.042628743,0.11428124
-0.0016483195,-0.0011606707,-0.0022534395,-0.003709315,-0.0058724517,-0.0050596953,-0.0008653293,0.0054942295,0.12926462,-0.09340062,-0.024746558,0.087133236
-0.0012361375,-0.00087260484,-0.002288173,-0.003991918,-0.0067556654,-0.005211255,2.620121e-05,0.00621109,0.09797803,-0.10479724,-0.021113442,0.10215489
-0.00226515,-0.0016720514,-0.0021966398,-0.0031855463,-0.0042425506,-0.0045795934,-0.002132058,0.0041861506,0.17159191,-0.066844404,-0.028919904,0.058732778
-0.0021028314,-0.001649359,-0.0022048682,-0.003182848,-0.004242051,-0.0043530003,-0.0017047421,0.004202514,0.15419286,-0.06059367,-0.026060889,0.057956584
-0.0027216298,-0.0037183813,-0.0022627942,-0.001167564,0.004962432,0.000106602696,-0.004819114,0.0007882267,0.11412879,0.13285494,-0.00012228813,-0.07506273
-0.0014935839,-0.0027274443,-0.00213192,-0.001721761,0.0007065362,0.00022021048,0.0003397693,0.0010398754,0.025070798,0.100878924,0.0010850575,-0.029606424
-0.0016501357,-0.002889036,-0.0021409113,-0.0016114227,0.001488834,0.0003223035,-0.00041213425,0.00095477444,0.03472934,0.109102756,0.0011424733,-0.03772131
-0.0019741647,-0.003628121,-0.002494363,-0.0013181581,0.0043268967,0.00061659166,-0.0026914335,0.0013937331,0.031511556,0.15441112,0.021392541,-0.07837021
-0.0019584328,-0.0031351515,-0.0021846925,-0.0014848311,0.0025017452,0.00025432569,-0.0016913951,0.0009255097,0.057122577,0.11634593,0.0012564586,-0.048890583
-0.0017753849,-0.0038308671,-0.0027186102,-0.0012987906,0.0049313824,0.0008727858,-0.002551935,0.0018272325,-0.0032433933,0.17713502,0.037350234,-0.092780136
-0.002020389,-0.003243576,-0.00221828,-0.0014277801,0.0029698422,0.00032393498,-0.0020741723,0.0009398479,0.058454342,0.12301865,0.0032083895,-0.05476816
-0.0016123365,-0.0046910634,-0.0038520226,-0.0015153837,0.0061543193,0.0001156763,-0.003354408,0.0043178946,-0.07490483,0.22718662,0.1007891,-0.14320743
-0.0022734136,-0.005104969,-0.0039925403,-0.0013947322,0.007477908,-0.00047416522,-0.0057800487,0.0044942265,-0.021598855,0.22831595,0.101141505,-0.15937018
-0.0010175647,-0.0035930497,-0.0027792498,-0.0007453797,0.0037356026,0.0010365092,0.00019615321,0.0014450259,-0.08366981,0.19768342,0.08003288,-0.12305034
-0.0012997807,-0.0037471547,-0.0024777441,0.0011083459,0.003990099,0.0019547655,0.00066863565,-0.001485608,-0.066627115,0.22526534,0.13320236,-0.21362877
-0.0018125008,-0.0051031485,-0.0036164357,0.0017531111,0.006504098,0.0019321538,-0.0017459864,-0.000348413,-0.08872998,0.2947025,0.21841669,-0.31955355
-0.0016112683,-0.00516125,-0.0041070255,-0.00018058994,0.0066548353,0.0011325806,-0.0026553017,0.002929148,-0.10779744,0.27578384,0.17146774,-0.23681124
-0.0015920845,-0.004954896,-0.004107172,-0.0013103507,0.0064986655,0.00033424865,-0.003354814,0.0044550532,-0.093611486,0.24656284,0.12503418,-0.17053458
-0.0017591071,-0.0041860025,-0.0022722187,0.0037936936,0.0047536376,0.003061896,0.00091309304,-0.005264516,-0.049218085,0.27528456,0.2233512,-0.3577502
-0.0015907042,-0.003173035,-0.0009600013,0.0054345233,0.0032790347,0.003967009,0.0029443246,-0.009227666,-0.014989351,0.24639384,0.21877135,-0.37604758
-0.0015142793,-0.003474777,-0.0016232063,0.0037289497,0.003426457,0.0031206126,0.002286864,-0.006268724,-0.036121037,0.2419774,0.18651643,-0.31458804
-0.0013732773,-0.0024868927,-0.00024413598,0.0059707523,0.0024883344,0.004121413,0.003771811,-0.010637105,-0.0017122083,0.2203007,0.20573981,-0.36502954
-0.0011018229,-0.002089138,-0.00015837997,0.004689868,0.0016285268,0.003625755,0.004234341,-0.009262496,-0.0055021336,0.18802105,0.15181811,-0.2845975
-0.0015253344,-0.0045544426,-0.003309874,0.00084544404,0.0054987487,0.0016220277,-0.0010390249,0.0002929304,-0.08664805,0.25943753,0.16794796,-0.24810676
-0.00025382778,-0.00046604895,0.0010349052,0.006130068,0.00028893386,0.0019718288,0.004173744,-0.009603938,-0.013166224,0.11806775,0.18942198,-0.2995125
-0.0010216482,-0.0023721515,-0.0008348377,0.0026787163,0.0014555907,0.0028191297,0.003930775,-0.006199751,-0.025017729,0.17964159,0.10565718,-0.2058736
-0.0007261455,-0.0013859194,0.00022172075,0.0033477205,0.00055942795,0.0032929834,0.00492175,-0.00827066,-0.0034978385,0.1421481,0.07847982,-0.18275106
-0.00084271864,-0.0020438465,-0.0006621448,0.0021100761,0.0008728357,0.002596231,0.0043133823,-0.0057392046,-0.02453286,0.15825202,0.07533621,-0.16221416
-0.0016256358,-0.0040418673,-0.0023022478,0.0031108302,0.004496557,0.0027309523,0.0009108184,-0.004319336,-0.05386352,0.2611244,0.19948457,-0.31944647
-0.0013352067,-0.0034351917,-0.0019090504,0.002355139,0.0033791466,0.0024785914,0.0017934926,-0.004011453,-0.04943647,0.22491047,0.15020867,-0.25151858
-0.0006548265,-0.0024176056,-0.0016280531,-0.0005501722,0.0015382933,0.0013254619,0.00259616,-0.0007574272,-0.05814053,0.14594533,0.026091771,-0.06492165
-0.0008701877,-0.0028566879,-0.0019035335,2.5113142e-05,0.0023471126,0.0015374314,0.0019703659,-0.0010386248,-0.060800824,0.17245498,0.06226449,-0.11528355
-0.0007213309,-0.0017220989,-0.00036971102,0.0021640225,0.00044180427,0.0025774175,0.004711785,-0.006124503,-0.019978115,0.14392035,0.06360499,-0.14785966
-0.0005778746,-0.00205659,-0.0012019352,-0.00012150439,0.00085258717,0.0014954301,0.0034793678,-0.0019955474,-0.047985684,0.1342356,0.019898664,-0.06371986
-0.0003760771,-0.00070460496,0.00061085034,0.0018794938,-0.00019007424,0.0031997527,0.005385832,-0.0073402096,3.408792e-05,0.09796028,-0.0049934033,-0.072190955
-0.0008286298,-0.0030138614,-0.002263602,-0.0010988094,0.0026275576,0.0013728313,0.0012560096,0.0008536009,-0.069357716,0.16650717,0.037835497,-0.073522985
-0.0005396249,-0.0004909587,0.001324717,0.0035663717,0.0010058779,0.0047065862,0.0050395946,-0.010733283,0.023539145,0.11325957,0.010544176,-0.12581426
9.741455e-05,0.0007476945,0.0018174532,0.0010382007,0.0008511676,0.005817884,0.0035946688,-0.00862844,0.025612062,0.027323395,-0.11799282,0.053100232
0.00024324267,-0.0002017339,-0.0001218625,-0.00086649053,-0.002607298,0.0015751269,0.0053278203,-0.0023214165,-0.037917584,0.028046153,-0.046927508,0.046597414
0.00051693904,0.0013083944,0.002397341,0.0025021874,0.0016269023,0.0037709267,0.0024704235,-0.008209318,0.010578985,0.016546207,-0.05984848,-0.0019712462
0.0005155551,0.0003179552,-5.5497978e-05,-0.0016727111,-0.0019144822,0.0026892899,0.0033446786,-0.0013615773,-0.042624358,-0.008969288,-0.07991617,0.100320615
0.00067038176,0.0032845875,0.0043050214,-0.00021983313,0.010602722,0.015910642,-0.008079144,-0.011990005,0.092507355,-0.07938483,-0.3622752,0.28127307
0.0004822696,0.00070991076,0.0006575047,-0.0012055921,-0.0001397442,0.0046044136,0.0020618858,-0.003479246,-0.019519765,-0.012642615,-0.11829736,0.11709703
0.00065573346,0.0029651183,0.0042528277,0.0005256402,0.011028743,0.013790533,-0.007692705,-0.011557254,0.07843566,-0.050259255,-0.3221172,0.2342398
0.0013764634,0.0029731183,0.003546665,0.0006877851,0.009503848,0.007539072,-0.008155697,-0.0051240837,0.011915092,-0.06953033,-0.19462314,0.16634762
0.0007478988,0.0023991582,0.0026605022,-0.0012124841,0.006225616,0.011411019,-0.0047887764,-0.0073410645,0.038394783,-0.07094531,-0.27109987,0.2396621
0.00058760407,0.0020974765,0.0033060033,0.0014143696,0.006032229,0.008573676,-0.0023718833,-0.00948111,0.04660628,-0.018443665,-0.18844917,0.115709774
0.0006446451,0.0030591884,0.0043836813,0.0003853536,0.011630061,0.014599157,-0.008360648,-0.011795314,0.085602656,-0.05486304,-0.3397641,0.2490494
0.0007459474,0.0024829186,0.0036127162,0.0009875816,0.00795986,0.009843413,-0.004872188,-0.009080001,0.05128186,-0.03789877,-0.22573817,0.15743384
0.00046035764,0.0027960625,0.0040881312,0.0004026087,0.009361562,0.0144966515,-0.0058690873,-0.012504461,0.09017234,-0.04888742,-0.32440996,0.23147678
0.0014285882,0.0032100747,0.0037818633,0.00039559117,0.010739808,0.0086809285,-0.009587046,-0.005294393,0.018980911,-0.08024569,-0.2269353,0.1978033
0.0017714002,0.0041611753,0.0045676855,-0.00058016635,0.015624387,0.0121369045,-0.015652025,-0.0049760155,0.03161216,-0.124300346,-0.32623422,0.30330962
0.00067472126,0.0033351465,0.0046405625,0.00015540089,0.012699389,0.016047115,-0.009595134,-0.012452743,0.09447218,-0.066545404,-0.3747308,0.28104568
0.0007280905,0.0029085649,0.00411893,0.0005821431,0.010529528,0.012798885,-0.0074052555,-0.01068153,0.06996189,-0.050791495,-0.29997784,0.21962681
0.00085697166,0.002647476,0.0036922751,0.0008512407,0.008681936,0.009946854,-0.005898413,-0.008640202,0.04763847,-0.046038415,-0.23375899,0.17064646
0.0016939637,0.0031876292,0.0034708497,0.00059989095,0.010123758,0.006164285,-0.009646375,-0.003072543,-0.009989573,-0.083841346,-0.17246087,0.16486216
0.0027418502,0.0039459863,0.0032271643,0.00033743551,0.011765409,0.0017610724,-0.01421447,0.0034164537,-0.08106952,-0.13443646,-0.09915559,0.16012934
0.00197812,0.002828955,0.0025372505,0.001623337,0.005274025,0.00047587193,-0.005534684,-0.0004351501,-0.06438019,-0.077412084,-0.02375783,0.050777216
0.0013145617,0.0026376722,0.0031919493,0.0011485016,0.0077269347,0.0057537346,-0.0060683177,-0.004916791,-0.0010848554,-0.053139124,-0.1464319,0.11997637
0.0026153224,0.0032898544,0.0022105207,0.001752878,0.003945616,-0.0028420305,-0.00618494,0.0031178857,-0.11073863,-0.113934904,0.05164632,0.022135612
0.001811673,0.0029058217,0.0029978813,0.0010662611,0.008302083,0.0032013117,-0.008057079,-0.0014035704,-0.037187114,-0.07425122,-0.09959111,0.107325055
0.003162956,0.0038558196,0.0022532183,0.001416447,0.005132585,-0.00409593,-0.009071517,0.0061224634,-0.13780403,-0.15057094,0.0678644,0.03992776
0.003328713,0.0041255523,0.0024573323,0.0010837197,0.0070485747,-0.003579151,-0.011392514,0.006855945,-0.14076717,-0.16216531,0.042038556,0.07152766
0.00338129,0.003829874,0.0017912023,0.0019465957,0.0021641562,-0.0069633476,-0.006778088,0.007387571,-0.16759917,-0.15731251,0.14620376,-0.015733913
0.0044852467,0.004771249,0.0014971074,0.0017933878,0.0018139281,-0.011366804,-0.009859016,0.013507258,-0.23709121,-0.22509234,0.23606706,-0.029744668
0.0044527235,0.0048994757,0.0018049765,0.0014033499,0.004082779,-0.009787245,-0.011962718,0.013196306,-0.2245749,-0.2264417,0.18730935,0.010559338
0.0043106293,0.00437729,0.001075302,0.002451472,-0.0015786479,-0.012962732,-0.0059714224,0.012672834,-0.24360701,-0.20788054,0.2930509,-0.08941141
0.004154446,0.004348235,0.0013141442,0.0021903205,-0.00016194436,-0.01135174,-0.0069338656,0.011819986,-0.22530904,-0.20224681,0.25130314,-0.061909236
0.0039387746,0.0041650613,0.0013740695,0.0022265199,-2.3911009e-05,-0.010493026,-0.006370304,0.010581845,-0.21230228,-0.18829983,0.2327962,-0.058517564
0.0043059993,0.0047483016,0.0017932345,0.0014832087,0.003705351,-0.009437597,-0.011164454,0.01243796,-0.2165989,-0.21744423,0.18365,0.00538762
0.004811538,0.004702081,0.000747553,0.0026565746,-0.003105862,-0.015928404,-0.0059832963,0.015454294,-0.2832032,-0.23504661,0.3626686,-0.12104647
0.0034879898,0.0035673233,0.0010871557,0.0028463318,-0.0028431981,-0.010696297,-0.0021707728,0.008171166,-0.19958168,-0.15448995,0.25759447,-0.10635839
0.0039015103,0.004441535,0.001973877,0.0014404608,0.0043690307,-0.0074670636,-0.0105642965,0.010175953,-0.18839614,-0.19363803,0.13965757,0.020144083
0.004045957,0.0039520236,0.0007639719,0.0030010222,-0.0043272176,-0.013770459,-0.0024519777,0.011331876,-0.240947,-0.18664448,0.3297945,-0.13664325
0.0028788564,0.0025872735,0.00052217464,0.004294197,-0.0053157913,-0.010987019,0.0015089777,0.00577614,-0.19067287,-0.09974184,0.34106275,-0.2241549
0.0020029598,0.0019455181,0.00095732854,0.0041327956,-0.0035898425,-0.00651266,0.0025213393,0.0008820717,-0.12771226,-0.04905363,0.23903309,-0.18615025
0.002093324,0.0020676623,0.0009856005,0.003964219,-0.0038362185,-0.0067653675,0.00257706,0.0012549609,-0.1302225,-0.057690926,0.23465122,-0.17493145
0.0024635391,0.0023084786,0.00076962565,0.004147703,-0.004305805,-0.008738478,0.0018809332,0.0033454832,-0.15994689,-0.07582022,0.28421244,-0.19832195
0.002861074,0.002667687,0.0006568144,0.0039881687,-0.005292149,-0.010532573,0.0017135798,0.005433229,-0.18317267,-0.10374134,0.31331447,-0.19767217
0.001988278,0.0019877779,0.0010355451,0.003957465,-0.0035804715,-0.0062332223,0.0026533785,0.00066478434,-0.123071186,-0.051141776,0.22285287,-0.17097884
0.0028156354,0.0029924542,0.0012614984,0.002929465,-0.0027540447,-0.008014156,-0.00022439634,0.004517872,-0.15629144,-0.11442323,0.20458578,-0.09902385
0.0014480292,0.0015991809,0.0013029951,0.0038145233,-0.0028236478,-0.003489017,0.0035415052,-0.0023039924,-0.0824546,-0.0222517,0.16024102,-0.14680125
6.0561833e-05,2.2258137e-05,0.0012337662,0.0053666844,-0.00013951937,0.00140131,0.0041375626,-0.0085694725,-0.019531867,0.087431364,0.15348653,-0.24126549
0.0001367969,0.0006291424,0.0019443793,0.0036077602,-0.00016701972,0.0031831276,0.0049803704,-0.009622268,0.010873904,0.054594856,0.009522457,-0.09217884
-0.00017925834,0.0004189257,0.0021234197,0.0034677905,0.00026012096,0.004853226,0.0055446574,-0.011400647,0.03583261,0.07048728,-0.031709116,-0.073379286
-0.00077600335,-0.0011250832,0.00077868305,0.004591017,0.00090928073,0.0041387207,0.004970925,-0.010516512,0.013386358,0.14523022,0.09560529,-0.22294913
0.00093686755,0.0023001588,0.0031843975,0.0013519849,0.006528556,0.006854159,-0.0038363296,-0.0071022725,0.021265026,-0.033223934,-0.15819257,0.10899853
0.00042323678,0.0013619779,0.0025787223,0.0023196016,0.002200639,0.0050524315,0.0020727278,-0.008973367,0.024945805,0.014858735,-0.08864414,0.018359158
0.00065411965,0.0013487182,0.0022141892,0.0026805368,0.00049845834,0.002507573,0.0031542212,-0.007402542,-0.0034656166,0.010075811,-0.026331482,-0.02311986
0.00065754214,0.0016158184,0.0026328722,0.002154337,0.0031910422,0.004635642,0.00046590087,-0.0078031803,0.012441493,0.0014645864,-0.089165635,0.031860188
9.112152e-05,0.0015020223,0.0030432178,0.0017011754,0.0038395473,0.009194159,0.0011893571,-0.011979727,0.064867646,0.013785781,-0.1864456,0.08890587
0.0007465617,0.0015907855,0.0025021527,0.0022502975,0.0028008416,0.0036609275,0.0006146455,-0.0070039164,0.002011243,0.00050355296,-0.06666794,0.01720501
0.00010129187,0.0015360878,0.0031314055,0.0018923517,0.003776993,0.009072769,0.0013070281,-0.01210462,0.06694357,0.013864223,-0.18064456,0.08094531
0.00034864654,0.0014042022,0.002705174,0.0022346538,0.0025727642,0.005968144,0.001917015,-0.009761123,0.03400914,0.015174804,-0.11025114,0.0329695
0.000694295,0.0016839877,0.0026794027,0.0020753515,0.0035076803,0.0047849226,2.2228349e-05,-0.0076442184,0.012603877,-0.0023205464,-0.09436679,0.03861973
0.0002768126,0.0018389565,0.0033081116,0.0016285914,0.0051749875,0.0095317755,-0.00058785896,-0.011525428,0.063270554,-0.0006541036,-0.20045894,0.107975066
0.00016681237,0.001658014,0.003211093,0.0017708346,0.0043565696,0.009329864,0.0005138288,-0.011865009,0.06663387,0.0075886953,-0.18951872,0.092418104
0.00036457632,0.0020270876,0.0034463515,0.001429883,0.0061030067,0.010062621,-0.0018264286,-0.011243037,0.064449765,-0.010330698,-0.21648763,0.12697572
9.127281e-05,0.0008130522,0.0019414794,0.0011553647,0.0010672427,0.0060895677,0.0034738798,-0.00901586,0.029606223,0.026890298,-0.12249697,0.053725213
0.00033780292,0.0016712197,0.0030506307,0.001833475,0.0040975227,0.007917191,0.00030736628,-0.010432778,0.0504358,0.0033280212,-0.16002314,0.07648044
0.00063309073,0.0013947412,0.0023420234,0.0025181065,0.0014055087,0.0031896578,0.002325258,-0.0075543458,0.0024216995,0.009679449,-0.04663103,-0.006698639
9.61729e-05,0.0006920246,0.0017429796,0.0010550776,0.0005813235,0.0055185272,0.0038467045,-0.008432231,0.023146788,0.02885929,-0.11037953,0.047116794
7.9219295e-05,0.0012678268,0.002814197,0.0022956522,0.0022967672,0.0073653557,0.0030007844,-0.011780793,0.05281306,0.02721182,-0.13695878,0.040747847
0.00010721871,0.0016424877,0.0032404913,0.0018226921,0.0043851705,0.009664071,0.0007367751,-0.012520477,0.069216646,0.01153948,-0.19738811,0.0952905
0.00016300673,0.0007942521,0.002131197,0.0031462007,-0.0001388829,0.0036308991,0.005158132,-0.009877971,0.01829153,0.045857396,-0.028251616,-0.05277039
0.00013521094,0.0003243593,0.0010026707,0.0002368752,-0.00050318136,0.004111629,0.004336433,-0.006140412,-0.00071448914,0.030141613,-0.09135096,0.051834777
8.50328e-05,0.00096839987,0.0024520366,0.0026613518,0.00060942123,0.005364456,0.0046685305,-0.010813069,0.038625393,0.037703875,-0.082734615,-0.0062750243
0.00047264228,0.00089157425,0.001794257,0.0036067371,-0.0009829598,0.00150952,0.004748132,-0.0077543063,-0.011532382,0.033294607,0.045291565,-0.10287044
0.00062943087,0.0012267297,0.0020314532,0.0029579177,-0.0007820166,0.0016595906,0.0045418013,-0.0075487876,-0.010124904,0.015534349,-0.00042594556,-0.0474137
-0.00063182664,-0.0006955327,0.0011918808,0.004345258,0.00076636975,0.004476919,0.005169934,-0.010988504,0.021985782,0.1256186,0.059240513,-0.18300857
-0.00048292644,-0.0006295757,0.00097132474,0.0029620894,0.00039651318,0.0039636805,0.0052325255,-0.009232774,0.012469104,0.108712874,0.013945869,-0.11352175
-0.0005293783,-0.00029583843,0.0016765399,0.004880711,0.0008945317,0.0048427633,0.005137321,-0.012137627,0.030959684,0.114688054,0.05426263,-0.18472923
0.0004143102,0.0007276959,0.0016711826,0.0040090783,-0.00053637184,0.001381252,0.00431935,-0.007835456,-0.01674914,0.045239,0.0694015,-0.13237648
0.00036573675,0.0003100719,0.0011682466,0.0052141794,-0.00075912644,9.0778754e-05,0.0039198035,-0.007029351,-0.037148047,0.0662476,0.17146747,-0.23687989
0.00089080277,0.00085165235,0.0011255624,0.0048156735,-0.0016128618,-0.0019524976,0.0034592913,-0.004549226,-0.06529308,0.028713856,0.18801914,-0.2156802
0.00071056327,0.0010049437,0.0015945781,0.003849149,-0.0014275953,5.935211e-05,0.004339472,-0.006269809,-0.032764018,0.022914525,0.08962876,-0.1298963
0.0014333434,0.0014925264,0.0011818216,0.004123702,-0.0027647386,-0.003784545,0.0033547448,-0.0021401986,-0.087861724,-0.016123092,0.18474361,-0.17247522
0.0022866097,0.0021726624,0.0008384948,0.004115151,-0.0042637303,-0.0079025,0.002323089,0.0024418284,-0.1463376,-0.06723646,0.26761252,-0.19360225
0.0030133436,0.0028974174,0.0007564998,0.0036542574,-0.005185565,-0.010743779,0.001370421,0.005956102,-0.18710119,-0.11709011,0.29650775,-0.17098281
0.0006505461,0.0007390181,0.0013296222,0.0045647677,-0.0011660223,-0.00048117797,0.0038771783,-0.0060526794,-0.043721735,0.03908386,0.14275339,-0.18788841
0.0012937798,0.0009066129,0.00059472735,0.005655204,-0.0025818173,-0.0049751704,0.002686245,-0.0016255486,-0.109394126,0.017004028,0.30252603,-0.30011797
0.0036795766,0.0035561475,0.0007053775,0.003253933,-0.0053854417,-0.013003637,-0.0003765901,0.00948509,-0.22209638,-0.16361389,0.3261331,-0.15469007
0.0015055555,0.001595331,0.0012149744,0.003978801,-0.002859976,-0.0039516985,0.0033263573,-0.0018786656,-0.089955345,-0.022643412,0.17904483,-0.16166209
0.002847307,0.0027506955,0.00079761056,0.0036983087,-0.005037537,-0.010057136,0.001707836,0.005074173,-0.1768209,-0.10657943,0.2845389,-0.17065963
0.0022269357,0.0018544771,0.0004975598,0.0049914303,-0.004143128,-0.008670015,0.0018762316,0.0028305955,-0.16019453,-0.049210038,0.33630973,-0.26665753
0.0024739723,0.002794091,0.0015297538,0.002732837,-0.0013630568,-0.0057778494,-0.0005488647,0.0025914914,-0.12787196,-0.096222915,0.15007867,-0.07141038
0.001607164,0.0015702845,0.001032245,0.0043230588,-0.00299919,-0.0048509417,0.0029732226,-0.001062549,-0.10409123,-0.022853201,0.21785292,-0.19324724
0.0018607731,0.0020015256,0.00124521,0.00359054,-0.003283922,-0.0051565496,0.0029643765,-0.00034005032,-0.107017495,-0.04915269,0.17811269,-0.13571991
0.0018401558,0.002003317,0.0012817269,0.0035385706,-0.0031441979,-0.004971068,0.0029392499,-0.00052194804,-0.104839295,-0.048214544,0.17030713,-0.12976249
0.00051339203,0.00071429246,0.0014977069,0.0042901724,-0.00096413953,0.0005058469,0.0042330064,-0.007003261,-0.028567258,0.042561192,0.10640222,-0.16133194
0.00035567422,0.00091758225,0.0020134521,0.00324319,-0.00045938024,0.002585411,0.0048539997,-0.0087677175,0.003013248,0.036036003,-0.0013363992,-0.065804414
0.0024844313,0.0026808868,0.001292238,0.0030369577,-0.0031593961,-0.006951356,0.0011519325,0.0027692197,-0.13647093,-0.09454453,0.18734105,-0.10297336
0.00083000935,0.0016533535,0.0024643596,0.0022674846,0.0027010122,0.0032409541,0.00047839776,-0.0065704603,-0.0043538,-0.0038113743,-0.05797056,0.014352544
0.0011731256,0.0015648252,0.0016726501,0.0032378137,-0.0020681669,-0.001401284,0.0039979257,-0.004327894,-0.05256297,-0.013818693,0.080551036,-0.08794836
0.0006457642,0.0010405713,0.0017478042,0.0035850173,-0.0010475357,0.0007511437,0.004364643,-0.0069072703,-0.023685563,0.023890238,0.057270266,-0.10314509
0.00015396591,0.0012041174,0.002669896,0.0023725792,0.0018086374,0.006362993,0.003215923,-0.01081227,0.044279102,0.026417283,-0.11167328,0.023246378
0.00040690016,0.0015724632,0.0028493444,0.0020417157,0.0034111121,0.0065886467,0.0008864953,-0.009710965,0.0367729,0.007227837,-0.12915266,0.052942775
0.001202447,0.002507855,0.0031549332,0.001242768,0.007205559,0.00589063,-0.005243778,-0.00546798,0.0042926106,-0.046250053,-0.14467587,0.11215425
0.00023298524,0.0015208089,0.0026513904,0.0005265719,0.004707561,0.009483881,-0.00068509084,-0.009903855,0.0494981,-0.0021578048,-0.21070251,0.13639595
0.0005543137,0.0011092469,0.0011210033,-0.0012907294,0.0015202618,0.0062651252,0.00020812772,-0.0041889367,-0.0059113046,-0.027581213,-0.15638259,0.14925057
0.000602367,0.0019954895,0.0031677464,0.0015526954,0.005433181,0.007769589,-0.0018034566,-0.009065204,0.040194117,-0.014891783,-0.16752285,0.098204456
0.00036930194,0.0026525522,0.0041372254,0.00082434586,0.0092789335,0.014103407,-0.00519691,-0.013154294,0.09176448,-0.034194753,-0.3137766,0.21099284
0.00047500685,0.003000693,0.0043899333,0.0005206769,0.010261338,0.01535668,-0.0066745174,-0.013238355,0.098746106,-0.053176977,-0.3433837,0.24343204
0.0006934208,0.0026942675,0.00330288,-0.00079184095,0.00802584,0.01312719,-0.006071828,-0.009144235,0.06052033,-0.07105151,-0.30543962,0.2528
0.0005107145,0.0031052076,0.0044822795,0.00039625578,0.010807955,0.015788274,-0.007381583,-0.013155178,0.10118143,-0.05868645,-0.35453773,0.25525734
0.00049006625,0.0024584776,0.0034580962,3.0401527e-05,0.007658051,0.012764898,-0.004577164,-0.010745609,0.06936587,-0.04564941,-0.28922603,0.21525186
0.0005712813,0.0033941595,0.0039380533,-0.0010682313,0.009182991,0.014168814,-0.008904688,-0.009620783,0.11339864,-0.1221777,-0.3592603,0.30702934
0.0002673656,0.0023029633,0.0011401516,-0.0034386013,-0.00018051022,0.00409116,-0.0049135177,3.8587954e-05,0.09779425,-0.18428113,-0.21853738,0.27509525
0.00051870366,0.0015451821,0.00034375762,-0.0033809561,-0.0012194547,0.0032071762,-0.0020864499,0.001078997,0.027280089,-0.12859535,-0.16119401,0.22344972
-9.097416e-05,0.002119253,-5.0495e-05,-0.0049745096,-0.0050868993,-0.0014823646,-0.0045143017,0.005412318,0.13574068,-0.2590873,-0.1713635,0.29091406
0.00033524827,0.0005011564,-0.0022503922,-0.0052315854,-0.010214129,-0.0058212215,0.0027721443,0.009081655,-0.0055445554,-0.17070673,-0.021368708,0.17900974
0.0007437789,0.0013420826,0.00051380217,-0.0027834896,0.0003115866,0.0050224005,-0.0012673144,-0.0005720769,-0.012141237,-0.08020039,-0.15899539,0.19926476
0.0004983914,0.00027031268,-0.0022333788,-0.0049003675,-0.00918804,-0.0047482196,0.0033920081,0.00831871,-0.03720836,-0.13386224,-0.015029136,0.15948619
0.000345799,0.00092410797,-0.0012310502,-0.0047319056,-0.0064236075,-0.0024508922,8.723899e-05,0.006568621,0.01877463,-0.16339004,-0.08249401,0.20594122
-0.00018903495,-8.571402e-05,-0.0023797194,-0.004779044,-0.009210831,-0.005770082,0.0022447524,0.008193648,0.021581005,-0.14026853,-0.012750923,0.14437823
-0.00024297582,0.0016943745,-0.0014385685,-0.005995885,-0.010661123,-0.006796973,-0.0017587799,0.009675577,0.12926403,-0.29706797,-0.096543,0.27235493
0.00017991169,0.0012026422,-0.0011464806,-0.005020848,-0.0070943763,-0.0032117006,-0.00081567105,0.0070979167,0.05360895,-0.20036079,-0.095096536,0.22861387
0.0006710445,5.1783027e-05,-0.002155447,-0.004521694,-0.007882961,-0.0034184037,0.003887632,0.0073662996,-0.0691662,-0.094579585,-0.01194153,0.1404838
-0.0015920517,-0.0018959389,-0.0022116713,-0.0027749368,-0.003019989,-0.0026368117,-9.296465e-05,0.0033221527,0.081647396,-0.0032950984,-0.012059653,0.032065984
0.0009028204,-0.0003948946,-0.0024073466,-0.004180803,-0.007434916,-0.0027889651,0.005507079,0.00695036,-0.121299416,-0.043572586,0.0137488,0.105102725
-0.00012368883,-0.0008161172,-0.0023386276,-0.0038490319,-0.0063721417,-0.0033458686,0.0030379957,0.0060330266,-0.026808092,-0.050238922,3.924605e-05,0.08953274
-0.001251755,-0.00071829563,-0.0022967781,-0.0041887467,-0.007356364,-0.005726737,-0.00014636737,0.006668116,0.108409464,-0.12391724,-0.023851484,0.11376925
-0.0018375034,-0.002870212,-0.0020864168,-0.0016152558,0.0013862245,7.372141e-05,-0.00083935866,0.0008494393,0.057479616,0.09907488,-0.0047287242,-0.034201235
-0.002972865,-0.0024267442,-0.0021213843,-0.0023736248,-0.0017278146,-0.003498884,-0.0034443382,0.0021931168,0.21075644,-0.016499165,-0.03106461,0.013762095
-0.0018830402,-0.0027800133,-0.0021116189,-0.001730793,0.00070760667,-0.00032834648,-0.0006976225,0.0010097453,0.06694708,0.08566627,-0.005841349,-0.027583545
-0.00054023886,-0.0022203214,-0.0016726429,-0.0009492609,0.0002978385,0.0011703759,0.0033871646,-0.00037052715,-0.05986798,0.12705533,0.01839385,-0.043990273
-0.0008993973,-0.0021558201,-0.0022253701,-0.0023153573,-0.0016487231,-0.0005445588,0.002030143,0.002346635,-0.012560515,0.06559012,0.00575453,0.0024499546
-0.0008902082,-0.0033149633,-0.002694787,-0.0015800236,0.0028003242,0.0012730164,0.0007328366,0.002039386,-0.077980995,0.17222543,0.04417078,-0.07232112
-0.000777591,-0.0027615177,-0.0019317847,-0.00045868536,0.0021778229,0.0012988866,0.0019548212,-0.00035599404,-0.06427726,0.16274406,0.045739394,-0.08855084
-0.0010934217,-0.0039584483,-0.003209187,-0.0011156419,0.004424832,0.0008052701,-0.00067831395,0.00264943,-0.09470956,0.21032538,0.08900621,-0.12739785
-0.00047785492,-0.0009435717,0.00042945292,0.0022505245,-5.622267e-05,0.0031055133,0.005272682,-0.0073905503,-0.0028989515,0.11124055,0.022307143,-0.10553525
-0.0010726228,-0.0032767875,-0.0021694496,0.0006167063,0.0031170088,0.0016807724,0.001382569,-0.0013253263,-0.06417423,0.19834992,0.09888875,-0.1655697
-0.0012360432,-0.0040626014,-0.003095034,-0.00020038447,0.0046006776,0.001199366,-0.0005046769,0.0012830708,-0.08772198,0.22528207,0.11734484,-0.17390689
-0.0023756195,-0.00524046,-0.0041009546,-0.0013896164,0.0077975835,-0.0006318166,-0.0062587135,0.004709012,-0.01770553,0.23223668,0.105923966,-0.1659281
-0.0011494501,-0.0037688834,-0.002796185,-6.784285e-05,0.004047765,0.0012553062,0.00012549921,0.0006279524,-0.08136743,0.21333624,0.10665683,-0.1632871
-0.0007955454,-0.002931907,-0.00217216,-0.00086647493,0.0025078075,0.0011810826,0.0014571628,0.00053631584,-0.07023785,0.16593377,0.042785425,-0.0798118
-0.0016485906,-0.0044300715,-0.0035161038,-0.001456214,0.0057707126,0.00034499197,-0.0030776388,0.0035861123,-0.054728467,0.21236302,0.082022525,-0.12793466
-0.0012289232,-0.0032502874,-0.001824534,0.0019662934,0.0030421552,0.002339651,0.0019975824,-0.0036583047,-0.049511764,0.21210112,0.13106893,-0.22375195
-0.0010288049,-0.0037793731,-0.003067785,-0.0014025773,0.004106834,0.0009653794,-0.00042358245,0.0026740802,-0.08986125,0.19867784,0.06955543,-0.10358496
-0.0011718165,-0.0041326797,-0.003416852,-0.001545971,0.004818514,0.0007649174,-0.0013330296,0.0034675186,-0.093238726,0.21155953,0.08178453,-0.116224006
-0.0014049677,-0.00446522,-0.0034053316,5.8339392e-05,0.005348973,0.00130299,-0.0011874725,0.0014554155,-0.092348136,0.24657224,0.14334539,-0.20805919
-0.0012457004,-0.00437835,-0.0036746585,-0.001571359,0.005287552,0.0005116829,-0.0018945906,0.0040127197,-0.09940664,0.22211258,0.09498465,-0.1292992
-0.0016772547,-0.0053435685,-0.004439667,-0.0010407377,0.0071357675,0.00050304394,-0.0037567778,0.0046486026,-0.10745115,0.27026674,0.15451777,-0.20640218
-0.0018754491,-0.0047951387,-0.0038348783,-0.0014575252,0.006583888,-6.558425e-05,-0.0042339475,0.0042326506,-0.049998105,0.22442675,0.096880406,-0.14612003
-0.0012537803,-0.0041373917,-0.0031809686,-0.0002917783,0.0047435584,0.0011822922,-0.0006872071,0.0015312082,-0.089545384,0.22766098,0.11832118,-0.173973
-0.0016625047,-0.004922117,-0.0040548104,-0.0013720475,0.0065364586,0.00018672223,-0.0036130715,0.0044710785,-0.083170354,0.24097542,0.11795077,-0.16375443
-0.0012322811,-0.0039055801,-0.0031077825,-0.0014824466,0.004512721,0.00096131983,-0.0011679012,0.0027835576,-0.072252795,0.1978245,0.06434933,-0.10276844
-0.0014148181,-0.0046435082,-0.0036728783,-0.00042171802,0.005694373,0.0011317016,-0.0017321905,0.0024942355,-0.09949495,0.24933887,0.13920648,-0.19663312
-0.0011972865,-0.003933112,-0.0031604539,-0.0014987539,0.0045223385,0.00094560604,-0.0011118682,0.0029051465,-0.07808074,0.20034467,0.06758732,-0.104693785
-0.0015376641,-0.0042727366,-0.0033859469,-0.0014597413,0.005407196,0.0005257915,-0.0025431302,0.003325856,-0.058328677,0.20757043,0.07615377,-0.12023701
-0.0021306751,-0.0039936453,-0.0027211045,-0.001220319,0.005546184,0.0006153282,-0.0037661635,0.0017602977,0.029031914,0.17465948,0.033647075,-0.09818731
-0.0010053739,-0.0035276213,-0.0027007659,-0.00068589847,0.0036131379,0.00109505,0.00035149386,0.0012274967,-0.08144037,0.19532494,0.0780013,-0.12189821
-0.0014352984,-0.0022166031,-0.0021990489,-0.002342022,-0.0017046266,-0.0013372691,0.0006074672,0.0023340317,0.0456742,0.04328028,-0.003907048,0.006054952
-0.0023197052,-0.0029816972,-0.0020480016,-0.0015713074,0.0017144143,-0.00044273215,-0.002250466,0.00073323946,0.10712706,0.085840136,-0.013158757,-0.034769636
-0.0026963844,-0.0031340953,-0.0019993004,-0.0014593733,0.002430883,-0.0006170956,-0.0035310767,0.00053141254,0.1428113,0.08338516,-0.019538796,-0.039539263
-0.0008970156,-0.0018439903,-0.0022441943,-0.0027065848,-0.0028442976,-0.0015238979,0.0017747539,0.0032597103,0.0046155415,0.028820934,0.00089398643,0.025408098
-0.0028712205,-0.003645548,-0.0021499654,-0.001160065,0.004784171,-4.000871e-05,-0.0050751055,0.0005541311,0.13579904,0.12178783,-0.008584788,-0.06898526
-0.0033104015,-0.0030827685,-0.0020057084,-0.0016330841,0.0014870926,-0.0019526841,-0.004800233,0.00071211846,0.21520099,0.043200605,-0.030880706,-0.027461095
-0.0022032566,-0.001988757,-0.002180241,-0.0027758377,-0.0029935716,-0.003466795,-0.001695815,0.003238926,0.14675042,-0.025959617,-0.02270908,0.034445073
-0.0036870034,-0.0027089112,-0.00207423,-0.002156475,-0.0010301915,-0.0039206287,-0.005171206,0.0015868058,0.27710223,-0.02242394,-0.04077344,0.0037321325
-0.0023589751,-0.0022344717,-0.0021588996,-0.002497132,-0.002134506,-0.00297771,-0.0019176427,0.0025669602,0.15091006,-0.005455694,-0.021927277,0.018676165
-0.0028856886,-0.001409919,-0.002186127,-0.0036340912,-0.005583538,-0.006546472,-0.0040587373,0.0051459884,0.25763145,-0.13202584,-0.045340616,0.087426536
-0.0012219267,-0.00044661533,-0.0023143531,-0.004524267,-0.0083830245,-0.006529003,-0.0002925521,0.0074550565,0.12018199,-0.15442437,-0.027536293,0.13335261
-0.0034174449,-0.002307108,-0.0021097604,-0.00260936,-0.0024269195,-0.004692994,-0.0047674333,0.0026810253,0.26858413,-0.055131454,-0.04175629,0.029292997
-0.0024018832,-0.0018740097,-0.002178729,-0.0029581534,-0.003541185,-0.004193668,-0.0023384306,0.0036365457,0.1760166,-0.05047319,-0.028450584,0.045903914
-0.0013927318,-0.0024029987,-0.0021896577,-0.0020997094,-0.000966232,-0.0006710578,0.0008810998,0.0017746501,0.030347722,0.067680836,-0.00013006618,-0.008332117
-0.000591706,-0.00057846284,-0.0023330974,-0.0042375107,-0.007536871,-0.004955342,0.0015513134,0.0068740277,0.040319607,-0.104127124,-0.012974197,0.11411986
-0.00079502136,-0.001094309,-0.0022935234,-0.0036286456,-0.005666675,-0.003701518,0.0014255075,0.005425141,0.034836933,-0.054277502,-0.0088839885,0.0791499
-5.618626e-05,0.00020239732,-0.0024026388,-0.0051154,-0.010244964,-0.0064349254,0.0023680741,0.008996924,0.022424249,-0.1670485,-0.014653132,0.16361856
-0.00063600775,-0.0013080761,-0.002287414,-0.003329568,-0.0047603846,-0.0027350453,0.0020423604,0.004749584,0.004585756,-0.02022733,-0.0023689638,0.060987245
-0.0027063156,-0.001520247,-0.0021870912,-0.0034610298,-0.005063279,-0.005868917,-0.0034727836,0.0047672726,0.2308271,-0.10909528,-0.040050186,0.07658416
0.00021844597,-0.0007847163,-0.002354987,-0.0038227066,-0.0063080317,-0.0028164203,0.0039524934,0.0060193725,-0.06440119,-0.03511945,0.0063240407,0.086685196
-0.0011801039,-0.0011997652,-0.0022708997,-0.0035702053,-0.005469725,-0.004076247,0.00045510795,0.0052350443,0.07322551,-0.062998034,-0.014854164,0.077184774
0.00072189333,-0.0006452143,-0.002384662,-0.003901158,-0.0065717804,-0.0023316573,0.005219798,0.006272683,-0.114498176,-0.023911469,0.014103622,0.08937463
0.00081534503,-0.00043683802,-0.0020874797,-0.0036226606,-0.0066240537,-0.0020854308,0.005666087,0.0054973178,-0.11369748,-0.025778696,0.008002546,0.090846814
0.0007940127,-0.00023812283,-0.0024121557,-0.004398637,-0.008095354,-0.0034834058,0.005076168,0.0074433843,-0.10001205,-0.06811424,0.009125571,0.11830493
0.00040957404,-0.00030929968,-0.0023916184,-0.004383132,-0.008029627,-0.003965091,0.0040787472,0.007353545,-0.059779286,-0.08085579,0.00262865,0.11885782
-0.0011078995,-0.0017355774,-0.0022417824,-0.002883299,-0.003374213,-0.0022533026,0.0011037556,0.0036425518,0.034936953,0.004382227,-0.0049906787,0.036584783
0.000820277,-0.0002759652,-0.0024109946,-0.004346055,-0.007935935,-0.003315779,0.005180184,0.007324378,-0.10515048,-0.06219027,0.010241541,0.115118116
0.0006401382,-0.00063667656,-0.0023817155,-0.003927597,-0.006648668,-0.0025087758,0.004987798,0.006322951,-0.1046174,-0.029422589,0.012349381,0.09123793
0.00074071035,-0.00043857278,-0.0018801929,-0.003295093,-0.0062042237,-0.001740962,0.0056992946,0.004632471,-0.10528323,-0.01820347,0.0035111909,0.08372502
0.00016739176,-0.0013084129,-0.0023213816,-0.003174711,-0.004325537,-0.0012581245,0.0042520007,0.0045004524,-0.087835304,0.024041465,0.013554643,0.048838623
0.00073588983,-0.0004386849,-0.0018668042,-0.0032739353,-0.0061771083,-0.0017187123,0.0057014385,0.0045766113,-0.10473976,-0.017714186,0.0032211086,0.083265014
0.000379046,-0.0008492526,-0.0016669637,-0.002560241,-0.004438037,-0.00070545956,0.0052509564,0.0027909481,-0.08673016,0.020232232,0.0002271327,0.052003406
0.0007688469,-9.6609794e-05,-0.0021685115,-0.0043340586,-0.0073529165,-0.0028505665,0.004321493,0.0069652107,-0.08875073,-0.07260437,-0.0067350725,0.12813544
0.00048220725,-0.0010398817,-0.0023508237,-0.003451494,-0.005186319,-0.0015269268,0.0048921797,0.005190145,-0.10901649,0.009596173,0.01556602,0.06388916
-0.00011094097,-0.0014549522,-0.001474838,-0.0016656662,-0.0020795725,0.000616506,0.004572105,0.00057980337,-0.06435032,0.07256594,-0.0018332559,0.00921341
0.000775015,7.788551e-05,-0.0011505659,-0.0030510768,-0.004181555,0.00047366283,0.0038347133,0.0028158387,-0.083129086,-0.031083649,-0.0437905,0.11465132
0.00012072692,-0.0012157669,-0.0016586158,-0.0021904642,-0.0032253342,-8.114701e-05,0.004819888,0.0019030566,-0.07752122,0.047999293,0.0012436126,0.02985368
-0.00042880306,-0.0022016868,-0.0022425242,-0.0021672833,-0.0012187201,0.0004646261,0.0033628102,0.002066868,-0.06925217,0.09692504,0.015800595,-0.0080337925
0.0008865483,-0.00043518323,-0.0022852372,-0.003935168,-0.007024581,-0.0024140636,0.0056344066,0.0063224034,-0.12172487,-0.033005666,0.012287401,0.09764119
0.00092135335,-0.00040175152,-0.0023603777,-0.004122024,-0.0071536377,-0.0025210765,0.005456972,0.006754727,-0.12373025,-0.039168846,0.011747369,0.10413185
0.000577919,-0.00065065874,-0.0018377779,-0.0030220316,-0.00542739,-0.0013177653,0.0054562464,0.003962609,-0.0984364,-0.0007859415,0.0032839933,0.06963538
0.00078063284,-0.00016960193,-0.0022982378,-0.00437164,-0.007757753,-0.0031975799,0.0047167335,0.0072269468,-0.094429255,-0.07057717,0.0016368938,0.12309901
0.00033035706,0.00079761154,-0.0015776234,-0.004925283,-0.0077824127,-0.0036707565,0.0009517484,0.0074754907,0.0128390575,-0.16854903,-0.062246997,0.1982375
-0.0016879465,-0.0011486851,-0.0022524833,-0.003731988,-0.0059398385,-0.005170302,-0.000984372,0.0055415872,0.134493,-0.09700049,-0.025720332,0.08861504
0.00046196714,-0.0009344553,-0.0020686437,-0.003108819,-0.004962574,-0.001225436,0.0050821,0.004260673,-0.10089148,0.012190134,0.009219847,0.06052008
0.0005277907,-0.00012666546,-0.002407586,-0.0045898124,-0.008666816,-0.0043240692,0.004250431,0.007852237,-0.06315563,-0.09595966,0.0020965477,0.13054118
-0.0004089624,-0.0010987492,-0.0023095887,-0.0035488575,-0.0054412964,-0.0029783158,0.0024909019,0.0052928906,-0.009813726,-0.03249867,-0.0011648466,0.072996624
0.0007211428,0.00030357903,-0.0006152382,-0.002701424,-0.0026090075,0.0019014387,0.0027182517,0.0013516454,-0.06423004,-0.030064559,-0.072350524,0.124944784
9.63571e-05,-0.0011746649,-0.0023264082,-0.0033563657,-0.00487722,-0.0018105474,0.003944306,0.0049143434,-0.072180785,0.0043038083,0.010042198,0.05977305
-0.0010488357,-0.0023814188,-0.0022055025,-0.002060711,-0.0008634776,-0.00010739388,0.0018086897,0.0017316747,-0.007997513,0.08405938,0.006344161,-0.011930404
-0.00020501378,-0.00091931,-0.0023289905,-0.0037350445,-0.006019956,-0.0031697252,0.0029010337,0.00575574,-0.023229243,-0.042504728,5.2028452e-05,0.08315061
-0.0014507899,-0.001854751,-0.002220121,-0.0027995186,-0.0031018436,-0.0025072468,0.0002609082,0.0033992196,0.067705184,-0.0003922713,-0.009908981,0.03297143
-0.0024031387,-0.002363175,-0.0021493037,-0.0023439594,-0.0016643534,-0.0026528256,-0.0019309836,0.0022034375,0.14878725,0.007343043,-0.02077672,0.009852154
-0.0019696404,-0.002110564,-0.0021828106,-0.0025779305,-0.002399982,-0.00265338,-0.0009510523,0.0028098186,0.11306495,0.0013154782,-0.01616322,0.021937719
-0.002043501,-0.0020768594,-0.0021817102,-0.002634465,-0.002569207,-0.0028953904,-0.0011824813,0.002931405,0.12344609,-0.006739183,-0.018157113,0.02553768
-0.0018441506,-0.000869384,-0.002262645,-0.00411284,-0.0070961434,-0.0063383463,-0.0016485472,0.0064083226,0.16808835,-0.1386509,-0.033211127,0.1115677
-0.0017498829,-0.0008551504,-0.0022674883,-0.0041126,-0.007099905,-0.0062100803,-0.0014012682,0.0064209225,0.15804274,-0.1351456,-0.031567313,0.11119473
-0.0013158304,-0.00043992553,-0.0023107831,-0.0045507224,-0.008459379,-0.0067226104,-0.0005564078,0.007503669,0.1313566,-0.16038565,-0.02950214,0.135263
-0.0005138009,-0.0010247045,-0.0023096,-0.003662017,-0.0057820706,-0.0034044923,0.0021403972,0.005542257,0.006387704,-0.047032334,-0.0044074515,0.080038704
-0.0019501913,-0.0019489982,-0.0021933347,-0.0027771331,-0.0030096075,-0.0031273395,-0.001033283,0.0032772792,0.119869284,-0.01673273,-0.018320668,0.033557992
-0.0010428547,-0.00094134,-0.0022922235,-0.0038684276,-0.0063875425,-0.004639357,0.00061546796,0.005949963,0.071901396,-0.08602284,-0.016201984,0.09416968
-0.0033778234,-0.0033224784,-0.0019361884,-0.001360628,0.0031119,-0.0012387887,-0.005609409,0.00031476794,0.21150924,0.068404034,-0.031355087,-0.04238474
-0.00303735,-0.0028875289,-0.0020652746,-0.0018149496,0.00037054394,-0.0021236138,-0.003640506,0.0010025641,0.19335566,0.034747757,-0.026522284,-0.018389206
-0.002995677,-0.0029199657,-0.002056552,-0.0017687563,0.0006385742,-0.0019314131,-0.003633414,0.00094106374,0.1870689,0.040970072,-0.025661528,-0.02112665
-0.0018716049,-0.001779441,-0.002206839,-0.0029750052,-0.0036179887,-0.0035178647,-0.00095959735,0.0037498877,0.12031916,-0.03247084,-0.019432154,0.044875048
-0.0035266848,-0.0031531907,-0.0019826344,-0.0015891121,0.0017781317,-0.0021127192,-0.0054889,0.00062528055,0.23650078,0.039728936,-0.03459771,-0.02906831
-0.002442485,-0.0026435577,-0.0021308034,-0.0019993365,-0.000609423,-0.0018405932,-0.0018036625,0.00139393,0.13762237,0.03835607,-0.017143495,-0.01022934
-0.0022500083,-0.0029012035,-0.0020719816,-0.0016541588,0.0012134273,-0.0005938964,-0.0018707445,0.00085950806,0.10300559,0.07998174,-0.012142605,-0.03042343
-0.0020449278,-0.0028930951,-0.0020770694,-0.0016261442,0.0013507588,-0.00023638265,-0.0013779097,0.0008420921,0.08002562,0.09035519,-0.008433786,-0.03278507
-0.0008494913,-0.003057746,-0.0025466331,-0.0016730042,0.0018318213,0.001106675,0.0013402386,0.001827681,-0.06843709,0.15357131,0.034799647,-0.05731408
-0.0008007372,-0.003050565,-0.002466191,-0.0014760315,0.0021332896,0.0012495846,0.001400857,0.0015268871,-0.07402834,0.16042462,0.037388105,-0.06386081
-0.00051423965,-0.002196283,-0.0017337635,-0.0011310915,-4.6268535e-05,0.0011290758,0.003558521,-0.00011890137,-0.06115897,0.12202438,0.016343426,-0.03717973
-0.00063314097,-0.0024456927,-0.0017953524,-0.00090193306,0.001113917,0.0012690689,0.0027183746,-0.0001786045,-0.061379164,0.14021862,0.02401767,-0.05494746
-0.0008240051,-0.0029902183,-0.0022327485,-0.0010787952,0.002602311,0.0013926072,0.0012992118,0.00077734806,-0.06854386,0.16575599,0.036810484,-0.072871946
-0.0011363431,-0.0034151447,-0.0022650168,0.000753038,0.003373216,0.0017382045,0.0011676115,-0.001345823,-0.065285996,0.20619316,0.10901576,-0.17940743
-0.00067499315,-0.00189594,-0.00076573546,0.001019811,0.00053512317,0.002171038,0.0042796466,-0.0042513916,-0.031308986,0.13943549,0.03900433,-0.10473434
-0.001025289,-0.0034389729,-0.0025198092,-0.0002471616,0.0034377608,0.0012804733,0.0007060056,0.0003692886,-0.07574056,0.19616464,0.0849851,-0.13641521
-0.0010223374,-0.003052793,-0.0019162579,0.0007668206,0.0026980124,0.0018368048,0.0018906229,-0.00196708,-0.057394274,0.18969938,0.09083526,-0.15932333
-0.0010229306,-0.0026514567,-0.0012750011,0.001955455,0.0019219771,0.002362566,0.0031687273,-0.0045465794,-0.03878337,0.18458667,0.10173573,-0.18951058
-0.00086959143,-0.0017459826,-8.02611e-05,0.003600009,0.0008948816,0.003211392,0.004628391,-0.008099022,-0.008560747,0.16032282,0.10568614,-0.21591339
-0.0007652105,-0.002185829,-0.0010430791,0.0010551271,0.0010719841,0.0020535076,0.0037157533,-0.0037928384,-0.038106278,0.15320228,0.05546367,-0.123067304
-0.0009245034,-0.0018630311,-0.000161933,0.003705623,0.0010780919,0.003255044,0.0044910097,-0.008129472,-0.009435986,0.16690229,0.11366798,-0.22696112
-0.0009045416,-0.0017978656,-9.314901e-05,0.0037484674,0.0010116877,0.0032858583,0.004556664,-0.008255981,-0.007980614,0.16430373,0.11205834,-0.22553909
-0.00065416255,-0.0011231554,0.0005082432,0.003275361,0.00060150557,0.0036117851,0.004986617,-0.008761111,0.0030276175,0.13182811,0.05583139,-0.16038993
-0.00056078477,-0.00070829975,0.0010134454,0.0036489884,0.00047721484,0.0040906128,0.0052368585,-0.009920807,0.0154137155,0.11804711,0.042312734,-0.15269731
-0.00041683074,-0.0003508407,0.0013000901,0.0030617083,0.00040838157,0.004319201,0.0053365715,-0.0099240495,0.020355247,0.09896234,-0.002934399,-0.09925402
-0.00075016444,-0.0010315912,0.0008773101,0.0044596517,0.001016856,0.0042946097,0.004936181,-0.010652535,0.015555988,0.14142346,0.0814629,-0.20826416
-1.0560781e-05,0.00021463534,0.0016010898,0.004566718,5.193283e-05,0.0027275488,0.004635366,-0.009622281,0.0015160878,0.078915,0.07740932,-0.17057595
-0.00032442537,-0.00027922937,0.0013943606,0.0053501837,0.0004913464,0.0032738687,0.004650074,-0.0106408475,0.007400549,0.10991369,0.11495407,-0.2304347
0.0004211439,0.0007417751,0.0016698395,0.003961981,-0.00084261963,0.0013400969,0.0045664404,-0.007755598,-0.015399558,0.04246863,0.06989802,-0.13136885
-0.0004164685,-0.0002632039,0.0015584807,0.0050740372,0.000835363,0.0040934538,0.00478035,-0.0114113875,0.018841509,0.11186657,0.079997726,-0.2027691
-4.819379e-05,0.00056448235,0.0021313953,0.003343432,0.00017976109,0.0044026347,0.0053411857,-0.01083861,0.028929476,0.061427083,-0.031434856,-0.06468646
0.0008668077,0.0014614607,0.0020268215,0.0028318572,-0.0005102927,0.0010138106,0.003501304,-0.0062033823,-0.022010934,-0.0008685315,0.010617157,-0.042956185
0.000372446,0.0010261982,0.0021358286,0.0029360843,-0.0004749153,0.0028787393,0.005000555,-0.008931631,0.008097684,0.030070886,-0.026072444,-0.03990754
0.0020485644,0.0022079267,0.0012482416,0.0034072541,-0.003565289,-0.0058251694,0.0027927584,0.0005225809,-0.11616467,-0.06327026,0.18056193,-0.12472027
0.001239849,0.001622678,0.0016521687,0.003218304,-0.0022021565,-0.0016882172,0.003915972,-0.003947611,-0.056372877,-0.018541612,0.08631887,-0.08876743
0.0018301825,0.0020543737,0.001367441,0.003337812,-0.003135633,-0.004624546,0.0029840556,-0.0006193427,-0.09884318,-0.05213222,0.15474772,-0.1146696
0.0010549469,0.001332633,0.0015385764,0.0036938507,-0.0017243488,-0.0013508997,0.0037719712,-0.0046295756,-0.054158516,0.0014587421,0.1060945,-0.12250359
0.001134779,0.0016521298,0.001882306,0.002886267,-0.0011731621,-0.00040256116,0.0033000507,-0.004664919,-0.04110529,-0.01687519,0.04398935,-0.056271795
0.0008787511,0.0014182929,0.0019214007,0.0029660573,-0.0012802759,0.00046928463,0.0042156265,-0.0060970504,-0.026411511,-0.00037854086,0.027283251,-0.05670329
0.0015292622,0.0020256685,0.0018491513,0.0027426141,-0.00072345167,-0.001635952,0.0016588832,-0.0025354868,-0.06383011,-0.041441783,0.06465825,-0.051484272
0.0010719526,0.0019688832,0.002610638,0.0019668217,0.004272741,0.0032816862,-0.0017653226,-0.005368349,-0.012953694,-0.02019172,-0.0713986,0.039746314
0.0016483387,0.0020309698,0.0016356745,0.0029916184,-0.0019948608,-0.0030283476,0.0026047337,-0.0019086726,-0.07946514,-0.0447306,0.10081326,-0.076345235
0.0019943372,0.002891636,0.0026250293,0.0014850486,0.0058860253,0.0008781765,-0.0062244586,-0.00032190664,-0.061174177,-0.080560386,-0.035757508,0.062352385
0.0010584234,0.001870389,0.0024451674,0.0021714368,0.0028926225,0.0025450815,-0.0004446068,-0.005281437,-0.016626315,-0.019025726,-0.045233473,0.01668621
0.001350053,0.0023233553,0.002761413,0.0016296612,0.0058709085,0.0032649008,-0.004186308,-0.003915993,-0.022450775,-0.03993868,-0.083291486,0.06612634
0.00040561176,0.0021031813,0.0034944597,0.001360205,0.00646228,0.010210321,-0.0023077521,-0.011114539,0.06394778,-0.014009689,-0.22200225,0.1340719
0.002497545,0.0032437078,0.0023446614,0.0016212995,0.0046922932,-0.0018566613,-0.0065836133,0.0024741911,-0.09887473,-0.108807944,0.026965182,0.03690773
0.0015100782,0.0027448307,0.0031177776,0.0011151439,0.0079703005,0.004759824,-0.006863647,-0.0035456128,-0.015286735,-0.061409537,-0.12840517,0.115323864
0.00044679042,0.002247641,0.0036235908,0.0012148286,0.0072311675,0.010826955,-0.0032220334,-0.011175824,0.06670309,-0.020276757,-0.23891008,0.1509725
0.0019063257,0.0033348028,0.0034196544,0.00055780314,0.010556237,0.005234905,-0.010626544,-0.0017821658,-0.025416972,-0.09277677,-0.15819219,0.16415916
0.0022853734,0.0034200216,0.0030841308,0.0007285493,0.0097991405,0.0023296366,-0.010954562,0.0010939732,-0.060134854,-0.10508226,-0.094260156,0.12991591
0.0016758406,0.002759773,0.00295515,0.0012198482,0.007746043,0.003357002,-0.0070409854,-0.0022870512,-0.03260862,-0.06424145,-0.09945896,0.0990727
0.0022581457,0.003668878,0.0034651754,0.00027901964,0.011791543,0.004442817,-0.012931552,0.00041092443,-0.04242472,-0.11439642,-0.1510413,0.17830542
0.0013719059,0.0028016507,0.0033402462,0.0009243736,0.008547793,0.006411754,-0.007137675,-0.004741841,0.0031749522,-0.06221582,-0.16491732,0.13986352
0.00200984,0.0028169977,0.0024556655,0.0017306175,0.0047934526,-2.6676253e-05,-0.0051191617,-0.00029378245,-0.069985084,-0.0773689,-0.01081759,0.041144263
0.002357171,0.0035222943,0.0031452847,0.0006264758,0.010455949,0.0024127332,-0.011772934,0.001396995,-0.062792204,-0.10932989,-0.10161132,0.14017758
0.0028875147,0.003890958,0.0028432214,0.00076091837,0.009052821,-0.00047613875,-0.012065386,0.00442442,-0.10152869,-0.14039895,-0.033425394,0.111875504
0.002235656,0.0038669088,0.0037350908,-2.0483101e-05,0.012948029,0.006005078,-0.014101676,-0.00022994919,-0.029062396,-0.12266532,-0.19066656,0.21207681
0.0023711906,0.0035157818,0.0031064157,0.00067351246,0.01020048,0.0021828003,-0.011560005,0.0014785009,-0.06508658,-0.10959371,-0.09521436,0.13540594
0.0012847983,0.0031735466,0.0038791678,0.00040999422,0.01082876,0.009668867,-0.009248509,-0.006514133,0.030141085,-0.074718185,-0.2466125,0.20633908
0.0011997821,0.0028708633,0.00360485,0.0007348836,0.009252179,0.008385293,-0.0073882826,-0.0063811336,0.024039138,-0.06148782,-0.20990212,0.16957392
0.0033324047,0.004242466,0.002673701,0.00078846246,0.008644575,-0.0025291275,-0.012979687,0.0068169096,-0.1328348,-0.16544831,0.00932982,0.100181565
0.00047842573,0.0020438908,0.0033550998,0.0014271216,0.005943096,0.009182162,-0.0019867665,-0.01025365,0.054949414,-0.014163383,-0.19932757,0.118963584
0.0016954261,0.0027801648,0.0029685586,0.0011642373,0.007829956,0.0033853196,-0.007246539,-0.002044266,-0.031783104,-0.06688314,-0.09956004,0.10064312
0.0004486019,0.0022622165,0.003641047,0.0011909796,0.007317149,0.010926238,-0.0033330405,-0.011171102,0.06761948,-0.021191671,-0.24102463,0.15296546
0.0014639422,0.0023135308,0.00252441,0.0018728909,0.004202649,0.0018283551,-0.0029597958,-0.0031356614,-0.03592273,-0.045657493,-0.04136471,0.036667492
0.001704979,0.0036325573,0.0040114014,-3.0429612e-05,0.012615821,0.0091320025,-0.012332796,-0.004006692,0.013612921,-0.103496596,-0.24958776,0.23369998
0.002778614,0.0037097568,0.002702467,0.0009972709,0.0077918535,-0.0008606469,-0.0105107725,0.0039063115,-0.10043284,-0.1320162,-0.01597032,0.09053409
0.002965261,0.0035054754,0.0019582692,0.0019120921,0.0026238835,-0.0050057173,-0.0059911013,0.005135577,-0.13819838,-0.13378984,0.10475468,-0.0035735504
0.0009738325,0.0020333398,0.0028067844,0.0017894735,0.004954069,0.004642463,-0.0022120893,-0.006282919,0.001243842,-0.02112349,-0.10339456,0.062363584
0.0024443541,0.003375651,0.002698516,0.0011766064,0.007251088,7.3711108e-06,-0.008917731,0.0020490505,-0.083355755,-0.109659955,-0.029465118,0.08272952
0.0018903454,0.002303212,0.0016946277,0.0027686905,-0.0012822249,-0.0033578505,0.0010805414,-0.0005051959,-0.08855027,-0.06301517,0.103083946,-0.0638688
0.003852412,0.004417889,0.00202385,0.0014160293,0.004756213,-0.00711716,-0.010734804,0.009811843,-0.18521272,-0.18969697,0.12893324,0.026280101
0.00392715,0.0040842504,0.0012411391,0.002407413,-0.0010475249,-0.011105658,-0.005339995,0.010577225,-0.21632354,-0.18607217,0.25281873,-0.076508984
0.002883744,0.0029960854,0.0011392961,0.0030607914,-0.0035420822,-0.008795108,0.00034116695,0.0049253553,-0.16446477,-0.11716721,0.22595307,-0.11364016
0.002081208,0.0023874491,0.0014957165,0.0029605257,-0.0023369836,-0.0048693907,0.0015848619,0.00051696436,-0.10733385,-0.07130226,0.1400571,-0.08524412
0.0040697153,0.004226463,0.0012450811,0.002353184,-0.0006648284,-0.011500771,-0.00608956,0.0112584345,-0.22526532,-0.19369079,0.2567156,-0.0720179
0.0023017665,0.002256378,0.00093156216,0.0038879856,-0.004220966,-0.0076857703,0.0023823408,0.0023190111,-0.14293772,-0.07149396,0.24881281,-0.17394772
0.0031778654,0.003192185,0.00095445587,0.0031466049,-0.0045129606,-0.010464711,0.00033059975,0.0066623623,-0.18575598,-0.13509545,0.26713088,-0.13204077
0.0028557233,0.0030765599,0.0013454342,0.0027887216,-0.0021082833,-0.0077008023,-0.0010081079,0.0047441497,-0.15478744,-0.11874398,0.19389139,-0.087273635
0.0008428718,0.0008273713,0.0011610935,0.0047663692,-0.0016021722,-0.001677223,0.0036030528,-0.0048268256,-0.060776576,0.03037119,0.18007782,-0.21095549
0.0010362886,0.000916997,0.0009964405,0.0049736947,-0.0019320071,-0.0028615426,0.0032403753,-0.0036204094,-0.07833849,0.02227189,0.21658328,-0.23349625
0.0009641429,0.00076212327,0.00090085436,0.0053019635,-0.0016075891,-0.0028657725,0.0029847806,-0.0037956608,-0.08066531,0.03303524,0.23493454,-0.25774145
0.0015898991,0.0020989277,0.0018743859,0.0026799866,-0.0004283201,-0.0016777866,0.0011853292,-0.0022190164,-0.06622405,-0.04559949,0.06319399,-0.04672334
0.0014699404,0.0012681675,0.0008327979,0.0049579036,-0.0025960666,-0.0049189394,0.0026468823,-0.0013281071,-0.108108096,-0.0033648796,0.25644568,-0.24231572
0.0009110751,0.0008499632,0.0010908128,0.0048685158,-0.0017198552,-0.002130265,0.003459426,-0.004377371,-0.06755895,0.027984187,0.19544563,-0.22139384
0.00075809687,0.0008167386,0.0012696309,0.00457856,-0.0015243406,-0.0010556567,0.003869859,-0.005416111,-0.0509033,0.031970248,0.15668023,-0.19345106
0.00014753858,4.341881e-05,0.00113566,0.005525128,-0.00023645404,0.0008012348,0.0038968902,-0.007988057,-0.028911874,0.0851367,0.1747939,-0.25646856
0.00019325608,0.00018142253,0.0012420964,0.0051733935,-0.00067086966,0.00092712697,0.0043194536,-0.007930744,-0.023833433,0.074722186,0.15389548,-0.23105174
0.00033631516,0.000613836,0.0016274288,0.0041669914,-0.0005521551,0.0015338592,0.0044411873,-0.008083928,-0.014171246,0.051663667,0.07722705,-0.14531848
-0.00079288223,-0.0009322255,0.0011423224,0.0051734927,0.0012257242,0.004727455,0.0049424134,-0.011846297,0.02400135,0.14518566,0.09474321,-0.23469126
-0.0005324039,-0.0002958766,0.0016749726,0.004861892,0.000727922,0.0048421505,0.0052851867,-0.012121623,0.032052804,0.11363136,0.054607313,-0.18470278
-0.00069244305,-0.0007074943,0.0013068342,0.004939909,0.0009373955,0.004725314,0.0051428257,-0.011787267,0.026568634,0.13235497,0.07723017,-0.21157928
-0.0006542511,-0.0016173456,-0.00033796224,0.0018581351,0.00023486206,0.0024790522,0.0048200865,-0.0058098584,-0.0204769,0.13572216,0.050173037,-0.12814027
0.00023618915,0.00095503894,0.0022532672,0.0028274928,5.1735857e-05,0.0038334618,0.004863991,-0.00966017,0.020749785,0.036056623,-0.04883674,-0.027665667
-0.00029033292,-0.00011735249,0.0015653224,0.0049196146,0.0005104606,0.003647091,0.004796582,-0.0108302375,0.013628795,0.101239845,0.08053287,-0.19382483
-0.00022818217,2.8113416e-05,0.0015203513,0.002369353,-5.194568e-06,0.0043055997,0.0055631325,-0.009523546,0.022359658,0.075139984,-0.04375204,-0.044755038
-8.2886545e-05,0.00040596136,0.0019686152,0.0037667656,0.0002409569,0.0040585874,0.005138145,-0.010680292,0.022659667,0.07044622,0.001274808,-0.09990054
5.8470796e-06,0.0007047638,0.0020531206,0.002150998,-7.008797e-05,0.0051429546,0.005287861,-0.010215794,0.03175847,0.042491287,-0.0844259,0.002562153
0.0005771705,0.0011760542,0.0020303843,0.0029676573,-0.0009800141,0.0018178989,0.0048463377,-0.0077645844,-0.0061964253,0.017573226,-0.0014209502,-0.04924528
0.00043977334,0.0011836191,0.002305362,0.0026667207,0.0008309411,0.003525714,0.003499638,-0.008611576,0.011125297,0.022960037,-0.04911185,-0.015810473
0.00031442015,0.0012669548,0.0025724492,0.002404756,0.0018638622,0.005337124,0.0027551742,-0.009707043,0.030183118,0.02157684,-0.092286445,0.015150773
0.00016278795,0.0014905009,0.0028038588,0.0010373844,0.0043143188,0.009318735,0.00017961749,-0.010810969,0.055716008,0.0060324646,-0.1996525,0.11502606
0.00012552219,0.00074899377,0.0017385308,0.0007584634,0.0010430403,0.0059080883,0.0031786652,-0.00813695,0.023186654,0.023514202,-0.12419376,0.064327285
0.00032262606,0.0014438971,0.0027799807,0.0021704359,0.0028429609,0.0064571593,0.0017154794,-0.0100979805,0.03849966,0.014242135,-0.1222385,0.041991852
0.00010463932,0.001613069,0.0031937636,0.0017127255,0.0043349722,0.009681671,0.00067964685,-0.012249112,0.06956529,0.010283282,-0.19711,0.096816
0.0004991016,0.00177076,0.002999607,0.0018058195,0.0043588597,0.007148376,-0.00038733418,-0.009380141,0.03863034,-0.0034058958,-0.14706327,0.07418959
0.00020745758,0.00020502316,0.00061297865,-0.00035336,-0.0008699406,0.003517385,0.004120724,-0.0045845304,-0.014319128,0.024478083,-0.0854751,0.062654026
0.0010435381,0.0024966444,0.003315144,0.0011360081,0.0074383374,0.007259924,-0.005095806,-0.0066753607,0.021156415,-0.043740377,-0.17299037,0.12825082
0.00017477371,0.0018032161,0.0033118995,0.001317961,0.0055073756,0.01061739,-0.0008612992,-0.011974802,0.07224968,-0.0009343906,-0.22396937,0.12696385
0.00034167213,0.0016721835,0.003042567,0.0018568595,0.0040928144,0.00785372,0.00033822996,-0.010477454,0.049092475,0.0040261713,-0.15935306,0.07590756
0.00011778735,0.0016149866,0.003204854,0.00182426,0.0042064893,0.009439279,0.00083776866,-0.012236866,0.068406396,0.0110875005,-0.19093351,0.09062439
0.00044892108,0.0026174858,0.004053946,0.00083294953,0.009434554,0.013300552,-0.0055033006,-0.012290081,0.08288007,-0.033235908,-0.30031386,0.20366105
0.0010705034,0.0030571811,0.0039657666,0.0004451372,0.01064358,0.010862916,-0.008553563,-0.007906917,0.047046643,-0.06681562,-0.26474297,0.20977971
0.0012038032,0.002180359,0.0027465334,0.0017159734,0.005358978,0.003624221,-0.003280498,-0.00470493,-0.014112118,-0.031916313,-0.08595501,0.060259033
0.00012285274,0.0014123499,0.0027829874,0.0012830966,0.0037738248,0.00892502,0.00095181883,-0.011100127,0.055612486,0.011878249,-0.18734373,0.099618755
0.00091684615,0.0019410569,0.0027492463,0.0019015381,0.004537452,0.0044890214,-0.0015887754,-0.006589966,0.0013413576,-0.0155184325,-0.09768224,0.05388328
0.00038413788,0.0019371462,0.003323409,0.0015200535,0.005523085,0.009295682,-0.0012934954,-0.010769285,0.05896282,-0.00795927,-0.19803211,0.1123693
0.0010901344,0.0029869054,0.0038565507,0.0005530835,0.010167844,0.010156627,-0.00805644,-0.0076314732,0.040590174,-0.063633464,-0.24957009,0.19766411
0.0008004135,0.0017744644,0.0026829073,0.001994996,0.003823837,0.0044929674,-0.00063099724,-0.0069221333,0.007395321,-0.008793153,-0.09042607,0.04140879
0.0017350843,0.002446367,0.0022665577,0.002107979,0.0028650106,-0.00019229637,-0.002414422,-0.0016733075,-0.06140919,-0.0580786,0.0076390514,0.009432675
0.0015102392,0.0023024247,0.0024168023,0.002008025,0.0035539907,0.0011594143,-0.0024240296,-0.002906793,-0.04326687,-0.04620916,-0.023866933,0.023921171
0.0002805642,0.0013254045,0.0026727053,0.0023353735,0.0022504954,0.005981803,0.0024946656,-0.010240772,0.035335768,0.02093451,-0.10898327,0.027645249
0.0014413823,0.0023847437,0.002705003,0.0016553056,0.0055784644,0.002750814,-0.004197448,-0.0033783508,-0.029048037,-0.045493834,-0.0706748,0.060554203
0.0013858256,0.0022840933,0.0026188127,0.0018071269,0.004892292,0.002467529,-0.0033249205,-0.0036898798,-0.029837415,-0.0401117,-0.060288545,0.04816822
0.0023757163,0.0036244697,0.0032858143,0.00041379646,0.011325283,0.0030993351,-0.012760771,0.0014925182,-0.056938976,-0.11467577,-0.120780885,0.15833844
0.0013206949,0.0020196328,0.0022337735,0.0023325714,0.0017994916,0.0007976723,-0.0001617211,-0.0038132828,-0.03883865,-0.03270631,-0.0027271458,-0.0051386654
0.0030124064,0.0033288603,0.001532225,0.002473032,-0.00039327733,-0.0072289263,-0.0031372372,0.005480618,-0.15716435,-0.13034935,0.17098296,-0.058540363
0.00045986386,0.0015393014,0.002747088,0.0021435658,0.003124005,0.0058573736,0.00108162,-0.009267264,0.028512638,0.008482074,-0.11306642,0.041574046
0.0015105653,0.0024738333,0.0027443282,0.0015697137,0.0059933937,0.0027544792,-0.0048144846,-0.003020804,-0.031393815,-0.050374288,-0.07395413,0.06738223
0.0030399133,0.0031931475,0.0012162152,0.002846396,-0.002891875,-0.008791994,-0.00088662736,0.005898022,-0.16764046,-0.1308842,0.22258112,-0.10106379
0.0025439484,0.0029064307,0.001613224,0.0025980726,-0.0005631186,-0.0055757994,-0.0015134503,0.002892989,-0.12936465,-0.1009227,0.13946368,-0.058356877
0.0016139259,0.0019730309,0.0015901654,0.003070116,-0.002387989,-0.0031583263,0.003098346,-0.0020826268,-0.07932367,-0.041881472,0.10634109,-0.08314283
0.001526798,0.0021384424,0.0020690374,0.0024434838,0.0008766287,-0.0005490808,7.98935e-05,-0.0025996533,-0.055289593,-0.044541053,0.031293895,-0.022578778
0.0009758625,0.0012393201,0.0015265887,0.003787046,-0.0016692104,-0.0010995013,0.003879082,-0.0049557546,-0.050383676,0.0072594667,0.107391,-0.12923336
0.0019892391,0.002514555,0.0019137406,0.0024473534,0.0006251827,-0.0025857291,-0.001029825,-0.00013416854,-0.08729284,-0.07059595,0.07234468,-0.03185
0.0021366319,0.0025609683,0.0017240203,0.0026399274,-0.0004790049,-0.0039234664,-0.00036873677,0.0006848534,-0.10284238,-0.07683714,0.106653206,-0.0532805
0.00021440336,0.00090389536,0.0021990116,0.0029157805,-0.0003513501,0.003633876,0.0053237686,-0.009755484,0.01982457,0.03834675,-0.041275345,-0.035611767
0.0017215378,0.0024858792,0.002366935,0.0019715042,0.0035422456,0.0003459024,-0.0030635314,-0.0017438271,-0.056430597,-0.059156224,-0.0077329488,0.02213923
0.0003359236,0.00038067286,0.0005326624,-0.00078578806,-0.0008471972,0.0037206216,0.003440461,-0.0038356879,-0.02007287,0.008288463,-0.0943167,0.08421058
-0.00017583894,0.0003318507,0.002004937,0.0037657907,0.00037399947,0.004502803,0.0052750898,-0.01117262,0.02915691,0.075819656,-0.0075200596,-0.09772781
-0.0002716399,0.00012309843,0.0017863604,0.0029109756,0.0003131505,0.004765602,0.0055375253,-0.010635871,0.030995674,0.0788173,-0.040277276,-0.06039827
1.831654e-05,0.0011599567,0.0027511134,0.0023858175,0.0018052364,0.007206493,0.0036462836,-0.011944823,0.054316163,0.032051023,-0.12940831,0.03079579
-9.707678e-05,-0.0014925122,-0.00229914,-0.0029943045,-0.0037616508,-0.0011631909,0.0036793519,0.004042642,-0.06771993,0.031267203,0.011211993,0.039254285
0.00040914054,0.00019060192,4.7469766e-05,-0.0013203913,-0.0017590836,0.0026485173,0.0037363155,-0.0020158058,-0.0364935,0.004008431,-0.07550398,0.0845047
0.000650163,-0.00035129683,-0.0014812245,-0.002841305,-0.005252333,-0.00088495103,0.005354138,0.0032261836,-0.090291694,-0.010704282,-0.011208338,0.0805266
0.00037525824,-0.00080225244,-0.0015638248,-0.0024438302,-0.0043853344,-0.0006137959,0.0053239577,0.0024720526,-0.083702095,0.020414438,-0.002164019,0.051315494
0.00066626695,0.00010043343,-0.0020585333,-0.0044856393,-0.0075567295,-0.003134033,0.0036087905,0.0071529485,-0.06571652,-0.09518648,-0.018014057,0.14375274
-0.00039570307,-0.002186146,-0.0022448578,-0.0021804424,-0.0012605074,0.00047640415,0.0034407813,0.0021021862,-0.07218944,0.09690823,0.016211843,-0.0073873047
0.0003228348,-0.0011542568,-0.002337214,-0.0033384648,-0.0048333313,-0.0014588818,0.004549979,0.0049041947,-0.09708688,0.014356921,0.014208352,0.05786025
0.00028386622,-0.00014872951,-0.0023959416,-0.0046089864,-0.008713764,-0.0047025587,0.0035981704,0.007862915,-0.0363356,-0.10677731,-0.00238926,0.13259515
-0.00081389793,-0.0010037096,-0.0022981649,-0.0037460746,-0.006024599,-0.0040220036,0.0012974929,0.005696471,0.042077955,-0.06603775,-0.01068389,0.08611549
-0.0006421537,-5.4601194e-05,-0.0023624185,-0.0049052252,-0.009574776,-0.0067006196,0.00097253645,0.00842478,0.0754371,-0.16889548,-0.022218524,0.15351035
-0.0015923935,-0.0015273627,-0.0022337884,-0.0032379678,-0.004434839,-0.0038001735,-0.0004035095,0.0044023674,0.10231224,-0.04692935,-0.017867256,0.05924971
-0.0017535812,-0.0012431062,-0.0022440373,-0.003626003,-0.005612853,-0.0049930084,-0.0010855542,0.0052851597,0.13675809,-0.089440525,-0.02553474,0.082642965
-0.0011453154,-0.0012212832,-0.0022710802,-0.0035364893,-0.0053683603,-0.0039444547,0.0005688527,0.005161236,0.0680202,-0.05853649,-0.013826237,0.075073056
-0.0008139953,-0.0015330296,-0.002266377,-0.0030812204,-0.0039930227,-0.0023523616,0.0017418532,0.0041453354,0.012468414,-0.00340614,-0.0023551637,0.047085304
-0.00184384,-0.0017170017,-0.002211764,-0.003048099,-0.0038426614,-0.003663837,-0.00093569414,0.003924297,0.12061991,-0.03833112,-0.01986471,0.049060337
-0.0036781775,-0.0020650977,-0.0021132613,-0.002963465,-0.0034965049,-0.0059354235,-0.0056877383,0.003470767,0.31211495,-0.0981236,-0.050731238,0.051073253
-0.002957597,-0.0025376296,-0.0021153719,-0.0022314095,-0.0012939764,-0.0031210287,-0.003309206,0.0018634535,0.20279522,-0.0025370163,-0.029016929,0.005355089
-0.0039100093,-0.0011476636,-0.0021585408,-0.004160409,-0.0071429005,-0.009255496,-0.007095927,0.0062309112,0.3901185,-0.21945101,-0.06976371,0.1222227
-0.005466906,-0.003624181,-0.0018532476,-0.0011706086,0.0034064425,-0.004495004,-0.011312412,-0.0001275962,0.42986983,-0.0067433035,-0.061538696,-0.0405382
-0.004488478,-0.00292317,-0.0020274592,-0.0020414111,-0.0006403427,-0.0047170394,-0.007195291,0.001206469,0.3572931,-0.041192636,-0.053281512,2.7588569e-05
-0.0028831644,-0.0019769755,-0.002152185,-0.0029213321,-0.003405705,-0.004752968,-0.0035754666,0.0034834535,0.22560863,-0.06478427,-0.036366016,0.045574084
-0.0047479942,-0.0031275519,-0.0019734972,-0.001843787,0.0004394809,-0.0045011104,-0.008222037,0.0008547106,0.37686005,-0.030971492,-0.05691714,-0.010107847
-0.0034089636,-0.0032577966,-0.0019542817,-0.001443203,0.002626691,-0.0015242661,-0.0055042906,0.00042949314,0.21812582,0.058872435,-0.032125395,-0.03766052
-0.0039000618,-0.0032438196,-0.0019516572,-0.0015499678,0.0020625768,-0.0024975215,-0.0065932954,0.0005279867,0.27473938,0.03000058,-0.041111745,-0.029793486
-0.0030981407,-0.003388472,-0.0019496032,-0.001257198,0.0037387076,-0.00056555955,-0.0051234886,0.00024249882,0.17626013,0.09055062,-0.024860945,-0.050522223
-0.0053101117,-0.00317981,-0.0019509571,-0.0018848865,0.00027464703,-0.0053757033,-0.009654874,0.00085137924,0.43842238,-0.055779323,-0.06698851,-0.0056239236
-0.0036354358,-0.0026147112,-0.0020820682,-0.0022648869,-0.0013639217,-0.00412307,-0.0051085213,0.0018469337,0.2764427,-0.030732216,-0.04123425,0.009900191
-0.0047312793,-0.0033416883,-0.0019158213,-0.0015632022,0.0019799904,-0.0037596428,-0.008777351,0.00046152156,0.3642239,-0.0037604165,-0.0551987,-0.025352843
-0.003487352,-0.0031408584,-0.0019866948,-0.0015965444,0.0017285473,-0.0020819511,-0.005364957,0.0006402632,0.23260474,0.04041756,-0.033920262,-0.028807439
-0.003724391,-0.0033337385,-0.0019282906,-0.0014108731,0.0028626118,-0.0018515254,-0.0064355857,0.00034835562,0.25045916,0.05057896,-0.03763036,-0.038231995
-0.00282041,-0.004408743,-0.0028463085,-0.001087492,0.00689933,2.2100496e-05,-0.0062679583,0.0018919222,0.08566361,0.17503129,0.032993443,-0.11427507
-0.0029607315,-0.004061828,-0.002382093,-0.0010071596,0.0063557285,0.00020647947,-0.0061185285,0.0008791627,0.12310892,0.15100455,0.0058447015,-0.09298669
-0.003424677,-0.0033593553,-0.0019250019,-0.0013254114,0.0033272651,-0.0011976227,-0.005817621,0.00025919115,0.21509758,0.07026186,-0.032092366,-0.044164907
-0.0038810298,-0.0035589759,-0.0018808686,-0.0010415816,0.004391783,-0.0015884647,-0.0074612596,-0.00016073207,0.2543846,0.07156808,-0.03558531,-0.05560482
-0.0017955388,-0.0037020992,-0.0026014834,-0.0013136397,0.004561649,0.00083897426,-0.0023768146,0.0016047754,0.006530404,0.1674869,0.030145831,-0.08497163
-0.0017191899,-0.0038710705,-0.0027983207,-0.0013241874,0.0049403696,0.00085133215,-0.002456108,0.0020118977,-0.012358296,0.18097249,0.042285476,-0.0956457
-0.0020794778,-0.0041243993,-0.002908056,-0.0012619904,0.0057059857,0.00050704466,-0.0038161941,0.0021769947,0.015004327,0.18307385,0.044351347,-0.10610855
-0.002237444,-0.005173804,-0.004089708,-0.0013980954,0.0075481706,-0.0004910659,-0.005754895,0.004678488,-0.030075058,0.23342757,0.10763211,-0.16462897
-0.0026205746,-0.0054683127,-0.0042399513,-0.0013473721,0.008405194,-0.00089921255,-0.0072509395,0.004943724,-0.0024946476,0.23677714,0.11124616,-0.17668612
-0.0009307422,-0.0034513406,-0.0027264704,-0.0011113033,0.0034796933,0.0009240548,0.00032636154,0.0018132243,-0.084011234,0.18708794,0.06334117,-0.098671414
-0.0011966359,-0.003959462,-0.003011624,-0.00028930014,0.0044118497,0.0012227646,-0.00033442696,0.0012372823,-0.08580808,0.21951978,0.1093606,-0.1639418
-0.0013238624,-0.0042172354,-0.0034360127,-0.001515322,0.0051056095,0.0006406967,-0.0018743891,0.0034781953,-0.08033224,0.21127838,0.08118217,-0.11937835
-0.0014741515,-0.0048181,-0.003992889,-0.0012755865,0.0061510457,0.0005757449,-0.0027754067,0.0041594617,-0.0993363,0.24389945,0.121822946,-0.16613755
-0.0011255979,-0.0041704397,-0.0034885516,-0.0015331082,0.004833271,0.00069170987,-0.0012608297,0.0036139896,-0.101351954,0.21530066,0.087694995,-0.120537885
-0.0010862332,-0.003151449,-0.0019426737,0.001104924,0.0028721262,0.0018936202,0.0018298768,-0.0023241928,-0.05726499,0.19805834,0.10529893,-0.18020046
-0.0009626066,-0.0035377862,-0.0028122643,-0.0012529498,0.0036513114,0.0010316358,0.000111723544,0.0020659447,-0.084200576,0.18930207,0.06176574,-0.096644185
-0.00018466514,-0.0013926271,-0.0011317092,-0.0010114531,-0.0017067868,0.0008743259,0.004883459,-0.00088301767,-0.054326087,0.082512155,-0.0022695365,-0.00696294
-0.0011082712,-0.002457689,-0.0021984086,-0.0019763343,-0.00060281187,2.4027682e-05,0.0017093085,0.0015265229,-0.005429699,0.08981278,0.006366918,-0.01665761
-0.0009675072,-0.0023814607,-0.0022089402,-0.0020450258,-0.0008194287,4.2139138e-05,0.0020323775,0.0017064326,-0.01735379,0.088541634,0.00795623,-0.013160773
-0.00013396624,-0.0017513275,-0.0019930056,-0.0021950128,-0.0021457972,0.00025998984,0.004131054,0.0020449348,-0.07806342,0.07612469,0.010247989,0.009222639
-0.0024532103,-0.0026200265,-0.0021317638,-0.0020309559,-0.0007055292,-0.0019345306,-0.0018529247,0.001466203,0.14017275,0.03498101,-0.017726336,-0.008332295
-0.0008484086,-0.002364879,-0.0022149745,-0.0020429594,-0.0008187988,0.00020861777,0.002345973,0.0017182382,-0.0301239,0.09313615,0.010055068,-0.013735349
-0.0012968238,-0.0031266352,-0.0024296595,-0.0015890814,0.0022232723,0.0007769193,4.82003e-05,0.0015148239,-0.019929314,0.14128585,0.023053112,-0.056150526
-0.0011797624,-0.0022996163,-0.0022048745,-0.00218863,-0.0012481051,-0.0006059668,0.0013799251,0.0020118342,0.011638555,0.067171514,0.0024625813,-0.003922612
0.00030080587,-0.00084671134,-0.0023547485,-0.0037290035,-0.0060256366,-0.0024695504,0.0042310604,0.0058122585,-0.077343,-0.023249168,0.008931588,0.08087087
0.00047272482,-0.00036741138,-0.0010216766,-0.0020341561,-0.0044886614,-0.00020492493,0.0056789783,0.0011379798,-0.071745835,0.0077179545,-0.018506583,0.06092407
0.0009056417,-0.000267327,-0.0020448512,-0.003959167,-0.0060800137,-0.0015794971,0.004656553,0.0059768194,-0.113877654,-0.038347952,-0.006649088,0.112128794
0.0005804406,-0.00081621046,-0.0021705243,-0.0033840504,-0.0055519976,-0.001590299,0.0052043027,0.0049590226,-0.10786861,-0.00033062953,0.011043748,0.071024306
0.00078918185,-0.00043744623,-0.002014815,-0.0035078314,-0.0064768814,-0.001964678,0.0056777275,0.005194146,-0.11074785,-0.023123201,0.006428115,0.088350266
-0.00053090166,-0.0014562587,-0.002282964,-0.0031232336,-0.004134911,-0.0020744994,0.0024558774,0.0042828713,-0.015795238,0.0030941477,0.0020457264,0.048474263
0.000363491,-0.0010810517,-0.0020789825,-0.00298242,-0.004504852,-0.0009982656,0.0049073584,0.003962336,-0.09776054,0.02280499,0.00992314,0.052123833
0.00037575298,0.000514883,-0.0020809732,-0.005071761,-0.009355183,-0.0050192876,0.0024839514,0.008492534,-0.00912829,-0.16075863,-0.029777985,0.17873658
0.0006425728,-0.000440854,-0.00160763,-0.0028643727,-0.0056521883,-0.0012880168,0.0057429587,0.0034952785,-0.09421929,-0.008242755,-0.0023945286,0.074360505
0.000634269,-7.962124e-06,-0.002419218,-0.0047184457,-0.00906496,-0.0045029353,0.0044435365,0.008167208,-0.06875949,-0.10414453,0.0023380932,0.13768743
0.00021583759,-0.0006995938,-0.0023599875,-0.003930129,-0.006636155,-0.0030897423,0.0038738186,0.006269629,-0.059337772,-0.04533599,0.004932653,0.09300142
-0.00019591484,-0.0010403105,-0.0023221103,-0.0035813088,-0.005550624,-0.0027712963,0.0030276957,0.0053983405,-0.031046923,-0.027685262,0.0021366854,0.07409084
0.00071628526,3.568679e-05,-0.0020392993,-0.0043775067,-0.007190871,-0.0027596168,0.0037613208,0.0068851206,-0.07506141,-0.08382234,-0.016917491,0.13815512
0.0006570615,0.00017548482,-0.001915259,-0.004436583,-0.0070870975,-0.0027269972,0.0031878192,0.006847011,-0.060194995,-0.09656655,-0.027088244,0.14884807
0.00070013345,-0.00010286015,-0.0024163064,-0.0045865863,-0.008665181,-0.004082573,0.0047043776,0.0078687705,-0.08164532,-0.08928884,0.0051366584,0.1296958
-2.5576182e-05,0.00019143533,-0.0024032756,-0.005095747,-0.010186371,-0.0063441135,0.002461461,0.008955347,0.018290233,-0.16406617,-0.013874123,0.16234833
-6.392136e-05,0.0017124476,-0.0007887133,-0.005335901,-0.0072264452,-0.0035731543,-0.0027676115,0.0073110415,0.110856205,-0.2535716,-0.12772928,0.26840398
-0.0006728318,-0.00022405162,-0.0023509467,-0.004698277,-0.008940946,-0.0062224152,0.0010305105,0.007937678,0.06948304,-0.15053247,-0.020159489,0.1414781
-0.00011507773,0.0013405447,-0.0018271913,-0.0059250193,-0.011326855,-0.0072588553,-0.00019711565,0.010050023,0.09403221,-0.270131,-0.06728142,0.24591933
-0.00028822725,0.001300314,-0.0024585878,-0.0065362887,-0.0145410765,-0.010309917,0.0007770196,0.012263753,0.110230185,-0.30937955,-0.03696906,0.24833933
8.005323e-05,-0.000660317,-0.002356602,-0.004005566,-0.0068601836,-0.0034630867,0.003467416,0.0064266697,-0.041522708,-0.05745907,0.0016240968,0.09794675
0.0004351892,0.00027887506,-0.0024280187,-0.0051170085,-0.010273328,-0.005773521,0.0036551212,0.009069271,-0.029811112,-0.14904717,-0.006120826,0.16184284
0.00052633876,-0.00032231043,-0.0023957768,-0.0043443446,-0.007916677,-0.0037095454,0.0044107814,0.0072793476,-0.07393696,-0.072887965,0.005146951,0.116136365
0.00058569666,6.202164e-05,-0.0024213656,-0.0048156893,-0.009359784,-0.00481294,0.004251174,0.008387301,-0.059256706,-0.115100116,0.000274256,0.143581
0.00040944136,0.00057510537,-0.0018265722,-0.0048855264,-0.0082256915,-0.00398439,0.001940532,0.0077279517,-0.009170131,-0.15193473,-0.043630753,0.18165186
0.00069274975,0.0003067548,-0.0014888556,-0.0041655973,-0.0053167045,-0.0011220255,0.0021922486,0.005657417,-0.05617645,-0.08645856,-0.05124527,0.15628082
0.00016058469,0.00067452877,-0.0024401585,-0.00566677,-0.011940114,-0.0075261244,0.0025676044,0.010313548,0.023913037,-0.21098444,-0.017788736,0.19516204
0.00045106327,0.0002740135,-0.0023854366,-0.0050655566,-0.010023801,-0.0055364403,0.0036059062,0.008896009,-0.031832278,-0.1452638,-0.007977302,0.16107638
0.00010936606,-0.0013128261,-0.002318663,-0.0031803222,-0.004339912,-0.0013507969,0.004096136,0.0045054443,-0.08140848,0.021369236,0.012474393,0.049388852
0.0005392079,0.00012900312,-0.0024234205,-0.004908761,-0.009641958,-0.005109644,0.004067066,0.008597947,-0.05016156,-0.12558565,-0.0017010435,0.14922169
-0.00012727172,-0.0012316962,-0.0023135229,-0.0033277166,-0.004779006,-0.002041441,0.0033772304,0.0048162816,-0.04965183,-0.001258685,0.00650887,0.058942314
0.0008763037,-0.00043542124,-0.002256784,-0.0038902042,-0.0069669536,-0.0023667812,0.0056389645,0.0062036896,-0.12056988,-0.03196585,0.011670919,0.09666362
0.00021648857,-0.0013160856,-0.002322999,-0.0031556364,-0.0042695925,-0.0011437306,0.0043934616,0.0044628084,-0.09391148,0.027652275,0.014648194,0.04753196
0.0005854821,9.6293224e-05,-0.0023423987,-0.0047790245,-0.009072236,-0.004558282,0.004038973,0.008197183,-0.05716968,-0.11476577,-0.004507617,0.14579375
-3.147352e-06,-0.0016518051,-0.0022935495,-0.002776163,-0.0030995659,-0.0004881261,0.004071466,0.003546823,-0.08743715,0.055288143,0.015580107,0.026090702
6.473477e-05,-0.0009398152,-0.00095776987,-0.0013571793,-0.0027255106,0.00061405543,0.005264708,-0.00036497193,-0.05589392,0.052491605,-0.014862671,0.022588419
-0.001369908,-0.002211062,-0.0022021479,-0.0023364117,-0.0016906052,-0.001234626,0.0007826365,0.0023300704,0.038463462,0.04622451,-0.0026986017,0.0054767355
-0.0006950944,-0.0025569203,-0.0017739595,-0.00065901503,0.001803183,0.001320866,0.002281556,-0.00039774366,-0.06093476,0.15105994,0.029466871,-0.06776928
-0.0019325512,-0.0030268678,-0.0021376282,-0.0015363859,0.0020473215,0.00015571437,-0.0014027678,0.00087897317,0.06000938,0.108283974,-0.001893822,-0.04259716
-0.00034758775,-0.0013804706,-0.0006599822,3.5259363e-05,-0.0009107502,0.0015467197,0.0050523356,-0.00307925,-0.03703888,0.10077314,0.0025400193,-0.039846834
-0.0005701303,-0.0015603028,-0.00042771065,0.0011852745,-1.5596663e-05,0.0022213957,0.004885676,-0.0049378574,-0.024639547,0.12583303,0.02823867,-0.09384996
-0.0010385122,-0.0031093804,-0.0025114971,-0.0016299166,0.002080829,0.0009848496,0.0007503537,0.0017171516,-0.04919338,0.15015315,0.030774828,-0.058178734
-0.0006600304,-0.002442521,-0.0016758825,-0.0006610545,0.0015061174,0.0013659673,0.0025631427,-0.0005916275,-0.05839182,0.14524484,0.02452434,-0.061850205
-0.0007636273,-0.002818235,-0.0020524627,-0.00078777235,0.0022926624,0.0011998924,0.0017112113,0.00024686498,-0.0677473,0.16162969,0.039531123,-0.07697089
-0.00069840165,-0.001770879,-0.0005068107,0.0017201367,0.00038576673,0.0023996,0.004660456,-0.005462113,-0.02408374,0.14143337,0.05283768,-0.12976712
-0.0004893791,-0.0009102521,0.00051193574,0.002456193,9.725052e-06,0.0032398475,0.005273248,-0.007749105,-0.0003115402,0.11219095,0.025651356,-0.11274238
-0.0007922538,-0.0022639474,-0.0011101642,0.0011227034,0.0012139571,0.0020098877,0.0035848625,-0.0037414455,-0.039965782,0.15759367,0.061841886,-0.13071693
-0.00075307634,-0.0019478406,-0.0006922019,0.0015794846,0.00061872066,0.0023657482,0.0044052973,-0.005073961,-0.027565159,0.14808616,0.056346506,-0.13267498
-0.0001501957,-0.000100058875,0.0010806038,0.0015798087,-0.00047186742,0.0036695425,0.0054532452,-0.007826844,0.007219893,0.06831171,-0.045158017,-0.023827448
-0.000939177,-0.0031311845,-0.0022019518,-0.00013539073,0.0028617908,0.0013989039,0.0013607829,-0.00031915895,-0.06820886,0.18327719,0.07219966,-0.12382976
-0.0010700785,-0.0020574143,-0.00017573287,0.004449801,0.0015440094,0.003569093,0.0042471867,-0.008969612,-0.006355937,0.1839019,0.14326057,-0.27176785
-0.0007507349,-0.0027866568,-0.0020219865,-0.0007225316,0.0022286507,0.0011404792,0.0017931546,0.00014916959,-0.06795948,0.16099565,0.040775046,-0.07840253
-0.00036922537,-0.00017240059,0.001501685,0.0031789113,0.00030245475,0.004477039,0.0054659825,-0.010327647,0.025092306,0.092256956,-0.009013481,-0.09450004
-0.000362277,4.9931412e-05,0.0018983419,0.0041956045,0.0006566157,0.0048751147,0.005287665,-0.0118126245,0.03331658,0.09376622,0.01146524,-0.13004257
-0.0010196976,-0.0023637894,-0.000821114,0.002762835,0.001417471,0.00276391,0.0039992337,-0.006306829,-0.025427673,0.18030868,0.108369686,-0.20934667
-0.0005965249,-0.0009886521,0.0006179526,0.0033712983,0.00024652868,0.003533317,0.0052234083,-0.008832935,0.0050451653,0.124643415,0.058328386,-0.16122025
-0.00048619625,-0.00046653836,0.0012535995,0.003319602,0.0006502367,0.004419989,0.005201022,-0.010192116,0.020479077,0.10745024,0.008713725,-0.1167874
-0.00042722048,-0.00026056863,0.0015740455,0.005030658,0.0007424412,0.004173216,0.0049052075,-0.011473598,0.020792792,0.111193225,0.07670485,-0.19987096
-0.000523926,-0.00021490233,0.0017890121,0.0046540573,0.0012071113,0.005161704,0.0050120875,-0.012382216,0.03428032,0.11238408,0.031253185,-0.1624352
-0.00029957152,-0.00017090494,0.0015096626,0.005074598,0.00061292754,0.0035234273,0.00465125,-0.010777513,0.010844642,0.10480027,0.09172154,-0.20597565
-0.00023421746,0.00015974726,0.0018609368,0.0041761496,0.00053692475,0.004302336,0.0050617214,-0.01116891,0.02460542,0.08636563,0.020976644,-0.13064948
0.00088557275,0.00147948,0.0020267267,0.0028320733,-0.00042953985,0.00094953773,0.0033932542,-0.0061419625,-0.023659877,-0.0013608958,0.01083285,-0.042223502
-0.0006020133,-0.0016918883,-0.0005792434,0.0010637476,0.00014935987,0.0021228658,0.004692375,-0.004582913,-0.02840821,0.13066247,0.03118008,-0.095452204
-0.0004596109,-0.00062356616,0.0009365006,0.002993905,0.00010001722,0.0037633877,0.0053872406,-0.009021337,0.0111046005,0.10638242,0.02198881,-0.11906737
0.00038844428,0.0010445613,0.0021413257,0.0029268367,-0.00037464578,0.0028529007,0.0048728203,-0.008873956,0.0070112715,0.029449778,-0.026655136,-0.038582265
-0.0003240662,-0.00034237947,0.0011116861,0.0022834183,-4.7326103e-06,0.0038486994,0.0054647224,-0.008698164,0.013069607,0.088912256,-0.021276746,-0.0651253
-6.233141e-05,0.00024679207,0.0017126951,0.0043142755,-9.791356e-05,0.0032300814,0.005031054,-0.010039741,0.010935991,0.07656536,0.053949073,-0.15003899
0.00074373087,0.0016896847,0.0026369975,0.0020850322,0.0034504423,0.0044067353,-7.312098e-05,-0.0072059697,0.008388039,-0.003935667,-0.0860498,0.034232233
0.00043923562,0.001509504,0.0027342057,0.0021639068,0.0029955304,0.0058507216,0.0012589862,-0.009336701,0.029418938,0.009808335,-0.11171432,0.039274372
0.00048504127,0.0012167762,0.0022827552,0.002673423,0.00073202566,0.0032953531,0.0034526195,-0.008352008,0.007970284,0.020227617,-0.0437463,-0.017822685
0.0003660297,0.0010941146,0.00227364,0.0027420346,0.00045237935,0.0035747276,0.0040878262,-0.008986362,0.014152866,0.027857747,-0.047039427,-0.021813747
0.00025613751,0.0013728032,0.0027618243,0.002233142,0.0025648898,0.006554404,0.002196239,-0.010489314,0.041335076,0.018623963,-0.12217614,0.038080376
0.0002595722,0.00096907973,0.0022382166,0.002858309,9.773006e-05,0.0036656014,0.0048158257,-0.009624414,0.017425237,0.03644542,-0.04691676,-0.02837293
0.00046184438,0.00028407105,4.863036e-05,-0.0014810526,-0.0016595369,0.002829602,0.0033824195,-0.0018013187,-0.037781943,-0.003021734,-0.08115918,0.0944768
0.00075642386,0.0025533587,0.0036827459,0.0009249422,0.008353475,0.010210167,-0.005291945,-0.00923219,0.053033028,-0.040307842,-0.23566917,0.16647483
0.00034223218,0.0014264054,0.002223302,-0.000108198874,0.0040715486,0.008714419,-0.00082421,-0.008041165,0.03413251,-0.011898613,-0.1996674,0.14600167
-0.0001278014,0.00054405065,0.002217818,0.0031982427,0.00021296981,0.0049398006,0.0056046075,-0.011355532,0.037679818,0.06322467,-0.050226137,-0.051291693
0.00036427611,0.002038686,0.0034629682,0.001406422,0.0061768712,0.010164798,-0.0019234559,-0.0112396935,0.06554078,-0.011176676,-0.21847467,0.12875617
0.0011269781,0.002151519,0.0027930404,0.0017061408,0.0053385645,0.0041121803,-0.0030543024,-0.005261504,-0.0076221516,-0.029386153,-0.09542474,0.06423397
0.0011839948,0.002964266,0.0037410976,0.00057839276,0.0098216,0.009203789,-0.007986353,-0.0066670887,0.031629995,-0.06591876,-0.22932477,0.18592438
0.001200491,0.0018629546,0.00216235,0.0024900788,0.0010803902,0.00076961395,0.0009230802,-0.0044536823,-0.035195474,-0.023829546,0.0031657815,-0.017254235
0.0006363595,0.0024439676,0.003667119,0.0010419358,0.007968126,0.010484744,-0.0045142337,-0.010065061,0.058062732,-0.03230715,-0.23845875,0.16165656
0.0015851008,0.002618434,0.0028784513,0.0013428591,0.007060023,0.0032224122,-0.0061232587,-0.0026162104,-0.029771255,-0.057708498,-0.090810485,0.0865059
0.0007430671,0.0016078536,0.0025390815,0.0021811638,0.002955175,0.0038807471,0.0004073913,-0.0069425097,0.005015484,-0.0013887484,-0.071173884,0.021292696
0.0006106862,0.002059023,0.0032423942,0.001446608,0.0057782475,0.008164661,-0.0022257804,-0.009076995,0.043753117,-0.018540053,-0.17737715,0.10758571
0.0022742988,0.0030775897,0.002451101,0.0015943404,0.0051390007,-0.000744264,-0.0063135196,0.0011987456,-0.08345325,-0.09531935,0.0013156697,0.04613909
0.002802749,0.0032286027,0.001737374,0.0022931297,0.0007353068,-0.005651996,-0.0036213694,0.004306037,-0.13790818,-0.12007972,0.13163474,-0.03638873
0.002458156,0.0030422697,0.0020364893,0.0020770952,0.002460489,-0.003286435,-0.004200412,0.0022637937,-0.10961836,-0.10050849,0.07106503,-0.00405012
0.002172208,0.0027688025,0.0020539183,0.0021771472,0.002016259,-0.002406236,-0.002935215,0.0007788222,-0.092496835,-0.083610855,0.057865966,-0.008837261
0.0018127679,0.002660923,0.002528763,0.001709463,0.0048972615,0.0008895132,-0.0046749385,-0.0013022404,-0.055389844,-0.06714185,-0.028755814,0.045662936
0.0028634288,0.003223662,0.0016117431,0.0024225998,-0.0001447901,-0.0064152973,-0.0029741514,0.0047183465,-0.14511351,-0.12307796,0.1538305,-0.051973682
0.0034289795,0.00418321,0.0023763243,0.0011334756,0.006564484,-0.0042309375,-0.011257275,0.0074700173,-0.14843276,-0.16832426,0.05904275,0.062745385
0.0037545718,0.004236575,0.0018618561,0.001675131,0.0033545224,-0.0076346574,-0.009077237,0.009362326,-0.18546438,-0.18177618,0.15009801,0.0023649654
0.0034000194,0.0036870632,0.0014818604,0.0023477208,-0.0001264159,-0.008516216,-0.0046031973,0.007613913,-0.17959149,-0.15487516,0.19448914,-0.056467757
0.002346797,0.002367185,0.0010206394,0.003656643,-0.0041273106,-0.007585675,0.0023275705,0.0023248307,-0.14180681,-0.07704625,0.23123294,-0.15370645
0.004422571,0.004479415,0.0010594972,0.0024284562,-0.0014494903,-0.013356948,-0.006409989,0.013239316,-0.25092053,-0.2140636,0.29934424,-0.08858774
0.0029326805,0.0027990977,0.00073822064,0.003753741,-0.0051924763,-0.010496896,0.0015106716,0.005664491,-0.18295667,-0.111641504,0.2994461,-0.17920722
0.0024897866,0.0027892403,0.0014906955,0.002779576,-0.0016151346,-0.0060140127,-0.00034376772,0.002681374,-0.13029212,-0.09657457,0.15655729,-0.07615493
0.0028717367,0.003295883,0.0017359976,0.002268209,0.0008796041,-0.0058548325,-0.003953613,0.004650223,-0.14214286,-0.123961285,0.13420676,-0.034756053
0.0033771761,0.0037129158,0.0015743178,0.002231642,0.0005041637,-0.007998973,-0.0051615634,0.0074728867,-0.17476292,-0.1548505,0.17963946,-0.04484511
0.0025158015,0.0030463135,0.0019314967,0.0021595086,0.0016169226,-0.0039112614,-0.0036448897,0.0027435503,-0.114470586,-0.10518335,0.09123486,-0.017680863
0.0027886229,0.0029253885,0.0011832867,0.0030374299,-0.0034351621,-0.008308322,0.000495249,0.0044420613,-0.15700057,-0.11245659,0.21605253,-0.11035499
0.004002448,0.0046225935,0.0021279948,0.0011768001,0.005644678,-0.0069770236,-0.012150294,0.010704212,-0.18766189,-0.20270327,0.12063544,0.042621516
0.0027859518,0.0032751749,0.0018584119,0.002139392,0.0016078777,-0.0050168256,-0.004424396,0.0041723065,-0.13260986,-0.12053368,0.11244531,-0.020715445
0.0018368985,0.0023292894,0.0018472815,0.0026021376,-0.00017468067,-0.002486098,0.00019635697,-0.0008991852,-0.08093162,-0.06062349,0.07689002,-0.044444356
0.003388263,0.0034723703,0.0010925336,0.0028685867,-0.0030759799,-0.010373457,-0.0016955967,0.007712668,-0.1927013,-0.14963253,0.25391126,-0.10858431
0.0026635441,0.003403546,0.0023356313,0.0015528501,0.0049105966,-0.0023496822,-0.007307106,0.0033746914,-0.10816117,-0.11931687,0.034994695,0.039526884
0.002819713,0.0033411211,0.0019213964,0.0020460216,0.0021738266,-0.004811558,-0.0050597545,0.004300881,-0.13264546,-0.12293209,0.103727914,-0.01133478
0.0027779385,0.003211659,0.0017510371,0.0022780306,0.0007469763,-0.0055057337,-0.003584246,0.004205686,-0.13546346,-0.11934642,0.12908149,-0.03544892
0.0037171838,0.004300186,0.0020553686,0.0014414613,0.004768969,-0.006600625,-0.010325895,0.009061034,-0.17690781,-0.18128826,0.11857663,0.027420223
0.002891949,0.0033242172,0.0017521121,0.002238911,0.0010454113,-0.0058339145,-0.0041716443,0.0047447886,-0.14279078,-0.12529978,0.13242763,-0.032082833
0.0024472238,0.0029478066,0.0018747199,0.002283706,0.001156303,-0.0040236805,-0.0029364577,0.00232768,-0.11386169,-0.09892403,0.09627665,-0.026279347
0.0022670594,0.0029901552,0.0022957583,0.0017903721,0.0038880073,-0.0014599125,-0.0051135966,0.0012811485,-0.08764945,-0.09406717,0.025703475,0.024840962
0.0016272805,0.0024545707,0.00248602,0.0018592279,0.004273831,0.0011792801,-0.0034866713,-0.0023011165,-0.047110282,-0.05453053,-0.02980205,0.035815585
0.002054979,0.0030106432,0.0027396234,0.0013189978,0.0069328127,0.0012488633,-0.0073840246,-0.0001072319,-0.06143403,-0.08460866,-0.05185575,0.07951927
0.0012042004,0.0019985773,0.0024168675,0.0021650998,0.0030745622,0.0019752057,-0.0009876891,-0.004598992,-0.027346838,-0.025955832,-0.036654275,0.01718917
0.0017991799,0.002665166,0.0025628032,0.0016716936,0.005133656,0.0010904665,-0.004861105,-0.0013928491,-0.053501733,-0.06661245,-0.034577474,0.049906865
0.0015491013,0.001997171,0.0017599941,0.0028797186,-0.0012063112,-0.0021630395,0.0021565594,-0.0025163563,-0.07002769,-0.039470557,0.07744684,-0.061919514
0.0013191664,0.0022895162,0.002753771,0.0016415737,0.005689743,0.0033300845,-0.003955476,-0.004022328,-0.02014617,-0.03888834,-0.0825635,0.06394838
0.00043217183,0.002492752,0.003923698,0.00096267404,0.008727054,0.012600631,-0.0047192248,-0.012071726,0.07872279,-0.028290609,-0.28241697,0.18733302
0.0016445756,0.0021780082,0.0019222039,0.0025911916,3.08893e-05,-0.0015950925,0.00057294837,-0.0019477666,-0.067555785,-0.049572855,0.05796752,-0.039063916
0.0017070494,0.0027735385,0.0029417376,0.0011790612,0.0076341718,0.0032292865,-0.0071223485,-0.001892361,-0.032679915,-0.06785043,-0.09441119,0.09702467
0.00019926058,0.0008615552,0.0021594013,0.003004771,-0.00046311706,0.0035689315,0.0053979466,-0.009726089,0.019449098,0.039963897,-0.03335986,-0.044146396
0.0010250569,0.0019380065,0.0026386983,0.0019355885,0.004313033,0.0035686165,-0.0017120867,-0.005560115,-0.008272073,-0.018811034,-0.07658441,0.041829415
-0.00042253867,-0.0008277378,0.0005052243,0.0020529113,-0.00017882613,0.0031052644,0.0053546843,-0.0072954735,-0.0019298085,0.10419629,0.0098638255,-0.08931356
-6.577167e-05,-0.0012694577,-0.0012358343,-0.0014468681,-0.0022220397,0.0006739764,0.0048557385,-5.4710545e-06,-0.059499457,0.06755699,-0.0066559613,0.011076616
0.0018186205,0.0027350963,0.0026598966,0.0015333885,0.0058955043,0.0015095505,-0.0056638797,-0.0013265021,-0.0510958,-0.06900708,-0.048711557,0.06327009
0.0003151566,0.0014851795,0.0028472596,0.0020713026,0.0030938745,0.0068634786,0.0014117265,-0.0101381885,0.043131717,0.011301403,-0.13119438,0.04980481
-0.0003355041,-0.00072677137,0.00046073494,0.0013576492,-0.00021837946,0.0030444977,0.005258937,-0.006631368,-0.0055482597,0.09373162,-0.01921348,-0.048881583
0.00014333379,0.00015131183,0.0006896019,-1.5570462e-05,-0.0011018309,0.0033913862,0.004745588,-0.005260501,-0.010956558,0.032363463,-0.0788731,0.04839101
0.001782446,0.002563662,0.0023986958,0.0018854288,0.0038084076,0.00035584366,-0.0035550196,-0.001364649,-0.057598203,-0.06453617,-0.009311391,0.027274411
0.0008889558,0.0016669086,0.0023772824,0.0023449133,0.0020980262,0.0026720595,0.0008554297,-0.0061754584,-0.009975988,-0.0072869943,-0.041663434,0.0037981344
0.00050448696,0.0017311787,0.0029420473,0.0018778004,0.0041245115,0.0068097115,-0.00013364741,-0.009283176,0.035351943,-0.0013501521,-0.1389188,0.06718722
0.00060750445,0.0011112745,0.0018981734,0.0032551365,-0.0010292487,0.0013243733,0.004639969,-0.007368304,-0.014169909,0.020499455,0.026021034,-0.07450162
-0.0005131736,-0.0006562347,0.0009924816,0.0031696642,0.00049432006,0.004051866,0.0051958687,-0.009499154,0.013712912,0.11222866,0.020909322,-0.12448278
0.00071181025,0.0011804344,0.001836193,0.0032971788,-0.0012448407,0.0007617238,0.0045140036,-0.006764113,-0.022104787,0.014783344,0.040249385,-0.08107066
-0.0012495443,-0.0027680914,-0.001016042,0.0034900282,0.0021948535,0.0031426384,0.003464959,-0.0069296993,-0.024583766,0.20677546,0.14582025,-0.2643668
-0.00016706591,0.00038924514,0.0020680518,0.00360014,0.00031763618,0.0046516317,0.0053920494,-0.011249084,0.032059297,0.07235667,-0.02025604,-0.084219046
0.00060011935,0.00095958996,0.0017028864,0.0037239254,-0.0010549003,0.00078464125,0.004407588,-0.007015314,-0.023132768,0.028423013,0.065791555,-0.11466634
-7.475913e-05,9.09684e-05,0.0015298722,0.0048032743,0.00018942691,0.0027575428,0.0045572976,-0.009781629,0.0010212756,0.086764604,0.09097567,-0.18886875
0.0003078233,0.0006662323,0.0017438042,0.0039310055,-0.00040244838,0.0019791261,0.0045351097,-0.008457062,-0.007678914,0.050032426,0.053003047,-0.12350211
-0.00023560152,3.3711996e-05,0.0016874553,0.0045700483,0.00038705257,0.0037990054,0.0049535283,-0.010813193,0.017091876,0.09208797,0.056432035,-0.16567567
6.88145e-05,0.00043211767,0.0017743565,0.004061766,-0.00017570928,0.0029346717,0.004899549,-0.009582444,0.0066390093,0.065412454,0.04326423,-0.13039255
-0.00064342906,-0.0006049227,0.0014212448,0.0055748383,0.00090773095,0.0045137564,0.005019279,-0.012133542,0.025154714,0.13187827,0.104745574,-0.24281098
-0.0008343377,-0.0013456498,0.00053178077,0.0045666397,0.0009250898,0.0038883178,0.0048817,-0.010053229,0.0076493183,0.15359692,0.11029492,-0.23664065
-0.00024896805,0.00020159801,0.0019417187,0.004007593,0.00063298765,0.004593052,0.0051228,-0.011405022,0.028860735,0.08486038,0.004236424,-0.11522018
-0.0003744552,-0.00013935743,0.0016618686,0.004778322,0.0007115159,0.004236741,0.004939246,-0.011412551,0.0221443,0.10423489,0.05954217,-0.1791064
-0.00067625294,-0.0015036137,-9.09152e-05,0.0025204702,0.0002909523,0.0027912438,0.0049125073,-0.0068480456,-0.013136322,0.13744505,0.06417668,-0.15299156
-0.0007294394,-0.0013392905,0.00031303917,0.0036823233,0.00044382128,0.003353546,0.005024114,-0.008637263,-0.0005771916,0.14207986,0.090121694,-0.19842945
-0.00082822493,-0.0015563945,0.00015680719,0.0038686693,0.000786896,0.0033809808,0.0048018633,-0.008712347,-0.00314329,0.1547923,0.103893474,-0.21764325
-1.9988192e-05,0.00027057825,0.0016914112,0.0043632505,9.2118506e-05,0.0030244442,0.0047462555,-0.009845329,0.006254582,0.07626768,0.058820505,-0.1527537
-0.0005884644,-0.0003724601,0.0016432143,0.0046587246,0.0010112764,0.005102459,0.0051952703,-0.01221641,0.033769548,0.11779626,0.04106736,-0.17316067
8.574422e-05,0.00038322198,0.0016908775,0.00427742,1.2583463e-05,0.0026401652,0.004585127,-0.00937604,0.00043223356,0.06911694,0.060470168,-0.1471187
-0.00020842892,5.296606e-06,0.0016054378,0.0047251745,0.0002401802,0.0034580221,0.0049076057,-0.010513191,0.012341643,0.09247422,0.07362237,-0.18055686
-0.00015779263,0.00022137581,0.001663368,0.0022857015,-4.4263877e-05,0.0045022597,0.0055185254,-0.009711781,0.024264947,0.06587991,-0.0562264,-0.029864315
-0.0003244065,0.00019097768,0.0020218485,0.003708137,0.0004670979,0.005141511,0.0055690184,-0.011811701,0.038857356,0.08403555,-0.02036823,-0.09403266
-0.00035953993,0.00012609587,0.001998287,0.0039585624,0.00068413187,0.005155681,0.0053964597,-0.012000019,0.037879925,0.08988837,-0.00890947,-0.1095846
0.00027356975,-0.0008549885,-0.0013804787,-0.0021042714,-0.003846911,-0.00022381723,0.0052929115,0.0015878982,-0.07502028,0.030951897,-0.00596932,0.04196142
0.00027084228,0.000968149,0.002212769,0.002866363,-0.00018216792,0.0035402542,0.004991402,-0.00946509,0.017305834,0.03446714,-0.0413441,-0.032190446
0.0012682914,0.0018879398,0.0020823677,0.0025718813,0.0006426249,0.00018555715,0.001167715,-0.0040924447,-0.042288017,-0.026564248,0.017654942,-0.026043873
5.628572e-05,0.0012100555,0.0026727242,0.0017844152,0.0024478356,0.0078030173,0.0026416355,-0.01131097,0.053144522,0.023661308,-0.15313667,0.061800394
0.0003528834,0.00053816865,0.0007360135,-0.000737714,-0.00027876798,0.0043601682,0.0028819104,-0.004318837,-0.014109326,0.0037156628,-0.108199485,0.09412962
0.00064944,0.0007064659,0.0002162271,-0.0020375727,-0.00066026306,0.0040057534,0.00151319,-0.0013044125,-0.036631007,-0.029955518,-0.11304213,0.13765949
0.00037824136,0.0015481925,0.0028513744,0.0020511514,0.0033282703,0.006687887,0.001040602,-0.009866316,0.038725056,0.008532624,-0.13030355,0.052375633
0.00014847994,0.0018154092,0.003414772,0.0015984334,0.005340788,0.010564354,-0.00046406806,-0.012488098,0.07560656,0.0023304608,-0.21902257,0.11666207
0.00031493045,0.00026763504,0.00042812055,-0.0008256491,-0.0009892633,0.003401881,0.0036056088,-0.0034935868,-0.022343425,0.01223333,-0.08753125,0.07864895
8.727202e-07,0.0009578037,0.0024743371,0.0023833057,0.0009081349,0.0062803826,0.004516811,-0.011356654,0.04561807,0.037943106,-0.107284866,0.014117661
0.00010413424,0.0012608799,0.0026409845,0.0014403206,0.0028852702,0.008086754,0.0018750402,-0.01070785,0.05237008,0.016675344,-0.16379867,0.07807621
0.00019906448,0.0020604965,0.0036447255,0.0013062009,0.006731041,0.011833602,-0.0020743404,-0.012726179,0.08208786,-0.008261625,-0.2526662,0.14908831
7.991101e-05,0.0007701446,0.0019130465,0.0012771947,0.00079334056,0.005824446,0.0038209627,-0.009059894,0.02846432,0.029602803,-0.11427291,0.044834804
0.00013606598,0.0007071202,0.001614281,0.0005588441,0.0010349306,0.005815863,0.0030732155,-0.007800325,0.018578734,0.02310107,-0.12604003,0.07044998
0.0008162464,0.00090345426,-9.857523e-05,-0.0030226884,-0.000941548,0.0036755349,0.00019416853,0.00091274944,-0.042879436,-0.06266059,-0.12178192,0.175164
0.00015926971,0.00015254765,0.000648861,-0.00013901785,-0.0010247945,0.0034094919,0.004554007,-0.0050162002,-0.012435475,0.030522931,-0.080954246,0.053026184
0.000820162,0.0011552357,0.00035763235,-0.00271671,0.00025743883,0.00501461,-0.0005935248,-0.0004940294,-0.031289395,-0.06325334,-0.14646919,0.18578364
0.00023524405,-0.00020335874,-0.000111826535,-0.00080613967,-0.0026968038,0.0015466746,0.0054788645,-0.002466557,-0.037686992,0.029020442,-0.045705564,0.044334393
0.00085067557,-0.0004613063,-0.0024011526,-0.0041074087,-0.0072081573,-0.0026752504,0.0054194666,0.0067718485,-0.11901842,-0.03858449,0.013760859,0.1009925
0.0007152026,0.0011707228,0.00077960436,-0.0019875888,0.0010333235,0.00586608,-0.00025908457,-0.0024948246,-0.020343225,-0.0451438,-0.15430212,0.16958393
0.000840739,0.0004291445,-0.00093055953,-0.003475527,-0.003190692,0.001347651,0.0019709403,0.0031937181,-0.0699641,-0.05631748,-0.07396134,0.15114422
-4.2187014e-05,0.0017280335,-0.00067868864,-0.0052411617,-0.006695632,-0.0030808812,-0.0029734096,0.006948675,0.10942822,-0.24814092,-0.13339677,0.2687867
0.00053075684,-0.00016661035,-0.0008602953,-0.0021455546,-0.003912733,0.00046584386,0.0048875255,0.0009747676,-0.0680117,-0.0018555094,-0.034662288,0.07766059
0.00069745537,0.0001275557,-0.0018895895,-0.0043444955,-0.0067545613,-0.0023917644,0.0032838725,0.0066061933,-0.067479245,-0.087339945,-0.026815312,0.1446082
0.00034542714,0.0011937954,0.0018158129,-0.00022987474,0.0027109585,0.007471948,0.00038912037,-0.007161701,0.020431163,-0.0076180734,-0.17301653,0.13002756
0.0005975773,-0.00044189993,-0.0014826616,-0.0026668897,-0.005399083,-0.0010803449,0.005762979,0.0029738855,-0.08914656,-0.0036758217,-0.005102228,0.07006694
0.00048009798,0.0002734915,-0.0022880873,-0.0049623074,-0.00949621,-0.0050397045,0.0034638043,0.008532014,-0.035025124,-0.1382495,-0.012549148,0.1602134
0.000347751,-0.00053762813,-0.0009656746,-0.0017609723,-0.004053736,-6.8952264e-05,0.0057379454,0.0006041222,-0.06594844,0.022067105,-0.016005306,0.04685144
0.00025052612,0.0006178068,-0.0022667388,-0.005407119,-0.010774461,-0.006402791,0.0024703394,0.0094960295,0.010704379,-0.18987699,-0.02420708,0.18894066
0.00076492486,-0.0004380101,-0.0019474449,-0.0034013682,-0.006340434,-0.0018527216,0.00568852,0.004913063,-0.10801316,-0.020661177,0.0049683885,0.0860356
0.00039196602,0.00034221172,0.00030825485,-0.0010484512,-0.001400169,0.0032483614,0.003632305,-0.0030461021,-0.02870958,0.0033960189,-0.08632155,0.08668449
0.00027661084,-0.00025253175,-0.0023894026,-0.0044799973,-0.008319267,-0.0043884306,0.0036654111,0.007560971,-0.041309915,-0.09489333,-0.0008992723,0.12505034
0.00017392235,0.0010150592,-0.0016030144,-0.0052471436,-0.0087995045,-0.0047290553,0.00038166356,0.008229022,0.042965777,-0.20392242,-0.067777336,0.21670692
0.0008485696,-0.00038123032,-0.0020836485,-0.0037488933,-0.0064663743,-0.0019365515,0.0053337924,0.0056966506,-0.114167765,-0.030265994,0.0034229709,0.09816578
0.0005307752,0.00024326288,-0.0021863484,-0.004814117,-0.008824702,-0.0043937163,0.0033982263,0.008061646,-0.04236324,-0.1263371,-0.016408816,0.1568195
0.00071427226,-0.0004807684,-0.0023942129,-0.0041091824,-0.007207068,-0.0028644279,0.005060704,0.0067569427,-0.10441922,-0.043790743,0.011364502,0.10161578
-0.0011017999,-0.0015062586,-0.00225581,-0.0031701718,-0.0042510894,-0.002965519,0.0009278998,0.004312683,0.047068074,-0.022418382,-0.008478928,0.05340252
-0.0011290251,-0.0013734638,-0.0022626317,-0.0033422064,-0.0047754734,-0.003434455,0.0007414829,0.004710247,0.05763055,-0.039631452,-0.011108353,0.06360557
1.6397385e-05,-0.0012009129,-0.0023214493,-0.0033387656,-0.0048196265,-0.0018746299,0.0037464635,0.0048621185,-0.06445312,0.0030078888,0.008871008,0.059044197
0.00054468994,-0.0004402483,-0.0023894717,-0.004192676,-0.007454105,-0.0033037814,0.004560314,0.006928064,-0.0826474,-0.05792153,0.0073667113,0.10716277
0.0002469424,-0.0008865466,-0.0023500777,-0.0036893208,-0.0059018084,-0.0024428293,0.004116398,0.005712156,-0.07337712,-0.02150055,0.008491277,0.07874626
-7.515062e-05,-0.0012761897,-0.002313056,-0.0032618102,-0.004580105,-0.0018053346,0.0035579384,0.0046697985,-0.058136333,0.006875796,0.008241842,0.05487488
-0.0012083945,-0.0025336256,-0.0021896122,-0.0019001965,-0.00036538468,7.965416e-05,0.0014977545,0.0013349152,0.0018364838,0.09328669,0.005578213,-0.020746185
-0.00065998547,-0.0027210582,-0.002307817,-0.0015900575,0.00086783007,0.0010898581,0.0024078297,0.0013205125,-0.072320305,0.14022462,0.028987166,-0.04649836
-0.0013008656,-0.0023596755,-0.0021961457,-0.0021364696,-0.0010829419,-0.0006389719,0.0010973394,0.0018732382,0.022206241,0.06761153,0.0010083189,-0.0065237796
-0.0010500705,-0.002673021,-0.0022294032,-0.0017750764,0.00046876576,0.00063887925,0.0015705946,0.0012844771,-0.02355205,0.115396984,0.01216731,-0.03177415
-0.00046301156,-0.0021362817,-0.0018088266,-0.001355102,-0.00063123374,0.0010005877,0.0038879318,0.0002005928,-0.06363689,0.113886155,0.014735547,-0.028273782
-0.0013678786,-0.0026137333,-0.0021661632,-0.0018338005,2.4641147e-05,5.7943347e-05,0.0009387292,0.0012141056,0.016144352,0.09411117,0.0030166628,-0.023851788
-0.00061849674,-0.002508151,-0.0020041377,-0.0012687455,0.00073855784,0.0011776771,0.002774162,0.00049541355,-0.06583738,0.13583258,0.023764791,-0.046468705
-0.0010199684,-0.00370802,-0.0029849287,-0.0014738406,0.0039835945,0.0011569941,-0.00029574035,0.0025404778,-0.08578315,0.19441387,0.061537575,-0.09562387
-0.00077939744,-0.0030304336,-0.002507319,-0.001578839,0.0018826937,0.0011867739,0.0015346984,0.0016867209,-0.07534624,0.15705875,0.03699125,-0.06016279
-0.0019369868,-0.004614104,-0.0035811716,-0.0014027369,0.006353359,8.7075816e-05,-0.0041389815,0.0036687825,-0.031685833,0.21306552,0.08243974,-0.13525206
-0.0018210491,-0.0028249733,-0.0020995869,-0.0016659888,0.0010831251,-5.3982913e-05,-0.0006780868,0.0009238599,0.057751354,0.09452495,-0.004571265,-0.03143755
-0.0028935373,-0.0038406334,-0.0022749736,-0.0010995321,0.005481496,6.512997e-05,-0.0055055213,0.0007496157,0.12747328,0.13583872,-0.00079718896,-0.08040643
-0.0013196197,-0.0036959234,-0.0028051331,-0.0014139973,0.004261698,0.0011334125,-0.0011021023,0.0021080729,-0.049137555,0.18417029,0.046972398,-0.09001138
-0.0029823205,-0.0040402533,-0.0023780807,-0.001027627,0.006219093,0.00011951735,-0.006117558,0.00089052087,0.12668027,0.14765655,0.004969685,-0.091317296
-0.0013758119,-0.0030700087,-0.0023591544,-0.0015918266,0.0020595442,0.00068359927,-5.10264e-05,0.0013754719,-0.007481248,0.13398461,0.017852614,-0.051843543
-0.0005328163,-0.002400933,-0.0021262814,-0.0016871099,-0.00027134723,0.00101244,0.0033408678,0.0010472247,-0.069232225,0.12122425,0.019067038,-0.029195003
-0.0034818081,-0.005194463,-0.003437259,-0.0010364526,0.008821334,-0.0009122412,-0.009232618,0.0030414395,0.1163961,0.19564444,0.057935137,-0.15157442
-0.0020131567,-0.0036273284,-0.0024646726,-0.0012991339,0.004390758,0.0006275774,-0.0028036535,0.0013160268,0.036253072,0.15349768,0.01945008,-0.077958755
-0.003285971,-0.003718376,-0.0020963408,-0.0010806394,0.0050499626,-0.00053653755,-0.006268902,0.00035386859,0.17892899,0.109853,-0.01604064,-0.06954681
-0.0029530262,-0.004556598,-0.0029530316,-0.0010753501,0.0072691017,-0.00015610922,-0.0068482626,0.0020968332,0.09241488,0.17865816,0.037355468,-0.1212073
-0.003746788,-0.0031418938,-0.0019828978,-0.0016429411,0.0014898509,-0.0025665683,-0.0059632384,0.0006779793,0.26211295,0.026181517,-0.03864109,-0.025209112
-0.0037409835,-0.0037891183,-0.0020049764,-0.00089783396,0.005484548,-0.0010968917,-0.0076171234,-5.4663862e-05,0.22546013,0.09893185,-0.024025058,-0.07218526
-0.0025462222,-0.0033620484,-0.0021181677,-0.0013289882,0.0035199008,-7.485813e-05,-0.0036545545,0.00064748165,0.113267295,0.11090826,-0.0084679015,-0.055569094
-0.0045732283,-0.0028310171,-0.0020294068,-0.0021734552,-0.0010397808,-0.0051634386,-0.007505765,0.0015027032,0.37219754,-0.056763325,-0.056411084,0.008101844
-0.0020149394,-0.0040742215,-0.0028825703,-0.0012721868,0.00556111,0.00057324144,-0.00356556,0.002134753,0.010394686,0.1824467,0.043664765,-0.103963606
-0.002472535,-0.0026209177,-0.0021308921,-0.0020335508,-0.0007125378,-0.0019672182,-0.0019053193,0.0014695588,0.1423455,0.034022577,-0.018095227,-0.008106381
-0.0032216713,-0.0031175443,-0.0019969516,-0.0015754731,0.0018162143,-0.0016637207,-0.0046915193,0.00063948415,0.20344211,0.052310012,-0.02915576,-0.031018509
-0.004752842,-0.004712348,-0.0023501692,-0.0003266651,0.0090274755,-0.0018887111,-0.012039388,5.4376433e-06,0.28653115,0.1312503,-0.008098014,-0.122563064
-0.002815931,-0.004200831,-0.00259623,-0.0010479479,0.0065599927,0.00021942447,-0.005952292,0.0013493772,0.09777406,0.16430606,0.019462995,-0.10259245
-0.004111715,-0.0036429171,-0.0018621627,-0.00092680077,0.004804415,-0.0018303549,-0.008242441,-0.0003343413,0.2752607,0.0700186,-0.037678447,-0.0599584
-0.0023073873,-0.0024027277,-0.0021509794,-0.0022758713,-0.0014608691,-0.0023521525,-0.0016344424,0.0020579547,0.13556112,0.01729485,-0.018257026,0.005490617
-0.0028641243,-0.0023316804,-0.0021316928,-0.0024721324,-0.0020340062,-0.0035990172,-0.0032251552,0.0024381164,0.20356946,-0.021762142,-0.03040619,0.019131089
-0.00085701374,-0.002205303,-0.002224192,-0.0022450555,-0.0014359275,-0.0003106008,0.002188263,0.0021885345,-0.020204265,0.07377893,0.007373091,-0.0018384304
-0.0039812108,-0.003078846,-0.001997782,-0.001760893,0.00082340813,-0.0032288819,-0.006329156,0.0008208548,0.29181185,0.0055945194,-0.043107864,-0.017719897
-0.0027828051,-0.0027785467,-0.0020999012,-0.0018977162,-0.00015587074,-0.00202682,-0.002758747,0.0011491464,0.16952625,0.035682753,-0.022229798,-0.014768862
-0.0029727924,-0.002226343,-0.002133421,-0.0026253345,-0.002496956,-0.0041309474,-0.003612475,0.0027803723,0.22196253,-0.04020966,-0.034217183,0.028538462
-0.0027426505,-0.0028583219,-0.0020776095,-0.0017955527,0.00044421537,-0.0016714393,-0.0028843773,0.0010073825,0.16116649,0.047535278,-0.0212479,-0.020620149
-0.0006576205,-0.0019030011,-0.002250779,-0.0025864444,-0.0024886145,-0.00089796586,0.0024826634,0.003012838,-0.026220515,0.04898318,0.0065660165,0.017444085
-0.0014669446,-0.0031198126,-0.0023436798,-0.0015493857,0.0023239641,0.0006867511,-0.000396153,0.001304676,0.0005383964,0.13495143,0.016350089,-0.053854033
-0.0017473013,-0.0028305636,-0.002098981,-0.0016458068,0.0011924367,0.00010441655,-0.000524084,0.0009031303,0.049084075,0.09928209,-0.0032108189,-0.03285021
-0.0013991577,-0.001785849,-0.002226443,-0.002876141,-0.0033384394,-0.0026297604,0.00034501834,0.0035851926,0.065622516,-0.0057033394,-0.009970339,0.03727307
-0.0018652666,-0.0028617142,-0.0020884736,-0.0016304489,0.001300037,-8.329265e-06,-0.00087988033,0.0008681116,0.06104584,0.096512325,-0.005260959,-0.03324602
0.000680955,-0.0005644947,-0.0019591777,-0.0032967322,-0.005951126,-0.0016613522,0.005537273,0.004667336,-0.105425365,-0.011603609,0.005636201,0.07888648
-0.00014243778,-0.0013502566,-0.0023057624,-0.003181709,-0.0043321326,-0.0016952854,0.003435115,0.004473527,-0.054542135,0.01193622,0.008074334,0.05042862
-0.0011226665,-0.0024216715,-0.0021999618,-0.0020243418,-0.0007488215,-0.0001160386,0.0016394659,0.0016365189,-0.0017584859,0.08475818,0.0055148434,-0.013784483
-0.0015476851,-0.002762838,-0.0021210595,-0.0016896368,0.00090458494,0.00024253812,0.00011896915,0.0009879237,0.029555215,0.10215659,0.00021116075,-0.031185977
-0.000825434,-0.0015387974,-0.0022655483,-0.0030761755,-0.0039770585,-0.0023551825,0.0017152418,0.004131969,0.01346126,-0.0033533478,-0.002491001,0.046832617
-0.0010783933,-0.0026002524,-0.0021777672,-0.0018002186,0.000190249,0.00054407323,0.0016432082,0.0012040888,-0.016231118,0.10833315,0.008406306,-0.027025498
-0.00080288254,-0.0023272613,-0.0022191592,-0.0020814596,-0.00093861605,0.00017357797,0.0024395704,0.0018144173,-0.03325491,0.09119092,0.010365056,-0.011648443
8.67935e-06,-0.0014794947,-0.002304396,-0.0029903261,-0.0037545417,-0.0010099794,0.003959248,0.004048122,-0.0791549,0.035548933,0.013102542,0.03861824
-0.0005455748,-0.0008607839,-0.002318098,-0.0038740234,-0.0064283744,-0.003979973,0.0019153258,0.006032437,0.019215146,-0.06817907,-0.007616855,0.09260555
0.0006723009,-0.0007837548,-0.0023660148,-0.0037229669,-0.0060485066,-0.001966507,0.005209352,0.005846399,-0.11655,-0.00978444,0.01517881,0.079579584
0.0008185738,-0.00011778449,-0.0015626842,-0.0034554189,-0.0049664536,-0.00049273437,0.0041821664,0.0043045646,-0.09654128,-0.032244056,-0.026063815,0.11164424
0.00042427465,-0.00030171615,-0.002392696,-0.0043898323,-0.008050801,-0.003962007,0.004112804,0.0073712263,-0.06104569,-0.08094386,0.0028005699,0.119195186
0.000110675835,0.0001072115,0.000758051,0.00044729954,-0.0015725789,0.002953684,0.005485569,-0.0057068383,-0.009125464,0.03877241,-0.060276642,0.023888469
0.0005383387,-0.0008286349,-0.002076105,-0.0032235226,-0.0053227996,-0.001414013,0.0052057,0.0045380006,-0.10375428,0.003991783,0.009035966,0.06708618
0.000312067,-0.0008334423,-0.0014467796,-0.002229471,-0.004049693,-0.00036896413,0.00530706,0.0019133866,-0.0782197,0.026955836,-0.004601345,0.045491718
-0.00024315612,-0.001954034,-0.0020834622,-0.0021399693,-0.0016650549,0.00044860708,0.0038764756,0.0019486903,-0.076810285,0.08806687,0.01287277,0.0001913947
0.0003061825,-0.0010095058,-0.0017764709,-0.0025764583,-0.004133893,-0.0006189545,0.0050432323,0.0028726424,-0.08727407,0.028308664,0.003126495,0.04615002
0.00024233447,-0.00076694856,-0.0011191313,-0.001779075,-0.003612023,6.0185477e-05,0.0054412484,0.0007075452,-0.06659563,0.03374097,-0.011926825,0.038365416
5.2699485e-05,-0.0011654318,-0.0013675642,-0.0017818781,-0.0028080568,0.00031461497,0.0049287844,0.0008115737,-0.06698416,0.054680914,-0.0052351346,0.023002392
0.0006695122,-0.00044022762,-0.00168245,-0.0029826073,-0.0058037257,-0.0014123531,0.005730973,0.0038074462,-0.097256415,-0.0109770335,-0.000773346,0.07693112
-3.8588318e-05,-0.0016852396,-0.0021322744,-0.0024782699,-0.002639723,-7.95984e-05,0.0041853515,0.0027771294,-0.08528815,0.06616975,0.013053432,0.01788096
0.00031361665,-0.0011808032,-0.00233523,-0.003306892,-0.0047364165,-0.001392073,0.0045469278,0.0048292484,-0.0975122,0.016990786,0.014443504,0.056041855
0.00047244082,0.001138218,0.0014060517,-0.0009298271,0.0022208923,0.0068342616,1.4673387e-05,-0.005221135,0.00537807,-0.01994808,-0.16557589,0.14428477
0.0008205977,-0.0004367159,-0.0021020684,-0.0036457141,-0.006653601,-0.0021096743,0.00566375,0.005558186,-0.11428965,-0.026311837,0.008318638,0.09134804
0.0004810106,-0.00095709285,-0.0021669308,-0.0032413087,-0.005085084,-0.0013496894,0.0050386726,0.00461613,-0.1043133,0.010356414,0.011426115,0.062497254
-1.4136076e-06,-0.0014418063,-0.0023062318,-0.0030396064,-0.0039046442,-0.0011474139,0.0038998346,0.004161684,-0.07588501,0.030533422,0.0123093845,0.041549675
0.00038625192,-0.0009310385,-0.0018481733,-0.0027655382,-0.004533215,-0.0008678249,0.0051236292,0.0033530707,-0.09206943,0.019852817,0.0044256463,0.053259257
0.0004904295,-0.00044439023,-0.0011850741,-0.002196624,-0.004796364,-0.0005858135,0.005810652,0.0017322854,-0.077066824,0.0071994015,-0.011550166,0.059842657
0.00076484884,0.00046408692,-0.001063399,-0.0037139058,-0.003974494,0.00049369066,0.0018895407,0.0039380863,-0.058636814,-0.07293681,-0.07018684,0.15723489
0.00034788862,-6.4845204e-05,-0.00020606896,-0.0011997981,-0.0027306976,0.0016593867,0.0049238093,-0.0017375287,-0.043454874,0.015093684,-0.052129913,0.06254638
0.000814848,-0.0001990463,-0.0022505585,-0.0042814557,-0.0073812213,-0.002829547,0.004728684,0.0069602095,-0.09992769,-0.06263621,0.0003007307,0.12022582
0.0007419252,-0.00011893588,-0.0023118185,-0.0044547077,-0.0080361115,-0.0034831048,0.0045952047,0.00743106,-0.08716374,-0.07936524,0.0007095436,0.12746692
-0.0007771862,-0.0018839772,-0.002246862,-0.0026333232,-0.0026261555,-0.0011776236,0.0021378768,0.0031055182,-0.01140418,0.040149637,0.0038975794,0.020651197
0.0007418952,-0.0002462684,-0.0015565087,-0.0032048838,-0.0051328414,-0.00074629276,0.0047298116,0.0039357003,-0.094539,-0.022095516,-0.017898085,0.09694176
0.0007191525,0.0004891421,-0.0011068949,-0.0038562887,-0.0042191464,0.0001290788,0.0016634096,0.004352399,-0.050975587,-0.082065076,-0.07063469,0.16220452
0.00041370545,0.0008839274,0.0011311697,-0.0007764646,0.0010305432,0.005742747,0.0014292572,-0.00501405,-0.0027879272,-0.008916059,-0.13960198,0.12030504
-0.0006217472,-0.0023361165,-0.0022262903,-0.002035518,-0.00080687716,0.00053426233,0.002945133,0.0017325166,-0.054583576,0.10221073,0.014093379,-0.0150348805
0.0006742576,-6.55783e-05,-0.0024174505,-0.004638389,-0.008822239,-0.0042477176,0.0046019023,0.007986014,-0.07658294,-0.0951251,0.0040372177,0.13283542
0.0008790279,-0.00021297549,-0.00206508,-0.004067182,-0.006323666,-0.0018278466,0.004494077,0.0062274896,-0.10775458,-0.047275405,-0.008009784,0.11749568
0.00019687566,-0.0009043205,-0.0012609982,-0.0018684287,-0.0034472004,5.5249875e-05,0.0052550207,0.0009768854,-0.06900038,0.038940378,-0.008400213,0.034972783
-0.00090283755,-0.0017437924,-0.0022499638,-0.0028335613,-0.0032320193,-0.0018506829,0.0016745776,0.0035551374,0.010892217,0.016643494,-0.0007983679,0.032884497
0.000855772,7.596405e-05,-0.0013527415,-0.0034836228,-0.004285889,0.0002511377,0.0034061635,0.003935297,-0.09071678,-0.03959987,-0.04303559,0.1262142
0.0003587178,0.00024428044,0.00025523227,-0.0010037042,-0.0014999165,0.0030145487,0.0038505835,-0.0029544793,-0.029254455,0.008402685,-0.08061548,0.07975053
0.0002961892,-0.0012114784,-0.0021455234,-0.002960113,-0.0042121904,-0.000890646,0.0047421376,0.003935039,-0.09729106,0.030189404,0.011792893,0.046595216
0.00013809181,0.00012398948,0.0006988042,0.00016354983,-0.0013755423,0.0031128298,0.0050724586,-0.0052818963,-0.010666506,0.034337584,-0.06831231,0.03657902
0.00028834824,-0.00025582986,-0.00033858302,-0.001098033,-0.003139942,0.001093964,0.0055520795,-0.0015811479,-0.045981303,0.024517667,-0.03842179,0.047478884
-0.00012158427,-0.0011943091,-0.0023160086,-0.0033735847,-0.0049194344,-0.0021489381,0.0033614654,0.0049240915,-0.04821378,-0.0053697852,0.0060331463,0.061613385
-0.00020076525,-0.0010320793,-0.00043712108,-0.00013125004,-0.0011957292,0.001693906,0.005120339,-0.003243038,-0.03552114,0.08280684,-0.016063446,-0.014505809
-0.00045006725,-0.0017296439,-0.0009958949,-0.00017813346,-0.00021490542,0.0014067085,0.0043844217,-0.00232993,-0.044690393,0.1159325,0.0098477565,-0.04714939
-0.00054629875,-0.0022960783,-0.0018219098,-0.0011651623,0.00020071535,0.0011263544,0.0033118434,7.6032244e-05,-0.06292342,0.12655656,0.019296817,-0.040702406
5.1459305e-05,0.00050490286,0.0015701166,0.0014039322,-0.00046193218,0.004503648,0.00514371,-0.008500372,0.01656196,0.039396606,-0.081832185,0.017844731
-3.573319e-05,-0.00052308984,4.632005e-05,6.0397593e-05,-0.0016198338,0.0020412388,0.0054196725,-0.0040543345,-0.025787722,0.060726203,-0.03220296,0.002587307
-0.00018640005,-0.0004515511,0.0005546677,0.0010454584,-0.0006695552,0.0029987546,0.0053393994,-0.0063130576,-0.0070384303,0.075557046,-0.033142064,-0.024221415
-0.00040085163,-0.00025764146,0.0015382811,0.005087522,0.0006754374,0.0039722985,0.0048562977,-0.011279717,0.017878082,0.110439196,0.08440919,-0.20559534
-0.00073545723,-0.0025619885,-0.0016962145,-0.00022927852,0.0017994649,0.0014012611,0.0024407762,-0.0010354809,-0.058551982,0.15617757,0.04197902,-0.087511696
-0.0006977102,-0.0022223454,-0.001233507,0.0003758447,0.0011542176,0.0017506126,0.0033630347,-0.00260311,-0.045433056,0.14731319,0.040018696,-0.09498421
-0.0004115693,-0.00026096325,0.0014425829,0.0032833691,0.00043894132,0.0044973246,0.0053768195,-0.010384983,0.024295013,0.097598076,-0.002231889,-0.10390461
-0.0006173182,-0.00096331304,0.0006994931,0.0033564046,0.0005997637,0.003815041,0.0050531263,-0.009177121,0.007656797,0.12636615,0.047221657,-0.15354984
-0.00053325586,-0.0008807208,0.000662217,0.0030603083,0.000102269914,0.0034818118,0.005301436,-0.008574405,0.0049425904,0.116791844,0.042920813,-0.14009094
-0.0009544737,-0.0027241097,-0.0015310732,0.001068437,0.0020801753,0.0020682756,0.0026671519,-0.0030225543,-0.047179274,0.17794257,0.081499,-0.15388547
-0.000449434,-0.0009356474,0.00037697534,0.0018849785,-5.044668e-05,0.003033788,0.0052337428,-0.006997845,-0.005055332,0.10796177,0.00846331,-0.086309336
-0.00021171726,0.00030788963,0.0020293568,0.0037581036,0.00054380187,0.0047092917,0.005240342,-0.011401412,0.031469394,0.07841363,-0.013086049,-0.095124714
-3.8483624e-05,0.00045047398,0.0019654692,0.0037413328,0.00023194827,0.0038897663,0.0050454233,-0.010481318,0.019926608,0.0677491,0.0025541373,-0.098204225
0.00067427364,0.0011609445,0.0018666508,0.0032662072,-0.0011425324,0.0009888281,0.0045493343,-0.0070012985,-0.018997395,0.016714051,0.03345465,-0.077117436
-0.0004794284,-0.0003251086,0.0014783477,0.003579279,0.0007974714,0.0047513163,0.0052049924,-0.010903359,0.026672594,0.10535708,0.0041656094,-0.11812004
-0.00066884834,-0.0014054013,6.254976e-05,0.0028015678,0.00026728978,0.0029561461,0.0049876757,-0.007344527,-0.008866785,0.1357945,0.06778073,-0.16092156
0.00085464056,0.0013179115,0.0018142817,0.0032261887,-0.0013910608,0.0001796752,0.0043003904,-0.0060827928,-0.030776087,0.0056517413,0.04681942,-0.07766622
-2.232989e-05,0.00042545202,0.001903904,0.0038564182,9.218385e-05,0.0036478098,0.005045558,-0.010269814,0.01678794,0.068070516,0.015409333,-0.109506205
-0.00064687815,-0.00051749084,0.0015289339,0.0049706246,0.0009727947,0.004978773,0.0051960554,-0.012240291,0.03185987,0.12561867,0.0637123,-0.19956172
-0.0002873123,-0.0016336037,-0.0013142339,-0.0010401991,-0.0012999047,0.000947438,0.004592319,-0.0007107556,-0.056179553,0.09432543,0.0034523811,-0.01627905
-0.00093061046,-0.001686059,0.00016030084,0.0044591096,0.001074333,0.0036012698,0.0046571493,-0.009355901,-0.0005115726,0.16666214,0.12765427,-0.25273824
0.000101619284,0.0004997802,0.001821234,0.0039347424,-0.000118275326,0.0029550067,0.004843995,-0.00954139,0.006645755,0.061990336,0.034139283,-0.11929104
-0.00020672489,0.00034148004,0.0020177062,0.002966676,0.00018070798,0.0049363114,0.0056879865,-0.011028007,0.036202192,0.06986342,-0.050798565,-0.050157763
0.00079691136,0.0016489149,0.0025181847,0.0022071302,0.003021305,0.003599012,0.00025254613,-0.0067492053,-0.00031024346,-0.0027132672,-0.06726578,0.020582166
-2.3551815e-05,0.00063657656,0.0020402824,0.002344196,-0.00024152393,0.0048799133,0.0056187143,-0.010356786,0.031349268,0.047837928,-0.07490878,-0.009749641
0.0007406753,0.0013849507,0.0021194129,0.002766425,-5.2549505e-05,0.0018100776,0.0034315977,-0.0069059115,-0.011652641,0.005819719,-0.0084326705,-0.033666465
0.0008714563,0.0014071112,0.0019136659,0.0029783936,-0.0013587083,0.00045352738,0.004310018,-0.006126996,-0.026191974,6.6921544e-05,0.028267024,-0.057950117
-0.00011864781,0.00031258105,0.0018944695,0.003975095,0.00027750508,0.003973859,0.0050813965,-0.0106955785,0.02093562,0.0758585,0.015885724,-0.117005534
0.00056890934,0.001058324,0.0018860907,0.003331621,-0.0008939226,0.0014335375,0.0045902412,-0.0075322473,-0.01327705,0.024424646,0.02788182,-0.07938577
0.00048154834,0.0007429129,0.0015903997,0.0041289083,-0.00070889277,0.0008989977,0.0042104917,-0.007361126,-0.023662059,0.042894382,0.08692185,-0.14484276
0.001790763,0.002383246,0.0020394984,0.0023797043,0.0012432074,-0.0014421823,-0.0010124143,-0.001270221,-0.07231201,-0.059154715,0.044901624,-0.019582646
0.00014304464,0.0012428503,0.0024785572,0.0010326453,0.0031417126,0.008139616,0.0013165906,-0.010028012,0.046125792,0.012680164,-0.17185389,0.09401313
0.0012568091,0.001963374,0.0022484388,0.0023541115,0.0018531918,0.0010275063,1.3523058e-05,-0.004208092,-0.0355583,-0.028021228,-0.008137736,-0.0043150363
0.0015269483,0.002091021,0.0019806772,0.0025860176,0.00034948927,-0.0010146878,0.00067186437,-0.0026739193,-0.060185317,-0.041555047,0.043354973,-0.033465307
0.0011239363,0.0017917735,0.0021692405,0.002498884,0.00089774025,0.0010374069,0.001277427,-0.0047866525,-0.029497968,-0.020488415,0.0001902578,-0.018752957
0.00030438072,0.0009751935,0.0021621508,0.002913693,-0.0005234108,0.0032087276,0.0052098543,-0.009247977,0.01394145,0.032644678,-0.032011636,-0.038275335
0.0020510906,0.0026648275,0.0020825998,0.0021784392,0.0019193185,-0.0019117496,-0.002527941,0.00019717973,-0.08360461,-0.077692136,0.049771324,-0.008469019
0.0010607266,0.0016318448,0.0019846992,0.0027914636,-0.0005046549,0.0002878085,0.0028920807,-0.005128636,-0.033821806,-0.012950832,0.02498663,-0.04417653
0.00087558076,0.0025123938,0.0035068137,0.0010352357,0.007832793,0.008814084,-0.005012996,-0.008187481,0.03820663,-0.040417463,-0.20759624,0.1489337
0.0011435914,0.001989945,0.0025122163,0.0020386002,0.0035286285,0.0026440083,-0.0013347635,-0.0048368154,-0.018662902,-0.025464818,-0.05196949,0.027477918
0.0014064297,0.0024300034,0.0028409567,0.0014855226,0.0063910317,0.0035417492,-0.004928898,-0.003615409,-0.021280192,-0.046418156,-0.09199394,0.07728145
0.0012958528,0.0023751103,0.002892594,0.0014849115,0.006287067,0.0041611874,-0.004533271,-0.0043666093,-0.0124284625,-0.042398527,-0.1032625,0.08096493
0.0013278696,0.0027504729,0.0033221073,0.00097627577,0.008339985,0.00644084,-0.0067867967,-0.0050065136,0.0046254043,-0.058972258,-0.1641244,0.13656697
0.00043307018,0.0022940827,0.0036911038,0.0011657113,0.007539604,0.011258473,-0.0035001107,-0.011445918,0.06996273,-0.021480389,-0.24907386,0.15886301
0.0009827375,0.00238766,0.0032457681,0.0012486638,0.0069375434,0.0070591415,-0.004406799,-0.0069052773,0.021658473,-0.038099498,-0.16512224,0.11783416
0.0009770667,0.0022471354,0.0030719407,0.0014704708,0.006153667,0.006105774,-0.0035193756,-0.0067049135,0.013397197,-0.031014258,-0.14100604,0.09595531
0.0013001278,0.0022363048,0.0026862975,0.0017254325,0.0050708875,0.0030750097,-0.003339609,-0.0040332475,-0.020491594,-0.038019694,-0.072068416,0.054024845
0.0020467285,0.0032309226,0.0031478906,0.0007677347,0.009716389,0.0033195082,-0.010160787,-0.00029272144,-0.044499546,-0.09176403,-0.11309427,0.13260484
0.002023315,0.0027250247,0.0022517836,0.0019766833,0.0031907074,-0.0010279885,-0.0036534138,-6.111455e-05,-0.07672751,-0.077201426,0.02211506,0.013717133
0.0022919306,0.0029855424,0.002241125,0.0018639773,0.0035913065,-0.001811268,-0.0048600915,0.0013800736,-0.09184142,-0.0939992,0.03430309,0.018594148
0.0027214638,0.0034516377,0.0023182542,0.0015522685,0.0049036825,-0.0025970885,-0.007464845,0.0036753172,-0.112211764,-0.12247504,0.03971681,0.03869907
0.0021988747,0.0031299754,0.0026946955,0.001306595,0.0068313545,0.0006445435,-0.007734857,0.0006982342,-0.070645064,-0.09345649,-0.03905879,0.076775424
0.0031053775,0.0037682138,0.0021984586,0.0015508136,0.0048032976,-0.0042541185,-0.008468735,0.005686029,-0.13896856,-0.14364035,0.07194825,0.03247117
0.0030658206,0.0039490256,0.002617156,0.0009872041,0.0077316375,-0.0020747175,-0.011286385,0.005423015,-0.12007197,-0.14815189,0.007675564,0.086336836
0.004571651,0.0053731822,0.002486477,0.00043694404,0.009377909,-0.0067923917,-0.01750528,0.013585302,-0.20645659,-0.2424466,0.08764778,0.10381188
0.001555713,0.0025690522,0.002840502,0.0014152369,0.0067662336,0.0031065466,-0.0057223286,-0.0027936907,-0.03006918,-0.054781817,-0.08662277,0.08104628
0.003492469,0.0044375933,0.0027432444,0.0006155543,0.009425852,-0.0026200688,-0.014243342,0.007667247,-0.13879527,-0.17674278,0.0052357335,0.11301287
0.0038155944,0.004846346,0.0029108047,0.00021892911,0.011145305,-0.002655322,-0.016968656,0.009423132,-0.14906883,-0.20075056,-0.006513354,0.14213744
0.0019409178,0.0029054326,0.0027534962,0.0013452099,0.0067833946,0.0016399894,-0.006920406,-0.000682673,-0.054047596,-0.07829757,-0.057913497,0.078376345
0.0011636154,0.0021839752,0.0027909623,0.0016974749,0.0054517793,0.003986406,-0.003250208,-0.005084344,-0.010281439,-0.030919012,-0.094182424,0.065112025
0.0027545874,0.0033435468,0.0020487136,0.0018990265,0.002965601,-0.0040032733,-0.005661147,0.003939864,-0.12393942,-0.12101153,0.082139485,0.0037768653
0.0030108641,0.0030436357,0.000988794,0.003197847,-0.004458068,-0.009868608,0.0008399619,0.0056770835,-0.17660922,-0.12359897,0.25422224,-0.13077362
0.0028628448,0.0036659339,0.0024595135,0.0012885592,0.006165827,-0.0022824674,-0.009154401,0.0044164127,-0.1142901,-0.13378339,0.024139449,0.060481425
0.0028673683,0.0032974847,0.0017467176,0.0022502511,0.00092122355,-0.005782637,-0.0039988547,0.004647813,-0.14112309,-0.124258734,0.13273546,-0.03363006
0.00248975,0.0029898668,0.0018755194,0.0022708722,0.0012828448,-0.0041474053,-0.0031633303,0.0025186457,-0.11673804,-0.10097344,0.097326696,-0.024892733
0.0023068504,0.0029291164,0.0021033443,0.002028044,0.0025213924,-0.002504518,-0.003898474,0.0015661265,-0.09675282,-0.094212025,0.05675559,0.00021331641
0.0030047523,0.003593636,0.002050717,0.001756815,0.0033136243,-0.0046443976,-0.0068267733,0.005370589,-0.1361167,-0.13844445,0.092940025,0.009175038
0.0024997196,0.003096961,0.002060962,0.002012018,0.0026490716,-0.0032623298,-0.0045507103,0.002532861,-0.1101349,-0.104414865,0.06971518,-0.0002631431
0.002137279,0.0025226,0.0016464902,0.0027176565,-0.0011925639,-0.0042665475,0.00024816886,0.0008276141,-0.10392461,-0.07787306,0.12007577,-0.064428076
0.0014734662,0.0019620755,0.0018336824,0.0027938597,-0.00091597653,-0.0015653488,0.0020296369,-0.002846803,-0.061620332,-0.03740728,0.06458126,-0.054700702
0.0027149643,0.003158787,0.0017678272,0.0022725912,0.00069129583,-0.005234371,-0.0033785412,0.0039182827,-0.1305241,-0.11656973,0.12480102,-0.03513121
0.001012565,0.0015134325,0.0018516219,0.002994423,-0.0015580303,-0.00020589396,0.004040865,-0.005302186,-0.035698846,-0.00849253,0.044194035,-0.06370425
0.002002297,0.0024898297,0.0018426172,0.002545097,0.00016582929,-0.0029802972,-0.000592117,-7.7357865e-05,-0.091194496,-0.0698444,0.08321232,-0.04068093
0.0022257518,0.0025678617,0.0015650431,0.0027819253,-0.0016563152,-0.004900222,0.0004252767,0.0013423504,-0.11153447,-0.082640454,0.13618365,-0.07325975
0.0016223353,0.0019228656,0.0014963809,0.0032418007,-0.0027279002,-0.0035508715,0.0033495417,-0.001944568,-0.08389841,-0.039889373,0.12321122,-0.09854826
0.00050496456,0.0006404914,0.0014099736,0.0045061004,-0.00096431683,0.00028217986,0.0041298973,-0.0068684807,-0.03235834,0.046526257,0.124191724,-0.17967634
0.00038133078,0.0007905581,0.001795421,0.003703663,-0.0007492759,0.0018502881,0.004746161,-0.0081867,-0.007450561,0.04073542,0.043656137,-0.10809234
0.00045743195,0.0012489376,0.0023956383,0.0025260542,0.0014729148,0.003933929,0.0027812615,-0.008498668,0.014229729,0.019815821,-0.06153542,-0.0038140179
0.0013728332,0.0018604929,0.001831736,0.002859216,-0.0010290301,-0.0013224077,0.0024927892,-0.00345079,-0.057219166,-0.029870518,0.060014464,-0.05679743
0.0006550434,0.0012294458,0.001988795,0.0029976736,-0.0010746738,0.0014141497,0.004701684,-0.0073329834,-0.012285431,0.013641303,0.008218423,-0.053394042
0.0007114228,0.0012385839,0.001924404,0.003125226,-0.0009829232,0.0010292988,0.0044114427,-0.0069786627,-0.019323576,0.013396564,0.02212992,-0.06387907
-8.0659855e-05,0.00032196936,0.0018461442,0.004033237,7.232024e-05,0.0036891438,0.0051089413,-0.010405555,0.017538942,0.07379516,0.026376262,-0.12427092
0.00088002626,0.0020922683,0.0029875315,0.0016114287,0.0054633194,0.0059347837,-0.002554196,-0.007077963,0.015767656,-0.023258233,-0.13190779,0.08249496
-0.00031937961,0.000203003,0.0020403306,0.003808516,0.00054376095,0.005127398,0.0054886383,-0.011886966,0.038389917,0.08465041,-0.016862042,-0.09848871
3.921286e-05,-0.0007586176,-0.00055735593,-0.0008198115,-0.0023647768,0.001075891,0.0054188906,-0.0018008435,-0.044920918,0.055019885,-0.022869933,0.016891215
0.0012456775,0.001881325,0.0021123954,0.0025406578,0.0008164899,0.0003959175,0.0010605293,-0.00421648,-0.039838128,-0.02565275,0.012277235,-0.022649147
-0.00045045654,-0.00044976937,0.0012063116,0.0031389717,0.0004278225,0.0042363666,0.005299715,-0.009826941,0.018431557,0.10354244,0.0065160803,-0.109701075
0.00018183935,0.0014036902,0.0028869743,0.0021079145,0.0028802808,0.007480477,0.0020075985,-0.011059551,0.052269243,0.01737233,-0.14197479,0.051623758
-0.00036652933,-1.7762679e-05,0.0017574456,0.0034938306,0.0004934513,0.0048682564,0.005458516,-0.011166696,0.032242026,0.09046375,-0.013615808,-0.097094476
0.00034675936,0.0012630881,0.0025269857,0.002457993,0.0017788237,0.004979875,0.0028020747,-0.009522574,0.025398683,0.022156443,-0.08531863,0.0106019955
0.001101607,0.0019479869,0.002515147,0.0020872972,0.0036507777,0.0027260652,-0.0012249516,-0.0052053034,-0.018510748,-0.020333605,-0.056030177,0.028002158
0.0004136956,-0.0003886708,-0.0008870848,-0.0017968614,-0.0042100935,-9.360681e-06,0.005741103,0.00055396557,-0.06594537,0.014037801,-0.020545002,0.054579332
7.160514e-05,0.0010457393,0.0023786353,0.0015558947,0.0018445952,0.0070580095,0.0030186153,-0.010355511,0.043726817,0.025053624,-0.13872877,0.056490153
-0.0005625144,-0.0014067404,-0.00017641184,0.0017167925,-6.2811356e-05,0.002453504,0.005044216,-0.0058290474,-0.018086933,0.12434738,0.03697905,-0.11052765
0.00020378928,0.00090335903,0.0022192365,0.0029006875,-0.0001797362,0.0037452779,0.005217412,-0.009857443,0.020548973,0.0394218,-0.045391314,-0.032772116
-0.00079304585,-0.0022299304,-0.0010614663,0.001121954,0.0011549245,0.0021260031,0.0036603408,-0.0038672243,-0.037536502,0.15592119,0.05873616,-0.12836048
-0.00027453323,6.7201545e-06,0.0015947587,0.002644345,0.00020682844,0.004491373,0.0055211657,-0.010003645,0.025638888,0.08022024,-0.038803324,-0.05639075
6.858476e-05,-0.0001351389,0.0004310622,0.00011787825,-0.001515129,0.0026093263,0.005335181,-0.0048930165,-0.018072871,0.045967333,-0.055767525,0.024917243
-0.00034060553,-0.0017410943,-0.0013728797,-0.0009948752,-0.0010868494,0.000991615,0.004489185,-0.00075179024,-0.056382876,0.100704834,0.006429328,-0.022260025
-0.00012982536,-0.00080423034,-0.00020009185,4.2257918e-05,-0.0014733672,0.0017986533,0.005355138,-0.0036578306,-0.030230727,0.07327502,-0.01931505,-0.011810439
0.0003348398,-0.00054826215,-0.00095014117,-0.0017262048,-0.0039879987,-2.5641877e-05,0.0057280394,0.00051486224,-0.06506365,0.02342194,-0.016307555,0.045691084
0.00023711628,0.000965781,0.0022722287,0.0028030865,0.00020206698,0.0039213477,0.004718288,-0.009668004,0.021291098,0.035865843,-0.051784504,-0.025080543
-0.0005238712,-0.0011335707,0.00020845083,0.002227504,-9.298967e-05,0.0028528601,0.0052209604,-0.0069450494,-0.008147686,0.11802939,0.03613491,-0.11796405
-0.00014414727,0.00034048603,0.0019646785,0.0038097827,0.00017332587,0.004264216,0.005323552,-0.010926175,0.026501346,0.073864914,0.0012321362,-0.103688166
-0.0003150583,-0.0016644086,-0.0012955766,-0.0009678963,-0.0011702076,0.0010144032,0.004572435,-0.00087350165,-0.054852635,0.097473964,0.0036824746,-0.019361803
-0.00028536379,-0.0008217948,0.00017288141,0.00091621105,-0.00066868396,0.002519201,0.0053181765,-0.0054900376,-0.015096455,0.089531735,-0.01458562,-0.040995248
0.0005009964,-0.00044414448,-0.0012144219,-0.0022430012,-0.0048558037,-0.0006345833,0.0058059506,0.0018547298,-0.07825811,0.0061268816,-0.0109142875,0.06085098
0.00029614722,0.0011049552,0.0023889288,0.0026339833,0.0009843865,0.00437275,0.003753339,-0.009509227,0.022726677,0.02926323,-0.06680671,-0.008520319
-4.0176037e-06,-0.00017705868,0.0005650722,0.0005594619,-0.0013311515,0.0027670404,0.005459069,-0.005582569,-0.011793219,0.053964697,-0.04668743,0.0053488743
-0.00042918837,-0.0014658241,-0.00060251565,0.00030843506,-0.0005478835,0.0017667535,0.0049761306,-0.0035979482,-0.033020433,0.10986915,0.0063917246,-0.052530345
-0.00021481974,-0.0017864641,-0.0018338617,-0.0019106288,-0.0017131608,0.00058076915,0.0041166586,0.0013022546,-0.07078514,0.08447395,0.0069102272,0.001738026
0.00017891389,-3.985296e-05,0.00028788263,-0.00037839395,-0.0019367334,0.0024437988,0.005206731,-0.0039480454,-0.024255306,0.032015193,-0.06164116,0.04486017
0.00011061054,0.00034858988,0.0011531343,0.0006714746,-0.00070870866,0.003988691,0.004793644,-0.006742604,0.0038906964,0.033956222,-0.08052486,0.033905834
0.001996503,0.0024684055,0.0018094969,0.002564271,-0.00024026583,-0.0030863357,-0.00026368015,2.4775742e-05,-0.09016061,-0.07120466,0.08971964,-0.04616218
-0.0002727079,-0.0010685993,-0.0003063244,0.00025809766,-0.0009215618,0.001916696,0.005159947,-0.003941685,-0.029568216,0.09064064,-0.010475541,-0.030315211
-0.0005913805,-0.001829544,-0.0008190632,0.00057609763,0.00041680105,0.0018977612,0.004220184,-0.0035585011,-0.035724014,0.13153508,0.025531232,-0.081583165
0.0002395595,-5.2227224e-05,0.00012360646,-0.0007250208,-0.0019966147,0.0022563478,0.004851525,-0.003030537,-0.030199755,0.025749585,-0.06082614,0.053682763
0.0010109224,0.0020705066,0.0028126268,0.0017632468,0.005094461,0.0045627994,-0.0024561847,-0.0060760668,-0.00070686534,-0.023271572,-0.10295989,0.06408311
