x1,x2,v1,v2,a1,a2
0.01,0.0,0.0,0.0,-0.2,0.1
0.00999843774410096,7.811035400350578e-07,-0.0009999023596159588,0.0004999414160140231,-0.19996094384638347,0.09997656640560923
0.009991877062524211,4.061262492615913e-06,-0.0019992970407956526,0.0009995782270288362,-0.19979692862549409,0.09987815800031599
0.009980321469333617,9.838368443441223e-06,-0.002997559476614655,0.0014985356995518805,-0.19950804570210695,0.09970483100890168
0.009963777600206615,1.8108440062161058e-05,-0.003994065759877627,0.0019964395060777444,-0.19909446760308164,0.09945669160144388
0.009942255208502131,2.8865625522113282e-05,-0.004988193048671884,0.0024929159746558526,-0.19855644791462146,0.09913389582979931
0.00991576715930188,4.210220616719752e-05,-0.005979319971268578,0.0029875923380587167,-0.1978943211240559,0.09873664953134632
0.009884329421428691,5.780860142363415e-05,-0.006966827030114378,0.0034800969823872083,-0.19710850241426428,0.09826520820005022
0.009847961057446852,7.59733749535386e-05,-0.007950097004648219,0.003970059694949665,-0.1961994873992718,0.09771987682493241
0.009806684211650723,9.658324204642615e-05,-0.008928515352677066,0.004457111911252105,-0.19516785181226687,0.09710100969604338
0.009760524096049265,0.00011962307824394956,-0.009901470610053805,0.00494088696093734,-0.1940142511384288,0.09640901017805081
0.009709508974355373,0.0001450759291923621,-0.010868354788387768,0.00542102031251152,-0.19273942019515677,0.09564433045162102
0.009653670143990241,0.00017292302171639245,-0.011828563770530785,0.005897149816697411,-0.19134417266204987,0.09480747122273553
0.009593041916114296,0.00020314377610741543,-0.012781497703588803,0.0063689159482544075,-0.18982940056115696,0.0938989814000631
0.009527661593697489,0.00023571581961800503,-0.013726561389186204,0.006835962046106552,-0.1881960736778035,0.09291945774079473
0.009457569447643054,0.0002706150011541633,-0.01466316467073365,0.007297934551620737,-0.1864452389411747,0.0918695444648794
0.009382808690980115,0.0003078154071557323,-0.01559072281745665,0.00775448324487853,-0.1845780197480257,0.09074993283823796
0.009303425451141748,0.00034728937865471514,-0.016508656904917603,0.008205261478786292,-0.18259561523635479,0.08956136072486698
0.009219468740346405,0.00038900752950045707,-0.017416394191787497,0.008649926410869603,-0.18049929951160337,0.08830461210845755
0.009130990424101829,0.0004329387657398721,-0.018313368492627508,0.009088139232599778,-0.17829042082440136,0.0869805165836123
0.009038045187851805,0.00047905030614013973,-0.01919902054642766,0.009519565396101538,-0.17597040069565978,0.08558994881709117
0.008940690501787349,0.0005273077038405456,-0.020072798380659153,0.009943874838092859,-0.17354073299693729,0.0841338279794375
0.008838986583845083,0.000577674869119398,-0.020934157670616283,0.010360742200909547,-0.17100298298591535,0.08261311714723751
0.008732996360916801,0.0006301140932612168,-0.0217825620937951,0.010769847050469024,-0.1683587862856111,0.08102882267655309
0.008622785428295313,0.0006845860735086682,-0.02261748367908569,0.011170874091030075,-0.16560984783062632,0.0793819935478671
0.00850842200738292,0.0007410499390830057,-0.023438403150553833,0.011563513376607196,-0.16275794075663014,0.07767372068298131
0.008389976901689898,0.0007994632782560735,-0.02424481026557367,0.011947460518900502,-0.1598049052513037,0.07590513623434156
0.008267523451151585,0.0008597821664562357,-0.02503620414709774,0.012322416891603788,-0.1567526473583249,0.07407741284697303
0.008141137484793714,0.0009219611953899156,-0.02581209360984787,0.012688089830956232,-0.15360313774172757,0.07219176289400464
0.008010897271776727,0.0009859535031597573,-0.02657199748021235,0.013044192832406681,-0.150358410404063,0.07024943768617473
0.007876883470850889,0.0010517108053597682,-0.027315444909630594,0.013390445743259278,-0.1470205613632355,0.0682517266548637
0.007739179078255022,0.001119183427127158,-0.02804197568127229,0.013726574951174514,-0.1435917472934418,0.0661999565112305
0.007597869374092761,0.001188320336129952,-0.028751140509807187,0.014052313568401668,-0.14007418412051825,0.0640954903796311
0.007453041867221164,0.0012590691764688504,-0.02944250133405755,0.014367401611619469,-0.13647014557962667,0.06193972690748885
0.007304786238687541,0.0013313763034711915,-0.03011563160235365,0.014671586177268523,-0.1327819617388133,0.05973409935213264
0.007153194283751297,0.0014051868193542965,-0.030770116550404302,0.014964621612258725,-0.12901201748144714,0.05748007464394829
0.006998359852528503,0.0014804446097348956,-0.031405553471491,0.015246269679938312,-0.12516275095323243,0.05517915242788608
0.00684037878929783,0.0015570923809607768,-0.03202155197881553,0.01551629972121642,-0.12123665197657842,0.05283286408335733
0.006679348870507365,0.0016350716982402552,-0.03261773425982644,0.015774488810731256,-0.11723626042778673,0.05044277172257749
0.006515369741522658,0.001714323024544539,-0.03319373532235824,0.016020621907962076,-0.1131641645849338,0.04801046716975016
0.006348542852157199,0.0017947857602575454,-0.03374920323242211,0.01625449200318379,-0.10902299944061415,0.0455375709189355
0.006178971391027307,0.0018763982835472424,-0.034283799343486,0.016475900258167992,-0.10481544498494279,0.043025731074746415
0.006006760218774206,0.0019590979914320948,-0.03479719851710113,0.016684656141538114,-0.10054422446110872,0.040476622273302
0.005832015800196801,0.0020428213415157547,-0.03528908933472565,0.0168805775586883,-0.09621210258870012,0.03789194458677363
0.0056548461353393585,0.002127503894362674,-0.035759174300605004,0.017063490976179607,-0.09182188376304125,0.03527342240974855
0.005475360689579037,0.002213080356486905,-0.03620717003557913,0.017233231540531156,-0.0873764102266085,0.03262280333087099
0.005293670322758813,0.0022994846239259422,-0.036632807461685506,0.01738964319132905,-0.08287856021594267,0.029941856988286355
0.005109887217412019,0.0023866498263710708,-0.03703583197743685,0.017532578768575394,-0.0783312460845956,0.027232373910252065
0.004924124806125302,0.002474508371825326,-0.03741600362365866,0.017661900114208425,-0.0737374124041297,0.02449616434295969
0.004736497698087351,0.0025629919917597986,-0.037773097239779514,0.01777747816772365,-0.06910003404421122,0.021735057063129854
0.004547121604871322,0.0026520317867387115,-0.0381069026104651,0.017879193055834897,-0.0644221142300233,0.01895089818136841
0.004356113265499354,0.0027415582724833573,-0.03841722460250319,0.0179669341761135,-0.059706682585212584,0.016145549930072278
0.004163590370838091,0.0028315014263447214,-0.03870388329184934,0.018040600274551014,-0.05495679315324576,0.013320889444934078
0.0039696714873745055,0.0029217907341543103,-0.03896671408074726,0.018100099516993807,-0.05017552240592399,0.010478807532182405
0.0037744759804217965,0.0030123552374224853,-0.03920556780484744,0.018145349554399025,-0.04536596723414692,0.007621207429904252
0.003578123936805459,0.003103123580853336,-0.03942031083025155,0.01817627758187236,-0.04053124292749653,0.004750003559430224
0.0033807360870800017,0.0031940240601449426,-0.03961082514042045,0.01819282039144417,-0.03567448114006397,0.0018671202692937823
0.00318243372732708,0.0032849846700436637,-0.03977700841288576,0.018194924418549193,-0.030798827846062478,-0.0010255094272841536
0.002983338640586108,0.0033759331526209274,-0.03991877408571452,0.01818254578218014,-0.025907441285442145,-0.0039259451203369575
0.0027835730179686393,0.003466797045740841,-0.040036051413683126,0.018155650318684657,-0.021003489901999725,-0.006832240277857197
0.0025832593795080444,0.003557503731686818,-0.04012878551412107,0.018114213609185144,-0.016090150273179064,-0.009742443521947787
0.0023825204947961576,0.003647980485915295,-0.04019693740239589,0.01805822100060197,-0.011170605036747688,-0.012654599911322664
0.0021814793034587447,0.00373815452590454,-0.04024048401701314,0.017987667620262358,-0.006248040810154183,-0.015566752224522225
0.0019802588355217273,0.003827953060066466,-0.0402594182343129,0.01790255838408704,-0.0013256461097507204,-0.018476942245605747
0.0017789821317201946,0.003917303336689331,-0.04025374887275595,0.017802907998348622,0.0035933907325299825,-0.021383212049761
0.0015777721638022641,0.004006132692879178,-0.04022350068679272,0.017688740954996895,0.008505883652760136,-0.024283605290929437
0.0013767517548798648,0.004094368603467858,-0.04016871435031807,0.017560091520554554,0.013408650937101455,-0.027176168486007124
0.001176043499878495,0.004181938729855497,-0.04008944642972281,0.017417003718589605,0.01829851730100356,-0.030058952299972824
0.0009757696861379438,0.004268770968755312,-0.03998576934655831,0.017259531305773977,0.02317231596479673,-0.03293001282627766
0.0007760522142158709,0.004354793500808728,-0.03985777132983685,0.017087737741543117,0.028026890723784063,-0.035787412866065696
0.0005770125189460143,0.004439934839038834,-0.03970555635799868,0.016901696151375312,0.03285909801148426,-0.03862922320105569
0.0003787714908026329,0.004524123877110314,-0.03952924409058235,0.01670148928371476,0.037665808955047723,-0.041453523863165136
0.00018144939762259582,0.0046072899373641165,-0.03932896978964175,0.016487209460562917,0.04244391142119312,-0.044258405397571615
-1.4834193263697174e-05,0.004689362818595255,-0.0391048842309607,0.01625895852177195,0.047190312051226715,-0.0470419701188154
-0.0002099604924416441,0.0047702728435423045,-0.03885715360512202,0.016016847763075128,0.05190193828424616,-0.04980233335991274
-0.00040381156531139265,0.004849950906057343,-0.038585959408494436,0.01576099786789057,0.056575740366788724,-0.0525376247139102
-0.0005962704084261181,0.0049283285179252834,-0.03829149832420801,0.0154915388329469,0.06120869334778158,-0.05524598926355834
-0.0007872210252196936,0.005005337855301759,-0.03797398209319508,0.015208609887774324,0.06579779905738858,-0.05792558880547173
-0.0009765485010742115,0.0050809118047390085,-0.037633637375379475,0.01491235940811505,0.07034008806885439,-0.06057460305823775
-0.0011641390776782436,0.005154984008769402,-0.037270705601104286,0.014602944823308282,0.07483262164122248,-0.0631912308644698
-0.001349880226627184,0.005227488911016614,-0.03688544281289455,0.014280532517705629,0.07927249364267258,-0.06577369137659132
-0.0015336607222175128,0.005298361800804677,-0.036478119497657,0.013945297726188173,0.08365683245234577,-0.06832022523039079
-0.0017153707133873407,0.00536753885723553,-0.036049020409425966,0.013597424423846111,0.08798280284006729,-0.07082909570643368
-0.0018949017947561446,0.005434957192706002,-0.035598444382770496,0.013237105209893215,0.09224760782212177,-0.07329858987472515
-0.002072147076717196,0.005500554895835504,-0.03512670413698351,0.012864541185892572,0.0964484904926715,-0.07572701972553181
-0.0022470012545367907,0.005564271073776127,-0.034634126071180674,0.012479941828371022,0.10058273582846176,-0.07811272328308809
-0.002419360676415043,0.005626045893877207,-0.0341210500504419,0.012083524855905378,0.10464767246704701,-0.08045406570316947
-0.0025891234104636726,0.005685820624676876,-0.033587829183134216,0.011675516090768567,0.10864067445602785,-0.08274944035155476
-0.002756189310556925,0.005743537676193496,-0.03303482958956161,0.011256149315220463,0.11255916297301347,-0.08499726986768713
-0.002920460081012493,0.0057991406394903985,-0.0324624301620912,0.010825666122538583,0.11640060801514815,-0.08719600720506497
-0.003081839340060075,0.005852574325487736,-0.03187102231691324,0.010384315762886865,0.12016253005603691,-0.08934413665562259
-0.0032402326820559846,0.005903784802995829,-0.03126100973759554,0.009932354984121155,0.12384250167104183,-0.09144017485066144
-0.0033955477384030545,0.0059527194359448345,-0.0306328081105992,0.00947004786763598,0.12743814912749418,-0.09348267174340896
-0.003547694237135911,0.005999326919786108,-0.029986844852929292,0.008997665659354408,0.1309471539404696,-0.0954702115692197
-0.0036965840611325696,0.0060435573170411665,-0.029323558832095843,0.008515486595976843,0.1343672543929092,-0.09740141378180621
-0.003842131304914197,0.00608536209197471,-0.028643400078568436,0.008023795726599819,0.13769624701805325,-0.09927493396900389
-0.003984252329995801,0.006124694144368735,-0.027946829490914378,0.007522884729818076,0.14093198804356952,-0.10108946474369304
-0.004122865818751563,0.006161507842375342,-0.027234318533808588,0.0070130517264305,0.14407239479874595,-0.10284373661133756
-0.004257892826759486,0.006195759054426464,-0.026506348929112845,0.006494601087871781,0.147115447079552,-0.10453651881215002
-0.004389256833591028,0.006227405180179318,-0.025763412340229958,0.0059678432404970646,0.150059188473603,-0.10616662013773671
-0.004516883792012406,0.006256405180477057,-0.025006010049933365,0.005433094465840535,0.15290172764503454,-0.10773288972487505
-0.004640702175565288,0.0062827196063046965,-0.02423465263188486,0.004890676696980984,0.15564123957436746,-0.10923421781894505
-0.004760643024495646,0.006306310626721057,-0.023449859616056442,0.004340917311152627,0.15827596675699887,-0.11066953651239794
-0.0048766399900006365,0.00632714205574816,-0.02265215914827032,0.0037841489187277104,0.1608042203574495,-0.11203782045756866
-0.004988629376764447,0.006345179378200147,-0.02184208764408383,0.003220709148709247,0.16322438131714606,-0.11333808754981663
-0.005096550183755188,0.006360389774434509,-0.02102018943724283,0.0026509404308796614,0.16553490141925403,-0.11456939958201769
-0.0052003441432560285,0.006372742144009106,-0.020187016422932205,0.002075189774742782,0.16773430430499547,-0.11573086287273403
-0.005299955758104935,0.006382207128229184,-0.019343127696058518,0.0014938085454022528,0.16982118644447947,-0.11682162886347763
-0.005395332337118545,0.0063887571315693024,-0.01848908918480206,0.0009071522365260248,0.17179421805810352,-0.11784089468701352
-0.005486424028676883,0.006392366341955819,-0.01762547327967424,0.00031558024054233354,0.17365214399302425,-0.11878790370646297
-0.005573183852446841,0.006393010749896341,-0.01675285845832208,-0.0002805443837828823,0.17539378454783972,-0.11966194602362334
-0.00565556772922354,0.006390668166443285,-0.01587182890633036,-0.0008808551462340104,0.1770180362488487,-0.12046235895682791
-0.005733534508869947,0.00638531823997944,-0.014982974134265829,-0.0014849823623479844,0.17852387257696312,-0.12118852748876169
-0.005807045996336344,0.006376942471814239,-0.01408688859121123,-0.0020925533927739597,0.17991034464487682,-0.1218398846816283
-0.005876066975742515,0.006365524230580158,-0.013184171275047727,-0.0027031928846362827,0.18117658182052415,-0.12241591206330096
-0.005940565232506757,0.006351048765419507,-0.012275425339735715,-0.003316523014742895,0.18232179230428053,-0.12291613997934384
-0.006000511573507151,0.006333503217952608,-0.01136125769985123,-0.003932163734477958,0.18334526364951348,-0.12334014791468159
-0.006055879845261734,0.0063128766330192085,-0.010442278632639265,-0.004549733016221915,0.184246363235273,-0.12368756478290088
-0.0061066469501156,0.006289159968185731,-0.009519101377841083,-0.005168847101136963,0.18502453868399946,-0.12395806918311855
-0.006152792860424184,0.006262346102011794,-0.008592341735559924,-0.005789120748156153,0.18567931822846473,-0.12415138962455768
-0.006194300630723345,0.006232429841070237,-0.007662617662426073,-0.00641016748401271,0.18621031102507538,-0.12426730471806473
-0.006231156407878157,0.006199407925715702,-0.00673054886632688,-0.007031599854147856,0.1866172074146019,-0.12430564333599368
-0.0062633494392036445,0.006163279034597636,-0.005796756399965602,-0.007653029674333322,0.18689977912990965,-0.12426628473819262
-0.0062908720785520185,0.006124043787914412,-0.0048618622535154315,-0.00827406828284059,0.18705787945015823,-0.12414915866471475
-0.006313719790362322,0.006081704749406059,-0.0039264889466370115,-0.008894326792996751,0.18709144330120964,-0.12395424539774946
-0.006331891151669699,0.006036266427083968,-0.0029912591201237664,-0.009513416345960417,0.18700048730408847,-0.12368157578771702
-0.0063453878520728525,0.005987735272696698,-0.0020567951274426165,-0.01013094836354972,0.1867851097683716,-0.12333123124800427
-0.006354214691659601,0.0059361196799319,-0.0011237186264409622,-0.010746534800959415,0.18644549063229013,-0.12290334371587394
-0.006358379576891747,0.005881429981355156,-0.00019265017148203142,-0.011359788399205576,0.18598189135128212,-0.12239809558258996
-0.006357893514451859,0.005823678444087372,0.0007357911937210422,-0.011970322937125405,0.18539465472994732,-0.12181571958534207
-0.006352770603055843,0.005762879264223187,0.0016609883423038948,-0.012577753482770938,0.18468420470319366,-0.12115649867287107
-0.006343028023236572,0.005699048559993702,0.002582326469222915,-0.013181696644034525,0.18385104606441452,-0.12042076583256378
-0.006328686025105114,0.005632204363677617,0.0034991934947310108,-0.01378177081833582,0.18289576413882375,-0.11960890388795398
-0.006309767914097464,0.005562366612265713,0.004410980466089217,-0.014377596441215586,0.1818190244044588,-0.11872134526395245
-0.006286300034715992,0.005489557136884434,0.0053170819572580475,-0.014968796233665796,0.1806215720630735,-0.11775857171613179
-0.006258311752276134,0.0054137996509850935,0.006216896466303597,-0.015554995448038275,0.17930423155514613,-0.1167211140328594
-0.006225835432670146,0.005335119737306102,0.007109826810257319,-0.01613582211237003,0.177867906026343,-0.11560955169984329
-0.0061889064201610736,0.005253544833616359,0.007995280517171095,-0.01671090727296433,0.17631357673916698,-0.11442451253787599
-0.006147563013221333,0.005169104217248792,0.00887267021511112,-0.017279885235071027,0.17464230243684353,-0.11316667230480276
-0.006101846438431639,0.00508182898843378,0.009741414017835404,-0.01784239380150511,0.17285521865286946,-0.11183675426883007
-0.006051800822457233,0.004991752052443027,0.010600935906901254,-0.018398074509050285,0.17095353697347113,-0.11043552874924041
-0.005997473162119656,0.004898908100555187,0.011450666109954804,-0.01894657286249047,0.16893854424794869,-0.10896381262683315
-0.005938913292583556,0.004803333589855352,0.012290041474950072,-0.019487538566118852,0.16681160175015863,-0.1074224688245201
-0.005876173853679245,0.0047050667218812466,0.013118505840056019,-0.02002062575256929,0.16457414429221984,-0.10581240575565423
-0.005809310254382952,0.00460414742012975,0.013935510399008942,-0.020545493208821246,0.16222767928894946,-0.10413457674512894
-0.005738380635477931,0.0045006173064381086,0.014740514061666217,-0.021061804599232386,0.15977378577396023,-0.10238997941932731
-0.00566344583042076,0.004394519676254936,0.015532983809528233,-0.021569228685447837,0.15721411337084595,-0.10057965506685233
-0.005584569324438372,0.004285899472816827,0.01631239504599739,-0.022067439543046307,0.15455038121681736,-0.09870468797253544
-0.005501817211882484,0.00417480326024713,0.0170782319411395,-0.02255611677478093,0.15178437684002627,-0.09676620472131427
-0.0054152581518692655,0.004061279195594131,0.017829987770722866,-0.023034945720270927,0.148917954993321,-0.09476537347468428
-0.005324963322233206,0.0039453769998265935,0.018567165249313535,-0.02350361766200922,0.14595303644294727,-0.09270340322063275
-0.00523100637182523,0.0038271479278052883,0.019289276857207185,-0.023961830027551558,0.14289160671451195,-0.09058154299630225
-0.005133463371186227,0.003706644737249821,0.01999584516098373,-0.024409286587753445,0.13973571479610716,-0.08840108108445269
-0.005032412761628192,0.0035839216567207116,0.020686403127473055,-0.02484569765092364,0.13648747179962306,-0.08616334418362548
-0.0049279353027562554,0.003459034352637344,0.02136049443092583,-0.025270780252767692,0.13314904958148757,-0.0838696965539947
-0.004820114018465888,0.0033320398953530263,0.022017673753186428,-0.025684258341998126,0.1297226793227509,-0.08152153913817856
-0.004709034141450564,0.0032029967243090217,0.02265750707667338,-0.026085862961487797,0.1262106500720293,-0.07912030865768958
-0.004594783056256159,0.0030719646122900207,0.023279571969973514,-0.026475332424845757,0.12261530724802476,-0.07666747668549415
-0.004477450240919303,0.0029390046288041123,0.023883457865859156,-0.02685241248830289,0.11893905110623164,-0.07416454869735903
-0.004357127207227838,0.002804179102610893,0.024468766331550963,-0.027216856517792463,0.11518433517049147,-0.07161306309847021
-0.00423390743964246,0.0026675515834218974,0.02503511133104491,-0.027568425651115353,0.11135366462708653,-0.06901459023068611
-0.004107886332919466,0.002529186802798103,0.02558211947932838,-0.027906888955085002,0.10744959468630155,-0.06637073135717322
-0.003979161128475427,0.0023891506342697605,0.026109430288324235,-0.02823202357754665,0.10347472891204021,-0.0636831176274861
-0.0038478308495353947,0.002247510052704344,0.026616696404398607,-0.028543614894171548,0.09943171751770843,-0.06095340902247182
-0.003713996235107083,0.002104333092948885,0.027103583837271825,-0.028841456649929095,0.09532325563157906,-0.05818329328054675
-0.0035777596728242106,0.0019596888077734512,0.027569772180186285,-0.02912535109514545,0.09115208153420562,-0.05537448480599568
-0.0034392251307029725,0.0018136472251429742,0.02801495482118561,-0.029395109116056597,0.08692097486552411,-0.05252872355846331
-0.0032984980878562825,0.0016662793048450872,0.028438839145363225,-0.02965055035977031,0.08263275480552243,-0.0496477739270214
-0.00315568546421115,0.0015176568945020551,0.02884114672795012,-0.02989150335355568,0.07829027822923448,-0.046733423587127496
-0.003010895549275195,0.0013678526849952796,0.029221613518111644,-0.030117805618380403,0.07389643783537586,-0.043787482342761364
-0.0028642379299989363,0.0012169401653312588,0.029579990013333238,-0.03032930377662059,0.06945416025326091,-0.04081178095331327
-0.0027158234177810906,0.0010649935769782436,0.029916041424279925,-0.030525853653872954,0.06496640412541341,-0.0378081699476327
-0.0025657639746646805,0.0009120878677031877,0.03022954783001923,-0.0307073203748012,0.06043615817030829,-0.03477851842366558
-0.0024141726387722886,0.0007582986449389128,0.030520304323506893,-0.030873578452953132,0.05586643922475694,-0.03172471283710686
-0.0022611634490292925,0.0006037021287117303,0.030788121147237925,-0.031024511874489458,0.05126029026765645,-0.028648655777423124
-0.0021068513692243966,0.0004483751041600442,0.031032823818972318,-0.031160014175767664,0.046620778426101184,-0.025552264733859277
-0.0019513522114572076,0.0002923948736747385,0.03125425324745221,-0.0312799885147306,0.04195099296585571,-0.022437470851315706
-0.0017947825590230164,0.00013583920869239806,0.031452265838035225,-0.03138434773605178,0.037254043267352155,-0.019306217677158247
-0.001637259688785314,-2.1213698827353798e-05,0.03162673358817203,-0.031473014429993625,0.03253305678736876,-0.01616045989957995
-0.0014789014930869137,-0.00017868528520890737,0.031777544172664415,-0.03154592098493952,0.027791177009587047,-0.013002162078777461
-0.0013198264012508653,-0.0003364966641204237,0.0319046010186479,-0.031603009633564716,0.023031561383807256,-0.009833297371301288
-0.0011601533007226143,-0.000494568675854444,0.03200782337024715,-0.031644232492614624,0.0182573792558916,-0.00665584624866257
-0.0010000014579051029,-0.0006528219367973499,0.0320871463428622,-0.031669551596263966,0.013471809790127673,-0.0034717952110732107
-0.0008394904387387185,-0.0008111768890555422,0.032142520967048054,-0.03167893892303371,0.008678039884214273,-0.00028313549682490533
-0.0006787400290781623,-0.0009695538502061039,0.03217391422195729,-0.031672376416247525,0.003879262079479989,0.002908138211298761
-0.0005178701549184582,-0.0011278730631396226,0.03218130905832339,-0.031649855998013746,-0.0009213275330390055,0.006100029082211578
-0.000357000802522419,-0.0012860547459627853,0.032164704410967825,-0.03161137957672218,-0.005720531409187899,0.009290539434415532
-0.00019625193850196453,-0.0014440191419283158,0.03212411520082175,-0.03155695904805052,-0.01051515264924264,0.01247767203424784
-3.574342990571699e-05,-0.001601686569359799,0.03205957232645994,-0.031486616289478554,-0.015301997095482132,0.015659431394536304
0.0001244050356346955,-0.001758977471538939,0.03197112264515103,-0.0314003831483127,-0.020077875428081385,0.01883382507180611
0.00028407402964723073,-0.001915812466522817,0.031858828943435405,-0.0312983014232288,-0.02483960525816661,0.021998864961752677
0.00044314446239858847,-0.0020721123968587547,0.03172276989724863,-0.03118042283934302,-0.029584013216545614,0.02515256859255803
0.0006014976622577008,-0.002227798379164455,0.031563040021615286,-0.031046809016826066,-0.034307937036790546,0.028292960414223734
0.000759015454791462,-0.002382791853541167,0.031379749609945204,-0.030897531433082034,-0.039008227631241545,0.03141807308338938
0.0009155802415407724,-0.002537014632787738,0.03117302466297039,-0.030732671378515097,-0.0436817511586834,0.0345259487433858
0.0010710750784251744,-0.002690388951383539,0.030943006807367876,-0.030552319905911347,-0.048325391082323074,0.037614640298114725
0.001225383753724594,-0.0028428375142083833,0.030689853204120605,-0.030356577773467435,-0.05293605021658522,0.040682212679449894
0.0013783908655869749,-0.002994283544967749,0.03041373644667563,-0.030145555381504794,-0.05751065276140516,0.043726744105606744
0.0015299818990108939,-0.0031446508342917756,0.030114844448964326,-0.02991937270290789,-0.062046146323116655,0.046746327333154564
0.0016800433022525869,-0.0032938637874767485,0.02979338032335704,-0.029678159207331616,-0.06653950391979782,0.049739070897355846
0.001828462562607182,-0.0034418474718379754,0.02944956224863141,-0.029422053779226614,-0.07098772597045439,0.05270310034464484
0.001975128281514343,-0.0035885276636432473,0.02908362332803841,-0.02915120462973594,-0.07538784226674615,0.055636559451624136
0.002119930248938964,-0.003733830894596312,0.028695811437559778,-0.028865769202518127,-0.07973691392470618,0.05853761143550169
0.0022627595169780186,-0.0038776844978401083,0.028286389064453243,-0.02856591407355881,-0.08403203531790715,0.061404440148225645
0.00240350847264518,-0.0040200166534497895,0.027855633136190192,-0.02825181484503574,-0.08827033598731321,0.06423525126100255
0.0025420709097853413,-0.004160756433385925,0.027403834839898146,-0.02792365603330412,-0.09244898252950516,0.06702827343164423
0.0026783421000717536,-0.004299833845878585,0.02693129943242398,-0.02758163095107566,-0.09656518046016033,0.0697817594597407
0.002812218863039074,-0.004437179879213417,0.026438346041141297,-0.027225941583869893,-0.10061617605291324,0.07249398742256553
0.0029435996351062543,-0.004572726544891168,0.025925307455631708,-0.026856798460813215,-0.10459925815092229,0.07516326180010571
0.003072384537543851,-0.004706406920132565,0.025392529910373995,-0.02647442051987062,-0.10851175995216278,0.07778791457693252
0.003198475443341022,-0.004838155189700826,0.02484037285858406,-0.0260790349676017,-0.1123510607638109,0.08036630633063473
0.0033217760429281942,-0.0049679066870145705,0.024269208737352686,-0.025670877133526303,-0.11611458772873891,0.08289682729952398
0.003442191908712135,-0.0050955979345243445,0.023679422724232194,-0.025250190319196713,-0.1197998175194586,0.08537789843231211
0.003559630558380917,-0.00522116668332642,0.02307141248543161,-0.024817225642072865,-0.12340427800077473,0.08780797241722754
0.0036740015169370826,-0.005344551951988074,0.02244558791578325,-0.02437224187430637,-0.12692554985856985,0.09018553468937092
0.0037852163774181333,-0.00546569406455903,0.021802370870652198,-0.023915505276533595,-0.1303612681938516,0.09250910441973949
0.0038931888602643243,-0.005584534687744292,0.021142194889960723,-0.023447289426783986,-0.1337091240827384,0.0947772354801037
0.003997834871294637,-0.005701016867214116,0.020465504914509106,-0.022967875044620674,-0.1369668660979082,0.09698851738522181
0.004099072558252684,-0.005815085063027475,0.019772756994776288,-0.02247754981062553,-0.14013230179521918,0.09914157621283483
0.004196822365885267,-0.005926685184145892,0.01906441799239072,-0.02197660818134231,-0.14320329915900848,0.10123507550045349
0.0042910070895172195,-0.006035764622015162,0.01834096527446723,-0.02146535119980239,-0.1461777880103865,0.1032677171155146
0.004381551927087204,-0.006142272283193038,0.01760288640100706,-0.02094408630175639,-0.14905376137368198,0.10523824210288515
0.00446838452961008,-0.00624615862100162,0.016850678805567863,-0.020413127117733312,-0.15182927680199682,0.10714543150634628
0.004551435050032527,-0.006347375666183793,0.0160848494694071,-0.019872793271061444,-0.15450245766230902,0.1089881071624017
0.004630636190449625,-0.006445877056543721,0.015305914589315343,-0.0193234101719804,-0.15707149437439266,0.11076513247001474
0.004705923247651189,-0.006541618065552063,0.014514399239358296,-0.018765308807974997,-0.159534645608426,0.11247541313214693
0.004777234156967728,-0.006634555629897237,0.013710837026741309,-0.018198825530471942,-0.1618902394383688,0.11411789786907492
0.004844509534387016,-0.006724648375964779,0.012895769742026943,-0.0176243018380403,-0.16413667444737767,0.11569157910358208
0.004907692716913385,-0.006811856645227498,0.012069747003932034,-0.017042084156228068,-0.16627242079058555,0.11719549362130996
0.00496672980114301,-0.0068961425185298745,0.011233325898935472,-0.016452523614182576,-0.16829602120803913,0.1186287231968865
0.005021569680029593,-0.0069774698392508355,0.010387070615932817,-0.01585597581820767,-0.1702060919930225,0.11999039519307565
0.005072164077816083,-0.007055804235329813,0.009531552076176134,-0.015252800622396165,-0.17200132390965114,0.12127968313152648
0.005118467583109207,-0.007131113140141696,0.008667347558743002,-0.014643361896485437,-0.17368048306360157,0.12249580723276474
0.005160437680074864,-0.007203365812207054,0.007795040321775362,-0.014028027291096451,-0.17524241172345456,0.12363803492282924
0.0051980347777335996,-0.007272533353724752,0.006915219219737397,-0.013407168000502467,-0.1766860290917313,0.12470568131476456
0.005231222237336669,-0.007338588727914881,0.006028478316943462,-0.012781158523084011,-0.1780103320258425,0.12569810965261766
0.0052599663978044236,-0.0074015067751606566,0.005135416497609825,-0.012150376419627469,-0.1792143957076123,0.12661473172999924
0.005284236599210032,-0.007461264227938768,0.0042366370726816755,-0.011515202069623408,-0.1802973742636476,0.12745500827162504
0.005304005204292833,-0.007517839724528408,0.003332747383694562,-0.010876018425723197,-0.18125850133119792,0.12821844928845916
0.005319247617986885,-0.007571213821490042,0.0024243584039300888,-0.010233210766514608,-0.18209709057459125,0.1289046143949766
0.005329942304951588,-0.007621369004905757,0.001512084337123886,-0.009587166447780631,-0.1828125361478898,0.12951311309861413
0.0053360708050925664,-0.007668289700373852,0.0005965422139901492,-0.008938274652397552,-0.1834043131056049,0.13004360505461768
0.005337617747062298,-0.007711962281751141,-0.0003216485131706696,-0.00828692613904064,-0.1838719777587226,0.13049580028814733
0.005334570859731316,-0.007752375078637243,-0.0012418663775196287,-0.007633512989860016,-0.18421516798086102,0.13086945938410227
0.005326920981622133,-0.007789518382595991,-0.0021634883061176003,-0.006978428357293922,-0.18443360345832766,0.1311643936423354
0.005314662068299347,-0.007823384452109868,-0.0030858900294813874,-0.006322066210177448,-0.18452708588718714,0.13138046520425412
0.0052977911977107614,-0.00785396751626425,-0.004008446491991151,-0.005664821079317437,-0.18449549911671806,0.1315175871397502
0.00527630857347568,-0.007881263777159015,-0.0049305322628854075,-0.005007087802701702,-0.18433880924098472,0.13157572350654345
0.005250217526117859,-0.007905271411045972,-0.0058515219475696705,-0.004349261270506055,-0.18405706463272042,0.1315548893717153
0.005219524512241979,-0.007925990568191332,-0.006770790598968541,-0.0036917361700659246,-0.1836503959268277,0.1314551508043369
0.005184239111653829,-0.007943423371463334,-0.00768771412865453,-0.003034906730976844,-0.1831190159475677,0.13127662483129532
0.0051443740224257324,-0.007957573913645915,-0.008601669717485681,-0.002379166470496897,-0.18246321958489287,0.13101947936068348
0.005099945053910121,-0.007968448253480186,-0.009512036225480577,-0.0017249079394102591,-0.18168338361306532,0.1306839330739716
0.005050971117705457,-0.0079760544104363,-0.010418194600659535,-0.0010725224685213708,-0.18077996645851813,0.13027025528158367
0.004997474216580107,-0.007980402358219105,-0.011319528286590101,-0.00042239991594781765,-0.17975350791370864,0.12977876574783756
0.004939479431361059,-0.00798150401701184,-0.012215423628367389,0.00022507158463080457,-0.1786046287972064,0.12920983448361129
0.004877014905795723,-0.007979373244462913,-0.01310527027676176,0.0008695058745968072,-0.17733403056054173,0.12856388150278975
0.004810111829396401,-0.007974025825421656,-0.013988461590267998,0.0015105190197239582,-0.1759424948419539,0.12784137654807068
0.004738804418278309,-0.00796547946042976,-0.014864395034797591,0.0021477295580620676,-0.17443088296988335,0.127042838787173
0.00466312989400337,-0.007953753752975908,-0.015732472580746525,0.0027807587462044155,-0.17280013540969014,0.12616883646976604
0.004583128460443284,-0.007938870195521905,-0.01659210109718103,0.003409230803777738,-0.17105127116411123,0.12521998655956293
0.0044988432786767065,-0.007920852154309455,-0.01744269274288264,0.004032773156001431,-0.16918538711653291,0.12419695432991451
0.004410320439936622,-0.0078997248529575,-0.01828366535399448,0.004651016674149079,-0.1672036573282037,0.12310045292914432
0.004317608936625318,-0.007875515354860836,-0.01911444282801775,0.005263595913758509,-0.1651073322811042,0.1219312429146279
0.004220760631415588,-0.0078482525444015,-0.019934455503901303,0.005870149350441184,-0.1628977380723168,0.12069013175844193
0.004119830224458099,-0.007817967106985206,-0.020743140537979682,0.006470319613123432,-0.16057627555903417,0.11937797331445715
0.004014875218716057,-0.007784691507915868,-0.021539942275510537,0.007063753714576247,-0.15814441945330857,0.11799566726666898
0.003905955883449545,-0.007748459970122033,-0.02232431261756918,0.0076501032790827275,-0.1556037173701481,0.11654415853592329
0.003793135215873153,-0.007709308450749742,-0.02309571138305655,0.008229024767088578,-0.1529557888247997,0.11502443666641682
0.003676478901011666,-0.007667274616637155,-0.023853606665584857,0.00880017969669561,-0.15020232418652268,0.11343753517639588
0.0035560552697798103,-0.007622397818686935,-0.024597475185007097,0.009363234861848441,-0.14734508358237275,0.11178453088473694
0.0034319352553131917,-0.007574719065153155,-0.025326802633357286,0.009917862547072213,-0.14438589575770241,0.11006654320477166
0.00330419234757872,-0.007524280993860196,-0.026041084014977,0.010463740738620433,-0.14132665689018387,0.10828473341451648
0.003172902546293947,-0.007471127843371778,-0.026739823980601318,0.011000553331898968,-0.1381693293595424,0.1064403038968974
0.003038144312185848,-0.007415305423128986,-0.027422537155187523,0.011527990335024352,-0.1349159404749399,0.10453449735325618
0.00289999851662068,-0.007356861082576798,-0.028088748459270237,0.01204574806838836,-0.13156858115814532,0.10256859599234688
0.0027585483896376086,-0.007295843679299308,-0.028737993423629763,0.012553529360093104,-0.1281294045856649,0.10054392068955084
0.002613879466419856,-0.0072323035461844785,-0.02936981849706949,0.013051043737131751,-0.1246006247902256,0.09846183012590848
0.0024660795322381415,-0.0071662924576398794,-0.029983781347097904,0.01353800761219397,-0.12098451522114045,0.0963237198989789
0.0023152385659022017,-0.007097863594881518,-0.030579451153317665,0.014014144465961362,-0.11728340726676433,0.09413102160797773
0.002161448681757145,-0.007027071510318442,-0.031156408893330215,0.014479185024783741,-0.11349968873825589,0.09188520192097391
0.002004804070262367,-0.006953972091056437,-0.03171424762096523,0.014932867433620245,-0.10963580231575129,0.08958776161362708
0.001845400937191677,-0.006878622521544642,-0.03225257273665276,0.01537493742412334,-0.10569424395925947,0.08724023458761156
0.001683337441494203,-0.0068010812453895494,-0.032771002249760456,0.015805148477765336,-0.10167756128381904,0.08484418686918704
0.0015187136318565151,-0.006721407926361351,-0.03326916703272185,0.016223261983893806,-0.09758835190073677,0.08240121558220095
0.0013516313820072716,-0.006639663408618119,-0.03374671106678945,0.016629047392615573,-0.093429261726304,0.07991294790650572
0.0011821943248065156,-0.006555909676173874,-0.03420329167924977,0.01702228236240704,-0.08920298325782632,0.07738104001008178
0.001010507785162554,-0.006470209811637023,-0.034638579771943276,0.017402752902352183,-0.08491225381957639,0.07480717596797416
0.0008366787118201268,-0.006382627954246183,-0.0350522600409393,0.01777025350892392,-0.08055985377883472,0.07219306666072048
0.000660815608064316,-0.0062932292572308235,-0.03544403118722036,0.018124587297208762,-0.07614860473358633,0.06954044865321662
0.00048302846138536203,-0.006202079844524639,-0.035813606118236675,0.018465566126489925,-0.07168136767294161,0.06685108305924928
0.0003034286721502422,-0.00610924676685997,-0.03616071214019802,0.018793010720113607,-0.0671610411115953,0.0641267543902228
0.00012212898132751983,-0.006014797957272004,-0.03648509114097517,0.01910675077955434,-0.06259055919926687,0.06136926938606997
-6.075660268739659e-05,-0.005918802186041856,-0.036786499763490015,0.019406625092603772,-0.05797288980666997,0.0585804558337024
-0.0002451128780988515,-0.005821329015108033,-0.037064709569479465,0.01969248163561376,-0.0533110325891092,0.05576216137029366
-0.00043082352454110027,-0.005722448751976109,-0.037319507193524615,0.019964177669725223,-0.048608017028949985,0.052916252274290754
-0.0006177711786631955,-0.005622232403156772,-0.037550694487242756,0.020221579831023653,-0.043866900458305776,0.050044612245081777
-0.0008058375104192707,-0.0055207516271627245,-0.03775808865354664,0.020464564214555,-0.03909076606324799,0.047149141167457206
-0.0009949033000144194,-0.005418078687095182,-0.03794152237088147,0.020693016452151075,-0.03428272087068291,0.04423175387097315
-0.0011848485154559336,-0.00531428640285104,-0.03810084390735674,0.020906831784013542,-0.029445893719425173,0.04129437887401398
-0.0013755523906592581,-0.005209448102981962,-0.03823591722469698,0.021105915124006704,-0.024583433216669757,0.03833895712325122
-0.0015668935040576517,-0.005103637576236911,-0.038346622071941706,0.021290181118619717,-0.019698505681221258,0.03536744072195399
-0.001758749857664205,-0.004996929022819861,-0.03843285406883192,0.021459554199553813,-0.014794293074863704,0.03238179165168419
-0.0019509989565345642,-0.0048893970053945825,-0.038494524778827116,0.02161396862990457,-0.009873990923212722,0.029383980488618344
-0.0021435178885784376,-0.00478111639986859,-0.038531561771703235,0.021753368543908674,-0.004940806227235113,0.026375985113023664
-0.002336183404667725,-0.0046721623459884745,-0.03854390867568781,0.02187770798022437,2.0446334038017218e-06,0.023359789413254943
-0.0025288719989889122,-0.004562610197778969,-0.03853152521909943,0.021986950908727546,0.004951338001948609,0.020337381988016143
-0.002721459989587199,-0.0044525354738582075,-0.03849438726146159,0.02208107125080471,0.009903845053186915,0.017310754842849222
-0.002913823599049709,-0.004342013807661703,-0.038432486814067704,0.02216005289312755,0.014856333904369261,0.014281902086286227
-0.003105839035275013,-0.004231120897607659,-0.03834583204998319,0.022223889694901782,0.019805571729436918,0.011252818623406848
-0.003297382572276144,-0.00411993245723624,-0.03823444730347661,0.022272585488584684,0.02474832687319363,0.008225498849753272
-0.0034883306309642526,-0.004008524165355463,-0.038098373058879524,0.022306154074069336,0.029681370965640604,0.005201935344107662
-0.003678559859860049,-0.0038969716162263685,-0.037937665928878504,0.02232461920633872,0.03460148103476787,0.0021841175636465216
-0.0038679472156802285,-0.0037853502698200975,-0.03775239862225305,0.022328014576601506,0.039505441615415034,-0.0008259694585326288
-0.004056370043746138,-0.0036737354021794673,-0.03754265990108181,0.022316383786915847,0.04439004685307857,-0.0038263464157315985
-0.004243706158162064,-0.0035622020559175527,-0.03730855452743912,0.022289780318320483,0.049252102603998066,-0.006815041022414411
-0.004429833921710658,-0.003450824990885724,-0.03705020319961583,0.02224826749249394,0.05408842852531919,-0.009790089308202122
-0.0046146323254131795,-0.0033396786350434462,-0.03676774247790793,0.022191918426964326,0.05889586015783958,-0.01274953690364328
-0.004797981067702482,-0.0032288370355620455,-0.036461324700017235,0.02212081598390162,0.06367125099843744,-0.01569144032143953
-0.0049797606331568765,-0.0031183738101944742,-0.03613111788611838,0.022035052712524192,0.06841147456110662,-0.018613868229531292
-0.005159852370743308,-0.003008362098942949,-0.035777305633652126,0.021934730785155537,0.07311342642539287,-0.02151490271792996
-0.005338138571518592,-0.0028988745160561337,-0.03540008700191392,0.021819961926974475,0.07777402626988941,-0.0243926405544942
-0.005514502545737798,-0.0027899831023873367,-0.034999676386512385,0.02169086733950464,0.08239021989072354,-0.02724519443344095
-0.005688828699319251,-0.0026817592781449386,-0.034576303383773675,0.021547577617891868,0.08695898120475999,-0.030070694211667894
-0.0058610026096160405,-0.0025742737960660314,-0.03413021264518325,0.021390232662024142,0.09147731423141164,-0.03286728813542219
-0.006030911100444356,-0.0024675966950439593,-0.033661663721958994,0.021218981581550785,0.09594225505829006,-0.035633144053921144
-0.006198442316319473,-0.002361797254240169,-0.03317093089985373,0.02103398259486425,0.10035087378381745,-0.038366450620691855
-0.006363485795850706,-0.002256943947710451,-0.032658303024294635,0.02083540292210918,0.10470027643981972,-0.04106541848133658
-0.006525932544247185,-0.0021531043995753237,-0.03212408331597249,0.02062341867228921,0.10898760688903986,-0.043728281446651036
-0.006685675104886909,-0.002050345339763958,-0.03156858917700013,0.02039821472454452,0.1132100486999027,-0.046353297651225214
-0.006842607629902101,-0.001948732560360662,-0.030992151987764064,0.020159984603677863,0.11736482699452347,-0.04893875069543732
-0.006996625949734564,-0.0018483308725825566,-0.03039511689460646,0.019908930350010384,0.12144921026851771,-0.05148295077155501
-0.007147627641615377,-0.00174920406441666,-0.02977784258846547,0.019645262383651576,0.12546051218787949,-0.05398423577196772
-0.007295512096923981,-0.0016514148589441696,-0.029140701074623594,0.019369199363272145,0.12939609334887128,-0.05644097237980435
-0.007440180587382404,-0.0015550248733792774,-0.02848407743371671,0.019080968039472592,0.13325336301388244,-0.05885155714001637
-0.0075815363300412025,-0.001460094578849395,-0.02780836957415158,0.01878080310284287,0.13702978081216952,-0.06121441751187366
-0.0077194845510143726,-0.0013666832609431723,-0.02711398797609361,0.018468947026811434,0.14072285841101742,-0.06352801290069986
-0.007853932547921398,-0.0012748489810522016,-0.026401355427196085,0.018145649905388035,0.14433016114799274,-0.06579083566866051
-0.007984789750995371,-0.0011846485385317723,-0.02567090675024039,0.01781116928590494,0.14784930963428478,-0.06800141212457794
-0.008111967782817024,-0.0010961374337055117,-0.024923088522856643,0.01746576999686572,0.15127798131921388,-0.07015830349110948
-0.008235380516635402,-0.001009369831738194,-0.024158358789520794,0.01710972397101555,0.15461391201512528,-0.07226010684895885
-0.00835494413323679,-0.0009243985274004326,-0.02337718676600589,0.016743310063747196,0.15785489739083686,-0.07430545605838272
-0.008470577176324528,-0.0008412749107483864,-0.022580052536481748,0.01636681386696182,0.1609987944188191,-0.07629302265576858
-0.008582200606373222,-0.0007600489337410163,-0.021767446743460768,0.015980527518506638,0.16404352278957218,-0.0782215167263036
-0.008689737852921918,-0.0006807690778168119,-0.020939870270787166,0.01558474950731329,0.16698706627986865,-0.08008968775103531
-0.008793114865271788,-0.0006034823224512827,-0.020097833919885837,0.015179784474365207,0.1698274740806635,-0.08189632542819825
-0.00889226016155494,-0.0005282341147158655,-0.019241858079473987,0.014765943009623793,0.17256286208407595,-0.08364026046836734
-0.008987104876142028,-0.0004550683398582461,-0.018372472388953412,0.0143435414450458,0.175191414124154,-0.08532036536283014
-0.009077582805357363,-0.0003840272929234236,-0.01749021539569786,0.013912901643827892,0.17771138317806645,-0.08693555512433335
-0.00916363045147142,-0.00031515165143416817,-0.01659563420646603,0.013474350786016151,0.18012109251466527,-0.08848478800036325
-0.00924518706494165,-0.000248480449148825,-0.015689284133160758,0.013028221150620438,0.1824189368074431,-0.08996706615792187
-0.009322194684873766,-0.000184051050913717,-0.014771728333171898,0.012574849894376655,0.18460338318810116,-0.09138143633959118
-0.009394598177676725,-0.00012189912862667995,-0.013843537444533838,0.012114578827301431,0.18667297226712248,-0.09272699049049862
-0.009462345273885887,-6.205863832753659e-05,-0.01290528921613015,0.011647754185186225,0.18862631909435268,-0.09400286635558402
-0.009525386603129963,-4.56179843057977e-06,-0.011957568133198431,0.011174726399179782,0.19046211407833474,-0.0952082480469932
-0.009583675727218625,5.0560930886614134e-05,-0.011000965038369698,0.010695849862609665,0.19217912385315866,-0.09634236658105365
-0.009637169171328843,0.00010328086712447623,-0.010036076748492549,0.010211482695195692,0.19377619209770092,-0.09740450038453513
-0.009685826453269264,0.000153571123720042,-0.009063505667492752,0.009721986504809613,0.19525224030221813,-0.09839397576989652
-0.00972961011080321,0.0002014066271108299,-0.008083859395519012,0.009227726146936994,0.19660626848727758,-0.09931016737915102
-0.00976848572701213,0.00024676413259275965,-0.007097750334635212,0.008729069481998995,0.19783735586624257,-0.10015249859604858
-0.009802421953682623,0.00028962223896165804,-0.006105795291312855,0.008226387130692769,0.1989446614627003,-0.10092044192644176
-0.009831390532701444,0.00032996140192869744,-0.005108615075973174,0.007720052227510914,0.199927424673172,-0.10161351934630031
-0.009855366315444185,0.0003677639463009143,-0.0041068340998610875,0.007210440172601524,0.2007849657716627,-0.10223130261745557
-0.00987432728014465,0.0004030140769187656,-0.0031010799695025517,0.0066979283821312656,0.20151668637175157,-0.10277341357064766
-0.009888254547233282,0.00043569788834349417,-0.0020919830790035523,0.006182896037315193,0.20212206982784822,-0.10323952435578161
-0.009897132392634284,0.000465803373287894,-0.001080176200469962,0.005665723832277655,0.20260068158558794,-0.10362935765923369
-0.009900948259012419,0.0004933204297848899,-6.629407281103167e-05,0.00514679372090962,0.2029521694779842,-0.10394268688798021
-0.009899692764961852,0.0005182408670891723,0.0009490270108088263,0.004626488662888381,0.203176263969959,-0.10417933632051547
-0.009893359712130694,0.0005405584103079609,0.001965149616598278,0.004105192369026105,0.20327277834582175,-0.10433918122439484
-0.009881946090276266,0.0005602687037578011,0.002981435584571088,0.003583289046114236,0.20324160884330222,-0.10442214794035291
-0.009865452080247498,0.0005773693130451346,0.003997246443517434,0.0030611631414310075,0.2030827347352362,-0.10442821393293843
-0.009843881054892159,0.0005918597258692219,0.005011943826246774,0.0025391990870796246,0.2027962183564998,-0.10435740780761482
-0.009817239577888036,0.0006037413515468307,0.006024889884820792,0.0020177810443246314,0.2023822050731071,-0.10420980929438234
-0.00978553740049849,0.0006130175192589465,0.007035447705509498,0.0014972926480947214,0.20184092320237565,-0.1039855491975817
-0.009748787456254219,0.0006196934750205941,0.008042981723203823,0.0009781167518188528,0.20117268387535425,-0.10368480931276573
-0.009707005853564361,0.0006237763773757033,0.009046858135005468,0.0004606351727634041,0.20037788084530428,-0.10330782230941378
-0.009660211866261493,0.0006252752918197818,0.010046445312726585,-5.477156196217049e-05,0.19945699024314256,-0.10285487158081603
-0.009608427922086347,0.0006242011839539983,0.011041114214037608,-0.0005677244685652467,0.19841057028126655,-0.10232629106041445
-0.009551679589119493,0.0006205669113751093,0.012030238791981486,-0.0010778463587286348,0.19723926089628432,-0.10172246500494078
-0.00948999556016852,0.000614387214306491,0.01301319640258821,-0.0015847620906029292,0.1959437833464056,-0.10104382774477697
-0.00942340763512065,0.0006056787049763691,0.013989368210334217,-0.0020880988184673204,0.19452493975199717,-0.10029086340097948
-0.009351950701271972,0.0005944598557501545,0.014958139591172056,-0.0025874862408953305,0.19298361258313865,-0.09946410557022453
-0.00927566271164587,0.0005807509860246199,0.01591890053286246,-0.0030825568472626877,0.1913207640930217,-0.09856413697671834
-0.009194584661314505,0.0005645742478924548,0.016871046032357607,-0.003572946162434702,0.18953743570503773,-0.09759158909208736
-0.00910876056173855,0.0005459536105865546,0.017813976489971375,-0.004058292989473052,0.18763474734046875,-0.09654714172325267
-0.009018237413141597,0.0005249148437141933,0.018747098100073117,-0.0045382396502025735,0.18561389670022854,-0.09543152256855607
-0.008923065174937064,0.0005014854992920277,0.01966982323805321,-0.0050124322234796825,0.18347615849180793,-0.09424550674228736
-0.00882329673422659,0.00047569489259366817,0.02058157084330829,-0.0054805207810059275,0.18122288361022476,-0.09298991626821057
-0.008718987872390246,0.00044757408182233114,0.02148176679799867,-0.005942159620531777,0.17885549826592678,-0.09166561954212911
-0.008610197229790076,0.0004171558466218619,0.022369844301318033,-0.006397007496297406,0.1763755030618177,-0.09027353076412258
-0.008496986268609789,0.0003844746654401778,0.02324524423903774,-0.006844727846558979,0.1737844720260645,-0.08881460934050703
-0.008379419233854594,0.0003495666917599373,0.02410741554808882,-0.007284989018050661,0.1710840515943682,-0.08728985925616575
-0.008257563112536392,0.0003124697292119869,0.024955815575931437,-0.007717464487234803,0.16827595954267818,-0.08570032841749092
-0.008131487591070718,0.00027322320558786944,0.025789910434480784,-0.008141833078194983,0.16536198387706003,-0.0840471079665807
-0.008001265010913031,0.00023186814576840417,0.026609175348363424,-0.008557779177028465,0.1623439816759961,-0.0823313315668119
-0.007866970322463064,0.00018844714358606064,0.027413094997265967,-0.00896499294259672,0.15922387788502043,-0.08055417466049015
-0.007728681037267092,0.00014300433263955085,0.028201163852157443,-0.009363170513495615,0.15600366407157076,-0.07871685369906826
-0.00758647717854912,9.558535607975366e-05,0.02897288650516528,-0.009752014211109014,0.1526853971315646,-0.07682062534629143
-0.007440441230103052,4.6237335386761885e-05,0.029727777992883724,-0.01013123273861199,0.14927119795581198,-0.0748667856548991
-0.007290658083578997,-4.991161841492441e-06,0.030465364112905312,-0.010500541375792677,0.1457632500528235,-0.07285666921737607
-0.00713721498419793,-5.8050155067928585e-05,0.03118518173337063,-0.010859662169564363,0.14216379813330346,-0.07079164829129878
-0.006980201474929937,-0.0001128882849405799,0.03188677909532665,-0.011208324120042345,0.13847514664910499,-0.06867313189989385
-0.006819709339172289,-0.0001694528483400622,0.032569716107699306,-0.01154626336206288,0.13469965829995667,-0.06650256490832046
-0.0066558325419645995,-0.00022768983432727317,0.03323356463468907,-0.011873223342024602,0.13083975249595026,-0.06428142707636796
-0.006488667169779218,-0.0002875439609677537,0.03387790877539357,-0.012188954989935797,0.1268979037858479,-0.062011232088110185
-0.006318311368926031,-0.0003489587130085652,0.034502345135479444,-0.012493216886554009,0.12287664024850234,-0.05969352655917435
-0.006144865282611693,-0.00041187638038297315,0.035106483090721834,-0.012785775425507632,0.11877854184845407,-0.05732988902227507
-0.005968430986694205,-0.00047623809751768216,0.03568994504223924,-0.013066404970292739,0.11460623875850892,-0.05492192889176784
-0.005789112424174641,-0.0005419838834168365,0.03625236666325867,-0.013334888006041079,0.11036240964926308,-0.05247128540756782
-0.005607015338468619,-0.0006090526824964895,0.0367933971372422,-0.013591015285959273,0.1060497799441487,-0.049979626559710034
-0.0054222472055009425,-0.0006773824061427451,0.03731269938722382,-0.013834585972342446,0.10167112004849925,-0.04744864799355882
-0.005234917164667599,-0.0007469099749663036,0.037809950296204355,-0.014065407772068862,0.09722924354371397,-0.04488007189700741
-0.00504513594871006,-0.0008175713617256733,0.03828484091845577,-0.014283297066485916,0.09272700535685133,-0.04227564586981394
-0.0048530158125475245,-0.0008893016348908779,0.03873707668160262,-0.01448807903560184,0.08816729990188624,-0.03963714177655591
-0.004658670461113452,-0.0009620350028190563,0.0391663775793423,-0.014679587776500535,0.08355305919398784,-0.036966354582921704
-0.004462214976243378,-0.001035704858512953,0.03957247835467625,-0.014857666415901105,0.07888725093959101,-0.034265101177306315
-0.004263765742661629,-0.0011102438249329057,0.039955128673534845,-0.015022167216787475,0.07417287660384891,-0.03153521917724106
-0.004063440373115175,-0.0011855838008325748,0.04031409328867917,-0.015172951679037462,0.06941296945388344,-0.028778565722753627
-0.003861357632703362,-0.0012616560070883049,0.04064915219377195,-0.015309890633984745,0.0646105925832276,-0.025997016256159213
-0.0036576373624528776,-0.001338391033491689,0.04096010076751538,-0.015432864332849204,0.059768836914143655,-0.023192463289624356
-0.0034524004021877232,-0.001415718885974588,0.04124674990776041,-0.01554176252897845,0.05489081918386811,-0.020366815162074163
-0.003245768512744493,-0.0014935690342355776,0.04150892615550139,-0.015636484553846284,0.049979679912524846,-0.01752199478505906
-0.003037864297583659,-0.0015718704597365257,0.04174647180866824,-0.015716939386754933,0.04503858135421271,-0.014659938378400086
-0.0028288111238479736,-0.0016505517040377546,0.041959245025645055,-0.015783045718196134,0.04007070543651458,-0.011782594198079529
-0.002618733042919479,-0.0017295409174400119,0.04214711991844625,-0.01583473200682816,0.03507925168396531,-0.008891921254731774
-0.0024077547105269196,-0.0018087659079012769,0.04230998663548491,-0.01587193653003046,0.030067435131496567,-0.005989888026188505
-0.002196001306455683,-0.0018881541901962357,0.04244775143388138,-0.01589460742800216,0.02503848422709329,-0.003078471162491739
-0.0019835984539126376,-0.001967633035286102,0.042560336741262514,-0.01590270274137406,0.01999563872535929,-0.00015965418626891974
-0.0017706721385984839,-0.002047129519866309,0.04264768120700901,-0.015896190442307903,0.014942147573237466,0.002764573812731366
-0.001557348627540417,-0.0021265705760594826,0.04270973974291754,-0.015875048459062742,0.009881266790173803,0.005692219485333315
-0.0013437543877380788,-0.002205883041221008,0.04274648355324933,-0.01583926469401242,0.004816257342543696,0.008621286534795537
-0.001130016004675889,-0.0022849937078244123,0.042757900154143866,-0.015788837035096554,-0.0002496169847292619,0.011549777031551165
-0.0009162601007549512,-0.0023638293733937426,0.04274399338238488,-0.01572377336070141,-0.00531309171886529,0.014475692726507165
-0.0007026132536977784,-0.002442316890450067,0.042704783393511345,-0.01564409153796612,-0.01037090383055067,0.017397036367609947
-0.000489201914979112,-0.0025203832164392317,0.04264030664927294,-0.015549819414510536,-0.015419793864811113,0.020311813014622752
-0.0002761523283360946,-0.0025979554636079948,0.0425506158944375,-0.015440994803592262,-0.020456508069361213,0.023218031352687393
-6.35904484110138e-05,-0.002674960948795693,0.04243578012296475,-0.015317665462700806,-0.025477800519740874,0.026113705003894903
0.00014835814042025102,-0.0027513272431086574,0.04229588453356668,-0.015179889065602577,-0.03048043523948536,0.02899685383539618
0.0003595683049810598,-0.0028269822214446504,0.0421310304746828,-0.015027733167853267,-0.03546118831406915,0.031865505264327576
0.0005699154439352516,-0.0029018541118347053,0.04194133537890501,-0.014861275165798066,-0.04041684999704849,0.03471769555775249
0.0007792755680841102,-0.002975871544569846,0.04172693268689397,-0.014680602249087422,-0.04534422680736823,0.03755147112650545
0.0009875253802665927,-0.003048963601080313,0.0414879717608352,-0.01448581134673725,-0.05024014361613756,0.04036488981356357
0.0011945423548106087,-0.0031210598625350814,0.041224617787490946,-0.014277009066769606,-0.055101445721564765,0.0431560221734939
0.00140020481648343,-0.0031920904581296196,0.04093705167090969,-0.014054311629470387,-0.05992500091093607,0.04592295274619329
0.0016043920188896297,-0.0032619861130300603,0.040625469914862156,-0.013817844794306772,-0.06470770150807702,0.04866378131925292
0.0018069842222653049,-0.0033306781959421446,0.04029008449508027,-0.013567743780553341,-0.06944646640467583,0.05137662418211948
0.0020078627706177294,-0.0033980987662735706,0.039931122721380746,-0.013304153181675616,-0.07413824307513518,0.054059615368970346
0.002206910168160005,-0.003464180620858621,0.03954882708976357,-0.013027226873527666,-0.07878000957173492,0.05671090789020998
0.0024040101549907297,-0.0035288573402142303,0.039143455124579354,-0.01273712791642196,-0.08336877650195143,0.05932867495207271
0.0025990477819692027,-0.0035920633342969603,0.03871527921086867,-0.012434028451134891,-0.08790158898232411,0.06191111116275505
0.0027919094847371857,-0.003653733887730664,0.03826458641698269,-0.01211810958891638,-0.09237552857206902,0.06445643372464954
0.002982483156838821,-0.003713805204474969,0.03779167830759888,-0.01178956129557187,-0.09678771518145476,0.06696288361315468
0.0031706582218908644,-0.00377221445190507,0.037296870747253186,-0.011448582269693986,-0.10113530895682246,0.06942872673799887
0.0033563257047560247,-0.0038288998042736973,0.03678049369451686,-0.011095379815123159,-0.10541551213770842,0.07185225509033201
0.003539378301672839,-0.0038838004855265345,0.03624289098695075,-0.010730169707717355,-0.1096255708887354,0.07423178787198975
0.003719710449296203,-0.003936856811442775,0.035684420116978345,-0.010353176056518781,-0.11376277710022795,0.07656567260743981
0.0038972183926033583,-0.00398801023107294,0.03510545199882089,-0.009964631159408181,-0.11782447016275358,0.07885228623680011
0.0040718002516209155,-0.0040372033674465424,0.03450637072664683,-0.009564775353338956,-0.12180803870687168,0.08109003619088968
0.004243356086929209,-0.00408438005752266,0.03388757332409512,-0.009153856859250025,-0.12571092231381142,0.08327736144468297
0.0044117879639011225,-0.004129485391356948,0.033249469485331924,-0.008732131621756586,-0.12953061319146716,0.08541273355269306
0.004577000015633313,-0.004172465750459173,0.03259248130781017,-0.00829986314372217,-0.13326465781723476,0.0874946576610729
0.004738898504528626,-0.0042132688453158235,0.031917043016908,-0.007857322315823381,-0.13691065854363443,0.08952167349844292
0.0048973918824893785,-0.00425184375205294,0.031223600682623524,-0.007404787241213586,-0.1404662751701568,0.09149235634547533
0.005052390849682069,-0.004288140948214849,0.03051261192850862,-0.006942543055402248,-0.14392922647580475,0.09340531797905997
0.005203808411835037,-0.0043221123476350504,0.029784545633036574,-0.006470881741467655,-0.14729729171301298,0.09525920759477706
0.005351559936031517,-0.00435371133437612,0.029039881623593295,-0.005990101940720057,-0.15056831206429863,0.09705271270426204
0.005495563204961531,-0.004382892795716077,0.028279110363291685,-0.0055005087589419886,-0.1537401920563457,0.09878456000696532
0.005635738469597067,-0.00440961315415929,0.02750273263081737,-0.005002413568330359,-0.15681090093337985,0.10045351623768631
0.0057720085002560114,-0.00443383039845065,0.026711259193510185,-0.004496133805267858,-0.15977847398949402,0.10205838898731412
0.0059042986360213524,-0.004455504113572347,0.02590521047389591,-0.003981992764059701,-0.16264101385621554,0.10359802749594865
0.006032536832483265,-0.004474595509703295,0.025085116209888823,-0.003460319386764629,-0.16539669174661875,0.10507132342208032
0.0061566537077727525,-0.004491067450121902,0.024251515108881162,-0.0029314480492618677,-0.16804374865644517,0.10647721157902414
0.006276582586856649,-0.004504884478033563,0.023404954495946748,-0.0023957183436918612,-0.17058049651732055,0.10781467064897851
0.006392259544064923,-0.004516012842304983,0.022545989956392835,-0.0018534748574094346,-0.1730053193042443,0.10908272386399218
0.006503623443822367,-0.004524420522088123,0.021675184972889158,-0.0013050669486014631,-0.17531667409722673,0.11028043965919643
0.006610615979557947,-0.004530077250317295,0.020793110557410635,-0.0007508485187063408,-0.1775130920941818,0.11140693229885248
0.006713181710766255,-0.004532954536063683,0.019900344878236005,-0.00019117778178834148,-0.17959317957567011,0.11246136246834726
0.006811268098196716,-0.004533025685732272,0.01899747288224394,0.00037358296898086084,-0.18155561882115698,0.11344293783933365
0.006904825537147443,-0.004530265823086978,0.01808508591275705,0.0009430675975852847,-0.1833991689735975,0.11435091360243585
0.006993807388841847,-0.00452465190809049,0.0171637813231792,0.0015169063640145218,-0.18512266685754228,0.11518459296925898
0.007078170009867386,-0.004516162754546126,0.016234162086678626,0.002094726165548546,-0.18672502774268795,0.11594332764435084
0.007157872779657067,-0.004504779046529802,0.015296836402176175,0.0026761507803141106,-0.1882052460582922,0.11662651826187499
0.007232878125995634,-0.004490483353600972,0.014352417296891214,0.0032608011129588547,-0.18956239605569264,0.11723361479602254
0.0073031515485336386,-0.004473260144782226,0.01340152222570621,0.0038482954422822415,-0.1907956324183091,0.11776411693333214
0.007368661640293899,-0.004453095801298006,0.012444772667613612,0.00443824967065569,-0.19190419081873028,0.11821757441604708
0.007429380107156164,-0.0044299786280637505,0.01148279371950743,0.005030277575076605,-0.19288738842374242,0.11859358735231887
0.007485281785307133,-0.004403898863917553,0.010516213687585348,0.005623991059688088,-0.19374462434508985,0.1188918064922743
0.007536344656644278,-0.004374848690587265,0.009545663676625939,0.006219000409600007,-0.19447538003867407,0.11911193347249352
0.007582549862123308,-0.004342822240386807,0.008571777177413269,0.006814914545844016,-0.19507921964639352,0.11925372102511006
0.007623881713040382,-0.004307815602636255,0.0075951896525793955,0.007411341281299122,-0.1955557902871558,0.11931697315693242
0.007660327700241625,-0.004269826828801135,0.006616538121129398,0.008007887577417857,-0.19590482229284312,0.11930154529056168
0.007691878501253763,-0.004228855936347179,0.005636460741926937,0.008604159801584603,-0.19612612938814136,0.11920734437613667
0.007718527985331106,-0.004184904911307627,0.004655596396407323,0.009199763984941281,-0.19621960881970396,0.11903432896653479
0.0077402732164154634,-0.004137977709561037,0.003674584270798722,0.009794306080507112,-0.19618524142373667,0.11878250925979744
0.007757114454006932,-0.0040880802568183565,0.0026940634381190827,0.010387392221427122,-0.19602309164811899,0.1184519471082066
0.007769055151944876,-0.00403522044731891,0.0017146724402185471,0.01097862897917931,-0.19573330751209522,0.11804275599266817
0.007776101955099766,-0.003979408141235753,0.0007370488701522555,0.011567623621569654,-0.19531612051442143,0.11755510096346995
0.007778264693977928,-0.003920655160791727,-0.00023817104485208507,0.012153984370347561,-0.1947718454873148,0.11698919854769273
0.007775556377242621,-0.003858975285088362,-0.0012103528595594128,0.012737320658275231,-0.1941008803956163,0.11634531662337533
0.0077679931821562085,-0.0037943842436506496,-0.0021788643257474333,0.013317243385478529,-0.19330370607959185,0.11562377425794382
0.00775559444294956,-0.0037268997086915005,-0.003143075805811169,0.01389336517491474,-0.19238088594590252,0.11482494151654088
0.007738382637126192,-0.003656541286100605,-0.0041023606846844855,0.014465300626786933,-0.19133306560342397,0.11394923923233621
0.007716383369709979,-0.0035833305051631904,-0.005056095779807247,0.015032666571739602,-0.19016097244568037,0.11299713874873091
0.007689625355446629,-0.003507290807015043,-0.006003661748868419,0.0155950823226732,-0.18886541517878846,0.11196916162470867
0.00765814039897046,-0.0034284475318409626,-0.00694444349505946,0.01615216992500531,-0.18744728329762783,0.11086587930813559
0.0076219633729493405,-0.0033468279048246554,-0.007877830569571339,0.016703554405220308,-0.1859075465071238,0.10968791277786329
0.007581132194221985,-0.0032624610208588957,-0.008803217571071793,0.017248864017542085,-0.18424725409305787,0.10843593215084765
0.007535687797943113,-0.003175377828025576,-0.009720004541901524,0.017787730488568583,-0.18246753423883463,0.10711065625975091
0.007485674109753272,-0.0030856111098561015,-0.010627597360732627,0.01831978925970831,-0.1805695932936066,0.10571285219613949
0.00743113801599144,-0.002993195466383355,-0.011525408131425538,0.01884467972725811,-0.17855471498355818,0.10424333482378023
0.007372129331969779,-0.002898167293997279,-0.012412855567833236,0.019362045479966852,-0.17642425957952057,0.10270296625971595
0.007308700768331223,-0.0028005647641168854,-0.01328936537430072,0.01987153453392751,-0.1741796630074732,0.10109265532454717
0.0072409078955117875,-0.0027004278006922903,-0.014154370621612424,0.02037279956464406,-0.1718224359172083,0.09941335696207318
0.007168809106330781,-0.0025977980565511367,-0.015007312118134983,0.020865498136121246,-0.16935416269181547,0.0976660716288012
0.0070924655767332714,-0.0024927188886045264,-0.015847638775915964,0.021349292926826868,-0.1667765004205771,0.09585184465344725
0.007011941224710451,-0.002385235331928331,-0.016674807971500952,0.021823851952376502,-0.16409117781341762,0.09397176556640609
0.0069273026674246405,-0.0022753940727364905,-0.017488285901223248,0.022288848784796745,-0.1612999940755008,0.09202696740169058
0.006838619176566945,-0.002163243420263639,-0.018287547930746564,0.022743962768222003,-0.15840481773382595,0.09001862596841267
0.006745962631976658,-0.002048833277575106,-0.019072078938619126,0.023188879230881965,-0.15540758541519895,0.08794795909557232
0.006649407473552699,-0.0019322151113230542,-0.01984137365361787,0.023623289693242955,-0.15231030058429837,0.08581622584882359
0.006549030651488483,-0.001813441920468203,-0.020594936985664197,0.024046892072164077,-0.1491150322342328,0.08362472571962519
0.006444911574862688,-0.0016925682039872676,-0.02133228435009293,0.02445939088093439,-0.14582391353726062,0.08137479778849999
0.00633713205861952,-0.001569649927586913,-0.022052941985056508,0.024860497425060843,-0.14243914044817071,0.07906781986208211
0.006225776268973077,-0.001444744489445673,-0.02275644726186114,0.025249929993676607,-0.13896297027368235,0.07670520758422414
0.006110930667271498,-0.0013179106850059223,-0.023442348988033577,0.0256274140464441,-0.13539772019529267,0.07428841352277302
0.0059926839523575534,-0.0011892086708386227,-0.024110207702910467,0.025992682395830927,-0.1317457657554631,0.07181892623195718
0.0058711270014633506,-0.001058699927604164,-0.02475959596556218,0.026345475384637457,-0.12800953930522274,0.069298269290655
0.005746352809677782,-0.0009264472221332217,-0.025390098634862537,0.026685541058659452,-0.1241915284149192,0.0667280003181433
0.005618456428026277,-0.0007925145686521347,-0.026001313141517546,0.02701263533437185,-0.1202942742470848,0.06410970996681617
0.00548753490020333,-0.0006569671891778659,-0.026592849751874457,0.02732652216152345,-0.11632036989567898,0.06144502089382398
0.005353687197999177,-0.0005198714731081579,-0.02716433182334105,0.027626973680535686,-0.11227245869095881,0.05873558671107049
0.0052170141554628326,-0.0003812949360330248,-0.02771539605124233,0.027913770374600796,-0.10815323246955291,0.055983090914973416
0.0050776184018445445,-0.0002413061777942387,-0.028245692706953304,0.02818670121637922,-0.10396542981483708,0.05318924579639745
0.0049356042933615335,-9.997483981996185e-05,-0.0287548858671539,0.028445563809199763,-0.0997118342654021,0.05035579133181904
0.004791077843831636,4.2628438237842546e-05,-0.029242653634052734,0.028690164522669155,-0.0953952724941313,0.04748449405593787
0.004644146654220232,0.000186432062535131,-0.02970868834643542,0.028920318622601117,-0.09101861245894202,0.04457714591684657
0.004494919841146551,0.00033136352970809655,-0.030152696781397502,0.029135850395179182,-0.08658476152589062,0.04163556311437952
0.00434350796439614,0.0004773494721571235,-0.030574400346627836,0.029336593265271067,-0.08209666456624219,0.038661584922373905
0.0041900229534869255,0.0006243157039130183,-0.030973535263119703,0.029522389908816307,-0.07755730203050465,0.035657072495721705
0.004034578033336929,0.0007721872670557668,-0.031349852738186045,0.029693092359212584,-0.07296968799603078,0.03262390766278905
0.0038772876490822863,0.0009208884786557046,-0.031703119128663665,0.02984856210763025,-0.06833686819501619,0.029563991704277245
0.0037182673900947897,0.0010703429782066367,-0.03203311609420061,0.029988670197188115,-0.06366191801976187,0.02647924411886796
0.003557633913248695,0.001220473775520121,-0.03233964074052428,0.030113297310928423,-0.05894794050970361,0.023371601377254574
0.0033955048654870324,0.0013712032990498171,-0.032622505752596495,0.03022233385353241,-0.05419806431918243,0.020243015664340308
0.0032319988057381223,0.001522453444614525,-0.03288153951756602,0.030315680026721418,-0.049415441668628095,0.01709545361126385
0.003067235126233437,0.0016741456244882588,-0.03311658623743675,0.030393245898293172,-0.04460324627966383,0.013930895017437635
0.0029013339732783337,0.0018262008168254678,-0.033327506031378996,0.030454951464748123,-0.03976467129723457,0.010751331564542131
0.002734416167527558,0.0019785396153892865,-0.033514175027613516,0.030500726707462882,-0.034902927196572626,0.007558765521361333
0.002566603123817741,0.0021310822795504946,-0.03367648544480693,0.030530511642372915,-0.030021239680794842,0.004355208442651479
0.0023980167706094116,0.0022837487845246804,-0.03381434566292632,0.030544256363131385,-0.02512284756696137,0.0011426798607369038
0.002228779469091309,0.0024364588718149495,-0.03392768028350278,0.030541921077715136,-0.02021100066362197,-0.002076794027236289
0.0020590139319999977,0.002589132099827368,-0.03401643017926599,0.030523476138451106,-0.015288957641661896,-0.005301181678375531
0.0018888431422079911,0.0027416878946262247,-0.034080552533114775,0.030488902065444703,-0.01035998389785232,-0.00852844752418517
0.0017183902711337352,0.0028940456007960874,-0.03412002086639606,0.03043818956339254,-0.005427349414661051,-0.011756553296681396
0.0015477785970269401,0.0030461245323775642,-0.03413482505647447,0.030371339531766912,-0.0004943266167029565,-0.0149834593535685
0.0013771314231828217,0.0031978440238436172,-0.03412497134357924,0.030288363068366343,0.004435811774797502,-0.018207126006658966
0.0012065719961388741,0.0033491234810832547,-0.034090482326922036,0.030189281466226157,0.009359794888084156,-0.021425514849415073
0.0010362234239078105,0.0034998824323594045,-0.03403139695008824,0.03007412620389112,0.014274355845433458,-0.02463659008460002
0.0008662085943002908,0.003650040579207796,-0.03394777047570946,0.02994293892905689,0.019176233906079254,-0.027838319849091447
0.0006966500933910006,0.0037995178472436998,-0.03383967444943271,0.029795771435587523,0.024062176604619845,-0.03102867753865474
0.0005276701241815618,0.003948234436843442,-0.03370719665320915,0.029632685633924294,0.02892894188480616,-0.034205643126637056
0.0003593904255136261,0.004096110873667668,-0.03355044104793112,0.02945375351490366,0.0337733002264058,-0.03736720448161608
0.0001919321912853507,0.004243068058993452,-0.03336952770545452,0.029259057107006863,0.03859203676423423,-0.04051135867710336
2.5415990024258097e-05,0.0043890273198224404,-0.03316459273004958,0.029048688427069095,0.043381953397739884,-0.04363611329800436
-0.00014003831513074376,0.00453391045873239,-0.03293578816933039,0.028822749424477018,0.04813987088993735,-0.046739487738826455
-0.000304311645985667,0.004677639803439593,-0.03268328191472027,0.028581351918894004,0.05286263095411039,-0.04981951449437878
-0.0004672857883338584,0.004820138256039892,-0.032407257591517316,0.028324617531548572,0.05754709832707385,-0.05287424044379434
-0.0006288434704326363,0.00496132934189617,-0.0321079144386306,0.02805267761013033,0.062190162827612964,-0.05590172812350268
-0.0007888684408626296,0.005101137258140441,-0.03178546717806493,0.027765673147346518,0.06678874139865497,-0.05890005699002257
-0.0009472455457186941,0.0052394869217589094,-0.03144014587423839,0.027463754693184635,0.07133978013196046,-0.06186732467473018
-0.001103860805081718,0.005376304017228633,-0.03107219578322375,0.02714708226093956,0.07584025627389678,-0.0648016482232998
-0.0012586014887210892,0.005511515043674707,-0.030681877192011188,0.026815825227071415,0.08028718021112866,-0.06770116532395903
-0.0014113561909780985,0.005645047361517214,-0.030269465247896636,0.026470162224949006,0.08467759743469144,-0.07056403552500466
-0.0015620149047810815,0.00577682923857749,-0.029835249778106518,0.02611028103255203,0.08900859048135594,-0.07338844143378634
-0.001710469094743668,0.005906789895613612,-0.02937953509977557,0.025736378454208356,0.09327728085102295,-0.07617258990368261
-0.0018566117692981005,0.006034859551255394,-0.028902639820401733,0.025348660196435006,0.09748083089851267,-0.07891471320565788
-0.002000337551816209,0.006160969466309551,-0.028404896628907002,0.024947340737967408,0.10161644569937933,-0.08161307018138095
-0.0021415427506712922,0.006285051987406099,-0.02788665207743993,0.02453264319406171,0.10568137488744928,-0.08426594738089813
-0.002280125428194834,0.00640704058995749,-0.02734826635406272,0.024104799175155376,0.10967291446343551,-0.08687166018163625
-0.002415985468482713,0.006526869920402427,-0.026790113046470006,0.023664048639978924,0.11358840857365024,-0.08942855388894513
-0.002549024644006309,0.006644475837706764,-0.0262125788968929,0.02321063974321388,0.11742525125719122,-0.09193500481707198
-0.002679146680984681,0.006759795454094362,-0.025616063548348507,0.022744828677793344,0.12118088816056553,-0.09438942135114259
-0.002806257323474802,0.006872767174981313,-0.0250009792823989,0.0222668795119539,0.12485281821927803,-0.0967902449846346
-0.0029302643961376814,0.006983330738087405,-0.024367750748591713,0.021777064021136473,0.12843859530359664,-0.09913595134233624
-0.0030510778656390423,0.0070914272516992794,-0.02371681468575843,0.021275661514846493,0.13193582982971708,-0.10142505117365558
-0.0031686099006441415,0.007196999232060259,-0.023048619635350504,0.020762958658594708,0.1353421903334529,-0.10365609132705896
-0.003282774930367211,0.007299990639862393,-0.022363625647002006,0.020239249291020764,0.13865540500594714,-0.10582765570251813
-0.003393489701636956,0.007400346915816871,-0.02166230397650991,0.01970483423632797,0.14187326319089205,-0.1079383661745993
-0.00350067333444051,0.0074980150152795045,-0.02094513677642884,0.019160021112148193,0.14499361684153456,-0.10998688349731048
-0.003604247375909232,0.007592943441908667,-0.02021261677948193,0.018605124132959446,0.14801438193722952,-0.11197190817818817
-0.003704135852710755,0.00768508228033362,-0.019465246974995125,0.01804046390918766,0.15093353985749242,-0.11389218133052628
-0.0038002653218127394,0.007774383227811876,-0.018703540278565745,0.017466367242120032,0.15374913871426038,-0.11574648549652472
-0.003892564919584826,0.00786079962485486,-0.017928019195179702,0.016883166914767656,0.15645929464015584,-0.11753364544442617
-0.003980966409206399,0.007944286484801815,-0.017139215475999028,0.016291201478805882,0.15906219303211386,-0.11925252894028272
-0.004065404226348842,0.008024800522322581,-0.016337669769043234,0.0156908150377376,0.16155608975020275,-0.12090204748702957
-0.004145815523102134,0.008102300180830573,-0.015523931263991906,0.01508235702642068,0.1639393122703288,-0.12248115703973969
-0.004222140210116733,0.008176745658787992,-0.014698557331340772,0.014466181987097626,0.16621026079012524,-0.123988858689482
-0.004294320996932906,0.008248098934886037,-0.013862113156146862,0.013842649342077658,0.16836740928743893,-0.1254241993185048
-0.004362303430470815,0.00831632379208358,-0.013015171366602785,0.013212123163217154,0.17040930653019137,-0.12678627222569644
-0.00442603593165589,0.008381385840488552,-0.012158311657682991,0.012574971938348528,0.17233457703772656,-0.12807421772175437
-0.004485469830155222,0.008443252539067025,-0.01129212041010425,0.011931568334812603,0.17414192199377002,-0.12928722369261586
-0.004540559397201967,0.008501893216165731,-0.010417190304855425,0.011282288960246002,0.17583012010576013,-0.1304245261340245
-0.004591261876485966,0.008557279088834543,-0.009534119933546007,0.010627514120777507,0.17739802841800706,-0.1314854096533732
-0.004637537513090099,0.008609383280936219,-0.008643513404823186,0.00996762757679265,0.1788445830711211,-0.1324692079405698
-0.004679349580453108,0.008658180840031495,-0.007745979947122,0.009303016296429482,0.18016880000935326,-0.13337530420469706
-0.0047166644053409715,0.008703648753028424,-0.006842133508006,0.008634070206958104,0.18136977563704665,-0.13420313158385455
-0.004749451390810181,0.008745765960585652,-0.005932592350358392,0.007961181944213308,0.18244668742199666,-0.13495217351406413
-0.004777683037147592,0.00878451337026014,-0.00501797864568967,0.007284746600242812,0.18339879444549215,-0.13562196407413418
-0.004801334960772849,0.008819873868390664,-0.0040989180648279945,0.006605161469328019,0.18422543789917808,-0.1362120882917829
-0.004820385911090717,0.008851832330709235,-0.0031760393662580164,0.005922825792553253,0.18492604152881315,-0.1367221824181236
-0.004834817785281979,0.008880375631673411,-0.0022499739823804298,0.0052381405010832145,0.1855001120222215,-0.13715193416989155
-0.004844615641022937,0.008905492652513341,-0.0013213556039610597,0.004551507958320368,0.18594723934552648,-0.13750108293524685
-0.004849767707124876,0.00892717428798816,-0.0003908197630415239,0.0038633317011038137,0.18626709702228786,-0.13776941995137496
-0.0048502653920862344,0.00894541345184726,0.0005409965854147895,0.0031740161801272204,0.1864594423602375,-0.13795678843926243
-0.004846103290551593,0.008960205080992737,0.001473455482867136,0.0024839664997400204,0.18652411662070112,-0.13806308371561757
-0.004837279187672933,0.008971546138340256,0.002405918387260923,0.0017935881573007471,0.18646104513681358,-0.13808825326009172
-0.004823794061370033,0.008979435614376304,0.0033377465935303125,0.0011032867822557385,0.18627023737094223,-0.13803229675791173
-0.004805652082488216,0.008983874527410781,0.004268301654267316,0.00041346787511391877,0.18595178692385933,-0.13789526609881614
-0.004782860612853046,0.00898486592252461,0.00519694580028276,-0.0002754634535174626,0.18550587148231817,-0.13767726535373642
-0.004755430201222963,0.008982414869213005,0.006123042360779632,-0.0009631027436630598,0.1849327527164309,-0.13737845070450244
-0.004723374577142196,0.008976528457725784,0.007045956182870694,-0.0016490464462963301,0.1842327761199939,-0.13699903034880562
-0.004686710642697687,0.008967215794107078,0.007965054050157853,-0.0023328921830900926,0.1834063707948694,-0.13653926436869934
-0.004645458462185137,0.008954487993937542,0.008879705100102388,-0.0030142390054153667,0.1824540491829449,-0.1359994645614102
-0.004599641249690642,0.008938358174783058,0.009789281239913702,-0.003692687652430866,0.1813764067415808,-0.13537999424478941
-0.004549285354595756,0.008918841447354773,0.01069315756068133,-0.004367840808092093,0.1801741215654698,-0.1346812680197013
-0.004494420245015189,0.008895954905386132,0.011590712749480436,-0.005039303356901479,0.1788479539541723,-0.1339037515040533
-0.004435078489177697,0.008869717614233434,0.012481329499180634,-0.00570668263824765,0.17739874592590688,-0.13304796103441519
-0.004371295734762052,0.008840150598207268,0.013364394915688284,-0.006369588699158256,0.17582742067715332,-0.1321144633298272
-0.004303110686201363,0.00880727682664297,0.01423930092235716,-0.007027634545304289,0.17413498199039662,-0.13110387512858607
-0.004230565079970301,0.008771121198719142,0.015105444661299684,-0.0076804363900933184,0.1723225135866132,-0.13001686278702573
-0.00415370365787115,0.008731710527034016,0.015962228891335573,-0.008327613901682778,0.17039117842774262,-0.12885414184875843
-0.004072574138335889,0.00868907351995032,0.016809062382320605,-0.00896879044776219,0.16834221796626983,-0.12761647658300582
-0.003987227185762825,0.008643240762720066,0.01764536030559204,-0.009603593337932273,0.16617695134230462,-0.12630467948502797
-0.0038977163779075666,0.0085942446974015,0.018470544620278005,-0.010231654063528394,0.1638967745320814,-0.1249196107534204
-0.0038040981713494534,0.008542119601581247,0.01928404445521494,-0.010852608534735414,0.16150315944269233,-0.12346217772938742
-0.003706431865055748,0.00848690156591543,0.020085296486222266,-0.011466097314833891,0.15899765296023888,-0.1219333343100038
-0.003604779562067222,0.008428628470504367,0.02087374530848859,-0.012071765851422873,0.156381875946291,-0.12033408032558861
-0.0034992061293299395,0.008367339960116151,0.021648843803823706,-0.012669264704473876,0.15365752218775436,-0.11866546089481277
-0.0033897791556992984,0.008303077418275257,0.022410053502534766,-0.013258249771061508,0.1508263572966697,-0.11692856574023952
-0.0032765689081435665,0.008235883940232955,0.02315684493968923,-0.013838382506622256,0.1478902175651154,-0.11512452848405956
-0.003159648286175351,0.00816580430483715,0.023888698005531606,-0.014409330142607093,0.14485100877183515,-0.11325452590987524
-0.0030390927745405872,0.00809288494531989,0.024605102289821053,-0.014970765900378267,0.1417107049439436,-0.11131977719859475
-0.002914980394195794,0.008017173919021549,0.025305557419866214,-0.015522369201205543,0.1384713470741204,-0.10932154313231568
-0.0027873916516054547,0.007938720876071398,0.025989573392033425,-0.016063825872228057,0.13513504179276375,-0.10726112527669016
-0.0026564094863924972,0.007857577027044921,0.02665667089651098,-0.016594828348256294,0.13170395999825885,-0.10513986513460416
-0.0025221192173759226,0.007773795109618929,0.027306381635115617,-0.01711507586926778,0.12818033544359592,-0.1029591432699897
-0.0023846084870306947,0.007687429354246151,0.02793824863193227,-0.017624274673474966,0.12456646328306477,-0.10072037841288456
-0.0022439672044060484,0.007598535448871675,0.02855182653658199,-0.0181221381858394,0.12086469857682275,-0.0984250265328893
-0.002100287486539376,0.007507170502714193,0.029146681919918614,-0.018608387201902672,0.11707745475782648,-0.09607457989241944
-0.001953663598403852,0.007413393009135627,0.02972239356196179,-0.01908275006682193,0.11320720205944382,-0.09367056607528318
-0.0018041918914289206,0.0073172628076233325,0.030278552731872264,-0.019544962849487035,0.10925646590474572,-0.091214546990759
-0.0016519707406336972,0.0072188410449096265,0.030814763459788504,-0.01999476951160304,0.10522782526175078,-0.0887081178556431
-0.001497100480414278,0.0071181901352539816,0.03133064280034497,-0.02043192207163427,0.10112391096083659,-0.08615290615684822
-0.001339683339026804,0.0070153737199137554,0.03182582108769618,-0.020856180763500272,0.09694740397964813,-0.08355057058955301
-0.0011798233718090145,0.006910456625829855,0.032299942181881425,-0.021267314189915454,0.09270103369444803,-0.08090279997652021
-0.0010176263931838399,0.0068035048235542675,0.032752663706365544,-0.021665099470275402,0.088387576099199,-0.07821131216745957
-0.0008531999074893932,0.006694585384446882,0.03318365727659912,-0.02204932238299288,0.08400985199423039,-0.0754778529195321
-0.0006866530386804987,0.0065837664371694886,0.03359260871944789,-0.022419777502188522,0.0795707251452796,-0.07270419475872492
-0.0005180964589476322,0.006471117123505332,0.033979218283346095,-0.0227762683286467,0.07507310041400075,-0.06989213582454648
-0.00034764231629987155,0.006356707553533007,0.0343432008390344,-0.023118607414954223,0.07051992186132275,-0.06704349869846363
-0.00017540416115913485,0.006240608760183936,0.03468428607075025,-0.023446616484734024,0.06591417082501652,-0.06416012921345621
-1.4968720136419949e-06,0.006122892653213041,0.0350022186577438,-0.023760126545898923,0.061258863972403675,-0.06124389525250405
0.00017396341982084458,0.006003631972612664,0.035296758445999075,-0.02405897799785058,0.056557051329706835,-0.05829668552815864
0.0003508594062828511,0.005882900241500072,0.03556768061004672,-0.02434302073255157,0.05181181428935079,-0.05532040835223838
0.0005290726794403886,0.005760771718509321,0.03581477580476082,-0.024612114229409083,0.0470262635962905,-0.052316990390765844
0.0007084838091092809,0.005637321349718502,0.03603785030703912,-0.02486612764390114,0.042203537315029536,-0.049288375406056746
0.0008889724211638947,0.005512624720143738,0.03623672614727209,-0.025104939889890966,0.037346798778156616,-0.046236522989874115
0.0010704172764890868,0.005386758004831589,0.036411241230513786,-0.025328439715574472,0.03245923451852378,-0.04316340728352894
0.0012526963505217496,0.005259797919581771,0.03656124944727358,-0.02553652577300944,0.02754405218539517,-0.04007101569045813
0.0014356869133299493,0.005131821671332332,0.03668662077385389,-0.02572910668118591,0.022604478446725907,-0.03696134758013156
0.0016192656101772847,0.0050029069082396785,0.036787241362167905,-0.025906101082588135,0.017643756878882134,-0.03383641298075802
0.0018033085425197758,0.00487313166948602,0.036863013618976447,-0.026067437693214273,0.0126651458445332,-0.03069823126969684
0.0019876913493822954,0.004742574334846998,0.036913856274489884,-0.026213055346025253,0.007671916360842484,-0.027548829854694423
0.0021722892890613044,0.00461131357405241,0.03693970444029029,-0.02634290302778721,0.0026673499593188417,-0.024390242850088895
0.002356977321100428,0.00447942829597309,0.036940509656532894,-0.026456939909284695,-0.0023452634622764283,-0.021224509748904538
0.0025416301884852266,0.00434699759766711,0.036916239928394746,-0.026555135368886533,-0.007362627792982037,-0.018053674091831343
0.002726122500003356,0.004214100713318577,0.03686687975174522,-0.026637469009448925,-0.012381442866829986,-0.014879782133125019
0.0029103288127162075,0.004080816963102351,0.03679243012802003,-0.026703930668541268,-0.017398406623245953,-0.011704881503812992
0.0030941237144880237,0.003947225702008074,0.03669290856828787,-0.026754520421989184,-0.02241021726961929,-0.008531019875353651
0.003277381906518456,0.003813406268656939,0.03656834908650451,-0.02678924858073102,-0.027413575443724955,-0.0053602436213810445
0.003459978285824504,0.0036794379341446044,0.036418802181957734,-0.026808135680992846,-0.0324051863749852,-0.0021945964833494785
0.0036417880276178147,0.003545399850943677,0.036244334810913395,-0.026811212467784406,-0.0373817620427493,0.0009638817667259776
0.0038226866675233682,0.003411371001899116,0.036045030347477865,-0.026798519871727298,-0.04234002333146401,0.0041131566561167605
0.004002550183585688,0.0032774301493498944,0.03582098853370355,-0.02677010897923116,-0.04727670217826188,0.0072512003423386194
0.004181255078008827,0.0031436557844101236,0.03557232541896775,-0.02672604099603527,-0.052188543716057294,0.01037599293601582
0.004358678458576566,0.0030101260764427928,0.03529917328866029,-0.026666387204142054,-0.0570723084069262,0.013485523821271009
0.0045346981196994415,0.002876918822759112,0.035001680582226934,-0.026591228912165303,-0.06192477416641846,0.01657779296942929
0.004709192623035473,0.0027441113985763287,0.034680011800623654,-0.02650065739913041,-0.06674273847489219,0.01965081224452786
0.004882041377631724,0.0026117807072667063,0.034334347403236196,-0.02639477385176004,-0.07152302048009168,0.022702606703619607
0.0050531247195341475,0.0024800031309301683,0.03396488369433313,-0.026273689295285865,-0.07626246308113453,0.025731215886050308
0.00522232399081348,0.002348854481322904,0.033571832699122714,-0.026137524517833573,-0.08095793500303151,0.028734695094866262
0.005389521617955356,0.0022184099511739956,0.03315542202949691,-0.025986409988426842,-0.08560633284729038,0.03171111666782586
0.005554601189563192,0.002088744065921882,0.03271589473954881,-0.0258204857686664,-0.09020458313194649,0.034658571236351694
0.00571744753332287,0.0019599306359021954,0.03225350917095006,-0.025639901418140126,-0.09474964430755589,0.03757516897415707
0.005877946792178681,0.0018320427090182142,0.03176853878829787,-0.025444815893625797,-0.09923850875331987,0.04045904083157496
0.00603598649967053,0.0017051525239248685,0.031261272004529064,-0.0252353974421533,-0.10366820475420285,0.0433083397574245
0.006191455654382934,0.0015793314637568868,0.030732011996518583,-0.025011823487994182,-0.1080357984499891,0.04612124190622226
0.00634424479345692,0.0014546500104313334,0.030181076510981827,-0.024774280513653046,-0.112338395764713,0.0488959478302316
0.00649424606511653,0.0013311776995544003,0.029608797660803352,-0.024522963934938486,-0.1165731443066766,0.05163068365559208
0.006641353300162294,0.0012089830759619321,0.029015521711927464,-0.02425807797019455,-0.12073723524367909,0.05432370224198288
0.006785462082384686,0.0010881336499227413,0.028401608860947218,-0.023979835503778066,-0.12482790514841863,0.05697328432461047
0.006926469817851273,0.0009686958540333467,0.027767433003534393,-0.02368845794387111,-0.12884243781671223,0.059577739638172644
0.007064275803022033,0.0008507350008323126,0.02711338149386311,-0.023384175074720993,-0.13277816605180062,0.06213540802187352
0.007198781291648009,0.0007343152411618971,0.02643985489518037,-0.023067224903404165,-0.13663247342129542,0.06464466050485744
0.007329889560409345,0.0006194995233042342,0.02574726672168897,-0.022737853501214413,-0.1404027959752639,0.06710390037104384
0.007457505973249481,0.0005063495529187624,0.02503604317191176,-0.022396314839778567,-0.14408662393562077,0.06951156420329441
0.00758153804436321,0.00039492575380709695,0.024306622853700586,-0.022042870622006452,-0.1476815033488493,0.071866122905551
0.0077018954997971015,0.0002852872295309962,0.023559456501077016,-0.021677790107985925,-0.15118503770057853,0.07416608270265969
0.007818490337621746,0.00017749172590852155,0.02279500668309204,-0.021301349935936447,-0.1545948894934117,0.07640998611713126
0.007931236886636193,7.159559441291126e-05,0.02201374750488666,-0.020913833938338046,-0.1579087817887408,0.0785964129222298
0.008040051863565916,-3.234624350189625e-05,0.021216164301148796,-0.020515532953355776,-0.1611244997064053,0.08072398107067814
0.008144854428716585,-0.000134280331125762,0.020402753322169148,-0.020106744631683007,-0.16423989188545415,0.08279134759842982
0.008245566240046963,-0.0002341547102441613,0.019574021412696724,-0.019687773238929646,-0.16725287190351523,0.08479720950291471
0.008342111505625275,-0.0003319189538952411,0.018730485683809295,-0.019258929453684324,-0.17016141965145667,0.08674030459521417
0.00843441703443443,-0.0004275241981106986,0.017872673178006344,-0.01882053016138265,-0.1729635826697234,0.08861941232545589
0.008522412285492567,-0.0005209231726197213,0.017001120527742532,-0.018372898244116198,-0.17565747743580218,0.0904333545811247
0.008606029415256474,-0.0006120702304959097,0.016116373607628267,-0.017916362366519552,-0.17824129060990312,0.09218099645753369
0.008685203323276583,-0.0007009213767277922,0.015218987180521702,-0.017451256757875545,-0.18071328023272337,0.09386124700006938
0.00875987169607334,-0.0007874342956942467,0.014309524537744724,-0.016977920990581145,-0.18307177687806758,0.09547305991769081
0.008829975049205945,-0.0008715683775268602,0.01338855713365087,-0.01649669975511859,-0.18531518475947406,0.0970154342673312
0.008895456767505618,-0.0009532847433419824,0.012456664214794072,-0.016007942631679015,-0.18744198278324486,0.09848741510849804
0.008956263143446724,-0.001032546269325972,0.011514432443929908,-0.015512003858588395,-0.18945072556242068,0.09988809412774985
0.009012343413630377,-0.0011093176096578835,0.010562455519101854,-0.015009242097686682,-0.19134004436880114,0.10121661023293509
0.009063649793356252,-0.0011835652182546022,0.009601333788056632,-0.014500020196814067,-0.19310864804928746,0.10247215011611126
0.00911013750925972,-0.0012552573693242048,0.008631673858238162,-0.013984704949559227,-0.19475532387810063,0.10365394878582522
0.00915176482999256,-0.0013243641767141038,0.007654088202626506,-0.013463666852426977,-0.19627893836656207,0.10476129006707452
0.009188493094926876,-0.0013908576120413231,0.006669194761662416,-0.012937279859584979,-0.19767843801907384,0.10579350706972505
0.009220286740863075,-0.001454711521593048,0.00567761654153145,-0.012405921135349269,-0.19895285003331273,0.10674998262455883
0.009247113326724092,-0.0015159016419863988,0.00467998120906272,-0.011869970804569962,-0.20010128295417898,0.10763014968716378
0.009268943556219352,-0.0015744056145771874,0.00367692068350222,-0.011329811701082054,-0.2011229272700211,0.10843349170799957
0.009285751298463282,-0.001630202998608237,0.0026690707254385464,-0.010785829114385284,-0.20201705595544825,0.10915954297070815
0.009297513606534535,-0.0016832752830886703,0.0016570705231460947,-0.010238410534717949,-0.20278302496153247,0.109807888896226
0.00930421073396343,-0.001733605897396399,0.0006415622766092373,-0.009687945396693116,-0.2034202736532105,0.1103781663137071
0.009305826149136465,-0.0017811802205968908,-0.000376809220495091,-0.009134824821665426,-0.20392832518852083,0.11087006369736885
0.009302346547608089,-0.001825985589472123,-0.0013973970005839442,-0.008579441358994888,-0.20430678684702047,0.11128332137084676
0.009293761862311355,-0.0018680113052544824,-0.0024195523434475275,-0.008022188726378528,-0.20455535029841293,0.11161773167569719
0.009280065271660379,-0.0019072486390612111,-0.0034426251987526315,-0.007463461549421018,-0.20467379182362866,0.11187313910730701
0.009261253205538948,-0.001943690836025863,-0.004465964609489169,-0.006903655100613527,-0.20466197247098658,0.11204944041568934
0.009237325349170988,-0.0019773331181240747,-0.0054889191360775955,-0.006343165037891742,-0.20451983816438368,0.11214658467302457
0.009208284644870003,-0.002008172685691822,-0.006510837280874567,-0.005782387142945174,-0.20424741975440505,0.11216457330560274
0.009174137291665954,-0.0020362087176351764,-0.007531067912784678,-0.005221717059448658,-0.2038448330096394,0.1121034600930038
0.009134892742809458,-0.0020614423703314527,-0.008548960691706697,-0.0046615500313874824,-0.20331227855916828,0.1119633511314662
0.009090563701154582,-0.002083876775222473,-0.00956386649254241,-0.004102280641649197,-0.20265004177511753,0.1117444047638481
0.00904116611242285,-0.002103517035101555,-0.010575137828478496,-0.003544302551051315,-0.20185849259931682,0.11144683147530475
0.008986719156352536,-0.002120370219096665,-0.011582129273271059,-0.0029880082379765737,-0.20093808531770846,0.11107089375459162
0.008927245235738634,-0.0021344453563530504,-0.012584197882260423,-0.0024337887387876427,-0.1998893582780374,0.1106169059209808
0.008862769963370326,-0.0021457534284194998,-0.013580703611834123,-0.001882033389190278,-0.19871293355144232,0.11008523391796508
0.0087933221468741,-0.002154307360343253,-0.014571009737064856,-0.0013331295667147899,-0.19740951654085104,0.10947629507223025
0.008718933771472094,-0.0021601220104794047,-0.015554483267251736,-0.000787462434485484,-0.1959798955339008,0.10879055781949207
0.00863963998066654,-0.0021632141590215083,-0.016530495359095967,-0.0002454146864444254,-0.19442494120379236,0.10802854139693135
0.00855547905486262,-0.0021636024952609145,-0.01749842172722961,0.00029263370580121276,-0.19274560604966406,0.10719081550132391
0.008466492387943303,-0.002161307603583217,-0.018457643051839858,0.0008263057443426888,-0.1909429237944358,0.10627799991526649
0.008372724461811186,-0.0021563519482110096,-0.0194075453831215,0.0013552276543814445,-0.18901800871822216,0.10529076410023587
0.00827422281891355,-0.002148759856702969,-0.020347520542279965,0.0018790291315227258,-0.18697205494516375,0.10422982675627662
0.008171038032768314,-0.0021385575022201124,-0.021276966518836194,0.002397343586787953,-0.1848063356773282,0.10309595534981415
0.008063223676509789,-0.002125772884570871,-0.022195287863969047,0.0029098083891894574,-0.18252220237581296,0.10188996561078766
0.007950836289474421,-0.0021104358100474366,-0.023101896079632627,0.0034160651057045886,-0.18012108388961892,0.10061272099526475
0.007833935341848073,-0.002092577870066614,-0.02399621000319983,0.003915759738490656,-0.17760448553726196,0.09926513211916232
0.007712583197397583,-0.0020722324186292227,-0.024877656187378406,0.004408542959189218,-0.1749739881341689,0.09784815616026252
0.007586845074310653,-0.002049434548612843,-0.025745669275145072,0.004894070340163221,-0.17223124697249778,0.0963627962293385
0.00745678900416933,-0.0020242210669134753,-0.026599692369457643,0.005372002582513797,-0.16937799075253052,0.09481010071089169
0.007322485789083577,-0.0019966304684524492,-0.02743917739750443,0.005842005740729542,-0.16641602046618487,0.09319116257540633
0.0071840089570126345,-0.0019667029090656477,-0.028263585469246767,0.00630375144381996,-0.16334720823075038,0.09150711866076082
0.007041434715303049,-0.0019344801772928533,-0.029072387230020227,0.006756917112786736,-0.16017349607863351,0.08975914892594981
0.006894841902473448,-0.0019000056650857501,-0.02986506320696744,0.007201186174290689,-0.15689689470025162,0.08794847567563122
0.006744311938277267,-0.0018633243374538205,-0.030641104149067996,0.007636248270372964,-0.1535194821399703,0.0860763627572787
0.006589928772075758,-0.0018244827010680757,-0.03140001136054816,0.00806179946409487,-0.1500434024520948,0.08414411473148409
0.006431778829554751,-0.0017835287718432455,-0.03214129702745206,0.008477542440958722,-0.1464708643094648,0.08215307601405697
0.006269950957819686,-0.0017405120415197209,-0.032864484537154195,0.008883186705977488,-0.14280413957138882,0.08010462999344942
0.006104536368904518,-0.0016954834432672075,-0.03356910879060951,0.009278448776265595,-0.13904556181073785,0.07800019812179314
0.005935628581731155,-0.0016484953163326847,-0.03425471650713091,0.00966305236902187,-0.1351975247978232,0.07584123898071723
0.005763323362557075,-0.0015996013697558982,-0.034920866521496716,0.010036728584781577,-0.13126248094849868,0.07362924732316528
0.005587718663949794,-0.001548856645176227,-0.03556713007319436,0.010399216085817812,-0.12724293973055936,0.0713657530913289
0.005408914562327781,-0.0014963174787553648,-0.0361930910876057,0.010750261269573314,-0.12314146603397572,0.06905232041087196
0.00522701319410842,-0.0014420414622408344,-0.036798346448952135,0.011089618437009246,-0.11896067850459838,0.06669054656350065
0.005042118690504484,-0.0013860874031959261,-0.03738250626481839,0.011417049955760625,-0.1147032478419042,0.06428206093705112
0.004854337111011487,-0.001328515284422194,-0.037945194122084205,0.011732326417989162,-0.11037189506442094,0.06182852395436328
0.004663776375629161,-0.00126938622260118,-0.0384860473340918,0.012035226792830879,-0.1059693897386175,0.05933162598232343
0.004470546195861118,-0.0012087624261825506,-0.03900471717888542,0.012325538573337777,-0.10149854817883172,0.056793086220436134
0.0042747580045375605,-0.0011467071525463244,-0.03950086912837284,0.012603057917816013,-0.09696223161613732,0.054214651570858106
0.004076524884506704,-0.0010832846644673539,-0.03997418306825009,0.012867589785467547,-0.09236334433476269,0.051598095489755365
0.0038759614962412805,-0.0010185601859106787,-0.04042435350854688,0.013118948066245797,-0.0877048317839545,0.04894521682154443
0.003673184004407259,-0.0009525998571868165,-0.04085108978465657,0.0133569557048395,-0.08298967865992016,0.04625783861593626
0.0034683100034425467,-0.0008854706894964729,-0.04125411624871579,0.01358144481870281,-0.07822090696376996,0.04353780692938796
0.0032614584421941316,-0.0008172405188945635,-0.04163317245120728,0.013792256810053553,-0.07340157403282752,0.04078698961090897
0.00305274954766273,-0.0007479779597038181,-0.04198801331266498,0.013989242471765063,-0.06853477055025115,0.03800727507369539
0.002842304747904594,-0.0006777523574086079,-0.042318409285371034,0.014172262087082185,-0.06362361853217094,0.03520057105315297
0.002630246594140699,-0.0006066337410599764,-0.042624146504934804,0.014341185523095094,-0.05867126929333601,0.032368803352010624
0.0024166986821240375,-0.0005346927752231791,-0.04290502693165482,0.014495892317908845,-0.05368090139467229,0.029513914573489515
0.0022017855728162635,-0.000462000711499344,-0.04316086848156976,0.014636271761450482,-0.04865571857130355,0.026637862843165605
0.0019856327124253654,-0.00038862933965314424,-0.04339150514711068,0.01476222296986035,-0.04359894764506409,0.023742620520782076
0.0017683663518564862,-0.0003146509383786391,-0.043596787107275506,0.014873654953418174,-0.038513836420865456,0.020830172902347607
0.001550113465628389,-0.00024013822573567804,-0.043776580827252484,0.014970486677958146,-0.03340365156992576,0.017902516913640882
0.0013310016703084297,-0.00016516430928948487,-0.04393076914742486,0.015052647119732199,-0.028271676499024317,0.014961659795979906
0.0011111591425192117,-8.980263598623605e-05,-0.044059251361698,0.015120075313684792,-0.0231212092102328,0.012009617785057533
0.0008907145365703973,-1.4126941797624935e-05,-0.044161943285096955,0.01517272039510664,-0.017955560149349306,0.009048414783682058
0.0006697969017693849,6.178879883244133e-05,-0.044238777310588014,0.01521054163463927,-0.012778050047074104,0.0060800810293695105
0.0004485355994647948,0.000137870423705731,-0.04428970245508629,0.01523350846660666,-0.007592007752237091,0.0031066517575866785
0.00022706021987687334,0.00021404363371877038,-0.044314684394617734,0.015241600510654572,-0.0024007680603403483,0.0001301658615783651
5.500498769082343e-06,0.0002902340438096369,-0.04431370548861179,0.015234807586682497,0.0027923304627179724,-0.0028473354504081998
-0.00021601376598475748,0.000366367233968911,-0.044286764793306545,0.015213129723057628,0.007983947659381489,-0.005823809999539732
-0.00043735279788331943,0.0004423688002811896,-0.04423387806425688,0.015176577158104658,0.013170743960483566,-0.008797215981648303
-0.0006583869252761334,0.000518164405963539,-0.04415507774794281,0.015125170334869537,0.0183493825651454,-0.011765513312400108
-0.0008789866647829687,0.000593679832367264,-0.04405041296248163,0.01505893988915971,0.023516531619326014,-0.014726664971530981
-0.0010990228045997775,0.0006688410299093877,-0.043919949467455636,0.014977926630868119,0.028668866391071295,-0.017678638345105465
-0.001318366487636809,0.0007435741689002804,-0.043763769622873726,0.014882181518591884,0.03380307144169263,-0.0206194065653887
-0.001536889294434606,0.0008178056902339397,-0.04358197233729192,0.014771765627561733,0.03891584279102826,-0.023546949846671755
-0.0017544633258037348,0.0008914623559075057,-0.043374673005126395,0.014646750110902171,0.044003890075181365,-0.026459256817152516
-0.001970961285134274,0.0009644712993367103,-0.043142003433198337,0.01450721615424751,0.04906393869604214,-0.02935432584471152
-0.0021862565603212986,0.0010367600754340807,-0.042884111756556396,0.01435325492374181,0.05409273196073493,-0.03223016635756865
-0.0024002233052528342,0.0011082567104168765,-0.04260116234363148,0.01418496750745608,0.05908703320923114,-0.03508480015672326
-0.0026127365208070447,0.0011788897513119044,-0.042293335690785375,0.014002464850261213,0.06404362792921062,-0.03791626272122377
-0.0028236721353057243,0.0012485883151245566,-0.04196082830631917,0.01380586768219735,0.06895932585727096,-0.040722604504321344
-0.0030329070843715194,0.0013172821376396292,-0.0416038525840165,0.0135953064403861,0.07383096306379688,-0.04350189222017854
-0.003240319390136684,0.001384901621821718,-0.04122263666630473,0.013370921184536595,0.07865540402091084,-0.04625221011962369
-0.0034457882397515953,0.0014513778857832432,-0.04081742429712058,0.01313286150609917,0.08342954365274735,-0.04897166125534596
-0.003649194063141706,0.0015166428102884378,-0.04038847466457479,0.012881286431124902,0.0881503093655687,-0.051658368734361346
-0.0038504186099620917,0.001580629085761932,-0.039936062233519025,0.01261636431689581,0.09281466305673675,-0.05431047695727567
-0.004049345025699275,0.0016432702587708856,-0.03946047656812308,0.012338272742390792,0.09741960310164334,-0.056926152844731535
-0.004245857926870564,0.0017045007779499686,-0.03896202214457689,0.012047198392658526,0.1019621663168305,-0.05950358704817477
-0.0044398434752717115,0.0017642560393388352,-0.038441018154037936,0.011743336937172784,0.1064394298987513,-0.06204099514612206
-0.004631189451224337,0.0018224724311021376,-0.03789779829595226,0.011426892902249193,0.11084851333552012,-0.06453661882331418
-0.004819785325775191,0.001879087377602511,-0.03733271056188498,0.011098079537606487,0.11518658029139106,-0.06698872703376782
-0.00500552233180001,0.0019340393827973908,-0.03674611700999649,0.010757118677157085,0.1194508404640052,-0.06939561714599282
-0.005188293533965464,0.0019872680729309546,-0.03613839353031495,0.010404240594119697,0.12363855140861255,-0.07175561606896258
-0.00536799389750337,0.0020387142384929455,-0.035509929600956315,0.010039683850547359,0.12774702033484212,-0.0740670813599724
-0.005544520355752197,0.002088319875416609,-0.034861128035446526,0.009663695141368061,0.1317736058690736,-0.07632840231174631
-0.005717771876421614,0.002136028225488468,-0.03419240472131593,0.009276529133041063,0.1357157197831634,-0.07853800101905295
-0.00588764952653672,0.002181783815943176,-0.03350418835013285,0.008878448296931367,0.13957082869006868,-0.08069433342482543
-0.006054056536019415,0.0022255324982172163,-0.03279692013915141,0.008469722737513227,0.1433364557025065,-0.08279589034243115
-0.00621689835986529,0.002267221485835766,-0.03207105354475626,0.008050630015514582,0.1470101820555536,-0.0848411984570269
-0.006376082738875287,0.002306799391407607,-0.03132705396788861,0.007621454966114844,0.15058964869150748,-0.08682882130286826
-0.006531519758902368,0.0023442162627035448,-0.030565398451647265,0.00718248951231745,0.15407255780502999,-0.08875736021608954
-0.006683121908574351,0.0023794236177943962,-0.029786575371261486,0.006734032473617966,0.157456674349282,-0.09062545526370415
-0.006830804135455106,0.002412374479225219,-0.02899108411663533,0.006276389370091728,0.16073982750118043,-0.09243178614679096
-0.006974483900607286,0.002443023407203085,-0.028179434767672023,0.005809872222029384,0.1639199120841418,-0.09417507307814671
-0.007114081231520838,0.002471326531776341,-0.027352147762590914,0.005334799345251549,0.16699488994830194,-0.09585407763298755
-0.0072495187733725795,0.0024972415839839618,-0.02650975355945275,0.004851495142234864,0.16996279130696404,-0.09746760357368649
-0.007380721838583231,0.002520727925954268,-0.025652792291107437,0.004360289889187002,0.17282171603116067,-0.09901449764545824
-0.007507618454639397,0.002541746579932971,-0.02478181341380044,0.0038615195192089795,0.1755698348916374,-0.10049365034575061
-0.007630139410149098,0.0025602602562212026,-0.02389737534965813,0.0033555254016853493,0.17820539076528752,-0.10190399666370145
-0.007748218299100679,0.002576233380004898,-0.023000045123289497,0.0028426541180483654,0.1807266997821658,-0.10324451679109214
-0.00786179156329599,0.0025896321170576315,-0.022090397992743035,0.00232325723406173,0.1831321524364188,-0.104514236803562
-0.007970798532930016,0.0026004243982997322,-0.02116901707504903,0.0017976910687718746,0.1854202146411825,-0.10571222931238014
-0.008075181465290272,0.0026085799431972605,-0.02023649296660147,0.0012663164602787255,0.18758942873784107,-0.10683761408487949
-0.008174885581550561,0.0026140702819851752,-0.019293423358630542,0.0007294985284780233,0.18963841445053026,-0.1078895586354014
-0.008269859101634887,0.0026168687766998005,-0.018340412648005205,0.0001876064349306811,0.19156586979960477,-0.10886727878353547
-0.008360053277128649,0.002616950641006471,-0.017378071543625306,-0.0003589868599816619,0.19337057195235524,-0.1097700391814017
-0.008445422422215397,0.0026142929588090272,-0.01640701666866332,-0.000909904842460904,0.19505137803243905,-0.11059715381029514
-0.00852592394261886,0.0026088747016286286,-0.015427870158910588,-0.0014647676930928375,0.19660722586865365,-0.1113479864424782
-0.008601518362531133,0.0026006767447401434,-0.014441259257495028,-0.002023192536880916,0.1980371346975698,-0.11202195107275315
-0.008672169349509326,0.0025896818820552144,-0.013447815906224568,-0.002584793695352089,0.19934020581061462,-0.11261851231571601
-0.008737843737324223,0.0025758748397418933,-0.012448176333839111,-0.0031491829405682964,0.20051562314356797,-0.11313718577076691
-0.008798511546745878,0.002559242288571577,-0.011442980641428723,-0.003715969750878431,0.2015626538205875,-0.11357753835328685
-0.00885414600425246,0.0025397728549848056,-0.010432872385290403,-0.004284761568242519,0.20248064863474025,-0.11393918859234814
-0.00890472355864991,0.002517457130868322,-0.009418498157499905,-0.004855164056961548,0.2032690424814589,-0.11422180689526341
-0.008950223895591459,0.0024922876820366383,-0.008400507164466551,-0.005426781363640613,0.20392735473188228,-0.11442511577636266
-0.008990629949987313,0.002464259055412197,-0.007379550803752736,-0.005999216378216623,0.20445518955364395,-0.11454889005404141
-0.009025927916296307,0.002433367784899079,-0.006356282239432074,-0.006572070995881859,0.2048522361746204,-0.11459295701205292
-0.00905610725669261,0.002399612395946048,-0.005331355976261764,-0.007144946379728194,0.20511826909350356,-0.11455719652648107
-0.009081160707102024,0.0023629934087955906,-0.004305427432953301,-0.007717443223941869,0.2052531482298816,-0.1144415411589887
-0.00910108428110377,0.002323513340416475,-0.003279152514813773,-0.008289162017377418,0.20525681902592985,-0.11424597621523087
-0.009115877271695081,0.0022811767051182006,-0.002253187186037283,-0.008859703307335943,0.2051293124846661,-0.11397053976817938
-0.00912554225091728,0.0022359900138465855,-0.0012281870419337123,-0.00942866796337541,0.20487074515676218,-0.11361532264760738
-0.009130085067343465,0.0021879617721606024,-0.00020480688137139002,-0.00999565744098212,0.2044813190681667,-0.11318046839507638
-0.009129514841429296,0.0021371024768914297,0.0008162997202919629,-0.010560274044927733,0.20396132159717445,-0.11266617318316884
-0.00912384395872978,0.0020834246114855536,0.0018344808375088183,-0.011122121192141149,0.20331112528956768,-0.11207268570219747
-0.009113088060986348,0.002026942640034624,0.0028490866197822644,-0.011680803673922234,0.20253118761981076,-0.11140030701023677
-0.009097266035089898,0.001967672999995617,0.0038594697155850087,-0.012235927917324876,0.20162205070128691,-0.11064939035082026
-0.009076399999926913,0.0019056340936057237,0.00486498569467389,-0.012787102245540192,0.20058434093426541,-0.10982034093530631
-0.00905051529111707,0.0018408462779972415,0.005864993468514953,-0.013333937137106384,0.19941876860215968,-0.10891361569117063
-0.009019640443652223,0.0017733318540185874,0.006858855708552792,-0.01387604548377621,0.1981261274129759,-0.1079297229767601
-0.00898380717244796,0.0017031150537684164,0.007845939262051703,-0.01441304284687359,0.19670729398658895,-0.10686922226219134
-0.008943050350820318,0.0016302220268506588,0.008825615565229986,-0.014944547711971063,0.1951632272847241,-0.10573272377679802
-0.008897407986901588,0.001554680825359136,0.00979726105342106,-0.015470181741719567,0.19349496799170557,-0.10452088812260346
-0.00884692119801052,0.0014765213876012458,0.01076025756799046,-0.015989570026666403,0.1917036378360542,-0.1032344258561305
-0.008791634182993538,0.0013957755205710404,0.01171399275974486,-0.01650234133389598,0.18979043886570557,-0.10187409703570058
-0.008731594192554943,0.0013124768811828334,0.012657860488566455,-0.017008128353328746,0.18775665266293226,-0.10044071073740485
-0.008666851497595359,0.0012266609562772953,0.01359126121901024,-0.01750656794151915,0.1856036395145825,-0.09893512453875818
-0.008597459355579032,0.0011383650414127956,0.014513602411610494,-0.01799730136279088,0.18333283752551913,-0.09735824396993314
-0.008523473974951824,0.0010476282184555502,0.015424298909632735,-0.018479974527550916,0.1809457616833772,-0.0957110219340815
-0.008444954477633078,0.0009544913319829225,0.01632277332102202,-0.018954238227626558,0.1784440028723373,-0.09399445809617586
-0.008361962859605748,0.0008589969645150067,0.017208456395295602,-0.01941974836847009,0.17582922683709568,-0.09220959824123669
-0.008274563949630474,0.0007611894105903904,0.018080787395133805,-0.019876166198078766,0.17310317309818565,-0.09035753360223438
-0.00818282536611047,0.0006611146497027546,0.018939214462426926,-0.020323158532479735,0.1702676538190633,-0.08843940015815367
-0.008086817472135344,0.0005588203181157179,0.019783194978533904,-0.020760397977631465,0.16732455262372803,-0.08645637790253896
-0.007986613328733136,0.00045435567957406866,0.020612195918518816,-0.021187563147595505,0.16427582337023702,-0.08440969008307701
-0.00788228864636105,0.00034777159493025564,0.02142569419913519,-0.021604338878835474,0.1611234888763124,-0.08230060241291089
-0.007773921734666503,0.0002391204907057223,0.022223177020326532,-0.022010416440502063,0.15786963960022532,-0.08013042225372487
-0.007661593450551265,0.00012845632660736812,0.02300414220001889,-0.022405493740565347,0.15451643227671757,-0.07790049777158871
-0.0075453871445725395,1.583456202011123e-05,0.023768098501990215,-0.022789275527659133,0.15106608851181247,-0.0756122170659253
-0.007425388605715983,-9.868787850280076e-05,0.024514565956591922,-0.023161473588504268,0.14752089332887025,-0.07326700727212875
-0.007301686004576672,-0.00021505264072942522,0.025243076174124076,-0.02352180694078075,0.14388319368399133,-0.07086633363846503
-0.007174369834985123,-0.00033319997719575086,0.025953172650653295,-0.02387000202132163,0.14015539692769585,-0.06841169857788595
-0.007043532854116429,-0.0004530687845857326,0.026644411066063408,-0.02420579286950459,0.13633996923634945,-0.06590464069529844
-0.006909270021121667,-0.0005745966420205358,0.027316359574159604,-0.02452892130572039,0.1324394340021291,-0.06334673379102071
-0.006771678434321591,-0.0006977198502321918,0.027968599084625068,-0.024839137104800162,0.12845637018405598,-0.06073958584088885
-0.006630857267003654,-0.0008223734715962819,0.028600723536644678,-0.02513619816428756,0.12439341062378823,-0.05808483795407053
-0.0064869077018642855,-0.0009484913709977018,0.02921234016402231,-0.025419870667444278,0.12025324032726394,-0.0553841633086163
-0.006339932864139241,-0.0010760062575030076,0.02980306975160929,-0.025689929240881704,0.11603859470752773,-0.052639266066353996
-0.006190037753465707,-0.0012048497268123107,0.030372546882880685,-0.02594615710671392,0.11175225780103071,-0.04985188026653285
-0.006037329174520704,-0.001334952304463175,0.03092042017849768,-0.026188346229131593,0.10739706044576605,-0.047023768700536595
-0.00588191566648107,-0.0014662434897584726,0.03144635252569169,-0.026416297455300913,0.10297587843183739,-0.04415672176719204
-0.005723907431351167,-0.0015986518003896734,0.031950021298329134,-0.02662982065049287,0.09849163062313979,-0.041252556309591085
-0.005563416261205129,-0.0017321048177265889,0.03243111856750424,-0.02682873482735381,0.09394727704690203,-0.03831311443478465
-0.005400555464391221,-0.0018665292327441397,0.03288935130252198,-0.02701286826923176,0.08934581696019146,-0.03534026231639613
-0.005235439790746553,-0.0020018508925563044,0.033324441562145674,-0.027182058647477334,0.08469028688928722,-0.032335888981833635
-0.005068185355871047,-0.002137994847526996,0.033736126675974046,-0.027336153132640217,0.07998375864206074,-0.029301905083318775
-0.0048989095645101685,-0.0022748853989272384,0.0341241594158313,-0.027475008499487998,0.07522933730084277,-0.026240241655794524
-0.0047277310330965374,-0.00241244614710764,0.03448830815706023,-0.027598491225777188,0.07043015919072743,-0.023152848859880892
-0.004554769511501073,-0.002550600040154828,0.03482835702960833,-0.027706477584710325,0.065589389828512,-0.020041694713373637
-0.004380145804044857,-0.0026892694230001846,0.03514410605880637,-0.027798853731019913,0.06071022185070647,-0.016908763810461983
-0.00420398168982339,-0.0028283760869489173,0.03543537129575044,-0.027875515780617803,0.05579587292691958,-0.013756056028693769
-0.004026399842395366,-0.0029678413195972256,0.03570198493719714,-0.02793636988375929,0.05084958365176159,-0.010585585227901487
-0.003847523748888508,-0.003107585955105052,0.035943795434893185,-0.027981332291673537,0.045874615426656586,-0.007399377937797671
-0.0036674776285754154,-0.003247530424791684,0.03616066759426879,-0.028010329416612616,0.040874248323585806,-0.0041994720378336035
-0.003486386350972696,-0.0033875948080212396,0.03635248266242571,-0.02802329788528064,0.03585177893918356,-0.0009879154293750284
-0.0033043753535169948,-0.0035276988833448874,0.036519138405365734,-0.028020184585608537,0.03081051823682454,0.002233235298216337
-0.0031215705588718045,-0.0036677621798664644,0.036660549174404436,-0.028000946706838104,0.025753789378657084,0.0054619162099573
-0.0029380982919191886,-0.0038077040287980207,0.0367766459617269,-0.027965551772890757,0.020684925550330177,0.008696057368981793
-0.002754085196490769,-0.003947443615171668,0.03686737644504785,-0.027913977669001357,0.015607267778050691,0.011933584186777431
-0.0025696581518924945,-0.004086900029674021,0.03693270502134572,-0.027846212661589653,0.010524162741095654,0.01517241877790469
-0.002384944189277859,-0.004225992320569422,0.03697261282964806,-0.02776225541136219,0.005438960579840344,0.01841048131308028
-0.0022000704079243277,-0.004364639545678071,0.036987097762851646,-0.027662114979635444,0.00035501270159278347,0.021645691377618414
-0.0020151638914678136,-0.004502760824375163,0.036976174468569496,-0.027545810827868333,-0.004724330414451586,0.024875969329225363
-0.0018303516241500685,-0.004640275389577088,0.03693987433900145,-0.02741337281040911,-0.00979572141276712,0.02809923765446358
-0.001645760407133857,-0.004777102639680764,0.03687824548983418,-0.027264841160459338,-0.014855818254141884,0.03131342232544536
-0.001461516774940742,-0.00491316219042221,0.03679135272818534,-0.027100266469258654,-0.01990128640539417,0.034516454154827805
-0.0012777469120662291,-0.005048373926620476,0.03667927750960967,-0.026919709658507474,-0.0249288010248719,0.037706270145644025
-0.0010945765698269147,-0.005182658053773164,0.03654211788419447,-0.026723241946044574,-0.02993504914120813,0.04088081483951557
-0.0009121309834941308,-0.005315935149469825,0.03637998843177932,-0.02651094480479603,-0.03491673182484876,0.04403804165990152
-0.0007305347897684014,-0.00544812621458966,0.03619302018634084,-0.026282909915025358,-0.03987056635054429,0.047175914248367264
-0.0005499119446488044,-0.005579152724250048,0.03598136054959068,-0.02603923910991446,-0.04479328834951691,0.050292407795990465
-0.0003703856417510828,-0.005708936678472643,0.035745173193842614,-0.025780044314505916,-0.04968165394971005,0.05338551036742768
-0.00019207823112805855,-0.005837400652533886,0.03548463795421138,-0.025505447478052272,-0.054532441902781496,0.05645322421402971
-1.511113864557946e-05,-0.005964467846967042,0.03519995071021253,-0.025215580499808835,-0.059342455696760665,0.0594935670833459
0.0001603952140331289,-0.006090062137183066,0.03489132325683939,-0.0249105851483197,-0.06410852565249417,0.06250457351230786
0.00033432148880222623,-0.0062141081226778335,0.034558983165201125,-0.024590612974251563,-0.06882751100281378,0.06548429611494702
0.0005065495097550834,-0.006336531175793564,0.03420317363281148,-0.02425582521682513,-0.07349630195304485,0.06843080685562661
0.0006769623410615815,-0.006457257490002534,0.03382415332362577,-0.02390639270390869,-0.07811182172123964,0.07134219831094865
0.0008454443640297872,-0.006576214127681485,0.03342219619792921,-0.023542495745838422,-0.08267102855738453,0.07421658491715874
0.0010118813533014407,-0.006693329067345452,0.032997591332187076,-0.023164324023028725,-0.08717091773946725,0.0770521042067201
0.0011761605521312473,-0.006808531250310119,0.03255064272897406,-0.022772076467450417,-0.09160852354573817,0.07984691802460235
0.001338170746700568,-0.006921750626752115,0.03208166911710596,-0.022365961138051837,-0.09598092120150327,0.08259921373483027
0.0014978023394167223,-0.007032918201137127,0.031591003742102934,-0.02194619509020029,-0.10028522879970542,0.08530720540578876
0.001654947421149782,-0.007141966076986047,0.031078994147121532,-0.02151300423923203,-0.10451860919285504,0.08796913498151546
0.0018094998423594216,-0.007248827500949841,0.030546001944497664,-0.02106662321819504,-0.10867827185669207,0.09058327343327954
0.0019613552830651157,-0.007353436906164249,0.029992402578048697,-0.020607295229880897,-0.112761474722894,0.09314792189237822
0.0021104113216137243,-0.007455729954855917,0.02941858507628931,-0.02013527189323798,-0.1167655259808617,0.0956614127647882
0.0022565675021992905,-0.007555643580172014,0.028824951796723043,-0.019650813084266736,-0.12068778584564428,0.09812211082371006
0.0023997254010906855,-0.007653116027205914,0.028211918161374378,-0.019154186771499087,-0.12452566829382107,0.10052841428334941
0.002539788691523583,-0.007748086893192047,0.027579912383733713,-0.018645668846172594,-0.1282766427624454,0.10287875584724752
0.002676663207214106,-0.007840497166843518,0.026929375187295806,-0.018125542947202422,-0.13193823581271816,0.10517160374082189
0.002810257004452396,-0.007930289266806731,0.026260759515871403,-0.017594100281068756,-0.13550803275704315,0.1074054627126449
0.002940480422735278,-0.008017407079207714,0.025574530235861904,-0.017051639436738108,-0.13898367924675667,0.1095788750196141
0.0030672461438981356,-0.00810179599426555,0.02487116383069353,-0.01649846619573462,-0.14236288282059373,0.11169042138178063
0.0031904692497071114,-0.008183402941948836,0.024151148087608147,-0.015934893337488827,-0.1456434144135588,0.11373872191653683
0.0033100672778737317,-0.008262176426651752,0.02341498177701457,-0.015361240440083941,-0.14882310982387204,0.11572243704541753
0.0034259602764550937,-0.008338066560866955,0.022663174324610454,-0.01477783367653731,-0.1518998711377739,0.11764026837323516
0.003538070856603804,-0.008411025097833156,0.021896245476490307,-0.014185005606743024,-0.1548716681102848,0.11949095954447869
0.003646324243632933,-0.00848100546313591,0.021114724957454593,-0.0135830949652127,-0.15773653950400146,0.12127329706765082
0.0037506483263623582,-0.008547962785240826,0.020319152122745453,-0.01297244644475218,-0.1604925943796542,0.12298611111655734
0.003850973704713969,-0.008611853924939112,0.019510075603437076,-0.012353410476218624,-0.163138013343696,0.12462827629686479
0.003947233735524385,-0.00867263750368604,0.0186880529457098,-0.011726343004495607,-0.16567104974721447,0.12619871239234184
0.0040393645765449595,-0.008730273930813694,0.01785365024424398,-0.01109160526083044,-0.16809003083911278,0.127696385073725
0.004127305228600068,-0.008784725429600028,0.017007441769976116,-0.010449563531689894,-0.170393358868034,0.12912030658249335
0.004210997575875847,-0.008835956062177063,0.01615000959245796,-0.009800588924282018,-0.17257951213922745,0.1304695363806569
0.004290386424312802,-0.008883931753261779,0.015281943197062954,-0.009145057128890629,-0.1746470460187753,0.13174318177589894
0.00436541953807691,-0.008928620312694032,0.014403839097295004,-0.008483348178180887,-0.17659459388840515,0.13294039850799788
0.0044360476740851265,-0.008969991456766588,0.013516300442450838,-0.007815846203639051,-0.1784208680492613,0.13406039130873634
0.004502224614562463,-0.009008016828333182,0.012619936620891553,-0.007142939189294679,-0.18012466057445234,0.13510241442901272
0.004563907197609093,-0.00904267001568128,0.011715362859183188,-0.0064650187228900875,-0.18170484410889395,0.136065772132824
0.004621055345757234,-0.009073926570157029,0.010803199817369135,-0.005782479744660321,-0.1831603726167274,0.13694981915908228
0.004673632092498896,-0.009101764022530703,0.009884073180639268,-0.005095720293886111,-0.18449028207521995,0.13775396115060157
0.004721603606766873,-0.00912616189809178,0.008958613247660539,-0.004405141253387479,-0.18569369111627154,0.1384776550488514
0.004764939215352735,-0.00914710173046359,0.00802745451584111,-0.003711146092119804,-0.18676980161150045,0.1391204094582184
0.004803611423246884,-0.009164567074128323,0.007091235263796908,-0.0030141406060393634,-0.18771789920617993,0.13968178497395783
0.004837595931887144,-0.009178543515654029,0.006150597131295522,-0.0023145326574166656,-0.18853735379437464,0.14016139447512133
0.004866871655303679,-0.009189018683616062,0.00520618469695422,-0.0016127319127554997,-0.18922761994214604,0.14055890338934499
0.004891420734149447,-0.009195982257206333,0.004258645053961122,-0.0009091495794979668,-0.18978823725509303,0.14087402991366818
0.004911228547606745,-0.00919942597352451,0.0033086273841048614,-0.00020419814168478245,-0.1902188306874113,0.1411065452116056
0.004926283723161829,-0.009199343633546247,0.0023567825303899576,0.0005017089052616482,-0.19051911079855016,0.14125627356696666
0.004936578144240954,-0.009195731106764303,0.001403762568512679,0.0012081573204542197,-0.19068887395236128,0.14132309251006198
0.004942106955702599,-0.009188586334499345,0.0004502203774845278,0.001914732383985122,-0.1907280024588992,0.14130693290229895
0.004942868567182039,-0.009177909331878068,-0.0005031907903188985,0.002621019163717513,-0.19063646466247128,0.14120777899065756
0.004938864654285844,-0.009163702188477134,-0.0014558177394012706,0.003326602782263548,-0.1904143149704776,0.14102566842775638
0.004930100157635265,-0.00914596906763232,-0.0024070077613999015,0.004031068683964096,-0.1900616938289748,0.14076069225246274
0.004916583279758912,-0.009124716204413094,-0.00335610906507066,0.004734002901699825,-0.18957882763932865,0.14041299484182912
0.0048983254798365015,-0.00909995190226377,-0.0043024712057171816,0.005434992323357788,-0.18896602861928002,0.13998277382135588
0.004875341466296891,-0.00907168652831322,-0.00524544551378821,0.006133624957777503,-0.18822369460913135,0.13947027994653
0.004847649187275004,-0.009039932507356001,-0.006184385522358507,0.006829490200009743,-0.18735230881898712,0.13887581694636603
0.004815269818933659,-0.009004704314508633,-0.0071186473932151675,0.0075221790957120055,-0.18635243952367728,0.1381997413345391
0.004778227751657712,-0.0089660184665456,-0.008047590341270575,0.008211284604503549,-0.1852247396984854,0.1374424621820784
0.00473655057412932,-0.008923893511920545,-0.008970577057021102,0.008896401862109996,-0.18396994660172572,0.1366044408605005
0.00469026905529452,-0.008878350019478974,-0.009886974126776873,0.009577128441131634,-0.18258888130058326,0.1356861907481543
0.004639417124232708,-0.00882941056586964,-0.010796152450386537,0.010253064610254636,-0.1810824481432821,0.13468827690104634
0.004584031847941956,-0.00877709972166261,-0.011697487656183015,0.010923813591747036,-0.17945163417530904,0.13361131569591364
0.004524153407054499,-0.008721444036182897,-0.012590360512878467,0.011588981817067946,-0.17769750850287178,0.13245597443245014
0.004459825069498068,-0.008662472021069343,-0.013474157338136967,0.012248179180414358,-0.17582122160052777,0.13122297090611465
0.004391093162120082,-0.008600214132569313,-0.014348270403558397,0.01290101929004664,-0.1738240045680438,0.12991307294679746
0.00431800704029308,-0.008534702752580546,-0.015212098335807323,0.013547119717235361,-0.1717071683315269,0.12852709792869138
0.0042406190555210575,-0.008465972168452357,-0.01606504651362331,0.014186102242656833,-0.16947210279486738,0.12706591223989727
0.004158984521067719,-0.008394058551559159,-0.01690652746045264,0.014817593100072102,-0.16712027593686402,0.1255304307262103
0.004073161675628934,-0.008318999934660143,-0.017735961232442678,0.01544122321714579,-0.16465323285915084,0.12392161610326488
0.003983211645072992,-0.008240836188059682,-0.0185527758015452,0.016056628453232295,-0.16207259478185804,0.12224047833133747
0.003889198402273474,-0.008159608994583824,-0.019356407433477944,0.016663449833982276,-0.15938005799123983,0.12048807396865455
0.003791188725060879,-0.008075361823389056,-0.020146301060293657,0.017261333782615962,-0.15657739273504556,0.1186655054848195
0.003689252152320308,-0.007988139902620223,-0.02092191064731298,0.017849932347701224,-0.15366644207268348,0.11677392054928523
0.0035834609382637884,-0.007897990190935282,-0.021682699554181107,0.01842890342730521,-0.15064912067456687,0.11481451129230885
0.0034738900049069705,-0.007804961347915309,-0.022428140889810842,0.018997910989356916,-0.1475274135773268,0.11278851352837373
0.0033606168927811436,-0.007709103703378877,-0.023157717860977426,0.019556625288081764,-0.14430337488930667,0.11069720596156563
0.0032437217099126514,-0.007610469225620682,-0.02387092411433688,0.020104723076374256,-0.1409791264544745,0.1085419093554304
0.003123287079102957,-0.007509111488594962,-0.024567264071643013,0.0206418878139551,-0.13755685646797935,0.10632398567690701
0.002999398083543689,-0.007405085638064966,-0.02524625325794174,0.021167809871187514,-0.13403881805151172,0.1040448372160587
0.002872142210802128,-0.007298448356740407,-0.025907418622529082,0.021682186728416125,-0.13042732778342525,0.10170590567538607
0.002741609295213643,-0.007189257828425479,-0.02655029885245895,0.02218472317069631,-0.12672476418852277,0.09930867123668866
0.002607891458718639,-0.007077573701200695,-0.02717444467839617,0.022675131477786256,-0.12293356618636525,0.09685465159928952
0.002471083050182615,-0.006963457049662398,-0.027779419172612865,0.023153131609281338,-0.11905623150031182,0.09434540099874347
0.0023312805832389114,-0.006846970336244463,-0.028364798038931573,0.023618451384765236,-0.11509531502717187,0.09178250919481562
0.002188582672694709,-0.006728177371647247,-0.028930169894425303,0.024070826658861386,-0.1110534271703198,0.08916760044364454
0.0020430899695417864,-0.006607143274399498,-0.02947513654268813,0.02451000149106997,-0.10693323213481039,0.08650233243978896
0.0018949050946144598,-0.0064839344295794495,-0.029999313238495254,0.02493572831027409,-0.10273744618803977,0.08378839524185809
0.0017441325709380278,-0.006358618446721909,-0.030502328943680133,0.025347768073820436,-0.09846883588591136,0.08102751017668086
0.0015908787548118953,-0.006231264116938672,-0.03098382657405895,0.025745890421055927,-0.09413021626561474,0.07822142871751608
0.0014352517656723964,-0.006101941369280086,-0.03144346323723863,0.026129873821223608,-0.08972444900625749,0.07537193134955704
0.0012773614147811357,-0.005970721226366161,-0.031880910461152365,0.026499505715626842,-0.08525444055923546,0.07248082641173627
0.0011173191327854448,-0.005837675759316001,-0.03229585441317255,0.02685458265395911,-0.08072314024884014,0.06954994892117078
0.0009552378961982933,-0.005702878042004878,-0.03268799610965466,0.027194910424717503,-0.07613353834400156,0.06658115938218691
0.0007912321528457093,-0.00556640210467866,-0.03305705161577393,0.027520304179611293,-0.07148866410370609,0.06357634257532971
0.0006254177463304516,-0.005428322886955749,-0.03340275223552359,0.027830588551881863,-0.06679158379615784,0.0605374063328984
0.0004579118395613166,-0.00528871619024708,-0.03372484469174822,0.028125597768459777,-0.06204539869369498,0.05746628029826786
0.0002888328373980903,-0.005147658629625125,-0.034023091296092975,0.028405175755881515,-0.05725324304420884,0.054364914670427054
0.00011830030846273771,-0.005005227585173193,-0.03429727010875595,0.02866917623989828,-0.05241828202098179,0.05123527893627932
-5.356509383202375e-05,-0.0048615011528466735,-0.034547175087937976,0.028917462838715036,-0.04754370965182591,0.04807936059042356
-0.00022664171098510136,-0.004716558094878183,-0.034772616228890246,0.029149909149788378,-0.04263274672908156,0.0448991638389125
-0.00040080695978820315,-0.0045704777897588676,-0.03497341969246749,0.029366398830135605,-0.03768863870181646,0.04169670829997878
-0.0005759374133332099,-0.004423340181828439,-0.03514942792310111,0.02956682567009826,-0.03271465355163084,0.03847402768508386
-0.0007519088825927227,-0.004275225730506696,-0.0353004997561133,0.029751093660508626,-0.027714079653244933,0.03523316847906334
-0.0009285964985203824,-0.004126215359199612,-0.03542651051430041,0.02991911705322313,-0.022690223621596332,0.03197618860673848
-0.0011058747946172108,-0.003976390403913217,-0.03552735209372143,0.030070820414972464,-0.017646408146812925,0.028705156092995614
-0.001283617789909909,-0.0038258325616087273,-0.03560293303863318,0.030206138674497715,-0.012585969817888822,0.025422147717105326
-0.0014616990722867754,-0.0036746238383325524,-0.03565317860552188,0.03032501716294184,-0.007512256937592032,0.022129247660544957
-0.001639991882136655,-0.003522846497154935,-0.03567803081618797,0.030427411647468674,-0.0024286273288421424,0.018828546150188936
-0.001818369196236139,-0.003370583005951125,-0.03567744849984712,0.030513288358086917,0.0026615538651817024,0.015522138097107837
-0.001996703811830048,-0.0032179159850590873,-0.03565140732421926,0.03058262400766022,0.007754916385962773,0.01221212173221263
-0.002174868430850113,-0.003064928154847829,-0.035599899815583064,0.030635405805090905,0.012848087068515961,0.008900597240062206
-0.002352735744216659,-0.002911702283230498,-0.03552293536778195,0.030671631461666675,0.017937692051931176,0.005589665390245246
-0.0025301785161680394,-0.00275832113315643,-0.0354205402401728,0.0306913091905672,0.023020358991729276,0.002281426169965392
-0.002707069668562541,-0.0026048674101163565,-0.0352927575445184,0.030694457699530914,0.028092719270031152,-0.0010220225844808882
-0.0028832823650974926,-0.002451423709694952,-0.03513964722083089,0.030681106176684996,0.033151410204969686,-0.004318586553885486
-0.003058690095390354,-0.002298072465204903,-0.03496128600217925,0.030651294269545985,0.03819307725568666,-0.007606176301719119
-0.0032331667588666457,-0.0021448958954366085,-0.03475776736848311,0.03060507205720617,0.04321437622277041,-0.010882708634206454
-0.0034065867483996986,-0.0019919759525575584,-0.03452920148932036,0.030542500015724724,0.048211975442329955,-0.014146107958373018
-0.003578825033647353,-0.0018393942701953353,-0.03427571515578703,0.03046364897674256,0.05318255797100187,-0.01739430763449204
-0.003749757244030939,-0.0016872321117380694,-0.033997451701451714,0.03036860007934914,0.058122823763123624,-0.02062525132287562
-0.003919259751302086,-0.0015355703188860415,-0.03369457091245129,0.03025744471523164,0.06302949183704706,-0.023836894324125307
-0.004087209751643173,-0.0013844892604879615,-0.03336724892678888,0.030130284467142603,0.06789930242791681,-0.02702720491148943
-0.004253485347247523,-0.0012340687816952696,-0.033015678122898844,0.02998723104072514,0.07272901912809744,-0.030194165655494827
-0.004417965627325806,-0.0010843881534675969,-0.032640066997549295,0.029828406189739885,0.07751543101172047,-0.03333577473860841
-0.0045805307484854405,-0.0009355260224623027,-0.032240640033157464,0.02965394163474287,0.08225535474501157,-0.036450047260198314
-0.004741062014430219,-0.0007875603613407505,-0.031817637554607064,0.02946397897526516,0.08694563667514743,-0.03953501653088531
-0.004899441954927804,-0.0006405684195237168,-0.03137131557566117,0.02925866959555292,0.09158315490320998,-0.04258873535401056
-0.005055554403993227,-0.0004946266744280406,-0.030901945635064425,0.029038174563928765,0.09616482133548715,-0.04560927729565164
-0.00520928457723701,-0.00034981078321629747,-0.030409814622444544,0.028802664525839145,0.1006875837124651,-0.04859473794019618
-0.005360519148327085,-0.0002061955350909605,-0.02989522459412478,0.028552319590657772,0.10514842761544121,-0.05154323613235232
-0.005509146324514256,-6.385480416415028e-05,-0.02935849257896462,0.028287329212318142,0.10954437844862283,-0.0544529152035003
-0.00565505592117154,7.713849706629509e-05,-0.0287999503743578,0.02800789206385345,0.11387250339410446,-0.057321944182376176
-0.0057981394352983875,0.00021671246360409593,-0.02821994433251723,0.027714215905924933,0.11812991334212372,-0.0601485189890313
-0.005938290117941435,0.00035479624317523044,-0.02761883513718527,0.02740651744942443,0.12231376479065928,-0.06293086361116981
-0.006075403045484144,0.0004913200807525704,-0.026996997570915966,0.027085022212240604,0.12642126171706328,-0.06566723126236029
-0.006209375189758425,0.0006262153623554188,-0.02635482027307673,0.026749964370281855,0.1304496574186319,-0.06835590552113924
-0.006340105486932095,0.0007594146580953871,-0.025692705488731392,0.026401586602853327,0.13439625631950272,-0.07099520145027108
-0.0064674949051268344,0.0008908517644405395,-0.025011068808565365,0.026040139932488368,0.13825841574690811,-0.07358346669571303
-0.006591446510722111,0.0010204617456702446,-0.0243103389000199,0.025665883559339197,0.1420335476712776,-0.07611908256395492
-0.0067118655333014065,0.001148180974493697,-0.023590957229814566,0.025279084690234373,0.14571912041085547,-0.07860046507797439
-0.0068286594291979506,0.0012739471718056215,-0.022853377778032695,0.02488001836251419,0.14931266030189255,-0.08102606601009871
-0.006941737943598096,0.0013976994455532294,-0.022098066743959532,0.02446896726276003,0.15281175332737246,-0.08339437389156447
-0.007051013171161384,0.001519378328689083,-0.02132550224386663,0.024046221540534717,0.15621404670978772,-0.08570391499856114
-0.007156399615117334,0.001638925816185115,-0.020536174000932498,0.023612078617255807,0.15951725046386506,-0.08795325431300324
-0.007257814244799979,0.001756285401083662,-0.01973058302750601,0.023166842990326092,0.16271913890673034,-0.0901409964588824
-0.007355176551582172,0.001871402109562004,-0.018909241299920936,0.022710826032650358,0.16581755212729915,-0.09226578661141072
-0.007448408603172745,0.0019842225349875403,-0.018072671426069713,0.022244345787667718,0.1688103974131896,-0.09432631138164532
-0.007537435096240673,0.0020946948709413956,-0.017221406305951554,0.021767726760033836,0.17169565063407422,-0.09632129967190765
-0.00762218340733145,0.0022027689431889197,-0.01635598878542044,0.021281299702090948,0.17447135757837187,-0.09824952350524689
-0.007702583642042046,0.0023083962405762337,-0.015476971303358518,0.020785401396262334,0.17713563524639686,-0.10010979882619926
-0.007778568682421912,0.0024115299448326756,-0.014584915532500842,0.020280374433515276,0.17968667309667302,-0.10190098627262421
-0.007850074232568678,0.0025121249592597117,-0.013680392014149362,0.019766566988038022,0.18212273424391928,-0.1036219919182779
-0.007917038862388353,0.002610137936287612,-0.012763979787013208,0.01924433258827528,0.18444215661054192,-0.10527176798681998
-0.007979404049491037,0.0027055273038819228,-0.011836266010415635,0.018714029884473782,0.18664335402848714,-0.10684931353377915
-0.008037114219194374,0.0027982532907825214,-0.010897845582115833,0.01817602241288985,0.1887248172914341,-0.10835367509979393
-0.0080901167826082,0.002888277950558804,-0.009949320750993097,0.017630678356810994,0.19068511515766032,-0.1097839473317488
-0.008138362172775106,0.002975565184465325,-0.008991300724848812,0.017078370304550384,0.1925228953000538,-0.11113927357249598
-0.008181803878842897,0.0030600807630829993,-0.008024401273579989,0.01651947500457097,0.19423688520747567,-0.11241884641926922
-0.00822039847824621,0.0031417923467317627,-0.0070492443279811445,0.015954373117898244,0.19582589303206216,-0.11362190824982166
-0.008254105666875856,0.003220669504641393,-0.006066457574442043,0.015383448967985519,0.1972888083835781,-0.11474775171526833
-0.00828288828721576,0.0032966837328680097,-0.005076674045800431,0.014807090288194972,0.19862460307306698,-0.1157957202009505
-0.008306712354428723,0.003369808470944585,-0.004080531708622784,0.01422568796705844,0.1998323317979917,-0.11676520825366216
-0.00832554708037353,0.003440019117254629,-0.003078673047178607,0.013639635791483511,0.20091113277967904,-0.11765566197630899
-0.008339364895537318,0.003507293043119042,-0.0020717446443747753,0.013049330188076105,0.20186022834185363,-0.1184665793866536
-0.008348141468868451,0.003571609605586978,-0.0010603967599373848,0.012455169962748307,0.20267892543310256,-0.11919751074446569
-0.00835185572549653,0.0036329501589224046,-4.5282906106872264e-05,0.011857556038776432,0.2033666160991025,-0.1198480588442846
-0.008350489862327571,0.003691298064778898,0.0009729405788758431,0.011256891193487887,0.20392277789398366,-0.1204178792711336
-0.008344029361503729,0.003746638701056066,0.001993614959212283,0.01065357979374601,0.20434697424059217,-0.12090668062561702
-0.008332463001718363,0.003798959469431871,0.0030160795316351244,0.01004802753040298,0.20463885472854454,-0.12131422471159478
-0.008315782867378654,0.0038482498015659644,0.004039672056864623,0.009440641151900077,0.20479815536325463,-0.12164032668956587
-0.008293984355609378,0.003894501163970038,0.005063729192151967,0.008831828197186396,0.20482469875168316,-0.12188485519590651
-0.008267066181092835,0.003937707061542062,0.006087586924624484,0.0082219967281308,0.20471839423732327,-0.12204773242633185
-0.00823503037874139,0.003977863039762143,0.007110581005148658,0.00761155506160238,0.20447923797234638,-0.1221289341850359
-0.008197882304200444,0.004014966685548631,0.008132047382427624,0.007000911501395793,0.20410731293924045,-0.12212848989759875
-0.008155630632181141,0.00404901762677396,0.00915132263705471,0.006390474070177938,0.20360278891159364,-0.12204648258954337
-0.008108287352623464,0.004080017530440612,0.010167744415225485,0.0057806502416272105,0.20296592235671668,-0.12188304883074767
-0.00805586776469185,0.004107970099518438,0.011180651861839187,0.0051718466729455456,0.20219705628876417,-0.12163837864191822
-0.007998390468606847,0.004132881068445471,0.012189386052703139,0.0045644689379143,0.20129662005681662,-0.12131271537057985
-0.007935877355317748,0.004154758197295238,0.013193290425542884,0.003958921260672582,0.20026512907908137,-0.12090635552610748
-0.007868353594022557,0.004173611264614426,0.014191711209557074,0.003355606250391026,0.19910318452659498,-0.12041964858651485
-0.007795847617543075,0.004189452058935684,0.015183997853223075,0.0027549246370126763,0.1978114729398055,-0.11985299676482505
-0.007718391105564235,0.004202294368971144,0.016169503450074892,0.0021572750082372236,0.19639076580092202,-0.119206854745356
-0.007636018965748297,0.00421215397249315,0.0171475851621771,0.0015630535479175904,0.19484191903996223,-0.11848172938249724
-0.007548769312735825,0.004219048623909536,0.01811760464101144,0.0009726537760448094,0.19316587249377293,-0.11767817936661515
-0.007456683445046833,0.00422299804054165,0.01907892844551129,0.00038646629048832515,0.19136364930616676,-0.11679681485597856
-0.007359805819896774,0.004224023887614159,0.020030928456961323,-0.00019512148933989502,0.189436355273847,-0.11583829707530952
-0.007258184025943487,0.004222149761966534,0.02097298229049207,-0.0007717255767262768,0.1873851781384509,-0.1148033378792432
-0.007151868753982531,0.004217401174496936,0.02190447370289974,-0.0013429656696364533,0.18521138682461694,-0.11369269928482746
-0.0070409137656097095,0.004209805531350061,0.022824792996525164,-0.0019084654002726638,0.18291633062555293,-0.11250719296965668
-0.006925375859870881,0.004199392113861325,0.023733337418929072,-0.002467852582039925,0.18050143833601048,-0.11124767973724779
-0.0068053148379205175,0.004186192057270586,0.024629511558096426,-0.0030207594537628984,0.1779682173309314,-0.10991506895194161
-0.006680793465711729,0.004170238328219412,0.02551272773291459,-0.00356682292099142,0.17531825259633316,-0.10851031793946717
-0.0065518774347418166,0.004151565701046688,0.0263824063786684,-0.004105684794234803,0.1725532057051906,-0.10703443135788601
-0.006418635320878645,0.004130210732898155,0.027237976427297604,-0.004636992023974448,0.16967481374649157,-0.10548846053797176
-0.006281138541294412,0.004106211737666257,0.028078875682169952,-0.005160396932293315,0.16668488820244798,-0.10387350278957491
-0.006139461309534631,0.004079608758777412,0.02890455118712214,-0.005675557440975358,0.16358531377842814,-0.10219070068324244
-0.005993680588751346,0.004050443540844618,0.02971445958952655,-0.006182137295923162,0.16037804718333568,-0.10044124129587903
-0.005843876043130835,0.004018759500204019,0.030508067497146397,-0.006679806287746251,0.15706511586460267,-0.0986263554333569
-0.005690129987547225,0.003984601694354804,0.031284851828543875,-0.007168240468377459,0.15364861669438887,-0.09674731681912617
-0.0055325273354745914,0.003948016790322524,0.032044300156811485,-0.007647122363570277,0.15013071461265637,-0.09480544125800083
-0.005371155545191305,0.003909053031966634,0.03278591104640176,-0.008116141181144369,0.14651364122345392,-0.09280208577163562
-0.005206104564311456,0.0038677602062537333,0.033509194382832015,-0.008574993014837806,0.14279969334864875,-0.0907386477057393
-0.0050374667726793216,0.0038241896085186786,0.034213671695050345,-0.009023381043632353,0.13899123153868256,-0.08861656381207937
-0.004865336923663912,0.003778394006736409,0.03489887647024837,-0.00946101572642304,0.13509067854052853,-0.08643730930419533
-0.004689812083891664,0.003730427604827961,0.03556435446091436,-0.009887614991901664,0.1311005177258675,-0.08420239688725481
-0.004510991571456399,0.003680346005024786,0.036209663983927595,-0.01030290442353194,0.12702329147942537,-0.08191337576485538
-0.004328976892646662,0.0036282061693161203,0.03683437621149113,-0.010706617439493384,0.12286159954598996,-0.07957183061972206
-0.004143871677231512,0.003574066380004732,0.037438075453717856,-0.011098495467473917,0.11861809734469955,-0.07717938057249138
-0.003955781612346817,0.0035179861993969827,0.03802035943268144,-0.01147828811419921,0.11429549424073426,-0.074737678117626
-0.0037648143750249902,0.003460026428653697,0.03858083954775052,-0.011845753329585665,0.10989655178689653,-0.07224840803695606
-0.00357107956341203,0.003400249065828883,0.03911914113203395,-0.01220065756540924,0.10542408192647726,-0.06971328629247414
-0.003374688626716566,0.0033387172631238896,0.03963490369976383,-0.012542775928386454,0.10088094516547355,-0.06713405889841133
-0.0031757547939364724,0.0032754952833850956,0.0401277811844589,-0.012871892327565675,0.09627004871255396,-0.06451250077327751
-0.0029743930014093966,0.0032106484558737285,0.04059744216770746,-0.013187799615931048,0.09159434458687002,-0.061850414572871354
-0.0027707198192343297,0.0031442431313368924,0.041043570098419635,-0.01349029972612751,0.08685682769799905,-0.05914962950571356
-0.0025648533766121015,0.003076346636409338,0.04146586350240541,-0.013779203800217407,0.08206053389631074,-0.05641200013024536
-0.0023569132861533813,0.0030070272273759516,0.04186403618213823,-0.01405433231338143,0.07720853799681743,-0.05363940513536362
-0.002147020567203462,0.002936354043325362,0.04223781740657351,-0.014315515191483255,0.072303951777295,-0.050833746105366805
-0.0019352975682337431,0.0028643970587254705,0.042586952090896496,-0.014562591922420867,0.06734992195189937,-0.04799694626967763
-0.0017218678883504511,0.0027912270354520817,0.042911200966080115,-0.014795411661190324,0.062349628121549316,-0.04513094923810524
-0.0015068562979717204,0.002716915474302178,0.043210340738140056,-0.015013833328592536,0.05730628070242791,-0.04223771772277954
-0.0012903886587247056,0.0026415345660237267,0.04348416423698293,-0.015217725703518264,0.052223118834722894,-0.0393192322475121
-0.0010725918426149163,0.0025651571418942166,0.04373248055474788,-0.01540696750874983,0.04710340827125364,-0.03637748984511427
-0.0008535936505204456,0.002487856623880434,0.04395511517354901,-0.015581447490222828,0.04195043924919904,-0.03341450274408538
-0.0006335227300642149,0.002409706974412252,0.044151910082535516,-0.015741064489695106,0.0367675243454019,-0.030432297044825786
-0.0004125084929177701,0.0023307826458034736,0.04432272388419003,-0.015885727510775292,0.03155799631640257,-0.027432911387249258
-0.00019068103159054214,0.0022511585293529955,0.04446743188979439,-0.016015355778267036,0.026325205925343924,-0.024418395609448605
3.182896424116801e-05,0.0021709099041597756,0.04458592620399969,-0.016129878790788633,0.021072519756775238,-0.021390809399190462
0.00025489029181091546,0.0020901123856852787,0.044678115798443246,-0.016229236366633613,0.01580331802064703,-0.018352220938802316
0.0004783713196897088,0.0020088418740972433,0.04474392657436279,-0.01631337868284081,0.010520992347170554,-0.01530470554407675
0.0007021400725094034,0.0019271745024287564,0.044783301414166,-0.01638226630744909,0.005228943574113012,-0.012250344299233927
0.000926064315926614,0.0018451865845867518,0.04479620022191967,-0.016435870224913815,-6.942047264217382e-05,-0.009191222686655832
0.0011500116417717053,0.0017629545632441425,0.044782599952730644,-0.016474171854667395,-0.005370687202969117,-0.006129429214776302
0.0013738495533272912,0.0016805549576498872,0.04474249463099818,-0.0164971630628124,-0.01067144149001824,-0.0030670540432258036
0.001597445550680581,0.0015980643113913382,0.04467589535752397,-0.01650484616693825,-0.01596826789966598,-6.187607115298735e-06
0.0018206672160938553,0.0015155591401432573,0.044582830305473845,-0.01649723393405745,-0.021257752920384124,0.0030510807594363184
0.0020433822993373347,0.0014331158794379003,0.04446334470519222,-0.01647434957166141,-0.026536487192265312,0.006102664198979941
0.0022654588029287223,0.0013508108324905563,0.04431750081787734,-0.016436226711903094,-0.031801067733687294,0.00914647970434605
0.0024867650672237545,0.001268720118114898,0.044145377898134844,-0.016382909388914617,-0.037048100163309505,0.012180449491044871
0.0027071698553021843,0.001186919618762438,0.04394707214543086,-0.016314452009273638,-0.04227420091828407,0.015202502365346881
0.0029265424375937497,0.0011054849287203202,0.043722696644473535,-0.016230919315638484,-0.04747599946464511,0.018210575088714525
0.003144752676188837,0.0010244913025015594,0.04347238129456513,-0.016132386343574487,-0.05265014049871821,0.021202613736884524
0.0033616711087787526,0.0009440136034617332,0.043196272727966036,-0.016018938371599317,-0.05779328614091963,0.02417657505318384
0.0035771690321707585,0.0008641262526759756,0.042894534217322096,-0.015890670864479,-0.06290211811665747,0.027130427794941927
0.0037911185853232777,0.0007849031781099608,0.04256734557221684,-0.015747689409811413,-0.06797333992544355,0.030062154072093415
0.004003392831847005,0.0007064177641183744,0.042214903024913875,-0.01559010964793799,-0.07300367899574337,0.03296975067727579
0.004213865841917986,0.0006287428013041559,0.04183741910536133,-0.0154180571952295,-0.07798988882527252,0.03585123040611974
0.004422412773549107,0.0005519504367715665,0.04143512250553993,-0.015231667560794802,-0.08292875110328858,0.03870462336775934
0.004628909953166863,0.00047611212480587717,0.0410082579332436,-0.015031086056666365,-0.08781707781524345,0.04152797828361552
0.004833234955440691,0.0004012985780122027,0.040557085955383945,-0.014816467701521648,-0.09265171332861798,0.04431936377427154
0.0050352666823126795,0.0003275797189457021,0.04008188283092045,-0.01458797711800182,-0.09742953645678021,0.047076869633659715
0.005234885441175938,0.0002550246322650525,0.03958294033352636,-0.01434578842369491,-0.10214746250085385,0.049798608089104454
0.005431973022150483,0.00018370151744076153,0.03906056556410281,-0.014090085115854412,-0.10680244526856658,0.052482715047094994
0.005626412774406094,0.00011367764204952282,0.03851508075326282,-0.013821059949927769,-0.11139147906742962,0.05512735132356189
0.00581808968148216,4.501929568543934e-05,0.03794682305391221,-0.013538914811973942,-0.11591160067281489,0.05773070385796887
0.006006890435555258,-2.2208255481462495e-05,0.03735614432406531,-0.013243860585053098,-0.12035989126594565,0.060290986910369104
0.0061927035106058145,-8.794081346942581e-05,0.03674341090003379,-0.012936117009675285,-0.12473347834666347,0.0628064432407557
0.006375419234435979,-0.0001521152925423024,0.03610900336013189,-0.01261591253839893,-0.12902953761409622,0.06527534526978687
0.006554929859491522,-0.0002146697625309366,0.03545331627905916,-0.012283484184673898,-0.13324529481499564,0.06769599622022568
0.006731129632441402,-0.00027554349138997244,0.03477675797311456,-0.011939077366027513,-0.13737802756284678,0.07006673123832857
0.006903914862469415,-0.0003346769869619606,0.03407975023641033,-0.011582945741695895,-0.14142506711884537,0.07238591849431912
0.007073183988233195,-0.000392012037921158,0.03336272806825389,-0.0112153510448062,-0.14538380014372979,0.07465196026155858
0.007238837643446693,-0.00044749175386994797,0.03262613939187583,-0.010836562909219371,-0.14925167040749532,0.07686329397317325
0.007400778721043146,-0.0005010606045613613,0.0318704447646914,-0.010446858691146246,-0.15302618046627692,0.07901839325607685
0.007558912435876502,-0.0005526644582217488,0.031096117080276424,-0.010046523285653607,-0.15670489329971288,0.08111576894097922
0.00771314638592018,-0.0006022506189482422,0.03030364126225798,-0.00963584893817943,-0.16028543390766492,0.08315397004869134
0.007863390611923052,-0.0006497678631562458,0.029493513950313823,-0.009215135051180712,-0.16376549086999737,0.08513158475079587
0.008009557655483512,-0.0006951664750528177,0.028666243178488895,-0.008784687986040313,-0.16714281785997395,0.08704724130536379
0.008151562615503545,-0.0007383982811124411,0.02782234804603699,-0.008344820860361476,-0.1704152351207874,0.08889960896617122
0.008289323202985761,-0.0007794166835323314,0.026962358380998058,-0.007895853340783094,-0.17358063089478595,0.09068739886518132
0.008422759794137421,-0.0008181766926450961,0.026086814396738035,-0.007438111431450563,-0.17663696280922384,0.09240936486783113
0.008551795481746612,-0.0008546349582672418,0.02519626634167122,-0.006971927258280515,-0.17958225921750134,0.09406430440018784
0.008676356124796844,-0.0008887497999627217,0.02429127414238881,-0.006497638849161106,-0.18241462049546336,0.09565105924757594
0.008796370396287466,-0.0009204812362014223,0.023372407040430806,-0.006015589910229911,-0.18513222028773796,0.09716851632490185
0.008911769829228493,-0.0009497910123932126,0.02244024322294055,-0.005526129598377037,-0.18773330670836413,0.09861560841624795
0.00902248886077963,-0.0009766426277789124,0.021495369447436123,-0.005029612290122419,-0.19021620349340718,0.09999131488559904
0.009128464874504468,-0.0010010013611602866,0.02053838066094891,-0.004526397347016772,-0.1925793111014789,0.10129466235666008
0.009229638240712063,-0.0010228342954519277,0.019569879613773832,-0.0040168488777209185,-0.1948211077685516,0.10252472536168108
0.009325952354859373,-0.001042110341038661,0.018590476468084045,-0.003501335496919257,-0.19694015050736335,0.10368062695898353
0.009417353673989255,-0.0010588002579228894,0.0176007884016674,-0.0029802300812239828,-0.19893507605929522,0.10476153931912605
0.00950379175118006,-0.001072876676647084,0.01660143920704353,-0.002453909522230519,-0.20080460179025234,0.10576668427825944
0.00958521926798411,-0.0010843141179774291,0.01559305888621952,-0.001922754476885781,-0.20254752653935187,0.10669533385963581
0.009661592064833678,-0.0010930890113354415,0.014576283241346738,-0.0013871491153323499,-0.20416273140976043,0.10754681076173664
0.009732869169394412,-0.001099179711965203,0.01355175346155321,-0.0008474808663939944,-0.20564918050765058,0.10832048881360554
0.009799012822847479,-0.001102566516824672,0.012520115706221788,-0.00030414016086808453,-0.20700592162491877,0.10901579339675838
0.00985998850408309,-0.0011032316791903753,0.011482020684975844,0.00024247982720568587,-0.2082320868734585,0.1096322018327498
0.009915764951789386,-0.0011011594219656235,0.010438123234654855,0.0007919834411314386,-0.20932689325493745,0.11016924373755127
0.009966314184422042,-0.0010963359496832445,0.009389081893554784,0.001343972803828046,-0.2102896431850909,0.11062650134109168
0.010011611518041386,-0.0010887494591946814,0.008335558473210632,0.0018980480816117567,-0.21111972495257036,0.11100360977239264
0.010051635582005137,-0.0010783901490381631,0.007278217628003531,0.002453807749318775,-0.21181661313027003,0.11130025731041474
0.010086368332506358,-0.0010652502274795224,0.0062177264228656355,0.003010848856594539,-0.2123798689248881,0.11151618559989074
0.010115795063947549,-0.001049323919220102,0.005154753899376759,0.0035687672951734434,-0.21280914047066263,0.11165118983167105
0.010139904418143256,-0.0010306074707670655,0.0040899706405235796,0.00412715806697551,-0.21310416307060898,0.11170511888915545
0.010158688391345006,-0.0010090991544623104,0.003024048334418923,0.004685615552843704,-0.21326475937125355,0.11167787545812216
0.01017214233908375,-0.0009847992711670478,0.0019576593372573614,0.005243733781745334,-0.21329083949337124,0.11156941610253004
0.0101802649788265,-0.000957710151600009,0.0008914762357930177,0.005801106700262422,-0.21318240109236625,0.11137975130430522
0.010183058390445185,-0.0009278361563281104,-0.00017382859036739798,0.006357328442192576,-0.21293952937180005,0.11110894546775632
0.010180528014497243,-0.0008951836744092973,-0.0012375834063814344,0.006911993598084711,-0.2125623970338145,0.11075711688909773
0.010172682648318889,-0.0008597611206881714,-0.00229911755939872,0.00746469748453272,-0.21205126417309958,0.11032443769010564
0.0101595344399334,-0.000821578931745887,-0.003357761915121324,0.008015036413049964,-0.21140647811594204,0.10981113371679223
0.010141098879778234,-0.000780649560506687,-0.00441284929341246,0.008562607958349046,-0.21062847320051228,0.10921748440284078
0.010117394790256171,-0.0007369874695043272,-0.005463714902663607,0.009107011225850205,-0.20971777049994625,0.10854382259762292
0.010088444313117133,-0.0006906091228125217,-0.006509696772639055,0.009647847118242537,-0.20867497749023295,0.10779053435930976
0.010054272894678735,-0.0006415329766444148,-0.0075501361855143416,0.010184718600923936,-0.20750078765988178,0.10695805871325004
0.010014909268895044,-0.0005897794686269604,-0.00858437810482437,0.010717230966145153,-0.20619598006412954,0.10604688737523646
0.009970385438284428,-0.0005353710057569582,-0.009611771602042346,0.011244992095684312,-0.20476141882306131,0.10505756444042702
0.009920736652728773,-0.00047833195104636246,-0.010631670280512737,0.011767612721879766,-0.20319805256509488,0.10399068603775469
0.009866001386157754,-0.0004186886088653406,-0.011643432696454386,0.012284706686849771,-0.2015069138115646,0.10284689995024708
0.009806221311133201,-0.0003564692089924116,-0.012646422776763554,0.012795891199728543,-0.1996891183121023,0.10162690520126197
0.009741441271350017,-0.0002917038893818461,-0.013640010233345273,0.01330078709175002,-0.19774586432058566,0.10033145160732881
0.009671709252071429,-0.00022442467765935135,-0.014623570973691257,0.013799019069011619,-0.19567843181780786,0.09896133929731016
0.009597076348517732,-0.00015466547135789899,-0.01559648750744592,0.014290215962751788,-0.19348818168405732,0.09751741819875752
0.009517596732229036,-8.246201690638352e-05,-0.016558149348689998,0.01477401097697707,-0.191176554813574,0.09600058749135469
0.0094333276154238,-7.8518873846174e-06,-0.017507953413679563,0.015250041933275667,-0.18874507118225187,0.09441179502808485
0.009344329213376319,6.912554094101952e-05,-0.018445304413779944,0.015717951512656758,-0.18619532885790108,0.09275203672435114
0.009250664704837553,0.00014842911328615704,-0.019369615243334682,0.016177387494256408,-0.18352900296399477,0.09102235591550864
0.009152400190525071,0.00023001592220532702,-0.02028030736221568,0.016628002990753166,-0.18074784458840445,0.08922384268319408
0.009049604649709024,0.0003138413346204784,-0.021176811172806568,0.017069456680338366,-0.1778536796479507,0.08735763315088604
0.008942349894922427,0.00039985902000365083,-0.022058566391172194,0.01750141303508852,-0.17484840769829954,0.08542490874917547
0.008830710524825166,0.0004880209796955845,-0.02292502241216624,0.017923542545589654,-0.17173400069931852,0.08342689545127861
0.008714763875252421,0.0005782775773412948,-0.02377563866824298,0.01833552194166559,-0.16851250173137758,0.08136486297909597
0.008594589968479343,0.0006705775704229061,-0.024609884981734536,0.018737034409064737,-0.16518602366524437,0.07924012398056246
0.008470271460735031,0.0007648681428693159,-0.025427241910362542,0.019127769801962756,-0.16175674778595758,0.07705403317864573
0.008341893587999975,0.0008610949387215513,-0.026227201085758843,0.019507424851141358,-0.1582269223725633,0.07480798649279537
0.00820954411012226,0.0009592020968319838,-0.027009265544775785,0.019875703367705617,-0.15459886123421282,0.07250342013290854
0.008073313253288953,0.001059132286574889,-0.027772950053361067,0.020232316442205675,-0.15087494219990027,0.07014180966711395
0.007933293650890134,0.0011608267445451688,-0.028517781422791037,0.020576982639032085,-0.14705760557208825,0.06772466906344995
0.007789580282814137,0.001264225312221403,-0.02924329881805575,0.020909428185955533,-0.14314935253379668,0.06525354970592948
0.0076422704132135325,0.0013692664745687613,-0.029949054058186788,0.02122938715868643,-0.13915274351861848,0.06273003938643018
0.007491463526782476,0.001475887399556686,-0.030634611908333376,0.021536601660333034,-0.1350703965400166,0.06015576127221148
0.007337261263586927,0.0015840239785656527,-0.03129955036339862,0.021830821995639012,-0.13090498548607932,0.05753237285017975
0.007179767352490279,0.001693610867656728,-0.031943460923046826,0.022111806839885215,-0.12665923837320486,0.05486156484830118
0.0070190875432177904,0.0018045815296770758,-0.03256594885789845,0.02237932340234446,-0.12233593556744603,0.0521450601353968
0.006855329537104161,0.0019168682771740053,-0.03316663346674231,0.02263314758418119,-0.11793790797009934,0.0493846125992951
0.00668860291656943,0.0020304023160896277,-0.033745148324594056,0.022873064130691467,-0.11346803517059882,0.04658200600481578
0.006519019073369224,0.0021451137902076646,-0.03430114152143318,0.023098866777782327,-0.10892924356505045,0.04373905283152876
0.006346691135666174,0.002260931826323459,-0.034834275891471145,0.02331035839259461,-0.10432450445013512,0.04085759309338436
0.006171733893970126,0.002377784580107757,-0.03534422923279225,0.023507351108174587,-0.09965683207830577,0.037939493138607165
0.005994263725995459,0.0024955992826343684,-0.035830694517221394,0.023689666452104897,-0.09492928169335102,0.03498664443351669
0.005814398520484617,0.002614302287541379,-0.03629338009029019,0.02385713546901215,-0.09014494753416777,0.03200096232938411
0.005632257600047564,0.0027338191187951575,-0.03673200986115786,0.024009598836866864,-0.08530696081290118,0.028984384812501342
0.0054479616430675604,0.002854074519026014,-0.03714632348236759,0.024146906976999123,-0.08041848767098951,0.025938871240402943
0.005261632604724295,0.002974992498403967,-0.03753607651932152,0.024268920157757907,-0.07548272711058072,0.022866401063111108
0.005073393637185931,0.00309649638402274,-0.037901040609356756,0.024375508591744626,-0.07050290890351406,0.019768972531576418
0.004883369009022217,0.0032185088697597474,-0.03824100361032266,0.024466552526555024,-0.06548229148284956,0.016648601392582778
0.004691684023891337,0.0033409520665795304,-0.03855576973855993,0.024541942328969255,-0.06042415981205854,0.013507319573109704
0.0044984649385535905,0.003463747553247791,-0.03884515969618611,0.024601578562534553,-0.055331823238414894,0.010347173853009258
0.004303838880265531,0.003586816427422912,-0.03910901078760956,0.024645372058488147,-0.05020861333096341,0.007170224528429179
0.004107933763608521,0.0037100793570915857,-0.03934717702519004,0.02467324397997222,-0.04505788170122992,0.003978544065200238
0.003910878206806082,0.0038334566323149537,-0.03955952922397538,0.024685125879497227,-0.03988299781290544,0.0007742157448026926
0.0037128014475847526,0.003956868217251437,-0.03974595508545566,0.02468095974961759,-0.03468734677920553,-0.002440667696658282
0.0035138332586334546,0.004080233802422262,-0.03990635927027457,0.02466069806678128,-0.02947432714835745,-0.005664005437865303
0.0033141038627166474,0.004203472857185518,-0.04004066345985148,0.02462430382832487,-0.024247348682406262,-0.008893689944699044
0.003113743847496786,0.0043265046823844225,-0.040148806406872635,0.02457175058259077,-0.019009830126055987,-0.012127608348940591
0.0029128840801217813,0.004449248463135392,-0.040230743974615533,0.024503022452142875,-0.013765196971102667,-0.015363643830218257
0.00271165562163334,0.004571623321721365,-0.04028644916508175,0.02441811415006463,-0.00851687921538272,-0.018599677001079677
0.0025101896412521607,0.004693548370555792,-0.04031591213591889,0.024317030989329184,-0.003268309119472227,-0.021833587293098033
0.0023086173305960664,0.00481494276518263,-0.040319140206117834,0.024199788885231308,0.0019770810398955074,-0.025063254346052194
0.002107069817887197,0.004935725757277658,-0.04029615785048019,0.024066414350881193,0.007215861215162118,-0.02828655939399357
0.0019056780822043955,0.005055816747616422,-0.0402470066828619,0.023916944485760625,0.012444605832153604,-0.03150138665423358
0.0017045728678369053,0.005175135338974131,-0.040171745428198874,0.023751426957346156,0.01765989603305697,-0.03470562471155446
0.0015038845987954208,0.0052936013889228655,-0.040070449883332936,0.02356991997581353,0.022858321913317322,-0.03789716790149672
0.0013037432935364597,0.005411135062491527,-0.03994321286666407,0.02337249226183569,0.028036484754228333,-0.04107391768963921
0.0011042784799558643,0.005527656884654022,-0.03979014415665989,0.023159223007494165,0.033190999247444106,-0.04423378404697101
0.0009056191107070889,0.005643087792611299,-0.03961137041926133,0.02293020183032882,0.03831849571198222,-0.04737468681916703
0.0007078934788997094,0.005757349187832979,-0.03940703512423049,0.022685528720557277,0.043415622300353396,-0.05049455708945091
0.0005112291342333612,0.0058703629878244625,-0.03917729845049565,0.022425313981493254,0.04847904719358222,-0.053591338536158085
0.00031575279962201924,0.005982051677585592,-0.038922337180553164,0.022149678163203332,0.05350546078341237,-0.05666298877981115
0.00012159028836322755,0.0060923383607271175,-0.03864234458399462,0.021858751989444657,0.058491577840005325,-0.05970748072365816
-7.113357809347065e-05,0.006201146810211439,-0.03833753029023465,0.021552676277927067,0.06343413966398169,-0.06272280388337881
-0.00026229505172503556,0.006308401518684355,-0.03800812015052135,0.021231601853957977,0.06832991622133755,-0.06570696570425741
-0.00045177153880692286,0.0064140277483647826,-0.03765435608931856,0.02089568945751758,0.07317570825978054,-0.06865799287190047
-0.0006394416800255779,0.006517951580459727,-0.037276495945156356,0.020545109643825492,0.07796834940510113,-0.07157393260493577
-0.0008251854297789375,0.0066200999640720435,-0.03687481330105292,0.020180042677466745,0.08270470823627363,-0.07445285393856306
-0.0010088841346129708,0.006720400764568897,-0.036449597304617394,0.019800678420140008,0.08738169033793611,-0.07729284899213082
-0.0011904206107428506,0.006818782811379164,-0.0360011524779509,0.01940721621210645,0.09199624032866155,-0.08009203422129271
-0.0013696792206079416,0.0069151759451883624,-0.03552979851746925,0.018999864747407932,0.09654534386399945,-0.08284855165811372
-0.001546545948410418,0.007009511064500128,-0.03503587008377631,0.018578841942939264,0.10102602961317551,-0.08556057012935346
-0.0017209084745879847,0.007101720171533613,-0.03451971658172568,0.018144374801462086,0.10543537120707691,-0.088226286461518
-0.0018926562491718665,0.007191736417426664,-0.033981701930813735,0.017696699268643222,0.10977048915770085,-0.09084392666602753
-0.0020616805639819586,0.007279494146715045,-0.03342220432605241,0.017236060084210175,0.11402855274682974,-0.09341174710719123
-0.0022278746236117863,0.007364928941058448,-0.03284161598947836,0.016762710627325136,0.11820678188279057,-0.09592803564682453
-0.0023911336151567057,0.007447977662184541,-0.03224034291245917,0.016276912756274412,0.12230244892488423,-0.09839111277346566
-0.0025513547766396,0.007528578494022786,-0.03161880458896436,0.015778936642573384,0.12631288047304068,-0.10079933270694605
-0.0027084374640891718,0.007606670984000293,-0.030977433739977446,0.015269060599603725,0.13023545912172363,-0.10315108448091753
-0.0028622832172268114,0.007682196083472517,-0.030316676029225158,0.014747570905884057,0.13406762517919124,-0.10544479300695005
-0.0030127958237189264,0.007755096187262176,-0.029636989770409853,0.014214761623091527,0.13780687834693078,-0.10767892011006168
-0.003159881381952547,0.007825315172280321,-0.02893884562613793,0.01367093440896032,0.14145077936183753,-0.10985196554242176
-0.003303448362292997,0.007892798435204119,-0.028222726298738537,0.013116398325166614,0.14499695159792003,-0.11196246797506064
-0.003443407666783396,0.00795749292918649,-0.02748912621317508,0.012551469640328619,0.14844308262746195,-0.11400900596013684
-0.003579672687246787,0.008019347199573392,-0.026738551192254812,0.011976471628256996,0.1517869257406456,-0.1159901988685123
-0.0037121593617527103,0.00807831141860517,-0.02597151812435073,0.011391734361576028,0.15502630142098692,-0.11790470780387453
-0.0038407862294111256,0.008134337419079074,-0.02518855462385106,0.010797594500852844,0.15815909877888196,-0.11975123648539895
-0.003965474483457672,0.008187378726950677,-0.024390198684557246,0.010194395079378398,0.16118327693864376,-0.1215285321043798
-0.004086148022595365,0.00823739059285269,-0.02357699832625991,0.00958248528373085,0.1640968663802909,-0.12323538615463957
-0.0042027335005589694,0.008284330022510287,-0.022749511234718738,0.008962220230268006,0.16689797023617814,-0.12487063523049813
-0.004315160373869459,0.008328155806032833,-0.021908304395284257,0.008333960737693316,0.16958476553761415,-0.12643316179937766
-0.00442336094774713,0.008368828546062624,-0.0210539537204012,0.007698073095849329,0.172155504415608,-0.1279218949382171
-0.004527270420153171,0.008406310684761971,-0.020187043671235784,0.007054928830880427,0.1746085152505592,-0.12933581104934377
-0.004626826923930679,0.00844056652962076,-0.0193081668736727,0.0064049044669177435,0.1769422037746745,-0.13067393453572965
-0.004721971567017389,0.008471562278067318,-0.01841792372893374,0.0057483812844506205,0.17915505412090957,-0.13193533845111968
-0.004812648470703603,0.008499266040866267,-0.01751692201907516,0.005085745075533313,0.18124562982252237,-0.1331191451158032
-0.004898804805910125,0.008523647864287803,-0.01660577650761634,0.004417385895989043,0.18321257476100547,-0.13422452670190477
-0.004980390827462271,0.008544679751033622,-0.015685108535565238,0.003743697814772332,0.18505461405943593,-0.13525070578477963
-0.005057359906337344,0.008562335679905553,-0.014755545613102434,0.003065078660653552,0.1867705549256858,-0.1361969558627324
-0.005129668559864289,0.008576591624203779,-0.013817721007190033,0.002381929766394183,0.18835928743927458,-0.13706260184101518
-0.005197276479855581,0.00858742556884233,-0.012872273325378228,0.0016946557105744864,0.18981978528544768,-0.13784702048686345
-0.005260146558652747,0.00859481752617039,-0.01191984609607773,0.001003664057236456,0.1911511064347512,-0.13854964084834867
-0.005318244913068292,0.008598749550488772,-0.010961087345575113,0.0003093650935257986,0.1923523937662959,-0.1391699446359143
-0.005371540906208179,0.008599205751251816,-0.00999664917206798,-0.00038782843450035757,0.19342287563655786,-0.13970746657454813
-0.005420007167160383,0.008596172304945783,-0.009027187316995033,-0.0010875015877402422,0.19436186639262032,-0.14016179472140572
-0.005463619608536451,0.008589637465635692,-0.008053360733945924,-0.0017892375013987638,0.1951687668270235,-0.14053257074200293
-0.005502357441854396,0.008579591574173411,-0.007075831155431616,-0.002492617653654861,0.19584306457869982,-0.14081949016043593
-0.0055362031907526775,0.00856602706606071,-0.006095262657795839,-0.0031972221354766967,0.19638433447561085,-0.14102230256829826
-0.005565142702026413,0.008548938477961811,-0.005112321224556609,-0.003902629921398014,0.19679223882008112,-0.14114081180022855
-0.005589165154478427,0.008528322452860922,-0.004127674308461194,-0.004608419141083199,0.19706652761808502,-0.14117487607384546
-0.0056082630655791416,0.008504177743861049,-0.003141990392540848,-0.005314167351504442,0.19720703875005324,-0.14112440809465152
-0.005622432295930769,0.008476505216621341,-0.00215593855045367,-0.0060194518095561915,0.19721369808481787,-0.14098937512604856
-0.005631672051532687,0.008445307850431053,-0.0011701880064045505,-0.006723849744920482,0.19708651953482997,-0.1407697990196675
-0.005635984883846336,0.008410590737919119,-0.0001854076949271621,-0.007426938633014947,0.19682560505612534,-0.14046575621811852
-0.005635376687659402,0.008372361083399261,0.0007977341791809644,-0.008128296467837005,0.19643114458712524,-0.14007737771070464
-0.005629856696750496,0.008330628199851363,0.0017785705804822878,-0.008827502034530149,0.19590341593340416,-0.13960484896655304
-0.005619437477356985,0.008285403504540833,0.002756436081797057,-0.009524135181493976,0.19524278459250366,-0.13904840981897756
-0.005604134919450062,0.008236700513278473,0.0037306673020830634,-0.010217777091860532,0.19444970352189897,-0.13840835432764512
-0.005583968225822584,0.008184534833324337,0.0047006033430119585,-0.010908010554158302,0.19352471284965891,-0.13768503059146286
-0.005558959898996639,0.008128924154939876,0.005665586223959055,-0.011594420231985009,0.19246843952917947,-0.13687884053921986
-0.005529135725959235,0.008069888241593636,0.006624961315119832,-0.01227659293252187,0.1912815969351315,-0.13599023967552482
-0.005494524760735906,0.008007448918826562,0.007578077768464886,-0.012954117873699508,0.18996498440289036,-0.13501973679553025
-0.005455159304813489,0.00794163006178391,0.008524288946257499,-0.01362658694985315,0.18851948671415492,-0.1339678936659265
-0.005411074885424694,0.007872457581421612,0.009462952846849615,-0.014293594995689598,0.18694607352269127,-0.1328353246686526
-0.0053623102317085156,0.007799959409395798,0.010393432527476697,-0.014954740048389552,0.1852457987281414,-0.13162269641132923
-0.005308907248761922,0.007724165481645057,0.011315096523775842,-0.015609623607678102,0.18341979979151682,-0.1303307273040909
-0.005250910989599626,0.007645107720675862,0.012227319265751671,-0.016257850893695146,0.18146929699881442,-0.1289601871027274
-0.005188369625040143,0.007562820016562436,0.013129481489914486,-0.016899031102492815,0.17939559266631164,-0.1275118964163404
-0.00512133441153767,0.007477338206673181,0.014020970647323912,-0.01753277765898971,0.17720007029745907,-0.12598672618241746
-0.005049859656980705,0.007388700054136628,0.01490118130726976,-0.018158708467223558,0.1748841936808799,-0.12438559711112185
-0.004974002684479604,0.007296945225060676,0.015769515556322434,-0.018776446157740715,0.17244950594019,-0.1227094790957412
-0.004893823794166656,0.007202115264519716,0.016625383392494503,-0.019385618331947616,0.16989762852863677,-0.12095939058701922
-0.004809386223033521,0.007104253571325038,0.017468203114250805,-0.01998585780327431,0.16723026017388445,-0.11913639794365916
-0.004720756102832167,0.007003405371594727,0.01829740170411691,-0.020576802834994454,0.16444917577255763,-0.11724161474439851
-0.004628002416066733,0.006899617691140014,0.01911241520663011,-0.021158097374536375,0.16155622523272295,-0.11527620107236977
-0.004531196950104976,0.006792939326685856,0.01991268910038412,-0.021729391284137724,0.1585533322688802,-0.11324136276816948
-0.0044304142494392094,0.0066834208159442555,0.020697678663926636,-0.022290340567692725,0.15544249314812758,-0.11113835065383042
-0.004325731566127857,0.006571114406559601,0.02146684933526724,-0.02284060759364488,0.15222577538811466,-0.10896845972703094
-0.004217228808449923,0.006456074023946028,0.022219677064758803,-0.023379861313772524,0.14890531640851,-0.10673302832402767
-0.004104988487805887,0.006338355238037544,0.02295564866112158,-0.023907777477728737,0.14548332213660034,-0.10443343725845769
-0.003989095663899643,0.006218015228972378,0.02367426213038208,-0.02442403884319734,0.14196206556760022,-0.10207110892898352
-0.003869637888237271,0.006095112751733691,0.0243750270075061,-0.02492833538151938,0.1383438852820077,-0.0996475063998328
-0.003746705145979504,0.005969708099769483,0.025057464680504488,-0.025420364478663266,0.13463118391734705,-0.09716413245772071
-0.0036203897961858615,0.005841863067615214,0.025721108706797533,-0.025899831131402713,0.13082642659987148,-0.09462252863805884
-0.003490786510489467,0.005711640912543262,0.02636550512163496,-0.026366448138574437,0.1269321393350989,-0.09202427423063053
-0.003357992210242597,0.005579106315264059,0.026990212738366434,-0.026819936287289108,0.12295090735749108,-0.08937098525523823
-0.003222106002174016,0.0054443253397042845,0.027594803440361266,-0.027260024533974306,0.11888537344044196,-0.08666431341884134
-0.003083229112600141,0.005307365391888166,0.02817886246438959,-0.027686450180133562,0.11473823617088814,-0.08390594504486039
-0.002941464820233025,0.005168295177948477,0.0287419886752771,-0.028098959042701037,0.11051224818411633,-0.08109759998212981
-0.002796918387629068,0.005027184661294442,0.029283794831650986,-0.028497305618879597,0.10621021436543787,-0.07824103048929479
-0.002649696991323266,0.00488410501896426,0.029803907842604956,-0.0288812532453603,0.10183499001614979,-0.07533802010298632
-0.0024999096506946802,0.004739128597190554,0.030301969015109665,-0.029250574251815206,0.09738947898573466,-0.072390382478976
-0.002347667155609628,0.004592328866207491,0.03077763429200951,-0.02960505010855829,0.0928766317742026,-0.06939996021825823
-0.0021930819928899265,0.004443780374328906,0.031230574480447706,-0.029944471568284867,0.08829944360107703,-0.06636862367237245
-0.002036268271654272,0.0042935587013271815,0.031660475470566135,-0.030268638801790634,0.08366095244629343,-0.06329826972993462
-0.0018773416475816,0.004141740411143105,0.03206703844433946,-0.030577361527583453,0.07896423706303701,-0.06019082058719312
-0.0017164192461459763,0.003988403003957389,0.032449980074403195,-0.03087045913530412,0.07421241496245562,-0.05704822250107404
-0.001553619584873244,0.003833624867654926,0.03280903271274431,-0.031147760802870496,0.06940864037399065,-0.053872444525476
-0.0013890624946703099,0.0036774852287132912,0.03314394456913059,-0.031409105607268714,0.06455610218052205,-0.05066547723381157
-0.0012228690402785558,0.003520064102547343,0.03345447987915951,-0.03165434262892404,0.059658021831046806,-0.047429331428317505
-0.0010551614399034507,0.0033614422433421625,0.03374041906181575,-0.03188333104957621,0.054717651231447825,-0.044166036832550354
-0.0008860629840729757,0.0032017010934068876,0.03400155886643319,-0.032095940243594745,0.049738270615529975,-0.04087764077486248
-0.0007156979537779958,0.0030409227320823367,0.03423771250896291,-0.032292049862678474,0.04472318639635854,-0.0375662068586289
-0.0005441915379481787,0.0028791898242355916,0.03444870979745709,-0.03247154991387954,0.03967572900131225,-0.03423381362179589
-0.0003716697503175157,0.0027165855683749913,0.03463439724668558,-0.03263434083090144,0.03459925069008326,-0.030882553186966588
-0.0001982593457338916,0.0025531936444192446,0.03479463818180795,-0.032780333538622794,0.029497123358867817,-0.0275145299015742
-2.4087735967535506e-05,0.002389098161154589,0.034929312831032365,-0.032909449510804926,0.024372736330895726,-0.024131858971278456
0.0001507170949264909,0.002224383603414141,0.03503831840719863,-0.033021620820945355,0.01922949413561007,-0.02073666508489197
0.00032602667563630476,0.002059134779013758,0.035121569178231185,-0.03311679018624212,0.014070814277411489,-0.017331081033814186
0.0005017121329559921,0.0018934367654788989,0.0351789965264139,-0.03319491100463985,0.008900124995674505,-0.013917246325278274
0.0006776442774272263,0.0017273748565971182,0.03521054899644666,-0.03325594738493234,0.0037208630174282143,-0.010497305791716226
0.0008536936892035758,0.0015610345088309303,0.035216192332250824,-0.03329987416990227,-0.0014635286957639586,-0.00707340819625916
0.0010297308040812091,0.0013945012876258906,0.03519590950249795,-0.03332667695248159,-0.006649603205385957,-0.0036477048354699357
0.0012056259996395887,0.0012278608136488014,0.03514970071484376,-0.03333635208492057,-0.011833911856290133,-0.00022234814012090048
0.0013812496814356644,0.0010611987089910074,0.035077583418855994,-0.03332890668095979,-0.01701300653881679,0.0032005097244349194
0.0015564723691950388,0.0008946005433717668,0.034979592297633505,-0.03330435861100312,-0.022183441950179898,0.006618718258231529
0.0017311647829435651,0.00072815178037669,0.034855779248120417,-0.033262736490293404,-0.02734177785505569,0.010030130025656347
0.0019051979290228762,0.0005619377237662165,0.034706213350125775,-0.03320407966009789,-0.03248458134280009,0.013432602052549505
0.002078443185933409,0.0003960434638890619,0.03453098082406959,-0.03312843816191544,-0.037608429079671823,0.01682399722043037
0.0022507723899485915,0.0002305538242354986,0.034330184977479014,-0.03303587270472156,-0.0427099095565593,0.020202185657122146
0.0024220579204440097,6.555330816524748e-05,0.03410394614026971,-0.03292645462527177,-0.047785625327162906,0.023565046122791596
0.002592172784885539,-9.887395415535446e-05,0.033852401588853664,-0.03280026584148877,-0.05283219523925514,0.026910467390409656
0.002760990703420658,-0.00026264425857237616,0.03357570545912033,-0.032657398798962886,-0.05784625665407879,0.030236349619943658
0.0029283861930173927,-0.00042567437948512796,0.03327402864834709,-0.03249795641060044,-0.06282446765521725,0.03354060572503591
0.003094234651095651,-0.0005878816220746115,0.03294755870610264,-0.03232205198945854,-0.06776350924256068,0.03682116273172317
0.0032584124385960124,-0.000749183874185587,0.03259649971421216,-0.03212980917480969,-0.07266008751363087,0.04007596312781642
0.003420796962431415,-0.0009094996578284818,0.03222107215586089,-0.031921361851483566,-0.07751093582687799,0.04330296620263209
0.0035812667572675655,-0.0010687481802676118,0.03182151277392385,-0.03169685406253849,-0.08231281694793713,0.046500149375397204
0.003739701566578339,-0.0012268493846624524,0.03139807441860821,-0.031456439915318865,-0.08706252517832072,0.049665509512452785
0.0038959824229229103,-0.0013837240002289863,0.03095102588451091,-0.031200283480958855,-0.09175688846059885,0.05279706423155116
0.004049991727391828,-0.0015392935918884635,0.03048065173719269,-0.030928558687397863,-0.0963927704666882,0.055892853192845426
0.0042016133281698315,-0.0016934806093712425,0.029987252129383503,-0.030641449205977143,-0.1009670726569863,0.05895093937544235
0.004350732598163719,-0.0018462084357437347,0.029471142606939494,-0.030339148331690786,-0.10547673632061787,0.061969410339100924
0.004497236511644252,-0.001997401435326848,0.02893265390467274,-0.030021858857168765,-0.10991874458608393,0.0649463794697067
0.004641013719851658,-0.0021469850009747183,0.02837213173219061,-0.02968979294047358,-0.11429012440676754,0.06787998720836697
0.004781954625514993,-0.0022948856006829352,0.027789936549880746,-0.029343171966797515,-0.11858794851717669,0.07076840226205874
0.004919951456236341,-0.002441030823495905,0.027186443335188774,-0.028982226404149034,-0.12280933735961172,0.07360982279733425
0.005054898336691532,-0.002585349424683443,0.026562041339338316,-0.02860719565312123,-0.12695146098057125,0.07640247761378734
0.005186691359599856,-0.0027277713701571674,0.025917133834652866,-0.028218327890842627,-0.13101154089360806,0.07914462729765397
0.005315228655416042,-0.0028682278800977582,0.025252137852645826,-0.027815879909210587,-0.13498685190920812,0.0818345653551618
0.00544041046069859,-0.003006651471764664,0.024567483913043753,-0.027400116947510864,-0.1388747239316207,0.08447061932472726
0.005562139185109435,-0.0031429760014603627,0.023863615743922578,-0.026971312519534666,-0.14267254371684882,0.08705115186575237
0.005680319477000765,-0.003277136705621832,0.02314098999314014,-0.026529748235304847,-0.14637775659612545,0.08957456182617525
0.005794858287545778,-0.003409070241012467,0.02240007593124732,-0.02607571361752504,-0.14998786816100163,0.09203928528574866
0.005905664933371093,-0.003538714723988248,0.021641355146076745,-0.025609505912876522,-0.1535004459072279,0.09444379657365728
0.00601265115764949,-0.00366600976881258,0.02086532122920598,-0.025131429898280707,-0.15691312084107853,0.09678660926466864
0.006115731189612692,-0.0037908965249948442,0.020072479454497895,-0.024641797682253722,-0.1602235890421549,0.09906627714612529
0.006214821802444897,-0.0039133177136283165,0.01926334644892995,-0.024140928501486206,-0.16342961318502325,0.10128139516088108
0.006309842369518836,-0.004033217662703794,0.018438449855923876,-0.023629148512778194,-0.1665290240174056,0.1034306003223231
0.006400714918937227,-0.004150542341375912,0.017598327991399744,-0.02310679058046461,-0.16951972179224706,0.10551257260311159
0.006487364186343561,-0.004265239393159823,0.016743529492773527,-0.022574194059468915,-0.1723996776582396,0.10752603579516574
0.00656971766596734,-0.004377258168036612,0.015874612961129016,-0.022031704574130662,-0.17516693499956518,0.109469758340135
0.006647705659869975,-0.004486549753446526,0.01499214659680061,-0.021479673792947265,-0.17781961073179745,0.11134255413322457
0.006721261325358782,-0.004593067004149833,0.014096707828599966,-0.02091845919937594,-0.18035589654846032,0.11314328329530601
0.006790320720537675,-0.004696764570935846,0.013188882936929165,-0.020348423858850523,-0.1827740601198601,0.11487085291486085
0.006854822847964377,-0.004797598928161412,0.012269266671026607,-0.01976993618216022,-0.18507244624116334,0.11652421776126007
0.006914709696385205,-0.0048955284001009295,0.011338461860602693,-0.019183369685344582,-0.18724947792840255,0.11810238096499495
0.0069699262805197615,-0.004990513186090731,0.010397079022104001,-0.018589102746266545,-0.18930365747107417,0.11960439466621955
0.007020420678869096,-0.005082515384451439,0.009445735959871455,-0.017987518358017474,-0.191233567421944,0.12102936063340919
0.007066144069522218,-0.005171499015172743,0.008485057362461178,-0.017379003879316533,-0.19303787154216648,0.12237643084696753
0.007107050763937163,-0.005257430041345797,0.007515674394375295,-0.016763950782067084,-0.19471531569218667,0.12364480805281151
0.0071430982386741036,-0.005340276389329299,0.006538224283478141,-0.016142754396234853,-0.1962647286666754,0.12483374628008134
0.007174247165059345,-0.005420007967636116,0.005553349904368255,-0.015515813652216758,-0.1976850229772789,0.12594255132715673
0.007200461436760406,-0.005496596684528171,0.004561699357973769,-0.014883530820866865,-0.19897519558051519,0.12697058121280055
0.007221708195253754,-0.005570016464308138,0.0035639255476522837,-0.014246311251345616,-0.200134328548079,0.12791724659569903
0.007237957853168119,-0.005640243262297343,0.00256068575206598,-0.01360456310696968,-0.20116158968644243,0.12878201115467502
0.007249184115487724,-0.005707255078490138,0.001552641195113889,-0.012958697099233064,-0.20205623309439386,0.12956439193997085
0.007255363998601143,-0.0057710319698758665,0.0005404566132015559,-0.012309126220171038,-0.20281759967053936,0.13026395968483975
0.007256477847182929,-0.005831556061420426,-0.00047520017986938876,-0.011656265473243655,-0.20344511755783842,0.1308803390861132
0.007252509348896556,-0.005888811555700284,-0.0014936587301008094,-0.011000531602913222,-0.20393830253472978,0.13141320904606027
0.007243445546908654,-0.00594278474118271,-0.002514246382312434,-0.010342342823095811,-0.20429675834991998,0.13186230288090395
0.007229276850205949,-0.005993463999146853,-0.0035362887206757624,-0.009682118544659595,-0.20452017699541147,0.13222740849358247
0.007209997041707724,-0.006040839809241195,-0.004559110010480481,-0.009020279102151729,-0.20460833892647595,0.13250836850956424
0.007185603284168124,-0.006084904753673791,-0.005582033640846575,-0.008357245479931346,-0.20456111321996157,0.13270508037858908
0.007156096123864001,-0.006125653520032612,-0.006604382568090083,-0.00769343903788693,-0.2043784576774414,0.13281749643917698
0.007121479492065501,-0.0061630829027341846,-0.007625479759455175,-0.007029281236918801,-0.20406041886859538,0.13284562394807511
0.007081760704288014,-0.006197191803099647,-0.008644648636918464,-0.0063651933643635375,-0.20360713211672046,0.1327895250740303
0.007036950457325571,-0.0062279812280582,-0.009661213520777525,-0.005701596259544017,-0.2030188214269041,0.1326493168537779
0.006987062824067229,-0.006255454287478863,-0.010674500072734636,-0.0050389100396203155,-0.2022957993559403,0.1324251711157029
0.006932115246099417,-0.006279616190132332,-0.011683835738182605,-0.004377553825925116,-0.20143846682324731,0.13211731436237695
0.006872128524098687,-0.006300474238285616,-0.012688550187402886,-0.0037179454709592857,-0.20044731286486536,0.13172602762395516
0.0068071268060207624,-0.006318037820933064,-0.013687975755388604,-0.00306050128622484,-0.1993229143294219,0.13125164626982322
0.00673713757309319,-0.006332318405668219,-0.014681447880008075,-0.002405635771081077,-0.19806593551836638,0.13069455978768185
0.006662191623620375,-0.006343329529201904,-0.01566830553821465,-0.001753761342791029,-0.19667712776426385,0.13005521152833738
0.006582323054611186,-0.0063510867865327735,-0.01664789168001895,-0.0011052880679412918,-0.19515732895745608,0.12933409841155746
0.006497569241240768,-0.00635560781877746,-0.01761955365994375,-0.00046062339541162744,-0.19350746301246444,0.12853177060030824
0.006407970814159593,-0.006356912299668341,-0.018582643665674574,0.0001798281089349451,-0.19172853927986505,0.12764883113832076
0.006313571634664218,-0.006355021920727799,-0.019536519143624975,0.0008156650256659357,-0.18982165190029565,0.12668593555407548
0.006214418767745587,-0.006349960375128736,-0.020480543221140644,0.001446489343123198,-0.1877879791059716,0.12564379142882948
0.006110562453032137,-0.006341753340251932,-0.021414085125063057,0.0020719067165275483,-0.18562878246299297,0.12452315793291065
0.006002056073646333,-0.006330428458951736,-0.022336520596376475,0.002691526724675088,-0.1833454060623737,0.12332484532610523
0.0058889561229946335,-0.006316015319542379,-0.02324723230067044,0.0033049631240541196,-0.18093927565521248,0.12204971442550752
0.0057713221695122234,-0.006298545434518066,-0.024145610234147095,0.003911834100219057,-0.17841189773544927,0.12069867604046763
0.005649216819385228,-0.0062780522180208185,-0.025031052124904894,0.004511762516255666,-0.17576485856766985,0.11927269037417552
0.005522705677274403,-0.006254570962070871,-0.025902963829239484,0.0051043761581749305,-0.17299982316616658,0.11777276639353054
0.005391857305065652,-0.006228138811575216,-0.026760759722697498,0.005689307977074877,-0.17011853421703874,0.11619996116644812
0.005256743178673984,-0.006198794738130718,-0.027603863085626804,0.0062661963279116014,-0.16712281095468393,0.11455537916824177
0.005117437642928826,-0.006166579512638984,-0.028431706482976264,0.006834685204722167,-0.16401454798509982,0.11284017155598461
0.0049740178645698505,-0.006131535676750985,-0.029243732138086148,0.007394424472145171,-0.1607957140588543,0.11105553541321705
0.004826563783383707,-0.006093707513160141,-0.03003939230023169,0.007945070093091929,-0.15746835079936145,0.10920271296548582
0.004675158061513313,-0.0060531410147634055,-0.030818149605674555,0.008486284352412717,-0.1540345713777856,0.10728299076283003
0.004519886030972497,-0.006009883852710545,-0.03157947743198524,0.009017736076411742,-0.15049655914648769,0.10529769883677965
0.00436083563940002,-0.005963985343362631,-0.0323228602454051,0.009539100848073013,-0.1468565662214556,0.103248209827729
0.004198097394088127,-0.005915496414181392,-0.03304779394101739,0.010050061217849262,-0.14311691202345933,0.10113593808277083
0.004031764304321928,-0.005864469568571835,-0.033753786175506235,0.010550306909878824,-0.13927998177208048,0.09896233872905368
0.0038619318220670133,-0.005810958849701191,-0.03444035669228233,0.011039535023495793,-0.13534822493835735,0.09672890671773399
0.0036886977810437985,-0.005755019803317942,-0.03510703763876299,0.011517450229899686,-0.13132415365390604,0.09443717584382282
0.003512162334228146,-0.005696709439595322,-0.03575337387559906,0.01198376496385529,-0.12721034108052026,0.09208871773841829
0.0033324278898188586,-0.0056360861940243385,-0.03637892327764194,0.012438199610297759,-0.12300941973663089,0.08968514083856907
0.003149599045713635,-0.00557320988738197,-0.03698325702645366,0.012880482685721967,-0.118724079788056,0.08722808933111448
0.002963782522536081,-0.005508141684800821,-0.03756595989417051,0.013310351014233323,-0.11435706729868655,0.08471924207342732
0.0027750870952572945,-0.005440944053967087,-0.03812663051852916,0.013727549898147935,-0.10991118244477185,0.08216031149241732
0.0025836235234564923,-0.00537168072247427,-0.038664881668875675,0.014131833283027358,-0.10538927769383583,0.07955304245935188
0.0023895044802660368,-0.005300416634360624,-0.03918034050298248,0.014522963917042095,-0.10079425594888632,0.07689921114654305
0.0021928444800470826,-0.005227217905858878,-0.039672648814503345,0.014900713504556384,-0.09612906865945743,0.07420062385917256
0.001993759804842906,-0.005152151780387238,-0.0401414632709037,0.015264862853835373,-0.09139671390068409,0.07145911585242293
0.001792368429657785,-0.005075286582811261,-0.040586455641708596,0.015615202018778728,-0.08660023442127458,0.06867655012491908
0.0015887899466100698,-0.004996691673006572,-0.04100731301691735,0.015951530434581276,-0.0817427156622287,0.06585481619609919
0.0013831454880088379,-0.004916437398752935,-0.04140373801544209,0.01627365704724096,-0.07682728374766548,0.06299582886777562
0.0011755576484042218,-0.0048345950479906,-0.04177544898343118,0.016581400436820257,-0.07185710344797416,0.06010152696394257
0.0009661504056621914,-0.004751236800470233,-0.04212218018234595,0.01687458893438376,-0.06683537611793458,0.057173872061459546
0.0007550490411152113,-0.004666435678828222,-0.042443681966667195,0.017153060732536023,-0.06176533761056329,0.05421484719944538
0.0005423800588408088,-0.00458026549911942,-0.042739720951113606,0.017416663989483598,-0.05665025616800258,0.051226455579584794
0.0003282711041206607,-0.004492800820839849,-0.04301008016726065,0.01766525692655659,-0.05149343029081413,0.04821071924961099
0.0001128508811333569,-0.004404116896472137,-0.04325455920945616,0.01789870791912111,-0.046298186587390426,0.0451696777761972
-0.00010375093006549517,-0.004314289620586849,-0.04347297436993604,0.018116895580824605,-0.04106787760456203,0.04210538690520154
-0.00032140375722168813,-0.004223395478533103,-0.04366515876304971,0.018319708841120937,-0.03580587964090738,0.03901991721333185
-0.000539976220164777,-0.004131511494752191,-0.04383096243851253,0.018507047016019143,-0.030515590544221854,0.035915352745950535
-0.0007593362156394068,-0.00403871518074811,-0.04397025248360982,0.018678819872011743,-0.02520042749469308,0.03279378965108977
-0.0009793510026302598,-0.003945084482749214,-0.04408291311428392,0.01883494768314263,-0.01986382477494492,0.029657334801265516
-0.0011998872881249431,-0.003850697729095312,-0.04416884575504244,0.018975361281170364,-0.014509231528464131,0.02650810440982779
-0.001420811313258848,-0.0037556335773848114,-0.04422796910763537,0.01910000209879833,-0.009140109508710064,0.02334822264135824
-0.0016419889397857477,-0.0036599709614165902,-0.044260219208453334,0.019208822205942673,-0.0037599308184743567,0.02017982021637941
-0.0018632857368176892,-0.0035637890379614672,-0.04426554947460788,0.019301784339012237,0.0016278243566565352,0.01700503301144652
-0.0020845670677775373,-0.003467167133398224,-0.04424393073866262,0.019378861923181494,0.007019670021450487,0.013826000656256414
-0.0023056981775073948,-0.003370184690249245,-0.04419535127199013,0.019440039087640634,0.012412116647542368,0.010644865127398893
-0.0025265442794760026,-0.0032729212136508945,-0.04411981679673887,0.0194853106738134,0.017801673452964076,0.007463769341707513
-0.00274697064302816,-0.0031754562177938074,-0.044017350486399716,0.019514682236537153,0.023184850682696587,0.004284855747793843
-0.0029668426806191625,-0.0030778691723682815,-0.04388799295497128,0.0195281700382003,0.028558161888675163,0.0011102649174656487
-0.0031860260349772613,-0.002980239449049966,-0.04373180223472697,0.01952580103584615,0.03391812620905023,-0.002057865859125753
-0.003404386666137182,-0.0028826462680610196,-0.04354885374259933,0.019507612861246578,0.039261270642006796,-0.0052174039807039605
-0.0036217909382878174,-0.0027851686448418463,-0.04333924023520106,0.019473653793958885,0.044584132317299185,-0.008366222934373075
-0.0038381057063773347,-0.0026878853368684807,-0.043103071752510935,0.019423982727385426,0.04988326075875041,-0.011502203695010479
-0.004053198402419068,-0.002590874790650562,-0.0428404755502596,0.019358669127853945,0.05515522014178411,-0.014623236117582386
-0.0042669371214417735,-0.0024942150889447562,-0.04255159602105685,0.01927779298674786,0.06039659153931628,-0.01772722032485159
-0.004479190707028038,-0.0023979838982183246,-0.042236594604312665,0.01918144476571569,0.06560397515835699,-0.02081206808801615
-0.004689828836384894,-0.0023022584163973825,-0.04189564968500779,0.019069725334996138,0.07077399256359397,-0.023875704199805507
-0.004898722104890999,-0.0022071153209342114,-0.04152895648137759,0.018942745904897633,0.07590328888848519,-0.02691606783959631
-0.005105742110065067,-0.002112630717227775,-0.041136726921583794,0.018800627950477742,0.08098853502903175,-0.029931113928360623
-0.005310761534900605,-0.0020188800874313658,-0.040719189509452025,0.01864350312947023,0.08602642982367671,-0.032918814474645244
-0.005513654230512434,-0.0019259382396810579,-0.04027658917935986,0.018471513193512975,0.09101370221318891,-0.03587715990825553
-0.0057142952980408805,-0.001833879257778366,-0.039809187140369164,0.01828480989273579,0.09594711338309031,-0.03880416040261751
-0.005912561169760055,-0.001742776451360216,-0.039317260709707424,0.01808355487376928,0.10082345888160658,-0.041697847183986766
-0.006108329689337085,-0.0016527023065890161,-0.03880110313570142,0.0178679195712407,0.10563957072079688,-0.04455627382744505
-0.006301480191189779,-0.0015637284373952798,-0.03826102341027483,0.017638085092827358,0.1103923194498364,-0.04737751753789103
-0.006491893578890734,-0.001475925537304895,-0.03769734607113875,0.017394242097943068,0.11507861620459714,-0.050159680415825234
-0.00667945240256653,-0.001389363331882747,-0.03711041099379601,0.01713659067013643,0.11969541473249778,-0.05290089070682992
-0.0068640409352413246,-0.0013041105318240076,-0.03650057317349829,0.016865340183284016,0.12423971338659168,-0.05559930403413568
-0.007045545248074811,-0.0012202347867239754,-0.03586820249729642,0.016580709161664858,0.12870855709415577,-0.05825310461352815
-0.007223853284445251,-0.001137802639556915,-0.035213683506328,0.016282925134008915,0.13309903929321043,-0.06086050644884878
-0.007398854932829011,-0.0010568794818938804,-0.034537415148501234,0.01597222448161335,0.13740830383749705,-0.06341975450937692
-0.007570442098428836,-0.0009775295098890181,-0.03383981052173365,0.015648852280626475,0.1416335468695367,-0.06592912588537346
-0.0077385087735039005,-0.0008998156810633592,-0.03312129660791162,0.01531306213860201,0.14577201865927375,-0.06838693092441214
-0.007902951106355504,-0.0008237996719145709,-0.03238231399774376,0.014965116025430047,0.14982102540787035,-0.070791514344373
-0.008063667468923182,-0.0007495418363806175,-0.031623316606687386,0.014605284098755625,0.1537779310146777,-0.07314125632539573
-0.008220558522946864,-0.0006771011651847079,-0.030844771382133047,0.014233844523998104,0.1576401588070577,-0.07543457357761263
-0.008373527284651693,-0.0006065352460883425,-0.030047158002035432,0.013851083289090028,0.16140519323198826,-0.0776699203856179
-0.008522479187913025,-0.0005379002250786721,-0.029230968565187247,0.013457294014055097,0.1650705815072861,-0.07984578962835415
-0.008667322145860157,-0.00047125076851577477,-0.0283967072733395,0.01305277775555066,0.16863393523181197,-0.08196071377342047
-0.00880796661087834,-0.00040664002626483075,-0.02754489010537384,0.012637842806501785,0.1720929319544519,-0.08401326584612943
-0.008944325632969648,-0.00034411959583752715,-0.026676044483735076,0.012212804490958162,0.17544531670105468,-0.08600206037131969
-0.009076314916434397,-0.0002837394875663707,-0.02579070893335003,0.011777984954308185,0.17868890345296237,-0.0879257542886712
-0.009203852874835827,-0.0002255480908349059,-0.024889432733247615,0.011333712948986482,0.18182157658800402,-0.08978304784000937
-0.009326860684211957,-0.00016959214138615011,-0.02397277556110187,0.010880323615815812,0.18484129227029272,-0.09157268542825894
-0.009445262334499592,-0.00011591668973085075,-0.023041307130945377,0.010418158261125944,0.1877460797923048,-0.09329345644768824
-0.00955898467913667,-6.45650706764493e-05,-0.02209560682427513,0.00994756412979522,0.19053404287579317,-0.09494419608460122
-0.009667957482810326,-1.5578873996906225e-05,-0.021136263314795154,0.009468894174363383,0.19320336091619783,-0.09652378608813353
-0.009772113467319222,3.100208373720696e-05,-0.02016387418704544,0.008982506820366639,0.19575229018368812,-0.09803115551056443
-0.009871388355519964,7.513978614970053e-05,-0.01917904554915695,0.008488765728048481,0.1981791649717078,-0.09946528141669847
-0.00996572091332864,0.00011679804285296799,-0.01818239163999111,0.007988039550602195,0.20048239869462786,-0.10082518956181637
-0.010055052989749791,0.00015594251402830246,-0.017174534430917123,0.007480701689103188,0.20266048493496774,-0.10210995503778643
-0.010139329554906443,0.00019254073377602917,-0.016156103222490545,0.006967130044291646,0.20471199843566418,-0.10331870288683026
-0.01021849873604607,0.00022656213221996008,-0.01512773423629381,0.006447706765367914,0.20663559604303,-0.10445060868266266
-0.010292511851498765,0.0002579780563514923,-0.014090070202203028,0.0059228179959649714,0.20843001759328283,-0.10550489907851429
-0.010361323442565122,0.0002867617895994967,-0.01304375994135258,0.005392853617464578,0.21009408674689664,-0.10648085232164302
-0.010424891303312797,0.0003128885701129779,-0.011989457945066992,0.004858206989824831,0.21162671176733802,-0.10737779873425589
-0.01048317650826198,0.0003363356077443293,-0.01092782395004227,0.004319274690088993,0.21302688624255045,-0.1081951211600794
-0.010536143437941464,0.0003570820997218576,-0.00985952251004663,0.0037764562487471805,0.21429368975570512,-0.10893225537664546
-0.010583759802298356,0.00037510924500111124,-0.008785222564418303,0.003230153884123061,0.21542628849562584,-0.10958869047300233
-0.010625996661945851,0.0003904002572854105,-0.007705597003650344,0.002680772234959756,0.21642393581155753,-0.11016396919231963
-0.01066282844723495,0.00040294037670684986,-0.006621322232342464,0.0021287180913803975,0.21728597271159464,-0.11065768823942382
-0.010694232975137398,0.0004127168801599216,-0.005533077729802476,0.0015744001243993768,0.2180118283044005,-0.11106949855298445
-0.010720191463928552,0.00041971909028079134,-0.004441545608588636,0.0010182286141616752,0.21860102018113578,-0.11139910554209617
-0.010740688545660316,0.0004239383830661447,-0.003347410171277034,0.0004606151770882262,0.21905315474350498,-0.11164626928728344
-0.010755712276415731,0.0004253681941264155,-0.002251357465745164,-9.802750789355728e-05,0.21936792746924302,-0.11181080470542991
-0.010765254144338272,0.0004240040235691012,-0.001154074839266482,-0.0006572859738548303,0.2195451231222298,-0.11189258167907931
-0.01076930907543033,0.00041984343950876975,-5.625049170233107e-05,-0.001216746240926032,0.2195846159034306,-0.11189152514940134
-0.01076787543711684,0.00041288608020126116,0.0010414269719169467,-0.00177599409173253,0.21948636954428044,-0.11180761517319779
-0.010760955039571474,0.00040313365480049217,0.002138268989125361,-0.0023346153470248147,0.2192504373390853,-0.11164088694371613
-0.010748553134804233,0.00039058994273717207,0.003233587487781712,-0.002892196141322691,0.21887696212345525,-0.11139143077543448
-0.010730678413510837,0.00037526079171964507,0.00432669533355811,-0.0034483231983920503,0.2183661761871039,-0.11105939205230925
-0.010707342999685647,0.0003571541143579753,0.005416906776868893,-0.0040025841063739435,0.21771840113720925,-0.11064497114044793
-0.010678562443001438,0.00033627988341329763,0.006503537898946667,-0.004554567592385456,0.21693404769390034,-0.11014842326415694
-0.010644355708960709,0.00031265012567535536,0.007585907056771159,-0.005103863796411747,0.2160136154358963,-0.10957005834635941
-0.010604745166824728,0.00028627891447204935,0.008663335326563503,-0.00565006454431008,0.21495769248104102,-0.10891024081297408
-0.010559756575327943,0.0002571823608157197,0.009735146945552393,-0.0061927636197461056,0.21376695511451482,-0.10816938936143589
-0.010509419066186843,0.00022537860319177573,0.01080066975172735,-0.006731557034884176,0.2124421673554676,-0.10734797669379233
-0.010453765125413787,0.00019088779599618267,0.011859235621286525,-0.007266043299653907,0.21098418046820241,-0.10644652921409993
-0.010392830572447779,0.0001537320966291988,0.012910180903494706,-0.007795823689416078,0.20939393241506987,-0.10546562669076837
-0.010326654537115565,0.00011393565125364097,0.013952846852669138,-0.008320502510852243,0.2076724472547027,-0.10440590188369757
-0.010255279434437879,7.152457922683242e-05,0.01498658005700785,-0.008839687365903109,0.20582083448078203,-0.10326804013664875
-0.010178750937297039,2.6526956216258782e-05,0.016010732863979603,-0.009352989413582561,0.20384028830791942,-0.10205277893513261
-0.010097117946983538,-2.1027203990177252e-05,0.017024663801998234,-0.009860023629495226,0.20173208689953356,-0.100760907429933
-0.010010432561640623,-7.11059689675547e-05,0.01802773799810443,-0.01036040906288688,0.1994975915429451,-0.09939326592672874
-0.009918750042627262,-0.00012367550841838767,0.01901932759138298,-0.010853769091058925,0.19713824576847433,-0.09795074534208935
-0.009822128778821245,-0.00017870011620469282,0.01999881214183964,-0.011339731670979552,0.19465557441418924,-0.09643428662616138
-0.009720630248885516,-0.00023614223363339722,0.02096557903447864,-0.011817929587926261,0.19205118264141127,-0.09484488015252213
-0.00961431898152218,-0.00029596247397998816,0.021919023878308366,-0.012288000700996091,0.18932675489047918,-0.09318356507541015
-0.00950326251373992,-0.000358119648234493,0.022858550900014925,-0.012749588185322236,0.18648405379214444,-0.09145142865504766
-0.009387531347161906,-0.0004225707920530719,0.023783573332051097,-0.01320234077083753,0.18352491902232465,-0.08964960555107049
-0.009267198902402496,-0.0004892711938977146,0.024693513794880016,-0.013645912977427819,0.1804512661092429,-0.0877792770850449
-0.00914234147154238,-0.0005581744243457489,0.02558780467312111,-0.014079965346320352,0.17726508518719483,-0.08584167047196868
-0.009013038168732987,-0.0006292323665500994,0.026465888485362035,-0.014504164667554782,0.17396843970917597,-0.08383805802180327
-0.008879370878962251,-0.0007023952478304779,0.02732721824738694,-0.01491818420338751,0.17056346510078638,-0.08176975631128718
-0.008741424205014994,-0.0007776116723749417,0.02817125782857995,-0.015321703907481691,0.1670523673764167,-0.0796381253263853
-0.008599285412662425,-0.0008548286550305245,0.028997482301278413,-0.01571441063973837,0.16343742170296874,-0.0774445675762875
-0.008453044374116368,-0.0009339916561609263,0.029805378282837466,-0.016095998376627885,0.1597209709206517,-0.07519052717951849
-0.008302793509784991,-0.0010150446175485482,0.030594444270189414,-0.016466168416882483,0.15590542402012825,-0.07287748892232057
-0.008148627728367925,-0.0010979299993174672,0.03136419096667472,-0.016824629582414465,0.15199325457399254,-0.07050697729047137
-0.007990644365329728,-0.001182588817853273,0.03211414160093038,-0.01717109841432749,0.14798699912827173,-0.06808055547473996
-0.00782894311979176,-0.0012689606846950328,0.032843832237622585,-0.01750529936389159,0.1438892555486094,-0.06559982435089844
-0.007663625989883515,-0.0013569838463740084,0.03355281207982891,-0.017826964978356567,0.1397026813339202,-0.06306642143509199
-0.007494797206595536,-0.0014465952251731223,0.03424064376286377,-0.01813583608147979,0.13542999188002602,-0.06048201981419782
-0.007322563166176932,-0.0015377304607805682,0.03490690363935273,-0.01843166194865018,0.13107395871555502,-0.057848327053958246
-0.007147032361121587,-0.0016303239528103603,0.03555118205537711,-0.018714200476492828,0.12663740769419865,-0.05516708408310106
-0.006968315309787966,-0.0017243089041620555,0.03617308361749776,-0.018983218346841066,0.12212321715405991,-0.05244006405619424
-0.006786524484698412,-0.0018196173651913172,0.036772227450487784,-0.019238491184968995,0.11753431604194961,-0.04966907119497803
-0.006601774239564629,-0.0019161802786624603,0.0373482474456041,-0.0194798037119788,0.11287368200457712,-0.04685593960894398
-0.006414180735086932,-0.002013927525453595,0.03790079249923338,-0.019706949891241915,0.10814433944713256,-0.04400253209630253
-0.006223861863575618,-0.0021127879709844917,0.038429526741755475,-0.01991973306879728,0.10334935756170535,-0.04111073892584236
-0.006030937172443616,-0.002212689512336806,0.038934129756473534,-0.020117966107614446,0.09849184832551724,-0.03818247660102495
-0.00583552778662029,-0.0023135591260358534,0.03941429678846725,-0.020301471515631383,0.09357496447197061,-0.03521968660574911
-0.005637756329937003,-0.0024153229164626737,0.03986973894323246,-0.02047008156748251,0.08860189743411305,-0.03222433413470164
-0.005437746845535712,-0.0025179061648647133,0.04030018337497287,-0.02062363841983592,0.08357587526205021,-0.0291984068066626
-0.005235624715352516,-0.0026212333789330544,0.04070537346442175,-0.020761994220262987,0.07850016051750128,-0.026143913364164446
-0.00503151657872869,-0.002725228342913739,0.0410850689860792,-0.02088501120956875,0.07337804814548005,-0.023062882358140163
-0.0048255502502023056,-0.002829814168220391,0.04143904626474725,-0.02099256181751353,0.06821286332174169,-0.019957360819771973
-0.004617854636534096,-0.0029349133445149903,0.04176709832126497,-0.0210845287518632,0.06300795928534483,-0.01682941292009634
-0.0044085596530217125,-0.003040447791223356,0.042069035007348314,-0.021160805080708237,0.057766715147994675,-0.01368111861791898
-0.0041977961391569995,-0.0031463389094515933,0.0423446831294394,-0.02122129430799532,0.05249253368843929,-0.010514572296914023
-0.003985695773681346,-0.0032525076342694967,0.04259388656148798,-0.021265910442222757,0.04718883913099179,-0.007331881394062038
-0.003772390989094585,-0.0033588744873266486,0.04281650634658689,-0.02129457805825188,0.041859074908573386,-0.004135165017587901
-0.003558014885673257,-0.0034653596297667417,0.04301242078739787,-0.021307232352193315,0.03650670141582042,-0.0009265525589865274
-0.003342701145054387,-0.0035718829154054344,0.04318152552530479,-0.021303819189331857,0.031135193746947353,0.0022918177035701707
-0.003126583943441212,-0.003678363944136887,0.04332373360824074,-0.021284295145055074,0.02574803942743052,0.005517800007142986
-0.002909797864487563,-0.0037847221155339608,0.0434389755471452,-0.021248627538760965,0.020348736134354565,0.008749242510499907
-0.002692477811917801,-0.0038908766826069247,0.043527199361011494,-0.021196794460717407,0.01494078941216094,0.011983988706924326
-0.0024747589219394008,-0.003996746805685423,0.04358837061049649,-0.021128784791856318,0.00952771038183647,0.015219878837511046
-0.002256776475505408,-0.00410225160638834,0.043622472420066616,-0.021044598216490285,0.004113013446213913,0.018454751308902013
-0.002038665810484108,-0.004207310221646173,0.04362950548866496,-0.020944245227938835,-0.0012997860068747933,0.021686444111677847
-0.0018205622337933041,-0.004311841857740447,0.04360948808889373,-0.0208277471270611,-0.006707173901618973,0.0249127962394167
-0.0016026009335566322,-0.004415765844324704,0.0435624560547095,-0.020695136013693015,-0.012105639772073112,0.028131649107817285
-0.0013849168913393356,-0.004519001688391622,0.043488462757636494,-0.02054645477099705,-0.01749167905713034,0.03134084797056927
-0.0011676447945208745,-0.004621469128150802,0.04338757907151584,-0.020381757042730046,-0.02286179539113317,0.03453824333623228
-0.0009509189488616601,-0.004723088186781869,0.04325989332581155,-0.02020110720344126,-0.028212502890579756,0.0377216923792814
-0.0007348731913210805,-0.004823779226027563,0.04310551124750041,-0.02000458032162532,-0.033540328433876665,0.040889060347093706
-0.000519640803183833,-0.004923462999591621,0.04292455589158511,-0.01979226211584708,-0.0388418139322429,0.044038221964203206
-0.00030535442355137673,-0.005022060706306365,0.04271716756027442,-0.019564248903867546,-0.04411351859203298,0.04716706282761081
-9.214596325508749e-05,-0.005119494043035047,0.04248350371088121,-0.01932064754480362,-0.04935202116525021,0.050273480797960526
0.00011985348075257415,-0.005215685257274192,0.0422237388524986,-0.019061575374357993,-0.05455392218779255,0.053355387380289845
0.00033051371047287584,-0.0053105571994213315,0.04193806443151996,-0.018787160133159824,-0.059715846203662576,0.05641070909897729
0.0005397055113459472,-0.005404033374673787,0.0416266887060767,-0.018497539888261687,-0.06483444397364388,0.05943738886027797
0.0007473007360909527,-0.005496037994524337,0.041289836609474946,-0.018192862947845258,-0.06990639466705617,0.06243338730629327
0.0009531723878464406,-0.005586496027819917,0.04092774960271946,-0.017873287769187667,-0.0749284080351384,0.06539668415674325
0.001157194702556454,-0.005675333251349741,0.04054068551622003,-0.01753898285994787,-0.07989722656463173,0.06832527953917428
0.0013592432305484829,-0.0057624762999295455,0.04012891838078281,-0.01719012667283806,-0.08480962761025726,0.07121719530475078
0.001559194917249853,-0.005847852715948997,0.039692738247996004,-0.01682690749374608,-0.08966242550446374,0.07407047633204036
0.001756928182989712,-0.005931390998349623,0.03923245100012672,-0.01644952332338195,-0.09445247364324962,0.07688319181361236
0.0019523230018343612,-0.006013020651001021,0.03874837814965187,-0.016058181752526702,-0.09917666654669197,0.07965343652848716
0.0021452609794043133,-0.0060926722304434616,0.038240856628553914,-0.01565309983095848,-0.10383194189248834,0.08237933209880165
0.0023356254296221127,-0.006170277392965436,0.037710238567517436,-0.015234503930146158,-0.108415282522104,0.0850590282261269
0.002523301450340655,-0.0062457689409851054,0.03715689106517052,-0.014802629599797517,-0.11292371841666302,0.08769070391332959
0.0027081759978024623,-0.006319080868705071,0.03658119594752122,-0.014357721418351175,-0.11735432864305748,0.09027256866520664
0.0028901379598811404,-0.006390148407010356,0.035983549517744254,-0.013900032837515591,-0.12170424326772952,0.09280286366902668
0.0030690782280570253,-0.006458908067579973,0.03536436229648274,-0.013429826020951812,-0.1259706452368759,0.09527986295648508
0.0032448897680798605,-0.006525297686182969,0.034724058752832174,-0.012947371677203225,-0.13015077222334887,0.09770187454294976
0.0034174676892721927,-0.006589256465130362,0.03406307702618193,-0.012452948886985917,-0.13424191843674915,0.1000672415439732
0.0035867093124280634,-0.0066507250148549225,0.033381868639097464,-0.011946844924943304,-0.1382414363970368,0.10237434327307199
0.003752514236262486,-0.006709645394591345,0.032680898201427076,-0.011429355075988685,-0.14214673867111965,0.10462159630877586
0.003914784402368143,-0.006765961152129901,0.031960643105827524,-0.01090078244635463,-0.14595529956870024,0.10680745554484586
0.004073424158636711,-0.006819617362617305,0.0312215932149084,-0.010361437769460559,-0.14966465679895016,0.10893041521278243
0.004228340321103219,-0.00687056066637912,0.030464250540196715,-0.009811639206741333,-0.15327241308572254,0.11098900987490798
0.004379442234172876,-0.0069187393057386515,0.02968912891313037,-0.009251712143555912,-0.15677623774081634,0.11298181539926011
0.00452664182919086,-0.006964103160807995,0.028896753648298978,-0.008681988980307717,-0.16017386819174056,0.11490744990001789
0.004669853681316627,-0.007006603784227468,0.028087661199148455,-0.008102808918919017,-0.16346311146846848,0.11676457465546228
0.004808995064665441,-0.0070461944348304455,0.027262398806373857,-0.007514517744793063,-0.16664184564137005,0.11855189499491922
0.004943986005680898,-0.007082830110211238,0.026421524139231083,-0.006917467604408353,-0.16970802121573902,0.12026816115896463
0.00507474933470343,-0.0071164675781744124,0.025565604930002282,-0.006312016778688473,-0.17265966247578066,0.12191216912898728
0.005201210735700921,-0.007147065407044668,0.02469521860185198,-0.005698529452296947,-0.17549486878434087,0.12348276142762304
0.005323298794128763,-0.0071745839948171115,0.02381095189031444,-0.005077375479003609,-0.17821181583067516,0.12497882788971221
0.005440945042887919,-0.0071989855971285495,0.022913400458665256,-0.0044489301432783755,-0.18080875682899933,0.12639930640038094
0.005554084006350779,-0.007220234354031166,0.0220031685074245,-0.0038135739182675998,-0.1832840236673039,0.12774318360392928
0.005662653242425897,-0.007238296315550748,0.021080868378246506,-0.0031716922203076756,-0.1856360280038934,0.12900949558004043
0.005766593382633919,-0.007253139466012401,0.02014712015245487,-0.0025236751601410206,-0.18786326231276135,0.13019732848662147
0.005865848170168364,-0.007264733747117514,0.019202551244486613,-0.001869917290991897,-0.18996430087454075,0.13130581917302794
0.005960364495916206,-0.007273051079756536,0.01824779599051047,-0.0012108173536671697,-0.19193780071591657,0.132334155756863
0.006050092432414553,-0.007278065384542941,0.017283495232486037,-0.0005467780188509319,-0.19378250249385584,0.13328157816963207
0.006134985265721057,-0.007279752601054633,0.01631029589793964,0.00012179437324235038,-0.19549723132470412,0.13414737866768087
0.0062149995251770535,-0.007278090705769818,0.015328850575725101,0.000794490075685574,-0.19708089756111064,0.1349309023096086
0.006290095011043818,-0.007273059728685296,0.014339817088053496,0.0014708961999535088,-0.1985324975075315,0.13563154739756533
0.006360234819993693,-0.007264641768605932,0.013343858059069994,0.0021505969831626245,-0.19985111408586959,0.13624876588608098
0.006425385368439287,-0.007252821007094952,0.012341640480256773,0.002833174057265858,-0.2010359174394189,0.1367820637552124
0.006485516413685295,-0.00723758372107558,0.011333835272947538,0.003518206720023882,-0.20208616548427488,0.13723100134799726
0.0065406010728889736,-0.007218918294075418,0.010321116848240698,0.0042052722075683995,-0.2030012043984612,0.13759519366980963
0.006590615839816695,-0.007196815226105846,0.00930416266460063,0.00489394596839117,-0.2037804690575662,0.13787431065929845
0.006635540599385488,-0.007171267142169638,0.008283652783433747,0.0055838019385782344,-0.2044234834091867,0.1380680774155276
0.0066753586399798705,-0.007142268799390824,0.007260269422927034,0.006274412818101711,-0.20492986079349862,0.1381762743938631
0.0067100566635357765,-0.007109817092761805,0.0062346965104475675,0.0069653503479941824,-0.205299304198288,0.13819873756312545
0.006739624793384814,-0.007073911059503585,0.0052076192337956635,0.007656185588224853,-0.2055316064624737,0.13813535852914266
0.006764056579853586,-0.007034551882035889,0.00417972359159606,0.008346489196095696,-0.2056266504173676,0.13798608461919443
0.006783349003614241,-0.0069917428895548694,0.003151695943133289,0.009035831704973024,-0.20558440896774077,0.13775091893173708
0.00679750247678391,-0.006945489558216986,0.0021242225579196504,0.009723783803177496,-0.20540494511771462,0.13742992035005205
0.006806520841772169,-0.00689579950992857,0.0010979891652884862,0.010409916612845092,-0.20508841193475108,0.1370232035169863
0.006810411367877122,-0.0068426825097414965,7.368050431483752e-05,0.011093801968578674,-0.20463505245470837,0.13653093877644623
0.006809184745632166,-0.006786150461856296,-0.0009480201256498505,0.011775012695707474,-0.20404519953116682,0.13595335207507359
0.006802855078907022,-0.006726217404234945,-0.00196643131352837,0.01245312288797374,-0.20331927562024102,0.13529072483143262
0.006791439874768016,-0.006662899501826489,-0.0029808739838622926,0.013127708184467391,-0.20245779251332793,0.13454339376602742
0.006774960031104115,-0.006596215038409546,-0.003990671842660474,0.013798346045621052,-0.2014613510059446,0.13371175069543711
0.006753439822026673,-0.006526184407056663,-0.004995151821452349,0.014464616028086335,-0.20033064051080535,0.13279624229067616
0.006726906881052281,-0.006452830099226384,-0.005993644519262321,0.015126100058320257,-0.19906643861318352,0.1317973698028923
0.006695392182079598,-0.006376176692489804,-0.006985484642210757,0.015782382704692018,-0.19766961056619076,0.13071568874581202
0.006658930018172458,-0.0062962508368992354,-0.007970011440456741,0.016433051447933847,-0.1961411087322027,0.12955180855091902
0.00661755797816301,-0.006213081240007568,-0.008946569142195177,0.01707769694976604,-0.19448197196317185,0.12830639218195888
0.006571316921090048,-0.006126698650547725,-0.009914507384420767,0.017715913319512416,-0.19269332492706392,0.126980155716592
0.006520250948489136,-0.006037135840782525,-0.01087318164018211,0.018347298378536124,-0.19077637737747272,0.12557386789289177
0.006464407374552534,-0.00594442758753613,-0.011821953642041489,0.018971453922320934,-0.18873242336627932,0.12408834962103236
0.006403836694178299,-0.005848610651919111,-0.012760191801464479,0.019587985980026125,-0.18656284040291637,0.12252447346104327
0.006338592548929371,-0.005749723757760028,-0.013687271623861933,0.020196505071346533,-0.1842690885560654,0.1208831630671194
0.006268731690924781,-0.0056478075687572725,-0.01460257611901662,0.020796626460506628,-0.1818527095058095,0.11916539259691929
0.006194313944686488,-0.00554290466436574,-0.01550549620662422,0.02138797040722564,-0.17931532553723045,0.11737218609068553
0.006115402166966692,-0.005435059514433758,-0.01639543111667639,0.021970162414487297,-0.1766586384836376,0.11550461681397683
0.006032062204581819,-0.005324318452606474,-0.017271788784429695,0.02254283347295246,-0.17388442861768452,0.11356380657208887
0.0059443628502806375,-0.005210729648512768,-0.018133986239701017,0.023105620301852644,-0.17099455349084416,0.11155092498798411
0.005852375796675297,-0.005094343078753496,-0.018981449990230565,0.0236581655862084,-0.1679909467209747,0.1094671887543184
0.0057561755882653155,-0.004975210496709714,-0.01981361639886382,0.02420011821021882,-0.1648756167323265,0.10731386084985073
0.005655839571585829,-0.004853385401190243,-0.020629932054303794,0.024731133486662924,-0.161650645443664,0.10509224972779102
0.00555144784351262,-0.004728923003938763,-0.021429854135186693,0.025250873382168883,-0.15831818690949553,0.10280370847459215
0.005443083197757669,-0.004601880196021315,-0.02221285076724898,0.025759006738200245,-0.154880465915419,0.10044963393795313
0.005330831069590164,-0.004472315513115865,-0.0229784013733446,0.026255209487613257,-0.15133977652283004,0.09803146582725183
0.005214779478819038,-0.004340289099726284,-0.02372599701608587,0.026739164866645137,-0.14769848057367743,0.09555068578549958
0.0050950189710743075,-0.004205862672343805,-0.024455140732882102,0.027210563622194355,-0.14395900614481583,0.09300881643418828
0.00497164255742552,-0.004069099481579717,-0.02516534786315449,0.027669104214255096,-0.14012384596413943,0.09040742039010856
0.004844745652376801,-0.0039300642732937275,-0.025856146367515768,0.02811449301337203,-0.13619555578037207,0.08774809925666434
0.004714426010278985,-0.0037888232487430897,-0.026527077138698885,0.02854644449298936,-0.13217675269287538,0.08503249259026731
0.0045807836602003976,-0.003645444023778222,-0.027177694304035226,0.028964681416564518,-0.1280701134416613,0.08226227683979691
0.004443920839298863,-0.0034999955871111857,-0.02780756551928183,0.02936893501932455,-0.12387837265697971,0.07943916426421593
0.00430394192473848,-0.003352548257683998,-0.02841627225360319,0.02975894518454587,-0.11960432107156531,0.07656490182431228
0.004160953364195693,-0.003203173641164333,-0.029003410065520725,0.03013446061424073,-0.11525080369544878,0.07364127005363133
0.004015063605000092,-0.0030519445855967577,-0.029568588869648676,0.030495238994139987,-0.11082071795573183,0.07067008190607194
0.0038663830219562833,-0.0028989351362381922,-0.03011143319404174,0.030841047152860103,-0.10631701180149396,0.06765318158197453
0.0037150238438940484,-0.002744220489606826,-0.03063158242798001,0.031171661215152625,-0.10174268177381403,0.06459244333503372
0.0035611000789948295,-0.002587876946774241,-0.03112869106003344,0.03148686674913458,-0.09710077104755756,0.061489770257749946
0.0034047274389434118,-0.0024299818659309857,-0.03160242890624784,0.03178645890740077,-0.09239436743820484,0.058347093048723986
0.003246023261954415,-0.0022706136142563297,-0.032052481328297494,0.03207024256192797,-0.08762660138165712,0.055166368762154805
0.0030851064347239836,-0.0021098515191233834,-0.03247854944146566,0.03233803243267958,-0.0828006438856087,0.051949579538491455
0.002922097313357748,-0.0019477758186712045,-0.03288035031231411,0.03258965320982666,-0.07791970445377225,0.048698731320338196
0.0027571176433268166,-0.001784467611775939,-0.033257617145909246,0.03282493966950517,-0.072987028984284,0.04541585255106756
0.0025902904785042036,-0.0016200088074534292,-0.0336100994624815,0.03304373678303199,-0.06800589764461823,0.04210299285965895
0.0024217400993347023,-0.0014544820737261096,-0.03393756326340267,0.033245899819507714,-0.06297962272384956,0.038762221730631
0.0022515919301917845,-0.0012879707859873555,-0.03423979118637164,0.03343129444173885,-0.05791154646373768,0.035395627161823526
0.002079972455975649,-0.0011205589748967913,-0.0345165826497021,0.03359979679541525,-0.05280503886844677,0.032005314308735905
0.0019070091380070408,-0.0009523312738403671,-0.034767753985619515,0.03375129359148333,-0.04766349549851748,0.02859340411849528
0.0017328303292719438,-0.0007833728659893115,-0.034993138562479,0.0338856821816611,-0.042490335245277976,0.02516203195261483
0.001557565189072657,-0.0006137694309923257,-0.03519258689582063,0.034002870627044345,-0.037288998091372795,0.021713346200681514
0.001381343597141185,-0.0004436070913356356,-0.03536596674818949,0.03410277775975797,-0.03206294285617086,0.01824950688476857
0.0012042960672712156,-0.00027297235840573344,-0.035513163217653576,0.03418533323761184,-0.026815644929463832,0.014772684256777078
0.001026553660525287,-0.00010195207828984707,-0.03563407881496063,0.03425047759172416,-0.021550593993358853,0.011285057388151817
0.0008482478980740258,6.936662265065666e-05,-0.03572863352928136,0.034298162267080115,-0.016271291734929708,0.007788812754231201
0.0006695106737245926,0.00024089639239856857,-0.035796764882494926,0.03432834965599883,-0.010981249550498947,0.004286142813256
0.0004904741661956743,0.0004125497080553422,-0.03583842797197959,0.03434101312448546,-0.00568398624336855,0.000779244581394975
0.00031127075119654246,0.0005842389307362067,-0.035853595501879436,0.03433613703145046,-0.00038302571656969437,-0.0027296817953939507
0.00013203291336782655,0.0007558763605502048,-0.03584225780282549,0.034313716740782395,0.004918105338147993,-0.006238434471834241
-4.710684185825092e-05,0.0009273742916294114,-0.03580442284009647,0.03427375862626556,0.010215879753460158,-0.009744811334898799
-0.00022601607642036773,0.0010986450671715536,-0.03574011621021251,0.03421628006933837,0.0155067722001227,-0.013246611435977607
-0.0004045625077554944,0.0012696011344602378,-0.03564938112596293,0.03414130944969288,0.020787261499710233,-0.016741636422216905
-0.0005826140968333724,0.001440155099827001,-0.035532278389876326,0.03404888612872076,0.026053832934929796,-0.020227691966633744
-0.0007600391360403184,0.0016102197835194344,-0.035388886356149084,0.03393906042581514,0.03130298055596842,-0.023702589195612807
-0.0009367063368546858,0.0017797082744396857,-0.03521930088105541,0.033811893587543586,0.03653120948150128,-0.027164146113007562
-0.0011124849172564463,0.0019485339847177287,-0.035023635261870995,0.033667457749711735,0.04173503819226661,-0.03061018901973286
-0.0012872446888135191,0.0021166107040838877,-0.03480202016434763,0.033505835892339846,0.0469110008170807,-0.03403855392902414
-0.001460856143387682,0.002283852654005235,-0.03455460353878545,0.033327121787582084,0.05205564940778963,-0.037447087974079384
-0.0016331905394031375,0.002450174541550626,-0.03428155052475717,0.033131419940622915,0.05716555620352212,-0.04083365080958689
-0.0018041199876210935,0.0026154916129493143,-0.033983043344543634,0.03291884552358451,0.062237315881892664,-0.044196116005775526
-0.001973517536364026,0.002779719706808279,-0.033659281185350755,0.032689524302490516,0.06726754779525958,-0.04753237243182163
-0.0021412572561336483,0.0029427753069536135,-0.03331048007038212,0.032443592557333624,0.07225289819219538,-0.05084032563093535
-0.0023072143235670093,0.003104575594861581,-0.0329368727188519,0.032181196995295404,0.07719004241989183,-0.05411789918435366
-0.0024712651046755506,0.0032650385016451877,-0.03253870839502734,0.031902494657176594,0.08207568710993343,-0.0573630360631711
-0.0026332872373124416,0.003424082759562417,-0.03211625274639794,0.031607652817096696,0.08690657234182489,-0.060573699968787045
-0.0027931597128139822,0.003581627953012585,-0.03166978763107738,0.03129684887552904,0.09167947378639765,-0.06374787665827544
-0.0029507629567614214,0.003737594568987591,-0.03119961093454878,0.03097027024573902,0.09639120482504329,-0.06688357525773206
-0.0031059789088100907,0.0038919040469452106,-0.03070603637587197,0.030628114233700612,0.10103861864568031,-0.06997882955763088
-0.0032586911015333704,0.004044478828071929,-0.030189393303479285,0.030270587911566345,0.10561861031139433,-0.07303169929607634
-0.003408784738229633,0.004195242403903227,-0.029650026480691875,0.029897907984772522,0.1101281188035696,-0.07604027142145256
-0.0035561467696409907,0.004344119364269624,-0.029088295861094526,0.02951030065287093,0.11456412903536951,-0.07900266133918404
-0.003700665969533371,0.004491035444537256,-0.028504576353916178,0.02910800146417104,0.1189236738359696,-0.0819170141407722
-0.0038422330090881907,0.004635917572112191,-0.027899257579569348,0.028691255164288942,0.12320383590276301,-0.08478150581206705
-0.003980740530056672,0.004778693912178164,-0.02727274361550553,0.028260315538702827,0.12740174972276314,-0.08759434442237975
-0.004116083216628641,0.004919293912637939,-0.026625452732551746,0.027815445249415156,0.13151460345875104,-0.09035377129268828
-0.004248157865968486,0.005057648348228982,-0.02595781712190116,0.02735691566582812,0.1355396408014834,-0.09305806214212586
-0.004376863457371832,0.005193689363784703,-0.025270282612934545,0.026885006689944025,0.1394741627851628,-0.09570552821151276
-0.004502101219997366,0.005327350516613054,-0.02456330838205694,0.02640000657599973,0.14331552956587862,-0.09829451736620545
-0.004623774699129191,0.005458566817964848,-0.023837366652736867,0.025902211744656314,0.14706116216215026,-0.1008234151711617
-0.0047417898209260335,0.0055872747735647675,-0.023092942386946112,0.0253919265918654,0.15070854415415158,-0.10329064594520473
-0.004856054955614623,0.0057134124231786295,-0.02233053296820078,0.024869463292532125,0.15425522334398184,-0.10569467378810493
-0.004966480979085567,0.0058369193791911024,-0.021550647876406596,0.024335141599104368,0.15769881337369157,-0.10803400358299767
-0.005072981332851087,0.005957736864168711,-0.020753808354725796,0.02378928863522108,0.16103699529862864,-0.11030718197031747
-0.00517547208232506,0.006075807747383631,-0.01994054706867869,0.02323223868455227,0.16426751912021276,-0.11251279829720566
-0.005273871973386889,0.006191076580274448,-0.01911140775770226,0.02266433297496729,0.16738820527036047,-0.11464948553678704
-0.005368102487191839,0.0063034896308207565,-0.018266944879396087,0.0220859194581748,0.17039694605210867,-0.11671592118020883
-0.005458087893191663,0.006412994916809161,-0.017407723246685776,0.021497352584973962,0.17329170703201574,-0.11871082810012541
-0.005543755300330441,0.006519542237968979,-0.0165343176581403,0.020898993076265745,0.1760705283861746,-0.12063297538316188
-0.005625034706381807,0.006623083206956688,-0.015647312521682107,0.02029120768997431,0.17873152619710153,-0.12248117913341205
-0.005701859045394913,0.0067235712791688775,-0.0147473014719405,0.01967436898402634,0.18127289369954167,-0.12425430324577494
-0.005774164233217723,0.006820961781364276,-0.013834886981496937,0.019048855075547134,0.18369290247788353,-0.12595126014590782
-0.00584188921106751,0.006915211939076149,-0.012910679966271895,0.01841504939642875,0.1859899036121328,-0.1275710115014455
-0.005904975987119661,0.007006280902797202,-0.011975299385315712,0.01777334044542696,0.18816232877034067,-0.12911256889926986
-0.005963369676087218,0.007094129772919867,-0.011029371835262676,0.017124121536953106,0.1902086912508732,-0.1305749944902717
-0.006017018536764893,0.0071787216234157295,-0.010073531139711876,0.016467790546722552,0.19212758696944665,-0.13195740160195046
-0.006065874007512609,0.007260021524238605,-0.009108417933806975,0.01580474965442397,0.19391769539251366,-0.13325895531748194
-0.0061098907396549855,0.007337996562436658,-0.008134679244282565,0.01513540508357708,0.19557778041725016,-0.13447887302127398
-0.006149026628774528,0.007412615861959777,-0.007152968065252203,0.014460166838755515,0.19710669119489463,-0.13561642490735226
-0.006183242843877679,0.007483850602149259,-0.00616394293001764,0.013779448440335854,0.1985033628989306,-0.1366709344605118
-0.006212503854414255,0.00755167403489776,-0.005168267479177263,0.013093666656951062,0.19976681743722013,-0.1376417788934051
-0.006236777455132226,0.007616061500468269,-0.0041666100253163595,0.012403241235827473,0.20089616410714103,-0.13852838955603056
-0.006256034788751174,0.007676990441961805,-0.0031596431145621082,0.011708594631169338,0.20189060019455937,-0.13933025230722296
-0.006270250366439225,0.007734440418424366,-0.0021480430852933944,0.011010151730779096,0.20274941151292628,-0.14004690784887383
-0.006279402086079657,0.00778839311658458,-0.0011324896242927058,0.010308339581089869,0.2034719728873492,-0.1406779520268174
-0.00628347124831487,0.00783883236121439,-0.00011366532062866835,0.009603587110784064,0.20405774857826578,-0.14122303609550427
-0.006282442570356809,0.007885744124106009,0.0009077447824374599,0.008896324853184109,0.20450629264818554,-0.14168186694447799
-0.006276304197554436,0.007929116531659251,0.0019310536372268705,0.008186984667592092,0.20481724926757872,-0.14205420729232882
-0.00626504771271029,0.00796893987107433,0.0029555726428082477,0.007475999459766378,0.20499035296497228,-0.14233987583795665
-0.006248668143139653,0.008005206595146024,0.003980612097256106,0.006763802901714773,0.2050254288141711,-0.14253874738268513
-0.006227163965467314,0.008037911325656115,0.005005481650706051,0.006050829150979243,0.20492239256580674,-0.14265075291152718
-0.00620053710815842,0.008067050855361867,0.006029490758912474,0.005337512569612615,0.20468125071676246,-0.14267587963512382
-0.006168792951781354,0.008092624148579228,0.007051949137007866,0.004624287443015957,0.2043021005213944,-0.14261417100353949
-0.006131940327002102,0.008114632340360403,0.008072167213170275,0.0039115876988222945,0.20378512994356904,-0.1424657266739253
-0.006089991510311033,0.008133078734266299,0.009089456581901486,0.0031998466260224306,0.20313061754891573,-0.14223070244602026
-0.0060429622174845,0.008147968798735325,0.01010313045661613,0.00248949659450154,0.2023389323369418,-0.14190931016233604
-0.0059908715947851665,0.008159310162050902,0.011112504121248984,0.0017809687751749032,0.20141053351619959,-0.14150181756831864
-0.005933742207906445,0.008167112605910963,0.012116895380582403,0.0010746928609089053,0.20034597021716832,-0.1410085481380805
-0.005871600028667885,0.008171388057603647,0.0131156250089988,0.0003710967884060963,0.19914588114939025,-0.1404298808630431
-0.005804474419469862,0.008172150580794313,0.014108017197365543,-0.00032939353875799176,0.19781099419730658,-0.13976625000259213
-0.005732398115517353,0.008169416364929866,0.015093399997757967,-0.0010263545257756179,0.1963421259596631,-0.13901814480445832
-0.0056554072048240695,0.00816320371326735,0.016071105765729874,-0.0017193651607390805,0.19474018122909975,-0.13818610918092677
-0.005573541106009653,0.008153533029534588,0.017040471599841327,-0.00240800728708033,0.19300615241548177,-0.13727074135557313
-0.005486842543904108,0.008140426803231621,0.018000839778155666,-0.0030918658741479798,0.19114111891025315,-0.13627269347148668
-0.0053953575229750625,0.008123909593582548,0.01895155819141925,-0.0037705292857402664,0.18914624639518052,-0.13519267116542805
-0.005299135298594891,0.00810400801214823,0.019891980772640327,-0.004443589546422251,0.18702278609325035,-0.13403143310736554
-0.005198228346166142,0.008080750704111246,0.020821467922784172,-0.005110642605447483,0.18477207396428807,-0.1327897905027275
-0.005092692328125121,0.008054168328245324,0.021739386932307175,-0.005771288598114095,0.18239552984491283,-0.13146860656391712
-0.004982586058844873,0.008024293535582344,0.022645112398251177,-0.006425132104385078,0.17989465653268813,-0.1300687959444762
-0.004867971467460178,0.007991160946790865,0.023538026636625776,-0.007071782404602443,0.1772710388171516,-0.12859132414246988
-0.00474891355863855,0.007954807128280946,0.024417520089807524,-0.007710853732132269,0.17452634245554718,-0.12703720686946063
-0.0046254803713225694,0.007915270567050901,0.02528299172868882,-0.008341965522765895,0.1716623130969709,-0.12540750938398995
-0.00449774293547021,0.007872591644292423,0.026133849449311828,-0.008964742660720337,0.16868077515223304,-0.1237033457977868
-0.004365775226821138,0.00782681260777135,0.026969510463727375,-0.009578815721079962,0.16558363061398557,-0.12192587834606326
-0.004229654119718265,0.007777977543002114,0.02778940168482301,-0.010183821208513171,0.16237285782426852,-0.12007631662722013
-0.004089459338015096,0.0077261323432347385,0.028592960104865072,-0.010779401792113025,0.15905051019255667,-0.1181559168127214
-0.00394527340410069,0.007671324678274004,0.029379633167508235,-0.011365206536204632,0.1556187148647085,-0.1161659808239213
-0.0037971815860752796,0.007613603962151179,0.0301488791330274,-0.011940891126970188,0.1520796713429586,-0.11410785548230096
-0.003645271843110801,0.007553021319669463,0.030900167436532067,-0.012506118094745633,0.1484356500589077,-0.11198293162787681
-0.0034896347690318045,0.007489629551845009,0.031632979038927006,-0.013060557031838092,0.14468899089906795,-0.10979264320910644
-0.0033303635341533546,0.007423483100266153,0.0323468067703887,-0.013603884805721517,0.14084210168561076,-0.10753846634426392
-0.0031675538254137014,0.007354638010394144,0.033041155666133096,-0.014135785767477498,0.13689745661214558,-0.10522191835812814
-0.0030013037848406103,0.007283151893829404,0.033715543294251096,-0.01465595195534017,0.13285759463505567,-0.10284455678694057
-0.002831713946391341,0.0072090838895679755,0.03436950007539729,-0.015164083293206572,0.1287251178234214,-0.10040797835961981
-0.0026588871712073378,0.007132494624273538,0.03500256959412299,-0.015659887783992767,0.12450268966685842,-0.09791381795485773
-0.002482928581325729,0.007053446171590962,0.035614308901645866,-0.016143081697703104,0.12019303334229203,-0.09536374752927745
-0.002303945491890758,0.0069720020105280296,0.036204288809859285,-0.016613389754087108,0.11579892994307461,-0.09275947502432458
-0.002122047341909254,0.006888226982932566,0.036772094176385564,-0.017070545299768935,0.11132321666743844,-0.09010274324840634
-0.001937345623595203,0.006802187250092789,0.0373173241804863,-0.017514290479732682,0.10676878497285487,-0.0873953287370922
-0.0017499538103494274,0.006713950248489295,0.03783959258964808,-0.01794437640304694,0.10213857869185773,-0.08463904058861157
-0.001559987283421258,0.006623584644727631,0.038338528016666935,-0.01836056330272237,0.09743559211568517,-0.08183571928156066
-0.0013675632572999752,0.006531160289680954,0.03881377416706306,-0.01876262068960126,0.09266286804276594,-0.07898723546999425
-0.0011728007038846154,0.00643674817187279,0.03926499007666104,-0.019150327500170462,0.08782349579642446,-0.07609548875768747
-0.0009758202754815598,0.006340420370130402,0.039691850339179484,-0.019523472238205393,0.08292060921095248,-0.07316240645628541
-0.0007767442266800891,0.006242250005539773,0.04009404532367935,-0.019881853110151837,0.07795738458899293,-0.07018994232229182
-0.0005756963351568316,0.006142311192733641,0.04047128138172799,-0.02022527815415535,0.07293703863046158,-0.06718007527911374
-0.00037280182146074006,0.006040678990544489,0.04082328104414076,-0.020553565362653646,0.06786282633464912,-0.06413480812020408
-0.0001681872678309061,0.005937429352054789,0.0411497832071703,-0.020866542798451748,0.06273803887716353,-0.06105616619903668
3.8019463899833325e-05,0.005832639074077207,0.041450543308020144,-0.021164048704204387,0.057566001462776274,-0.05794619610201953
0.00024568931526194307,0.005726385746097848,0.04172533348956647,-0.02144593160523037,0.052350071155753373,-0.05480696430837368
0.0004546921149127619,0.005618747698715976,0.0419739427541781,-0.021712050405596647,0.04709363468890005,-0.05164055583813611
0.0006648966631519358,0.005509803951613965,0.04219617710653314,-0.021962274477404137,0.04180010625311478,-0.048449072884859945
0.0008761708171335487,0.005399634161091564,0.0423918596853366,-0.02219648374321548,0.03647292526826857,-0.04523463343967753
0.0010883815767193236,0.0052883185671988315,0.042560830883851375,-0.022414568751576942,0.031115554137642762,-0.041999369904907005
0.0013013951709168372,0.0051759379405023715,0.04270294845916215,-0.022616430745578734,0.025731475986667227,-0.03874542769580998
0.0015150771448463039,0.0050625735285197235,0.042818087630099505,-0.022801981724410107,0.020324192388274688,-0.035474963836738635
0.001729292447179127,0.00494830700185701,0.04290614116375775,-0.02297114449786916,0.014897221075023994,-0.032190145546883486
0.0019439055179911022,0.004833220400085115,0.042967019450548,-0.023123852733789172,0.009454093641073526,-0.028893148821121123
0.0021587803769728717,0.004717396077389859,0.043000650567736824,-0.023260050998353,0.003998353234456492,-0.025586157004409506
0.0023737807119399946,0.004600916648031767,0.04300698033142696,-0.02337969478926694,-0.0014664477584013166,-0.022271359361167108
0.0025887699675847873,0.004483864931651176,0.042985972336943123,-0.02348275056177168,-0.006936750035134583,-0.018950949640729707
0.0028036114344119254,0.0043663238984545,0.042937607987596216,-0.02356919574747507,-0.012408989703627117,-0.015627124640625913
0.003018168337799665,0.004248376614317591,0.04286188651180527,-0.0236390187659899,-0.01787960061275199,-0.012302082765306912
0.0032323039271284584,0.00413010618584215,0.04275882496856323,-0.02369221902937113,-0.023345016684062796,-0.008978022587185096
0.0034458815649186787,0.0040115957054012216,0.04262845824124227,-0.02372880693935138,-0.02880167424432005,-0.005657141404914096
0.0036587648159191566,0.0038929281962097506,0.04247083901974077,-0.023748803877371195,-0.03424601435628115,-0.002341633803012148
0.0038708175360882596,0.0037741865574562414,0.04228603777098243,-0.023752242187413126,-0.03967448514705382,0.0009663097862391095
0.0040819039614093,0.0036554535095314586,0.04207414269778291,-0.023739165151650813,-0.04508354413275285,0.004264504518686489
0.004291888796482159,0.0035368115393900825,0.041835259686111695,-0.02370962695892711,-0.05046966053573204,0.0075507725707952686
0.004500637302833156,0.0034183428460811353,0.04156951224078281,-0.02366369266608152,-0.05582931759582098,0.010822944567440321
0.004708015386885371,0.0033001292864828892,0.04127704140961105,-0.023601438152152952,-0.061159014872885525,0.014078861003986823
0.004913889687531827,0.0031822523212778338,0.04095800569608454,-0.02352295006548676,-0.06645527053771605,0.01731637366249061
0.005118127663254204,0.003064792961203125,0.04061258096060818,-0.02342832576377952,-0.0717146236528308,0.020533347020405157
0.005320597678730047,0.002947831713611766,0.040240960310379784,-0.0233176732471008,-0.07693363643852713,0.023727659651082825
0.005521169090871738,0.00283144852937956,0.039843353977974574,-0.02319111108393588,-0.08210889652355702,0.02689720561488426
0.005719712334240901,0.002715722750192657,0.039419989188708676,-0.023048768330297436,-0.08723701918280302,0.030039895840492582
0.005916099005782264,0.0026007330562502658,0.0389711100168688,-0.022890784441958124,-0.0923146495531468,0.03315365949523292
0.00611020194882148,0.002486557414416836,0.03849697723090543,-0.02271730917986028,-0.09733846483220143,0.03623644534390484
0.006301895336271852,0.0023732730268577226,0.03799786812768293,-0.022528502508765196,-0.10230517645679624,0.03928622309412992
0.006491054752995441,0.002260956280192031,0.03747407635589624,-0.02232453448920987,-0.10721153225788146,0.042300984727999716
0.006677557277264561,0.002149682695195999,0.0369259117287683,-0.02210558516283807,-0.11205431859329368,0.04527874582072086
0.00686128156127026,0.002039526877089915,0.036353700026148815,-0.021871844431181665,-0.11683036245450061,0.048217546841841215
0.0070421079106249935,0.0019305624664412084,0.0357577827861425,-0.021623511927972468,-0.12153653354802602,0.05111545444183799
0.007219918362807357,0.0018228620907159167,0.03513851708640023,-0.021360796885065748,-0.12616974634888178,0.05397056272085004
0.00739459676449741,0.0017164973165103381,0.03449627531521678,-0.0210839179920641,-0.13072696212449764,0.05678099447980832
0.007566028847751861,0.0016115386024942208,0.03383144493258022,-0.020793103249733186,-0.1352051909301297,0.05954490245255789
0.007734102304969132,0.001508055253096379,0.03314442822133432,-0.020488589817304965,-0.139601493568227,0.062260470518729946
0.007898706862595091,0.0014061153729631414,0.03243564202860882,-0.020170623853767482,-0.1439129835219739,0.06492591489626243
0.008059734353521083,0.0013057858222195354,0.03170551749768425,-0.019839460353244433,-0.14813682884785295,0.0675394853129565
0.0082170787881267,0.0012071321725625873,0.03095449979047297,-0.019495362974572977,-0.1522702540366582,0.07009946615562679
0.008370636423920656,0.0011102186642155724,0.03018304780079071,-0.019138603865191218,-0.15631054183624646,0.0726041775970763
0.00852030583373401,0.0010151081637714842,0.029391633858607626,-0.018769463479449508,-0.16025503503698646,0.07505197669960728
0.008665987972420934,0.0009218621229534215,0.028580743425467698,-0.018388230391463825,-0.1641011382189842,0.0774412584946654
0.008807586242023198,0.0008305405383189816,0.027750874781277246,-0.017995201102634646,-0.16784631945719689,0.07977045703700561
0.008945006555355508,0.0007412019119351422,0.026902538702664784,-0.017590679843956698,-0.17148811198778818,0.0820380464341732
0.00907815739796992,0.0006539032130494695,0.026036258133123134,-0.017174978373248315,-0.1750241158288714,0.08424254184917979
0.009206949888458545,0.000568699840782847,0.025152567845147543,-0.016748415767433487,-0.17845199936136535,0.0863825004767517
0.009331297837054891,0.0004856455878682486,0.024252014094588256,-0.016311318210011957,-0.1817695008623496,0.0884565224918604
0.009451117802495265,0.000404792605459397,0.023335154267444303,-0.015864018773856445,-0.18497442999523145,0.09046325197034474
0.009566329147102797,0.00032619136903244776,0.022402556519327526,-0.01540685719947885,-0.18806466925147924,0.09240137778069357
0.00967685409005781,0.00024989064540312673,0.021454799407831314,-0.014940179668910758,-0.19103817534700576,0.0942696344465428
0.009782617758819442,0.0001759374608810168,0.020492471518045518,-0.01446433857534595,-0.19389298056731205,0.09606680297938058
0.009883548238664611,0.00010437707058194747,0.019516171081458613,-0.013979692288695441,-0.1966271940674497,0.09779171168082328
0.009979576620311693,3.52529289186836e-05,0.01852650558849761,-0.013486604917208562,-0.1992390031169515,0.09944323691392849
0.010070637045597443,-3.1393338710661944e-05,0.017524091394958013,-0.012985446065316035,-0.20172667429888747,0.10102030384308212
0.010156666751177056,-9.552196301785011e-05,0.016509553322576954,-0.012476590587853447,-0.20408855465353654,0.10252188714195315
0.010237606110218475,-0.00015709505668552652,0.01548352425401506,-0.011960418340825958,-0.20632307277122164,0.10394701166904262
0.010313398672063403,-0.0002160766389769834,0.014446644722510133,-0.011437313928877339,-0.20842873983074864,0.10529475311040487
0.010383991199828798,-0.0002724326590784534,0.013399562496465274,-0.010907666449628648,-0.21040415058719533,0.10656423858907128
0.010449333705923956,-0.000326131018158546,0.012342932159247061,-0.01037186923505389,-0.21224798430008981,0.10775464724083184
0.01050937948545966,-0.0003771415901302772,0.011277414684471567,-0.009830319590062026,-0.21395900561010753,0.10886521075591374
0.010564085147527245,-0.00042543624110199184,0.010203677007043544,-0.009283418528456487,-0.21553606536110148,0.10989521388630188
0.010613410644326826,-0.0004709888475043373,0.009122391590237089,-0.008731570506444884,-0.21697810136148069,0.1108439949183394
0.010657319298125315,-0.0005137753128813139,0.008034235989105357,-0.00817518315387387,-0.21828413909121192,0.11171094611006657
0.010695777826026301,-0.0005537735833343011,0.006939892410493303,-0.0076146670033646465,-0.2194532923536099,0.11249551409362249
0.0107287563625353,-0.000590963661608844,0.005840047269942945,-0.007050435217526956,-0.22048476386653337,0.1131972002414535
0.010756228479905247,-0.0006253276198148689,0.004735390745786385,-0.006482903314430267,-0.22137784579609046,0.11381556099722215
0.010778171206248669,-0.0006568496107718982,0.0036266163307146103,-0.005912488891511655,-0.2221319202326193,0.11435020817022293
0.010794565041404329,-0.0006855158779717294,0.002514420381113176,-0.005339611348101685,-0.22274645960795442,0.11480080919376498
0.01080539397054768,-0.0007113147641519537,0.0013995016644625976,-0.004764691606749728,-0.22322102705227692,0.11516708734701767
0.010810645475535879,-0.000734236718474597,0.0002825609050937218,-0.004188151833531904,-0.22355527669527342,0.11544882194011186
0.01081031054397962,-0.0007542743023050822,-0.000835699671400807,-0.0036104151575244835,-0.22374895390253816,0.1156458484628565
0.01080438367603554,-0.0007714221935876299,-0.001954576794798174,-0.0030319053896267294,-0.22380189545640844,0.11575805869624514
0.010792862888914422,-0.00078567718981413,-0.003073366607630295,-0.0024530467409178782,-0.22371402967644016,0.1157854007872953
0.010775749719101915,-0.0007970382095844464,-0.004191365123015815,-0.001874263540732479,-0.22348537647776778,0.11572787928686443
0.010753049222290006,-0.0008055062927570327,-0.005307868682643233,-0.001295979954639172,-0.22311604737319934,0.11558555515045829
0.010724769971018944,-0.0008110845991896677,-0.006422174414606354,-0.0007186197025077282,-0.22260624541204885,0.11535854570211923
0.010690924050030822,-0.0008137784060710402,-0.007533580690790012,-0.00014260577684979453,-0.22195626506141417,0.11504702456105423
0.010651527049337556,-0.0008135951038448386,-0.008641387583506806,0.00043163983838240836,-0.22116649202530358,0.11465122153182694
0.010606598055007438,-0.0008105441907289245,-0.00974489732108779,0.0010036964483554254,-0.2202374030070901,0.11417142245737982
0.010556159637675979,-0.0008046372658330882,-0.010843414742134181,0.001573144927086689,-0.21916956541146598,0.11360796903512553
0.010500237838788198,-0.000795888020879808,-0.01193624774812473,0.002139567996166235,-0.21796363698475307,0.11296125859669291
0.010438862154581056,-0.0007843122305333498,-0.013022707754078187,0.0027025505022858433,-0.21662036539662988,0.1122317438511504
0.010372065517816175,-0.0007699277413434555,-0.014102110136993019,0.0032616796933927885,-0.21514058776930317,0.11141993259162775
0.010299884277274456,-0.0007527544593107804,-0.015173774681762228,0.0038165454932865507,-0.2135252301383806,0.11052638736587703
0.01022235817502567,-0.0007328143360821441,-0.01623702602426142,0.00436674077447897,-0.21177530686129653,0.10955172511109074
0.010139530321487596,-0.0007101313537845586,-0.01729119409133317,0.004911861629138526,-0.209891919967403,0.10849661675273174
0.010051447168290664,-0.0006847315085078899,-0.018335614537378427,0.005451507637940328,-0.2078762584507,0.1073617867679889
0.009958158478965544,-0.0006566427924469,-0.019369629177264615,0.005985282136645619,-0.2057295975037751,0.10614801271412758
0.009859717297472518,-0.0006258951747142944,-0.020392586415265628,0.00651279248023563,-0.20345329769662993,0.10485612472187669
0.009756179914592912,-0.0005925205808372738,-0.021403841669757763,0.007033650304426111,-0.2010488041002238,0.10348700495431562
0.009647605832204259,-0.0005565528709509548,-0.022402757793391497,0.007547471784390841,-0.19851764535327043,0.10204158703157648
0.00953405772546221,-0.0005180278167028783,-0.023388705488465486,0.008053877890523961,-0.19586143267632566,0.10052085542167133
0.009415601402913656,-0.00047698307688367466,-0.024361063717223925,0.008552494641073126,-0.1930818588270493,0.09892584479799446
0.009292305764566813,-0.00043345817179978914,-0.02531922010681403,0.00904295335147732,-0.19018069700899265,0.09725763936368328
0.009164242757945397,-0.00038749445640499984,-0.026262571348644383,0.009524890880245303,-0.18715979972314886,0.09551737214350975
0.009031487332155327,-0.00033913509220827634,-0.027190523591864482,0.009997949871213175,-0.1840210975648905,0.09370622424363931
0.008894117389993688,-0.0002884250179763316,-0.028102492830725155,0.010461778992021543,-0.1807665979793792,0.09182542407970751
0.008752213738131,-0.00023541091925001302,-0.028997905285561225,0.010916033168655343,-0.177398383955049,0.08987624657381252
0.008605860035399048,-0.00018014119669445888,-0.02987619777713553,0.011360373815892208,-0.17391861267467285,0.0878600123209336
0.008455142739217833,-0.00012266593330371376,-0.03073681809411542,0.011794469063507586,-0.17032951411728348,0.08577808672521782
0.008300151050196394,-6.303686048125031e-05,-0.03157922535343009,0.012217993978087576,-0.1666333896085848,0.08363187910677777
0.008140976854943425,-1.3073230185854673e-06,-0.03240289035327393,0.012630630780303569,-0.16283261032894986,0.08142284177961952
0.00797771466712484,6.24677570050955e-05,-0.03320729591852662,0.013032069057505603,-0.15892961577212672,0.07915246910119415
0.007810461566806551,0.00012823191737868335,-0.03399193723836183,0.01342200597149428,-0.1549269121619573,0.07682229649427659
0.007639317138121844,0.00019592719394593804,-0.034756322195824425,0.013800146461334362,-0.15082707082307964,0.07443389944175606
0.007464383405303887,0.00026549415979833165,-0.035499971689151935,0.014166203441076372,-0.14663272650792541,0.07198889245504816
0.007285764767124909,0.00033687196544827925,-0.03622241994464152,0.014519897992255879,-0.1423465756879076,0.06948892801675424
