x1,v1,a1
0.008875649,-0.0032787179,-0.091193974
0.009283931,-0.00076968584,-0.093989834
0.009428924,-0.0017809466,-0.09462516
0.009355746,-0.0031285363,-0.093402155
0.00935437,-0.0029666747,-0.093358725
0.009342251,-0.0038538943,-0.093200184
0.009319804,-0.004580036,-0.09298106
0.009395727,-0.004518088,-0.093791954
0.009389317,-0.00457532,-0.09363648
0.009273172,-0.0057887156,-0.09231899
0.009230504,-0.0064404346,-0.091956176
0.009144887,-0.007257879,-0.09111587
0.009042358,-0.008098895,-0.09008668
0.008833981,-0.009126064,-0.0880586
0.008803064,-0.010295442,-0.087904766
0.008703665,-0.011347166,-0.08701106
0.008463051,-0.012704571,-0.08463475
0.008323665,-0.013785806,-0.083315924
0.008186598,-0.014576829,-0.081934
0.008108219,-0.014928086,-0.08112159
0.007884721,-0.016032984,-0.07880566
0.007689437,-0.01708813,-0.07688202
0.007474062,-0.018044218,-0.07473485
0.0072337766,-0.019019734,-0.07230912
0.0068702972,-0.020127874,-0.06864483
0.0066831345,-0.0208796,-0.06678296
0.0063564186,-0.02182956,-0.06353024
0.0061792242,-0.022401964,-0.061818186
0.005819537,-0.02325417,-0.058240462
0.0056186635,-0.023762625,-0.056274034
0.005391596,-0.024363851,-0.054021735
0.0052136965,-0.02468359,-0.052255064
0.0047753244,-0.025406284,-0.04783975
0.0044625485,-0.025978025,-0.04473579
0.0042255106,-0.026380748,-0.04236004
0.0039413283,-0.026868789,-0.039487377
0.003533191,-0.02729075,-0.035372898
0.0032549948,-0.027664853,-0.032603946
0.002945982,-0.028003298,-0.02949142
0.0025889361,-0.028335761,-0.02589425
0.0022466215,-0.02866748,-0.022460623
0.001908252,-0.028929796,-0.019064847
0.0016298635,-0.029138347,-0.016281622
0.0012315863,-0.029157694,-0.012263866
0.0009123501,-0.029266473,-0.009062701
0.00056502596,-0.029396445,-0.005576611
0.00024232232,-0.029526446,-0.0023593171
-5.068843e-05,-0.029586071,0.00057437463
-0.00033057775,-0.029603185,0.003385361
-0.0006660436,-0.029564688,0.0067514675
-0.0010485637,-0.029412588,0.01057351
-0.0013637142,-0.029284203,0.013706772
-0.0016701374,-0.029163415,0.016762761
-0.0019443653,-0.02902542,0.019499723
-0.002221676,-0.02883319,0.022286637
-0.0025451304,-0.02857043,0.02554432
-0.0027782735,-0.028306682,0.02788181
-0.0030502789,-0.028007511,0.030624805
-0.0033068983,-0.02773907,0.033184644
-0.00355524,-0.0274542,0.035655998
-0.0038461299,-0.027063992,0.038567074
-0.004113567,-0.026674598,0.04123692
-0.004334906,-0.026301822,0.043436103
-0.0046116514,-0.025837608,0.04622041
-0.004849652,-0.025400214,0.04859814
-0.0050989976,-0.024808578,0.051094916
-0.005350375,-0.024287755,0.053617306
-0.005575199,-0.023790898,0.055857394
-0.005777762,-0.023292186,0.057869542
-0.005997191,-0.022696657,0.060061757
-0.0061700605,-0.02216306,0.061778467
-0.0063921395,-0.021521473,0.06400998
-0.0065955804,-0.020901764,0.06605048
-0.006783115,-0.02024775,0.06792699
-0.006970202,-0.019602697,0.06980217
-0.0071317446,-0.018999562,0.0714093
-0.007273699,-0.018395446,0.072814435
-0.007460739,-0.01766365,0.07469138
-0.007627258,-0.01692732,0.07636026
-0.0077950894,-0.016165014,0.07804129
-0.007956629,-0.015282755,0.07966466
-0.008108935,-0.01447314,0.08120666
-0.008252735,-0.013650752,0.08264626
-0.008360591,-0.012930091,0.083711594
-0.00848046,-0.0121167125,0.08489925
-0.008602993,-0.0111720385,0.08611652
-0.008697258,-0.010399696,0.0870608
-0.008825171,-0.009381201,0.08832084
-0.008936692,-0.008308384,0.08942237
-0.009016909,-0.0074377568,0.09022607
-0.009072269,-0.0066329064,0.0907721
-0.009110565,-0.0058345906,0.09114002
-0.00915796,-0.0048847743,0.0916033
-0.009196678,-0.0038007498,0.091996744
-0.009227624,-0.0029324484,0.09233058
-0.00925254,-0.0019904445,0.09258967
-0.00925909,-0.0012336029,0.092671186
-0.009258593,-0.0003188386,0.092678264
-0.009202861,0.000404848,0.09214041
-0.009206532,0.001402444,0.09218491
-0.009066436,0.0023253758,0.09077912
-0.009020665,0.0030795129,0.09035922
-0.009011697,0.004054196,0.09027596
-0.008989605,0.0049251523,0.09005799
-0.008944346,0.005793712,0.08961979
-0.008865591,0.0066674557,0.08884142
-0.00881161,0.007532741,0.088316746
-0.008721273,0.008470694,0.087414
-0.008628859,0.009324392,0.086492054
-0.008525109,0.010223844,0.085455365
-0.008404161,0.011156256,0.08424654
-0.0082848575,0.01204301,0.08306116
-0.008216486,0.012613829,0.082375415
-0.00807277,0.013485508,0.08093832
-0.007904547,0.014304827,0.07924246
-0.007787311,0.015021379,0.07805789
-0.0076926365,0.015386646,0.077092126
-0.0075203576,0.016229387,0.07535827
-0.007256028,0.016895987,0.07269288
-0.0071238726,0.017511275,0.07138138
-0.006945022,0.018341186,0.06958331
-0.006778305,0.018965648,0.067913644
-0.0065624877,0.019721892,0.065779775
-0.00647601,0.020248938,0.064917624
-0.006291204,0.02078576,0.06306892
-0.006105142,0.021323366,0.06120164
-0.0058775945,0.021970425,0.058918297
-0.0056610783,0.0224812,0.05674374
-0.0054145185,0.023068983,0.05427529
-0.0052008545,0.023537256,0.0521444
-0.0050584306,0.023928432,0.050727107
-0.0048371595,0.024356952,0.04851916
-0.0045686495,0.024810206,0.045828655
-0.00432214,0.025289707,0.04336499
-0.004026175,0.025748324,0.040402293
-0.0038307118,0.026052931,0.038474225
-0.0034992136,0.0265097,0.035168488
-0.0031672833,0.026862698,0.031841192
-0.0028743884,0.027178582,0.028919477
-0.0026008761,0.027428068,0.026192412
-0.0023533348,0.027674887,0.023706526
-0.0019662804,0.02775479,0.019796966
-0.0016065495,0.027995633,0.016177028
-0.0013744668,0.028090702,0.013851109
-0.0009579458,0.028107295,0.009652757
-0.00073161797,0.028215274,0.007368356
-0.00046164065,0.028264668,0.004655416
-0.00016023913,0.02830564,0.0016284788
0.000181141,0.028328225,-0.0018031045
0.00053344195,0.028190624,-0.0053343563
0.0009281383,0.028143661,-0.009272201
0.0011763514,0.028016554,-0.011735715
0.0014666291,0.027895909,-0.014617587
0.0017777666,0.027722197,-0.017708039
0.0020745806,0.027504772,-0.02065067
0.002367583,0.027247181,-0.023551334
0.0026765713,0.026978532,-0.026621258
0.0029539187,0.026676418,-0.029379014
0.0031568208,0.026323529,-0.031387024
0.0034216712,0.026024526,-0.034042377
0.0035960772,0.025803342,-0.03578532
0.0038619023,0.025467716,-0.03844997
0.0040511647,0.025059331,-0.04033172
0.004249548,0.02464783,-0.042294923
0.004480108,0.02423872,-0.04459091
0.0046512256,0.023898533,-0.046295453
0.0049092732,0.023369046,-0.048879877
0.0051185824,0.02288032,-0.050984904
0.0052777166,0.0224487,-0.0525831
0.0054506967,0.021925637,-0.054309074
0.00569099,0.021356054,-0.056706637
0.0059176027,0.020763526,-0.05897881
0.0061662425,0.019980166,-0.061494373
0.006274968,0.019635981,-0.06255468
0.0064677056,0.01901691,-0.0644992
0.0066129086,0.018365055,-0.06597001
0.0067825317,0.017729096,-0.067676276
0.0069692763,0.016921291,-0.06957734
0.007114306,0.016282087,-0.07101167
0.007287663,0.015494851,-0.07276742
0.0074538174,0.015020505,-0.07443318
0.0076081837,0.014273545,-0.07597851
0.0077379066,0.013579034,-0.07731557
0.0078764055,0.012778174,-0.07873834
0.007981067,0.012083259,-0.07981531
0.008098439,0.011254351,-0.08104201
0.00820463,0.010464506,-0.08213811
0.0083087,0.009637412,-0.08318673
0.008400972,0.008833558,-0.084082946
0.008484133,0.008064903,-0.08487292
0.008561659,0.0072358972,-0.08562699
0.00862199,0.0062118405,-0.08623321
0.008697684,0.005192998,-0.08701417
0.008745445,0.0044215103,-0.08749992
0.008806255,0.0035776687,-0.08812243
0.008843997,0.0027097121,-0.08850343
0.00887954,0.0015447845,-0.08885458
0.008884053,0.0006205188,-0.08892611
0.008935273,-3.5143872e-05,-0.08945004
0.008935471,-0.0009856469,-0.08941522
0.008915647,-0.0018111587,-0.089137964
0.0089065535,-0.002686357,-0.089028604
0.008848944,-0.003771789,-0.08843865
0.008802043,-0.004693814,-0.087986395
0.008742283,-0.0056811795,-0.08740137
0.008684093,-0.0066099535,-0.08685178
0.008643021,-0.007265663,-0.08649309
0.0085581625,-0.00825018,-0.08564742
0.008477887,-0.0090910215,-0.08484917
0.0083831465,-0.009945439,-0.08387267
0.008287766,-0.010790781,-0.08289431
0.008168529,-0.011643359,-0.08165465
0.008047985,-0.012314007,-0.08039765
0.0078850025,-0.013199203,-0.07874259
0.0077786054,-0.0137995435,-0.07771758
0.0076136184,-0.014640398,-0.07606353
0.0074889013,-0.0152491955,-0.07483482
0.0073642554,-0.015954448,-0.07357067
0.007219165,-0.016634408,-0.07214962
0.0070187785,-0.01754638,-0.07013835
0.00686626,-0.01818908,-0.06861338
0.006812226,-0.018838996,-0.06803203
0.0066293636,-0.019522429,-0.066176385
0.0064220754,-0.020230882,-0.06408744
0.0062892814,-0.020899208,-0.06274607
0.0060679987,-0.021566793,-0.06056345
0.005819878,-0.022241047,-0.058111917
0.0055538206,-0.022850739,-0.055474725
0.0053415247,-0.023431843,-0.053372733
0.0051622316,-0.023988515,-0.051598497
0.0049378257,-0.024499152,-0.04936555
0.004689109,-0.025001105,-0.04689537
0.0044380743,-0.025468802,-0.044391435
0.0042046783,-0.0258893,-0.042044666
0.003955769,-0.026291443,-0.039547138
0.0036748303,-0.026696859,-0.036725685
0.0033544619,-0.027064223,-0.033506274
0.0030707656,-0.027402446,-0.03066334
0.0027458845,-0.02776933,-0.027416337
0.002481917,-0.028018124,-0.02475883
0.0021504252,-0.02830503,-0.021440411
0.0018413526,-0.02854829,-0.018338792
0.001487072,-0.028855443,-0.014808618
0.0011506393,-0.029085578,-0.011464692
0.00080868305,-0.029235655,-0.008053043
0.00045057706,-0.02935663,-0.0044899043
7.3258474e-05,-0.029299228,-0.00071073056
-0.00026685538,-0.029272499,0.0026816658
-0.00064676383,-0.029177774,0.006475057
-0.0010599073,-0.02903082,0.010621168
-0.001337223,-0.028868577,0.013408067
-0.0016550772,-0.028707799,0.016604612
-0.0019189679,-0.028578835,0.019243132
-0.002300187,-0.028380176,0.023045778
-0.0026144404,-0.028106323,0.026178297
-0.0028919438,-0.027853502,0.028947907
-0.0031684213,-0.02753943,0.03172482
-0.0033419435,-0.02733589,0.033461094
-0.0036137514,-0.026998568,0.036193017
-0.0038398774,-0.026661448,0.038452175
-0.004112668,-0.026235932,0.041191153
-0.004402226,-0.02576331,0.044084046
-0.004623389,-0.02534602,0.046276443
-0.0049102167,-0.024801435,0.049161766
-0.005084542,-0.024367006,0.050896946
-0.005286098,-0.02389102,0.052919794
-0.005510672,-0.023398023,0.055168524
-0.0057365275,-0.022820469,0.057423513
-0.0059138965,-0.0222847,0.059181016
-0.0061218003,-0.021711765,0.06125096
-0.0062838723,-0.021234125,0.06286902
-0.006439854,-0.020742495,0.0644318
-0.006552353,-0.02022636,0.065547705
-0.0066932016,-0.019676136,0.06696663
-0.006905608,-0.018953081,0.069099896
-0.0071149208,-0.018083995,0.0711924
-0.00727729,-0.017417626,0.072831534
-0.0074289856,-0.016805872,0.07435571
-0.0076373476,-0.015863078,0.07642734
-0.0077878,-0.015111446,0.0779303
-0.007897311,-0.014554608,0.07901753
-0.008021189,-0.0138181085,0.08023688
-0.0081238095,-0.013254541,0.08125598
-0.008254172,-0.0123497695,0.08255385
-0.008381779,-0.011461024,0.0838375
-0.008495054,-0.01061983,0.08499148
-0.008597736,-0.009809856,0.08603092
-0.008673349,-0.009094719,0.08678593
-0.008753196,-0.008279414,0.08757938
-0.008758656,-0.0076277438,0.08762023
-0.008819003,-0.0067815473,0.08823726
-0.008890388,-0.0057878345,0.088979356
-0.008968334,-0.0047255736,0.08978846
-0.009001941,-0.003997076,0.090135805
-0.009050919,-0.0029058966,0.09062921
-0.009049667,-0.0019176321,0.09062435
-0.00906057,-0.00093416224,0.09074663
-0.009064116,-0.00022836353,0.090775035
-0.009025943,0.00089195935,0.0903854
-0.009001589,0.0018570573,0.09014033
-0.008967957,0.0027301984,0.08980358
-0.00893299,0.0035547635,0.08943144
-0.008885158,0.0045329435,0.08891845
-0.008834305,0.0053511425,0.088395074
-0.008785492,0.0061631547,0.087895416
-0.008722565,0.0069462676,0.08726094
-0.008635324,0.007783204,0.08638467
-0.0085779615,0.0084847445,0.08581986
-0.008467329,0.009273115,0.0847106
-0.008405413,0.009928129,0.08409755
-0.008318838,0.010586687,0.08322818
-0.008214968,0.011254038,0.082184
-0.008091944,0.012045514,0.08095631
-0.007955577,0.012849189,0.07960046
-0.007801553,0.0137029,0.078095034
-0.0076603624,0.014422878,0.07671227
-0.007557736,0.014994916,0.075702496
-0.0073708035,0.015866872,0.07384554
-0.007190675,0.016601458,0.07204148
-0.006966457,0.017420975,0.06979589
-0.006837663,0.017986715,0.06850243
-0.0065951576,0.018725859,0.06605484
-0.006407473,0.019429281,0.06417149
-0.006137348,0.02012224,0.061459597
-0.0059670163,0.02066164,0.05974676
-0.0057029435,0.021272762,0.0570845
-0.005537477,0.02177338,0.055405594
-0.005373754,0.02226593,0.05377151
-0.005255759,0.022687914,0.052594498
-0.0051023196,0.023143493,0.05106845
-0.004857676,0.023707226,0.048641555
-0.0046086754,0.024185997,0.046167884
-0.0043270807,0.02460236,0.043360192
-0.0041161934,0.024968307,0.041287657
-0.0038731564,0.025366673,0.03888621
-0.0035373885,0.025912441,0.03553329
-0.0031963792,0.026307663,0.03210374
-0.0028997478,0.026713355,0.029142242
-0.0026124404,0.0270406,0.0262704
-0.002338422,0.027284376,0.023517976
-0.0020911712,0.027540904,0.02101588
-0.0017591567,0.027794331,0.01765189
-0.0013971202,0.028046912,0.0139985
-0.0011195767,0.028157366,0.011195526
-0.0007481828,0.028366534,0.007453112
-0.00045013236,0.028442018,0.0044406266
-0.000128865,0.028436463,0.001219325
0.00016728796,0.028391879,-0.0017427811
0.00048661104,0.028449956,-0.004937201
0.000782904,0.028374508,-0.007889952
0.0010956891,0.028257545,-0.01100853
0.0013997655,0.02810238,-0.0140419565
0.0017685469,0.028074535,-0.017722817
0.002082578,0.027894143,-0.02085531
0.002312215,0.027638085,-0.023135098
0.002535807,0.02749732,-0.025358131
0.0028052274,0.02727163,-0.028028602
0.0031084488,0.026910739,-0.031028906
0.0033167098,0.026654968,-0.033078857
0.0035563675,0.026290711,-0.035448194
0.003848746,0.02590049,-0.03835311
0.0041381693,0.025437405,-0.041226897
0.004459112,0.024853371,-0.04443385
0.0046691755,0.02449509,-0.04651095
0.004882257,0.024061348,-0.0486268
0.0051436294,0.023500683,-0.05122384
0.0053784843,0.022966933,-0.05356112
0.0056178654,0.02240282,-0.05595028
0.0058673937,0.021715922,-0.058456726
0.0061952663,0.021104047,-0.06176134
0.0063433554,0.020608198,-0.0632715
0.006541229,0.020019922,-0.06528108
0.006748301,0.019308219,-0.06737225
0.0068914685,0.01873057,-0.06882199
0.0070492686,0.018145168,-0.07042254
0.0072312253,0.017478194,-0.07227222
0.0073702415,0.016902696,-0.07364
0.0075644082,0.016095133,-0.07560592
0.0076979147,0.015440393,-0.07695075
0.0078117466,0.014899226,-0.07811108
0.007959599,0.014019737,-0.07963497
0.008126859,0.013101662,-0.0813285
0.008244047,0.012396026,-0.082473904
0.008309826,0.011638131,-0.083094366
0.008423564,0.010837733,-0.08425511
0.00852232,0.009963077,-0.08524225
0.008626296,0.009225252,-0.086291306
0.008717895,0.008382016,-0.08723066
0.008776525,0.007698741,-0.087825485
0.008839666,0.0068749366,-0.08849144
0.008909132,0.0058311066,-0.089228444
0.008970329,0.004917272,-0.08986578
0.009013884,0.004022293,-0.09027426
0.009041958,0.0032243317,-0.09051075
0.009050307,0.0021636374,-0.09054386
0.009072695,0.001023617,-0.090773694
0.00907969,3.1692165e-05,-0.090913415
0.009061965,-0.0008319646,-0.09078456
0.009065337,-0.0017127123,-0.0908223
0.009053142,-0.0025039557,-0.09064875
0.00902151,-0.003541692,-0.09026773
0.009007117,-0.0043341755,-0.09007847
0.008965216,-0.0052548014,-0.0896678
0.008932901,-0.0060518445,-0.08936165
0.008867717,-0.0070037683,-0.08873424
0.008855767,-0.007685926,-0.088597275
0.008770582,-0.008615873,-0.08769049
0.00863043,-0.009730319,-0.08626025
0.008496445,-0.0107138315,-0.08493222
0.008409906,-0.011494058,-0.084056586
0.008287987,-0.012374363,-0.082807824
0.008174032,-0.013110503,-0.08169148
0.008095117,-0.013723144,-0.080915235
0.007963151,-0.014440214,-0.079599105
0.007764261,-0.01539108,-0.07756739
0.0076317023,-0.016059248,-0.07624618
0.0074549564,-0.016867477,-0.07445175
0.007280526,-0.017702466,-0.07271549
0.0070998915,-0.018342122,-0.07091782
0.006906856,-0.019074306,-0.068966724
0.006716134,-0.019776091,-0.06705788
0.006496386,-0.020483099,-0.064872555
0.0062821684,-0.021169756,-0.062743045
0.0060709342,-0.021820853,-0.060644105
0.005842131,-0.022464916,-0.058359407
0.0056004915,-0.023082111,-0.05594897
0.005441005,-0.023530982,-0.054373275
0.0052294955,-0.024068264,-0.052268542
0.0049380357,-0.024634115,-0.04936783
0.0046671643,-0.025168411,-0.046677355
0.004383464,-0.02566353,-0.043833166
0.004062192,-0.026198296,-0.040624667
0.0037809475,-0.026634172,-0.037812166
0.0034550456,-0.027077984,-0.03456861
0.0031019482,-0.027559875,-0.03104775
0.002842262,-0.027844258,-0.028457573
0.0025794557,-0.028103277,-0.025816528
0.0023318436,-0.028329358,-0.023324791
0.002019946,-0.028567873,-0.02020027
0.0017425115,-0.028757248,-0.017440706
0.0014687363,-0.028923856,-0.014694561
0.0012028316,-0.029047305,-0.012032439
0.00097428274,-0.029178845,-0.009741524
0.0007358734,-0.029221198,-0.007359318
0.00043228397,-0.029270262,-0.0043251244
0.00018820717,-0.029292667,-0.0018924398
-0.00012994758,-0.029308101,0.0012850917
-0.0004344859,-0.029269926,0.004333714
-0.0007219842,-0.029220607,0.007200701
-0.0010119599,-0.02912952,0.010090629
-0.0013673262,-0.029003965,0.013640446
-0.001653054,-0.028808005,0.01649891
-0.0019035159,-0.028691892,0.01902312
-0.0022523277,-0.028462894,0.022541298
-0.0025269678,-0.028216166,0.025291257
-0.0027390192,-0.028012432,0.027412128
-0.003052068,-0.027727593,0.030547226
-0.0033125053,-0.027437028,0.033136167
-0.0035451339,-0.027200751,0.03546105
-0.0038285358,-0.02681225,0.038297087
-0.004063919,-0.026465876,0.040659245
-0.0043290467,-0.026011944,0.043328337
-0.004587987,-0.025483819,0.045927662
-0.004984631,-0.024725974,0.049915418
-0.005227383,-0.02414902,0.052367616
-0.00546097,-0.023624869,0.054711267
-0.0056496235,-0.023115825,0.05657282
-0.0058517084,-0.02258818,0.058568176
-0.006074895,-0.021985853,0.06078153
-0.0063177967,-0.02135029,0.063203685
-0.0065216296,-0.020745033,0.06525142
-0.0067494977,-0.020037161,0.06753125
-0.0069194753,-0.019455409,0.06922676
-0.007110602,-0.018726658,0.07113284
-0.007251137,-0.018257525,0.07253604
-0.007311166,-0.01784119,0.07311293
-0.0074649923,-0.017112,0.07465172
-0.0076070954,-0.016516881,0.0760707
-0.007733596,-0.015869118,0.077313595
-0.007867465,-0.015214417,0.078648284
-0.008000804,-0.014505259,0.079987556
-0.008042843,-0.0139388675,0.080394946
-0.008148608,-0.013257148,0.08147195
-0.008281556,-0.012407409,0.08281724
-0.0083928425,-0.011370554,0.083943255
-0.008501837,-0.010419946,0.085060306
-0.008593845,-0.009688349,0.08599993
-0.008681002,-0.00893286,0.086860895
-0.008760464,-0.008185362,0.08766654
-0.008798303,-0.007375406,0.08803498
-0.008847836,-0.006451175,0.08852849
-0.008922188,-0.0054534143,0.08928589
-0.008953203,-0.0045927446,0.08961159
-0.009021632,-0.0035419252,0.09029662
-0.009048543,-0.0028079627,0.090564065
-0.0090549905,-0.0020388,0.09064059
-0.009025006,-0.0012383435,0.09032195
-0.009045659,-0.00041644598,0.090541095
-0.009039527,0.0006036622,0.09049473
-0.009047882,0.0015766502,0.0906063
-0.009023317,0.0025851065,0.09036813
-0.009001002,0.0033717377,0.090149485
-0.008971119,0.0041454216,0.08985606
-0.008879158,0.004983014,0.088935085
-0.008868254,0.005694995,0.08884332
-0.008823902,0.006507173,0.08840425
-0.008740053,0.007541602,0.08755601
-0.008630139,0.008633759,0.086445175
-0.008530761,0.009420383,0.08543613
-0.008430731,0.01026969,0.084424555
-0.008357927,0.010958892,0.083689794
-0.008250027,0.011769344,0.08261059
-0.008122674,0.012591954,0.08134277
-0.008022865,0.013171434,0.080350876
-0.007887189,0.013896204,0.0789897
-0.0077005997,0.01488666,0.07711575
-0.007532587,0.015632354,0.075425915
-0.007375865,0.01634931,0.07385535
-0.0072335857,0.016976845,0.07241606
-0.007024202,0.01782271,0.07031443
-0.0068265134,0.018537365,0.06832995
-0.0065706545,0.019303259,0.06576608
-0.0064070807,0.019937297,0.064121604
-0.006161343,0.020779138,0.06166664
-0.0059784073,0.0212613,0.059837338
-0.005728467,0.02193209,0.057348583
-0.0054886458,0.022524927,0.05496719
-0.0052297376,0.023068348,0.052389253
-0.0050105955,0.023544082,0.050224416
-0.0047864923,0.023955591,0.048014965
-0.0045357137,0.024437116,0.045525786
-0.0042353556,0.024929345,0.04252035
-0.0039095054,0.025484374,0.03926654
-0.0036915927,0.025793485,0.037107144
-0.0033829827,0.026230635,0.03401705
-0.0030799326,0.026605092,0.03096993
-0.0027627614,0.02695949,0.027770923
-0.0024840133,0.02714255,0.02497073
-0.0022288412,0.027407736,0.02240199
-0.0019350691,0.027555972,0.019424766
-0.0017160021,0.027699107,0.017207347
-0.0014555186,0.027874267,0.014563454
-0.0011155445,0.028034292,0.011099384
-0.0009426158,0.02825203,0.009347115
-0.0006083468,0.028245328,0.0059720757
-0.00038857682,0.028255872,0.0037908552
-4.3347536e-06,0.028309206,-5.399814e-05
0.00030596816,0.028258273,-0.0031499048
0.00060266536,0.028239192,-0.006099065
0.000937335,0.028144341,-0.009435514
0.0012525376,0.027982555,-0.012576688
0.0016088918,0.027722321,-0.016112806
0.0019393965,0.02748339,-0.019388234
0.002231528,0.027266232,-0.022288166
0.0025035846,0.026990684,-0.02498479
0.0029141149,0.026762756,-0.029069196
0.0031864662,0.026455147,-0.031779416
0.0034522302,0.026108218,-0.03441224
0.0036540446,0.025623955,-0.036401328
0.0039148903,0.025271907,-0.039000705
0.004120473,0.024847277,-0.041059412
0.0044638086,0.024516901,-0.04449968
0.004738928,0.024024183,-0.04725427
0.0049134614,0.023564544,-0.048999827
0.0051311166,0.023212228,-0.05118342
0.005326171,0.022812147,-0.05312624
0.005563047,0.022262143,-0.055491954
0.005737979,0.02185326,-0.057227876
0.0059384434,0.021290973,-0.059233963
0.006151515,0.020730082,-0.061364222
0.0063595125,0.020136166,-0.06346086
0.00652521,0.019613389,-0.06509744
0.0067182453,0.018935712,-0.06704257
0.0069250697,0.018207157,-0.06914601
0.0070823906,0.017530182,-0.070742205
0.0073183184,0.016737113,-0.07315681
0.0074547105,0.016194848,-0.07455663
0.0076315035,0.015355621,-0.0763686
0.007759168,0.014648368,-0.077648975
0.007917092,0.013772631,-0.07924734
0.008052454,0.012956698,-0.08058196
0.0081983255,0.012092162,-0.0820251
0.00833268,0.011033047,-0.08334712
0.008431319,0.010280387,-0.08432578
0.008534503,0.00945593,-0.08538659
0.0086149415,0.008682485,-0.086240366
0.008689864,0.00791472,-0.08701958
0.008678617,0.007414194,-0.08688482
0.0087608,0.006572319,-0.087700546
0.008835999,0.00554749,-0.088391624
0.00889649,0.0046429858,-0.0889407
0.008934233,0.003841618,-0.08931895
0.008950626,0.002925114,-0.08947431
0.009001623,0.0018704704,-0.089979924
0.009009707,0.0010032168,-0.090070575
0.0090184705,0.00016188875,-0.09017419
0.008991895,-0.0005681918,-0.08993407
0.008986939,-0.0014979881,-0.089915775
0.00897013,-0.0023014655,-0.0897322
0.00893585,-0.00312662,-0.08937028
0.008911149,-0.003940473,-0.0891343
0.008869129,-0.0048776786,-0.088722214
0.008811134,-0.00573104,-0.08815335
0.008763002,-0.006514882,-0.0876377
0.008692839,-0.0073911627,-0.08688305
0.008621747,-0.00817386,-0.086118296
0.008540793,-0.008990789,-0.08530781
0.008450769,-0.009824827,-0.08447155
0.008342146,-0.010677292,-0.08341698
0.008205624,-0.011651961,-0.082030796
0.008091885,-0.012409921,-0.08090011
0.0079919975,-0.013086617,-0.079895325
0.007854711,-0.013888713,-0.07851734
0.0076794666,-0.014863343,-0.076748505
0.007554307,-0.015515345,-0.07551113
0.007358602,-0.016258448,-0.0735645
0.007176202,-0.017123165,-0.07176568
0.0069363443,-0.018186886,-0.0693669
0.0067698793,-0.01886885,-0.06770743
0.006542394,-0.01975064,-0.06540275
0.00630149,-0.020628346,-0.06298309
0.006153846,-0.021099992,-0.06150964
0.0059603862,-0.021609047,-0.05956348
0.00572648,-0.022304373,-0.05725875
0.005567077,-0.022824554,-0.055684604
0.005303679,-0.023480864,-0.05307072
0.0050908118,-0.024023704,-0.050932918
0.004785535,-0.024680577,-0.04788192
0.0045378073,-0.025141038,-0.045432024
0.004281157,-0.025635991,-0.04287005
0.004043922,-0.026034063,-0.040489692
0.0038313288,-0.026399385,-0.03835239
0.0035500852,-0.026787536,-0.03553034
0.003317066,-0.027056959,-0.03319917
0.003022418,-0.02745475,-0.030262684
0.0027551446,-0.02773472,-0.027578816
0.0024705827,-0.028038405,-0.024721477
0.0021289578,-0.028296849,-0.02129552
0.0017427751,-0.028839944,-0.017449733
0.0014917861,-0.028977182,-0.014926933
0.0011310322,-0.02914593,-0.011327565
0.00075491343,-0.029284682,-0.0075815595
0.00039227735,-0.02926807,-0.003948263
3.187285e-05,-0.029331608,-0.0003650141
-0.0002341998,-0.029318415,0.002306591
-0.0005192712,-0.029304162,0.0051733684
-0.0007911386,-0.02924059,0.007908907
-0.0011313269,-0.029085323,0.011329153
-0.0014806036,-0.028971203,0.014818461
-0.0018256734,-0.028742485,0.018282736
-0.0021273843,-0.028542774,0.021304807
-0.0024328143,-0.028279254,0.024366735
-0.0027087992,-0.028007966,0.027127208
-0.0029398464,-0.02773735,0.029436598
-0.003201271,-0.02742002,0.03205942
-0.003490087,-0.027110616,0.034960415
-0.003782202,-0.026709575,0.037887655
-0.0040152497,-0.026333453,0.04021162
-0.004280591,-0.025934018,0.042867605
-0.004439082,-0.025629334,0.044452433
-0.004650357,-0.025287861,0.046587322
-0.0049169143,-0.02478676,0.04925441
-0.005095836,-0.024486788,0.05103193
-0.0053106043,-0.023987988,0.053149816
-0.005558029,-0.023454286,0.05561894
-0.005800803,-0.02281967,0.058046475
-0.0060544778,-0.02215145,0.060597688
-0.0063632918,-0.02147918,0.06368751
-0.006517356,-0.020906406,0.06520922
-0.006685276,-0.020379791,0.06689405
-0.006870159,-0.019732295,0.0687322
-0.0070614843,-0.019053001,0.07063964
-0.007206271,-0.018535633,0.0720828
-0.007356731,-0.0179272,0.07358001
-0.0075251865,-0.01721863,0.07527106
-0.0076803328,-0.016538672,0.07683226
-0.007908165,-0.01549513,0.07910516
-0.008070898,-0.014625176,0.08075292
-0.008240399,-0.013736954,0.08246204
-0.008383393,-0.012872846,0.0838923
-0.00850078,-0.012007572,0.085056856
-0.00860981,-0.011267219,0.08614934
-0.008631481,-0.010575095,0.086335346
-0.00868654,-0.009895109,0.08688721
-0.008802284,-0.008795386,0.088044636
-0.008885153,-0.007920329,0.08889411
-0.0088576665,-0.0073091574,0.088617176
-0.008899379,-0.0065742536,0.089056775
-0.008946773,-0.005767624,0.089553945
-0.00897841,-0.0048631667,0.08988804
-0.009036724,-0.0038581565,0.090501435
-0.009070832,-0.0029093127,0.090864114
-0.009069926,-0.0021788913,0.090858445
-0.009070409,-0.0015088806,0.09084251
-0.0090695005,-0.00049298303,0.09080918
-0.009065507,0.00036870208,0.090773344
-0.00907212,0.0010685797,0.090848245
-0.009065761,0.0017364998,0.09079577
-0.009035549,0.002578879,0.090481386
-0.0089884065,0.0035623303,0.089998
-0.008931827,0.0045000543,0.0894401
-0.008858662,0.0056378804,0.088715404
-0.008791094,0.0064485213,0.08804532
-0.008708641,0.007353098,0.087217465
-0.008632511,0.00820393,0.08645453
-0.008545231,0.009022946,0.08557129
-0.008444706,0.009812566,0.084541865
-0.0083638625,0.010508492,0.08371979
-0.00822298,0.011537349,0.082292035
-0.008025364,0.012369762,0.08031077
-0.0079220245,0.013199496,0.07928783
-0.0077975723,0.013993445,0.07806021
-0.0076652453,0.014610266,0.07674401
-0.0074716522,0.015581639,0.074813806
-0.0072977436,0.016381416,0.07308342
-0.0071259425,0.017104765,0.07135833
-0.0069546355,0.017736308,0.069645844
-0.0068224384,0.01830295,0.06831994
-0.006614199,0.019046914,0.06624448
-0.0064251865,0.01965721,0.064371064
-0.0062631373,0.02012517,0.06275651
-0.0061139963,0.020519614,0.0612664
-0.005907798,0.021063773,0.059185263
-0.0056861322,0.021610456,0.056973353
-0.0055030896,0.02199252,0.05515865
-0.0052434024,0.02260947,0.05256502
-0.0050184126,0.023079455,0.050307952
-0.0048326016,0.023502497,0.048436932
-0.004574462,0.024014847,0.04584564
-0.004379748,0.024473842,0.043874845
-0.004100192,0.024899574,0.041064918
-0.0038584364,0.025292242,0.03865489
-0.0036457079,0.025603948,0.03654177
-0.0033654394,0.026003052,0.033737417
-0.0030696704,0.026340226,0.030756427
-0.0027429787,0.02670322,0.027446797
-0.0025041858,0.026898863,0.025070233
-0.002161494,0.02717022,0.021640746
-0.0018816993,0.027326088,0.018840445
-0.0015512923,0.027531583,0.015530466
-0.0012672595,0.027617222,0.012690525
-0.0010226612,0.027704814,0.010245084
-0.0007580572,0.027756091,0.0075982
-0.00039694298,0.027920648,0.0039535044
-2.8827977e-05,0.027924605,0.00026238733
0.0002159326,0.027860444,-0.002190298
0.000477476,0.027854376,-0.0048131607
0.00075014005,0.027802806,-0.007540669
0.0011361727,0.027794505,-0.011403262
0.0014293947,0.02764815,-0.014326738
0.001731746,0.027476888,-0.01733423
0.0020431578,0.02726208,-0.02043236
0.0023577823,0.02700162,-0.023560539
0.0026690336,0.026750816,-0.026646448
0.0028869202,0.026462564,-0.028804393
0.0031261947,0.026195647,-0.031197239
0.0033014617,0.025962288,-0.032936525
0.0035430728,0.025716111,-0.035354972
0.0038177222,0.0253288,-0.03809509
0.004034503,0.024990473,-0.040246624
0.004326252,0.02447049,-0.043153297
0.0046243863,0.023846693,-0.046129763
0.0049127284,0.023468263,-0.048986886
0.0051172157,0.023010798,-0.05105016
0.0053068344,0.022616178,-0.052951083
0.0055646286,0.021998474,-0.055526674
0.0058840034,0.02151132,-0.05869734
0.0061350763,0.020799788,-0.061211497
0.00638551,0.02003938,-0.06372633
0.0065506715,0.019476345,-0.06538464
0.00674267,0.01889437,-0.067332715
0.0068882843,0.018354746,-0.068808556
0.0070523242,0.017699635,-0.07047489
0.007262337,0.01686349,-0.07260344
0.00742829,0.01616701,-0.074307725
0.0075782104,0.015450474,-0.075846024
0.007686807,0.014798575,-0.076946944
0.007864824,0.013948027,-0.078743376
0.007992985,0.0132030295,-0.07997758
0.0080865035,0.01270061,-0.080871426
0.008212414,0.011948353,-0.082128
0.008290976,0.011351405,-0.08294609
0.008429344,0.010450832,-0.08437772
0.0085197715,0.009765614,-0.08529564
0.008607224,0.008775074,-0.08613729
0.008678049,0.007997937,-0.0868218
0.008762632,0.007058172,-0.08766527
0.008840408,0.0060436,-0.08842183
0.008898131,0.0052916193,-0.08896843
0.008977403,0.0045417612,-0.089759715
0.009013861,0.0037299714,-0.09015365
0.0090381205,0.0027130116,-0.09039933
0.00903957,0.001523557,-0.09042093
0.009069148,0.00068031444,-0.090761974
0.0090792235,-0.00018074765,-0.0908812
0.009085022,-0.00094933354,-0.09092726
0.009036082,-0.002242236,-0.09039701
0.009015717,-0.0032808296,-0.0901992
0.00898212,-0.004097396,-0.08982706
0.008949394,-0.005028307,-0.089464545
0.008900989,-0.006013674,-0.08892061
0.008837187,-0.0070644054,-0.08825013
0.008831587,-0.007685491,-0.08818112
0.008769693,-0.008591586,-0.08761581
0.008670983,-0.009621419,-0.086648606
0.008580385,-0.010344527,-0.085777126
0.008448603,-0.011344401,-0.084477894
0.008332894,-0.012223051,-0.08332237
0.008207756,-0.0129508395,-0.082039095
0.0080933,-0.013708371,-0.08088625
0.007968402,-0.014491595,-0.07962683
0.0077682966,-0.015372469,-0.07762665
0.0076101935,-0.016248552,-0.07606483
0.0074514747,-0.01695978,-0.07448162
0.007280506,-0.01767608,-0.07276147
0.00716449,-0.018306581,-0.07159467
0.006943568,-0.019198533,-0.06938978
0.0067673596,-0.019863699,-0.06763581
0.0065927533,-0.020503594,-0.065892585
0.0063259355,-0.021397863,-0.063185334
0.0061140293,-0.022097519,-0.061053026
0.005928282,-0.02260146,-0.059212014
0.0056838375,-0.023274915,-0.056768388
0.0054843575,-0.023754336,-0.054790005
0.005252331,-0.024281284,-0.052475493
0.004942126,-0.02492867,-0.049394697
0.004709455,-0.025416594,-0.047085393
0.0044715567,-0.025873426,-0.04473024
0.004216767,-0.02631155,-0.04218709
0.003929032,-0.026744926,-0.039310176
0.003682171,-0.027108485,-0.0368465
0.0034094444,-0.027456412,-0.034107838
0.0030708234,-0.027837329,-0.030725813
0.0027557453,-0.028179033,-0.027582644
0.0024192855,-0.028534543,-0.02423936
0.002084713,-0.028811086,-0.02089345
0.0017715378,-0.029047588,-0.017750304
0.0014435316,-0.0292377,-0.014459702
0.0011674702,-0.029388944,-0.011697117
0.0008701087,-0.029511431,-0.00871777
0.0005994247,-0.029597754,-0.0059955874
0.00034866418,-0.029701913,-0.0034954217
-6.7680885e-05,-0.029827118,0.0006593954
-0.0004016747,-0.029832903,0.003984561
-0.00068956637,-0.02976882,0.0068756333
-0.000978543,-0.02968908,0.009782377
-0.0012626052,-0.029585212,0.012631802
-0.0015686473,-0.029442986,0.015705718
-0.0018499979,-0.02928034,0.018504038
-0.0021142988,-0.029107975,0.021131577
-0.0023626047,-0.028898327,0.023608666
-0.0025762003,-0.028588751,0.025758779
-0.0028850064,-0.028247334,0.028879711
-0.0031552538,-0.027928691,0.031587552
-0.0034411037,-0.027588908,0.03445492
-0.0037316885,-0.027238645,0.037356894
-0.004036404,-0.026816253,0.040398587
-0.0043217815,-0.026376087,0.04325866
-0.004587297,-0.025923312,0.045912027
-0.0048681,-0.025429102,0.048726115
-0.0051268595,-0.024898747,0.051319122
-0.0053625964,-0.024394596,0.05366941
-0.005602278,-0.023871673,0.056057353
-0.0057882704,-0.023370609,0.05790413
-0.0059626726,-0.022974228,0.059653025
-0.006216406,-0.022304058,0.062197234
-0.0063904338,-0.0217978,0.063934185
-0.0065783304,-0.021241853,0.06581197
-0.006794693,-0.020548759,0.067992225
-0.0069765314,-0.01992641,0.06981033
-0.0071896305,-0.01916621,0.07194387
-0.007335532,-0.018601999,0.073400296
-0.0074906126,-0.01808473,0.07495294
-0.007679417,-0.017225765,0.07684149
-0.0078241015,-0.016573144,0.078295425
-0.007936334,-0.015879376,0.07940306
-0.008074508,-0.015326997,0.080777325
-0.008218969,-0.014573447,0.08222142
-0.008357913,-0.013775733,0.08360797
-0.008477135,-0.013014366,0.084798716
-0.0085786935,-0.012304271,0.08580905
-0.008677689,-0.011554337,0.08679142
-0.008787893,-0.010705874,0.08789325
-0.008876771,-0.009846487,0.088795505
-0.008954828,-0.009033649,0.08958511
-0.009046809,-0.0079418,0.09050767
-0.00912016,-0.007083195,0.09126321
-0.009198918,-0.0060905255,0.092067644
-0.009255739,-0.0052233804,0.09265256
-0.009301673,-0.004255849,0.09311891
-0.00933376,-0.0034864154,0.09345929
-0.009368633,-0.0025320211,0.09379843
-0.009381229,-0.0016716558,0.09392339
-0.009384875,-0.0005404419,0.09394131
-0.009354348,0.00028601702,0.09362954
-0.009341825,0.0011126642,0.09349402
-0.009257402,0.0020085436,0.0926325
-0.0092599,0.0029132287,0.09268518
-0.009245966,0.003765517,0.0925807
-0.009202632,0.0044584675,0.092171766
-0.009126331,0.005452766,0.0914068
-0.009002038,0.006569307,0.090179145
-0.008948406,0.007355487,0.08966249
-0.008870848,0.008217366,0.08887566
-0.0087720975,0.0090174135,0.087871194
-0.008704259,0.00977064,0.08718836
-0.008591009,0.010671633,0.08605899
-0.008447754,0.011646189,0.08461799
-0.008276502,0.01244852,0.08291294
-0.008197668,0.013164182,0.08212242
-0.008061483,0.014020807,0.0807542
-0.007935433,0.014767766,0.079483636
-0.007820355,0.015437305,0.078329414
-0.007680513,0.016155325,0.07692983
-0.0074958527,0.016952762,0.07508839
-0.0073326225,0.017668637,0.07345972
-0.0071637984,0.018335933,0.07177064
-0.006991267,0.01899884,0.07003937
-0.0067631924,0.01977292,0.06775667
-0.006559966,0.02038947,0.065724045
-0.0063709705,0.02098994,0.063830204
-0.0061199404,0.021694906,0.061324067
-0.005936182,0.022188416,0.05949444
-0.005700689,0.022702074,0.05714785
-0.005420054,0.02336182,0.054338723
-0.005222742,0.023743955,0.05237059
-0.004979385,0.024256375,0.049936403
-0.0047621666,0.024710616,0.047763716
-0.0044591334,0.025177034,0.044709474
-0.004196917,0.02563832,0.042078394
-0.0038706437,0.026141921,0.038802948
-0.0035590865,0.026668716,0.03570183
-0.0032924996,0.02700609,0.03303219
-0.0029896116,0.027353918,0.029984174
-0.0027163266,0.027625829,0.02723678
-0.0024373583,0.027901124,0.024434015
-0.0021152948,0.028128708,0.021183247
-0.0018213274,0.028368648,0.01822898
-0.0015527729,0.028484615,0.015537412
-0.0012968979,0.028579662,0.01297795
-0.0010382949,0.028708437,0.010385052
-0.00074125966,0.028711047,0.0074067805
-0.00045871112,0.028775096,0.004582904
-9.9236975e-05,0.02881688,0.0009685889
0.00015962086,0.028771667,-0.0016181655
0.0004566679,0.02876205,-0.004603745
0.00076299533,0.028678345,-0.007659912
0.001044761,0.028561717,-0.010463077
0.0013492213,0.028476728,-0.013517188
0.0016081329,0.028265981,-0.016074995
0.0018908364,0.028131843,-0.018894337
0.0022548507,0.027840592,-0.022520605
0.0025197654,0.027614964,-0.025155827
0.0027262666,0.02743583,-0.02720223
0.003018931,0.02711823,-0.030106492
0.0033187214,0.026819775,-0.033093512
0.0035688933,0.026473796,-0.035571557
0.0037823417,0.02611272,-0.0376838
0.004069969,0.025668543,-0.04054153
0.0043898793,0.025117809,-0.043734055
0.0047216974,0.024500078,-0.047056325
0.004974412,0.024036193,-0.049581025
0.0051831873,0.023597207,-0.05167161
0.0054351045,0.023048665,-0.054188386
0.005688784,0.022454225,-0.056716103
0.005870763,0.02205585,-0.058531556
0.006101141,0.021406408,-0.060848195
0.0063089086,0.020773895,-0.062921666
0.006481308,0.020166054,-0.064646244
0.006688049,0.019486463,-0.06673767
0.0069270222,0.018724352,-0.06914336
0.0070703975,0.018210076,-0.07059794
0.0072028176,0.017559497,-0.07195275
0.0073027345,0.017074382,-0.072963126
0.007521959,0.016190313,-0.075205736
0.007727638,0.015231748,-0.07729875
0.007888908,0.01462865,-0.0789455
0.008043851,0.013802974,-0.08053853
0.008108014,0.013133926,-0.081186004
0.008224851,0.012364282,-0.08237586
0.00833994,0.011662308,-0.0835373
0.008441773,0.0110940635,-0.08451463
0.008581719,0.010084734,-0.08589135
0.00868004,0.009196374,-0.08685789
0.008777439,0.008346804,-0.08782693
0.0088608,0.00729886,-0.08865274
0.0089257145,0.0064703044,-0.089307174
0.008991129,0.005699452,-0.089983694
0.009078929,0.0049307505,-0.09085705
0.009119375,0.0039652977,-0.09121189
0.009163016,0.0029760746,-0.09161947
0.009176711,0.0022420913,-0.09176612
0.009171352,0.0015306836,-0.091738105
0.009180395,0.0006387248,-0.091850676
0.009172369,-0.0003938356,-0.091742404
0.009165533,-0.001347987,-0.09168335
0.009126688,-0.0023511702,-0.091275305
0.009103153,-0.003333465,-0.09102637
0.009066304,-0.0042746398,-0.09064339
0.009010471,-0.005373181,-0.0900696
0.008946096,-0.006233775,-0.08941448
0.008875438,-0.007097665,-0.088688426
0.008801088,-0.008125115,-0.08795725
0.008717014,-0.00911253,-0.08713801
0.008636595,-0.009790601,-0.086331956
0.008508935,-0.0108124735,-0.085032605
0.008381188,-0.011874153,-0.08376305
0.008276666,-0.012652396,-0.08272338
0.008142535,-0.013491974,-0.081336536
0.0080336025,-0.014201338,-0.080227785
0.007869987,-0.015052082,-0.07856559
0.0077223103,-0.015837442,-0.0770799
0.0075782333,-0.016539373,-0.075625524
0.007369434,-0.017440947,-0.073527135
0.007162982,-0.01832368,-0.07147007
0.00697167,-0.019070953,-0.06959391
0.0067212717,-0.019953573,-0.067109525
0.0065713646,-0.02052887,-0.06562273
0.006328766,-0.021341957,-0.06318613
0.0060881977,-0.022076134,-0.06078031
0.005929952,-0.022436172,-0.05921047
0.0056022205,-0.023327952,-0.055908196
0.0053818403,-0.023891915,-0.05372296
0.0051435726,-0.024413427,-0.05137096
0.0048441966,-0.024993027,-0.04841056
0.004599042,-0.025447488,-0.04598456
0.004355385,-0.02591752,-0.043570094
0.0040428694,-0.026422923,-0.040457275
0.0037712678,-0.026829464,-0.037733145
0.0034387154,-0.027323939,-0.03442824
0.003169118,-0.027674854,-0.03174465
0.0029464914,-0.027954653,-0.029519944
0.0026635956,-0.028240496,-0.026692947
0.0023633516,-0.028507326,-0.023702364
0.002100469,-0.028748179,-0.021082418
0.0018462891,-0.028918473,-0.018535279
0.0015478269,-0.029093338,-0.015545322
0.0012297867,-0.029275857,-0.012372078
0.0009997534,-0.029331006,-0.010061558
0.00075015135,-0.029379,-0.007546453
0.00046925974,-0.029435221,-0.004720766
0.00017982455,-0.029482594,-0.0018269164
-9.014721e-05,-0.02948481,0.0008857261
-0.00043471932,-0.029395364,0.004359537
-0.0007291602,-0.029319031,0.0073017636
-0.0010318456,-0.029202178,0.010341576
-0.001334642,-0.029100016,0.013368427
-0.0016329247,-0.028948989,0.016339658
-0.001975873,-0.028753933,0.019767117
-0.0022419132,-0.028542267,0.022423003
-0.0025409334,-0.028290203,0.025431158
-0.002865279,-0.02795923,0.028694786
-0.0032312018,-0.027663773,0.03236984
-0.0036124531,-0.027188731,0.03621044
-0.0038671573,-0.02681491,0.038761746
-0.0040911622,-0.02651587,0.040999286
-0.0043192315,-0.026125109,0.04326947
-0.004497143,-0.025760261,0.045045204
-0.0048414133,-0.025354559,0.04849312
-0.005111456,-0.024846729,0.051182285
-0.0053604636,-0.024318293,0.053662367
-0.0056539085,-0.023668375,0.05660699
-0.0058782646,-0.02310907,0.05884695
-0.0060453285,-0.022544289,0.060500268
-0.0062440964,-0.021982236,0.062491354
-0.006427107,-0.021486437,0.0643214
-0.0066228216,-0.020859446,0.066263445
-0.00684971,-0.020097788,0.068528175
-0.007070286,-0.019303862,0.07072947
-0.007249382,-0.018648205,0.072518125
-0.0073741027,-0.018102404,0.07374407
-0.007588298,-0.01711712,0.07587091
-0.007826598,-0.01612556,0.07826151
-0.007957432,-0.015460066,0.079569235
-0.008071629,-0.014877362,0.08069806
-0.008196546,-0.014134153,0.08193004
-0.008283533,-0.013482734,0.08277452
-0.008402407,-0.012750816,0.08395615
-0.008500167,-0.012129772,0.08494527
-0.008611716,-0.011199079,0.086059175
-0.008686877,-0.01046224,0.08681933
-0.008785218,-0.009714383,0.087813
-0.0088533135,-0.009029056,0.08850082
-0.008941151,-0.008126048,0.089387074
-0.009024092,-0.0072093126,0.09023891
-0.009034158,-0.006433035,0.09035405
-0.009098553,-0.0055510057,0.0910165
-0.009156851,-0.004525245,0.09161848
-0.009190714,-0.0036431795,0.09197351
-0.009206448,-0.0028325205,0.09214453
-0.009227342,-0.001994823,0.092333436
-0.009245873,-0.0010489065,0.09251797
-0.009250876,-0.00020394922,0.092569046
-0.009255154,0.00061448425,0.0925988
-0.009238107,0.0014034971,0.09243362
-0.009220391,0.0023033912,0.09225221
-0.009189131,0.003238206,0.0919627
-0.009131976,0.0040882407,0.09142188
-0.009094414,0.0049603945,0.091077745
-0.009022719,0.005975699,0.09038175
-0.0088830115,0.007052203,0.0890128
-0.0088464655,0.007829449,0.08868148
-0.008766727,0.008815078,0.08788755
-0.008652172,0.00959255,0.086740114
-0.008578204,0.010363898,0.08599283
-0.008454288,0.011326921,0.08474667
-0.008287007,0.012277374,0.08307741
-0.008143847,0.013103018,0.08163172
-0.008036128,0.013802107,0.08053436
-0.007864724,0.014697716,0.07879296
-0.007715538,0.015453049,0.077269584
-0.0075610788,0.016173547,0.07569393
-0.0073734596,0.016870474,0.07379791
-0.007222625,0.017601231,0.07230092
-0.0070405086,0.018313982,0.07048674
-0.0068648695,0.01890655,0.06872719
-0.0066637346,0.019623488,0.06670973
-0.006470592,0.020120151,0.06478987
-0.006264722,0.020769244,0.06274692
-0.006004541,0.021540495,0.06014137
-0.0058295336,0.021907182,0.0584006
-0.0055653527,0.02258856,0.055775907
-0.005301098,0.023219354,0.05314587
-0.0051717376,0.023564026,0.05187412
-0.004929189,0.02406368,0.049456418
-0.0046115993,0.02456507,0.04627016
-0.0043897876,0.024996184,0.04405104
-0.0041211746,0.025462583,0.04134861
-0.0039464934,0.025628839,0.03959307
-0.0036708442,0.02604725,0.036825206
-0.0034300527,0.026377963,0.034409914
-0.0031935475,0.026681462,0.03203987
-0.0028868308,0.026982935,0.028948247
-0.002652525,0.027281461,0.026589477
-0.0023067296,0.027470613,0.023124928
-0.0020437539,0.027681096,0.02050048
-0.0017626516,0.027913528,0.017689362
-0.0013912,0.028196866,0.013954479
-0.0010843507,0.02831539,0.010875398
-0.00073282776,0.028460022,0.007334777
-0.00042380046,0.028486013,0.004244684
-0.00013744921,0.028513022,0.00138201
0.00015915144,0.028500775,-0.0015667311
0.0005391884,0.028555093,-0.005384042
0.000789283,0.028479464,-0.007869774
0.0011057705,0.028387634,-0.011020756
0.0014498492,0.02824022,-0.014441199
0.0017258492,0.028081328,-0.017185781
0.0019843508,0.027888203,-0.019753186
0.0022540307,0.027663961,-0.02243208
0.0025771167,0.027436277,-0.025652457
0.0027956981,0.02730426,-0.02782455
0.0030371537,0.027020345,-0.030225119
0.003313162,0.02669484,-0.03296893
0.0036256765,0.026278589,-0.036071252
0.0038677566,0.025892185,-0.03848469
0.0041973083,0.025427429,-0.041773893
0.004426377,0.025024638,-0.044066656
0.0047526923,0.02438866,-0.047345698
0.0049771667,0.024000596,-0.049587872
0.0052159727,0.02352208,-0.05197098
0.0054252264,0.022991482,-0.05406473
0.0056615737,0.022382434,-0.056418847
0.0058527407,0.021842485,-0.058331825
0.0060285814,0.021326631,-0.06010251
0.0062076226,0.020826027,-0.061914816
0.0063331183,0.020333897,-0.063179724
0.006494363,0.019830469,-0.06480543
0.006668709,0.019236594,-0.06656878
0.0068640313,0.018532349,-0.068528324
0.007008198,0.017869484,-0.06996096
0.0072058667,0.01712031,-0.071943186
0.0074193454,0.016237242,-0.0741023
0.007534185,0.015684808,-0.07523615
0.0077141994,0.014851429,-0.07709812
0.007843914,0.014138348,-0.07844806
0.007969416,0.013524938,-0.07976381
0.008124229,0.0125829205,-0.081342846
0.008225962,0.011917098,-0.08236003
0.008331795,0.011235997,-0.08343081
0.008455515,0.010511617,-0.08465038
0.008570064,0.009521945,-0.08573715
0.008661737,0.008582737,-0.086586066
0.008774147,0.0075088567,-0.087699816
0.008849581,0.006666688,-0.08851525
0.008900813,0.005888305,-0.08913642
0.008954085,0.0051547973,-0.08972643
0.009003267,0.0042283973,-0.090175815
0.009043804,0.0032309883,-0.09045559
0.009064141,0.002300773,-0.0905651
0.009101841,0.0013547725,-0.09094672
0.009095828,0.0003363581,-0.09089415
0.009093866,-0.00071438804,-0.090910986
0.009065776,-0.0018478616,-0.09067296
0.009022948,-0.002901319,-0.09030932
0.00898764,-0.0041146236,-0.089971736
0.008931661,-0.005133934,-0.0893851
0.008907837,-0.006250984,-0.089151256
0.00883569,-0.0072181183,-0.08838916
0.008787497,-0.007875532,-0.08789116
0.008691606,-0.009060844,-0.086909495
0.00859844,-0.009944741,-0.08598426
0.008488183,-0.010788543,-0.084869884
0.008356024,-0.011860177,-0.08353922
0.008203093,-0.012886805,-0.08199477
0.008125467,-0.0135484,-0.0812156
0.007974485,-0.014377395,-0.07970226
0.007859559,-0.014997563,-0.07858113
0.007701552,-0.015991451,-0.07697002
0.0075332755,-0.016797783,-0.07526397
0.0073178057,-0.017715024,-0.07310211
0.0071475045,-0.018377881,-0.071407676
0.006978431,-0.019073749,-0.069688015
0.0068328385,-0.019574687,-0.06821449
0.0066658393,-0.020165524,-0.06649901
0.0064511397,-0.020867975,-0.06434761
0.0062234453,-0.021549946,-0.062097855
0.006049806,-0.0220583,-0.06038007
0.0058183726,-0.022691866,-0.058075573
0.0056051826,-0.023234481,-0.055959634
0.0052930326,-0.02383755,-0.0528529
0.005021825,-0.024416028,-0.05016649
0.004766703,-0.024937378,-0.047642913
0.0045455256,-0.025404288,-0.045441702
0.004311318,-0.025815625,-0.043127205
0.004116122,-0.026080761,-0.041182443
0.0038703564,-0.026482148,-0.038712118
0.003630721,-0.026819386,-0.036325354
0.0033465703,-0.027186548,-0.033488728
0.0030592177,-0.027563838,-0.03061123
0.0027850093,-0.027882889,-0.027866501
0.0024956889,-0.028147217,-0.024965463
0.0021416275,-0.028406486,-0.021429656
0.0018670139,-0.028601045,-0.01870017
0.0016092714,-0.028739588,-0.016115755
0.0012953198,-0.028929936,-0.012968746
0.0010263261,-0.029034385,-0.01026116
0.000783522,-0.029102884,-0.0078388285
0.0005257036,-0.02918804,-0.0052526016
0.0002856721,-0.029226298,-0.0028592215
-2.420952e-05,-0.029230071,0.00025043119
-0.0003604412,-0.029250469,0.0036096035
-0.00063116883,-0.029196799,0.0063164737
-0.00090580067,-0.029119575,0.0090719
-0.001286175,-0.02894016,0.012898767
-0.0016710034,-0.0287572,0.016751932
-0.0020620315,-0.028569922,0.020652939
-0.0023543937,-0.028323535,0.023577897
-0.0026637907,-0.028069006,0.026683345
-0.0029781363,-0.027797332,0.029827094
-0.0033437097,-0.027363203,0.033498183
-0.0036344607,-0.026993502,0.036408834
-0.0038693645,-0.026681822,0.03874834
-0.0041598887,-0.026243536,0.04165433
-0.0044145384,-0.025819343,0.04419888
-0.004595196,-0.025449583,0.046001405
-0.00483531,-0.024993617,0.048407927
-0.0050436053,-0.024568474,0.050477166
-0.005269011,-0.024072705,0.052715242
-0.005457018,-0.023582457,0.05457892
-0.005712386,-0.022866117,0.057149384
-0.0059135663,-0.022350943,0.059172396
-0.0061032544,-0.021792274,0.06107648
-0.0062502744,-0.021351827,0.062537104
-0.0064562946,-0.020737756,0.06458263
-0.0066108066,-0.020157242,0.066104494
-0.0067589167,-0.019529788,0.06756434
-0.00693169,-0.018957186,0.06930929
-0.0071145,-0.018278815,0.07114764
-0.007279476,-0.017645651,0.07280595
-0.0073956084,-0.016996918,0.07395497
-0.007495487,-0.01651144,0.07494983
-0.007588,-0.016044173,0.07586578
-0.0076822224,-0.0155886505,0.076797
-0.0078027616,-0.015001093,0.07800501
-0.007939438,-0.01422652,0.07937504
-0.008044341,-0.013641386,0.08043562
-0.008160812,-0.012793418,0.08160265
-0.008293909,-0.011862705,0.08294131
-0.008408896,-0.011058095,0.08410595
-0.00849873,-0.010286615,0.08500061
-0.008606903,-0.009355254,0.08607471
-0.008697793,-0.008538703,0.086988784
-0.00867363,-0.007944863,0.08672566
-0.008683973,-0.0072914343,0.086823344
-0.008761441,-0.006234777,0.087593526
-0.008813124,-0.0053942795,0.0881148
-0.008858092,-0.0044934726,0.0885693
-0.00889071,-0.0034733366,0.08889408
-0.008911704,-0.0026968708,0.08912245
-0.008929373,-0.002051771,0.08931724
-0.00894518,-0.001086103,0.089494556
-0.008938093,-0.0001018912,0.08945139
-0.008927306,0.0010199117,0.089377835
-0.008919225,0.0019656508,0.08933331
-0.008889749,0.0028126452,0.08905995
-0.008830876,0.003748683,0.08848138
-0.0087176515,0.004672922,0.08736187
-0.008686834,0.005598565,0.08707378
-0.008635984,0.006451786,0.08655276
-0.008624067,0.007076163,0.086414374
-0.008545732,0.007945724,0.085612245
-0.008463571,0.008767126,0.08478116
-0.008329001,0.009589318,0.08341844
-0.0082413135,0.010574368,0.0825163
-0.008077996,0.011702482,0.08085169
-0.007959387,0.012478734,0.079645604
-0.007803084,0.013383927,0.078059405
-0.007650867,0.014242819,0.076545864
-0.007518355,0.014834321,0.0752276
-0.0073430976,0.015636602,0.07347997
-0.00721382,0.016239073,0.07219395
-0.007022391,0.016895302,0.07028074
-0.006834629,0.017750915,0.06843333
-0.0066705164,0.018370543,0.06682475
-0.006470359,0.019046113,0.064837396
-0.006297941,0.019527413,0.06312975
-0.00605965,0.020325283,0.060750574
-0.005901286,0.02083208,0.0591721
-0.005665291,0.02147576,0.056813292
-0.0054561626,0.022013785,0.054713313
-0.005254858,0.022456609,0.052682005
-0.005016574,0.022981305,0.05027702
-0.004724145,0.02358306,0.047329772
-0.004587142,0.024014289,0.04594643
-0.004367555,0.024444317,0.043743793
-0.004026029,0.024708888,0.040306322
-0.0037397058,0.025128603,0.03744757
-0.0034980783,0.02548929,0.035034355
-0.003220277,0.025799833,0.032251637
-0.0030808789,0.026043063,0.030860255
-0.002839087,0.026315423,0.028447017
-0.0026231143,0.02647576,0.02629029
-0.0023706984,0.026705982,0.023760732
-0.0020663696,0.026959006,0.020689284
-0.0017365747,0.027227666,0.017375464
-0.0014330584,0.027419595,0.014333724
-0.0011153647,0.027570803,0.01114926
-0.0007311144,0.027634723,0.0072874567
-0.0003418356,0.02775686,0.0033933485
-0.00014761457,0.02780209,0.0014708275
0.00021735516,0.027702104,-0.0021748669
0.00046593024,0.027665302,-0.004670788
0.00076975353,0.027612276,-0.007717072
0.0010638568,0.027521178,-0.010661932
0.0013956168,0.027458467,-0.013985489
0.0017942281,0.027352497,-0.017963989
0.002076041,0.02713476,-0.020772988
0.002398096,0.026741838,-0.023984741
0.0026085116,0.026547182,-0.026069408
0.0029176315,0.02624146,-0.02915292
0.003193479,0.025975859,-0.031898193
0.003516837,0.025653511,-0.03510802
0.0038037077,0.025272556,-0.037947707
0.0040156906,0.024825308,-0.040026788
0.0042504426,0.024470732,-0.04235109
0.004438941,0.024014758,-0.04421165
0.004643621,0.023679117,-0.04625194
0.004823727,0.023313334,-0.04805403
0.005009357,0.022817697,-0.049912747
0.0052054445,0.022404145,-0.051880684
0.005456084,0.021791177,-0.05440799
0.005649043,0.021276234,-0.056319144
0.0059748646,0.020817688,-0.05957683
0.006216151,0.020138,-0.061998945
0.006342623,0.019742118,-0.06325569
0.0065058577,0.019168422,-0.064897425
0.006758974,0.018272297,-0.06747483
0.0069342856,0.017628841,-0.069232516
0.0071280757,0.016861623,-0.071198344
0.0073426114,0.01592513,-0.07335884
0.0074507776,0.015347096,-0.07442485
0.0076178377,0.01456895,-0.07615529
0.007713993,0.01403558,-0.07710243
0.007875207,0.013166463,-0.07875244
0.008019196,0.012342081,-0.080226235
0.008058179,0.011821738,-0.08061359
0.008206353,0.010982477,-0.08212561
0.008285808,0.0103402985,-0.08288935
0.008406642,0.009477674,-0.08412372
0.008478197,0.008781009,-0.08485481
0.008564556,0.007998929,-0.085761726
0.008653543,0.0070172525,-0.08667465
0.008735771,0.006166268,-0.08750898
0.008776883,0.005426891,-0.08792258
0.0088318875,0.004642655,-0.088456824
0.008882647,0.0037762618,-0.08893675
0.0089141335,0.0029253396,-0.08918988
0.008944944,0.002151075,-0.08946085
0.008967622,0.001095613,-0.08967933
0.008990183,0.00029445995,-0.08993386
0.008980865,-0.0005908213,-0.08984961
0.008969143,-0.0014845637,-0.08969854
0.0089059295,-0.0021432103,-0.08906955
0.008893908,-0.0031093785,-0.08898762
0.008867131,-0.0039657275,-0.08868689
0.008829316,-0.0050959606,-0.08826064
0.008722653,-0.006219686,-0.087142855
0.0086643435,-0.0071261264,-0.08656468
0.008583876,-0.007930209,-0.08576667
0.008480329,-0.00886335,-0.0847761
0.0083624525,-0.0099474145,-0.083654016
0.008240031,-0.010906682,-0.08245621
0.008112905,-0.011739087,-0.081182316
0.007997277,-0.0125847235,-0.0800257
0.007861059,-0.013449931,-0.07866073
0.007897572,-0.014116172,-0.07903025
0.007774241,-0.014791614,-0.07779093
0.0076011224,-0.015521706,-0.0760145
0.007422964,-0.016410766,-0.0741859
0.007201273,-0.017341128,-0.0719292
0.0070440215,-0.018029744,-0.07035184
0.006842661,-0.018892804,-0.06831548
0.006651983,-0.019609429,-0.066411026
0.006451008,-0.020233369,-0.06441135
0.0062936665,-0.020682886,-0.062865436
0.0060724244,-0.021316916,-0.06064438
0.0058098733,-0.022040289,-0.058032718
0.0056376643,-0.022641066,-0.056314275
0.005454605,-0.023137711,-0.054492496
0.0052617425,-0.023512388,-0.052597348
0.005124699,-0.023889543,-0.051215287
0.0048388503,-0.024501868,-0.048371054
0.0045368895,-0.025038207,-0.045380276
0.004238523,-0.02553106,-0.04241453
0.0039715595,-0.025969172,-0.03976785
0.00373301,-0.026309252,-0.03737948
0.003478867,-0.026692899,-0.034839604
0.0032621236,-0.02705157,-0.0326663
0.0030292985,-0.027278531,-0.030349638
0.0026706047,-0.027787292,-0.026752926
0.0023640804,-0.028072497,-0.023695614
0.0020964574,-0.028312953,-0.021002376
0.0018463343,-0.028479384,-0.018503902
0.0015078069,-0.028736021,-0.015123382
0.0012452534,-0.028864618,-0.012480873
0.0008661154,-0.029028337,-0.008682572
0.00050616433,-0.029077742,-0.005089051
0.00017556276,-0.0291388,-0.0017964349
-0.00018540389,-0.02920648,0.0018097868
-0.00046769483,-0.029185789,0.0046517774
-0.00075736287,-0.029112617,0.007574738
-0.0010824458,-0.029002765,0.010835037
-0.0013573344,-0.028875928,0.013585149
-0.001604624,-0.028715674,0.016084548
-0.0019323857,-0.028542647,0.019384935
-0.0022215345,-0.02833941,0.022277178
-0.0024569524,-0.028155435,0.02463721
-0.0026993663,-0.0279359,0.027047716
-0.0029235375,-0.02771881,0.029288232
-0.0030944734,-0.027588166,0.03099483
-0.0033789268,-0.027287157,0.03384684
-0.0035700398,-0.02704314,0.035745826
-0.0038252305,-0.026665274,0.03830586
-0.0040797116,-0.026283061,0.040857535
-0.0043792967,-0.02574366,0.043863527
-0.0046994416,-0.02522115,0.047063027
-0.004919634,-0.024821356,0.049270798
-0.005207639,-0.024221059,0.0521528
-0.005444549,-0.023703722,0.054510728
-0.00570263,-0.023143485,0.05707374
-0.005894636,-0.022497931,0.05898247
-0.0061186636,-0.021916313,0.06122561
-0.0063296217,-0.021321448,0.06332873
-0.0065197526,-0.02071247,0.06520859
-0.0066994936,-0.020171737,0.06700372
-0.0068920236,-0.01949734,0.06892902
-0.0070686974,-0.01886714,0.070688315
-0.007268163,-0.018125845,0.07268608
-0.0074432567,-0.017477058,0.074450366
-0.0076215058,-0.016700806,0.076232195
-0.007793591,-0.015764812,0.077950306
-0.007952369,-0.01506085,0.07955267
-0.008138486,-0.014061451,0.081418894
-0.008266721,-0.0132953795,0.08271908
-0.008375745,-0.012606014,0.08380383
-0.008501864,-0.011685952,0.085039325
-0.008614069,-0.011009908,0.08615251
-0.008699296,-0.01026178,0.08700903
-0.008770018,-0.009571864,0.08770327
-0.0088519,-0.008805791,0.08850997
-0.008924359,-0.00801692,0.089235656
-0.008980779,-0.0071775885,0.08981214
-0.009048326,-0.006323064,0.09050155
-0.009101844,-0.005399756,0.091055445
-0.00906228,-0.004776965,0.09066478
-0.009088661,-0.003996349,0.090933606
-0.009124739,-0.002946557,0.09129908
-0.009153024,-0.0019763808,0.09159618
-0.009152386,-0.0010888999,0.09159178
-0.0091639655,-0.0001670726,0.09169962
-0.009156209,0.0009691252,0.09161668
-0.009129488,0.002021778,0.09134693
-0.009076242,0.0029230658,0.0908296
-0.009048977,0.0039026649,0.09056508
-0.0090097925,0.004976106,0.090195075
-0.008914253,0.0057219923,0.08926209
-0.008874816,0.0065599433,0.08889354
-0.008829223,0.007262954,0.088449575
-0.008750567,0.008159165,0.08767812
-0.008634748,0.009375135,0.0865273
-0.008524169,0.010334582,0.08541524
-0.00839042,0.011074199,0.08405882
-0.008308759,0.011857407,0.08322633
-0.008205843,0.012462763,0.08218747
-0.008053137,0.01336902,0.08066372
-0.0079406435,0.0140501745,0.07954414
-0.007793941,0.014819975,0.07807934
-0.007652801,0.015528632,0.0766535
-0.007466558,0.016472489,0.07478818
-0.007257946,0.017251287,0.07268316
-0.007050377,0.018068379,0.070606425
-0.0068665263,0.01874813,0.06876025
-0.0066521466,0.019487757,0.06660832
-0.0064456994,0.020180825,0.06453656
-0.006216275,0.02087975,0.062235523
-0.006070002,0.021228047,0.060762297
-0.0059360964,0.021638446,0.05942351
-0.0057369852,0.022127718,0.057443425
-0.005512592,0.022686344,0.055211667
-0.0052541173,0.023223775,0.052640006
-0.005059789,0.023661576,0.050706953
-0.004825524,0.024003325,0.04837125
-0.0045660506,0.024568727,0.045775514
-0.0042841774,0.025088845,0.04294734
-0.0040643397,0.025343206,0.04074227
-0.003789113,0.02583513,0.03799068
-0.0035437178,0.02618147,0.035527073
-0.0031878487,0.02657938,0.031939205
-0.0029633977,0.026702816,0.029683629
-0.0026743594,0.027072992,0.026774868
-0.002378705,0.027355496,0.02379418
-0.0020244778,0.027671652,0.020218119
-0.0016937309,0.027917402,0.016898993
-0.0014262834,0.027978288,0.014202435
-0.0011685594,0.028120745,0.011599825
-0.00088076293,0.028238213,0.008699071
-0.0005260148,0.028162532,0.0051374407
-0.00026070126,0.028217789,0.0024857859
-6.092945e-06,0.028189225,-4.3189968e-05
0.00028645003,0.028196922,-0.0029579238
0.0004888149,0.028233608,-0.004976984
0.0008063988,0.028179435,-0.008140502
0.0011240911,0.028059082,-0.011293079
0.0014386901,0.027912054,-0.014403908
0.0017108944,0.02773787,-0.017098978
0.0020607999,0.027340574,-0.020594234
0.002385152,0.027128931,-0.02378752
0.0026756641,0.026839461,-0.026662815
0.0029427693,0.026535286,-0.0293082
0.003191709,0.026200207,-0.03178376
0.00345079,0.025932105,-0.03438238
0.003723674,0.025553672,-0.037120417
0.0038888194,0.025239794,-0.038771346
0.0041145436,0.024890427,-0.04103979
0.004420718,0.02437017,-0.04410226
0.004593334,0.024035705,-0.04582567
0.0048311837,0.023572667,-0.048210658
0.0050835977,0.02306598,-0.05073127
0.0053877807,0.022432704,-0.0537877
0.005592772,0.021943917,-0.055851433
0.005809492,0.021389365,-0.058045194
0.005953364,0.020834764,-0.059482727
0.006144584,0.02017064,-0.061383992
0.0063685933,0.019556755,-0.063626274
0.006690352,0.018824007,-0.066871315
0.006857354,0.018238373,-0.06852926
0.007037442,0.017554231,-0.070352264
0.0071753296,0.01683991,-0.07172646
0.0072941035,0.016303916,-0.072931744
0.0074734148,0.015446633,-0.0747624
0.0076270867,0.014636643,-0.0762847
0.0077514523,0.013982263,-0.07750144
0.007909916,0.01318386,-0.07910062
0.008035115,0.012430328,-0.080354884
0.008144886,0.011682607,-0.081456594
0.008293651,0.010718468,-0.08296833
0.008396133,0.009707224,-0.083999924
0.008515892,0.008716033,-0.085225075
0.008610697,0.007835307,-0.08620757
0.0086591365,0.007281317,-0.08668965
0.008731935,0.00640219,-0.08738822
0.008747976,0.0057722856,-0.08746331
0.008796909,0.0050383145,-0.08794642
0.008863581,0.0039633974,-0.0886258
0.008895631,0.003051043,-0.08895488
0.008837893,0.0022647588,-0.08838326
0.008826885,0.0013153069,-0.08831043
0.008816285,0.00045899377,-0.08823517
0.008791044,-0.00032000348,-0.087964326
0.008786027,-0.0010491972,-0.08789186
0.008760718,-0.0019748902,-0.087616146
0.008735784,-0.0027601824,-0.08741169
0.008694172,-0.003781296,-0.08699888
0.008666478,-0.0045539285,-0.08673821
0.008611115,-0.005343852,-0.086166166
0.008555624,-0.00631214,-0.085589364
0.008483284,-0.0072960984,-0.08483899
0.008378885,-0.008463036,-0.083748825
0.008289877,-0.009306253,-0.082822315
0.008136442,-0.010400562,-0.08125655
0.007999851,-0.0113707995,-0.07992907
0.007889381,-0.012271278,-0.078888185
0.0077270376,-0.013177726,-0.077265196
0.0076301163,-0.013809488,-0.07629057
0.0074460637,-0.014918521,-0.07439292
0.0072911466,-0.015737299,-0.07284159
0.007088674,-0.016642755,-0.07083019
0.006962504,-0.01711346,-0.06958597
0.006761724,-0.018165492,-0.06754342
0.006581919,-0.018848373,-0.06575853
0.0064215604,-0.019420551,-0.06418151
0.006230155,-0.020052748,-0.062272612
0.0060078595,-0.0207292,-0.060073372
0.0057897517,-0.021446073,-0.057894047
0.005561713,-0.022048151,-0.055593006
0.0053837197,-0.022509582,-0.053807996
0.0052502584,-0.022931036,-0.052464057
0.0050235186,-0.02344206,-0.050203692
0.004774199,-0.024064131,-0.047721423
0.004526821,-0.024559936,-0.0452528
0.0042285947,-0.025120962,-0.042275924
0.0040008193,-0.025550917,-0.03999686
0.003806559,-0.025897656,-0.038062476
0.0035424223,-0.026263695,-0.03542952
0.0032858206,-0.026616327,-0.03287346
0.0031698789,-0.026904665,-0.031721897
0.0029880428,-0.027111294,-0.029901879
0.0027319249,-0.027384588,-0.027334291
0.002411147,-0.02766773,-0.024128787
0.0020663384,-0.027960332,-0.020693053
0.0017946393,-0.028148435,-0.017980639
0.0015341789,-0.028337164,-0.015377736
0.0012145358,-0.028539704,-0.012194436
0.00090065406,-0.028676389,-0.009052954
0.00064446375,-0.028790176,-0.0064836266
0.00030332836,-0.028906537,-0.0030746737
4.7108777e-05,-0.02893381,-0.0004938352
-0.00020964484,-0.02894204,0.0020950348
-0.00050754345,-0.028894749,0.0051018475
-0.0007651375,-0.028817115,0.0076844245
-0.0010323742,-0.028698515,0.010384479
-0.0014232118,-0.0286466,0.014295906
-0.0016642903,-0.028554332,0.01669224
-0.001954738,-0.028351972,0.01960381
-0.00220019,-0.028182633,0.022046033
-0.0025011748,-0.027911413,0.025075406
-0.0027569183,-0.02767496,0.027644895
-0.002993247,-0.027446056,0.030015025
-0.003282318,-0.027142348,0.03291112
-0.003436985,-0.026893804,0.03446474
-0.0036530555,-0.026628809,0.036648676
-0.003942349,-0.026230171,0.03953755
-0.0042047626,-0.025827782,0.04213791
-0.00439939,-0.025485318,0.044046443
-0.004649389,-0.025037806,0.04653764
-0.004904602,-0.024511933,0.04908767
-0.0050693867,-0.024212068,0.05071559
-0.005307208,-0.023643669,0.053095948
-0.005543321,-0.02305896,0.055462636
-0.005805497,-0.022465175,0.05808491
-0.0060585635,-0.02176827,0.060628098
-0.0063226093,-0.021078626,0.06326701
-0.0065537323,-0.020373994,0.065578096
-0.0067379307,-0.019775031,0.06743546
-0.006921405,-0.019165583,0.069275744
-0.0072662523,-0.018432587,0.072733
-0.007409852,-0.017895805,0.07416084
-0.0075422674,-0.017240614,0.07545868
-0.007713409,-0.016495043,0.07715566
-0.007896568,-0.015633838,0.07899122
-0.008039755,-0.014965088,0.08043738
-0.008182731,-0.014203031,0.08187127
-0.008302835,-0.013507254,0.0830726
-0.008415959,-0.012747067,0.08419798
-0.008511155,-0.011886274,0.085140646
-0.008656374,-0.010954342,0.08658939
-0.008745481,-0.010200459,0.0874714
-0.008829636,-0.009332965,0.0883017
-0.008912081,-0.008553841,0.08914397
-0.008979387,-0.007798728,0.08980771
-0.0090365345,-0.0070019183,0.09038075
-0.009120291,-0.0060452134,0.0912255
-0.00916918,-0.0052704075,0.09170535
-0.009222937,-0.0042144926,0.09224118
-0.009254607,-0.0034708653,0.09255038
-0.009240251,-0.0026286182,0.09239619
-0.009263471,-0.0016507879,0.09261407
-0.009287146,-0.0006999949,0.092860505
-0.009284859,0.00018334168,0.09284237
-0.009273851,0.0011651691,0.09276015
-0.009261716,0.0021459109,0.09267731
-0.009218488,0.0030321085,0.092276216
-0.009174423,0.00406127,0.09186432
-0.009106339,0.005114296,0.091213316
-0.009014282,0.006039648,0.090315096
-0.008957553,0.006893741,0.089764684
-0.008888704,0.00772451,0.08908589
-0.008817036,0.008522878,0.08835606
-0.008700958,0.00942102,0.08716885
-0.008549618,0.010341947,0.085636824
-0.008470648,0.01121477,0.084833875
-0.008346674,0.012128313,0.083594225
-0.008201022,0.013017363,0.08211712
-0.008059827,0.013873185,0.08069604
-0.007909977,0.014709943,0.079193436
-0.007720944,0.015686458,0.077292636
-0.0075089475,0.01654928,0.07517303
-0.0073368917,0.017286757,0.07346313
-0.00715689,0.018042957,0.07167553
-0.006980383,0.018685203,0.069918565
-0.006817882,0.019214787,0.06831053
-0.0066375174,0.019802818,0.06652203
-0.0064579477,0.020307884,0.064742036
-0.0062117884,0.020984413,0.06228533
-0.006000073,0.02154331,0.060177986
-0.005741818,0.022180049,0.05759475
-0.005496799,0.02277723,0.055140875
-0.00518,0.023390064,0.051964726
-0.005031939,0.02370266,0.050492465
-0.0047754487,0.02426626,0.047949377
-0.0045071607,0.024751976,0.045252804
-0.0042779394,0.025144078,0.042946007
-0.003931244,0.025680527,0.03944853
-0.0036999816,0.02597734,0.037125126
-0.0033867722,0.026423985,0.033978917
-0.003035061,0.02681482,0.030430045
-0.002746861,0.027119707,0.027541555
-0.0023945887,0.027462482,0.023996191
-0.0020870762,0.027708663,0.020912606
-0.00174199,0.028069394,0.017459888
-0.0014546216,0.028236855,0.014577795
-0.0012087799,0.028287072,0.0121307885
-0.00095482694,0.028326321,0.009599651
-0.0006254552,0.028450036,0.0062893797
-0.00033060132,0.028515683,0.003319721
-0.00011150655,0.028497608,0.0011280989
0.00020965231,0.028534869,-0.0020840976
0.00045350255,0.028513318,-0.004531764
0.0007944726,0.028466772,-0.007947422
0.001112115,0.028352568,-0.011111732
0.0013206577,0.028170567,-0.013178581
0.0016668076,0.02804479,-0.016642397
0.0019093807,0.02786744,-0.019067172
0.0021897107,0.027679933,-0.021863345
0.0024638497,0.027422138,-0.024592657
0.0027475785,0.027107527,-0.027415823
0.0030638254,0.026781034,-0.030560536
0.0034211217,0.026403805,-0.034118704
0.003714949,0.026002713,-0.037042078
0.003892676,0.025654478,-0.038801692
0.0040704254,0.02529353,-0.040574487
0.004360499,0.024885722,-0.04348117
0.0045527997,0.024458913,-0.045400888
0.004766363,0.023982583,-0.047534112
0.004946752,0.02365315,-0.049346652
0.005270933,0.022908319,-0.052613564
0.005444576,0.022403957,-0.054317817
0.005535344,0.022034867,-0.055217728
0.0057519195,0.021467982,-0.057392202
0.0059283003,0.020966692,-0.05915888
0.006100946,0.020484777,-0.06088724
0.0062926696,0.019852411,-0.06279296
0.006484785,0.01921838,-0.06470997
0.006688078,0.018554885,-0.066769555
0.0068900143,0.017854217,-0.06880986
0.007052647,0.017297301,-0.07047052
0.0072096204,0.016671088,-0.072071545
0.007350935,0.016031044,-0.0734837
0.007519258,0.015269624,-0.07519815
0.0076573077,0.014545312,-0.07660126
0.007814347,0.01367888,-0.07819388
0.0079687,0.012766894,-0.07972589
0.008092886,0.012032255,-0.0809311
0.0081781475,0.011425326,-0.08173732
0.008293505,0.01074984,-0.082922004
0.008396201,0.0096667595,-0.08396027
0.008485491,0.008829341,-0.08486089
0.008592917,0.007911077,-0.085981615
0.008539371,0.007277188,-0.08544931
0.008558602,0.006739383,-0.08568507
0.008632357,0.005969297,-0.086429805
0.008692483,0.0051411623,-0.08697342
0.008735477,0.0043797386,-0.08734953
0.008696685,0.0037670357,-0.08691688
0.008718318,0.0030356762,-0.08717167
0.008743621,0.0021928751,-0.0874442
0.008764844,0.0012045382,-0.087664366
0.008771803,0.00032117273,-0.08772155
0.0087823635,-0.00049246894,-0.087800436
0.008778383,-0.0013698186,-0.08774962
0.008758881,-0.002423226,-0.08752532
0.008694758,-0.0032276532,-0.08686445
0.008676996,-0.0041958513,-0.08671406
0.008659269,-0.004849549,-0.086548634
0.008591793,-0.0058145807,-0.08583676
0.0085408995,-0.0065600933,-0.08532449
0.008425386,-0.0075347912,-0.08419141
0.008328504,-0.008534741,-0.08328807
0.0082502505,-0.0095797805,-0.08253698
0.008144574,-0.010514551,-0.08146535
0.008020189,-0.011397298,-0.08019571
0.007902816,-0.012268733,-0.07901995
0.007773552,-0.013066171,-0.077707976
0.007630486,-0.013942273,-0.07625154
0.007418836,-0.014677703,-0.07410582
0.0072998265,-0.015327338,-0.07292998
0.007119989,-0.016287042,-0.07115293
0.007028428,-0.016746525,-0.0702673
0.006842278,-0.017472437,-0.06838426
0.006636526,-0.018277744,-0.06633233
0.0064650862,-0.018906469,-0.06463118
0.006236075,-0.019718166,-0.062333684
0.006027488,-0.020387927,-0.06024939
0.0058082445,-0.021052448,-0.058067277
0.005625238,-0.021547,-0.056243557
0.0053951317,-0.022160351,-0.053934682
0.005141198,-0.022764169,-0.05139518
0.004917351,-0.023271743,-0.049170718
0.004701498,-0.02375657,-0.0470006
0.0044616256,-0.024240253,-0.044587493
0.0041332874,-0.024819065,-0.04129546
0.003927245,-0.02518631,-0.039239973
0.0036539994,-0.025599945,-0.036536988
0.0034363982,-0.025912046,-0.034373038
0.0031596413,-0.026290393,-0.03160568
0.002933097,-0.026588572,-0.029325126
0.002666663,-0.026892817,-0.026651572
0.0023696893,-0.027093787,-0.023678675
0.0020023922,-0.02727957,-0.020007905
0.0016549752,-0.027533503,-0.016567709
0.0013109362,-0.027782513,-0.013151497
0.0010226604,-0.027937498,-0.010262288
0.0006956972,-0.028093824,-0.006995892
0.0003212783,-0.028214414,-0.0032570318
-3.3751443e-05,-0.028264971,0.0002900398
-0.0002505422,-0.028293962,0.002461929
-0.00056284096,-0.028281987,0.0055921706
-0.0008981546,-0.028317712,0.008975479
-0.0011809911,-0.028175684,0.01183871
-0.0014919288,-0.028039835,0.014955493
-0.0017742378,-0.027872158,0.017779417
-0.0020801509,-0.027657464,0.020850448
-0.0023549949,-0.027448507,0.023580935
-0.0026249355,-0.027213061,0.026274152
-0.0029394836,-0.02686015,0.029434424
-0.0032423078,-0.026512925,0.03247643
-0.0035234252,-0.026100872,0.035294373
-0.0038342518,-0.025739437,0.038392007
-0.0040866625,-0.025385868,0.04089695
-0.0043017524,-0.025045272,0.043034703
-0.0045168307,-0.024676647,0.045170322
-0.004724606,-0.024330016,0.047245435
-0.004940814,-0.023867672,0.049408842
-0.0052037756,-0.023356812,0.05204228
-0.005387031,-0.022889,0.053867303
-0.0055852775,-0.022478271,0.055874743
-0.00587882,-0.021749653,0.058828786
-0.0061127357,-0.021020027,0.06117364
-0.0064762942,-0.020542791,0.06480871
-0.0067522456,-0.019728709,0.06757326
-0.0069436505,-0.019059261,0.06949068
-0.0070788055,-0.018496165,0.07081862
-0.0072761653,-0.017443169,0.07278188
-0.007552469,-0.016548881,0.07555339
-0.007699742,-0.015837982,0.07700454
-0.007828909,-0.015175472,0.078277975
-0.007943015,-0.014543071,0.07940125
-0.008056006,-0.013896039,0.080512844
-0.008179789,-0.013095516,0.0817348
-0.008279185,-0.012394473,0.08272655
-0.008390624,-0.011595828,0.08382973
-0.008533457,-0.0106570525,0.08524885
-0.008653998,-0.009659165,0.08645132
-0.008752017,-0.008780285,0.08744641
-0.008821016,-0.008083196,0.08814009
-0.008896524,-0.00712889,0.08888525
-0.008958178,-0.0064349864,0.08950247
-0.009012716,-0.0057261637,0.09004908
-0.009056969,-0.0048831883,0.090511665
-0.009094992,-0.0040086186,0.09091405
-0.009129174,-0.0030984252,0.091279395
-0.009148879,-0.002202692,0.09150384
-0.009152162,-0.0014562712,0.091546215
-0.009164356,-0.0005620799,0.09168316
-0.009206026,0.00011679228,0.09212996
-0.0091899885,0.0011690233,0.09199019
-0.009164421,0.0018939498,0.09175133
-0.009145438,0.0028703506,0.09157947
-0.009096199,0.003750607,0.09109902
-0.00905924,0.0045455126,0.09074946
-0.008992435,0.0055087474,0.090084285
-0.008937376,0.0063976436,0.089527406
-0.008856842,0.007221595,0.08871999
-0.008784708,0.007999058,0.08798513
-0.008695288,0.0088258,0.08707442
-0.0085987905,0.00966633,0.08609477
-0.00851327,0.010254762,0.085223675
-0.008370251,0.011154595,0.08377344
-0.0082712555,0.011997452,0.0827896
-0.008147983,0.012780511,0.08155967
-0.008041578,0.013278685,0.080495395
-0.0078772195,0.0142411515,0.07886016
-0.0077159624,0.01504521,0.07726273
-0.00753385,0.015925094,0.075445354
-0.0073208353,0.016772443,0.073318906
-0.0071496344,0.017516024,0.07162115
-0.007008355,0.018089803,0.07021064
-0.006879474,0.018682465,0.06890228
-0.006799501,0.019014888,0.06810206
-0.0066449083,0.019547822,0.06654362
-0.006486249,0.019954711,0.06494519
-0.006279373,0.020626534,0.06285849
-0.0059889783,0.021318115,0.059919458
-0.0058296667,0.021691801,0.05831274
-0.005627163,0.022226635,0.056287665
-0.005415742,0.022720978,0.054179557
-0.0051562483,0.0233718,0.05160457
-0.004891047,0.023916157,0.048953302
-0.00465554,0.024376577,0.046600953
-0.004425312,0.024809584,0.044304036
-0.004155578,0.025287323,0.041619167
-0.0038534375,0.025703948,0.038603272
-0.0036312002,0.025937641,0.036404356
-0.003333835,0.02635505,0.033425864
-0.0030509816,0.026692891,0.030593557
-0.0027647945,0.026966052,0.027740477
-0.0025315392,0.02723849,0.025392288
-0.0022291187,0.027511353,0.022352584
-0.0019498813,0.027730808,0.019540638
-0.0016304866,0.02777537,0.016326487
-0.0013537029,0.027988747,0.013536906
-0.0011009139,0.028114516,0.010986646
-0.00080897793,0.02823685,0.008033773
-0.0004990443,0.028315794,0.0049215485
-0.00019191834,0.028347041,0.0018461056
6.603787e-05,0.028349774,-0.00074371323
0.0003224252,0.028364167,-0.0033165198
0.0005731083,0.028364314,-0.0058197593
0.0008799069,0.028249867,-0.008859832
0.0011745451,0.02810062,-0.011792021
0.0014688466,0.027936485,-0.014723254
0.0017409935,0.027701812,-0.017412892
0.0019180404,0.027815305,-0.019165445
0.0022354787,0.027531132,-0.022341456
0.0025946149,0.027252661,-0.025906617
0.0028871368,0.026963856,-0.028812904
0.0031716628,0.026678707,-0.031640902
0.0034670834,0.026344009,-0.034575824
0.003696486,0.026068838,-0.036850035
0.0039937757,0.025636327,-0.039800376
0.0042740973,0.025153808,-0.042589728
0.004575464,0.024463113,-0.04562128
0.0047091553,0.024065264,-0.046939313
0.004910999,0.023622854,-0.04897557
0.0051788744,0.023031732,-0.051660255
0.0053502293,0.02262243,-0.053373948
0.0055458853,0.02213024,-0.05533857
0.0057703992,0.021573026,-0.057600196
0.0060037356,0.020949516,-0.059952475
0.006115977,0.020410901,-0.061083507
0.006265992,0.01997059,-0.06260571
0.0064315572,0.019530445,-0.06428261
0.0065610767,0.019030597,-0.06558056
0.006738316,0.01837977,-0.06732641
0.006950509,0.017576408,-0.069449306
0.007106023,0.01699256,-0.07097868
0.0072822967,0.016264591,-0.07275692
0.0074545797,0.0154834585,-0.07451693
0.007568812,0.01487309,-0.075671665
0.007708472,0.014121912,-0.077100344
0.007853104,0.013371121,-0.07856256
0.007983762,0.012364337,-0.07987883
0.008114751,0.011532366,-0.08119986
0.008241349,0.010646766,-0.08251338
0.008272035,0.009961374,-0.08283039
0.008379332,0.009114773,-0.08395562
0.008460596,0.008296532,-0.08475424
0.008477075,0.007651836,-0.084881365
0.008565382,0.0068170032,-0.08574593
0.0086398525,0.006038435,-0.08645063
0.00871325,0.0049659656,-0.08713875
0.008768716,0.004197085,-0.08764997
0.0088050235,0.0033041856,-0.08801287
0.008828891,0.0025178047,-0.088286616
0.008796414,0.0020119736,-0.087978564
0.008810575,0.0011132067,-0.08813345
0.00881216,-1.42093995e-05,-0.088064745
0.008798342,-0.00082623574,-0.08790936
0.008812382,-0.0018532341,-0.088060506
0.008787136,-0.00283527,-0.08779675
0.008761309,-0.003976944,-0.08753101
0.008723339,-0.0048136376,-0.08715366
0.0087157795,-0.005497917,-0.08708297
0.008658047,-0.0064921146,-0.086518764
0.008576113,-0.0074217543,-0.08572099
0.008491374,-0.008460963,-0.08487681
0.0084083285,-0.00934751,-0.08400422
0.008294784,-0.010267189,-0.0828072
0.008177366,-0.011143479,-0.081623696
0.008009062,-0.011781101,-0.07995459
0.007887717,-0.012656107,-0.0787424
0.0077931047,-0.013456434,-0.07777383
0.0076590246,-0.014466479,-0.07645066
0.0075677666,-0.015026756,-0.07556027
0.007473536,-0.015688544,-0.07461505
0.0073350547,-0.016314082,-0.07324004
0.0070957295,-0.017140413,-0.07082245
0.006921688,-0.01784059,-0.069109134
0.006705515,-0.018618913,-0.066955626
0.006522182,-0.019470775,-0.06512133
0.0063143293,-0.020179577,-0.06307325
0.0060895956,-0.020828525,-0.06086304
0.0059268475,-0.021332145,-0.059265304
0.005699792,-0.0219673,-0.057008956
0.005471009,-0.022572896,-0.054750152
0.005208593,-0.023224987,-0.05213837
0.005006731,-0.023681128,-0.05013282
0.0047725,-0.024163118,-0.047781136
0.0045543127,-0.024602313,-0.04560151
0.004326556,-0.025047801,-0.043314513
0.0040591466,-0.025491549,-0.040638104
0.0037388215,-0.02604484,-0.037440166
0.003465448,-0.026443977,-0.0347154
0.0032632924,-0.026779598,-0.032696016
0.003027548,-0.027089732,-0.03032961
0.0027627745,-0.027403606,-0.027679292
0.0024628895,-0.027676214,-0.024682228
0.0022287848,-0.027911538,-0.022337647
0.0019496931,-0.028112885,-0.019538894
0.0016771215,-0.028304672,-0.016812868
0.0014171737,-0.028448692,-0.014203839
0.0011609275,-0.02862404,-0.011634938
0.0007703679,-0.028915832,-0.007745379
0.00045234265,-0.029013986,-0.004563654
0.00014976614,-0.029063499,-0.001530178
-0.00016566622,-0.029104436,0.0016256496
-0.00050913956,-0.029100914,0.005073961
-0.0007627542,-0.029053878,0.007616477
-0.0010156325,-0.028963532,0.010171695
-0.0014487846,-0.028862337,0.0145228
-0.0017711647,-0.0286809,0.017747616
-0.0021334006,-0.028364222,0.02138613
-0.0025115013,-0.028093472,0.025160143
-0.0027905614,-0.02784378,0.027938515
-0.0030493732,-0.027591454,0.03053148
-0.0032805204,-0.027314784,0.032836277
-0.0035160058,-0.026978442,0.03520006
-0.0036924025,-0.026627336,0.036968816
-0.003974028,-0.02621236,0.039811075
-0.0042372486,-0.025813788,0.042438503
-0.004434578,-0.025437914,0.044394992
-0.0046406556,-0.025154553,0.046471633
-0.0049242834,-0.024648635,0.049309146
-0.005134507,-0.024191802,0.051391546
-0.005430214,-0.023674414,0.054336905
-0.005672982,-0.023106856,0.05676471
-0.0059903585,-0.022304064,0.05995472
-0.006280365,-0.021581896,0.06285576
-0.006472485,-0.021018485,0.06476842
-0.0067284303,-0.020131709,0.06731928
-0.006914848,-0.019527849,0.06919548
-0.0070347916,-0.019054366,0.070374995
-0.0071439906,-0.018451946,0.071446806
-0.0072886776,-0.01778925,0.07288814
-0.0075150034,-0.01702846,0.075155035
-0.0076561836,-0.016406484,0.07657966
-0.007801713,-0.015617423,0.07804463
-0.00797541,-0.014710256,0.07979759
-0.008110141,-0.013865296,0.08114256
-0.00824108,-0.013044424,0.08244451
-0.008343389,-0.012340007,0.08345417
-0.008466396,-0.011303213,0.08466658
-0.008580523,-0.010404366,0.08581243
-0.008602065,-0.009643194,0.086008295
-0.008662261,-0.008936752,0.08660813
-0.008720783,-0.008230456,0.08719107
-0.008795658,-0.007359401,0.08794377
-0.008844276,-0.0066494993,0.088451415
-0.008887686,-0.005649914,0.08890522
-0.008950876,-0.0047360347,0.089573324
-0.008983162,-0.003869706,0.08991398
-0.009011752,-0.0030491038,0.09021257
-0.00903602,-0.0021483575,0.09047262
-0.009043381,-0.0010872898,0.09054071
-0.009038506,-4.2468422e-05,0.09048334
-0.009025507,0.0009874788,0.090341866
-0.00903345,0.0016728917,0.09040234
-0.008933393,0.0023952278,0.089377426
-0.008923028,0.0030282927,0.08926712
-0.008904152,0.0038889581,0.089067504
-0.0088189775,0.00492726,0.08820099
-0.008751759,0.0058522285,0.08754562
-0.008661994,0.0068715434,0.0866587
-0.008582665,0.0076910895,0.08588536
-0.008508595,0.008552608,0.085164614
-0.008439128,0.009285219,0.08447564
-0.0083317505,0.010200523,0.08339707
-0.008208561,0.011077392,0.08216992
-0.008083076,0.011881518,0.080929995
-0.007967952,0.012577325,0.07977365
-0.007846326,0.013372532,0.078547314
-0.0077114776,0.014204877,0.07719353
-0.007594517,0.014842418,0.07602429
-0.007455179,0.015572646,0.074643716
-0.007293877,0.016338626,0.07303756
-0.0070942086,0.017073102,0.071045786
-0.0069554118,0.017703159,0.0696565
-0.006788013,0.018264297,0.0679831
-0.0066138427,0.018922824,0.06622426
-0.0063813096,0.019680902,0.06388607
-0.0061611272,0.020326369,0.06166615
-0.0060310266,0.02074253,0.060329247
-0.005832863,0.021304943,0.058327004
-0.005586406,0.021915385,0.05584796
-0.0053673713,0.022447495,0.053657044
-0.005184892,0.022833748,0.051851645
-0.0049741236,0.023290914,0.04976567
-0.004712231,0.023880769,0.04717617
-0.004469991,0.02431727,0.044773307
-0.0042508305,0.024749305,0.042595685
-0.0039740773,0.025187189,0.039827455
-0.0037696296,0.02558619,0.037778266
-0.003540596,0.025906015,0.035483707
-0.0032480783,0.026281606,0.032555416
-0.002883708,0.026499633,0.028888406
-0.0025887522,0.02675494,0.025937168
-0.0022561098,0.027055472,0.02259146
-0.0019218399,0.027431792,0.019241702
-0.0016706465,0.027592005,0.01672479
-0.0013582796,0.027767412,0.013573381
-0.00097451103,0.027921248,0.009715612
-0.00070139306,0.027989917,0.006981583
-0.00036778112,0.028034827,0.0036412904
-6.866922e-05,0.028026925,0.0006525759
0.00029595924,0.027973285,-0.0029975593
0.000578431,0.027894882,-0.0058166343
0.000802174,0.027888028,-0.008059241
0.0010512477,0.027814303,-0.0105469255
0.0013816821,0.027672356,-0.013830813
0.001565171,0.02755756,-0.01564395
0.0017919396,0.027380656,-0.017895952
0.0021826643,0.02719869,-0.021803506
0.002522353,0.02704845,-0.025217991
0.0028054258,0.026765652,-0.028026214
0.003128076,0.026443414,-0.03123427
0.0034129051,0.026107665,-0.034061667
0.0036342968,0.025867406,-0.03624344
0.0038709338,0.025479082,-0.03858577
0.004143662,0.02500454,-0.041283168
0.004444503,0.024321165,-0.044288628
0.004664579,0.023842666,-0.046461076
0.004838168,0.0235949,-0.048198216
0.004988314,0.023154698,-0.049686357
0.0053019524,0.022778982,-0.05282706
0.0055341464,0.022274975,-0.055146504
0.005735316,0.02174772,-0.05716567
0.005902737,0.021215208,-0.058842245
0.0061533595,0.020552035,-0.061373785
0.0063190665,0.020108847,-0.063017555
0.006567414,0.019316575,-0.06552552
0.0067589725,0.018643055,-0.06745314
0.0069589834,0.01785603,-0.06949138
0.0071541765,0.016999638,-0.071459554
0.007244747,0.01642436,-0.07235628
0.007349078,0.015913768,-0.07339017
0.0075129936,0.014990687,-0.0750388
0.0076637766,0.014162649,-0.076543316
0.007819297,0.013442937,-0.07813561
0.007931701,0.01275842,-0.079283915
0.008082428,0.011897901,-0.080822185
0.008182282,0.011400665,-0.08184501
0.00823746,0.010890514,-0.0824444
0.008330016,0.010216754,-0.083454736
0.0084344465,0.009345343,-0.08452374
0.008541709,0.008178696,-0.08553976
0.008630485,0.0072044255,-0.08635575
0.00870351,0.006332123,-0.08702177
0.008758065,0.005651023,-0.08753903
0.008805463,0.0047815004,-0.088071175
0.008839686,0.004035783,-0.08850574
0.008879692,0.003304597,-0.0889912
0.00890965,0.002361555,-0.089292035
0.008915557,0.0011786971,-0.08927595
0.008933242,0.00025062732,-0.08939986
0.008921199,-0.0007324164,-0.08920144
0.008920567,-0.0017021203,-0.08916348
0.0088907955,-0.0027355151,-0.088861644
0.008860528,-0.0037763382,-0.088621825
0.008805284,-0.004527491,-0.088115916
0.008734523,-0.0055585294,-0.087399356
0.00868902,-0.006455038,-0.08694058
0.008621679,-0.007424246,-0.08624542
0.008534304,-0.008403815,-0.08537035
0.0084654465,-0.009144598,-0.084680654
0.008358026,-0.010032468,-0.08354889
0.008253637,-0.010921355,-0.08247144
0.008120634,-0.011802197,-0.08110837
0.007984219,-0.012658607,-0.07975564
0.007838866,-0.013555429,-0.07833062
0.00773461,-0.014033182,-0.07730825
0.007583851,-0.014745532,-0.07577183
0.0073677143,-0.01552917,-0.07360886
0.0072120335,-0.016393283,-0.07209168
0.007058626,-0.017176272,-0.070589095
0.006959107,-0.017867887,-0.06958294
0.006733805,-0.01868747,-0.06732998
0.006566616,-0.019349698,-0.06567703
0.006353892,-0.020089177,-0.06355293
0.006088618,-0.020835131,-0.060884077
0.0058791786,-0.021467041,-0.05876712
0.0057445383,-0.021945897,-0.05740499
0.005541708,-0.02247939,-0.05538322
0.0053118174,-0.02302824,-0.053084597
0.0050598537,-0.023524305,-0.050591078
0.0048826043,-0.024043674,-0.048816048
0.0045957966,-0.024623085,-0.045951802
0.004374937,-0.02505008,-0.04374427
0.0041223927,-0.025514122,-0.041230347
0.0038711098,-0.025919206,-0.0387151
0.0035535912,-0.026401537,-0.03556153
0.0032827426,-0.02678898,-0.032877915
0.0030405605,-0.027103007,-0.030450433
0.0027580895,-0.027412511,-0.027617699
0.0024546674,-0.027763035,-0.024595877
0.0020897258,-0.027757986,-0.020905867
0.0017392278,-0.027930973,-0.017406268
0.0014507606,-0.028122583,-0.014518149
0.0011434595,-0.028266259,-0.011442274
0.0008732816,-0.028354894,-0.008725409
0.000725163,-0.028495107,-0.0072411695
0.0003974223,-0.028592648,-0.0039676307
7.29136e-05,-0.028586589,-0.00070701714
-0.00029893,-0.028694287,0.0029889566
-0.0006346909,-0.028682938,0.006340569
-0.00094268494,-0.028602732,0.009419143
-0.0012598287,-0.028532047,0.012588082
-0.0015422944,-0.028435104,0.01542356
-0.0017893583,-0.028273389,0.017912772
-0.002129091,-0.027923713,0.021336505
-0.0024289475,-0.027645394,0.024333479
-0.0026508574,-0.027432654,0.026532652
-0.0029064352,-0.027160408,0.029104639
-0.0031340313,-0.026939014,0.031373773
-0.0034842398,-0.026668265,0.03486458
-0.0037817378,-0.026289565,0.037829194
-0.0040049097,-0.025980936,0.04005631
-0.0042697396,-0.025546739,0.04269641
-0.0044968496,-0.025066812,0.044958595
-0.004775179,-0.024576487,0.04776116
-0.0050370945,-0.024070645,0.050383918
-0.005251117,-0.02353587,0.05251791
-0.0055595394,-0.02276675,0.055628616
-0.0057945596,-0.02215864,0.057989497
-0.005970679,-0.021652812,0.059739526
-0.0061425264,-0.021216558,0.06146363
-0.0063302973,-0.020675035,0.063348055
-0.006497792,-0.02015173,0.06501557
-0.006697788,-0.01952856,0.066998675
-0.0067963246,-0.018959649,0.06796788
-0.0070002778,-0.018167669,0.070023604
-0.007199423,-0.01740597,0.07202068
-0.0072964486,-0.016824553,0.07296467
-0.007436148,-0.01623202,0.07436786
-0.007604856,-0.015457116,0.07606511
-0.007697753,-0.014958992,0.076988645
-0.00783222,-0.014216784,0.078336954
-0.007934275,-0.0135726305,0.07936384
-0.00802911,-0.012858723,0.08030316
-0.00815052,-0.012086364,0.08152622
-0.008265597,-0.01132488,0.08268274
-0.008340064,-0.010605121,0.08342526
-0.008432351,-0.009836937,0.084344625
-0.00851441,-0.009134023,0.08515793
-0.008616086,-0.008174365,0.08616425
-0.008682855,-0.007440402,0.08683491
-0.008759825,-0.006556325,0.0876013
-0.008811103,-0.005811563,0.088114485
-0.0088516725,-0.0050804466,0.088529445
-0.008898596,-0.0041751745,0.089011565
-0.008952305,-0.0029582328,0.089571185
-0.00897496,-0.0021711462,0.0898284
-0.009014506,-0.0014929135,0.0902428
-0.009015029,-0.00061368704,0.090254255
-0.009006957,0.00020393875,0.09017958
-0.00899953,0.0009409345,0.09011184
-0.008992281,0.0017521139,0.09003143
-0.008956517,0.0026103733,0.0896533
-0.008930247,0.0034762383,0.08936728
-0.008899893,0.004289137,0.089058235
-0.008857579,0.005061475,0.08862152
-0.008785061,0.005889838,0.08789599
-0.008734004,0.0067369165,0.08738801
-0.008675537,0.0074658785,0.086813375
-0.0086030895,0.008313833,0.08609755
-0.008526852,0.009017456,0.08534722
-0.008447165,0.009684321,0.08455911
-0.008310106,0.010640938,0.0831859
-0.008176105,0.011524631,0.08185421
-0.008041672,0.01224028,0.080500476
-0.007872396,0.013160102,0.07879542
-0.007730599,0.01397928,0.07736968
-0.0075747413,0.014784786,0.07580266
-0.007412841,0.015527802,0.07417958
-0.0072245644,0.016102934,0.07230731
-0.0072358274,0.016766159,0.07241581
-0.0070311055,0.017525237,0.07036527
-0.0068495553,0.018260341,0.06855722
-0.0066580935,0.01893327,0.066664
-0.0064977366,0.019540941,0.06507138
-0.0062893187,0.020196008,0.06300777
-0.006090847,0.020747202,0.061023384
-0.0059301374,0.021259185,0.05940816
-0.0057402877,0.02174834,0.05751529
-0.0055305227,0.02228654,0.05541815
-0.0053274194,0.022767507,0.053388745
-0.0050600166,0.02337707,0.050702516
-0.0047882735,0.023986204,0.047977667
-0.0044829976,0.024553966,0.044909075
-0.004305225,0.025026672,0.043124788
-0.0041326024,0.025324978,0.041425027
-0.0038088374,0.025847498,0.038194828
-0.0035881721,0.026160877,0.035991386
-0.0032860236,0.026565012,0.032959774
-0.0030259886,0.026872909,0.030349704
-0.0027872385,0.027133211,0.027961759
-0.0025668028,0.027316254,0.025751567
-0.0022576367,0.027626038,0.022624929
-0.0019408619,0.02793395,0.019431653
-0.001678544,0.028098822,0.016789474
-0.0013540441,0.028260982,0.01352523
-0.0010118566,0.02841415,0.010096651
-0.0008299913,0.02858768,0.008269315
-0.0005783648,0.028623797,0.0057445997
-0.00019673965,0.0286083,0.0019070613
6.780965e-05,0.028620115,-0.00075913296
0.0003425611,0.028591553,-0.0035211479
0.0006383708,0.028539471,-0.00649121
0.0010048612,0.028430197,-0.010158622
0.0013514692,0.028443642,-0.013608067
0.0015902254,0.028393425,-0.015991807
0.0018832146,0.028220093,-0.018902384
0.0021887575,0.02799286,-0.02191683
0.0024377452,0.027789092,-0.024385
0.0027293726,0.027529744,-0.027278986
0.0030193208,0.027165798,-0.030134667
0.0032788543,0.026812691,-0.03270781
0.0036022742,0.026384786,-0.035920314
0.003968338,0.025871756,-0.03956691
0.004217304,0.02547235,-0.042034943
0.004420102,0.025097985,-0.04405031
0.004708983,0.024617694,-0.046921745
0.004970329,0.024086285,-0.04952693
0.0052092695,0.023615666,-0.05191096
0.005432412,0.023123223,-0.054140273
0.0056647044,0.022569388,-0.056472525
0.0059120734,0.021916918,-0.05896805
0.0061195674,0.021335326,-0.061056238
0.006338361,0.020671446,-0.06325204
0.0065494115,0.020011283,-0.06536726
0.0066777603,0.019641088,-0.06663762
0.0068279887,0.019039845,-0.06816294
0.0070390548,0.018256193,-0.07030881
0.0072425283,0.017451853,-0.0723611
0.0074270307,0.016681636,-0.07420995
0.007591975,0.01593878,-0.0758743
0.007752888,0.015057866,-0.07750847
0.007914295,0.014128186,-0.07914486
0.0080557205,0.013331881,-0.08058242
0.008133811,0.012733865,-0.08135437
0.008209164,0.012026553,-0.082101226
0.008310854,0.01130097,-0.083117016
0.008395142,0.010597689,-0.0839631
0.00850042,0.0095593985,-0.08502787
0.008632681,0.008517083,-0.086362295
0.008721777,0.007550572,-0.0872913
0.008810609,0.0065915426,-0.08822953
0.0087954085,0.006069836,-0.08807003
0.008854928,0.005339147,-0.088642195
0.008896839,0.0044688424,-0.08895448
0.008966637,0.003719202,-0.08959015
0.008993375,0.002792204,-0.08988849
0.009011319,0.0020087822,-0.09014134
0.009027162,0.0011431169,-0.09038106
0.009055557,0.00013077044,-0.09071666
0.009043151,-0.00080381776,-0.09056229
0.00904966,-0.0017024011,-0.090591505
0.009033167,-0.0026179573,-0.09039074
0.0090108495,-0.0036988962,-0.09012652
0.00893375,-0.0047758156,-0.08933412
0.008886847,-0.0057932236,-0.08886852
0.008760395,-0.0069305077,-0.087579034
0.008671278,-0.0077159787,-0.08671878
0.008587319,-0.008653817,-0.08589183
0.008502627,-0.009482591,-0.08501617
0.008397915,-0.01043657,-0.083941564
0.008291708,-0.011273055,-0.082864195
0.008142498,-0.012227337,-0.08136073
0.00805686,-0.0128660975,-0.08052063
0.007936698,-0.013597135,-0.07932297
0.0077579664,-0.014649096,-0.077553235
0.007634539,-0.015256802,-0.076336265
0.0074700336,-0.016134739,-0.07466045
0.0073126727,-0.016896278,-0.07307423
0.007166239,-0.017483052,-0.07160131
0.0069235647,-0.01831894,-0.06913182
0.006737505,-0.0191915,-0.06726448
0.0065616225,-0.019828407,-0.06548888
0.006354696,-0.020479875,-0.06341267
0.0061063506,-0.02119571,-0.060938556
0.0059314733,-0.021765033,-0.05920455
0.0056771254,-0.02247851,-0.056672517
0.0054615214,-0.023057526,-0.054544263
0.00516488,-0.023737557,-0.05159576
0.0049499515,-0.024281573,-0.04945391
0.004702102,-0.024777573,-0.046999227
0.004453144,-0.025253242,-0.044519998
0.004225885,-0.025643462,-0.042256813
0.0039823763,-0.026063241,-0.039811876
0.0037196064,-0.02644359,-0.037204377
0.0034485692,-0.02681206,-0.03449398
0.003172711,-0.027142832,-0.031726584
0.0028728005,-0.027519172,-0.028748745
0.0025979197,-0.027825117,-0.026007373
0.002227245,-0.027812293,-0.02228131
0.0018353405,-0.028114246,-0.018367006
0.0015643141,-0.028316729,-0.015676908
0.0013644267,-0.028431252,-0.013690554
0.0011122833,-0.028553026,-0.0111588
0.0007926455,-0.02866277,-0.007955248
0.00044763024,-0.02876391,-0.0045137974
0.00015106419,-0.028813234,-0.001552861
-0.00011927642,-0.02882746,0.0011536046
-0.00039472224,-0.028776374,0.003921265
-0.0007265864,-0.02862249,0.007268846
-0.0010255574,-0.028495573,0.010268287
-0.0012591396,-0.028369974,0.012617132
-0.0015490828,-0.028218249,0.015538164
-0.0018791393,-0.028040888,0.018853083
-0.0021562236,-0.027834736,0.02161506
-0.0024494277,-0.027602226,0.024549892
-0.0028241142,-0.027358193,0.028303815
-0.00307304,-0.027097581,0.03078066
-0.0032618856,-0.026869241,0.032654744
-0.0034862333,-0.026586726,0.03489674
-0.003704504,-0.02630593,0.03707055
-0.003854699,-0.026110355,0.038566567
-0.0040367544,-0.025835518,0.04039103
-0.004270012,-0.02545417,0.042720526
-0.0045349067,-0.024989855,0.045378458
-0.0048347577,-0.024487222,0.048386775
-0.005091059,-0.02397294,0.050953347
-0.0053657936,-0.02341815,0.05371222
-0.0055672284,-0.022953749,0.055746477
-0.005779862,-0.02239138,0.05788555
-0.00599274,-0.021784622,0.060021266
-0.0062197433,-0.021120312,0.062291946
-0.0064979163,-0.020476328,0.06505155
-0.006718497,-0.019775338,0.06724338
-0.006859894,-0.01923876,0.06864805
-0.007003057,-0.018714868,0.070068255
-0.00718547,-0.017969182,0.07189765
-0.0073730447,-0.017208558,0.0737861
-0.0075421087,-0.016447708,0.075479686
-0.0077026216,-0.015674783,0.07709214
-0.007804615,-0.015077454,0.07811099
-0.007914572,-0.014469447,0.07921302
-0.008057715,-0.01369672,0.08065595
-0.008167581,-0.013038326,0.08175978
-0.008280059,-0.0123620145,0.08288105
-0.0084152175,-0.011386932,0.08423755
-0.0085203545,-0.010700395,0.08529147
-0.008659979,-0.009765023,0.08667387
-0.0087520555,-0.008863691,0.087566584
-0.008841305,-0.007805468,0.08844131
-0.0089207785,-0.0067934864,0.08923118
-0.008980461,-0.005876611,0.08982351
-0.009019679,-0.0049271197,0.09019851
-0.00906297,-0.0040324884,0.090640604
-0.00909286,-0.00322215,0.09094346
-0.009099934,-0.0024990984,0.09101474
-0.009101499,-0.0013450979,0.09105089
-0.009094904,-0.00058045454,0.09101489
-0.009081024,0.00012281156,0.090886004
-0.009082831,0.0010786846,0.090907164
-0.009063395,0.0020222685,0.09070394
-0.009025279,0.0029598936,0.09033341
-0.008986007,0.003834431,0.08993545
-0.008915148,0.004868834,0.08921479
-0.008864664,0.005688574,0.08870531
-0.008802355,0.006428255,0.08809031
-0.008718683,0.007370731,0.087280326
-0.0086133415,0.008234722,0.086252026
-0.008551551,0.008871242,0.08567059
-0.008506409,0.009422429,0.085216284
-0.008388753,0.01033588,0.08402347
-0.008257176,0.011175943,0.08271311
-0.008111927,0.012177302,0.08126129
-0.007949668,0.0130108455,0.07964972
-0.007801167,0.013946463,0.07817085
-0.007607075,0.014775093,0.07624176
-0.0074945935,0.015487191,0.07511646
-0.0073342957,0.01628006,0.073503524
-0.0071620713,0.017042294,0.07176658
-0.007130326,0.017907519,0.07142584
-0.006959806,0.018544057,0.069706835
-0.0067875753,0.019144991,0.06798133
-0.006529306,0.020049369,0.06539989
-0.006346588,0.020666083,0.063586265
-0.0061364016,0.02128009,0.061487
-0.0059246426,0.021863036,0.05936645
-0.005686938,0.022492908,0.05698573
-0.005446397,0.023083182,0.05457243
-0.0051116254,0.023653211,0.051204026
-0.004984988,0.023972144,0.049945727
-0.0047306637,0.024470579,0.047412466
-0.004440752,0.025037788,0.044519916
-0.0041848756,0.025405105,0.041953642
-0.0039633387,0.025706641,0.039736904
-0.0036945967,0.02609232,0.037037537
-0.0033928012,0.026505359,0.0339949
-0.0031172927,0.02682966,0.031218844
-0.0027633496,0.0270742,0.027665045
-0.0024461509,0.027419072,0.024504356
-0.002127239,0.027653443,0.021315174
-0.0018540559,0.02784575,0.018593734
-0.0014826568,0.02808475,0.014869788
-0.001171706,0.02823393,0.01175681
-0.00083109835,0.028396916,0.008336351
-0.00047630857,0.028506558,0.004766575
-0.00023019567,0.02849466,0.0023051035
0.00013029316,0.028586471,-0.0013180494
0.00045780922,0.028564474,-0.0046056835
0.0007355079,0.028515726,-0.00738559
0.001020686,0.0282772,-0.010220777
0.0012633865,0.028220039,-0.012640737
0.0014965192,0.02808853,-0.014969361
0.0017864626,0.027940463,-0.01785929
0.0020827465,0.027747132,-0.02081367
0.0024455427,0.027557457,-0.024432605
0.0027238429,0.027253162,-0.027174408
0.0029994044,0.026950307,-0.029905947
0.0032662707,0.026635382,-0.032557588
0.0035060924,0.026294403,-0.03494086
0.0037544165,0.025965462,-0.0374143
0.0040715053,0.025544308,-0.04057172
0.004359338,0.025096882,-0.04343146
0.0045214547,0.024682295,-0.045036666
0.0047278693,0.024235545,-0.047100656
0.004933267,0.023797028,-0.049151275
0.0051981905,0.02323847,-0.051821616
0.00543008,0.022686085,-0.054130387
0.005663848,0.022112302,-0.056466848
0.0057709324,0.02164765,-0.05754711
0.005904896,0.021322994,-0.05891092
0.0060796035,0.020868659,-0.06067249
0.006226553,0.020353869,-0.062156014
0.0063954988,0.01991668,-0.06382881
0.0065860283,0.01927196,-0.06571552
0.006795262,0.018533014,-0.06780696
0.0069411863,0.017955678,-0.06928337
0.007103157,0.017456785,-0.07093514
0.007278025,0.016801186,-0.07268484
0.0074370774,0.016096195,-0.074300796
0.0076129492,0.0152828535,-0.07611341
0.007757922,0.014576901,-0.07760259
0.007900721,0.013839838,-0.07906505
0.008033887,0.013070326,-0.080406584
0.008163232,0.012316666,-0.08170602
0.008300864,0.011385473,-0.083090685
0.008433137,0.010432843,-0.084414646
0.008532464,0.00968184,-0.08540751
0.008611859,0.0089083975,-0.08620734
0.0087255025,0.007976108,-0.087364495
0.00881174,0.0070735486,-0.0882423
0.008869017,0.0062863287,-0.088827394
0.00894281,0.0053315726,-0.08956131
0.008990776,0.0044557876,-0.090010084
0.009003274,0.003717185,-0.09009211
0.009055784,0.0029679174,-0.09058278
0.009101,0.0021100147,-0.09097751
0.009108054,0.0012677476,-0.0910309
0.009100417,9.757601e-05,-0.09096958
0.009107035,-0.00075373665,-0.09108193
0.009090002,-0.0013774923,-0.090928614
0.009070461,-0.002212754,-0.09071181
0.008984757,-0.0029618852,-0.089813285
0.008970272,-0.0036924782,-0.08964622
0.008930575,-0.0045795394,-0.08925168
0.008893256,-0.005259594,-0.08892121
0.008833524,-0.0059502893,-0.088364825
0.008734848,-0.006842365,-0.087353855
0.008687403,-0.0075530675,-0.086866915
0.008624201,-0.008418217,-0.086212404
0.008485311,-0.009611023,-0.08485413
0.008395675,-0.010532347,-0.08398528
0.0082751205,-0.011432528,-0.082772546
0.00815677,-0.012326706,-0.0815617
0.008019009,-0.013154041,-0.08015981
0.007823637,-0.014187266,-0.07820395
0.007669391,-0.015026249,-0.07669946
0.00756454,-0.01564634,-0.07564132
0.007462204,-0.01639279,-0.074555516
0.007261037,-0.017250989,-0.0725307
0.007073993,-0.01805546,-0.07068141
0.006869665,-0.018840237,-0.06866209
0.006687616,-0.019540222,-0.06685941
0.006463831,-0.020114109,-0.06463568
0.006305598,-0.020686742,-0.063052066
0.0060994173,-0.021370681,-0.060988966
0.0058247717,-0.022159755,-0.05824834
0.00557039,-0.022600707,-0.05570189
0.005347165,-0.023215156,-0.05349207
0.0051083965,-0.023831509,-0.051124074
0.0048504835,-0.024553033,-0.04853155
0.0045977402,-0.025075652,-0.04599718
0.004301725,-0.025619715,-0.0430391
0.0040092976,-0.026083231,-0.040130917
0.003800904,-0.026360806,-0.03806604
0.0035413764,-0.026738103,-0.035471812
0.0032206927,-0.02711174,-0.032281354
0.002988196,-0.027410751,-0.02994453
0.0026921201,-0.027714318,-0.02697298
0.0023829779,-0.028009504,-0.02387764
0.0021088608,-0.028230326,-0.021118952
0.001839963,-0.028407998,-0.018406337
0.0015500638,-0.028591875,-0.015491916
0.0011949778,-0.028823042,-0.011952417
0.0008726981,-0.028964303,-0.008738479
0.0006109448,-0.029073847,-0.006115565
0.00041358173,-0.029119939,-0.0041317907
0.00013654098,-0.029128332,-0.0013511477
-0.00016097765,-0.029134883,0.0016112882
-0.0004938646,-0.029187711,0.004911513
-0.00077588996,-0.029123079,0.0077328132
-0.0010523226,-0.029008482,0.010510327
-0.0013947445,-0.02892533,0.013925763
-0.0017366419,-0.028719954,0.017350266
-0.0020190096,-0.028491478,0.020165475
-0.0023475136,-0.028148519,0.02347483
-0.002637722,-0.027877875,0.026385764
-0.002865829,-0.027638558,0.028678143
-0.0031366101,-0.027327523,0.031391673
-0.003381094,-0.027011238,0.033843156
-0.0036261445,-0.026673557,0.036302023
-0.0038759355,-0.026304431,0.03880684
-0.004120255,-0.025921825,0.041249022
-0.0043125,-0.025538892,0.043171965
-0.0045218165,-0.02516489,0.045292318
-0.0047478974,-0.024733042,0.04755852
-0.004987052,-0.024237724,0.049950454
-0.00521253,-0.02375788,0.0522107
-0.005431547,-0.023252662,0.054382488
-0.0056770877,-0.02264073,0.056835975
-0.0059090164,-0.022053692,0.059156135
-0.006135662,-0.021442365,0.061413523
-0.006303821,-0.020954031,0.06307382
-0.006474277,-0.0204919,0.064765416
-0.0066738045,-0.019873522,0.06673813
-0.006813593,-0.019313635,0.0680992
-0.006968895,-0.018780444,0.069649026
-0.0071559884,-0.018096443,0.07151048
-0.007297802,-0.017584654,0.07293317
-0.007444988,-0.016857823,0.07441038
-0.0076165865,-0.016075252,0.07613513
-0.007793071,-0.01519112,0.07790593
-0.008012253,-0.014145772,0.08010513
-0.008160409,-0.013307028,0.08161468
-0.008285545,-0.0125159705,0.08288188
-0.008422461,-0.011652798,0.08425367
-0.008560269,-0.010714212,0.08563414
-0.008654831,-0.009871733,0.08658736
-0.008771349,-0.008949493,0.08776931
-0.008849083,-0.008100493,0.08853366
-0.008923071,-0.007339413,0.089269385
-0.008985371,-0.006510908,0.089888416
-0.009046298,-0.0056969826,0.090479106
-0.009084762,-0.004902273,0.09086826
-0.009125868,-0.0040238462,0.09127783
-0.009164931,-0.0033756662,0.09167342
-0.009190807,-0.0025571717,0.091933265
-0.009209082,-0.0016904472,0.092127256
-0.0091718715,-0.00081367313,0.091748595
-0.009186223,8.510319e-05,0.09190458
-0.009181186,0.00090661424,0.091853335
-0.0091614695,0.0018557869,0.09164665
-0.009111207,0.0025793489,0.09113298
-0.009069143,0.0033899678,0.090708874
-0.009020982,0.0044624554,0.09022324
-0.008983996,0.0053856415,0.08985468
-0.008924992,0.006289074,0.089279845
-0.008866852,0.007256003,0.088709205
-0.008745098,0.008353388,0.087481275
-0.008658515,0.009083683,0.08662855
-0.008563341,0.009936846,0.08569131
-0.008442898,0.010808962,0.08451266
-0.008356994,0.011431277,0.0836859
-0.008212945,0.012284449,0.082269266
-0.008028752,0.013314332,0.080450416
-0.007910347,0.014020932,0.07927447
-0.007786187,0.014688008,0.07801776
-0.007633837,0.015475851,0.0764764
-0.0074850824,0.016140321,0.07496979
-0.0073388913,0.01674333,0.07349442
-0.0071676336,0.017465953,0.07176825
-0.006993134,0.018184982,0.07000633
-0.006801541,0.018876906,0.0680756
-0.0065277074,0.019563459,0.065307
-0.006321078,0.020352516,0.06325048
-0.006078373,0.021090178,0.06083225
-0.0058577033,0.021714479,0.05864347
-0.005660483,0.022250092,0.056680754
-0.0054199863,0.022810077,0.054278847
-0.005079665,0.023482785,0.050870053
-0.0047633555,0.02417808,0.04771531
-0.004516216,0.024642684,0.045262206
-0.00427228,0.025072908,0.0428446
-0.0040956247,0.025364289,0.04109798
-0.00379908,0.025823139,0.03813079
-0.0036607566,0.0261271,0.03674406
-0.0033533191,0.026594993,0.0336664
-0.0030380692,0.02695044,0.030485116
-0.0027070171,0.02728805,0.02715116
-0.0023731762,0.027619507,0.023797443
-0.0020201732,0.02781043,0.020250421
-0.001731399,0.028058242,0.01734419
-0.0014292235,0.028235804,0.014305524
-0.0010614292,0.028364332,0.010606699
-0.0007193306,0.02836567,0.0071669836
-0.00041978515,0.028434515,0.0041585593
-9.100042e-05,0.028470563,0.00084593747
0.00019321768,0.028456533,-0.0020134295
0.0005244552,0.028420774,-0.0053227004
0.00080491015,0.028356735,-0.008126654
0.0011112023,0.028237587,-0.011174451
0.0013920745,0.028070925,-0.013960874
0.0016926669,0.027879238,-0.016942356
0.0019260411,0.027627045,-0.019239597
0.0023153373,0.02731794,-0.023123492
0.0026951912,0.027120374,-0.02690796
0.0030566552,0.026649855,-0.030515004
0.0033713938,0.02631213,-0.033616014
0.0036595012,0.025934855,-0.03647939
0.0038653375,0.025584446,-0.0385191
0.004112057,0.025193822,-0.04097437
0.0043295585,0.024838984,-0.043137528
0.0045375614,0.024494242,-0.045195486
0.0047830353,0.02399056,-0.0476336
0.005005397,0.023558235,-0.04984272
0.0052616205,0.023020323,-0.052391835
0.005482928,0.022453837,-0.05460747
0.005736203,0.021783782,-0.057172637
0.0059438385,0.02123412,-0.059258226
0.0060977316,0.020786962,-0.060822506
0.0063010063,0.020205205,-0.06287604
0.006532893,0.019456211,-0.06523643
0.006692454,0.018891674,-0.066833116
0.0068733087,0.018221462,-0.06865375
0.0070778676,0.017419029,-0.07072356
0.0072541507,0.016743938,-0.07248257
0.0073902276,0.016108077,-0.07385165
0.007567752,0.0152900955,-0.0756482
0.0077309706,0.01460633,-0.07733645
0.007869882,0.013886228,-0.07875614
0.008003665,0.013148683,-0.08008601
0.008123688,0.012400806,-0.0812986
0.008265226,0.011519716,-0.08273083
0.008395508,0.010655247,-0.084031224
0.008476911,0.00995846,-0.08483209
0.008579228,0.009080932,-0.085882455
0.008668727,0.008332218,-0.086786896
0.008740534,0.0076995604,-0.08750429
0.008782779,0.0072443043,-0.08790946
0.008882206,0.0061944393,-0.088934354
0.008930861,0.0053575374,-0.08944922
0.008974154,0.004439419,-0.08991192
0.009049271,0.0033483137,-0.090639375
0.009081283,0.0025143535,-0.090890065
0.009065483,0.0018573252,-0.09069804
0.009092251,0.0009065905,-0.09099107
0.009101639,-0.000120392375,-0.091062285
0.009088313,-0.0009970997,-0.09089363
0.009052465,-0.0021672708,-0.09050984
0.009046293,-0.003210612,-0.09048392
0.009005101,-0.004076338,-0.090078846
0.008963221,-0.0049207467,-0.089620985
0.008920451,-0.0057574636,-0.08914781
0.008893387,-0.006589772,-0.088855416
0.008817841,-0.0075095277,-0.088120006
0.00874351,-0.008331289,-0.08736643
0.008661421,-0.009148595,-0.08656283
0.008530859,-0.010116072,-0.08525519
0.008416513,-0.01104153,-0.08414295
0.0083579775,-0.011667612,-0.08355919
0.008178092,-0.012559011,-0.08173557
0.008068581,-0.013391855,-0.080638126
0.007925462,-0.0142703885,-0.079187006
0.0077406024,-0.015292278,-0.077344194
0.007585394,-0.016046844,-0.075794466
0.0073453696,-0.017111383,-0.073369704
0.007182622,-0.01785865,-0.071744405
0.0070435177,-0.01844915,-0.0703381
0.006900271,-0.0189059,-0.068910874
0.0066783675,-0.019639019,-0.0666839
0.006516659,-0.02025929,-0.06507665
0.006311099,-0.020931669,-0.06302228
0.006089603,-0.021651689,-0.06083521
0.0058798576,-0.022387868,-0.058728617
0.00572977,-0.023023343,-0.05722053
0.005536734,-0.023461834,-0.055323876
0.005331355,-0.0239889,-0.053269174
0.0051139016,-0.024466032,-0.051115748
0.004827876,-0.025032947,-0.04827204
0.004646103,-0.025385598,-0.046457853
0.0044170776,-0.025814861,-0.04416705
0.0041143363,-0.026277756,-0.041140296
0.0037763724,-0.026776519,-0.037764393
0.0034140996,-0.027294442,-0.03414945
0.0031630234,-0.027657805,-0.03164052
0.0028505134,-0.028022235,-0.028529573
0.0026417654,-0.028319664,-0.026456991
0.0023418101,-0.028556608,-0.02345618
0.0020641838,-0.02877713,-0.02068242
0.0017313688,-0.029006757,-0.017364686
0.0014645979,-0.029173538,-0.014691536
0.0011605396,-0.029301312,-0.011644701
0.00085217605,-0.029362421,-0.008553494
0.0005139556,-0.0294404,-0.0051719355
0.00022560843,-0.029483689,-0.0023005768
-5.9962476e-05,-0.029469268,0.0005696896
-0.0004023241,-0.02946301,0.003998095
-0.0006995851,-0.029423626,0.006965395
-0.001022461,-0.029339036,0.010183579
-0.0013164986,-0.0292498,0.013121837
-0.0015591829,-0.029091816,0.015553731
-0.0018053709,-0.028915787,0.01803895
-0.0021253638,-0.028664205,0.02126114
-0.0024097073,-0.028423935,0.024110327
-0.0026873806,-0.028181447,0.026893206
-0.003004244,-0.0278518,0.030064035
-0.0033519212,-0.027414681,0.0335538
-0.003669239,-0.026987594,0.036733616
-0.0039230655,-0.026614387,0.03926231
-0.0041482216,-0.026290776,0.04151054
-0.0044462215,-0.025817797,0.044500526
-0.0047386326,-0.025293304,0.047434323
-0.004970558,-0.02483432,0.04975147
-0.005221318,-0.024310537,0.052253753
-0.0054208343,-0.023798464,0.054239493
-0.00565872,-0.023203136,0.056641474
-0.005861694,-0.022651147,0.05866493
-0.006032526,-0.022170443,0.060359206
-0.0062576607,-0.02157488,0.06260503
-0.006462751,-0.020951511,0.06466882
-0.006695207,-0.02022813,0.0670129
-0.006833598,-0.019724576,0.068395056
-0.007021619,-0.01900402,0.07028175
-0.0071969354,-0.018330079,0.07205309
-0.0074003306,-0.017592913,0.07407669
-0.007567685,-0.016848644,0.075746946
-0.0077276947,-0.016110865,0.07734528
-0.007845219,-0.015425659,0.078502305
-0.007970419,-0.014848409,0.07975389
-0.008095487,-0.0141300475,0.080994666
-0.008231263,-0.01332577,0.08234252
-0.008376847,-0.012262095,0.08378632
-0.008500921,-0.011409163,0.08503745
-0.0085768765,-0.010784219,0.08579755
-0.00867814,-0.009924241,0.08681038
-0.008728172,-0.009241157,0.08731202
-0.008823394,-0.0083091995,0.088266686
-0.008877351,-0.0076642185,0.08881145
-0.0089317355,-0.0068795234,0.08936283
-0.009001278,-0.0057472424,0.09006564
-0.009045551,-0.0052015986,0.090544954
-0.009082575,-0.004346612,0.090929575
-0.0091134515,-0.003538874,0.09124886
-0.009134648,-0.0028026414,0.09147325
-0.009131893,-0.0018760436,0.09145646
-0.009159789,-0.0011185602,0.091750614
-0.009165117,-0.0002724546,0.09180357
-0.009154109,0.00054890773,0.091682546
-0.009154301,0.0016436409,0.09165869
-0.009133193,0.0024464421,0.09143669
-0.009089458,0.003698293,0.090988494
-0.009035667,0.004550602,0.09043682
-0.008975838,0.0054745283,0.08982716
-0.0089151105,0.0064384495,0.089221194
-0.00879888,0.0073317694,0.08806148
-0.008736928,0.008297135,0.087464035
-0.008655427,0.009095244,0.08666724
-0.008517416,0.010146513,0.08529273
-0.008382005,0.011047772,0.083951935
-0.008259672,0.011939301,0.08274141
-0.008108277,0.012902556,0.08121947
-0.007985912,0.013637389,0.07998739
-0.007863786,0.014330116,0.078754835
-0.0077445344,0.014888489,0.07756145
-0.007591006,0.015649714,0.076021776
-0.007444514,0.016377386,0.074561104
-0.007269762,0.017099509,0.07282959
-0.007085751,0.017848441,0.070982136
-0.006899587,0.01853873,0.069123596
-0.006718731,0.019221213,0.06734399
-0.006506828,0.019951569,0.06524839
-0.0063210996,0.020539893,0.063394226
-0.0061354614,0.021159938,0.061519496
-0.0059847217,0.021620262,0.060003832
-0.0057355897,0.022305883,0.057496097
-0.005546266,0.022692584,0.05558839
-0.0053314567,0.023187969,0.053420894
-0.00515213,0.023643207,0.051618516
-0.004928839,0.024100248,0.04937965
-0.0046302043,0.024520908,0.046377994
-0.0043174755,0.02517193,0.04324677
-0.004078814,0.025574569,0.04086391
-0.003884173,0.025899014,0.03892955
-0.0035667764,0.026355062,0.03574061
-0.0033516753,0.026617488,0.03358932
-0.003071372,0.026942374,0.03077733
-0.002899053,0.027158873,0.029051125
-0.0027022688,0.027365172,0.02708248
-0.0024318462,0.027623152,0.024371918
-0.0021520052,0.027821815,0.021564893
-0.0018755184,0.028001934,0.018795833
-0.0016261867,0.028145848,0.01629686
-0.001300653,0.028302178,0.013030268
-0.0010394992,0.028397657,0.010406779
-0.0006746791,0.028569238,0.006743482
-0.000412751,0.028600063,0.004111777
-7.0742826e-05,0.02864913,0.00067177013
0.0002685786,0.028658006,-0.0027523395
0.0006254164,0.028636571,-0.0063325823
0.00088779273,0.028556088,-0.008965236
0.0011622857,0.028440064,-0.011713445
0.001513653,0.028319644,-0.015231981
0.0017639623,0.028163603,-0.01774048
0.002039312,0.02793965,-0.020486124
0.0023565362,0.027645214,-0.023630554
0.002612336,0.027396664,-0.026178537
0.0028742156,0.027111577,-0.028785612
0.0031861658,0.026779527,-0.0318884
0.0034350697,0.026459862,-0.034362197
0.003755744,0.02603506,-0.03753809
0.004035435,0.025561828,-0.04031312
0.0042212727,0.025307067,-0.04214515
0.004458343,0.02485241,-0.04449435
0.0047697444,0.024262086,-0.047579132
0.005010307,0.02374685,-0.049969997
0.0052970815,0.023141092,-0.05282744
0.005520363,0.022603821,-0.055059526
0.0057689627,0.021992262,-0.05756731
0.0059935213,0.021378316,-0.05984084
0.006135079,0.021021662,-0.061274197
0.006401177,0.020263055,-0.06394507
0.0066266563,0.019507453,-0.06619114
0.006816914,0.018824019,-0.06808291
0.007025703,0.018083572,-0.07017284
0.007179834,0.017472403,-0.071710534
0.00734915,0.01668229,-0.07339393
0.0075265225,0.015849246,-0.07518367
0.0077321706,0.014929236,-0.07728597
0.007878387,0.014081585,-0.07880834
0.008022428,0.013169624,-0.080339566
0.008114779,0.012731292,-0.08130367
0.008255455,0.011813698,-0.08267171
0.0083543155,0.011158579,-0.08354451
0.008453802,0.010361604,-0.08445906
0.008547851,0.009823307,-0.08538093
0.008652442,0.008774206,-0.086424656
0.00873365,0.00784047,-0.08726177
0.008789459,0.007550107,-0.08786078
0.008831969,0.0069777365,-0.088385426
0.008896487,0.0059394967,-0.08912671
0.008923832,0.0054189824,-0.08944432
0.008955485,0.0045806244,-0.08971157
0.008983769,0.0037712445,-0.08997667
0.009066995,0.0022420909,-0.090815686
0.009069982,0.001646657,-0.090853125
0.009080846,0.001227216,-0.09091519
0.009066662,-1.908897e-05,-0.09069713
0.009125331,-0.00011284258,-0.09135108
0.009139577,-0.0009379033,-0.09147044
0.009104488,-0.001976112,-0.09111311
0.009050471,-0.0028316884,-0.09056078
0.00899783,-0.0038369508,-0.089922264
0.008982205,-0.004208394,-0.08957971
0.0088871205,-0.0054521714,-0.088565595
0.008850551,-0.005800165,-0.08820474
0.008771874,-0.008095537,-0.08756589
0.008666377,-0.008686804,-0.08658803
0.008522854,-0.009806385,-0.08515685
0.0083150575,-0.011386156,-0.08301404
0.00851722,-0.011469798,-0.08479692
0.008806661,-0.010477049,-0.08777424
0.008684001,-0.011460558,-0.086540595
0.008529051,-0.012136662,-0.08497234
0.008907237,-0.010369684,-0.08896626
0.008674651,-0.011885403,-0.086627506
0.008951849,-0.010544814,-0.08951583
0.008996613,-0.009782727,-0.0898762
