x1,v1,a1
0.01,0.0,-0.1
0.009995001249687578,-0.0009997500624844835,-0.0999500124968967
0.009980009996251246,-0.0019985006247818377,-0.09980009996257413
0.009955041227197564,-0.0029952531859545745,-0.09955041227197323
0.009920119905054954,-0.0039890112425673705,-0.09920119905058591
0.009875280942417412,-0.0049787812849411825,-0.0987528094241765
0.009820569167040634,-0.00596357379041429,-0.09820569167044504
0.009756039277025471,-0.006942404212618297,-0.0975603927703563
0.009681755786133495,-0.007914293965776906,-0.09681755786136528
0.00959779295928937,-0.00887827140304831,-0.09597792959291548
0.009504234738334477,-0.009833372787930103,-0.09504234738344322
0.009401174658106061,-0.010778643257753144,-0.09401174658116493
0.009288715752925768,-0.011713137778305429,-0.09288715752929202
0.009166970453591083,-0.012635922088631572,-0.09166970453593667
0.009036060474972624,-0.013546073635060243,-0.09036060474979737
0.008896116694329693,-0.014442682493525861,-0.08896116694332609
0.008747279020465733,-0.01532485227926615,-0.08747279020473189
0.008589696253854489,-0.016191701042982818,-0.08589696253860166
0.008423525937876727,-0.017042362152569487,-0.08423525937873236
0.008248934201316234,-0.017875985159529144,-0.08248934201319888
0.008066095592272544,-0.018691736649208833,-0.08066095592273917
0.007875192903656472,-0.019488801074005548,-0.07875192903660364
0.007676416990442889,-0.020266381568711026,-0.07676416990449211
0.007469966578863451,-0.02102370074717667,-0.07469966578863649
0.007256048067730035,-0.021760001479506436,-0.07256048067731682
0.007034875322087514,-0.022474547648997808,-0.07034875322095765
0.00680666945940216,-0.023166624888073018,-0.06806669459408446
0.0065716586284994515,-0.02383554129246869,-0.06571658628504992
0.0063300777814722705,-0.024480628112967504,-0.06330077781471302
0.00608216843878753,-0.02510124042398052,-0.060821684387890124
0.00582817844782607,-0.025696757768311495,-0.058281784478304594
0.0055683617350972235,-0.026266584777457875,-0.055683617350971354
0.0053029780523757755,-0.02681015176683174,-0.05302978052380161
0.005032292717015109,-0.027326915305301628,-0.050322927170175696
0.0047565763466961624,-0.027816358758487602,-0.047565763467019045
0.004476104588877391,-0.028277992805266657,-0.04476104588879168
0.0041911578452162,-0.02871135592697157,-0.04191157845219087
0.0039020209912373695,-0.029116014868794535,-0.03902020991240193
0.0036089830915287317,-0.02949156507293302,-0.0360898309152953
0.003312337110748831,-0.029837631083047128,-0.033123371107525806
0.0030123796207354872,-0.030153866919621613,-0.03012379620737085
0.002709410504008084,-0.030439956425859,-0.027094105040107203
0.002403732653960001,-0.030695613583757598,-0.02403732653961213
0.0020956516720409247,-0.030920582800057696,-0.020956516720407742
0.0017854755622317797,-0.031114639161771304,-0.017854755622313895
0.0014735144231177292,-0.031277588661038795,-0.014735144231184244
0.0011600801378670949,-0.03140926838908808,-0.011600801378672393
0.0008454860624261409,-0.031509546699102726,-0.00845486062425757
0.0005300467122414468,-0.0315783233378361,-0.0053004671224164135
0.00021407744782306955,-0.03161552954583935,-0.002140774478234214
-0.0001021058405371455,-0.031621128126203664,0.001021058405371783
-0.0004181870485769036,-0.031595113481747955,0.004181870485770595
-0.0007338501740887166,-0.03153751162061465,0.00733850174089043
-0.00104877963284313,-0.03144838013026803,0.010487796328432913
-0.0013626605740940756,-0.03132780811992108,0.013626605740957282
-0.0016751791953509246,-0.03117591613144874,0.01675179195351098
-0.0019860230561025483,-0.030992856018876008,0.019860230561035558
-0.002294881390179737,-0.030778810796561716,0.022948813901822823
-0.0026014454164436976,-0.03053399445623042,0.02601445416443668
-0.002905408647490018,-0.030258651753033685,0.029054086474910285
-0.003206467196059467,-0.029953057960856087,0.032064671960609
-0.003504320078849301,-0.02961751859711067,0.0350432007884747
-0.00379866951742134,-0.02925236911729715,0.03798669517422845
-0.0040892212359059784,-0.028857974579630557,0.04089221235909071
-0.004375684755204505,-0.028434729280074796,0.04375684755206152
-0.004657773683395602,-0.02798305635814454,0.0465777368339895
-0.004935206002055683,-0.02750340737387169,0.04935206002058032
-0.005207704348206833,-0.026996261856358266,0.05207704348210476
-0.00547499629161046,-0.026462126824367167,0.054749962916114975
-0.005736814607129446,-0.025901536279430117,0.05736814607129495
-0.005992897541886493,-0.025315050671979172,0.059928975418894276
-0.006242989076951574,-0.02470325634103699,0.062429890769542445
-0.0064868391832968815,-0.02406676492802458,0.0648683918329391
-0.006724204071763363,-0.023406212765271675,0.06724204071764198
-0.006954846436788941,-0.022722260239843927,0.06954846436790782
-0.007178535693654767,-0.02201559113332135,0.07178535693660762
-0.007395048209012311,-0.021286911938187502,0.07395048209016239
-0.007604167524460818,-0.020536951151513803,0.07604167524457764
-0.007805684572951604,-0.019766458546643405,0.07805684572950164
-0.007999397887802849,-0.01897620442360555,0.07999397887806928
-0.008185113804115922,-0.018166978839009154,0.08185113804120989
-0.008362646652391883,-0.01733959081618304,0.08362646652401298
-0.008531818944154574,-0.016494867536355123,0.08531818944156996
-0.008692461549394737,-0.015633653511677396,0.0869246154939756
-0.008844413865657747,-0.014756809740924784,0.08844413865654663
-0.008987523978605931,-0.013865212848711997,0.08987523978601078
-0.009121648813894925,-0.012959754209086719,0.0912164881390449
-0.009246654280212261,-0.012041339054380559,0.09246654280218716
-0.009362415403335178,-0.011110885570202853,0.0936241540333542
-0.009468816451073604,-0.010169323977482166,0.09468816451078335
-0.00956575104897341,-0.009217595602479027,0.09565751048984425
-0.009653122286664288,-0.008256651935696654,0.09653122286663021
-0.009730842814745901,-0.007287453680625952,0.09730842814751026
-0.009798834932115441,-0.006310969793282154,0.09798834932124925
-0.009857030663649319,-0.005328176513493316,0.09857030663651842
-0.009905371828161298,-0.004340056388902495,0.0990537182816458
-0.009943810096569139,-0.003347597292665725,0.09943810096570835
-0.0099723070402116,-0.00235179143582636,0.09972307040216458
-0.009990834169267491,-0.0013536343753519989,0.09990834169270765
-0.009999372961238385,-0.0003541240188268055,0.09999372961233102
-0.009997914879466477,0.0006457403732084074,0.09997914879471156
-0.009986461381669106,0.0016449591862657612,0.09986461381675918
-0.009965023918481409,0.0026425334512737222,0.09965023918483304
-0.009933623922008547,0.003637465843298723,0.09933623922016713
-0.009892292784398952,0.0046287616786201205,0.09892292784411236
-0.009841071826460032,0.005615429909163938,0.098410718264651
-0.009780012256347689,0.006596484113304703,0.0978001225635021
-0.009709175118370961,0.007570943482040887,0.09709175118373484
-0.009628631231962967,0.008537833799558013,0.0962863123196904
-0.009538461120879173,0.009496188417200733,0.09538461120885369
-0.00943875493269377,0.010445049219879824,0.09438754932696433
-0.00932961234867463,0.011383467583948158,0.09329612348670249
-0.009211142484126949,0.012310505325588085,0.09211142484128285
-0.009083463779305207,0.013225235638760269,0.09083463779315373
-0.008946703881002523,0.014126744021776563,0.08946703881010507
-0.00880099951493577,0.015014129191574093,0.08800999514940092
-0.00864649634905403,0.015886503984773745,0.0864649634905292
-0.008483348847907052,0.016742996244621996,0.08483348847912112
-0.008311720118219299,0.0175827496929286,0.08311720118220009
-0.008131781745824003,0.018404924786130636,0.08131781745820657
-0.00794371362412021,0.019208699554627853,0.07943713624123713
-0.007747703774224343,0.019993270424545514,0.07747703774229489
-0.007543948156996081,0.020757853021106953,0.07543948156999278
-0.0073326504771264785,0.021501682952813548,0.0733265047713261
-0.007114021979484187,0.02222401657564472,0.071140219794908
-0.0068882812379233846,0.022924131736515817,0.06888281237931196
-0.0066556539367645514,0.023601328495250807,0.06655653936768566
-0.006416372645166558,0.024254929824347835,0.06416372645172011
-0.006170676584615633,0.02488428228583726,0.06170676584616494
-0.0059188113897636644,0.0254887566845564,0.0591881138976629
-0.005661028862854945,0.026067748697187518,0.05661028862856085
-0.0053975867219868585,0.02662067947642974,0.05397586721988404
-0.005128748343456199,0.027146996229702153,0.051287483434598186
-0.0048547824984487,0.027646172771797647,0.04854782498450064
-0.0045759630843350265,0.02811771005093705,0.04575963084338028
-0.004292568850841861,0.02856113664769614,0.042925688508437504
-0.004004883121371845,0.028976009246307024,0.040048831213739006
-0.003713193509750993,0.02936191307786329,0.03713193509751392
-0.00341779163268675,0.029718462334985336,0.03417791632689557
-0.0031189728182241683,0.030045300557531015,0.031189728182240445
-0.002817035810491679,0.030342100988966888,0.02817035810493415
-0.002512282471031628,0.030608566903043276,0.025122824710343467
-0.002205017477014183,0.030844431900445713,0.02205017477014401
-0.0018955480166363131,0.031049460175128257,0.018955480166364752
-0.0015841834820103688,0.031223446750060616,0.01584183482010701
-0.0012712351598492975,0.03136621768215362,0.012712351598494182
-0.0009570159202577346,0.031477630236158974,0.009570159202577172
-0.0006418399039400951,0.031557573027368904,0.006418399039408912
-0.0003260222081383862,0.03160596613297288,0.0032602220813859606
-9.878571613719322e-06,0.0316227611719605,9.878571613811116e-05
0.00030627494101353575,0.03160794135349051,-0.0030627494101367614
0.000622122255249375,0.03156152149367735,-0.0062212225524944376
0.0009373476027216556,0.031483548000778766,-0.00937347602722241
0.0012516358368695453,0.03137409882879917,-0.012516358368696884
0.0015646727480113165,0.031233283399555077,-0.015646727480121997
0.0018761453774754954,0.031061242493280693,-0.018761453774754883
0.002185742330481313,0.030858148107882826,-0.021857423304818796
0.0024931540874556565,0.030624203286985868,-0.024931540874572916
0.0027980733134752816,0.030359641916939167,-0.027980733134767705
0.003100195165524923,0.030064728492989065,-0.031001951655252852
0.0033992175972641166,0.0297397578548497,-0.0339921759726203
0.003694841660998048,0.029385054891936557,-0.03694841661000822
0.003986771806550524,0.029000974218558736,-0.03986771806555581
0.004274716176740287,0.02858789981939378,-0.042747161767435954
0.004558386899165248,0.028146244665598365,-0.0455838689916466
0.004837500374002939,0.027676450301939836,-0.048375003740059624
0.00511177755753945,0.02717898640536244,-0.05111777557541977
0.0053809442411434025,0.02665435031542805,-0.05380944241145855
0.005644731325406045,0.02610306653710047,-0.05644731325405708
0.005902875089173405,0.0255256862163715,-0.05902875089173662
0.006155117453201526,0.024922786589252646,-0.0615511745320341
0.006401206238171209,0.024294970404684,-0.06401206238169507
0.006640895416804304,0.023642865321934957,-0.06640895416811368
0.006873945359829491,0.022967123283102516,-0.0687394535983745
0.007100123075551669,0.022268419861333055,-0.07100123075551792
0.007319202442785414,0.021547453585415897,-0.07319202442791337
0.007530964436919645,0.020804945241430315,-0.07530964436920343
0.007735197348887495,0.020041637152139802,-0.07735197348889919
0.007931696996822465,0.019258292434854142,-0.07931696996823259
0.008120266930189251,0.018455694238503094,-0.08120266930197736
0.008300718626185184,0.017634644960683434,-0.08300718626195483
0.008472871678215914,0.01679596544546256,-0.08472871678222013
0.008636553976256919,0.015940494162738468,-0.08636553976259823
0.008791601878920507,0.01506908636997916,-0.08791601878926311
0.008937860377056302,0.014182613257179752,-0.0893786037706186
0.009075183248721653,0.013281961075890544,-0.09075183248722293
0.009203433205367036,0.012368030253186078,-0.09203433205367009
0.009322482029090282,0.011441734491463108,-0.09322482029092402
0.009432210700822435,0.010503999854967378,-0.0943221070082221
0.009532509519317072,0.00955576384396003,-0.09532509519324758
0.009623278210824133,0.008597974457452258,-0.09623278210830691
0.009704426029338614,0.007631589245443806,-0.0970442602933834
0.009775871847323887,0.006657574351610815,-0.09775871847321474
0.00983754423681896,0.0056769035474039465,-0.09837544236815907
0.009889381540848584,0.004690557258520736,-0.0988938154084831
0.00993133193506481,0.0036995215847245256,-0.0993133193507589
0.009963353479558398,0.002704787313992976,-0.09963353479555107
0.00998541416078824,0.0017073489319755172,-0.09985414160794068
0.009997491923586899,0.0007082036277561894,-0.09997491923592486
0.009999574693210259,-0.0002916497030841282,-0.09999574693213867
0.00999166038740926,-0.0012912114571155913,-0.09991660387415394
0.009973756918511621,-0.0022894823224122356,-0.09973756918517493
0.009945882185511491,-0.003285464277613763,-0.09945882185513047
0.00990806405617493,-0.004278161589698394,-0.09908064056179586
0.009860340339179107,-0.005266581809466274,-0.09860340339178
0.00980275874631307,-0.006249736763741079,-0.09802758746318105
0.009735376844777884,-0.007226643543296285,-0.09735376844786028
0.009658261999633815,-0.008196325485517509,-0.09658261999638437
0.009571491306452113,-0.009157813150822725,-0.09571491306465887
0.009475151514238708,-0.010110145291858295,-0.09475151514245514
0.009369338938706886,-0.011052369814506132,-0.09369338938711216
0.00925415936598565,-0.011983544729741216,-0.09254159365990475
0.009129727946860023,-0.012902739095384,-0.09129727946865199
0.008996169081649054,-0.013809033946809894,-0.08996169081652702
0.008853616295836583,-0.014701523215684367,-0.08853616295836744
0.008702212106579134,-0.015579314635805449,-0.0870221210658488
0.008542107880224376,-0.016441530635146015,-0.08542107880226471
0.008373463680982612,-0.01728730921320688,-0.08373463680990831
0.008196448110902569,-0.018115804802801727,-0.08196448110906143
0.008011238141311496,-0.018926189115412825,-0.08011238141315832
0.007818018935888068,-0.019717651969272765,-0.0781801893588299
0.007616983665544983,-0.020489402099344276,-0.07616983665547192
0.007408333315306325,-0.021240667948387297,-0.0740833331531319
0.007192276483372781,-0.02197069843832147,-0.07192276483370261
0.006969029172575579,-0.022678763721119013,-0.06969029172580601
0.006738814574427636,-0.023364155908469575,-0.06738814574430638
0.006501862845987835,-0.024026189779490552,-0.06501862845988907
0.006258410879761493,-0.02466420346577794,-0.06258410879758866
0.0060087020668670565,-0.025277559113109305,-0.06008702066868413
0.005752986053705819,-0.025865643519138153,-0.0575298605370855
0.005491518492377915,-0.026427868746442627,-0.05491518492380923
0.0052245607850941195,-0.026963672710316515,-0.05224560785096852
0.0049523798228389695,-0.0274725197407135,-0.049523798228428256
0.0046752477185464875,-0.027953901117782905,-0.04675247718545325
0.004393441535055258,-0.028407335580463076,-0.043934415350580985
0.004107243008114833,-0.02883236980762192,-0.041072430081187966
0.0038169382647204033,-0.029228578871263927,-0.03816938264721362
0.003522817537057319,-0.02959556666135296,-0.0352281753705925
0.0032251748723414386,-0.0299329662818231,-0.032251748723435975
0.00292430783884541,-0.03024044041738263,-0.029243078388469818
0.00262051722840477,-0.030517681670745332,-0.02620517228407085
0.0023141067557012895,-0.03076441286995077,-0.023141067557016476
0.0020053827546242004,-0.030980387345467063,-0.020053827546242325
0.0016946538720128703,-0.031165389176798952,-0.016946538720135712
0.0013822307590871056,-0.03131923340835399,-0.013822307590871469
0.0010684257608735753,-0.03144176623435207,-0.010684257608744224
0.0007535526039388513,-0.03153286515259274,-0.007535526039389034
0.00043792608274125373,-0.03159243908692677,-0.004379260827418213
0.00012186174491507176,-0.03162042847830963,-0.0012186174491531088
-0.00019432442419820378,-0.03161680534434548,0.0019432442419822504
-0.0005103163174562449,-0.03158157330726275,0.005103163174563469
-0.0008257980219440223,-0.031514767590292724,0.008257980219442268
-0.0011404541348077615,-0.03141645498245511,0.011404541348081415
-0.0014539700785789658,-0.03128673377178575,0.014539700785789728
-0.0017660324156732598,-0.03112573364707305,0.017660324156750312
-0.0020763291617496337,-0.030933615568201733,0.02076329161751314
-0.0023845500976168088,-0.03071057160523329,0.02384550097617552
-0.0026903870793748928,-0.030456824746383507,0.02690387079378123
-0.0029935343464822625,-0.030172628675090452,0.029935343464829706
-0.0032936888274396857,-0.02985826751639418,0.03293688827442434
-0.0035905504427860696,-0.029514055552882605,0.03590550442789084
-0.0038838224051029224,-0.029140336910487962,0.03883822405103768
-0.004173211515727594,-0.028737485214446325,0.041732115157289335
-0.004458428457878655,-0.028305903215765833,0.04458428457880917
-0.004739188085900367,-0.027846022388576596,0.04739188085903809
-0.005015209710337073,-0.027358302498764583,0.05015209710336446
-0.005286217378552496,-0.02684323114432008,0.05286217378553612
-0.005551940150613404,-0.02630132326786147,0.05551940150618531
-0.0058121123701618226,-0.0257331206418223,0.05812112370164943
-0.006066473930005003,-0.025139191326813765,0.06066473930005703
-0.0063147705321576,-0.024520129103705664,0.06314770532156341
-0.006556753942076098,-0.02387655287999391,0.06556753942078711
-0.00679218223683131,-0.02320910607104844,0.06792182236830666
-0.007020820046970844,-0.022518455956858502,0.07020820046968115
-0.00724243879182973,-0.021805293014918563,0.07242438791830683
-0.0074568169080539435,-0.021070330229924182,0.07456816908056954
-0.007663740071108394,-0.020314302380965918,0.07663740071108346
-0.007863001409547888,-0.01953796530693296,0.07863001409550854
-0.00805440171183687,-0.01874209515086336,0.08054401711841105
-0.008237749625511163,-0.01792748758399521,0.08237749625521953
-0.008412861848482613,-0.017094957010294825,0.0841286184848575
-0.008579563312295365,-0.016245335752255598,0.08579563312298813
-0.008737687357150557,-0.015379473218782708,0.08737687357158982
-0.008887075898524463,-0.014498235055998504,0.0888707589852509
-0.009027579585213512,-0.013602502281811401,0.0902757958521698
-0.00915905794864816,-0.01269317040511816,0.09159057948647867
-0.009281379543326349,-0.011771148530519547,0.09281379543324395
-0.009394422078226156,-0.010837358449441944,0.09394422078227674
-0.00949807253906625,-0.009892733718576817,0.09498072539074862
-0.009592227301291924,-0.008938218726557983,0.09592227301301806
-0.009676792233673757,-0.00797476774980876,0.09676792233682693
-0.00975168279241532,-0.007003343998503794,0.09751682792416608
-0.009816824105675834,-0.006024918653599049,0.09816824105678298
-0.0098721510484233,-0.0050404698958939126,0.0987215104842443
-0.009917608307543246,-0.004050981928095382,0.09917608307546175
-0.009953150437138026,-0.003057443990860738,0.0995315043714671
-0.009978741903961358,-0.0020608493738056384,0.09978741903955288
-0.009994357122942688,-0.001062194422460296,0.09994357122951561
-0.00999998048276586,-6.247754217425061e-05,0.09999980482769347
-0.00999560636147654,0.0009373018000383103,0.09995606361481871
-0.00998123913210276,0.001936144074717668,0.09981239132105282
-0.009956893158282985,0.00293305068923735,0.09956893158288357
-0.00992259277990606,0.003927024986147558,0.09922592779915809
-0.009878372288777412,0.004917073239582288,0.09878372288778789
-0.009824275894335809,0.005902205648738241,0.09824275894340276
-0.009760357679454977,0.006881437327428057,0.09760357679456041
-0.00968668154637424,0.007853789288719413,0.0968668154637107
-0.009603321152812249,0.00881828942367886,0.09603321152817876
-0.009510359838327674,0.009773973473236056,0.09510359838326068
-0.009407890541000481,0.010719885992202595,0.09407890541004701
-0.009296015704517073,0.011655081304479054,0.09296015704524499
-0.009174847175752213,0.012578624448492875,0.09174847175751918
-0.009044506092950107,0.013489592111928381,0.09044506092958218
-0.008905122764616427,0.014387073554807532,0.08905122764624804
-0.008756836539242386,0.015270171520000776,0.0875683653924009
-0.008599795665991068,0.016138003130262705,0.08599795665998486
-0.00843415714648532,0.016989700770886972,0.08434157146486856
-0.008260086577845367,0.01782441295710362,0.08260086577846068
-0.008077757987133085,0.018641305185352754,0.08077757987136638
-0.007887353657368429,0.019439560767578537,0.07887353657379045
-0.007689063945291974,0.020218381647712298,0.0768906394529614
-0.007483087091055762,0.02097698919953015,0.07483087091060889
-0.007269629020032686,0.021714625005085055,0.07269629020037185
-0.007048903136942589,0.022430551612934415,0.0704890313695001
-0.006821130112500882,0.02312405327540699,0.06821130112501542
-0.006586537662802984,0.0237944366641725,0.06586537662808653
-0.00634536032166514,0.024441031563396318,0.06345360321667662
-0.0060978392061492226,0.025063191539787224,0.060978392061504544
-0.005844221775505936,0.025660294588870165,0.05844221775508365
-0.005584761583777412,0.026231743756834482,0.055847615837779835
-0.005319718026306546,0.026776967737338866,0.05319718026309686
-0.005049356080406478,0.027295421442674675,0.050493560804064835
-0.004773946040449516,0.02778658654871764,0.04773946040452784
-0.004493763247640316,0.028249972013122474,0.0449376324764392
-0.004209087814743493,0.028685114566242002,0.04209087814746673
-0.0039202043460408766,0.029091579174281373,0.039202043460407204
-0.0036274016527983524,0.029468959474223455,0.03627401652800891
-0.0033309724645267857,0.029816878180089885,0.03330972464527712
-0.003031213136325673,0.030134987460132656,0.030312131363277067
-0.002728423352602114,0.030422969284579153,0.027284233526022356
-0.0024229058274613064,0.030680535743582347,0.024229058274616327
-0.0021149660020681003,0.03090742933505889,0.0211496600206926
-0.0018049117392821734,0.03110342322212648,0.018049117392824804
-0.0014930530158721199,0.03126832145988424,0.014930530158726335
-0.0011797016126161553,0.03140195919130867,0.011797016126160492
-0.0008651708025992649,0.03150420281206942,0.00865170802598933
-0.0005497750380184163,0.031574950104100295,0.005497750380185656
-0.00023382963580895641,0.03161413033779167,0.0023382963580891036
8.23495375935141e-05,0.03162170434270244,-0.0008234953759335972
0.00039844638204063003,0.03159766454672074,-0.003984463820406098
0.0007141448796924041,0.031542034983634074,-0.007141448796928324
0.0010291294109560825,0.0314548712691016,-0.010291294109566557
0.0013430850700268525,0.03133626054505242,-0.013430850700269809
0.001655697979714941,0.03118632139256526,-0.016556979797161225
0.0019666556052443536,0.031005203713317282,-0.019666556052434253
0.002275647066709538,0.030793088579719602,-0.022756470667101986
0.002582363449877587,0.030550188053890155,-0.025823634498787634
0.002886498115025262,0.03027674497564484,-0.028864981150275276
0.0031877470035020774,0.029973032719718278,-0.03187747003503724
0.003485808941712956,0.029639354922457405,-0.034858089417137555
0.0037803859422165464,0.0292760451782607,-0.03780385942220385
0.004071183501638188,0.028883466706067704,-0.040711835016394665
0.004357910895099681,0.028462011986230735,-0.04357910895099956
0.004640281466871494,0.028012102368131987,-0.046402814668749875
0.004918012916956855,0.027534187648940247,-0.049180129169598324
0.005190827583321187,0.027028745623926053,-0.051908275833240786
0.005458452719484745,0.026496281608785612,-0.05458452719484705
0.0057206207672009304,0.025937327934451446,-0.05720620767198617
0.005977069623947657,0.025352443414893903,-0.05977069623952233
0.0062275429049643664,0.024742212788447945,-0.062275429049669234
0.00647179019957271,0.024107246133220725,-0.06471790199577485
0.006709567321524642,0.023448178257165646,-0.06709567321524104
0.006940636553127635,0.022765668063433008,-0.06940636553128685
0.007164766882902957,0.022060397891631386,-0.07164766882903797
0.0073817342365394105,0.021333072835659352,-0.07381734236536894
0.007591321700911643,0.020584420038787108,-0.07591321700907996
0.0077933197409390505,0.019815187966694434,-0.07793319740945479
0.007987526409068491,0.019026145659193642,-0.07987526409070347
0.008173747547171366,0.018218081961381343,-0.08173747547175655
0.00835179698065322,0.017391804734989486,-0.0835179698066151
0.008521496704581803,0.01654814005072703,-0.08521496704587592
0.008682677061647513,0.015687931362415107,-0.0868267706165087
0.008835176911778308,0.01481203866374375,-0.08835176911776263
0.00897884379323949,0.013921337628492741,-0.08978843793243921
0.00911353407505734,0.013016718735077284,-0.09113534075065208
0.009239113100614193,0.012099086376293202,-0.09239113100616428
0.009355455322271403,0.011169357955148824,-0.0935545532227113
0.0094624444268856,0.010228462967690685,-0.09462444426891639
0.00955997345209276,0.009277342073741313,-0.09559973452095824
0.009647944893243839,0.008316946156474367,-0.0964794489324308
0.009726270800885048,0.0073482353717674994,-0.09726270800894274
0.009794872868685326,0.006372178188288198,-0.09794872868691765
0.009853682511723104,0.005389750419267298,-0.09853682511726222
0.009902640935054082,0.0044019342469282805,-0.09902640935054133
0.009941699192491476,0.0034097172405505426,-0.09941699192500628
0.00997081823553997,0.002414091369148388,-0.0997081823554247
0.00998996895243446,0.0014160520097494082,-0.0998996895243712
0.00999913219724453,0.0004165969522648026,-0.09999132197254992
0.00999829880901561,-0.0005832745980487884,-0.09998298809016828
0.009987469620927636,-0.0015825630195460934,-0.09987469620929271
0.009966655459462077,-0.0025802692735656827,-0.09966655459462512
0.009935877133578158,-0.003575395903218159,-0.09935877133587015
0.009895165413909102,-0.004566948030593004,-0.09895165413909887
0.009844561001999194,-0.0055539343513886326,-0.09844561002002686
0.009784114489612404,-0.006535368125969308,-0.09784114489610826
0.00971388630815327,-0.007510268165857588,-0.09713886308154776
0.009633946668250591,-0.008477659814678176,-0.09633946668256985
0.009544375489564352,-0.009436575922569728,-0.09544375489574056
0.00944526232088604,-0.010386057813092726,-0.09445262320885914
0.009336706250612236,-0.011325156241667945,-0.0933670625061849
0.009218815807680981,-0.012252932344583028,-0.09218815807683176
0.00909170885306996,-0.013168458577621079,-0.09091708853077843
0.008955512461964988,-0.01407081964337351,-0.08955512461970813
0.00881036279671658,-0.014959113406307964,-0.08810362796718255
0.00865640497071164,-0.015832451794679937,-0.08656404970721174
0.008493792903296337,-0.016689961688380803,-0.08493792903296174
0.008322689165895231,-0.017530785791840402,-0.083226891658958
0.008143264819480482,-0.018354083491109303,-0.0814326481948218
0.00795569924355363,-0.019159031694261093,-0.07955699243553657
0.007760179956810926,-0.019944825654279734,-0.07760179956819171
0.007556902429671505,-0.02071067977360457,-0.075569024296775
0.007346069888855825,-0.021455828389531393,-0.07346069888858955
0.007127893114209743,-0.02217952653968503,-0.07127893114213799
0.006902590227977344,-0.02288105070679481,-0.06902590227981789
0.006670386476733217,-0.023559699542030597,-0.06670386476733989
0.006431514006192178,-0.02421479456617713,-0.06431514006196706
0.0061862116291215765,-0.02484568084794317,-0.06186211629124025
0.005934724586588216,-0.025451727658728916,-0.05934724586590881
0.005677304302778584,-0.02603232910319757,-0.05677304302782191
0.005414208133637503,-0.02658690472501853,-0.054142081336370246
0.005145699109576514,-0.027114900087179362,-0.05145699109579646
0.004872045672509198,-0.02761578732628383,-0.0487204567250972
0.004593521407476362,-0.028089065680283288,-0.04593521407479437
0.004310404769129377,-0.028534261989113796,-0.04310404769130741
0.004022978803345119,-0.028950931167737826,-0.04022978803349894
0.003731530864250841,-0.029338656651117734,-0.0373153086424827
0.003436352326941865,-0.029697050810677472,-0.034363523269464985
0.0031377382961793087,-0.03002575534183375,-0.031377382961790296
0.002835987311359086,-0.03032444162221079,-0.028359873113617845
0.0025314010480471253,-0.03059281104018135,-0.02531401048049367
0.002224284016379205,-0.030830595293402735,-0.02224284016378328
0.0019149432566269262,-0.031037556657052996,-0.019149432566268693
0.0016036880322341806,-0.03121348822149611,-0.016036880322354258
0.0012908295206310028,-0.03135821409913946,-0.012908295206316672
0.0009766805021339166,-0.031471589600277766,-0.009766805021343722
0.0006615550472437944,-0.03155350137774669,-0.006615550472441917
0.0003457682026538529,-0.0316038675402416,-0.0034576820265401487
2.9635676281702917e-05,-0.03162263773418839,-0.00029635676281805634
-0.00028652647835966156,-0.0316097931940845,0.0028652647835967493
-0.0006024021781363824,-0.031565346761259674,0.00602402178136871
-0.0009176756262978705,-0.03148934287103795,0.009176756262976787
-0.0012320316281946267,-0.03138185750831329,0.012320316281953375
-0.0015451559063941122,-0.0312429981315838,0.015451559063945047
-0.0018567354148796315,-0.03107290356552006,0.0185673541488027
-0.0021664586520181075,-0.030871743862175137,0.021664586520182133
-0.002474015971983858,-0.03063972013097496,0.024740159719853744
-0.0027790998943270293,-0.030377064337659306,0.027790998943276995
-0.003081405411377196,-0.030084039072374027,0.03081405411377866
-0.0033806302931747973,-0.02976093728714625,0.033806302931776805
-0.0036764753896255586,-0.02940808200300602,0.03676475389626874
-0.003968644929575818,-0.029025825987045797,0.03968644929577628
-0.004256846816509754,-0.02861455139974142,0.04256846816509971
-0.004540792920572897,-0.02817466941288715,0.04540792920575412
-0.004820199366629967,-0.027706619798526858,0.04820199366630448
-0.005094786818069059,-0.027210870489291637,0.050947868180739625
-0.005364280756068439,-0.02668791711058427,0.05364280756073378
-0.005628411754046751,-0.026138282485078213,0.0562841175404776
-0.005886915747022266,-0.025562516110024688,0.05886915747022756
-0.006139534295611853,-0.024961193607892795,0.061395342956150706
-0.006386014844405776,-0.024334916150891797,0.06386014844404905
-0.006626110974459976,-0.023684309859948297,0.06626110974465063
-0.00685958264965343,-0.023010025178742486,0.06859582649651139
-0.007086196456664276,-0.02231273622342667,0.0708619645666522
-0.007305725838324796,-0.021593140108677245,0.07305725838323249
-0.007517951320121955,-0.02085195625075463,0.07517951320129071
-0.007722660729617063,-0.020089925648266956,0.07722660729624395
-0.007919649408565184,-0.019307810141357275,0.07919649408569199
-0.008108720417522235,-0.018506391650052946,0.08108720417517376
-0.0082896847327352,-0.01768647139253982,0.08289684732745164
-0.008462361435118632,-0.01684886908414673,0.08462361435116603
-0.008626577891128537,-0.015994422117834313,0.08626577891131773
-0.008782169925352757,-0.01512398472700973,0.08782169925359892
-0.008928981984645352,-0.014238427131509227,0.08928981984650178
-0.009066867293640871,-0.013338634667594612,0.0906686729364212
-0.009195688001493032,-0.0124255069028375,0.09195688001500105
-0.00931531531969111,-0.011499956736778076,0.09315315319688364
-0.009425629650816263,-0.01056290948825264,0.09425629650820347
-0.009526520708109058,-0.00961530197030622,0.09526520708108063
-0.009617887625728662,-0.008658081553614635,0.09617887625723667
-0.009699639059593479,-0.007692205219348772,0.09699639059593587
-0.00977169327870239,-0.0067186386024335855,0.0977169327871015
-0.009833978246845338,-0.0057383550261558185,0.09833978246845196
-0.009886431694621528,-0.004752334529082245,0.09886431694626288
-0.00992900118169327,-0.0037615628852660683,0.09929001181697236
-0.009961644149213201,-0.0027670306187202558,0.0996164414921901
-0.009984327962372506,-0.0017697320131406546,0.09984327962373016
-0.009997029943027562,-0.0007706641178705058,0.09997029943029959
-0.009999737392372414,0.00022917424890003465,0.0999973739238085
-0.00999244760363441,0.0012287834987008313,0.09992447603635082
-0.009975167864780298,0.002227164272121534,0.0997516786477897
-0.009947915451230077,0.003223318437922524,0.09947915451240827
-0.009910717608585895,0.004216250090914041,0.09910717608589528
-0.009863611525393258,0.005204966547613297,0.09863611525395585
-0.009806644295961784,0.006188479338681423,0.0980664429596694
-0.009739872873282656,0.007165805197144178,0.09739872873288144
-0.009663364012089871,0.008135967041412808,0.09663364012084477
-0.009577194202122193,0.009097994952122896,0.09577194202117287
-0.009481449591652522,0.010050927141811378,0.0948144959165236
-0.009376225901361154,0.010993810916462069,0.09376225901361465
-0.009261628328639034,0.011925703627962074,0.09261628328638619
-0.009137771442416651,0.012845673616514374,0.09137771442407391
-0.009004779068623748,0.013752801142066236,0.09004779068629823
-0.00886278416639433,0.014646179303817586,0.08862784166397183
-0.008711928695140767,0.015524914946894878,0.08711928695148632
-0.008552363472629873,0.016388129555283883,0.08552363472631505
-0.008384248024202824,0.017234960130125893,0.08384248024208699
-0.008207750423289691,0.018064560052500688,0.08207750423287205
-0.008023047123378016,0.0188760999298343,0.08023047123385066
-0.007830322781603427,0.01966876842508361,0.07830322781601115
-0.0076297700741386545,0.020441773067870834,0.07629770074143341
-0.00742158950356552,0.021194341046756052,0.07421589503561041
-0.007205989198422464,0.021925719981855246,0.07205989198422838
-0.006983184705128022,0.022635178677033123,0.06983184705134679
-0.006753398772488285,0.02332200785091425,0.06753398772487909
-0.006516861129003769,0.023985520845988928,0.06516861129005644
-0.006273808253198328,0.02462505431509925,0.06273808253200766
-0.006024483137199735,0.025239968884619435,0.0602448313720296
-0.005769135043808288,0.025829649793670004,0.05769135043808429
-0.005508019257296311,0.026393507508725263,0.05508019257296734
-0.005241396828187687,0.026930978312999506,0.05241396828188119
-0.004969534312272577,0.02744152487002258,0.049695343122733354
-0.004692703504118253,0.027924636760842277,0.046927035041205906
-0.004411181165342464,0.02837983099431549,0.04411181165343667
-0.004125248747920993,0.02880665248997864,0.04125248747919333
-0.0038351921128060252,0.029204674533014938,0.038351921128066485
-0.0035413012441366408,0.029573499200861955,0.03541301244133724
-0.003243869959327156,0.029912757761035032,0.032438699593278136
-0.0029431956153231427,0.03022211103976759,0.029431956153233935
-0.002639578811318806,0.030501249761099743,0.026395788113196622
-0.0023333230882329205,0.030749894856077358,0.023333230882326
-0.002024734625243777,0.03096779774175132,0.02024734625246591
-0.0017141219336865305,0.031154740569698004,0.01714121933687121
-0.0014017955486189738,0.03131053644381335,0.014017955486197414
-0.0010880677183640942,0.031435029607162567,0.01088067718364652
-0.0007732520923397923,0.03152809559769782,0.007732520923404457
-0.0004576634074878569,0.03158964137268925,0.004576634074881875
-0.0001416171736156885,0.03161960540174444,0.001416171736156463
0.00017457064203465112,0.03161795772832347,-0.0017457064203491857
0.0004905839306747085,0.03158469999968801,-0.004905839306744292
0.0008061067579994201,0.031519865465254315,-0.008061067579994335
0.0011208236800424526,0.0314235189433522,-0.01120823680042829
0.0014344200585413285,0.03129575675642298,-0.01434420058541594
0.0017465823754970486,0.031136706634721033,-0.017465823754973436
0.0020569985466137313,0.030946527588615498,-0.020569985466133395
0.0023653582333049063,0.030725409749619514,-0.023653582333063278
0.0026713531529545358,0.030473574180306377,-0.0267135315295641
0.002974677387122579,0.030191272653302275,-0.029746773871256488
0.003275027687386973,0.02987878739957654,-0.03275027687389073
0.0035721037785162615,0.02953643082628114,-0.03572103778518912
0.0038656086586697754,0.029164545204421632,-0.03865608658671224
0.004155248896325242,0.028763502326671644,-0.04155248896328548
0.004440734923636966,0.028333703135673283,-0.044407349236386756
0.004721781325931307,0.027875577323194768,-0.04721781325931598
0.004998107127050008,0.027389582900545585,-0.04998107127052062
0.005269436070256137,0.02687620574068005,-0.052694360702586956
0.005535496894421767,0.02633595909244597,-0.05535496894422895
0.005796023605221315,0.025769383067463666,-0.0579602360522318
0.00605075574105938,0.0251770441001494,-0.06050755741062172
0.006299438633467241,0.024559534381422846,-0.0629943863346887
0.006541823661707675,0.023917471266663902,-0.06541823661710008
0.0067776685013335525,0.023251496658511554,-0.06777668501336923
0.00700673736645172,0.022562276365122022,-0.07006737366453716
0.007228801245449965,0.021850499434526906,-0.07228801245448604
0.0074436381299513845,0.021116877465757,-0.07443638129949523
0.007651033236767273,0.020362143897420713,-0.07651033236776275
0.007850779222626628,0.019587053274450192,-0.07850779222634127
0.008042676391467603,0.018792380493744973,-0.08042676391470252
0.008226532894083661,0.017978920029466577,-0.0822653289409769
0.00840216491992482,0.01714748513876528,-0.08402164919928204
0.008569396880862275,0.016298907048725705,-0.08569396880863309
0.008728061586732632,0.01543403412534555,-0.08728061586739802
0.008878000412486282,0.01455373102538445,-0.08878000412482187
0.00901906345677281,0.013658877831921122,-0.09019063456784362
0.009151109691804873,0.012750369174491578,-0.091511096918065
0.00927400710435075,0.011829113334683663,-0.09274007104351803
0.009387632827714569,0.010896031338080212,-0.09387632827717216
0.009491873264572298,0.009952056033465594,-0.09491873264575126
0.009586624200540675,0.008998131160209767,-0.09586624200541413
0.009671790908365544,0.008035210404764084,-0.09671790908372227
0.009747288242625435,0.007064256447214188,-0.09747288242625693
0.009813040724855707,0.006086239998840184,-0.09813040724854385
0.009868982619008143,0.005102138831647105,-0.09868982619007191
0.009915057997170568,0.00411293680083781,-0.09915057997178714
0.009951220795480782,0.003119622861205013,-0.09951220795477231
0.009977434860178918,0.002123190078422154,-0.09977434860179948
0.009993673983752156,0.0011246346362254337,-0.09993673983754456
0.009999921931135688,0.00012495484048094443,-0.09999921931135328
0.009996172455943727,-0.0008748498788731926,-0.09996172455947414
0.009982429306714329,-0.0018737799670064123,-0.0998242930671698
0.009958706223161792,-0.002870836743500831,-0.09958706223171396
0.00992502692244038,-0.0038650234007817797,-0.0992502692244758
0.009881425075433091,-0.004855346000675815,-0.09881425075433134
0.009827944273089202,-0.005840814468102002,-0.09827944273090608
0.009764637982844198,-0.006820443580898838,-0.09764637982846111
0.009691569495165706,-0.007793253954799586,-0.09691569495168842
0.009608811860278848,-0.008758273022571941,-0.09608811860278252
0.009516447815134275,-0.009714536006342688,-0.09516447815136667
0.00941456970069189,-0.010661086882134475,-0.0941456970069908
0.009303279369602969,-0.01159697933564956,-0.09303279369602638
0.009182688084382976,-0.012521277708349082,-0.09182688084387788
0.009052916406176843,-0.013433057932877444,-0.09052916406179459
0.008914094074227965,-0.01433140845689823,-0.08914094074236253
0.008766359876171382,-0.01521543115441844,-0.08766359876167953
0.008609861509280833,-0.016084242223691342,-0.0860986150929007
0.008444755432808393,-0.016936973070796543,-0.08444755432813991
0.008271206711564333,-0.01777277117801547,-0.08271206711564524
0.008089388850893563,-0.018590800956138492,-0.08089388850895954
0.00789948362321365,-0.019390244579844257,-0.07899483623219336
0.0077016808862878285,-0.020170302805319965,-0.07701680886294784
0.0074961783934147,-0.020930195769305715,-0.07496178393420191
0.007283181595724357,-0.021669163768762975,-0.07283181595725022
0.007062903436778599,-0.022386468020388538,-0.07062903436786247
0.006835564139680595,-0.023081391399212305,-0.06835564139689079
0.006601390986906824,-0.023753239155541884,-0.0660139098690252
0.006360618093081409,-0.0244013396095411,-0.06360618093081807
0.006113486170919997,-0.025025044822741243,-0.061134861709210536
0.00586024229057721,-0.02562373124581628,-0.05860242290579723
0.005601139632638242,-0.026196800341977283,-0.05601139632640337
0.0053364372350015584,-0.02674367918535941,-0.053364372350022254
0.005066399733905737,-0.027263821033804956,-0.05066399733908686
0.00479129709935937,-0.02775670587546844,-0.04791297099361028
0.004511404365238535,-0.028221840948698517,-0.045114043652404984
0.004227001354321658,-0.028658761234676824,-0.042270013543256685
0.003938372398536673,-0.029067029922320176,-0.03938372398541365
0.00364580605470016,-0.02944623884498248,-0.03645806054704717
0.0033495948160326507,-0.029796008888519347,-0.03349594816032639
0.003050034819738514,-0.030115990370307974,-0.030500348197399024
0.0027474255509427636,-0.030405863388842134,-0.027474255509432804
0.002442069543280786,-0.030665338143553367,-0.024420695432813805
0.002134272076440322,-0.030894155224539456,-0.021342720764404216
0.0018243408709580772,-0.031092085871909498,-0.018243408709604086
0.0015125857805760982,-0.03125893220448629,-0.015125857805755455
0.0011993184824654747,-0.031394527417638415,-0.011993184824668962
0.0008848521656270671,-0.031498735950043114,-0.008848521656271341
0.0005695012177807839,-0.03157145361921352,-0.00569501217780935
0.0002535809110564393,-0.0316126077256554,-0.0025358091105659175
-6.259291319957893e-05,-0.03162215712554824,0.0006259291319964111
-0.00037870416018671475,-0.03160009227187892,0.0037870416018687403
-0.0006944367976660406,-0.031546435223986265,0.006944367976662175
-0.0010094751719135083,-0.031461239625507266,0.010094751719138234
-0.0013235043232947786,-0.0313445906507468,0.013235043232953853
-0.0016362103011461364,-0.031196604919524747,0.01636210301145727
-0.0019472804776466855,-0.031017430380585062,0.019472804776479474
-0.0022564038603680317,-0.0308072461636842,0.022564038603692854
-0.0025632714031889837,-0.030566262400506188,0.02563271403190978
-0.0028675763152644315,-0.030294720014583366,0.02867576315265477
-0.003169014367739514,-0.02999289048043317,0.031690143677384736
-0.003467284197902435,-0.029661075552151014,0.034672841979046215
-0.0037620876104718505,-0.029299606961732075,0.037620876104741935
-0.004053129875717623,-0.0289088460874225,0.04053129875717257
-0.0043401200241168884,-0.028489183592430516,0.0434012002412246
-0.00462277113725085,-0.028041039034361778,0.04622771137252282
-0.004900800634651492,-0.02756486044576668,0.04900800634649624
-0.005173930556311418,-0.0270611238862185,0.0517393055631398
-0.00544188784057438,-0.02653033296637395,0.05441887840577028
-0.0057044045971286934,-0.025973018344488667,0.0570440459712859
-0.005961218374830589,-0.025389737195890487,0.05961218374835017
-0.006212072424089762,-0.02478107265594414,0.062120724240919106
-0.006456715953554791,-0.02414763323706153,0.06456715953560352
-0.006694904380841804,-0.023490052220341142,0.06694904380847358
-0.006926399577055739,-0.022808987022445826,0.0692639957705897
-0.007150970104859717,-0.02210511853834976,0.07150970104862356
-0.007368391449854534,-0.021379150460613682,0.07368391449859221
-0.0075784462450369456,-0.020631808575868636,0.07578446245041728
-0.007780924488112342,-0.019863840039210653,0.07780924488117943
-0.007975623751444557,-0.019076012627232342,0.0797562375144826
-0.00816234938443291,-0.01826911397043829,0.0816234938443284
-0.008340914708114155,-0.017443950765810776,0.08340914708117456
-0.008511141201794784,-0.0166013479703149,0.0851114120180004
-0.0086728586815271,-0.015742147976148466,0.0867285868152862
-0.008825905470250639,-0.014867209768559193,0.08825905470256842
-0.008970128559428808,-0.013977408067074593,0.08970128559435167
-0.009105383762019189,-0.013073632451001611,0.09105383762024463
-0.009231535856624543,-0.012156786470069183,0.09231535856624098
-0.009348458722680409,-0.011227786741104041,0.09348458722678718
-0.009456035466544143,-0.01028756203164283,0.0945603546654549
-0.009554158538359345,-0.009337052331397498,0.09554158538361154
-0.009642729839578834,-0.008377207912500385,0.09642729839581113
-0.009721660821038682,-0.007408988379469025,0.09721660821046094
-0.009790872571485237,-0.006433361709842008,0.09790872571494239
-0.009850295896466667,-0.0054513032864440085,0.09850295896465763
-0.00989987138751011,-0.004463794922244668,0.09899871387521056
-0.009939549481515295,-0.0034718238787923668,0.09939549481524965
-0.009969290510305262,-0.00247638187920098,0.09969290510302767
-0.009989064740284624,-0.0014784641166714445,0.09989064740287942
-0.009998852402165725,-0.0004790682595487471,0.09998852402166006
-0.009998643710732986,0.000520806546096546,0.09998643710739855
-0.00998843887462568,0.0015201606753647385,0.09988438874623998
-0.009968248096129343,0.0025179950239025877,0.0996824809613299
-0.00993809156097604,0.003513312006758122,0.09938091560977694
-0.009897999418163671,0.004505116555715495,0.09897999418169776
-0.00984801174981452,0.005492417114114838,0.09848011749817068
-0.009788178531103139,0.006474226628161372,0.0978817853111362
-0.009718559580293672,0.007449563533731896,0.0971855958029684
-0.009639224498936545,0.008417452737693596,0.09639224498937168
-0.009550252602284301,0.009376926592755196,0.09550252602294854
-0.009451732839996176,0.01032702586486981,0.09451732839997404
-0.009343763707210675,0.011266800692230345,0.09343763707213307
-0.009226453146075049,0.01219531153489495,0.09226453146078792
-0.009099918437830121,0.013111630114090512,0.09099918437832469
-0.008964286085558368,0.014014840340260199,0.08964286085561254
-0.008819691687712445,0.014904039228924299,0.08819691687720746
-0.008666279802550634,0.015778337803437906,0.0866627980255141
-0.008504203803614713,0.01663686198374633,0.08504203803617075
-0.008333625726394745,0.017478753460247198,0.0833362572640026
-0.00815471610633409,0.018303170551883855,0.08154716106332896
-0.007967653808336585,0.01910928904761717,0.07967653808333394
-0.007772625847946343,0.01989630303043117,0.07772625847946604
-0.007569827204378951,0.020663425683047364,0.07569827204377286
-0.0073594606255909835,0.02140989007454609,0.07359460625597206
-0.007141736425582727,0.022134949927105182,0.07141736425584663
-0.006916872274136743,0.02283788036209166,0.06916872274144883
-0.00668509297920249,0.02351797862475892,0.06685092979200344
-0.006446630262144564,0.0241745647868263,0.06446630262147271
-0.006201722526079243,0.024806982426237818,0.06201722526083084
-0.005950614617530961,0.025414599283418618,0.05950614617532904
-0.005693557581646979,0.02599680789337782,0.05693557581651151
-0.0054308084112149844,0.02655302619302109,0.05430808411214241
-0.005162629789734536,0.027082698103068646,0.05162629789736914
-0.004889289828799215,0.027585294083995543,0.04889289828801016
-0.004611061800052045,0.0280603116654384,0.046110618000561016
-0.004328223861982151,0.028507275948540328,0.043282238619824415
-0.0040410587818357924,0.028925740080731472,0.04041058781840465
-0.0037498536529197873,0.029315285702469555,0.037498536529212007
-0.0034548996075799664,0.029675523365494623,0.034548996075801836
-0.0031564915261415895,0.030006092922180753,0.03156491526142394
-0.00285492774210272,0.03030666388559311,0.028549277421047375
-0.0025505097438752937,0.030576935759892187,0.025505097438767638
-0.0022435418733720595,0.030816638340754647,0.022435418733724316
-0.001934331021740735,0.03102553198551027,0.019343310217399906
-0.0016231863225495597,0.031203407852724765,0.016231863225498938
-0.0013104188427309918,0.03135008811098883,0.013104188427313562
-0.0009963412715925223,0.03146542611670507,0.009963412715934677
-0.0006812676082055218,0.03154930656069503,0.006812676082058405
-0.0003655128474846489,0.031601645583479554,0.003655128474846475
-4.939266527166425e-05,0.031622390859117375,0.0004939266527182185
0.000266776897261512,0.031611521647517876,-0.0026677689726182507
0.0005826797495749815,0.031569048815176026,-0.005826797495751518
0.0008980000677724049,0.031495014824308644,-0.008980000677724337
0.0012124226103459618,0.03138949369040273,-0.012124226103457286
0.0015256330333390678,0.03125259090821847,-0.015256330333395712
0.0018373182046117643,0.031084443346320826,-0.01837318204613278
0.002147166516894595,0.030885219110245343,-0.021471665168963955
0.0024548681993179946,0.030655117374434566,-0.024548681993191462
0.0027601156271057337,0.030394368183113248,-0.027601156271071875
0.0030626036291228086,0.030103232220301743,-0.030626036291228925
0.0033620297929703026,0.029782000549197045,-0.03362029792971069
0.0036580947673222,0.029430994321182416,-0.03658094767321482
0.003950502561201894,0.02905056445475637,-0.0395050256119949
0.004238960839899182,0.028641091284701322,-0.04238960839901426
0.0045231812172319115,0.028202984181844526,-0.045231812172345204
0.004802879543860083,0.02773668114378981,-0.048028795438598476
0.0050777761913641745,0.027242648357028457,-0.050777761913672254
0.005347596331803667,0.026721379730869965,-0.05347596331802637
0.005612070212476296,0.026173396403655985,-0.05612070212476941
0.0058709334256033365,0.02559924622175204,-0.05870933425602007
0.006123927172671288,0.024999503191838312,-0.061239271726725636
0.006370798523165711,0.024374766907046215,-0.06370798523169394
0.006611300667438521,0.023725661947515762,-0.06611300667439626
0.006845193163455952,0.023052837255970526,-0.06845193163465121
0.007072242177180496,0.022356965488938296,-0.0707224217717948
0.007292220716346496,0.021638742344261722,-0.0729222071635198
0.0075049088573956755,0.020898885865574122,-0.07504908857400008
0.007710093965345728,0.020138135724436405,-0.07710093965354356
0.00790757090637216,0.01935725248085007,-0.07907570906372333
0.008097142252890845,0.018557016822886886,-0.08097142252891351
0.008278618480936254,0.01773822878619487,-0.08278618480948954
0.008451818159638054,0.016901706954165176,-0.0845181815964495
0.008616568132606642,0.01604828763955245,-0.08616568132609584
0.008772703691046251,0.015178824048369299,-0.08772703691053471
0.008920068738422576,0.014294185426895716,-0.08920068738418199
0.0090585159465203,0.013395256192648874,-0.09058515946518628
0.009187906902734473,0.0124829350501859,-0.09187906902740875
0.009308112248448533,0.011558134092626054,-0.09308112248456044
0.00941901180836059,0.01062177788978536,-0.09419011808357827
0.009520494710628694,0.00967480256383543,-0.09520494710640778
0.009612459497714956,0.008718154853417055,-0.09612459497726714
0.00969481422781774,0.007752791167139654,-0.096948142278213
0.009767476566790481,0.006779676627408668,-0.09767476566798419
0.009830373870455255,0.005799784105545961,-0.09830373870455708
0.009883443257228794,0.004814093249161963,-0.09883443257224259
0.009926631670988359,0.0038235895027509095,-0.09926631670996808
0.00995989593411459,0.0028292631224952373,-0.09959895934116639
0.009983202790658348,0.0018321081862564645,-0.09983202790658816
0.00999652893958835,0.0008331215997437916,-0.09996528939594643
0.009999861058086368,-0.00016669790014005618,-0.09999861058082313
0.00999319581486673,-0.0011663507437876084,-0.0999319581486873
0.009976539873506758,-0.002164837528206734,-0.09976539873513787
0.009949909885784865,-0.0031611600161717372,-0.0994990988578627
0.009913332475032942,-0.004154322134212909,-0.0991333247503717
0.009866844209519674,-0.00514333096844077,-0.09866844209520056
0.009810491565891411,-0.006127197757211756,-0.09810491565899668
0.00974433088270714,-0.007104938879642331,-0.09744330882711841
0.00966842830411401,-0.008075576838983863,-0.0966842830411879
0.00958285971371971,-0.00903814123987625,-0.09582859713728956
0.00948771065872783,-0.009991669758499416,-0.09487710658734358
0.009383076264412048,-0.010935209104657069,-0.09383076264418713
0.009269061139014618,-0.011867815974829051,-0.09269061139020915
0.00914577926916428,-0.012788557995238346,-0.09145779269164991
0.009013353905918125,-0.013696514653992782,-0.09013353905923735
0.00887191744154133,-0.014590778221366356,-0.08871917441547753
0.008721611277147991,-0.015470454657301357,-0.08721611277152283
0.008562585681335355,-0.016334664505225735,-0.08562585681335269
0.008394999639952775,-0.017182543771290356,-0.08394999639957165
0.008219020697155594,-0.018013244788145817,-0.08219020697152027
0.008034824787902873,-0.0188259370623985,-0.08034824787901615
0.007842596062066394,-0.01961980810489722,-0.07842596062072774
0.007642526700326822,-0.020394064243017197,-0.07642526700326821
0.0074348167220410575,-0.021147931414135686,-0.07434816722042972
0.007219673785272871,-0.021880655939501555,-0.07219673785274447
0.006997312979186741,-0.02259150527772456,-0.06997312979185613
0.006767956609012445,-0.023279768757134587,-0.06767956609014933
0.006531833973795397,-0.02394475828627507,-0.06531833973794723
0.006289181137154907,-0.024585809041822903,-0.06289181137161956
0.006040240691279566,-0.025202280133245214,-0.060402406912842516
0.005785261514395694,-0.025793555243529172,-0.05785261514394899
0.005524498521951316,-0.02635904324534658,-0.05524498521953239
0.005258212411764419,-0.026898178792032663,-0.052582124117684564
0.004986669403390302,-0.0274104228827908,-0.04986669403394264
0.004710140971968553,-0.027895263401558977,-0.04710140971969276
0.004428903576815767,-0.028352215628998322,-0.04428903576817658
0.00414323838503532,-0.028780822727090996,-0.041432383850358384
0.003853430990420545,-0.029180656195863974,-0.03853430990423737
0.0035597711279323156,-0.02955131630178196,-0.03559771127936026
0.003262552384036503,-0.029892432477380583,-0.03262552384036402
0.00296207190319089,-0.03020366369174202,-0.02962071903192362
0.0026586300907749773,-0.030484698791440487,-0.026586300907769506
0.002352530312759688,-0.03073525681161734,-0.0235253031276009
0.0020440785924172203,-0.03095508725687625,-0.02044078592418122
0.0017335833043742594,-0.031143970351715917,-0.017335833043752608
0.0014213548663144276,-0.03130171726025044,-0.014213548663151748
0.001107705428638185,-0.031428170274998106,-0.011077054286382143
0.0007929485623904466,-0.03152320297454955,-0.007929485623907745
0.0004773989457679114,-0.03158672034995749,-0.004773989457680677
0.00016137204951951453,-0.031618658899721874,-0.0016137204951963968
-0.0001548161784454727,-0.03161898669327558,0.0015481617844554096
-0.0004708496289263855,-0.03158770340290699,0.004708496289263259
-0.0007864123474613583,-0.03152484030408757,0.007864123474620094
-0.0011011888502028178,-0.031430460244204324,0.011011888502029471
-0.0014148644393224795,-0.031304657579728015,0.014148644393232296
-0.001727125517630521,-0.031147558081880296,0.017271255176311534
-0.0020376599020943925,-0.030959318810893994,0.02037659902094871
-0.0023461571359438224,-0.030740127958991975,0.02346157135945534
-0.0026523087990499928,-0.030490204662242105,0.02652308799051864
-0.002955808816268584,-0.030209798781476116,0.02955808816267899
-0.003256353763438418,-0.02989919065249071,0.032563537634402145
-0.0035536431707297827,-0.029558690805782245,0.03553643170729112
-0.0038473798230391626,-0.029188639656093727,0.038473798230412776
-0.004137270057130057,-0.028789407162085136,0.04137270057130524
-0.004423024055222819,-0.028361392456467224,0.04423024055227712
-0.0047043561347399985,-0.027905023446968734,0.0470435613474208
-0.004980985033917521,-0.027420756388535767,0.04980985033917276
-0.005252634192996151,-0.02690907542719027,0.05252634192992675
-0.0055190320307121265,-0.026370492116004802,0.05519032030716678
-0.005779912215810542,-0.025805544903678316,0.057799122158130295
-0.0060350139333100435,-0.025214798596221975,0.06035013933313818
-0.0062840821452526206,-0.024598843792293434,0.06284082145256983
-0.00652686784567782,-0.023958296292746418,0.06526867845683318
-0.006763128309566471,-0.023293796484983757,0.06763128309569874
-0.006992627335505039,-0.02260600870272991,0.06992627335507043
-0.007215135481828003,-0.021895620561862873,0.07215135481833665
-0.007430430296002172,-0.021163342272970856,0.0743043029600671
-0.007638296537023622,-0.020409905931319205,0.07638296537026287
-0.007838526390604904,-0.019636064784937315,0.07838526390611525
-0.008030919676937389,-0.018842592481559593,0.08030919676942924
-0.008215284050821042,-0.01803028229517092,0.0821528405083051
-0.008391435193961553,-0.017199946332931277,0.08391435193962357
-0.008559196999242564,-0.016352414723270908,0.08559196999245047
-0.008718401746788763,-0.015488534785969071,0.0871840174679169
-0.008868890271643844,-0.014609170185046979,0.08868890271650157
-0.009010512122895676,-0.013715200065319556,0.09010512122898304
-0.009143125714089623,-0.012807518173469725,0.09143125714098291
-0.0092665984647796,-0.01188703196452561,0.09266598464784023
-0.00938080693307539,-0.010954661694632464,0.09380806933078892
-0.009485636939053679,-0.010011339501025385,0.09485636939062689
-0.009580983678909439,-0.009058008470126538,0.0958098367891426
-0.009666751829733542,-0.008095621694694095,0.09666751829734585
-0.009742855644811846,-0.007125141320966792,0.09742855644811468
-0.009809219039350472,-0.00614753758675832,0.09809219039357972
-0.009865775666541579,-0.0051637878514631495,0.0986577566654542
-0.009912468983893601,-0.004174875618941215,0.09912468983893272
-0.009949252309759597,-0.003181789554257974,0.09949252309771542
-0.00997608887000723,-0.002185522495268741,0.0997608887001312
-0.009992951834783718,-0.0011870704600287188,0.09992951834787325
-0.009999824345338972,-0.00018743165102210217,0.09999824345345007
-0.009996699530880135,0.0008123945427895743,0.09996699530888523
-0.009983580515440654,0.0018114085451064713,0.09983580515449417
-0.009960480414757037,0.0028086115916170387,0.09960480414761932
-0.009927422323156385,0.0038030067285132457,0.09927422323162202
-0.009884439290467844,0.004793599809194958,0.09884439290472061
-0.009831574288981031,0.005779400488167702,0.09831574288982811
-0.009768880170484487,0.006759423211141193,0.09768880170486996
-0.009696419613427095,0.007732688200337091,0.09696419613430982
-0.009614265060255301,0.008698222434021718,0.09614265060261543
-0.00952249864498877,0.00965506061928454,0.09522498644994912
-0.0094212121111069,0.01060224615708947,0.09421212111103708
-0.009310506719828271,0.011538832098636214,0.09310506719831166
-0.009190493148874731,0.012463882092071799,0.09190493148880532
-0.009061291381821338,0.013376471318606937,0.09061291381822242
-0.008923030588142774,0.014275687417105717,0.08923030588153372
-0.008775848994076157,0.01516063139621764,0.08775848994085086
-0.008619893744429351,0.016030418533143558,0.08619893744433296
-0.008455320755472938,0.0168841792581391,0.0845532075547751
-0.008282294559062911,0.01772106002386627,0.08282294559065898
-0.008100988138149946,0.018540224158726745,0.08100988138143558
-0.007911582753839684,0.01934085270332577,0.07911582753836979
-0.007714267764176923,0.02012214522922645,0.07714267764176638
-0.007509240434834905,0.020883320639176993,0.07509240434834177
-0.00729670574189895,0.021623617948014096,0.07296705741907891
-0.007076876166941596,0.022342297043456673,0.07076876166943671
-0.006849971484594144,0.023038639426033722,0.06849971484597303
-0.00661621854282695,0.023711948927405083,0.06616218542829935
-0.006375851036158151,0.024361552406354712,0.06375851036162614
-0.006129109272017558,0.02498680042176384,0.061291092720198975
-0.00587623993049929,0.0255870678818899,0.05876239930501312
-0.005617495817743329,0.02616175466930226,0.05617495817745835
-0.0053531356131925716,0.02671028624084922,0.05353135613193358
-0.0050834236109780365,0.027232114202057792,0.050834236109781245
-0.004808629455690791,0.02772671685539137,0.048086294556934334
-0.004529027872804753,0.028193599721816242,0.04529027872803995
-0.004244898394019885,0.028632296035157326,0.042448983940177015
-0.003956525077800357,0.029042367208748227,0.03956525077800302
-0.0036641962253870786,0.029423403273907484,0.03664196225384883
-0.003368204092568516,0.029775023289805056,0.033682040925665874
-0.0030688445974979485,0.03009687572430841,0.03068844597500528
-0.0027664170248492765,0.030388638805426,0.02766417024851245
-0.0024612237266071514,0.03065002084299901,0.024612237266090048
-0.002153569819790561,0.030880760520319052,0.021535698197917924
-0.001843762881412069,0.03108062715537935,0.018437628814141988
-0.0015321126409776772,0.031249420931499038,0.015321126409795355
-0.0012189306708347333,0.031386973097089745,0.012189306708346365
-0.0009045300746774578,0.03149314613436536,0.009045300746776036
-0.0005892251745215043,0.03156783389682533,0.005892251745218985
-0.0002733311964605054,0.031610961715374454,0.0027333119646050508
4.283604448123393e-05,0.03162248647297341,-0.0004283604448135636
0.0003589604600848265,0.0316023966477451,-0.003589604600848645
0.0006747260049460197,0.03155071232449354,-0.00674726004946416
0.0009898169924416078,0.03146748517462408,-0.009898169924427463
0.0013039184103371534,0.03135279840448505,-0.01303918410337937
0.0016167162357204894,0.031206766672182144,-0.01616716235720203
0.0019278977489461436,0.031029535972948708,-0.0192789774894854
0.002237151846276824,0.030821283493187357,-0.022371518462784706
0.0025441693509094003,0.030582217433327907,-0.025441693509105662
0.0028486433220744328,0.03031257679967859,-0.028486433220757362
0.003150269361900224,0.03001263116547966,-0.03150269361902916
0.003448745919734611,0.029682680401397737,-0.03448745919735549
0.00374377459362025,0.029323054375730025,-0.0374377459361869
0.004035060428621989,0.028934112624617737,-0.040350604286270325
0.004322312211708082,0.028516243992600866,-0.04322312211710391
0.004605242762890441,0.02806986624387096,-0.04605242762887704
0.004883569222332845,0.027595425644609844,-0.0488356922233463
0.005157013333140075,0.027093396516836156,-0.05157013333139146
0.005425301719545265,0.026564280764201878,-0.05425301719546441
0.005688166160217343,0.02600860737021364,-0.05688166160218286
0.00594534385641532,0.025426931869381893,-0.05945343856416643
0.006196577694721354,0.0248198357918249,-0.061965776947232015
0.006441616504089899,0.02418792608188405,-0.06441616504093753
0.006680215306955977,0.023531834491331532,-0.06680215306956624
0.006912135564151515,0.02285221694777613,-0.06912135564151414
0.007137145413384892,0.022149752898899304,-0.0713714541338509
0.007355019901045278,0.02142514463317788,-0.0735501990104345
0.007565541207100021,0.020679116577770582,-0.07565541207102497
0.007768498862860235,0.019912414574272317,-0.07768498862862808
0.007963689961396894,0.019125805133059445,-0.07963689961394613
0.008150919360397038,0.01832007466696941,-0.08150919360406098
0.008329999877257315,0.017496028705085924,-0.0832999987726358
0.008500752476219802,0.016654491087411467,-0.08500752476225562
0.008663006447363019,0.015796303141231993,-0.0866300644736396
0.008816599577269178,0.014922322839999853,-0.08816599577278841
0.008961378311197057,0.014033423945575838,-0.0896137831120146
0.009097197906598364,0.013130495134685552,-0.09097197906604274
0.00922392257782411,0.012214439110463809,-0.09223922577830587
0.009341425631876319,0.011286171699977912,-0.09341425631887348
0.00944958959506936,0.010346620938630213,-0.09449589595066618
0.009548306330474276,0.009396726142353028,-0.09548306330477066
0.009637477146028679,0.008437436968527582,-0.09637477146031856
0.009717012893204145,0.0074697124665656115,-0.09717012893207558
0.009786834056132464,0.0064945201190983026,-0.09786834056138613
0.009846870831101636,0.005512834874736016,-0.09846870831107127
0.009897063196342131,0.004525638173363001,-0.09897063196353159
0.009937360972033665,0.003533916964943694,-0.09937360972032985
0.009967723870472475,0.0025386627228183556,-0.09967723870473785
0.009988121536348952,0.0015408704524771132,-0.0998812153635106
0.00999853357709536,0.0005415376968043982,-0.09998533577103239
0.009998949583273308,-0.00045833646121472044,-0.09998949583279135
0.009989369138980596,-0.0014577523973277491,-0.09989369138981438
0.009969801822267005,-0.0024557109453904437,-0.09969801822272453
0.009940267195558641,-0.0034512143962822537,-0.09940267195563743
0.009900794786100401,-0.004443267495365815,-0.09900794786107495
0.009851424056436107,-0.0054308784374930315,-0.09851424056436828
0.009792204364955827,-0.0064130598585630215,-0.09792204364962967
0.009723194916549816,-0.007388829822639042,-0.09723194916557451
0.009644464703418431,-0.008357212803637935,-0.09644464703420388
0.009556092436097171,-0.009317240660614139,-0.095560924361037
0.009458166464765811,-0.010267953605657769,-0.09458166464768905
0.009350784690920311,-0.011208401163442227,-0.09350784690920264
0.009234054469495783,-0.012137643121463506,-0.09234054469505307
0.009108092501538385,-0.013054750470015966,-0.09108092501543882
0.008973024717533456,-0.013958806330969947,-0.0897302471753573
0.008828986151506494,-0.014848906874422505,-0.08828986151515447
0.008676120806022885,-0.015724162222299304,-0.08676120806020507
0.00851458150822133,-0.016583697338011637,-0.08514581508226157
0.0083445297570249,-0.017426652901274486,-0.08344529757030852
0.008166135561682475,-0.018252186167210444,-0.08166135561688267
0.007979577271801997,-0.01905947180888498,-0.07979577271802488
0.007785041399045436,-0.019847702742427312,-0.07785041399044132
0.007582722430663734,-0.02061609093391309,-0.07582722430671432
0.00737282263505817,-0.021363868187199632,-0.07372822635059392
0.007155551859562519,-0.022090286911930667,-0.07155551859561307
0.006931127320648159,-0.022794620870941362,-0.06931127320652627
0.006699773386761891,-0.023476165906312227,-0.06699773386764676
0.006461721354013573,-0.02413424064335134,-0.06461721354017555
0.00621720921493782,-0.024768187171799304,-0.062172092149417685
0.005966481420560951,-0.02537737170357451,-0.05966481420562317
0.005709788636011062,-0.025961185206403246,-0.057097886360124056
0.005447387489915548,-0.026519044012699534,-0.054473874899133884
0.0051795403178366145,-0.027050390403087158,-0.05179540317839085
0.004906514900001281,-0.027554693163979585,-0.04906514900009426
0.0046285841935880855,-0.02803144811865948,-0.04628584193588417
0.004346026059838134,-0.028480178631330857,-0.04346026059839189
0.004059122986263299,-0.02890043608363602,-0.04059122986264044
0.0037681618042293154,-0.02929180032316077,-0.03768161804230949
0.0034734334021961004,-0.029653880083482236,-0.03473433402198403
0.0031752324349020025,-0.02998631337533735,-0.031752324349038824
0.002873857028782707,-0.030288767848521712,-0.028738570287833914
0.0025696084839193145,-0.03056094112415683,-0.025696084839189476
0.0022627909728135634,-0.030802561096993388,-0.02262790972812248
0.0019537112362913536,-0.031013386207448583,-0.019537112362916526
0.001642678276838585,-0.03119320568310511,-0.0164267827683883
0.0013300030496759053,-0.031341839749430854,-0.01330003049676129
0.0010159981518812074,-0.031459139809508714,-0.010159981518811284
0.0007009775098706823,-0.0315449885925963,-0.007009775098706678
0.0003852560655508639,-0.0315993002713674,-0.0038525606555118996
6.914946145543826e-05,-0.03162202054771773,-0.0006914946145549494
-0.00024702627481839836,-0.031613126707049584,0.0024702627481843764
-0.00056295504655855,-0.03157262764098073,0.005629550465585359
-0.0008783210039557285,-0.03150056383845498,0.008783210039565142
-0.0011928088598743202,-0.03139700734526337,0.011928088598756409
-0.00150610420506072,-0.03126206169201658,0.015061042050601964
-0.001817893822474002,-0.031095861790639813,0.0181789382247505
-0.002127866000424675,-0.03089857379949479,0.02127866000425413
-0.002435710844208464,-0.03067039495726305,0.024357108442093184
-0.0027411205859235615,-0.030411553385756407,0.027411205859235815
-0.0030437898921616044,-0.030122307861852184,0.03043789892160867
-0.0033434161692647694,-0.029802947558780803,0.033434161692667524
-0.0036396998658437987,-0.02945379175702506,0.03639699865848059
-0.003932344772254523,-0.029075189525119855,0.03932344772256044
-0.004221058316733474,-0.028667519370670348,0.0422105831673413
-0.0045055518578965194,-0.028231188861938688,0.04505551857899057
-0.004785540973308104,-0.027766634220378183,0.04785540973311023
-0.0050607457438326,-0.027274319884521028,0.05060745743832093
-0.005330891033483481,-0.026754738045655143,0.05330891033485621
-0.0055957067644905375,-0.02620840815575622,0.055957067644928665
-0.005854928187310148,-0.025635876408165878,0.0585492818731396
-0.006108296145308651,-0.025037715191534634,0.06108296145310951
-0.006355557333854204,-0.024414522517576098,0.06355557333859743
-0.00659646455355811,-0.023766921423205,0.06596464553562206
-0.006830776957412414,-0.02309555934765591,0.06830776957419574
-0.007058260291576725,-0.022401107485206195,0.07058260291574711
-0.0072786871295735,-0.02168426011414889,0.07278687129571396
-0.007491837099657682,-0.020945733902687422,0.07491837099657914
-0.007697497105133358,-0.020186267192447822,0.0769749710513409
-0.007895461537397203,-0.019406619260321105,0.07895461537400247
-0.00808553248149569,-0.018607569559376372,0.08085532481494387
-0.008267519913990582,-0.01778991693960205,0.08267519913992114
-0.008441241892934869,-0.01695447884925529,0.08441241892943055
-0.008606524739769241,-0.016102090517619246,0.08606524739777796
-0.008763203212957251,-0.01523360411998275,0.08763203212952089
-0.008911120673185542,-0.014349887925675328,0.08911120673196357
-0.009050129239964006,-0.013451825430017458,0.09050129239961038
-0.009180089939469322,-0.012540314471045871,0.0918008993947069
-0.009300872843484041,-0.011616266331897896,0.09300872843488808
-0.009412357199292324,-0.010680604829758581,0.09412357199297502
-0.009514431550402484,-0.009734265392273548,0.0951443155040316
-0.009606993847975625,-0.008778194122354577,0.09606993847976239
-0.009689951552848962,-0.007813346852312742,0.09689951552860468
-0.009763221728051859,-0.00684068818826678,0.09763221728058777
-0.00982673112172208,-0.005861190545777462,0.09826731121727575
-0.009880416240339338,-0.0048758331776741146,0.09880416240339382
-0.009924223412202945,-0.0038856011950471952,0.09924223412198999
-0.009958108841090092,-0.0028914845823822324,0.09958108841100252
-0.009982038650041127,-0.0018944772078248258,0.09982038650047878
-0.009995988915228056,-0.0008955758295608525,0.09995988915231588
-0.009999945689872386,0.00010422090069470776,0.09999945689879616
-0.009993905018188422,0.0011039134360981355,0.0999390501818894
-0.00997787293933806,0.0021025023339744436,0.09977872939337226
-0.00995186548139313,0.003098989255011558,0.09951865481405056
-0.009915908645311331,0.004092377961347988,0.09915908645323543
-0.009870038378941784,0.005081675312561589,0.0987003837894849
-0.009814300541086158,0.006065892258563471,0.09814300541089135
-0.009748750855651335,0.007044044828401189,0.09748750855665225
-0.009673454855939422,0.008015155113981506,0.09673454855941108
-0.009588487819130836,0.00897825224773564,0.0958848781914157
-0.009493934691025937,0.009932373373244142,0.0949393469102848
-0.009389890001120458,0.010876564607851713,0.09389890001122961
-0.009276457768099633,0.011809881996313281,0.0927645776810839
-0.00915375139584551,0.012731392454511084,0.09153751395847667
-0.009021893560061422,0.013640174702306643,0.09021893560063507
-0.008881016085626931,0.014535320184591562,0.08881016085634855
-0.008731259814805905,0.015415933979613682,0.08731259814807554
-0.008572774466439457,0.016281135693676,0.08572774466438851
-0.00840571848626452,0.017130060341311405,0.08405718486269251
-0.008230258888507713,0.017961859210049978,0.0823025888850222
-0.00804657108891286,0.018775700708920467,0.08046571088907559
-0.007854838729369085,0.019570771199834528,0.0785483872937365
-0.007655253494314818,0.02034627581101892,0.07655253494314149
-0.007448014919101275,0.021101439231689646,0.07448014919100412
-0.007233330190506976,0.021835506487170187,0.07233330190510376
-0.0070114139396027465,0.022547743693675737,0.07011413939600633
-0.006782488027174295,0.023237438792014634,0.06782488027177333
-0.006546781321916875,0.023903902259469315,0.06546781321916331
-0.006304529471623796,0.024546467799146435,0.06304529471626072
-0.006055974667597526,0.02516449300610753,0.06055974667595823
-0.005801365402518922,0.025757360009613334,0.058013654025202505
-0.005540956222016654,0.026324476090840297,0.055409562220189806
-0.005275007470185199,0.026865274275450688,0.0527500747018885
-0.0050037850293058175,0.027379213900425584,0.05003785029309096
-0.0047275600540307265,0.027865781154592612,0.04727560054031496
-0.004446608700296218,0.02832448959230908,0.04446608700297919
-0.004161211849235744,0.02875488061978573,0.04161211849235055
-0.003871654826368986,0.029156523953565903,0.03871654826368445
-0.0035782271163476475,0.02952901805070177,0.03578227116348895
-0.0032812220735431562,0.029871990510196473,0.03281222073545134
-0.0029809366287656134,0.030185098445312107,0.029809366287675693
-0.0026776709924071986,0.03046802882637085,0.026776709924073466
-0.0023717283543068114,0.030720498793706592,0.023717283543074535
-0.0020634145806360093,0.03094225594045382,0.020634145806371046
-0.0017530379081092842,0.0311330785648912,0.017530379081104747
-0.0014409086358243884,0.03129277589208795,0.014409086358244033
-0.0011273388150407925,0.031421188264631236,0.011273388150413871
-0.0008126419372064181,0.03151818730224366,0.008126419372070509
-0.0004971326205445435,0.031583676030131236,0.004971326205445797
-0.00018112629551421644,0.03161758897593418,0.0018112629551441384
0.0001350611105413686,0.031619892235182835,-0.0013506111054140402
0.00045111348924325073,0.03159058350519359,-0.00451113489243557
0.0007667148672060741,0.031529692087371095,-0.007667148672063001
0.0010815497219325001,0.0314372788579141,-0.010815497219336584
0.0013953032972568436,0.031313436206954585,-0.013953032972566143
0.0017076619180225695,0.031158287946190605,-0.01707661918022982
0.0020183133036790497,0.030971989185105433,-0.02018313303680433
0.0023269468804840627,0.03075472617589717,-0.02326946880484801
0.002633254091999913,0.03050671612727291,-0.02633254092000417
0.0029369287075727488,0.03022820698729422,-0.029369287075734468
0.003237667128486676,0.029919477195491193,-0.03237667128487079
0.0035351686914865937,0.02958083540449239,-0.03535168691488952
0.003829135969366304,0.029212620171449637,-0.03829135969366096
0.004119275068321378,0.028815199619565114,-0.04119275068324388
0.0044052959217695045,0.02838897107006028,-0.04405295921772304
0.004686912580344578,0.027934360644954342,-0.046869125803464334
0.0049638434977745905,0.027451822841048242,-0.04963843497775525
0.005235811812357539,0.026941840075541408,-0.05235811812361188
0.005502545623753924,0.026404922203735564,-0.055025456237556974
0.005763778264819136,0.025841606009306902,-0.05763778264817507
0.006019248568203949,0.02525245466765565,-0.06019248568207505
0.006268701127456589,0.024638057182872465,-0.06268701127456186
0.006511886552365359,0.023999027798881453,-0.06511886552364057
0.00674856171828651,0.023336005385348822,-0.06748561718288545
0.006978490009208123,0.022649652798973803,-0.06978490009211871
0.00720144155430698,0.021940656220797508,-0.07201441554314034
0.007417193457761935,0.02120972447019351,-0.07417193457765972
0.0076255300215940305,0.020457588296225595,-0.07625530021592272
0.007826242961310561,0.019684999647080554,-0.07826242961308541
0.008019131614137505,0.018892730918308242,-0.08019131614137695
0.008204003139632146,0.018081574180619855,-0.08204003139630014
0.008380672712475317,0.017252340388014403,-0.0838067271247904
0.008548963707250529,0.01640585856702792,-0.08548963707250604
0.00870870787502524,0.015542974987914212,-0.08708707875023577
0.008859745511557736,0.0146645523185851,-0.0885974551155864
0.009001925616961455,0.013771468762158734,-0.09001925616968684
0.009135106046667132,0.012864617178976743,-0.0913510604667114
0.00925915365353185,0.011944904193966628,-0.09259153653531157
0.009373944420952893,0.011013249290242055,-0.09373944420960292
0.00947936358685336,0.010070583889851478,-0.09479363586851239
0.009575305758415557,0.009117850422587849,-0.0957530575842134
0.009661675017447467,0.00815600138379412,-0.0966167501745325
0.009738385016276975,0.0071859983821075096,-0.09738385016278953
0.00980535906407796,0.006208811178089401,-0.09805359064083216
0.009862530203541943,0.005225416714707344,-0.0986253020355792
0.009909841277818672,0.004236798140638336,-0.09909841277822237
0.009947244987658683,0.0032439438273639664,-0.09947244987665152
0.009974703938700731,0.0022478463810456806,-0.09974703938700566
0.009992190678856799,0.0012495016501677654,-0.0999219067885774
0.00999968772575732,0.00024990772993664797,-0.09999687725764608
0.009997187584229189,-0.0007499360355630467,-0.09997187584229286
0.009984692753789054,-0.0017490300524639747,-0.09984692753789273
0.00996221572614443,-0.002746375476460895,-0.09962215726149135
0.009929778972705106,-0.0037409752114037752,-0.09929778972708472
0.009887414922117362,-0.004731834906144957,-0.09887414922115165
0.009835165927843422,-0.005717963948643141,-0.09835165927848513
0.009773084225818574,-0.006698376456326511,-0.09773084225818893
0.009701231882228293,-0.0076720922617295306,-0.09701231882241493
0.009619680731457574,-0.008638137892414412,-0.09619680731456146
0.009528512304274494,-0.009595547544201525,-0.09528512304286121
0.009427817746319827,-0.010543364046731871,-0.09427817746320785
0.009317697726984181,-0.011480639820397319,-0.09317697726988153
0.009198262338763771,-0.012406437823684686,-0.09198262338759208
0.009069630987195435,-0.01331983248998247,-0.09069630987196478
0.008931932271480942,-0.014219910652916171,-0.08931932271477558
0.00878530385591993,-0.015105772459286232,-0.08785303855923657
0.008629892332280016,-0.01597653226869653,-0.08629892332282293
0.008465853073241669,-0.016831319538972985,-0.08465853073246868
0.00829335007706436,-0.017669279696488772,-0.0829335007706887
0.008112555803629297,-0.018489574990523734,-0.08112555803630342
0.007923651002022646,-0.019291385330806467,-0.07923651002024287
0.007726824529831617,-0.020073909107399354,-0.07726824529833456
0.007522273164334081,-0.0208363639921078,-0.07522273164335411
0.007310201405770477,-0.02157798772061312,-0.07310201405771002
0.007090821272894677,-0.022298038854546814,-0.07090821272902845
0.00686435209100823,-0.022995797522742556,-0.06864352091012008
0.006631020272689878,-0.02367056614092787,-0.06631020272694252
0.006391059091439564,-0.024321670109134868,-0.06391059091445675
0.0061447084484632375,-0.024948458486130518,-0.061447084484672926
0.005892214632831606,-0.02555030464019572,-0.05892214632836704
0.005633830075252626,-0.02612660687560043,-0.05633830075257515
0.005369813095703881,-0.02667678903414853,-0.053698130957044926
0.005100427645177175,-0.027200301071192628,-0.05100427645177427
0.004825943041793505,-0.027696619605541293,-0.0482594304179588
0.004546633701552254,-0.02816524844270893,-0.04546633701556865
0.004262778863983779,-0.02860571907098618,-0.04262778863988173
0.003974662312979675,-0.02901759112983462,-0.03974662312980656
0.0036825720930798124,-0.02940045285013784,-0.03682572093083705
0.0033868002214997887,-0.0297539214658669,-0.03386800221497496
0.0030876423961866983,-0.030077643596751184,-0.030876423961881644
0.00278539770019509,-0.03037129560157046,-0.02785397700197309
0.002480368302678667,-0.030634583901714155,-0.024803683026766082
0.002172859156796657,-0.030867245274687868,-0.021728591567976435
0.0018631776948368694,-0.031069047117269634,-0.018631776948376727
0.0015516335208602483,-0.031239787678054583,-0.015516335208612814
0.0012385381011741933,-0.03137929625915641,-0.01238538101175371
0.0009242044529440992,-0.03148743338686242,-0.009242044529447296
0.0006089468312544253,-0.03156409095107236,-0.006089468312541785
0.000293080414932155,-0.03160919231338169,-0.002930804149324201
-2.3079008553256634e-05,-0.03162269238370064,0.00023079008553325564
-0.0003392153587984251,-0.03160457766533304,0.0033921535879865294
-0.0006550125784674389,-0.03155486626846974,0.006550125784674149
-0.0009701549492702019,-0.03147360789208285,0.009701549492703437
-0.0012843274076018124,-0.031360883774239234,0.012843274076020789
-0.0015972158595274222,-0.031216806610882747,0.015972158595276925
-0.0019085074947976682,-0.03104152044316643,0.01908507494798614
-0.0022178910995807374,-0.03083520051344741,0.02217891099581762
-0.0025250573675984164,-0.030598053090088388,0.02525057367598657
-0.0028296992093550613,-0.03033031526124059,0.028296992093572643
-0.00313151205915034,-0.030032254697815144,0.031315120591516615
-0.0034301941795688105,-0.02970416938587897,0.03430194179571791
-0.0037254469631419207,-0.02934638732874308,0.037254469631459924
-0.004016975230880844,-0.028959266219041546,0.04016975230884681
-0.004304487527381692,-0.028543193081128123,0.043044875273837574
-0.004587696412208075,-0.02809858388414835,0.045876964122116975
-0.00486631874725969,-0.027625883126174648,0.04866318747262363
-0.00514007597983966,-0.027125563389819425,0.05140075979842065
-0.005408694421137609,-0.02659812486977031,0.05408694421140234
-0.005671905519850064,-0.0260440948727207,0.05671905519851875
-0.005929446130664641,-0.02546402729019478,0.05929446130666535
-0.0061810587773395865,-0.02485850204479429,0.061810587773432873
-0.006426491910115665,-0.02422812451042133,0.06426491910115936
-0.006665500157203048,-0.02357352490705533,0.06665500157204099
-0.006897844570091778,-0.02289535767069066,0.0689784457008927
-0.007123292862440551,-0.022194300799064,0.07123292862443967
-0.007341619642305004,-0.0214710551738266,0.07341619642303962
-0.007552606637473324,-0.02072634385983739,0.07552606637480244
-0.007756042913683907,-0.019960911382279123,0.07756042913685066
-0.007951725085506898,-0.01917552298231919,0.07951725085513575
-0.008139457519678792,-0.01837096385205963,0.08139457519677692
-0.008319052530686797,-0.017548038349541308,0.08319052530688689
-0.008490330568407435,-0.01670756919458625,0.08490330568412494
-0.008653120397611791,-0.01585039664628499,0.08653120397612649
-0.008807259269157949,-0.014977377662946609,0.08807259269154963
-0.00895259308269945,-0.01408938504535354,0.08952593082706431
-0.009088976540747121,-0.013187306564180722,0.09088976540749902
-0.009216273293930259,-0.012272044072446895,0.0921627329392666
-0.009334356077311916,-0.01134451260388444,0.09334356077322434
-0.009443106837622022,-0.010405639458136764,0.0944310683763109
-0.009542416851281162,-0.0094563632736912,0.09542416851280197
-0.00963218683309698,-0.008497633089472368,0.09632186833096448
-0.009712327035524547,-0.00753040739604106,0.09712327035529719
-0.009782757338391476,-0.00655565317734479,0.09782757338395678
-0.009843407328998076,-0.005574344943975139,0.09843407328997342
-0.009894216372512449,-0.004587463758899515,0.09894216372515122
-0.009935133672590166,-0.0035959962566439988,0.09935133672595206
-0.009966118322157918,-0.0026009336569063094,0.09966118322158582
-0.009987139344310364,-0.0016032707735829069,0.09987139344309467
-0.009998175723279296,-0.0006040050202034161,0.09998175723280348
-0.009999216425444147,0.0003958645872331498,0.09999216425450971
-0.009990260410362859,0.00139533842902442,0.09990260410374432
-0.009971316631812069,0.002393417281133628,0.09971316631809732
-0.00994240402883557,0.0033891033141662365,0.09942404028842436
-0.009903551506809993,0.004381401090949008,0.09903551506812988
-0.009854797908546662,0.005369318561717307,0.09854797908552995
-0.009796191975458484,0.0063518680559182285,0.09796191975465438
-0.009727792298830727,0.007328067269633278,0.09727792298835561
-0.009649667261244372,0.00829694024763757,0.09649667261250269
-0.009561894968210631,0.009257518359110675,0.09561894968211829
-0.009464563170084948,0.010208841266025868,0.0946456317009203
-0.00935776917433858,0.011149957883247765,0.09357769174345923
-0.009241619748275446,0.012079927329379006,0.09241619748278881
-0.009116231012291514,0.012997819867407468,0.09116231012290357
-0.008981728323783422,0.01390271783421102,0.089817283237807
-0.00883824615182241,0.014793716557991327,0.08838246151825449
-0.008685927942718859,0.01566992526271881,0.08685927942724223
-0.008524925976611837,0.016530467958685523,0.08524925976610079
-0.008355401215227022,0.017374484318277542,0.08355401215230304
-0.008177523140955198,0.018201130536087292,0.08177523140964696
-0.007991469587412231,0.019009580172506098,0.0799146958741139
-0.007797426561649904,0.019799024979959265,0.07797426561651968
-0.007595588058195348,0.020568675710951934,0.07595588058201438
-0.007386155865105001,0.02131776290711754,0.07386155865110713
-0.00716933936222699,0.022045537668484622,0.07169339362230917
-0.006945355311873617,0.022751272402190055,0.06945355311877724
-0.006714427642113219,0.02343426154988952,0.06714427642111562
-0.006476787222898071,0.02409382229314003,0.0647678722289862
-0.006232671635252132,0.02472929523604783,0.06232671635257378
-0.005982324933749401,0.025340045064498235,0.059823249337507295
-0.0057259974025203495,0.025925461181312136,0.05725997402527258
-0.005463945305030338,0.02648495831669012,0.05463945305032472
-0.005196430627880209,0.027017977113335742,0.05196430627879908
-0.00492372081888516,0.027523984685674102,0.04923720818887259
-0.004646088519693773,0.028002475152603266,0.046460885196960316
-0.004363811293214513,0.028452970143248706,0.04363811293212774
-0.004077171346122192,0.02887501927521554,0.040771713461239284
-0.003786455246721825,0.029268200604857807,0.03786455246721457
-0.0034919536384519535,0.029632121049116493,0.03491953638452247
-0.003193960949313847,0.02996641677850478,0.03193960949313504
-0.0028927750975170914,0.030270753580846382,0.028927750975185046
-0.0025886971936358383,0.030544827195404228,0.025886971936384146
-0.002282031239573493,0.03078836361706485,0.0228203123957402
-0.0019730838246367916,0.031001119370275398,0.019730838246369703
-0.0016621638190231227,0.031182881752458393,0.016621638190229743
-0.0013495820650275261,0.03133346904666092,0.01349582065027602
-0.0010356510662780903,0.03145273070322624,0.010356510662787838
-0.0007206846753104305,0.03154054749030572,0.007206846753109036
-0.00040499777979359703,0.03159683161306097,0.004049977797940113
-8.890598772110853e-05,0.031621526801436727,0.0008890598772120228
0.00022727468811815942,0.031614608366416865,-0.002272746881184534
0.0005432281460737799,0.03157608322470723,-0.00543228146074301
0.0008586385116564194,0.031505989891820664,-0.008586385116569534
0.0011731904533333784,0.03140439844357114,-0.011731904533335918
0.0014865694977813108,0.03127141044601535,-0.014865694977821892
0.0017984623442809482,0.031107158853912117,-0.017984623442824227
0.0021085571779395134,0.030911807877800932,-0.021085571779412976
0.0024165439814276806,0.030685552819832502,-0.02416543981427341
0.002722114844919419,0.030428619878515185,-0.02722114844919024
0.0030249642739248596,0.030141265922572925,-0.030249642739261756
0.0033247894947084303,0.029823778234141226,-0.033247894947078055
0.0036212907569869194,0.02947647422155659,-0.036212907569848934
0.003914171633604838,0.029099701102027125,-0.03914171633604416
0.004203139316887486,0.028693835554502407,-0.04203139316889934
0.004487904911375443,0.028259283343089064,-0.044879049113769415
0.004768183722647827,0.027796478911387656,-0.0476818372265124
0.0050436955419455535,0.027305884948157718,-0.050436955419475044
0.005314164926310066,0.02678799192474472,-0.053141649263124674
0.005579321473957444,0.026243317604731024,-0.055793214739614544
0.0058389000946126104,0.025672406526302188,-0.05838900094615293
0.006092641274533343,0.02507582945784438,-0.06092641274540836
0.006340291335959161,0.024454182827319194,-0.06340291335962919
0.0065816026907256795,0.023808088125984485,-0.06581602690731228
0.006816334087790893,0.023138191287058185,-0.06816334087794781
0.007044250854425917,0.022445162039946703,-0.07044250854434833
0.007265125130829066,0.02172969324068307,-0.07265125130837854
0.007478736097928704,0.020992500179244467,-0.07478736097934172
0.007684870198147129,0.020234319864440506,-0.0768487019814503
0.00788332134890477,0.019455910287087753,-0.07883321348910013
0.008073891148651258,0.01865804966220977,-0.08073891148649667
0.008256389075217389,0.0178415356510165,-0.08256389075215734
0.008430632676289676,0.01700718456344084,-0.0843063267629742
0.008596447751817053,0.016155830542034653,-0.08596447751826333
0.008753668528167401,0.015288324728034982,-0.087536685281671
0.008902137823859744,0.014405534410433454,-0.08902137823863446
0.009041707206706436,0.013508342158905085,-0.09041707206703939
0.009172237142208259,0.012597644941459435,-0.09172237142209075
0.009293597133054037,0.011674353227696246,-0.09293597133054685
0.009405665849585338,0.010739390078563994,-0.09405665849590375
0.009508331251095806,0.009793690223529463,-0.09508331251100219
0.009601490697843863,0.008838199126082056,-0.09601490697847928
0.009685051053666804,0.007873872038506032,-0.09685051053672564
0.00975892877909367,0.00690167304686719,-0.09758928779104273
0.009823050014863848,0.005922574107168411,-0.09823050014871312
0.009877350655767872,0.004937554073636484,-0.09877350655767228
0.00992177641473661,0.003947597720111022,-0.09921776414742031
0.009956282877114756,0.0029536947555182397,-0.09956282877113612
0.009980835545064393,0.001956838834409195,-0.09980835545067276
0.009995409872054203,0.0009580265635528178,-0.09995409872060271
0.009999991287399864,-4.174349442068333e-05,-0.09999991287409751
0.009994575210831094,-0.0010414718193332824,-0.0999457521084223
0.009979167057070781,-0.002040158932729368,-0.09979167057079477
0.009953782230421612,-0.003036806397104448,-0.09953782230422123
0.009918446109365618,-0.004030417814094302,-0.0991844610937497
0.009873194021192033,-0.005019999820622815,-0.09873194021195295
0.009818071206678835,-0.00600456308201672,-0.09818071206682802
0.009753132774863279,-0.006983123281094487,-0.09753132774872539
0.009678443647946629,-0.007954702102235535,-0.09678443647948423
0.009594078496388188,-0.008918328209452582,-0.09594078496392497
0.0095001216642535,-0.009873038217485116,-0.09500121664258168
0.00939666708489136,-0.010817877654942727,-0.0939666708489407
0.009283818187023955,-0.01175190191853845,-0.0928381818702039
0.009161687791343978,-0.012674177217456837,-0.09161687791347348
0.009030397997722142,-0.013583781506910437,-0.09030397997724662
0.008890080063137821,-0.014479805409953679,-0.08890080063140168
0.008740874270454885,-0.015361353126633545,-0.08740874270457169
0.008582929788173894,-0.016227543329564716,-0.08582929788166269
0.008416404521300878,-0.017077510045038425,-0.0841640452130791
0.008241464953481794,-0.017910403518778397,-0.08241464953491548
0.008058285980560496,-0.018725391065481246,-0.08058285980565408
0.00786705073572661,-0.01952165790129585,-0.07867050735726608
0.007667950406428111,-0.020298407958403923,-0.07667950406434901
0.007461184043231655,-0.0210548646808873,-0.07461184043232624
0.007246958360821769,-0.021790271801090017,-0.0724695836082169
0.007025487531337828,-0.022503894095698064,-0.07025487531339256
0.006796992970255449,-0.023195018120777823,-0.06796992970255925
0.00656170311502635,-0.02386295292504198,-0.06561703115027204
0.006319853196697998,-0.024507030740628478,-0.06319853196702777
0.006071685004741351,-0.025126607650700874,-0.06071685004745117
0.005817446645321825,-0.02572106423320428,-0.05817446645323013
0.005557392293255138,-0.026289806180133206,-0.055573922932555
0.0052917819378960175,-0.026832264891690813,-0.052917819378966474
0.005020881123213831,-0.027347898044746476,-0.05020881123216622
0.0047449606823149835,-0.027836190135023055,-0.0474496068231495
0.004464296466677505,-0.0282966529924726,-0.044642964666759294
0.004179169070368517,-0.028728826269324974,-0.041791690703715606
0.003889863549520295,-0.02913227790031948,-0.03889863549518577
0.0035966691373453845,-0.029506604534662643,-0.035966691373446796
0.003299878954975677,-0.02985143193927883,-0.032998789549790825
0.00299978971841454,-0.030166415372948552,-0.029997897184153605
0.0026967014418949765,-0.030451239930964193,-0.026967014418974283
0.0023909171379403755,-0.030705620859956012,-0.023909171379389665
0.0020827425144277238,-0.030929303842574325,-0.020827425144273132
0.0017724856689561347,-0.031122065251743495,-0.017724856689560614
0.001460456780826254,-0.031283712374232636,-0.014604567808267216
0.0011469678009384864,-0.0314140836033209,-0.011469678009386503
0.0008323321399200627,-0.03151304860036383,-0.00832332139919853
0.0005168643547927462,-0.03158050842509947,-0.005168643547930035
0.0002008798344944296,-0.03161639563456385,-0.0020087983449464664
-0.00011530551543097479,-0.03162067435051702,0.0011530551543124934
-0.00043137558866012207,-0.03159334029531244,0.004313755886603904
-0.0007470143941175519,-0.03153442079617353,0.007470143941177593
-0.0010619063718877858,-0.03144397475787324,0.010619063718880245
-0.001375736708696372,-0.03132209260384399,0.01375736708696959
-0.0016881916526444763,-0.031168896185776885,0.016881916526451907
-0.0019989588268823624,-0.030984538661800322,0.019989588268860853
-0.002307727541908167,-0.030769204343360612,0.02307727541908125
-0.0026141891061797506,-0.03052310851095609,0.02614189106182327
-0.0029180371347290834,-0.03024649719891048,0.029180371347299033
-0.0032189678554706376,-0.02993964694940035,0.032189678554726736
-0.003516680412897548,-0.029602864535981755,0.03516680412899223
-0.0038108771688619243,-0.029236486656893487,0.03810877168866153
-0.004101264000138608,-0.02884087959844329,0.04101264000137764
-0.004387550592474888,-0.028416438868812715,0.04387550592473741
-0.0046694507308321885,-0.02796358880264735,0.04669450730833549
-0.004946682585529571,-0.027482782136829143,0.04946682585530557
-0.005218968994002979,-0.026974499557852447,0.05218968994003351
-0.005486037737898527,-0.026439249221257167,0.05486037737902269
-0.005747621815222817,-0.025877566243600793,0.05747621815225226
-0.006003459707278199,-0.025290012167475583,0.0600345970727901
-0.006253295640116105,-0.024677174400105657,0.06253295640119486
-0.0064968798402470695,-0.024039665626087257,0.06496879840248479
-0.006733968784351792,-0.023378123194857187,0.06733968784352942
-0.0069643254427435896,-0.02269320848350237,0.06964325442743377
-0.007187719516338841,-0.021985606235547926,0.07187719516345506
-0.007403927666898509,-0.02125602387638565,0.07403927666900043
-0.007612733740310563,-0.02050519080602514,0.07612733740310165
-0.007813928982690064,-0.01973385766987513,0.07813928982689941
-0.008007312249080873,-0.018942795608286628,0.08007312249080126
-0.008192690204550332,-0.018132795485605216,0.081926902045481
-0.008369877517475878,-0.01730466709950386,0.08369877517479032
-0.008538697044830339,-0.016459238371388355,0.08538697044831065
-0.008698980009280693,-0.015597354518682459,0.08698980009286852
-0.008850566167923216,-0.014719877209822175,0.08850566167918825
-0.008993303972486336,-0.013827683702801758,0.08993303972489489
-0.00912705072084102,-0.012921665968135109,0.09127050720843485
-0.009251672699667242,-0.012002729797109203,0.09251672699674632
-0.009367045318133881,-0.011071793896218747,0.09367045318134512
-0.00947305323245842,-0.01012978896868884,0.09473053232463627
-0.009569590461221885,-0.009177656784004255,0.09569590461228059
-0.009656560491323789,-0.008216349236376558,0.09656560491325875
-0.009733876374471104,-0.007246827393086514,0.09733876374475012
-0.009801460814104823,-0.0062700605336573,0.09801460814109278
-0.009859246242677198,-0.005287025180817688,0.09859246242682959
-0.009907174889202404,-0.004298704124223471,0.09907174889201378
-0.009945198837013083,-0.003306085437912284,0.0994519883702237
-0.009973280071665033,-0.0023101614924776947,0.09973280071669413
-0.009991390518942154,-0.0013119279629466235,0.09991390518952012
-0.00999951207292365,-0.00031238283335255964,0.09999512072929265
-0.00999763661408542,0.0006874746009985005,0.0999763661409194
-0.009985766017417557,0.001686644732574163,0.09985766017421308
-0.009963912150549821,0.0026841286409730524,0.09963912150556484
-0.00993209686188698,0.003678929091595181,0.09932096861886089
-0.009890351958765862,0.004670051532628344,0.09890351958777174
-0.009838719175655968,0.0056565050893504585,0.09838719175665114
-0.009777250132435437,0.006637303554755758,0.0977725013244087
-0.009706006282784072,0.007611466375517288,0.09706006282789739
-0.009625058852745014,0.008578019632294272,0.09625058852749921
-0.009534488769516503,0.009535997013407885,0.09534488769522334
-0.009434386580544907,0.01048444078091142,0.09434386580548368
-0.009324852362999906,0.011422402728088739,0.09324852362998018
-0.009205995623722336,0.012348945127425308,0.09205995623733373
-0.009077935189744714,0.013263141668099134,0.0907793518974315
-0.008940799089493912,0.014164078382061258,0.08940799089499327
-0.008794724424794726,0.015050854557775906,0.08794724424793623
-0.008639857233802317,0.01592258364070587,0.086398572338057
-0.008476352345000555,0.016778394119646416,0.08476352345005181
-0.008304373222412235,0.01761743039801771,0.08304373222420666
-0.008124091802175909,0.01843885364924745,0.08124091802174141
-0.007935688320652726,0.01924184265538908,0.07935688320658416
-0.00773935113423511,0.02002559462813415,0.07739351134243036
-0.007535276531037448,0.020789326011398296,0.07535276531039878
-0.00732366853465704,0.021532273264683266,0.07323668534659503
-0.007104738700201491,0.022253693626426624,0.07104738700207677
-0.006878705902786475,0.0229528658565766,0.06878705902791885
-0.006645796118715331,0.023629090957652164,0.06645796118719369
-0.0064062421995592376,0.024281692873566484,0.06406242199567017
-0.0061602836393638396,0.02491001916551312,0.06160283639365724
-0.0059081663352150635,0.025513441664242097,0.05908166335213841
-0.0056501423414034874,0.026091357098073108,0.056501423414063806
-0.005386469617433045,0.026643187696015314,0.05386469617437753
-0.005117411770126002,0.027168381765393403,0.051174117701240446
-0.004843237790082016,0.027666414243403804,0.04843237790083946
-0.004564221782754768,0.028136787222045656,0.04564221782753117
-0.00428064269441502,0.02857903044590407,0.042806426944151627
-0.003992784033274056,0.0289927017822886,0.039927840332755066
-0.00370093358604634,0.029377387663254678,0.03700933586046054
-0.003405383130234723,0.02973270349906874,0.034053831302351595
-0.0031064281424258693,0.030058294062701968,0.03106428142429421
-0.0028043675028875197,0.03035383384496795,0.028043675028902454
-0.002499503196762927,0.030619027379950627,0.02499503196763256
-0.002192140012161189,0.03085360954039692,0.02192140012162555
-0.0018825852354453177,0.03105734580277736,0.01882585235446213
-0.001571148344022677,0.03123003248175079,0.01571148344022441
-0.001258140696944927,0.03137149693379922,0.012581406969461556
-0.0009438752236267914,0.031481597729827886,0.009438752236272746
-0.0006286661109948569,0.03156022479655901,0.006286661109951824
-0.00031282848937917317,0.03160729952657774,0.0031282848937942143
3.3218825383145087e-06,0.03162277485691979,-3.321882538295795e-05
0.00031946893340352694,0.0316066353161227,-0.0031946893340356886
0.0006352965951826073,0.03155889703969338,-0.0063529659518267445
0.0009504891191509577,0.031479607753976686,-0.009504891191513126
0.0012647313915630457,0.031368846728440924,-0.01264731391563964
0.001577709248687392,0.031226724696428308,-0.015777092486883776
0.0018891097908917795,0.031053383744449208,-0.018891097908936144
0.002198621695464682,0.030848997170131277,-0.02198621695464978
0.0025059355278601635,0.030613769308965037,-0.025059355278598344
0.002810744051055085,0.030347935330019282,-0.028107440510552723
0.0031127425327093367,0.03005176100083103,-0.031127425327097752
0.0034116290498220135,0.029725542421704342,-0.03411629049823964
0.0037071047905789557,0.029369605729684112,-0.03707104790580659
0.003998874353089878,0.02898430677250034,-0.03998874353094797
0.004286646040716428,0.02857003075280973,-0.04286646040717387
0.004570132153695922,0.02812719184308892,-0.045701321536988276
0.004849049276769193,0.02765623277156533,-0.04849049276772996
0.005123118562525021,0.027157624379600252,-0.05123118562528531
0.005392066010177846,0.026631865150964707,-0.0539206601018237
0.005655622739500072,0.02607948071348061,-0.05655622739499569
0.005913525259635094,0.025501023313523746,-0.05913525259637717
0.006165515732522291,0.024897071263915646,-0.06165515732524254
0.006411342230670648,0.02426822836575575,-0.0641134223067362
0.006650758989023281,0.023615123304770926,-0.06650758989022867
0.0068835266506610685,0.022938409022786498,-0.0688352665066568
0.00710941250609974,0.022238762064947824,-0.07109412506107829
0.007328190725941206,0.021516881903345282,-0.07328190725943004
0.007539642586646509,0.020773490237715433,-0.07539642586653975
0.007743556689204699,0.020009330273922515,-0.07743556689204398
0.007939729170479002,0.0192251659809381,-0.07939729170483903
0.008127963907019007,0.018421781327062896,-0.08127963907020161
0.008308072711135097,0.017599979496155042,-0.08308072711136907
0.008479875519039101,0.016760582084645863,-0.08479875519046684
0.00864320057086308,0.015904428280149742,-0.08643200570875723
0.008797884582376264,0.015032374022487239,-0.08797884582374324
0.008943772908228486,0.014145291147957203,-0.08943772908226402
0.009080719696556862,0.013244066517717886,-0.09080719696559933
0.0092085880348012,0.012329601131149816,-0.09208588034801482
0.009327250086582351,0.01140280922508035,-0.09327250086587843
0.009436587219506631,0.010464617359775698,-0.09436587219505191
0.00953649012376857,0.009515963492612016,-0.09536490123768457
0.009626858921433388,0.008557796040351636,-0.09626858921439121
0.009707603266289971,0.007591072930964999,-0.09707603266293638
0.009778642434174506,0.0066167606459419165,-0.09778642434168008
0.009839905403674463,0.00563583325404952,-0.09839905403679924
0.009891330927132255,0.004649271437508835,-0.09891330927133782
0.00993286759187759,0.0036580615115582,-0.0993286759187891
0.009964473871627294,0.0026631944383826607,-0.09964473871631876
0.009986118168001212,0.0016656648364009286,-0.09986118168002764
0.009997778842112693,0.0006664699858951358,-0.09997778842113095
0.009999444236202065,-0.0003333911680207559,-0.09999444236204738
0.009991112685291481,-0.0013329190140958617,-0.09991112685297379
0.009972792518849485,-0.0023311142743033565,-0.09972792518852511
0.009944502052463621,-0.0033269790028694866,-0.09944502052470097
0.009906269569529426,-0.0043195175839695656,-0.09906269569531476
0.009858133292974101,-0.005307737727095332,-0.09858133292983853
0.00980014134704314,-0.006290651459096785,-0.09800141347045219
0.009732351709188113,-0.007267276111908789,-0.09732351709194856
0.0096548321521037,-0.008236635304973846,-0.0965483215210626
0.00956766017597194,-0.009197759921377998,-0.0956766017597678
0.00947092293098142,-0.01014968907672609,-0.09470922930985068
0.009364717130198864,-0.011091471079785191,-0.09364717130196923
0.00924914895288024,-0.01202216438393946,-0.0924914895288845
0.009124333938318043,-0.012940838528499997,-0.09124333938322274
0.008990396870330881,-0.013846575068932339,-0.08990396870324577
0.00884747165251085,-0.014738468495073952,-0.08847471652507669
0.008695701174353395,-0.015615627136417115,-0.08695701174355594
0.008535237168403535,-0.016477174053554776,-0.08535237168397583
0.008366240058561245,-0.0173222479149033,-0.08366240058572902
0.008188878799697643,-0.018150003857817013,-0.08188878799701307
0.008003330708742361,-0.018959614333239415,-0.08003330708746734
0.007809781287410925,-0.019750269933047827,-0.07809781287421505
0.007608424036749404,-0.0205211801992564,-0.07608424036749958
0.007399460263681731,-0.021271574414278155,-0.07399460263685179
0.007183098879753089,-0.02200070237145031,-0.07183098879757885
0.006959556192270579,-0.02270783512505159,-0.06959556192267727
0.006729055688049984,-0.02339226571906754,-0.06729055688051275
0.006491827809984799,-0.024053309893969334,-0.06491827809984621
0.006248109726660944,-0.0246903067708017,-0.0624810972666264
0.005998145095247449,-0.025302619511897374,-0.0599814509525082
0.005742183817900187,-0.025889635957554894,-0.05742183817899579
0.005480481791922183,-0.026450769238045988,-0.05480481791922323
0.005213300653930259,-0.02698545836033887,-0.05213300653935313
0.004940907518283815,-0.02749316876894989,-0.04940907518285123
0.004663574710037234,-0.02797339288036624,-0.046635747100418706
0.004381579492682889,-0.028425650590502703,-0.043815794926873514
0.004095203790956951,-0.02884948975468488,-0.04095203790956212
0.0038047339089851166,-0.029244486639682075,-0.03804733908987715
0.0035104602440500362,-0.029610246347334,-0.035104602440508254
0.003212676996266617,-0.029946403209349805,-0.032126769962652096
0.0029116818744554383,-0.03025262115288597,-0.029116818744581247
0.002607775798508337,-0.030528594036534334,-0.02607775798509096
0.0023012625985437303,-0.030774045956386966,-0.02301262598543516
0.0019924487111524364,-0.03098873152187182,-0.019924487111535077
0.0016816428730376703,-0.03117243610108141,-0.016816428730382776
0.0013691558123555079,-0.03132497603535107,-0.013691558123549191
0.0010552999380643924,-0.03144619882287202,-0.010552999380642442
0.0007403890275942577,-0.031535983271154935,-0.007403890275940489
0.0004247379131475229,-0.031594239618192015,-0.0042473791314755205
0.0001086621669455794,-0.03162090962219668,-0.0010866216694566389
-0.00020752221426455764,-0.031615966619830724,0.002075222142647354
-0.0005234991251280166,-0.03157941555286108,0.0052349912512813235
-0.0008389526677084184,-0.031511292963219265,0.008389526677082065
-0.0011535674673068571,-0.03141166695646848,0.011535674673074675
-0.0014670289877577753,-0.03128063713371516,0.014670289877589587
-0.0017790238458865154,-0.03111833449203285,0.017790238458871593
-0.0020892401248141686,-0.030924921293497786,0.020892401248140763
-0.002397367685796493,-0.030700590902967107,0.02397367685799487
-0.0027030984782851425,-0.030445567594762798,0.027030984782867057
-0.003006126847901223,-0.030160106328453347,0.030061268479023434
-0.0033061498420132772,-0.02984449249395745,0.033061498420155294
-0.003602867512614194,-0.029499041626225943,0.036028675126146575
-0.003895983216194251,-0.029124099089785395,0.038959832161963
-0.004185203910310477,-0.028720039733459903,0.041852039103135036
-0.004470240446555859,-0.028287267515616343,0.04470240446557697
-0.004750807859635473,-0.02782621510030657,0.047508078596377595
-0.005026625652260564,-0.027337343424711596,0.05026625652261743
-0.005297418075575721,-0.0268211412383198,0.052974180755741423
-0.005562914404838815,-0.02627812461429897,0.05562914404842481
-0.005822849210078074,-0.02570883643355279,0.05822849210081102
-0.006076962621455716,-0.025113845841975665,0.06076962621461349
-0.006325000589072838,-0.024493747681448793,0.06325000589076132
-0.006566715136955817,-0.023849161895147016,0.06566715136959403
-0.006801864610970303,-0.023180732907750204,0.06801864610976835
-0.0070302139204149565,-0.022489128981180422,0.07030213920418796
-0.007251534773053391,-0.021775041546506443,0.07251534773060761
-0.007465605903349353,-0.02103918451268598,0.07465605903348518
-0.007672213293676956,-0.020282293552834594,0.07672213293679206
-0.007871150388284811,-0.01950512536873643,0.0787115038828409
-0.008062218299800153,-0.018708456934331968,0.08062218299805099
-0.008245226008066504,-0.01789308471893818,0.08245226008070664
-0.008419990551116089,-0.017059823890978886,0.08419990551115183
-0.008586337208086076,-0.016209507503018434,0.08586337208093867
-0.00874409967389576,-0.015342985658918517,0.08744099673904468
-0.008893120225510092,-0.014461124663947892,0.08893120225508025
-0.00903324987962329,-0.013564806158691484,0.0903324987962014
-0.009164348541604897,-0.012654926237630124,0.09164348541607073
-0.009286285145559407,-0.011732394553271725,0.09286285145560899
-0.009398937785359393,-0.01079813340672564,0.09398937785360797
-0.009502193836521178,-0.00985307682563123,0.09502193836527403
-0.009595950068801158,-0.008898169630364843,0.09595950068800355
-0.009680112749400257,-0.007934366489454834,0.09680112749399825
-0.009754597736673285,-0.006962630965150889,0.09754597736679074
-0.00981933056424956,-0.005983934550104013,0.09819330564258441
-0.009874246515480663,-0.004999255696116674,0.09874246515488352
-0.009919290688140922,-0.004009578835935055,0.0991929068814402
-0.009954418049315905,-0.0030158933990616235,0.09954418049324612
-0.009979593480424083,-0.0020191928225738722,0.09979593480430413
-0.00999479181232663,-0.001020473557935748,0.09994791812332074
-0.00999999785049028,-2.0734074794247735e-05,0.0999999785049793
-0.009995206390178054,0.0009790261372395184,0.09995206390177394
-0.009980422221652702,0.0019778075678308785,0.09980422221649807
-0.009955660125387632,0.002974611685183106,0.09955660125394741
-0.009920944857290129,0.003968441934317628,0.09920944857295697
-0.009876311123951641,0.004958304733379908,0.09876311123949902
-0.009821803547949865,0.005943210466975353,0.09821803547958993
-0.009757476623237312,0.006922174475535251,0.0975747662323895
-0.009683394660660982,0.00789421803973066,0.09683394660669217
-0.009599631723667592,0.008858369358947387,0.0959963172366535
-0.009506271554258637,0.009813664522843522,0.09506271554257348
-0.00940340748926932,0.010759148475019905,0.09403407489270302
-0.009291142367055038,0.011693875967836572,0.0929114236706304
-0.009169588424678736,0.01261691250742381,0.09169588424681732
-0.0090388671857019,0.013527335287943223,0.09038867185706531
-0.008899109338691369,0.014424234114163163,0.08899109338692282
-0.008750454606563422,0.015306712311426156,0.08750454606567568
-0.008593051606895793,0.01617388762209967,0.0859305160690266
-0.008427057703347233,0.017024893087612396,0.08427057703351912
-0.008252638848333186,0.017858877915196903,0.08252638848338259
-0.008069969417114853,0.0186750083284698,0.08069969417119646
-0.007879232033467506,0.019472468400999476,0.07879232033473885
-0.007680617387102367,0.020250460872028343,0.0768061738710347
-0.007474324043024551,0.021008207943534925,0.07474324043028138
-0.007260558243017689,0.021744952057837535,0.0726055824302406
-0.007039533699453693,0.022459956654961685,0.07039533699458969
-0.006811471381633803,0.023152506909016223,0.06811471381631792
-0.0065765992948745135,0.023821910442841685,0.0657659929487743
-0.006335152252559237,0.024467498020213675,0.0633515225256239
-0.006087371641383612,0.025088624214911204,0.060873716413881646
-0.0058335051800291445,0.025684668055982355,0.058335051800348786
-0.005573806671506435,0.026255033648559484,0.055738066715077444
-0.005308535749415609,0.02679915076960575,0.05308535749417617
-0.005037957618377602,0.027316475437995712,0.050379576183816305
-0.004762342788895824,0.027806490458359878,0.04762342788901672
-0.004481966806913271,0.028268705938150687,0.044819668069144974
-0.004197109978335451,0.02870265977741333,0.04197109978338384
-0.003908057088794535,0.029107918130769937,0.03908057088793773
-0.0036150971189349034,0.02948407584115629,0.03615097118933294
-0.0033185229555047313,0.02983075684487814,0.03318522955503736
-0.003018631098542438,0.030147614547580512,0.03018631098543731
-0.0027157213649507588,0.030434332170755335,0.027157213649526973
-0.002410096588754778,0.03069062306844082,0.02410096588757002
-0.002102062318343594,0.03091623101379596,0.021020623183458348
-0.001791926510998298,0.031110930455263256,0.017919265110000943
-0.0014799992250116624,0.03127452674206388,0.014799992250123545
-0.0011665923097073435,0.0314068563187999,0.011665923097080672
-0.0008520190936685002,0.03150778688896875,0.008520190936689126
-0.0005365940714875236,0.03157721754722657,0.00536594071487459
-0.0002206325893500486,0.03161507888026844,0.002206325893499589
9.554947023241516e-05,0.03162133303622432,-0.0009554947023243943
0.00041163600422604367,0.0315959737625014,-0.0041163600422592095
0.0007273110050987264,0.03153902641203514,-0.007273110050993431
0.0010422588767486157,0.031450547917942724,-0.010422588767490332
0.0013561647500213503,0.03133062673660421,-0.01356164750021241
0.001668714797500512,0.031179382759228116,-0.016687147975006006
0.0019795965472566034,0.030996967191990167,-0.019795965472583582
0.0022884991952408806,0.030783562404865263,-0.02288499195239732
0.00259511391601172,0.030539381749302638,-0.025951139160127618
0.002899134171482872,0.03026466934492775,-0.028991341714850044
0.0032002560173849314,0.029959699835484133,-0.03200256017387351
0.0034981784071336426,0.029624778114258093,-0.03498178407133454
0.0037926034928012393,0.02926023901926126,-0.03792603492803229
0.004083236922889928,0.028866446998476507,-0.04083236922891795
0.0043697881366098175,0.028443795745501366,-0.04369788136611033
0.004651970654367087,0.027992707805952446,-0.04651970654367363
0.004929502364171976,0.02751363415502545,-0.04929502364172547
0.005202105803680267,0.02700705374663268,-0.052021058036828854
0.005469508437586274,0.02647347303456881,-0.05469508437594475
0.005731442930090041,0.02591342546618461,-0.05731442930089545
0.005987647412166322,0.025327470949071618,-0.05987647412170252
0.006237865743368153,0.02471619529129452,-0.06237865743371737
0.006481847767903279,0.024080209615730663,-0.06481847767905405
0.0067193495647274275,0.023420149749099048,-0.06719349564726892
0.006950133691404385,0.02273667558629245,-0.06950133691405083
0.007173969421489085,0.022030470430647472,-0.0717396942149445
0.007390632975196385,0.021302240310812577,-0.07390632975203429
0.007599907743124927,0.020552713274895933,-0.07599907743129494
0.0078015845028124005,0.019782638662598696,-0.07801584502815265
0.007995461627905705,0.01899278635606229,-0.07995461627912923
0.008181345289736915,0.018183946010179548,-0.08181345289741918
0.0083590496511035,0.017356926263137448,-0.08359049651100067
0.008528397052059085,0.016512553927979547,-0.0852839705205796
0.00868921818752898,0.01565167316599964,-0.0868921818754019
0.008841352276572949,0.014775144642794023,-0.08841352276572115
0.008984647223125962,0.013883844667808672,-0.08984647223134909
0.00911895976805625,0.012978664318248866,-0.09118959768061222
0.009244155632388625,0.012060508548226056,-0.09244155632394987
0.009360109651549898,0.011130295284028537,-0.09360109651555396
0.009466705900502168,0.010188954506425608,-0.09466705900503167
0.00956383780963889,0.009237427320918609,-0.09563837809636824
0.009651408271327834,0.008276665016870268,-0.09651408271330006
0.009729329736994455,0.007307628116454028,-0.09729329736994799
0.009797524304648583,0.0063312854143714545,-0.09797524304656666
0.009855923796766941,0.005348613009300318,-0.09855923796766067
0.009904469828453638,0.004360593328039017,-0.09904469828459947
0.00994311386581046,0.0033682141433253095,-0.09943113865814204
0.009971817274458644,0.0023724675863115805,-0.09971817274460379
0.009990551358163603,0.0013743491546802293,-0.09990551358166647
0.00999929738752398,0.0003748567173952554,-0.09999297387532832
0.009998046618696375,-0.0006250104829163077,-0.09998046618698431
0.009986800302137002,-0.0016242528289584282,-0.09986800302143978
0.009965569681351543,-0.0026218713281332346,-0.09965569681352154
0.009934375981654458,-0.0036168686112838717,-0.09934375981660587
0.009893250388948964,-0.004608249929814839,-0.09893250388958758
0.009842234018548937,-0.005595024150190676,-0.09842234018557999
0.00978137787407387,-0.006576204744822741,-0.09781377874083302
0.009710742796458007,-0.007550810778349827,-0.0971074279645841
0.009630399403124611,-0.008517867888329264,-0.09630399403130324
0.00954042801738619,-0.009476409259355048,-0.09540428017385333
0.009440918588141256,-0.010425476589631773,-0.09440918588149166
0.009331970599947913,-0.011364121049036826,-0.09331970599951905
0.009213692973564164,-0.012291404227712906,-0.09213692973569682
0.009086203957054378,-0.01320639907424436,-0.09086203957059397
0.008949631007570775,-0.01410819082247616,-0.08949631007576592
0.008804110663928137,-0.014995877906051508,-0.0880411066393037
0.008649788410099113,-0.015868572859753276,-0.08649788410105014
0.008486818529766611,-0.016725403206747123,-0.08486818529771917
0.008315363952078677,-0.01756551233083961,-0.08315363952077831
0.00813559608876007,-0.018388060332881723,-0.08135596088764402
0.007947694662743374,-0.0191922248704576,-0.07947694662753108
0.007751847528490985,-0.019977201980020117,-0.0775184752849723
0.007548250484187611,-0.020742206880654715,-0.07548250484194735
0.007337107075991017,-0.021486474758664113,-0.07337107075993249
0.007118628394536742,-0.022209261532190928,-0.0711862839454302
0.00689303286390022,-0.02290984459511347,-0.06893032863907816
0.006660546023227301,-0.023587523539470315,-0.06660546023229091
0.006421400301251478,-0.024241620855694358,-0.06421400301251762
0.0061758347839232395,-0.02487148260995325,-0.061758347839261096
0.005924094975383879,-0.02547647909791883,-0.05924094975385469
0.005666432552522714,-0.02605600547431417,-0.05666432552521389
0.0054031051133631,-0.026609482357608606,-0.05403105113367307
0.005134375919528789,-0.027136356409253624,-0.05134375919533024
0.0048605136330481065,-0.027636100886882904,-0.04860513633052538
0.004581792047759074,-0.0281082161709236,-0.04581792047761407
0.004298489815584001,-0.02855223026409092,-0.042984898155850326
0.004010890167947209,-0.028967699263267616,-0.04010890167948883
0.0037192806326143907,-0.029354207803295975,-0.037192806326183325
0.0034239527462367166,-0.02971136947223885,-0.03423952746239184
0.003125201762887046,-0.030038827197695295,-0.031252017628897344
0.0028233263588796505,-0.03033625360378377,-0.028233263588797575
0.0025186283341685502,-0.03060335133843629,-0.02518628334170675
0.0022114123106229885,-0.030839853370676053,-0.022114123106245775
0.0019019854274817012,-0.031045523257581413,-0.01901985427482661
0.0015906570342904434,-0.03122015538067015,-0.015906570342921034
0.0012777383816297615,-0.03136357515146623,-0.012777383816295507
0.0009635423099422061,-0.031475639186044846,-0.009635423099427276
0.0006483829367700793,-0.031556235448380494,-0.006483829367702365
0.00033257534271640267,-0.03160528336235484,-0.0033257534271666223
1.6435256443064352e-05,-0.031622733892312835,-0.00016435256443220192
-0.00029972126097893006,-0.03160856959208605,0.0029972126097895235
-0.000615578132051533,-0.03156280462243454,0.006155781320512366
-0.0009308195788481534,-0.03148548473688954,0.009308195788488016
-0.0012451304387126583,-0.03137668723601145,0.012451304387129658
-0.0015581964793432586,-0.031236520890108616,0.01558196479343682
-0.001869704712946272,-0.031065125830494037,0.018697047129478894
-0.002179343709145689,-0.030862673409389387,0.021793437091451262
-0.0024868039063357127,-0.030629366028615355,0.024868039063355274
-0.002791777921164991,-0.03036543693724032,0.027917779211651672
-0.0030939608558431418,-0.03007114999838981,0.030939608558450293
-0.003393050602962338,-0.029746799425449416,0.03393050602962827
-0.003688748147529209,-0.02939270948792476,0.0368874814753028
-0.003980757865905097,-0.029009234187252937,0.039807578659061316
-0.004268787821355811,-0.028596756902889812,0.04268787821356351
-0.00455255005591539,-0.02815569000902601,0.04552550055919685
-0.004831760878272102,-0.027686474462316302,0.04831760878274455
-0.005106141147388848,-0.027189579361032997,0.051061411473916574
-0.005375416551574436,-0.026665501476084607,0.05375416551576112
-0.005639317882726706,-0.026114764754369413,0.056393178827277846
-0.00589758130547335,-0.025537919794959223,0.05897581305476013
-0.006149948620941336,-0.024935543298638115,0.06149948620946116
-0.006396167524891257,-0.024308237491345974,0.06396167524896729
-0.006635991859958503,-0.023656629522103255,0.06635991859957674
-0.006869181861749108,-0.022981370836017805,0.06869181861751311
-0.007095504398544211,-0.02228313652300286,0.07095504398547586
-0.00731473320437351,-0.02156262464285682,0.07314733204373208
-0.007526649105224678,-0.020820555527376782,0.07526649105227495
-0.007731040238162596,-0.020057671060206905,0.07731040238170056
-0.007927702263139335,-0.019274733935140852,0.07927702263150987
-0.008116438567283136,-0.018472526893619255,0.08116438567280987
-0.008297060461462141,-0.017651851942181895,0.08297060461466238
-0.00846938736892636,-0.016813529550661857,0.08469387368934495
-0.008633247005839284,-0.01595839783192295,0.08633247005843675
-0.008788475553518672,-0.0150873117039547,0.0878847555352133
-0.008934917822214285,-0.014201142035167848,0.08934917822215699
-0.009072427406258844,-0.01330077477374384,0.09072427406264477
-0.009200866830437106,-0.012387110061908754,0.09200866830437221
-0.009320107687426728,-0.011461061336015496,0.09320107687427942
-0.009430030766173481,-0.010523554413335209,0.09430030766177794
-0.009530526171072518,-0.009575526566472183,0.09530526171082737
-0.00962149343183651,-0.008617925586326035,0.09621493431840206
-0.009702841603940823,-0.007651708834536689,0.09702841603946716
-0.009774489359545314,-0.006677842286361611,0.09774489359554833
-0.00983636506880184,-0.005697299564943629,0.09836365068804825
-0.009888406871466207,-0.004711060967929665,0.09888406871474459
-0.009930562738742947,-0.0037201124874183993,0.09930562738750853
-0.009962790525301116,-0.00272544482421531,0.09962790525310933
-0.00998505801140909,-0.001728052397379586,0.09985058011403553
-0.009997342935146248,-0.0007289323500519152,0.09997342935149861
-0.009999633014659315,0.00027091644743860565,0.09999633014660558
-0.009991925960441152,0.0012704943961938152,0.09991925960443632
-0.009974229477619695,0.0022688021680976845,0.0997422947763375
-0.009946561258254744,0.0032648417048925836,0.09946561258264236
-0.009908948963650339,0.004257617215988311,0.09908948963650305
-0.009861430196700367,0.005246136174006119,0.0986143019670585
-0.009804052464295053,0.006229410307056741,0.09804052464306595
-0.00973687312982595,0.007206456586763713,0.09736873129832851
-0.009659959355836894,0.00817629821104759,0.09659959355844666
-0.009573388036878237,0.009137965580683798,0.09573388036879488
-0.009477245722631518,0.010090497268660077,0.09477245722646094
-0.00937162853138141,0.011032940981361586,0.09371628531384074
-0.009256642053921467,0.011964354510626881,0.09256642053921821
-0.00913240124798972,0.012883806675722344,0.09132401247987426
-0.008999030323339662,0.013790378254289378,0.08999030323353269
-0.008856662617561538,0.014683162901335483,0.08856662617568839
-0.008705440462778095,0.015561268055353013,0.0870544046278176
-0.008545515043348034,0.016423815830659362,0.08545515043345203
-0.008377046244719424,0.01726994389506247,0.08377046244716974
-0.008200202493584226,0.01809880633197725,0.08200202493578607
-0.008015160589493685,0.018909574486130877,0.08015160589493936
-0.007822105528102976,0.01970143779201102,0.07822105528108919
-0.007621230316221782,0.02047360458422771,0.07621230316224897
-0.0074127357788557335,0.021225302888981973,0.07412735778860308
-0.00719683035843159,0.021955781195846662,0.07196830358433454
-0.006973729906406913,0.02266430920908886,0.06973729906410503
-0.006743657467472553,0.0233501785777831,0.06743657467474223
-0.006506843056563713,0.024012703603984914,0.06506843056562067
-0.006263523428902498,0.024651221928258128,0.06263523428902212
-0.006013941843301865,0.025265095191868404,0.060139418433033554
-0.005758347818967613,0.02585370967498201,0.05758347818968795
-0.00549699688604154,0.026416476910232557,0.0549699688604211
-0.005230150330135169,0.026952834271041753,0.052301503301418195
-0.0049580749311094385,0.02746224553410426,0.049580749311083194
-0.004681042696361528,0.027944201415477796,0.046810426963624197
-0.004399330588885439,0.02839822007974012,0.04399330588884004
-0.004113220250378221,0.02882384762170347,0.04113220250382982
-0.003822997719668673,0.029220658520206055,0.03822997719668747
-0.0035289531467500076,0.029588256063527038,0.03528953146750874
-0.003231380502702374,0.029926272745999696,0.032313805027023135
-0.0029305772857952522,0.030234370635424647,0.029305772857966816
-0.0026268442240635404,0.03051224171091772,0.02626844224064767
-0.002320484974654683,0.030759608170853735,0.02320484974655551
-0.00201180582024742,0.030976222710598883,0.020118058202474087
-0.0017011153628456583,0.03116186876975349,0.017011153628446907
-0.0013887242152535988,0.0313163607486584,0.013887242152534951
-0.0010749446905405661,0.03143954419394814,0.01074944690541274
-0.0007600904898059977,0.03153129595296555,0.007600904898067695
-0.00044447638855675114,0.03159152429688377,0.004444763885576408
-0.0001284179220102715,0.031620169012412165,0.0012841792201019886
0.00018776893036176226,0.03161720146199458,-0.0018776893036190345
0.0005037680607339341,0.03158262461243978,-0.005037680607340833
0.0008192635489559094,0.031516473031955275,-0.008192635489560784
0.0011339399783936246,0.03141881285558778,-0.011339399783938775
0.001447482751267087,0.031289741719104716,-0.014474827512673427
0.0017595784031695248,0.03112938866138283,-0.017595784031703532
0.0020699149164534474,0.030937913995401682,-0.020699149164526587
0.0023781820321703085,0.03071550914797054,-0.023781820321701674
0.002684071560251908,0.030462396468349355,-0.02684071560253548
0.0029872776876234317,0.03017882900595541,-0.02987277687625317
0.003287497283940094,0.029865090257377047,-0.03287497283941937
0.003584430204641718,0.029521493882947766,-0.03584430204643668
0.0038777795910222798,0.029148383393164577,-0.03877779591020142
0.004167252167014417,0.028746131805262833,-0.04167252167014718
0.004452558532392193,0.02831514127029248,-0.04452558532392287
0.004733413452098994,0.027855842671067683,-0.04733413452103713
0.005009536141411293,0.02736869519139199,-0.05009536141410115
0.005280650546653197,0.02685418585698891,-0.05280650546651516
0.005546485621181128,0.026312829048597195,-0.05546485621182745
0.005806775596362712,0.025745165987719656,-0.058067755963680356
0.0060612602472789965,0.025151764195537246,-0.06061260247280137
0.006309685152884327,0.02453321692552893,-0.06309685152886141
0.006551801950363803,0.023890142570366146,-0.06551801950369557
0.006787368583434013,0.02322318404367593,-0.067873685834348
0.0070161495443388285,0.02253300813728715,-0.07016149544340783
0.00723791610929829,0.021820304854605076,-0.07237916109300707
0.007452446567175221,0.02108578672078111,-0.07452446567178589
0.007659526441130954,0.020330188070365508,-0.07659526441133474
0.007858948703048565,0.01955426431315673,-0.07858948703042051
0.008050513980509244,0.018758791178979047,-0.08050513980511637
0.008234030756114879,0.017944563942147985,-0.08234030756109606
0.008409315558957593,0.017112396626394754,-0.08409315558955027
0.008576193148044791,0.01626312119104494,-0.08576193148041261
0.008734496687496356,0.015397586699268119,-0.08734496687495147
0.008884067913338829,0.014516658469226399,-0.0888406791333925
0.009024757291729824,0.013621217208972605,-0.09024757291736657
0.009156424168454502,0.012712158135962996,-0.09156424168455507
0.00927893690954463,0.011790390082062695,-0.092789369095505
0.00939217303287965,0.010856834584941352,-0.09392173032876366
0.009496019330638183,0.009912424966765162,-0.09496019330647426
0.009590371982477551,0.008958105401108413,-0.09590371982487561
0.00967513665932818,0.007994829969017327,-0.09675136659334166
0.009750228617699093,0.007023561705165319,-0.09750228617705986
0.00981557278440022,0.006045271635060087,-0.09815572784398657
0.009871103831596822,0.005060937804260278,-0.09871103831597511
0.009916766242120996,0.004071544300574484,-0.09916766242118363
0.009952514364974966,0.003078080270219602,-0.09952514364979287
0.009978312460970676,0.002081538928922425,-0.0997831246096425
0.009994134738460043,0.0010829165689509668,-0.09994134738464916
0.009999965379120157,8.321156307174778e-05,-0.09999965379119463
0.009995798553767652,-0.0009165766335727443,-0.0999579855377038
0.009981638428186435,-0.0019154484826705504,-0.0998163842818574
0.009957499158962943,-0.0029124053620278234,-0.0995749915895972
0.009923404879333091,-0.003906450563942656,-0.09923404879336933
0.009879389675055066,-0.004896590291662291,-0.09879389675055755
0.009825497550332093,-0.00588183465293233,-0.09825497550345025
0.009761782383819228,-0.006861198649640652,-0.09761782383821421
0.009688307874758176,-0.007833703162569839,-0.09688307874762309
0.009605147479293964,-0.008798375930272613,-0.0960514747929318
0.009512384337037154,-0.009754252521089324,-0.09512384337041041
0.009410111187945013,-0.010700377297338947,-0.09410111187951437
0.009298430279604733,-0.011635804370716882,-0.09298430279607256
0.009177453265011409,-0.012559598547947987,-0.09177453265014851
0.00904730109094294,-0.013470836265745896,-0.0904730109094331
0.008908103877043484,-0.014368606514145319,-0.08908103877045154
0.008760000785736332,-0.01525201174728492,-0.08760000785746896
0.00860313988309627,-0.016120168780727404,-0.08603139883102756
0.008437677990820514,-0.016972209674424032,-0.08437677990829812
0.008263780529446204,-0.017807282600437874,-0.0826378052944699
0.008081621352971219,-0.018624552694559152,-0.0808162135297858
0.007891382575043621,-0.019423202890960424,-0.07891382575046851
0.00769325438689353,-0.020202434739057706,-0.07693254386898779
0.007487434867189431,-0.0209614692017622,-0.07487434867191084
0.007274129784009007,-0.02169954743432258,-0.07274129784016509
0.007053552389122496,-0.022415931542979634,-0.07053552389124512
0.006825923204794219,-0.023109905322675695,-0.0682592320479673
0.006591469803315433,-0.023780774973081484,-0.06591469803319022
0.006350426579488916,-0.024427869792221918,-0.06350426579489671
0.006103034516292751,-0.025050542847011133,-0.06103034516294642
0.0058495409439575765,-0.02564817162002377,-0.058495409439581036
0.005590199292698174,-0.02622015863185664,-0.055901992926993105
0.005325268839346595,-0.026765932038459242,-0.05325268839352709
0.005055014448140129,-0.027284946202833917,-0.0505501444814081
0.004779706305923274,-0.027776682240537212,-0.047797063059250744
0.004499619652028413,-0.028240648538434932,-0.04499619652029324
0.00421503450310528,-0.028676381246191648,-0.04215034503104981
0.003926235373174294,-0.02908344474000561,-0.03926235373174208
0.0036335109891836477,-0.02946143205812358,-0.03633510989185268
0.0033371540023545265,-0.029809965307700668,-0.03337154002356485
0.0030374606956030292,-0.030128696042598775,-0.030374606956056593
0.0027347306873313068,-0.030417305611745715,-0.02734730687333148
0.002429266631884045,-0.030675505477706665,-0.024292666318858236
0.002121373916969764,-0.03090303750514948,-0.02121373916970498
0.0018113603583494392,-0.031099674218915508,-0.018113603583500504
0.001499535892097672,-0.031265219031437946,-0.014995358920986634
0.0011862122647440818,-0.03139950643928009,-0.01186212264744263
0.0008717027216046933,-0.03150240218859759,-0.008717027216056439
0.0005563216936149122,-0.03157380340935864,-0.005563216936154303
0.00024038448297717755,-0.031613638718188286,-0.0024038448297739046
-7.579305206243402e-05,-0.03162186828973403,0.0007579305206247278
-0.00039189481299351035,-0.03159848389648123,0.0039189481299354845
-0.0007076047770608091,-0.03154350891697851,0.00707604777060894
-0.0010226073132080268,-0.03145699831246504,0.010226073132085955
-0.0013365874976299674,-0.031339038571923064,0.013365874976309089
-0.0016492314286176354,-0.031189747625610546,0.0164923142861943
-0.0019602265403814907,-0.031009274727160505,0.01960226540381399
-0.0022692619155391153,-0.030797800304364412,0.022692619155404825
-0.0025760285959548854,-0.03055553577878961,0.025760285959555207
-0.0028802198916208876,-0.03028272335441082,0.02880219891620278
-0.0031815316872702733,-0.029979635775466303,0.03181531687270095
-0.0034796627464165147,-0.02964657605378197,0.03479662746416551
-0.0037743150125146016,-0.029283877165835432,0.03774315012514201
-0.004065193906943091,-0.02889190171986242,0.04065193906946035
-0.004352008623509101,-0.028471041593339644,0.04352008623509512
-0.004634472419181824,-0.02802171754120499,0.04634472419183616
-0.0049123029007638866,-0.02754437877520744,0.049123029007673014
-0.005185222307213965,-0.027039502514808234,0.05185222307216847
-0.0054529577873384085,-0.026507593510080463,0.05452957787338569
-0.005715241672574234,-0.02594918353708472,0.057152416725763044
-0.005971811744590789,-0.02536483086622616,0.05971811744594874
-0.00622241149744254,-0.02475511970412408,0.06222411497446728
-0.006466790394010915,-0.024120659609550923,0.06466790394016414
-0.006704704116478799,-0.023462084884025944,0.06704704116483157
-0.006935914810587292,-0.022780053937672625,0.06935914810583249
-0.007160191323430514,-0.022075248630971718,0.07160191323434922
-0.007377309434550735,-0.021348373593072515,0.07377309434549112
-0.007587052080102796,-0.02060015551733972,0.07587052080106765
-0.0077892095698637006,-0.019831342434841127,0.07789209569865158
-0.007983579796870428,-0.019042702966504434,0.07983579796868717
-0.008169968439476386,-0.018235025554686996,0.08169968439480041
-0.008348189155624477,-0.0174091176749314,0.08348189155631885
-0.008518063769142596,-0.016565805028692333,0.08518063769149503
-0.008679422447875262,-0.015705930717840846,0.08679422447880242
-0.008832103873473333,-0.014830354401773289,0.08832103873470892
-0.008975955402672028,-0.013939951437965847,0.08975955402677943
-0.009110833219896041,-0.01303561200683669,0.09110833219905207
-0.00923660248103917,-0.012118240221789155,0.0923660248104547
-0.00935313744827473,-0.011188753225322938,0.09353137448278886
-0.009460321615761949,-0.010248080272120718,0.09460321615765505
-0.00955804782612268,-0.009297161800025617,0.09558047826136523
-0.009646218377572008,-0.00833694848983987,0.09646218377578414
-0.009724745121595612,-0.007368400314880885,0.09724745121601291
-0.009793549551076251,-0.0063924855812469115,0.09793549551078179
-0.009852562878781255,-0.005410179959753864,0.09852562878782761
-0.009901726106132562,-0.004422465510507647,0.0990172610614159
-0.009940990082190555,-0.0034303297010908652,0.09940990082194051
-0.009970315552792717,-0.002434764419341453,0.0997031555279419
-0.009989673199797983,-0.0014367649817118332,0.09989673199798205
-0.00999904367039755,-0.00043732913820173844,0.0999904367040369
-0.009998417596462852,0.0005625439251414864,0.09998417596460807
-0.009987795603911344,0.0015618545851602307,0.09987795603914079
-0.009967188312080742,0.0025596037809601617,0.09967188312084546
-0.00993661632311234,0.003554794012720244,0.09936616323117103
-0.009896110201354018,0.004546430338944026,0.09896110201358549
-0.00984571044280354,0.005533521371151765,0.09845710442796224
-0.009785467434622665,0.006515080265023062,0.09785467434629719
-0.009715441404762585,0.007490125706993037,0.09715441404769781
-0.009635702361751023,0.008457682895319337,0.09635702361756221
-0.009546330024701214,0.009416784514642455,0.09546330024706123
-0.00944741374361271,0.010366471703058374,0.09447413743612271
-0.009339052410043711,0.011305795010741294,0.09339052410046128
-0.009221354358244225,0.012233815349155904,0.09221354358246076
-0.009094437256848891,0.013149604929910859,0.09094437256853033
-0.00895842799123776,0.01405224819231544,0.08958427991238588
-0.008813462536682623,0.014940842718711952,0.0881346253669168
-0.008659685822405727,0.01581450013666722,0.08659685822413704
-0.008497251586686778,0.016672347007122588,0.0849725158669365
-0.00832632222316309,0.017513525697615172,0.08326322223158017
-0.008147068618476527,0.018337195239697224,0.08147068618483039
-0.007959669981429576,0.01914253216969312,0.07959669981434897
-0.00776431366382133,0.019928731351956074,0.07764313663824146
-0.007561194973142526,0.02069500678380465,0.07561194973147406
-0.0073505169773168625,0.021440592381328043,0.07350516977320448
-0.007132490301683831,0.022164742745278312,0.0713249030168493
-0.00690733291842602,0.022866733906283895,0.06907332918426706
-0.00667526992865141,0.02354586404863798,0.06675269928654953
-0.006436533337348529,0.024201454211938315,0.06436533337351785
-0.006191361821439446,0.024832848969878203,0.061913618214459565
-0.0059400004911625125,0.025439417085508537,0.05940000491160741
-0.005682700645023382,0.02602055214231764,0.056827006450212825
-0.005419719518559309,0.02657567315049687,0.05419719518563343
-0.005151320027167907,0.02710422512778359,0.05151320027171008
-0.004877770503257464,0.027605679654304913,0.048777705032554575
-0.004599344427981605,0.02807953540086695,0.04599344427985291
-0.004316320157826482,0.02852531863015763,0.04316320157828296
-0.0040289806463238665,0.028942583670365493,0.04028980646329022
-0.0037376131611683372,0.02933091336074037,0.03737613161168535
-0.0034425089970213855,0.02968991946864997,0.03442508997023436
-0.0031439631842895576,0.03001924307771561,0.0314396318428935
-0.002842274194167787,0.030318554946638522,0.0284227419416892
-0.0025377436402427987,0.030587555838359124,0.025377436402431452
-0.002230675976954908,0.03082597681921899,0.022306759769541717
-0.0019213781952196747,0.031033579527827704,0.019213781952201525
-0.0016101595155137143,0.031210156413364377,0.01610159515513293
-0.0012973310787315093,0.03135553094307663,0.012973310787318393
-0.0009832056351222794,0.031469557778769336,0.009832056351223362
-0.000668097231617901,0.03155212292210636,0.0066809723161808665
-0.00035232089786446674,0.03160314382858048,0.0035232089786434995
-3.6192331271378007e-05,0.031622569490037264,0.00036192331271339695
0.0002799724186071606,0.031610380485670456,-0.0027997241860743816
0.0005958572660427026,0.03156658900143794,-0.005958572660428818
0.0009111464051392864,0.031491238817878825,-0.009111464051393792
0.0012255246255603997,0.03138440526634382,-0.012255246255607422
0.0015386776276605323,0.031246195153682703,-0.015386776276615943
0.0018502923367062674,0.03107674665546431,-0.01850292336706244
0.0021600572158727654,0.030876229177835283,-0.02160057215874306
0.0024676625777027236,0.030644843188156357,-0.02467662577704194
0.0027728008937164313,0.030382820014585202,-0.027728008937188686
0.0030751671018633873,0.030090421614805987,-0.030751671018654225
0.0033744589115081033,0.029767940314137212,-0.03374458911510042
0.0036703771056451873,0.029415698513279593,-0.03670377105642314
0.003962625840041562,0.029034048365995414,-0.039626258400412506
0.004250912939006754,0.02862337142704296,-0.04250912939007795
0.004534950187495558,0.02818407827071788,-0.04534950187493808
0.00481445361925105,0.02771660808038052,-0.04814453619253439
0.005089143800699867,0.027221428209382722,-0.050891438007024614
0.005358746110315939,0.026699033713831723,-0.053587461103175305
0.0056229910131733825,0.026149946857657,-0.05622991013176931
0.005881614330414054,0.02557471659047732,-0.05881614330416679
0.006134357503360382,0.02497391799878828,-0.06134357503364124
0.00638096785200942,0.02434815173101932,-0.06380967852015101
0.006621198827649697,0.023698043397036093,-0.0662119882764946
0.006854810259348307,0.02302424294268588,-0.06854810259354754
0.007081568594061812,0.02232742400001509,-0.07081568594061077
0.007301247130130915,0.021608283213805552,-0.07301247130129679
0.007513626243925455,0.02086753954510248,-0.0751362624393172
0.007718493609413141,0.02010593355243476,-0.07718493609422677
0.007915644410432524,0.019324226651441814,-0.07915644410436257
0.00810488154545797,0.01852320035364734,-0.08104881545453219
0.008286015824651917,0.017703655485142047,-0.08286015824652643
0.00845886615900742,0.01686641138595871,-0.08458866159014083
0.008623259741391906,0.016012305090938272,-0.08623259741394679
0.00877903221931111,0.01514219049290261,-0.08779032219318578
0.0089260278592205,0.014256937488975354,-0.08926027859226532
0.009064099702219889,0.013357431110902459,-0.09064099702231393
0.009193109710975611,0.012444570640242026,-0.0919310971097726
0.009312928907723355,0.011519268709306633,-0.09312928907730617
0.009423437503213686,0.010582450388759594,-0.09423437503210169
0.00952452501647136,0.009635052262775187,-0.09524525016477964
0.00961609038524868,0.008678021492688712,-0.09616090385251547
0.009698042067062486,0.007712314870072698,-0.0969804206706873
0.009770298130713768,0.006738897860183677,-0.09770298130711702
0.009832786338198375,0.005758743636737733,-0.09832786338207172
0.009885444216926968,0.004772832108980812,-0.09885444216931266
0.009928219122181996,0.0037821489420247515,-0.09928219122189935
0.009961068289749258,0.0027876845714276226,-0.09961068289752645
0.009983958878671427,0.0017904332130061933,-0.09983958878675941
0.009996868004080799,0.0007913918688682679,-0.09996868004082565
0.00999978276007844,-0.00020844066934008407,-0.09999782760084475
0.00999270023263686,-0.0012080648189759687,-0.09992700232633217
0.009975627502513311,-0.0022064812057337006,-0.09975627502521422
0.0099485816381708,-0.0032026916627684206,-0.09948581638172971
0.009911589678713894,-0.004195700228612858,-0.09911589678715782
0.00986468860685637,-0.005184514142891869,-0.09864688606864436
0.009807925311947747,-0.006168144838832767,-0.09807925311953525
0.009741356543095657,-0.007145608931585405,-0.09741356543099233
0.00966504885243092,-0.008115929201361921,-0.09665048852431102
0.009579078528572049,-0.009078135570412373,-0.09579078528577922
0.00948353152035569,-0.010031266072859186,-0.09483531520358335
0.00937850335090928,-0.010974367816422833,-0.0937850335091458
0.009264099022151783,-0.0119064979350766,-0.09264099022160754
0.009140432909818023,-0.012826724531675413,-0.09140432909815532
0.009007628649111536,-0.013734127609622167,-0.09007628649119537
0.008865819011100258,-0.01462779999263327,-0.08865819011102494
0.008715145769978654,-0.015506848231687539,-0.08715145769982902
0.008555759561328952,-0.016370393498252984,-0.08555759561326026
0.008387819731523208,-0.017217572462895785,-0.08387819731529988
0.008211494178416762,-0.018047538158393373,-0.08211494178421808
0.00802695918349235,-0.018859460826489035,-0.08026959183491422
0.007834399235622682,-0.019652528747444626,-0.07834399235620426
0.007634006846627673,-0.02042594905155711,-0.0763400684662926
0.007425982358810742,-0.021178948511829127,-0.07425982358811078
0.00721053374466658,-0.02191077431700323,-0.07210533744670966
0.006987876398960639,-0.022620694824184908,-0.069878763989626
0.006758232923388202,-0.023308000290302534,-0.06758232923389895
0.006521832904028321,-0.023972003581673708,-0.06521832904033575
0.006278912681815122,-0.024612040860966092,-0.06278912681814075
0.006029715116255943,-0.0252274722508697,-0.06029715116258105
0.005774489342632523,-0.02581768247381431,-0.057744893426340815
0.0055134905229279885,-0.026382081467092575,-0.0551349052293123
0.005246979590728647,-0.026920104972775697,-0.05246979590731227
0.004975222990355618,-0.02743121510183007,-0.04975222990356232
0.004698492410487106,-0.02791490087187232,-0.046984924104887305
0.004417064512537625,-0.028370678718023914,-0.04417064512543123
0.0041312206540657335,-0.028798092976354425,-0.04131220654067069
0.0038412466074868004,-0.0291967163394322,-0.038412466074884244
0.003547432274372014,-0.0295661502835251,-0.035474322743695885
0.003250071395619265,-0.02990602546702469,-0.03250071395622245
0.0029494612577856657,-0.030216002099695174,-0.029494612577874668
0.002645902395875298,-0.030495770282378324,-0.026459023958755545
0.0023396982928793266,-0.030745050316815997,-0.023396982928778676
0.0020311550763688546,-0.03096359298527839,-0.020311550763700503
0.0017205812124438673,-0.031151179799719066,-0.017205812124434394
0.0014082871973442295,-0.03130762322020849,-0.014082871973449707
0.0010945852470310503,-0.031432766842427365,-0.010945852470325312
0.0007797889850487562,-0.03152648555403144,-0.007797889850489903
0.0004642131289799346,-0.031588685659732885,-0.0046421312897994005
0.00014817317580640907,-0.031619304974972215,-0.0014817317580672063
-0.00016801491350888753,-0.0316183128880871,0.00168014913509007
-0.0004840350299039052,-0.031585710390916434,0.004840350299043172
-0.0007995712322475315,-0.031521530077808835,0.00799571232247731
-0.0011143080632017575,-0.03142583611303634,0.011143080632021074
-0.0014279308646001703,-0.031298724166646225,0.014279308646002797
-0.0017401260920274757,-0.03114032131881486,0.017401260920270167
-0.002050581628285546,-0.030950785932799218,0.02050581628285786
-0.0023589870954326083,-0.03073030749661323,0.02358987095433951
-0.002665034165083611,-0.030479106433587304,0.02665034165084601
-0.0029684168666615474,-0.030197433881999983,0.029684168666618382
-0.003268831893291559,-0.029885571444002338,0.03268831893291024
-0.003565978905032001,-0.0295438309040861,0.03565978905033729
-0.0038595608291393194,-0.02917255391737755,0.03859560829137332
-0.004149284157066543,-0.028772111668067247,0.04149284157068711
-0.004434859237898474,-0.0283429044983188,0.044348592379001794
-0.0047160005679302034,-0.027885361508027156,0.04716000567932743
-0.004992427076099466,-0.02739994012582534,0.04992427076103534
-0.005263862404987447,-0.026887125651770788,0.05263862404987518
-0.00553003518710713,-0.026347430772165923,0.05530035187109805
-0.0057906793162029605,-0.025781395047000142,0.05790679316205816
-0.0060455342132905866,-0.025189584370525073,0.06045534213295556
-0.00629434508717072,-0.024572590405501627,0.06294345087173381
-0.0065368631891566525,-0.023931029991684862,0.06536863189161901
-0.00677284606176077,-0.02326554452913863,0.06772846061762683
-0.007002057781091443,-0.022576799336996002,0.07002057781089877
-0.007224269192717951,-0.02186548298830559,0.07224269192718358
-0.007439258140767635,-0.021132306621631226,0.07439258140768923
-0.007646809690026248,-0.020378003230091334,0.07646809690028922
-0.00784671634081945,-0.01960332692854889,0.07846716340819937
-0.008038778236460617,-0.018809052199684595,0.0803877823646596
-0.008222803363057581,-0.01799597311970834,0.08222803363059195
-0.008398607741478529,-0.01716490256448111,0.08398607741485387
-0.008566015611285147,-0.016316671396842633,0.08566015611284128
-0.008724859606449139,-0.015452127635955704,0.08724859606454449
-0.008874980922676412,-0.01457213560949892,0.0887498092268123
-0.009016229476171686,-0.013677575089555877,0.09016229476179605
-0.009148464053684777,-0.012769340413062389,0.09148464053690175
-0.009271552453688554,-0.011848339587693008,0.09271552453697429
-0.009385371618547422,-0.010915493384080441,0.09385371618553917
-0.0094898077575442,-0.009971734415275312,0.09489807757548652
-0.009584756460642406,-0.009018006204365808,0.09584756460641419
-0.009670122802870185,-0.008055262241189996,0.09670122802874814
-0.009745821439221562,-0.007084465029085381,0.09745821439217484
-0.009811776689980116,-0.006106585122625425,0.09811776689981622
-0.009867922616379778,-0.005122600157307042,0.09867922616386038
-0.009914203086527117,-0.004133493872160698,0.0991420308654084
-0.00995057183151921,-0.003140255126257799,0.09950571831517141
-0.00997699249170098,-0.0021438769100964638,0.09976992491709569
-0.009993438653015763,-0.0011453553528600429,0.09993438653018849
-0.009999893873412756,-0.00014568872653856102,0.09999893873410787
-0.009996351699284967,0.0008541235520963715,0.09996351699287864
-0.0099828156719212,0.0018530819206570802,0.0998281567192631
-0.009959299323965656,0.0028501876704517303,0.09959299323966692
-0.009925826165888675,0.00384444394494451,0.09925826165888901
-0.009882429662482137,0.004834856736363099,0.09882429662482878
-0.009829153199403032,0.005820435879457752,0.09829153199410173
-0.00976605003979865,0.00680019604141863,0.097660500398074
-0.009693183271056748,0.007773157706961974,0.09693183271059475
-0.009610625741733929,0.008738348157601761,0.09610625741736284
-0.009518459988725296,0.009694802444124805,0.09518459988724576
-0.009416778154748178,0.010641564351298708,0.09416778154753486
-0.009305681896222447,0.011577687353847657,0.0930568189622551
-0.009185282281639503,0.012502235562741099,0.09185282281643309
-0.009055699680521551,0.01341428466084928,0.09055699680520307
-0.008917063643082155,0.014312922827029988,0.08917063643093842
-0.008769512770708403,0.015197251647720239,0.08769512770711158
-0.008613194577394175,0.016066387015125413,0.08613194577392319
-0.008448265342263006,0.016919460011108424,0.08448265342267897
-0.008274889953328023,0.017755617775888195,0.08274889953327508
-0.008093241742645146,0.01857402436068719,0.08093241742652418
-0.007903502313024353,0.019373861563471477,0.07903502313033345
-0.00770586135647226,0.020154329746947027,0.07705861356477678
-0.007500516464547534,0.02091464863799826,0.07500516464546975
-0.007287672930818709,0.021654058107766716,0.0728767293082217
-0.00706754354562193,0.022371818931588978,0.07067543545623073
-0.006840348383323804,0.023067213528036357,0.0684034838332454
-0.006606314582302032,0.0237395466763179,0.06606314582306366
-0.0063656761178638105,0.024388146211326473,0.06365676117865066
-0.0061186735683289965,0.025012363695636326,0.06118673568331984
-0.005865553874511921,0.025611575067778752,0.05865553874516566
-0.005606570092842293,0.0261851812661469,0.056065700928464024
-0.0053419811423720195,0.026732608827907754,0.05341981142370672
-0.005072051545920869,0.027253310462322433,0.05072051545922923
-0.0047970511656197585,0.027746765597899584,0.0479705116562012
-0.004517254933116078,0.02821248090283643,0.045172549331168155
-0.004232942574710756,0.028649990778227975,0.0423294257471411
-0.003944398331701873,0.029058857823548785,0.03944398331702109
-0.003651910676214405,0.029438673273944692,0.036519106762160136
-0.0033557720228002035,0.029789057408895644,0.03355772022803022
-0.0030562784360965213,0.0301096599318408,0.03056278436100074
-0.0027537293348353794,0.030400160320387573,0.027537293348354253
-0.0024484271924996694,0.03066026814675442,0.024484271925015066
-0.002140677234925268,0.030889723368125833,0.021406772349267966
-0.00183078713515149,0.0310882965866298,0.01830787135152606
-0.0015190667058249477,0.03125578927867867,0.015190667058247398
-0.0012058275894643385,0.03139203399344317,0.012058275894652526
-0.0008913829468958166,0.031496894520261214,0.008913829468957302
-0.0005760471441704377,0.031570266024814546,0.0057604714417091585
-0.00026013543827668034,0.031612075153936936,0.002601354382768817
5.6036338037748804e-05,0.031622280108948894,-0.0005603633803766273
0.0003721520920197233,0.03160087068744601,-0.0037215209201998944
0.0006878957869244474,0.031547868293498794,-0.006878957869243918
0.0010029517579732106,0.03146332591625386,-0.01002951757974374
0.0013170050279392707,0.031347328076958156,-0.013170050279397272
0.0016297416220463555,0.031199990744458804,-0.016297416220472927
0.0019408488818649652,0.03102146121926313,-0.01940848881866236
0.0022500157778926567,0.030811917986275174,-0.022500157778928498
0.002556933220505809,0.030571570536355255,-0.025569332205055473
0.0028612943689719918,0.03030065915688132,-0.028612943689731496
0.0031627949382140074,0.029999454691521807,-0.03162794938217145
0.0034611335030189164,0.02966825826946,-0.03461133503019015
0.003756011799387915,0.029307401004339706,-0.0375601179938681
0.004047135022725783,0.02891724366323399,-0.04047135022727483
0.004334212122571799,0.02849817630596907,-0.04334212122570952
0.004616956093577452,0.028050617895161674,-0.04616956093576968
0.0048950842624400645,0.027575015877360755,-0.04895084262441435
0.005168318570505435,0.027071845735713397,-0.0516831857050572
0.005436385851757003,0.0265416105146001,-0.05436385851760234
0.0056990181059135845,0.025984840316716235,-0.05699018105917014
0.005955952766362676,0.02540209177310208,-0.059559527663660516
0.00620693296266144,0.024793947486650748,-0.06206932962660611
0.006451707777342946,0.02416101544965044,-0.06451707777345567
0.006690032496770921,0.02350392843594446,-0.06690032496774018
0.006921668855792224,0.022823343368316235,-0.06921668855790492
0.007146385275942453,0.022119940661729495,-0.07146385275944306
0.007363957096966519,0.021394423543083737,-0.07363957096970891
0.0075741668014227565,0.02064751734816377,-0.07574166801428456
0.007776804232146,0.019879968796484997,-0.07776804232146978
0.007971666802352225,0.019092545244759954,-0.079716668023539
0.008158559698174691,0.018286033919733206,-0.08158559698181028
0.008337296073429118,0.017461241131152196,-0.08337296073439221
0.008507697236413177,0.016618991465659625,-0.08507697236412165
0.008669592828553532,0.01576012696241129,-0.0866959282855459
0.008822820994721824,0.014885506271247252,-0.08822820994726138
0.008967228545049352,0.013996003794258255,-0.08967228545053801
0.009102671108078648,0.01309250881160101,-0.09102671108091093
0.00922901327509886,0.012175924592441323,-0.09229013275102632
0.009346128735520617,0.011247167491910126,-0.09346128735521303
0.009453900403155047,0.01030716603497586,-0.09453900403164
0.009552220533270697,0.009356859988154111,-0.09552220533270989
0.009640990830311343,0.008397199419975031,-0.09640990830310597
0.009720122546166972,0.007429143751150894,-0.09720122546172144
0.009789536568899712,0.006453660795397022,-0.09789536568905305
0.009849163501835996,0.005471725791859759,-0.09849163501839936
0.009898943732945897,0.004484320430120504,-0.0989894373294517
0.009938827494440255,0.0034924318687511212,-0.09938827494442487
0.009968774912526023,0.002497051748402489,-0.0996877491253016
0.009988756047270096,0.001499175200411974,-0.0998875604728014
0.009998750922531762,0.0004997998519212748,-0.09998750922533844
0.009998749545933857,-0.0005000751715022972,-0.09998749545937596
0.009988751918852633,-0.0014994502447423408,-0.09988751918863276
0.009968768036416388,-0.0024973262425066717,-0.09968768036423342
0.009938817877512838,-0.0034927055382034983,-0.0993881787751319
0.009898931384815221,-0.004484593001319796,-0.09898931384812765
0.009849148434847107,-0.005471996992303113,-0.09849148434853566
0.009789518798115833,-0.006453930353951663,-0.09789518798117441
0.009720102089354445,-0.007429411398325806,-0.09720102089365407
0.009640967707921864,-0.008397464888190494,-0.09640967707928366
0.009552194768420872,-0.009357123012007855,-0.0955219476841887
0.009453872021603289,-0.010307426351508768,-0.09453872021599391
0.00934609776564139,-0.011247424840871023,-0.09346097765645706
0.009228979747854305,-0.012176178716546065,-0.0922897974785512
0.009102635056987633,-0.013092759456788259,-0.09102635056988767
0.008967190006153964,-0.013996250709945448,-0.08967190006155018
0.008822780006551331,-0.014885749210581185,-0.08822780006559722
0.008669549432085855,-0.015760365682514,-0.08669549432096563
0.008507651475033932,-0.01661922572787064,-0.08507651475036276
0.008337247992888243,-0.0174614707012672,-0.0833724799289492
0.00815850934654071,-0.018286258568239247,-0.08158509346546033
0.007971614229964192,-0.019092764747064492,-0.07971614229958884
0.0077767494915631655,-0.019880182933140787,-0.07776749491567042
0.007574109947372021,-0.020647725905088118,-0.07574109947379565
0.007363898186287722,-0.021394626311771678,-0.07363898186291667
0.0071463243675315485,-0.02212013743946303,-0.07146324367535367
0.006921606010542399,-0.022823533958366907,-0.06921606010542153
0.006689967777511716,-0.02350411264776961,-0.06689967777511935
0.006451641248777448,-0.024161193099084124,-0.06451641248778334
0.006206864691301585,-0.024794118396088423,-0.0620686469130764
0.005955882820462757,-0.02540225577167719,-0.059558828204676895
0.005698946555402017,-0.02598499724047081,-0.05698946555404699
0.005436312768166416,-0.026541760206649286,-0.05436312768164836
0.005168244026901156,-0.027071988046402866,-0.051682440269067376
0.004895008333347064,-0.027575150664415522,-0.04895008333346379
0.004616878854905845,-0.02805074502382813,-0.046168788549057316
0.004334133651540952,-0.028498295649150573,-0.04334133651543187
0.004047055397787113,-0.02891735510161718,-0.040470553977888846
0.003755931100146458,-0.02930750442651382,-0.03755931100143922
0.003461051810153745,-0.029668353572028794,-0.03461051810155563
0.0031627123333975685,-0.029999541779206513,-0.03162712333398826
0.0028612109347884557,-0.03030073794261604,-0.028612109347916748
0.002556849040368505,-0.03057164094137413,-0.025568490403701072
0.0022499309359606807,-0.03081197994019071,-0.02249930935961547
0.0019407634629590434,-0.031021514660136765,-0.01940763462959577
0.0016296557115640445,-0.031200035618863003,-0.01629655711565231
0.0013169187117695808,-0.03134736434002973,-0.013169187117692938
0.0010028651224107386,-0.031463353531738715,-0.010028651224104512
0.000687808918583103,-0.03154788723378841,-0.0068780891858338244
0.0003720650777461365,-0.031600880933604886,-0.003720650777462031
5.594926482444497e-05,-0.03162228165073341,-0.0005594926482426765
-0.00026022248337825057,-0.031612067989805696,0.0026022248337845277
-0.0005761340741369286,-0.031570250161929915,0.00576134074137119
-0.0008914696748189887,-0.03149686997448209,0.008914696748193729
-0.001205914028637945,-0.0313920007893092,0.012059140286384495
-0.0015191527698314195,-0.03125574744938568,0.015191527698318164
-0.0018308727379483312,-0.031088246173996668,0.018308727379484357
-0.0021407622909310775,-0.030889664422552573,0.021407622909334345
-0.0024485116166796995,-0.03066020072717183,0.02448511616681376
-0.0027538130427865507,-0.030400084494198402,0.027538130427872398
-0.003056361344131805,-0.030109575774852484,0.030563613441311366
-0.003355854048032289,-0.029788965005244333,0.03355854048031898
-0.0036519917366385646,-0.029438572716010754,0.03651991736639676
-0.0039444783462779425,-0.029058749211864816,0.03944478346279073
-0.00423302146344416,-0.028649874221378643,0.0423302146344437
-0.0045173326171378,-0.02821235651734937,0.0451733261714114
-0.004797127567265192,-0.027746633508129115,0.04797127567263931
-0.005072126588807464,-0.027253170800325296,0.0507212658881247
-0.005342054751475645,-0.026732461733310908,0.05342054751475306
-0.005606642194572242,-0.02618502688600847,0.05606642194573436
-0.005865624396784487,-0.025611413556440487,0.05865624396786234
-0.006118742440639535,-0.02501219521456915,0.061187424406405067
-0.006365743271357227,-0.024387970928969147,0.06365743271359608
-0.0066063799498416184,-0.023739364767909197,0.06606379949839397
-0.00684041189955836,-0.02306702517543918,0.06840411899560944
-0.007067605147051097,-0.0223716243231082,0.07067605147058625
-0.00728773255585645,-0.021653857437962387,0.07287732555857612
-0.007500574053583713,-0.020914442107490237,0.07500574053585357
-0.007705916851932235,-0.020154117562214104,0.07705916851937328
-0.007903555659426536,-0.019373643936646014,0.07903555659424516
-0.008093292886656474,-0.0185738015093417,0.08093292886661757
-0.00827493884381727,-0.017755389922817538,0.08274938843821517
-0.008448311930351901,-0.016919227384108688,0.08448311930355462
-0.008613238816506273,-0.016066149846765583,0.08613238816506602
-0.008769554616615646,-0.015197010175109112,0.08769554616622827
-0.008917103053949093,-0.014312677291580152,0.08917103053956371
-0.009055736616947167,-0.013414035308034722,0.0905573661695222
-0.0091853167066966,-0.012501982641851782,0.09185316706706598
-0.009305713775494565,-0.01157743111774124,0.09305713775504237
-0.009416807456364008,-0.010641305056147517,0.09416807456370219
-0.009518486683390543,-0.009694540349159498,0.09518486683390165
-0.0096106498027606,-0.008738083524851803,0.09610649802763721
-0.009693204674389829,-0.007772890800994031,0.09693204674391737
-0.009766068764040162,-0.00679992712907255,0.09766068764037877
-0.009829169225833418,-0.005820165229578723,0.09829169225838669
-0.009882442975078974,-0.004834584619532423,0.09882442975087319
-0.009925836751342692,-0.0038441706332110652,0.0992583675133984
-0.009959307171694043,-0.002849913437059269,0.09959307171696091
-0.00998282077407819,-0.001852807039770148,0.09982820774086326
-0.009996354050769676,-0.0008538482985269115,0.09996354050778405
-0.009999893471874282,0.00014596407760563822,0.0999989347187259
-0.009993435498855542,0.001145630526142337,0.09993435498861386
-0.009976986588072386,0.002144151630488862,0.09976986588069114
-0.009950563184324397,0.0031405291191089948,0.09950563184333538
-0.00991419170441112,0.004133766863546226,0.09914191704411102
-0.009867908510721874,0.005122871874303039,0.09867908510725143
-0.00981175987488244,0.006106855293583731,0.09811759874888693
-0.009745801931495006,0.0070847333839031326,0.09745801931499343
-0.009670100622017595,0.008055528511579198,0.0967010062202196
-0.009584731628839086,0.009018270124122558,0.09584731628845211
-0.009489780299615745,0.009971995720545574,0.09489780299615114
-0.009385341561944899,0.010915751813623706,0.09385341561947524
-0.009271519828461057,0.01184859488314458,0.09271519828469965
-0.009148428892449382,0.012769592319190512,0.09148428892448668
-0.009016191814080844,0.013677823354517024,0.09016191814081576
-0.008874940797382807,0.014572379985090431,0.08874940797386555
-0.008724817058068038,0.015452367877863447,0.08724817058073753
-0.008565970682354297,0.016316907264884616,0.08565970682349655
-0.008398560476915635,0.01716513382284786,0.08398560476915207
-0.008222753810115398,0.01799619953719957,0.0822275381011901
-0.008038726444679702,0.01880927354993951,0.08038726444679756
-0.00784666236197864,0.019603542990272838,0.07846662361986856
-0.007646753578090891,0.020378213787277034,0.07646753578097054
-0.007439199951835638,0.02113251146377365,0.07439199951835307
-0.0072242089849637,0.021865681910613846,0.07224208984968583
-0.007001995614707642,0.02257699214059779,0.07001995614710332
-0.0067727819988982595,0.02326573102127871,0.0677278199890805
-0.006536797293862278,0.023931209985917634,0.06536797293870422
-0.0062942774253233035,0.024572763721877226,0.06294277425321382
-0.006045464852535066,0.0251897508357702,0.06045464852538118
-0.005790608325882758,0.025781554494691408,0.05790608325886004
-0.005529962638194824,0.02634758304289553,0.05529962638196495
-0.005263788370013816,0.026887270593306044,0.052637883700137555
-0.004992351629080982,0.02740007759326077,0.04992351629080738
-0.0047159237842950286,0.027885491363929846,0.047159237843007906
-0.004434781194411051,0.028343026612865644,0.04434781194415138
-0.004149204931750853,0.02877222591917403,0.0414920493175257
-0.003859480501200874,0.029172660190821723,0.03859480501201262
-0.0035658975547786615,0.02954392909362076,0.03565897554779496
-0.0032687496020532454,0.02988566145146246,0.03268749602054499
-0.00296833371670893,0.0301975156174006,0.029683337167083712
-0.0026649502395458603,0.03047917981521337,0.02664950239547026
-0.002358902478214286,0.03073037245110152,0.023589024782159518
-0.0020504964039827207,0.030950842395211505,0.02050496403983737
-0.0017400403458431486,0.03114036923270292,0.0174004034584454
-0.0014278446822590933,0.03129876348410813,0.014278446822596047
-0.001114221530864731,0.03142586679476435,0.011142215308648451
-0.0007994844364252648,0.03152155209312889,0.00799484436425879
-0.00048394805737052673,0.031585723717818724,0.004839480573709087
-0.00016792785121519296,0.03161831751324803,0.0016792785121515497
0.0001482602408198861,0.03161930089376779,-0.0014826024081993072
0.0004643001096699415,0.031588672876243284,-0.004643001096702681
0.0007798757944563426,0.031526464081036924,-0.007798757944568857
0.0010946717983685054,0.03143273670139564,-0.010946717983688847
0.0014083734040818492,0.03130758444127313,-0.014083734040813534
0.0017206669883964613,0.031151132421649283,-0.017206669883955916
0.0020312403357819094,0.030963537055440336,-0.020312403357833242
0.002339782950514738,0.030744985891125395,-0.02339782950515512
0.0026459863670965887,0.030495697425244758,-0.026459863670972306
0.002949544458642601,0.03021592088395771,-0.02949544458643749
0.003250153742931784,0.029905935973878847,-0.032501537429334926
0.0035475136858133848,0.029566052602441356,-0.035475136858163614
0.0038413270016659277,0.02919661056806722,-0.038413270016663725
0.004131299950608531,0.028797979220453417,-0.04131299950609679
0.004417142632167371,0.028370557091314644,-0.044171426321657714
0.004698569275103699,0.027914771495950928,-0.046985692751085884
0.0049752985231136535,0.027431078106039963,-0.04975298523110738
0.005247053716114247,0.026919960494078684,-0.05247053716114869
0.0055135631668342955,0.026381929649931076,-0.055135631668372875
0.005774560432433787,0.02581752346996729,-0.05774560432438469
0.00602978458088013,0.025227306219301308,-0.06029784580881192
0.006278980451814969,0.024611867967666453,-0.06278980451815896
0.006521898911650766,0.02397182399949295,-0.06521898911654156
0.006758297102642121,0.02330781419877809,-0.0675829710264304
0.006987938685682821,0.022620502409361906,-0.06987938685680661
0.007210594076585873,0.02191057577124843,-0.07210594076588861
0.007426040675610307,0.021178744033638452,-0.07426040675610701
0.007634063090005289,0.020425738845357835,-0.07634063090001653
0.007834453349349029,0.019652313023390173,-0.07834453349351578
0.008027011113467226,0.018859239800249224,-0.0802701111346742
0.00821154387272317,0.018047312050939575,-0.08211543872725557
0.008387867140479262,0.017217341500278906,-0.08387867140487848
0.008555804637537544,0.016370157911377418,-0.08555804637541908
0.00871518846837484,0.015506608256081699,-0.0871518846837247
0.008865859288996313,0.014627555868213075,-0.08865859289000011
0.009007666466239631,0.013733879580450522,-0.09007666466251041
0.009140468228370481,0.012826472845719448,-0.09140468228370424
0.00926413180681888,0.011906242843960173,-0.09264131806815068
0.009378533568914549,0.010974109575173755,-0.09378533568913316
0.009483559141488684,0.01003100493965336,-0.09483559141494591
0.009579103525218539,0.009077871806317573,-0.09579103525221133
0.009665071199600509,0.008115663070076367,-0.09665071199602981
0.00974137621844676,0.007145340699173917,-0.09741376218446018
0.009807942295809934,0.006167874773460824,-0.0980794229581583
0.009864702882250024,0.005184242514557254,-0.09864702882255583
0.009911601231367192,0.004195427308876257,-0.09911601231364364
0.00994859045653398,0.0032024177244812276,-0.09948590456536222
0.009975633577770215,0.002206206522765871,-0.09975633577770915
0.009992703558713753,0.0012077896659417225,-0.09992703558712057
0.009999783333650076,0.000208165321322989,-0.0999978333366261
0.009996865824573747,-0.0007916671365888995,-0.0999686582457516
0.009983953948264648,-0.0017907081252309142,-0.09983953948265131
0.009961060613371927,-0.002787958853313229,-0.0996106061338117
0.009928208707508573,-0.003782422319357468,-0.09928208707503602
0.009885431074369531,-0.004773104308450928,-0.09885431074365605
0.009832770480896206,-0.00575901438621418,-0.09832770480899442
0.009770279574520209,-0.006739166888985208,-0.09770279574521115
0.009698020830529095,-0.007712581909237572,-0.09698020830526163
0.009616066489606685,-0.008678286275244525,-0.0961606648961292
0.009524498485610433,-0.009635314524005763,-0.0952449848561184
0.009423408363658058,-0.010582709866469265,-0.09423408363658195
0.009312897188605297,-0.01151952514408296,-0.09312897188615685
0.009193075444006313,-0.012444823775713845,-0.09193075444002
0.009064062921657758,-0.013357680693997067,-0.0906406292166245
0.008925988601836911,-0.014257183270172348,-0.08925988601843185
0.008778990524353637,-0.015142432226482433,-0.08778990524358518
0.008623215650545085,-0.016012542535228057,-0.08623215650553964
0.008458819716351075,-0.016866644303573906,-0.08458819716362984
0.008285967076617091,-0.01770388364322288,-0.08285967076616499
0.008104830540780513,-0.018523423524092794,-0.08104830540781757
0.007915591200104363,-0.01932444461113711,-0.07915591200104513
0.007718438246631306,-0.02010614608347436,-0.07718438246640544
0.007513568784038892,-0.020867746435008414,-0.07513568784040517
0.007301187630585151,-0.02160848425573983,-0.0730118763058781
0.007081507114341518,-0.022327618992986728,-0.07081507114350197
0.0068547468609178345,-0.02302443169174995,-0.0685474686091426
0.0066211335738916325,-0.023698225713490444,-0.06621133573895635
0.0063809008081612125,-0.02434832743259356,-0.0638090080816672
0.006134288736449123,-0.024974086909824365,-0.061342887364493365
0.005881543909189468,-0.025574878542106622,-0.05881543909195783
0.0056229190080390925,-0.026150101687968472,-0.05622919008041252
0.005358672593259082,-0.026699181268033677,-0.053586725932628226
0.005089068845219124,-0.02722156833995781,-0.050890688452197935
0.00481437730028317,-0.027716740647233094,-0.048143773002858964
0.004534872581340433,-0.028184203141314264,-0.04534872581337504
0.004250834123251142,-0.0286234884765439,-0.04250834123255251
0.003962545893481518,-0.029034157477380845,-0.039625458934836516
0.003670296108207287,-0.029415799577465467,-0.03670296108208801
0.003374376944169537,-0.029768033230084513,-0.033743769441721
0.003075084246571006,-0.030090506289621698,-0.03075084246571555
0.002772717233304819,-0.03038289636361566,-0.027727172333076894
0.0024675781958113825,-0.030644911135071652,-0.024675781958121007
0.002159972196862497,-0.030876288654705486,-0.021599721968645597
0.0018502067655748321,-0.031076797602827447,-0.018502067655746884
0.0015385915899576743,-0.031246237520604122,-0.01538591589958807
0.0012254382073023176,-0.03138443901046721,-0.012254382073029063
0.0009110596927226391,-0.03149126390546848,-0.009110596927226183
0.0005957703461582339,-0.031566605407412546,-0.005957703461585723
0.00027988537815303054,-0.03161038819362813,-0.0027988537815316905
-3.6279405276469925e-05,-0.03162256849227196,0.00036279405276454235
-0.00035240791836827835,-0.03160313412608971,0.0035240791836853302
-0.0006681841116216779,-0.03155210452459019,0.006681841116219417
-0.0009832922877677321,-0.03146953070462066,0.009832922877685973
-0.0012974174173876495,-0.03135549521936282,0.01297417417388283
-0.0016102454538634646,-0.03121011207580018,0.016102454538644423
-0.0019214636473461639,-0.031033526620739688,0.019214636473453922
-0.002230760857427368,-0.030825915395501117,0.022307608574260257
-0.0025378278642019716,-0.030587485959419635,0.02537827864203615
-0.002842357677410764,-0.03031847668233885,0.0284235767741213
-0.0031440458433539607,-0.030019156506300496,0.031440458433549395
-0.0034425907492688095,-0.029689824676669252,0.034425907492699664
-0.0037376939248669676,-0.029330810442962364,0.037376939248677715
-0.0040290603407301916,-0.028942472729682433,0.04029060340730814
-0.0043163987032660165,-0.028525199777482562,0.0431639870326658
-0.004599421745928543,-0.02807940875502276,0.045994217459294745
-0.004877846516413185,-0.027605545341905555,0.04877846516414644
-0.005151394659538251,-0.027104083283107785,0.05151394659540762
-0.005419792695530561,-0.0265755239153541,0.05419792695532935
-0.005682772293436859,-0.02602039566590555,0.056827722934380404
-0.005940070539387708,-0.025439253524264183,0.05940070539389333
-0.00619143019944564,-0.024832678487322297,0.06191430199448375
-0.006436599976774807,-0.024201276978511127,0.06436599976775051
-0.006675334762875007,-0.02354568024152881,0.06675334762871307
-0.006907395882628919,-0.022866543709253603,0.06907395882632864
-0.007132551332917567,-0.022164546348475967,0.07132551332919887
-0.007350576014565454,-0.02144038998110148,0.0735057601456989
-0.0075612519573834795,-0.020694798582503622,0.07561251957387269
-0.007764368538084646,-0.019928517557729692,0.07764368538091362
-0.007959722690854707,-0.01914231299628258,0.07959722690850887
-0.008147119110367227,-0.018336970906221342,0.08147119110373838
-0.008326370447040087,-0.017513296428350617,0.0832637044704064
-0.008497297494338247,-0.016672113031281324,0.08497297494345238
-0.008659729367935487,-0.01581426168816683,0.08659729367944666
-0.008813503676556029,-0.014940600035941411,0.08813503676563675
-0.00895846668432522,-0.014052001517896833,0.08958466684327901
-0.009094473464466988,-0.0131493545104568,0.09094473464472733
-0.009221388044194388,-0.01223356143502326,0.09221388044198106
-0.009339083540648408,-0.011305537855780643,0.09339083540654217
-0.009447442287749113,-0.010366211564360421,0.09447442287750216
-0.009546355953832322,-0.00941652165228128,0.09546355953832611
-0.009635725649954189,-0.00845741757209219,0.09635725649949198
-0.009715462028755435,-0.007489858188157004,0.09715462028754521
-0.009785485373786368,-0.006514810818029657,0.0978548537379241
-0.009845725679203414,-0.005533250265379426,0.09845725679212217
-0.009896122719757464,-0.0045461578454306425,0.09896122719763442
-0.009936626111004076,-0.0035545204038918096,0.09936626111013216
-0.009967195359675322,-0.0025593293303574254,0.0996719535967446
-0.009987799904162936,-0.001561579567165262,0.09987799904168806
-0.009998419145072279,-0.0005622686147032834,0.09998419145070767
-0.00999904246581659,0.00043760446584103097,0.09999042465815519
-0.009989669243230916,0.0014370400512937432,0.09989669243238727
-0.009970308848195119,0.0024350389558656553,0.09970308848199519
-0.009940980636265345,0.003430603430089228,0.09940980636271932
-0.009901713928323301,0.004422738158319398,0.09901713928331482
-0.009852547981262708,0.005410451253799294,0.09852547981266443
-0.009793531948742213,0.006392755250299757,0.09793531948742798
-0.009724724832044018,0.007368668089339264,0.09724724832047357
-0.00964619542108734,0.00833721410199623,0.09646195421091955
-0.00955802222565569,0.009297424984333861,0.09558022225660665
-0.009460293396906709,0.010248340765462329,0.09460293396908684
-0.009353106639243046,0.011189010767270299,0.09353106639250727
-0.009236569112632372,0.012118494554864375,0.09236569112630802
-0.0091107973254742,0.01303586287677006,0.09110797325482897
-0.008975917018120599,0.013940198593950206,0.08975917018120042
-0.008832063037167276,0.014830597596714417,0.0883206303716417
-0.008679379200640679,0.015706169708604972,0.08679379200646922
-0.008518018154215913,0.016566039576348144,0.08518018154216486
-0.008348141218609224,0.017409347544989597,0.08348141218612584
-0.0081699182282976,0.018235250517335367,0.08169918228302839
-0.007983527361726738,0.01904292279683699,0.07983527361729584
-0.00778915496317714,0.019831556913082565,0.07789154963181952
-0.007586995356466401,0.0206003644290653,0.0758699535647274
-0.007377250650673959,0.02134857672942298,0.07377250650680908
-0.007160130538082537,0.02207544578886154,0.07160130538090284
-0.006935852084538263,0.022780244919993222,0.06935852084543301
-0.006704639512439085,0.02346226949984231,0.06704639512438496
-0.006466723976568409,0.024120837674292888,0.06466723976573016
-0.006222343332998087,0.024755291039771466,0.062223433329985395
-0.005971741901291799,0.02536499530148621,0.05971741901296321
-0.0057151702202465505,0.0259493409075635,0.05715170220249524
-0.005452884797416499,0.02650774365844679,0.05452884797416255
-0.005185147852669509,0.027039645290951216,0.051851478526722145
-0.00491222705603282,0.027544514036386625,0.049122270560359754
-0.004634395260089922,0.0280218451521929,0.046343952600895105
-0.004351930227196172,0.02847116142655714,0.043519302271952415
-0.004065114351785855,0.028892013655506324,0.04065114351788493
-0.0037742343780483322,0.02928398109199817,0.037742343780483995
-0.003479581113255524,0.029646671866563452,0.03479581113257238
-0.0031814491370273186,0.029979723379077658,0.0318144913702689
-0.0028801365068255786,0.03028280266127033,0.028801365068265722
-0.002575944459971176,0.03055560670961022,0.025759444599711773
-0.00226917711248196,0.030797862788232915,0.022691771124826926
-0.001960141155032752,0.031009328701608694,0.01960141155032888
-0.0016491455463413217,0.031189793036677408,0.016491455463413712
-0.0013365012042868903,0.031339075374208866,0.013365012042878294
-0.0010225206950699622,0.03145702646917675,0.0102252069506992
-0.0007075179207242461,0.03154352839996645,0.007075179207240739
-0.0003918078052930774,0.031598494686267305,0.003918078052930679
-7.570597998408503e-05,0.03162187037553115,0.0007570597998391715
0.00024047153238312667,0.03161363209791119,-0.0024047153238317687
0.0005564086333208126,0.03157378808962599,-0.005564086333207624
0.000871789464692569,0.0315023781847253,-0.008717894646930818
0.0011862987244925258,0.03139947377526605,-0.011862987244920103
0.001499621982068546,0.03126517773993801,-0.01499621982068719
0.00181144599247429,0.031099624341210788,-0.01811445992475738
0.0021214590096358702,0.030902979091105242,-0.021214590096352043
0.002429351098020009,0.030675438585722494,-0.024293510980197636
0.002734814442492106,0.030417230308696874,-0.027348144424926363
0.0030375436560544375,0.03012861240376947,-0.030375436560554886
0.003337236085156829,0.029809873416708824,-0.03337236085157366
0.0036335921122745583,0.02946133200683703,-0.03633592112278519
0.003926315455450995,0.029083336628450338,-0.0392631545545534
0.004215113464505508,0.028676265182452268,-0.042151134645060734
0.0044996974136105004,0.028240524638546177,-0.04499697413615708
0.004779782789945072,0.027776550628368098,-0.047797827899459105
0.005055089578136731,0.027284807009963698,-0.05055089578142111
0.00532534254020678,0.026765785404046102,-0.053253425402098015
0.005590271490739503,0.026220004702498516,-0.055902714907419354
0.005849611567000052,0.025648010549611355,-0.05849611567001281
0.006103103493730983,0.025050374796574747,-0.061031034937309075
0.006350493842362706,0.02442769492976994,-0.06350493842365237
0.006591535284378719,0.0237805934734327,-0.06591535284379654
0.006825986838582305,0.023109717367284482,-0.06825986838584688
0.007053614112017499,0.02241573731975431,-0.07053614112018744
0.00727418953430346,0.021699347137437926,-0.07274189534308986
0.0074874925851479745,0.0209612630314649,-0.07487492585151509
0.007693310014812631,0.02020222290146646,-0.07693310014817348
0.007891436057309265,0.01942298559786028,-0.07891436057306242
0.008081672636114512,0.018624330163189057,-0.08081672636118212
0.00826382956219682,0.01780705505327276,-0.08263829562207745
0.008437724724157956,0.016971977338954395,-0.08437724724159582
0.008603184270298886,0.016119931889231425,-0.08603184270299843
0.008760042782428017,0.015251770536594936,-0.08760042782429947
0.008908143441238048,0.014368361225411222,-0.08908143441244329
0.009047338183086076,0.013470587144194362,-0.0904733818309287
0.00917748784802024,0.01255934584263855,-0.09177487848023366
0.009298462318904892,0.011635548334291817,-0.09298462318911296
0.009410140651505205,0.010700118185770654,-0.09410140651511975
0.009512411195401183,0.009753990593425025,-0.09512411195400608
0.00960517170561018,0.008798111448374443,-0.09605171705611035
0.00968832944480632,0.007833436390853295,-0.09688329444811908
0.00976180127603464,0.006860929854810874,-0.09761801276036516
0.009825513745827281,0.005881564103717335,-0.09825513745834272
0.009879403157638585,0.0048963182585433605,-0.09879403157645214
0.009923415635525724,0.0039061773188844608,-0.09923415635532787
0.009957507178011181,0.002912131178207056,-0.0995750717801531
0.009981643702073228,0.0019151736342022416,-0.0998164370208098
0.009995801077220423,0.0009163013952368207,-0.09995801077227437
0.00999996514961608,-8.348691610554322e-05,-0.09999965149619841
0.00999413175622856,-0.0010831917613982503,-0.09994131756234301
0.00997830672899327,-0.0020818136856599443,-0.09978306728999578
0.009952505888982173,-0.00307835431655937,-0.09952505888988936
0.009916755030586687,-0.004071817362537822,-0.09916755030580107
0.009871089895729731,-0.005061209608853329,-0.09871089895730031
0.009815556138132734,-0.006045541910546121,-0.09815556138125806
0.009750209277673323,-0.0070238301813361145,-0.09750209277674057
0.009675114644879324,-0.007995096377463684,-0.09675114644877328
0.009590347315614563,-0.00895836947548847,-0.09590347315618394
0.009495992036021767,-0.009912686443070716,-0.09495992036026504
0.009392143137797604,-0.010857093201762001,-0.093921431377992
0.009278904443884562,-0.011790645580846299,-0.0927890444388674
0.009156389164673958,-0.012712410261274582,-0.09156389164678921
0.009024719784823837,-0.013621465708749624,-0.09024719784821925
0.008884027940804933,-0.014516903095031067,-0.08884027940806946
0.008734454289297094,-0.015397827206536742,-0.0873445428930654
0.008576148366567758,-0.016263357339330573,-0.0857614836657011
0.008409268438973065,-0.01711262817960783,-0.08409268438975018
0.00823398134473106,-0.017944790668793415,-0.0823398134473666
0.008050462327125156,-0.018759012852387163,-0.08050462327138322
0.007858894859304673,-0.01955448071170961,-0.07858894859310625
0.007659470460857533,-0.02033039897771822,-0.07659470460861498
0.00745238850633855,-0.02108599192607846,-0.07452388506343341
0.007237856025944693,-0.02182050415269285,-0.07237856025944459
0.007016087498536643,-0.022533201328917184,-0.07016087498542242
0.006787304637213531,-0.02322337093570523,-0.06787304637218652
0.006551736167655259,-0.023890322975949133,-0.06551736167659436
0.006309617599453989,-0.02453339066430492,-0.06309617599456266
0.006061190990663409,-0.02515193109381107,-0.06061190990666718
0.00580670470580118,-0.025745325878634786,-0.05806704705807589
0.005546413167546493,-0.026312981772302547,-0.05546413167547656
0.005280576602380985,-0.026854331260799127,-0.05280576602383916
0.005009460780427291,-0.027368833129939686,-0.05009460780427241
0.00473333674974535,-0.02785597300644841,-0.04733336749747244
0.0044524805653520915,-0.028315263872203345,-0.04452480565351466
0.004167173013235412,-0.028746246551132643,-0.041671730132344736
0.003877699329638366,-0.029148490168276447,-0.038776993296416234
0.003584348915894217,-0.029521592580553375,-0.035843489158969094
0.0032874150490974346,-0.029865180778803117,-0.03287415049097939
0.0029871945888999035,-0.03017891126070309,-0.02987194588901501
0.0026839876807254657,-0.030462470374184484,-0.026839876807264046
0.0023780974556995146,-0.03071557463100573,-0.02378097455698472
0.0020698297275936342,-0.030937970990170344,-0.0206982972759385
0.0017594926870882603,-0.03112943711090444,-0.017594926870881183
0.001447396593659029,-0.031289781574941826,-0.014473965936595418
0.001133853465394847,-0.03141884407789456,-0.011338534653951543
0.000819176767057788,-0.031516495589517246,-0.00819176767058502
0.0005036810966966767,-0.031582638482705004,-0.00503681096696687
0.00018768187112767055,-0.031617206631096226,-0.0018768187112777335
-0.00012850498940372273,-0.031620165475182434,0.0012850498940367439
-0.00044456337706393013,-0.03159151205685904,0.004445633770641694
-0.0007601773124601395,-0.03153127502238283,0.00760177312460017
-0.0010750312605407176,-0.0314395145937328,0.010750312605406181
-0.0013888104460513975,-0.03131632250840317,0.013888104460519995
-0.001701201168231858,-0.03116182192768892,0.017012011682329048
-0.0020118911144380793,-0.030976167313555333,0.020118911144388546
-0.002320569672376928,-0.030759544274214456,0.023205696723786945
-0.0026269282406408178,-0.03051216937856346,0.026269282406412214
-0.0029306605372319836,-0.030234289939669704,0.029306605372338895
-0.0032314629057679303,-0.029926183767519644,0.0323146290576731
-0.003529034619061919,-0.02958815889127805,0.035290346190645666
-0.0038230781797749893,-0.029220553251336052,0.03823078179775416
-0.004113299617838946,-0.02882373436145523,0.04113299617841007
-0.0043994087843529485,-0.028398098941345318,0.043994087843572144
-0.004681119641659897,-0.02794407252004441,0.04681119641660905
-0.004958150549312598,-0.027462109010495696,0.04958150549313353
-0.005230224545643814,-0.026952690255747626,0.052302245456480906
-0.005497069624658713,-0.026416325547232118,0.054970696246620404
-0.005758419007972876,-0.02585355111560041,0.05758419007972107
-0.0060140114115240055,-0.02526492959462555,0.06014011411525119
-0.006263591306790681,-0.024651049458709585,0.06263591306794139
-0.006506909176257014,-0.02401252443455701,0.06506909176257389
-0.006743721762867803,-0.02334999288760077,0.06743721762867408
-0.006973792313224787,-0.022664117183795972,0.0697379231322853
-0.007196890814280869,-0.021955583027420546,0.07196890814280002
-0.007412794223295679,-0.021225098775541414,0.07412794223302663
-0.007621286690822561,-0.020473394729834987,0.07621286690825882
-0.007822159776504077,-0.019701222406468127,0.07822159776511314
-0.008015212657460266,-0.018909353784769687,0.08015212657457474
-0.008200252329061334,-0.018098580535443883,0.08200252329058619
-0.008377093797884035,-0.017269713229096446,0.08377093797890103
-0.008545560266658862,-0.016423580525868963,0.08545560266659544
-0.00870548331102313,-0.015561028346984739,0.08705483311024934
-0.008856703047903246,-0.014682919029038314,0.08856703047903566
-0.008999068295357814,-0.013790130461875173,0.0899906829535925
-0.009132436723721793,-0.012883555210920775,0.09132436723728707
-0.009256674997900591,-0.011964099624838864,0.09256674997909534
-0.009371658910671835,-0.011032682929409749,0.09371658910672762
-0.009477273506861549,-0.010090236308533113,0.09477273506859954
-0.009573413198270595,-0.009137701973276213,0.09573413198278055
-0.00965998186923648,-0.008176032219900577,0.0965998186923466
-0.009736892972724993,-0.007206188477802141,0.09736892972734043
-0.009804069616855617,-0.006229140348322705,0.09804069616854685
-0.009861444641774186,-0.00524586463539111,0.09861444641777214
-0.009908960686795951,-0.004257344368961893,0.09908960686807125
-0.009946570247751932,-0.0032645678222342133,0.09946570247746464
-0.009974235724481214,-0.002268527523622271,0.09974235724492378
-0.009991929458421707,-0.0012702192644762549,0.09991929458427948
-0.009999633760261797,-0.00027064110354176876,0.09999633760261775
-0.009997340927625243,0.0007292076308526517,0.09997340927626636
-0.009985053252771615,0.0017283273398728597,0.0998505325277752
-0.009962783020304615,0.0027257191535271586,0.09962783020308463
-0.009930552494890542,0.0037203859292873967,0.09930552494896294
-0.009888393898999193,0.004711333248982382,0.09888393899003423
-0.009836349380689446,0.005697570412966998,0.09836349380688891
-0.009774470971471735,0.006678111430575279,0.09774470971476723
-0.009702820534289539,0.00765197600586396,0.09702820534296897
-0.009621469701671907,0.008618190517662433,0.09621469701672569
-0.009530499804118834,0.009575788992952227,0.09530499804123305
-0.009430001788791081,0.010523814072598208,0.09430001788796294
-0.009320076128585751,0.011461317968467782,0.09320076128595178
-0.009200832721688501,0.012387363410982231,0.09200832721693808
-0.009072390781702829,0.013301024586152293,0.09072390781707429
-0.008934878718466262,0.014201388061160983,0.08934878718466366
-0.008788434009672616,0.015087553697568236,0.0878843400967868
-0.008633203063428655,0.015958635551223947,0.08633203063435535
-0.008469341071882587,0.0168137627579898,0.08469341071881487
-0.0082970118560707,0.01765208040438746,0.08297011856071745
-0.008116387702137273,0.01847275038229804,0.08116387702139849
-0.007927649189091482,0.019274952226860095,0.07927649189101271
-0.007730985008273538,0.020057883936728707,0.07730985008270941
-0.007526591774710505,0.02082076277587795,0.07526591774713887
-0.00731467383055041,0.021562826056140964,0.07314673830546403
-0.00709544304077117,0.022283331899707083,0.07095443040775984
-0.006869118581368561,0.02298155998081468,0.06869118581375999
-0.006635926720235011,0.023656812245895425,0.06635926720238872
-0.006396100590948259,0.02430841361145492,0.06396100590950993
-0.006149879959696048,0.02493571263898733,0.06149879959697224
-0.005897510985569858,0.025538082186250602,0.058975109855681884
-0.005639245974467343,0.02611492003425246,0.05639245974468943
-0.005375343126849488,0.026665649489318568,0.05375343126853216
-0.005106066279604688,0.027189719959641447,0.05106066279604371
-0.004831684642277802,0.027686607505735646,0.04831684642279632
-0.0045524725279278925,0.028155815364246307,0.04552472527933582
-0.004268709078883725,0.028596874444587195,0.04268709078884192
-0.003980677987671214,0.02900934379791497,0.039806779876713216
-0.0036886672133917982,0.0293928110579682,0.03688667213393315
-0.0033929686938353088,0.029746892853329692,0.033929686938364734
-0.0030938780536151483,0.03007123519070239,0.030938780536174937
-0.0027916943086175655,0.03036551380881419,0.027916943086184753
-0.0024867195670605032,0.030629434502598255,0.02486719567062834
-0.0021792587274608896,0.03086273341732447,0.021792587274614528
-0.001869619173812326,0.031065177312388254,0.018696191738141854
-0.0015581104682779203,0.031236563794492887,0.015581104682784508
-0.0012450440417054952,0.03137672151999212,0.012450440417062003
-0.0009307328822745788,0.03148551036619117,0.009307328822746763
-0.0006154912225864518,0.031562821571434224,0.006154912225864839
-0.0002996342255100854,0.03160857784383906,0.002996342255102258
1.652233090195725e-05,0.03162273343856947,-0.00016522330902035698
0.00033266236911264833,0.03160527420356875,-0.003326623691124686
0.000648469828099033,0.03155621759370818,-0.006484698280989187
0.0009636289793342562,0.03147561265333646,-0.009636289793353958
0.0012778247424371776,0.031363539967247826,-0.012778247424373612
0.0015907430001740029,0.031220111580117234,-0.01590743000174455
0.001902070912497007,0.0310454708844836,-0.019020709124982327
0.002211497229306392,0.030839792477393352,-0.02211497229306736
0.0025187126016225927,0.030603281985846824,-0.025187126016238404
0.0028234098908579406,0.030336175861222767,-0.02823409890857298
0.0031252844758784836,0.03003874114288584,-0.03125284475881274
0.0034240345575489834,0.029711275191214113,-0.034240345575532904
0.003719361460456621,0.029354105390313454,-0.0371936146045988
0.004010969931511762,0.02896758882071477,-0.04010969931513819
0.0042985684351272485,0.02855211190238246,-0.042985684351324105
0.004581869444681119,0.02810809000839162,-0.0458186944468435
0.004860589729971371,0.02763596704965879,-0.04860589729972298
0.005134450640375371,0.027136215031141286,-0.051344506403777634
0.00540317838343083,0.02660933357995052,-0.05403178383437557
0.005666504298559835,0.026055849445850415,-0.056665042985645675
0.005924165125662281,0.025476315974638834,-0.05924165125667025
0.0061759032683101735,0.024871312554939615,-0.06175903268317362
0.00642146705127967,0.024241444038959663,-0.06421467051281682
0.006660610972163405,0.023587340137787426,-0.06660610972163084
0.006893095946811535,0.022909654791838444,-0.06893095946816552
0.0071186895483561245,0.022209065517079515,-0.07118689548362034
0.007337166239579934,0.021486272727682394,-0.07337166239580406
0.007548307598397262,0.020741999035783217,-0.07548307598403148
0.007751902536221438,0.019976988529051908,-0.07751902536223043
0.00794774750900065,0.019192006026790654,-0.07947747509002023
0.008135646720711128,0.01838783631530481,-0.08135646720714829
0.00831541231910422,0.017565283363313623,-0.0831541231910895
0.008486864583511701,0.016725169518182585,-0.08486864583511822
0.008649832104521518,0.015868334683780787,-0.08649832104524147
0.008804151955344357,0.014995635480787063,-0.08804151955350314
0.008949669854699716,0.014107944390284694,-0.08949669854697073
0.009086240321058621,0.013206148881496384,-0.09086240321069128
0.009213726818088795,0.012291150524538323,-0.09213726818092094
0.009332001891156865,0.01136386408907567,-0.09332001891160968
0.009440947294751144,0.010425216629780071,-0.09440947294751001
0.00954045411069758,0.009476146559507199,-0.09540454110706453
0.009630422857050711,0.008517602711119074,-0.09630422857056042
0.00971076358755075,0.007550543388888697,-0.09710763587551496
0.00978139598154736,0.006575935410433437,-0.09781395981553698
0.00984224942430023,0.005594753140140302,-0.09842249424309002
0.009893263077576162,0.004607977515046182,-0.09893263077573411
0.009934385940472112,0.0036165950641438606,-0.09934385940473023
0.00996557690040333,0.0026215969220997858,-0.09965576900408468
0.009986804774205674,0.0016239778383688901,-0.09986804774209446
0.009998048339310981,0.0006247351826925811,-0.09998048339316734
0.009999296354964335,-0.0003751320520217448,-0.09999296354969783
0.009990547573462008,-0.00137462424844376,-0.0999054757347052
0.009971810741398853,-0.0023727421641871575,-0.09971810741397436
0.009943104590923901,-0.003368487930803205,-0.09943104590923513
0.009904457821012886,-0.004360866051399789,-0.0990445782100815
0.00985590906877644,-0.005348884395889351,-0.09855909068783086
0.009797506870832643,-0.006331555192870164,-0.09797506870833184
0.009729309614782538,-0.00730789601715093,-0.09729309614782133
0.009651385480837122,-0.008276930771932185,-0.09651385480842967
0.009563812373654175,-0.009237690664657228,-0.09563812373657887
0.009466677844453073,-0.01018921517556313,-0.09466677844460136
0.009360079003485455,-0.011130553017960445,-0.09360079003486188
0.00924412242294924,-0.012060763089282552,-0.09244122422955936
0.009118924030443063,-0.012978915411952816,-0.0911892403044936
0.008984608993067656,-0.013884092063128736,-0.0898460899306901
0.008841311592290027,-0.014775388092397,-0.08841311592296286
0.008689175089695559,-0.015651912426496682,-0.08689175089697354
0.008528351583762226,-0.016512788760169837,-0.08528351583765748
0.008359001857800134,-0.01735715643224851,-0.08359001857807691
0.008181295219208394,-0.018184171286099476,-0.08181295219211648
