x1,x2,x3,x4,v1,v2,v3,v4,a1,a2,a3,a4
0.0,0.0,0.0,0.0,0.0,0.0,0.0,0.0,-0.11973384221394856,-0.1907496452331543,-0.12767065048217774,0.058393543958663946
-6.401865286981223e-06,-9.069078667862442e-06,-6.237201511026048e-06,1.0974202126666083e-06,-0.0012803730573962447,-0.0018138157335724884,-0.0012474403022052097,0.00021948404253332166,-0.13634076926530037,-0.17201350148134337,-0.1218174099588642,-0.014496735451999615
-2.434685586964494e-05,-3.357402925732635e-05,-2.245718897986655e-05,1.1228044814809077e-06,-0.0023086250591364994,-0.0030871743843202933,-0.0019965571915628914,-0.00021440718877046175,-0.06930963108275057,-0.08265822866821765,-0.028005967912672125,-0.07228151080875707
-4.842545496935735e-05,-6.641934980380218e-05,-4.5247992965745634e-05,-6.194975933602597e-06,-0.002507094760805983,-0.0034818897249748724,-0.0025616036056129252,-0.0012491488942462392,0.02961569074885384,0.003715160537301865,-0.08500331489733465,-0.13466683028639842
-7.01235297215905e-05,-9.754621358941217e-05,-7.454208775051582e-05,-2.6004320001087274e-05,-0.0018325201896406474,-0.0027434830321471245,-0.0032972153513411103,-0.002712719919250696,0.10529922348421328,0.14396617802824768,-0.062119034248302396,-0.15804737471449298
-8.252556565454369e-05,-0.00011893333225163474,-0.00010832980840240602,-6.016252844456043e-05,-0.000647886996949989,-0.0015339407002973912,-0.0034603287790369317,-0.004118921769443934,0.1316274150539184,0.09794228834169899,0.029496348709138143,-0.12319299532415467
-8.296164060387606e-05,-0.00013061696681664973,-0.00013963436012469544,-0.00010729188196193426,0.0005606720070835132,-0.0008027862127056056,-0.0028005815654209517,-0.005306948934030831,0.11008438575278204,0.048288609176658115,0.10245309401405783,-0.11441243759322467
-7.389235486763327e-05,-0.00013483215059681747,-0.00016386864647108493,-0.00016338377200487058,0.001253185140165045,-4.025054332794354e-05,-0.002046275703856945,-0.005911429074556436,0.02841824086352429,0.1042185246988743,0.04840807829874344,-0.006483590511896342
-6.209794741437418e-05,-0.00013168357546339583,-0.0001835916599034523,-0.00021917363774998262,0.0011056963504867746,0.0006699655700122726,-0.0018983269826165273,-0.005246544074465971,-0.05791599879917836,0.03782469796916893,-0.018818334050659857,0.13946059052998933
-5.5313402017642026e-05,-0.00012528207465103302,-0.00020321013200708072,-0.0002611342795806313,0.0002512127288596561,0.0006103345924602889,-0.0020253674381091598,-0.0031455842916637694,-0.11298072552624533,-0.04975089347956568,-0.006589757047866629,0.28073136603045107
-5.8033887534803306e-05,-0.0001241482486540565,-0.00022124212589164842,-0.0002797647541657725,-0.0007953098322919123,-0.00038356939306498426,-0.0015810313388043796,-0.0005805106253644614,-0.09632378670406833,-0.14902990362548896,0.09545697690882265,0.2322833672294105
-6.910828538451546e-05,-0.0001344638994785139,-0.0002321244725907404,-0.0002754027915920863,-0.0014195697376505187,-0.001679560771826495,-0.0005954380010140146,0.001452903140101693,-0.02852819436765297,-0.11016837212681319,0.10166169064925035,0.17439938586382037
-8.326998564834825e-05,-0.00015374691400908406,-0.00023382322414019347,-0.0002554665093622864,-0.001412770315116039,-0.0021770421342875395,0.00025568769112339896,0.0025343533058582936,0.029888078874548918,0.010672099634604248,0.06856344777823237,0.04189064728749975
-9.477933817048e-05,-0.00017169376864490803,-0.00022830385963430762,-0.00022971976015183362,-0.0008891001893103118,-0.001412328792877253,0.0008481852100537694,0.0026149965362322583,0.07484594628659652,0.14227056864745302,0.04993605600784172,-0.02576200121270683
-9.967963076681765e-05,-0.00017703555790054608,-0.00021762270354132884,-0.0002066002047875912,-9.095832995721729e-05,0.00034397094174964363,0.001288046008541987,0.0020089145366162277,0.08478242558402238,0.2089893782779263,0.03803610368980177,-0.09545439871049927
-9.507984592175848e-05,-0.00016391812358503184,-0.0002034373580410972,-0.00019083337640416663,0.0010109152989690512,0.002279515921353203,0.001549023091504341,0.0011444511400686842,0.1355923002012313,0.1781196176427856,0.014159312902669072,-0.07743828059900942
-7.933576822712777e-05,-0.00013462751994842287,-0.0001859982607219407,-0.00018286273518901055,0.00213790023995709,0.0035786048059685905,0.0019387963723269612,0.0004496771029625316,0.08980468799637648,0.0816981592802919,0.06379534326185494,-0.061516526822221085
-5.480178133293115e-05,-9.743041341160979e-05,-0.00016294962610733656,-0.0001781382774560611,0.002768897138882235,0.0038608165013940257,0.0026709305505938645,0.000495214443627358,0.036394691788652456,-0.025255820195204892,0.08263149239152572,0.07062399495518637
-2.7902750129726833e-05,-6.206960788880958e-05,-0.0001335663137467607,-0.00016833090755167838,0.0026109091017586287,0.003211344603166017,0.003205731921521309,0.0014662595372491876,-0.06799229921337374,-0.1046385594503969,0.02432878179396321,0.12358502376917951
-7.1024630752767335e-06,-3.5148078213972194e-05,-0.00010136470518140332,-0.00014599886387050358,0.001549148309131391,0.0021729613318014597,0.003234589791550167,0.003000149198985771,-0.1443598593120738,-0.10303809482251447,-0.018557207788191657,0.18319290857813725
1.2284063535386429e-06,-1.7559840846938907e-05,-7.054418944835104e-05,-0.0001060071114512665,0.00011702557663168444,0.0013446861416051975,0.0029295133550602875,0.004998201284861645,-0.14206468718786752,-0.06261694321673794,-0.04245807950978424,0.21641750859703762
-2.476222607429589e-06,-7.619067182749792e-06,-4.312477755318794e-05,-4.8086319707674485e-05,-0.0008579513688253308,0.0006434685912326255,0.002554369023972333,0.006585957063856758,-0.05293070190353552,-0.07762656685777647,-0.03257078670780662,0.10113364720198487
-1.1415964194179025e-05,-3.983964040708464e-06,-1.775724225850483e-05,1.858941732030115e-05,-0.0009299969485245566,8.355203717564025e-05,0.0025191380349642895,0.006749190341738367,0.03852158596369035,-0.03435674395362057,0.025524588906197868,-0.06848699162566302
-1.775838616938269e-05,-3.790686457922875e-06,8.642732049022508e-06,7.977817644989717e-05,-0.0003384874465161761,-4.4896520618522494e-05,0.0027608568265411787,0.005488561484180836,0.07978031443798575,0.00866703239478802,0.022819169409179982,-0.18363877988584315
-1.7079573123859122e-05,-2.0099757326999405e-06,3.625887829760395e-05,0.00012412926113536404,0.0004742500556208898,0.0004010386656631094,0.0027623724231751095,0.003381655452912539,0.08276718598942742,0.08052000486153835,-0.02251605008239381,-0.23774242636781634
-9.360841216951557e-06,7.339936956593257e-06,6.107149165461018e-05,0.000145733781343576,0.001069496325760623,0.00146894387219553,0.0022001502482261372,0.0009392485887298498,0.036282068038519216,0.1330610364449458,-0.08992838490740059,-0.25073894646872147
2.4683863608463795e-06,2.752000823292873e-05,7.776092824359415e-05,0.0001442069432487071,0.0012963491897989643,0.0025670703830715648,0.0011377370695706548,-0.001244616207703626,0.009088504769149047,0.08656426573026113,-0.1225542508236959,-0.18603401281797366
1.5154132730900595e-05,5.342068921665636e-05,8.270228476914764e-05,0.00012476901309910082,0.0012408000842118788,0.0026130658136739615,-0.0001494657644599555,-0.002642969822217631,-0.020198325886566143,-0.07736517960978176,-0.13488631598242612,-0.09363671008482738
2.6424309723581824e-05,7.364880054165403e-05,7.60064443858797e-05,9.676326194009701e-05,0.0010132353143243668,0.0014325564513255717,-0.001189702312193633,-0.002958180409583131,-0.025314628090936236,-0.1587366928598962,-0.07316099356430938,0.030594592611727423
3.438147304618919e-05,7.970708724092828e-05,6.215937351086888e-05,7.069793713669017e-05,0.0005781973501971065,-0.000220899111470721,-0.0015797118628085314,-0.002254884551098237,-0.061692964734515826,-0.17195441969936234,-0.00484091655867025,0.1100645790852513
3.5867449418860234e-05,6.962231399553352e-05,4.6771699450150146e-05,5.4582501718689686e-05,-0.00028100207566289764,-0.001796055537608232,-0.0014978229493352155,-0.0009682025325018595,-0.110146920437485,-0.14307686552813983,0.021218699253333417,0.14727182463402416
2.754531481492855e-05,4.6476849794701425e-05,3.301700319529143e-05,5.1057718321334925e-05,-0.0013834248451234394,-0.002833037302558187,-0.001253116301636528,0.00026324585303090747,-0.11033763345462336,-0.0643194874618511,0.027722630286404093,0.09901785247252923
9.555448961980153e-06,1.8322233432081375e-05,2.2033891207265894e-05,5.611233744361522e-05,-0.0022145483254662397,-0.0027978859699658233,-0.0009435060959685792,0.0007476779714251515,-0.055887062613936694,0.07134975398032381,0.03419941084718564,-0.0021314287936804316
-1.2644166873483738e-05,-4.235201484685277e-06,1.386950419065594e-05,6.117827069898462e-05,-0.0022253748416265384,-0.001713601013387507,-0.0006893713073534116,0.0002655086796487285,0.05372175938187693,0.14550723733533946,0.016627546875847887,-0.09430242956160416
-2.9475330153901513e-05,-1.4334441329152262e-05,8.356463659775075e-06,5.991351889424182e-05,-0.0011408578144570165,-0.0003062469555058895,-0.00041323679882276145,-0.000518459040597289,0.16318164605202748,0.13596357424098401,0.03859935483028215,-0.06249111448759932
-3.271645055123033e-05,-1.0893500582966923e-05,6.566123460321042e-06,5.2612097938403824e-05,0.000492633734991254,0.0009944351047429573,5.516875893195485e-05,-0.0009418251505703098,0.1635166638376266,0.12417283780878532,0.05508175672066111,-0.022182107507004847
-2.1444175366891754e-05,3.6328014883361472e-06,1.0268856886086434e-05,4.4056743303079256e-05,0.0017618213018764605,0.0019108253095176568,0.0006853779262211235,-0.0007692457764946039,0.09032084953941469,0.05910520314615461,0.0709600767371726,0.056697982322146026
-1.5916785304725196e-06,2.4677217043307803e-05,2.0535968465882294e-05,3.959300764180624e-05,0.002208678065407386,0.0022980578014766746,0.0013680443897380488,-0.0001235013557599994,-0.0009494968332295628,0.018341295245648898,0.06557321596621245,0.07245090182477486
1.8862106764005073e-05,4.846558920296661e-05,3.654610852798378e-05,4.3914989558540395e-05,0.001882078993488133,0.002459616630455088,0.0018339836226822486,0.0009878977391068304,-0.06437031755062103,0.013970470550033726,0.027614630622627492,0.1498289171485911
3.4563545114511324e-05,7.244643239803805e-05,5.536485648536953e-05,6.054031800720309e-05,0.0012582086766131171,0.0023365520085591985,0.001929765968794902,0.0023371679506257086,-0.060403745824382155,-0.03858339492921156,-0.008458161400096822,0.12002512515518449
4.474570944656116e-05,9.251119569798231e-05,7.502759278123715e-05,8.886325985993172e-05,0.0007782241897968506,0.0016764006514296543,0.002002781290378622,0.003327420419920017,-0.03559315153887113,-0.09344687649669728,0.023061225716840897,0.07802536870367716
5.0502366306693086e-05,0.00010478941649920534,9.55096182684984e-05,0.00012459459968288428,0.00037310718222953416,0.0007792435088149516,0.002093623807073628,0.0038188475446704956,-0.04543024997459216,-0.08598455202624325,-0.004892722377839678,0.02026005624641858
5.1652221315729983e-05,0.0001084736189255647,0.00011648936597105281,0.00016077979440674956,-0.0001431361804221548,-4.240302354307818e-05,0.0021023257334372523,0.003418191400102561,-0.057818422555745624,-0.07834475444536271,0.0066331076505644765,-0.1003912851600055
4.772667130224144e-05,0.00010650081506683927,0.00013664787715197074,0.0001875112766542477,-0.000641973822275554,-0.00035215774820200884,0.001929376502746333,0.001928105049397068,-0.04194910581493422,0.01639380951357658,-0.04122295378874831,-0.19762598498109307
4.101101126581807e-05,0.00010423103720448365,0.00015243281036286468,0.00019736571255050207,-0.0007011581850091198,-0.000101797824269116,0.0012276101394324565,4.27821298538062e-05,0.030112233268221045,0.03367817527300199,-0.099130318874027,-0.1794385989275593
3.654979561047198e-05,0.00010464546743741164,0.00015831087743127105,0.00019106813158879067,-0.0001910849460600982,0.00018468387085471434,-5.199672575118236e-05,-0.0013022983221960876,0.07190241452158327,0.02361816375176408,-0.15679105416270078,-0.08957749148241945
3.814316584653795e-05,0.00010673246537073317,0.00015039291856497732,0.00017401528800485298,0.0005097589932732922,0.0002327157158095915,-0.0015315950475075651,-0.00210827039459145,0.0682663733450948,-0.014011794760788648,-0.13912861018857575,-0.07161692299665301
4.600654487606324e-05,0.00010656011089088389,0.0001294669727979416,0.00014982936207914716,0.0010629168126317663,-0.0002671866117794475,-0.002653594105899577,-0.0027289147905497136,0.04236519052659998,-0.08596867075701915,-0.08527120148982664,-0.05251195619499971
5.6053038391721714e-05,9.906406216869462e-05,0.00010050801579993706,0.00011918960180450434,0.0009463818904999286,-0.0012320231326584069,-0.003138197293701331,-0.00339903726437885,-0.06567217495296751,-0.10699863341877273,-0.01164943607052421,-0.08151253857082763
5.9901413669168894e-05,8.295308721012594e-05,6.981165780324173e-05,8.227001504324226e-05,-0.0001767068350104924,-0.0019901718590553284,-0.003001074305637735,-0.003984880087873567,-0.1589455701491167,-0.0446311118606116,0.039074033683243414,-0.03565602612811569
5.0567164963990465e-05,6.159400448411316e-05,4.1818345508094044e-05,4.238577933387522e-05,-0.0016901429060251936,-0.002281644686147227,-0.002597588153391802,-0.003991967053999841,-0.14374164405382356,-0.013663453557768143,0.04162319676594323,0.03423863290286089
2.9270833707077183e-05,3.817951499979612e-05,1.7583592033397747e-05,6.222349840594553e-06,-0.0025691233453574627,-0.0024012532107161814,-0.002249362541547457,-0.003240718844656293,-0.032054443812630284,-0.010258251356022721,0.028021925602925768,0.1160110089658487
5.017058154057636e-06,1.3794545446841197e-05,-4.401891025454536e-06,-2.0460196465214818e-05,-0.002281631765246447,-0.0024757406998748032,-0.0021477340702230003,-0.0020957904165055806,0.0895527598348334,-0.004639246475701617,-0.007696231338034376,0.11297467666429373
-1.1909494491306294e-05,-1.0074598092511517e-05,-2.523377303642106e-05,-3.5691687934871043e-05,-0.0011036787638263386,-0.0022980880079957393,-0.002018642331970305,-0.000950507877425664,0.14603784044918827,0.04016978485151439,0.03351457898857341,0.11608183115168957
-1.64069539784972e-05,-2.976565063010275e-05,-4.230143361777605e-05,-4.0792176530873366e-05,0.00020418686638815748,-0.0016401224995225075,-0.001394889784300693,-6.958984177480058e-05,0.11553528559371096,0.09142331684313194,0.09123593054534901,0.060101775978483096
-1.058582482979166e-05,-3.9343205413848745e-05,-5.138197665198815e-05,-3.9997629148334054e-05,0.0009600389633529506,-0.0002753884572266915,-0.0004212188225417271,0.0002284993182826631,0.035635133799247654,0.18152349161603126,0.10349826180644417,-0.00048394396699036335
-9.1987091209939e-07,-3.26760467619359e-05,-5.0662919657628355e-05,-3.5873108711838495e-05,0.0009731518201855034,0.0016088201876092603,0.0005650302214136867,0.0005964047690164486,-0.03301256243273709,0.1953182373511591,0.09375154698463858,0.07406503411374747
6.96407609967273e-06,-1.1176799975961038e-05,-3.848592600418022e-05,-2.520722002730051e-05,0.0006036375821689207,0.002691029169585712,0.0018703685092759407,0.0015367729678911488,-0.040890285170579466,0.021123559044131157,0.16731611058781223,0.11400860566119254
1.254614738721436e-05,1.5053022512613741e-05,-1.1352380602698894e-05,-4.133731724272971e-06,0.0005127766753394052,0.0025549353281292446,0.003556340571020324,0.002677924692714358,0.02271810380467637,-0.048342327335424595,0.16987830176106447,0.11422173930344935
1.984491829224551e-05,3.7835091325129214e-05,3.0817946623008265e-05,2.8261567390182146e-05,0.0009469775056668248,0.00200147843437385,0.004877724874121107,0.0038011351301766656,0.06412206226080755,-0.06234905141565433,0.09439855885909218,0.11042034818901215
3.168929207235901e-05,5.6978227468552656e-05,8.063302295388406e-05,7.267995212888637e-05,0.0014218972503558752,0.0018271487943108387,0.005085290392054052,0.005082541817564179,0.030861886677002542,0.02748312340305209,-0.052885455272503185,0.14586098928849045
4.592173113111733e-05,7.78533490901054e-05,0.00012799435226483404,0.00012933378318561017,0.0014245905613957887,0.002347875529999711,0.0043869754701359445,0.006248224393780581,-0.030323224469019833,0.07666222373472237,-0.08677752911111827,0.08727552595479005
5.829129942494855e-05,0.00010441863044658253,0.00016811306327153662,0.00019364995274113612,0.001049323097370455,0.0029651807412957145,0.0036367667312045718,0.006615009517324608,-0.0447302683360469,0.04679881852447837,-0.06326421867515628,-0.013918501245984705
6.706884112004977e-05,0.00013413714703813687,0.00020309784489457218,0.0002569962892692989,0.0007061852416497885,0.002978522577015154,0.0033601895934025406,0.006054257788307946,-0.023897302808086412,-0.04413045138059052,0.007948791114750081,-0.09823184455734768
7.4476677106186e-05,0.00016021267656059917,0.00023754145869143344,0.00031062236102738115,0.0007753819555774591,0.0022365833274773064,0.003528533165969712,0.0046709565633085036,0.03773664559362053,-0.10425739852697896,0.025719923398684147,-0.17842840044254082
8.309231389340717e-05,0.00017781824643904666,0.00027306815079062376,0.0003474752779996914,0.0009477454018667736,0.0012845306482121902,0.0035768052538683527,0.002699626831153543,-0.0032639563357576284,-0.0861531373260443,-0.016065505818955966,-0.21583754598845128
9.207611203996634e-05,0.00018857018238151158,0.00030432345819862017,0.0003658045225931504,0.0008490142274450608,0.0008658565402807942,0.002674256227730929,0.0009662220875382612,-0.016482278548584944,0.0024183157397650867,-0.16444429940852875,-0.13084340273460504
9.899142205607556e-05,0.0001973790827106136,0.0003208641594365021,0.0003690651139412464,0.0005340477757767826,0.0008959235255396118,0.0006338840198454598,-0.00031410381791906693,-0.046511011785070694,0.003595081311998427,-0.24363014216856507,-0.1252217783568606
0.00010220075403802065,0.00020475474753274902,0.00031650192525504506,0.00036083980857441777,0.00010781862061223687,0.0005792094388874715,-0.001506330856136869,-0.0013309572554466547,-0.03873481924783845,-0.0669378986424265,-0.1844128330279007,-0.07814890914865696
0.00010205230767913616,0.00020532509114097865,0.00029554260816015004,0.00034238774534736845,-0.00013750789238913512,-0.00046514071724154606,-0.002685532562842135,-0.002359455389963209,-0.01033048335243595,-0.14193213258337703,-0.05142750831315243,-0.12755071775465393
9.974431052764567e-05,0.00019285517374754627,0.00026834284407385213,0.000310751094600674,-0.0003240915379089632,-0.002028842761444931,-0.002754420254417448,-0.003967874759375684,-0.026986245751529664,-0.17080827625729997,0.037649969998089755,-0.19413315612784104
9.336496970684227e-05,0.0001665127557456335,0.00024057919546965594,0.00026284970650911944,-0.0009517766262517164,-0.003239640838937621,-0.00279830946642179,-0.005612402858935225,-0.09855077191702097,-0.07135133924123807,-0.046427812398958185,-0.1347724637840672
7.871340638837077e-05,0.00013264357302813427,0.00020801855578251937,0.00020384524445735415,-0.001978536037442585,-0.0035341957045622267,-0.0037138184710055235,-0.006188489551417834,-0.10680111032115272,0.012440366116316964,-0.13667398851778848,0.019555125287545383
5.6100011785186964e-05,9.861777986348155e-05,0.00016377314900097506,0.0001441641085722634,-0.0025441428831941755,-0.0032709629283683163,-0.00513526288530334,-0.005747737625600319,-0.006320258829165398,0.04020618912246507,-0.14761489434177485,0.06859525987595766
3.201800626055185e-05,6.773832332979991e-05,0.0001081971740730624,8.942736362228668e-05,-0.002272258221732848,-0.0029049283783680125,-0.005979932100279193,-0.005199611364395022,0.06069719112143088,0.033000720877595674,-0.021318948653395703,0.0410299923651018
1.3267829910930961e-05,3.926091926688168e-05,5.076988187464522e-05,4.0143464156577016e-05,-0.0014777770481913298,-0.002790552434215634,-0.005505526339404241,-0.004657168528746912,0.09819904358687273,-0.010125532047119995,0.11620010082838608,0.06745857476452005
2.1327434904688695e-06,1.0588494515185163e-05,3.0445511333396845e-06,-4.007778006945695e-06,-0.0007492402359010881,-0.0029439325161236683,-0.004039539808856867,-0.004173079903957631,0.0475083188711756,-0.02055048433448689,0.17699720528108873,0.029359150193336292
-3.992288811638711e-06,-1.6982156786065943e-05,-2.9505223929363587e-05,-4.390047436394923e-05,-0.00047576622452042805,-0.0025701977441265522,-0.002470415203683787,-0.003805459367443076,0.007186483404956423,0.09529743873391014,0.13682771575352728,0.04416495710957463
-9.359261229115672e-06,-3.7680932628189674e-05,-4.878950460384307e-05,-7.950982162982829e-05,-0.000597628258974964,-0.001569557424298194,-0.0013864409312121092,-0.0033164100857327366,-0.03155889029586362,0.10483062523176148,0.07996713874080827,0.053644899232493326
-1.712008158117455e-05,-4.775265503785332e-05,-5.9720245237182955e-05,-0.00010908797801962729,-0.0009545358114368117,-0.0004447870576345344,-0.0007997071954558682,-0.002599221192227063,-0.039822620196505926,0.12012344810097045,0.03737960841043994,0.0897928794686414
-2.5729863760790812e-05,-4.7715304602341444e-05,-6.553776564292942e-05,-0.00012922167498854488,-0.0007674206244864404,0.00045225714473690916,-0.00036379688569342474,-0.0014275182015564545,0.07724565758658017,0.05928539237331826,0.049802453542048736,0.14454771866548027
-2.8409401724941993e-05,-4.043518836598731e-05,-6.660432289217798e-05,-0.00013434044188195712,0.00023151303165620416,0.0010037661025339172,0.00015048543584371367,0.0004037648228740051,0.12254107364194874,0.05101639918608333,0.05305401076537895,0.22170888622061163
-2.0282090222379443e-05,-2.8737961131377834e-05,-6.148213703857999e-05,-0.00011922086914857199,0.0013939492688563057,0.0013356793443879784,0.000873951734875883,0.002620149723803022,0.10994617379807156,0.015366249184728925,0.0916392490410549,0.22156809396519167
-2.772056505665099e-06,-1.5180401679868136e-05,-4.698609060593398e-05,-8.533488251159496e-05,0.002108057474486563,0.0013758325459139616,0.00202525755165332,0.004157047603592383,0.032875467327979885,-0.0073356088795323016,0.1386219143144325,0.08581148199268068
1.6991491780590582e-05,5.13865713429964e-07,-2.000076526752536e-05,-4.148003401373964e-05,0.001844652182764573,0.0017630209327456577,0.0033718075160284033,0.004613922095978681,-0.08555652567237784,0.08477328624587152,0.13068807856058406,0.005563416484578865
3.168266806031291e-05,2.232406436091763e-05,1.8531430076474223e-05,3.753264139076834e-06,0.0010935830731798935,0.002599018796751875,0.004334631552771512,0.004432737534584614,-0.06465729624455804,0.0824262865553719,0.06187672878803763,-0.04180032876339218
4.080445514777782e-05,5.1435405325056855e-05,6.210625701944287e-05,4.559955515655186e-05,0.0007307743443130882,0.0032232493960759707,0.004380333835822219,0.003936520668910391,-0.00790444952880301,0.04241983330944729,-0.052736272177896226,-0.05744304437145237
4.9064840482732866e-05,8.411752680830265e-05,0.00010264898619082692,8.230206406418945e-05,0.0009213027226779206,0.003313174900573189,0.00372821199845459,0.0034039811126171243,0.046010125201769475,-0.024434732410003684,-0.07768809529562948,-0.049064866887200964
6.003133845622169e-05,0.00011355362853610485,0.0001361304299360144,0.00011407737907515038,0.0012719968720198442,0.0025740454449872515,0.0029680767505829075,0.0029510818895750615,0.024128704666615236,-0.12339115870718378,-0.07433895427870707,-0.04151497772121154
7.187996349129972e-05,0.00013275448626029772,0.0001620180323933272,0.00014119324656955317,0.0010977281349957616,0.001266126099851322,0.0022094437408796495,0.002472091609305497,-0.05898245207143174,-0.1381927103200021,-0.0773876476619445,-0.05428307833270135
7.85499147774205e-05,0.00013942208546849819,0.00017900516968051252,0.00016163065460015483,0.00023626212222839559,6.739374178877148e-05,0.0011879837165574161,0.001615389996814833,-0.11331075048204145,-0.10155376129250801,-0.12690435720250215,-0.11705724416543145
7.662556734189545e-05,0.00013617030752513076,0.0001852501556249412,0.0001722838600840335,-0.0006211316093334069,-0.0007177493304622567,6.1013472328317686e-05,0.0005152510999609013,-0.058167995830319036,-0.05547485315769762,-0.09848969164331753,-0.10297053520535487
6.852206509168991e-05,0.00012722719151211614,0.00018050966284785427,0.00017310582325370905,-0.0009995688407077004,-0.0010708738721406678,-0.0010091120277457009,-0.0003508584660257911,-0.017519450444539675,-0.015150055177984623,-0.11553540837148618,-0.07025137799198361
5.86289077504121e-05,0.00011526360964164835,0.00016481363412452956,0.00016481337770339868,-0.0009790626275478621,-0.0013218425019528902,-0.0021300937169192414,-0.0013076306440362832,0.021620693076507325,-0.03504367078445986,-0.10866092946322187,-0.12110305761011483
4.9396423251773364e-05,0.00010067247835001162,0.00014067828324557233,0.00014487794429777514,-0.0008674342721798849,-0.001596383756374455,-0.0026969764588722057,-0.002679456037088425,0.0007049779970881298,-0.01986458009985309,-0.00471561892737099,-0.15326202100031353
4.112267953352139e-05,8.426945336855788e-05,0.00011522694254202256,0.00011217305347916538,-0.0007873144714705101,-0.0016842212399162928,-0.002393291681837747,-0.0038615221266335266,0.01531898214478683,0.0022970833914855437,0.06545257433426271,-0.08315119690870684
3.38416557883171e-05,6.730424321321463e-05,9.218205554514758e-05,7.203691171541281e-05,-0.0006688902775703478,-0.0017088207911523576,-0.0022156857175372508,-0.004165706226116986,0.008365856635245639,-0.007216993638698488,-0.029931381474163465,0.022314377012014858
2.638163814994274e-05,5.046213235249182e-05,6.783184911590248e-05,3.198307576946884e-05,-0.0008231132501045243,-0.0016596013809922043,-0.0026543555683117693,-0.0038450609630718076,-0.03921045114208094,0.01706087567072917,-0.05780258868074023,0.04181467559702082
1.7294234697647287e-05,3.49072580647696e-05,3.9372617256958195e-05,-2.5966314624706922e-06,-0.0009943674403545663,-0.0014513734765522395,-0.0030374908034770877,-0.003070880483316099,0.004959613092072546,0.024584705217263803,-0.018824458352323437,0.11302142035412086
8.374833778940211e-06,2.0089883441367573e-05,1.0402538966976895e-05,-2.7366113761438236e-05,-0.0007895127433868487,-0.0015121014481281662,-0.002756524854519172,-0.0018830159764774096,0.03601132630147097,-0.03673029953244916,0.07501764814390649,0.12455148101361704
1.354690370880672e-06,3.447237214096822e-06,-1.2960371569718727e-05,-4.2103121198259396e-05,-0.000614515938225059,-0.0018164277973259843,-0.0019160572528199515,-0.0010643855108868222,-0.0010119652691130132,-0.02413497030711448,0.09307587219593766,0.039174612104500434
-4.4640894500087005e-06,-1.3241502287104012e-05,-2.8252940329207755e-05,-5.140024034034405e-05,-0.0005492400259528153,-0.0015213201029141829,-0.001142456499077854,-0.000795038317530109,0.01406714772356174,0.08315650918947476,0.061644278552481835,0.014694826566842206
-9.432187482412179e-06,-2.3866160868554353e-05,-3.7525997885161076e-05,-5.8945131821916195e-05,-0.0004443795805278804,-0.0006036116133758853,-0.0007121550121128102,-0.0007139399787843198,0.006904941361425249,0.10038518871818475,0.02441601884052691,0.0015248411823156338
-1.3093106677520409e-05,-2.582404588803356e-05,-4.299717560098129e-05,-6.649856817135342e-05,-0.0002878042584937656,0.00021203460948004428,-0.0003820805310512321,-0.0007967472911031245,0.02441012304539772,0.06274405585300116,0.04159887737178872,-0.01808630364607658
-1.4561650875209608e-05,-2.2572768340288935e-05,-4.55401656114194e-05,-7.436865619366419e-05,-5.904581044074281e-06,0.00043822090006888045,-0.00012651747103639075,-0.00077727031335903,0.031969812444540543,-0.017506797735233934,0.009513734631179549,0.021981699194895482
-1.3184992553515673e-05,-1.9865797443315005e-05,-4.6465142156009766e-05,-8.003985890789435e-05,0.00028123624538286125,0.00010317327932590537,-5.84778378816819e-05,-0.0003569702294870022,0.025458352840846563,-0.04950272641336108,0.004094191999762221,0.06207831757951007
-1.0538797990064633e-05,-2.0808404389298843e-05,-4.6896801601838814e-05,-8.139106862286273e-05,0.00024800266730734674,-0.0002916946685226729,-2.7854051284127804e-05,8.672828649332602e-05,-0.03210506845594946,-0.029470863156354568,0.002030565319748597,0.026661385616555566
-1.0032067375186584e-05,-2.4733642594671537e-05,-4.844675114644784e-05,-7.997053817589803e-05,-0.00014665654433173702,-0.0004933529725518659,-0.00028213585763767744,0.00019737780289961332,-0.04682677387186729,-0.010860797649484041,-0.05288692659045853,-0.004531482335298105
-1.370962317045073e-05,-3.0620281979554935e-05,-5.3235276329482063e-05,-7.925320949166922e-05,-0.000588854614721092,-0.0006839749044248136,-0.0006755691789691672,-5.391206605385047e-05,-0.04161284020600371,-0.027263588725105495,-0.025799737675839415,-0.045726491455394654
-2.0929380173189867e-05,-3.8959325879183194e-05,-6.166659386347577e-05,-8.246097035317508e-05,-0.0008550967858267353,-0.0009838338755008384,-0.0010106943278295746,-0.0005876401062473224,-0.011635594015124942,-0.03270820549009944,-0.04122529209624205,-0.06101911658329973
-2.9323066110325046e-05,-5.015327819936318e-05,-7.330099031751307e-05,-9.161698780670587e-05,-0.0008236404016003003,-0.0012549565885351596,-0.0013161849629778856,-0.0012435633844588348,0.01792687086041196,-0.021516337116764775,-0.01987283493342011,-0.07016553905900275
-3.5891772565341974e-05,-6.365351553849316e-05,-8.73194238269542e-05,-0.00010626060222896809,-0.0004901008894030851,-0.0014450908792908355,-0.0014875017389103403,-0.0016851594999936085,0.04878103157903106,-0.016510521034370382,-0.014390520253070818,-0.01815368404795198
-3.978727769903004e-05,-7.817633944058369e-05,-0.00010204929910300522,-0.0001230595899568743,-0.0002890001373345286,-0.0014594739011272715,-0.0014584733162998633,-0.001674638045587635,-0.008560881165319764,0.013633916667083176,0.020196204775166218,0.02025797492914666
-4.3170777785709084e-05,-9.123407625615864e-05,-0.00011587220188628463,-0.00013954300499697115,-0.00038769988000127983,-0.0011520734619877185,-0.0013061072403560189,-0.0016220449624317354,-0.011179067368030482,0.047846171160827414,0.010277010413602669,-0.009739358297966738
-4.7377583450413726e-05,-0.00010001744393410664,-0.00012817195715865762,-0.00015551091308398725,-0.00045366125293964856,-0.000604600073601881,-0.0011538438141185789,-0.001571536654971484,-0.002013207219643265,0.06164850651634006,0.02017567483388534,0.01984101979001701
-5.161965436716302e-05,-0.00010378634444045418,-0.0001383353937519668,-0.00016959634338344583,-0.00039475293041021096,-0.00014918002766762785,-0.0008788435045432579,-0.0012455494049202318,0.013794871725530788,0.02943550267051058,0.03482438708117884,0.045356430220233446
-5.441965326414244e-05,-0.00010436354209873803,-0.00014465736078904688,-0.00017985129486807632,-0.00016524684898567278,3.374049601085938e-05,-0.00038554990287275703,-0.0008054408920058667,0.032106344559376845,0.007148602065186867,0.06383433325292133,0.04266527236263956
-5.428096889479454e-05,-0.00010391322865772286,-0.00014657652568725185,-0.00018599472813931125,0.00019298372285525255,5.6322192192173614e-05,1.716923231762221e-06,-0.00042324576224111896,0.03953976980880822,-0.0026322628289240195,0.013619031967982517,0.033773753590309985
-5.1703952537455856e-05,-0.00010308301334921067,-0.0001460181672710518,-0.00018761218203702362,0.00032241954861248487,0.00010972086951026506,0.00010995476000824644,9.97549826986459e-05,-0.013652604657361747,0.013311998292542308,0.008028535387314326,0.07082639539764297
-4.98848862857879e-05,-0.00010186995230710605,-0.0001449597885990116,-0.00018423727416450706,4.139370172110595e-05,0.00013289133891065805,0.00010172097439979743,0.0005752265918046655,-0.04255256472091404,-0.00867790441246371,-0.009675292509004129,0.024267926423560945
-5.140490803179855e-05,-0.00010110371084200357,-0.000145467306253883,-0.0001768722736518085,-0.0003453980509232349,2.0356954109838505e-05,-0.00020322450537407782,0.0008977735107350469,-0.034805785807954126,-0.0138289725477002,-0.05131380344577091,0.040241457362515345
-5.531339216237323e-05,-0.00010196239092608494,-0.00014749160195552967,-0.0001655036560038061,-0.0004362987751917019,-0.0001920929709261132,-0.00020163463495525695,0.0013759500188654324,0.016625640954260723,-0.028661012459490147,0.051631777529535086,0.05539384426356174
-5.814702939389319e-05,-0.00010483659502741881,-0.00014672956073402595,-0.00015193242560464736,-0.00013042867111228942,-0.00038274784934066075,0.0003540428792559995,0.001338296060966317,0.04454837986162177,-0.009469963223419357,0.05950372531271621,-0.0629246358433848
-5.771226424704706e-05,-0.0001079014922439453,-0.0001404826945759616,-0.00014254255545711355,0.0002173817004815148,-0.0002302315939646353,0.0008953303523568726,0.0005396779685404446,0.025013694457139066,0.039973214298624445,0.04875376930745841,-0.09679898264178967
-5.429112467588576e-05,-0.00010766501287993099,-0.00013079045617151824,-0.00014112750632580296,0.0004668462137507458,0.00027752746676749647,0.0010431173285317978,-0.0002566681422783262,0.024879208196707137,0.061578597847801904,-0.01919637407247339,-0.062470239521964496
-4.856869537345056e-05,-0.00010265260090977086,-0.00012277037946391127,-0.00014605279060260072,0.0006776396467362937,0.00072495492726453,0.0005608980129895975,-0.0007283887130812267,0.017279478400402448,0.027906894251604815,-0.07724748903596666,-0.0318738746386156
-4.090372865870269e-05,-9.480269732481836e-05,-0.00012068135242664277,-0.00015321925234583348,0.0008553536962132803,0.0008450257897259683,-0.00014309260553589719,-0.0007049036355653238,0.018263331494994872,-0.0038927217593171595,-0.06355063466913226,0.03657089014179618
-3.224792093706179e-05,-8.695702817299389e-05,-0.00012414814421440754,-0.00015893789473730397,0.0008758078481148993,0.0007241080406389269,-0.0005502657520170572,-0.00043882484272877444,-0.014172501114671054,-0.02029082805809112,-0.017883994627099734,0.016644868425513687
-2.5821875721866918e-05,-8.123276801565014e-05,-0.0001293280667148228,-0.00016204601564470228,0.00040940119492407503,0.0004207439908298228,-0.00048571874806599516,-0.0001827993387508873,-0.0791088295234938,-0.04038198190372969,0.030793395417312144,0.03456023237006374
-2.4989131465240093e-05,-8.043989606023259e-05,-0.0001312227843335313,-0.00016181017633707021,-0.0002428523435987098,-0.0002621695997463121,0.0001067752243242962,0.0002299672002772996,-0.05134187818106317,-0.0962007362114973,0.08770539906074613,0.04799307543557364
-3.001655149720502e-05,-8.637957963844944e-05,-0.00012714018095280776,-0.0001570815037631171,-0.0007626316627942755,-0.0009257671158970592,0.0007097454518204113,0.0007157673145133232,-0.05261398565804995,-0.036518767018652115,0.0328886464384769,0.04916694741163108
-4.012838794097581e-05,-9.632114804678772e-05,-0.00011902257916015552,-0.0001474095925857216,-0.001259735625959883,-0.0010625465657705968,0.0009137749067100367,0.0012186149209657757,-0.04680680697507153,0.009162877043944612,0.007917244539448184,0.05140257387885938
-5.278424032665232e-05,-0.00010602235981093853,-0.00011081760275091727,-0.00013373444109112702,-0.0012714348511754187,-0.0008776957870595642,0.0007272203751376118,0.0015164153779531416,0.044466961931964394,0.02780727869826191,-0.045228150853933155,0.008157517518613822
-6.217572923421852e-05,-0.00011149245226620098,-0.0001060519876161473,-0.00011715311608285082,-0.0006068629303378223,-0.00021632270399292658,0.00022590265181638206,0.0017998496237020985,0.08844742223555488,0.1044673379150656,-0.05503539381031279,0.048529331631177564
-6.339348429117001e-05,-0.0001096292458834752,-0.00010612046244159137,-9.958722073842172e-05,0.00036331191894752415,0.0005889639805380815,-0.00023959761690519672,0.001713329445183722,0.1055875476215144,0.05658999899113601,-0.03806465993400296,-0.0658333673348529
-5.577148474032027e-05,-0.00010130825716692278,-0.00010810668249025669,-8.782474921728464e-05,0.0011610879912224246,0.0010752337627724037,-0.00015764639282786632,0.0006391648590436934,0.05396766683346568,0.04066395745572843,0.05445490474946904,-0.14899954989315278
-4.3308054993553405e-05,-8.868873393363206e-05,-0.00010549667873919764,-8.92314178335554e-05,0.0013315979581309484,0.0014486708838857395,0.0006796471430396767,-0.0009204985822978441,-0.019865673451760907,0.03402346676693874,0.11300380242403954,-0.16293313837515472
-3.164623109383558e-05,-7.388475536008504e-05,-9.603588919885396e-05,-0.000103563154230202,0.0010007668218126172,0.0015121248308236654,0.0012125107650290583,-0.0019458486970314768,-0.046300553811905315,-0.02133267737935357,-0.0064310780261631895,-0.04213688457157183
-2.410124043681072e-05,-6.002933598580597e-05,-8.528771717140986e-05,-0.00012211473463460225,0.0005082313095923543,0.0012589590440321495,0.000937123640459762,-0.0017644673838485728,-0.05220654863214727,-0.029300479978949634,-0.04864634688769606,0.07841314720815262
-2.1057703508799086e-05,-5.0648443936021875e-05,-7.802344801761877e-05,-0.00013353380612456583,0.00010047607600997219,0.0006172193659246693,0.0005157301902984572,-0.0005193469141441445,-0.02934449808432915,-0.09904745564254641,-0.0356323431445649,0.17061094673273303
-2.1259469226867262e-05,-4.8894280066070375e-05,-7.438856657770177e-05,-0.00012968548245003106,-0.00014082921962360736,-0.0002663865919343693,0.00021124609768494282,0.0012890116490510992,-0.01891656104238676,-0.0776737359292613,-0.025264475378137974,0.1910607659063157
-2.4499131610296656e-05,-5.4622221548960363e-05,-7.248813482127852e-05,-0.00010962301194132814,-0.0005071032570622714,-0.0008792017046436284,0.00016884025359970692,0.002723482452689485,-0.054338246445346045,-0.04488928661259052,0.016783306561090797,0.09583339482136144
-3.1788684158122395e-05,-6.400511909194607e-05,-6.950037318659601e-05,-7.983082787285034e-05,-0.0009508072525028765,-0.0009973778039535127,0.0004287120733367939,0.003234954361006075,-0.034402552642774975,0.021254066750613657,0.03519105738632661,0.006460986841956506
-4.221702073546587e-05,-7.110269205577418e-05,-6.230061776870994e-05,-4.93002959682393e-05,-0.001134860062965818,-0.00042213678881210823,0.0010112390102404217,0.002871152019916132,-0.002408009449813342,0.09379413627766724,0.08131432999439894,-0.07922145505994505
-5.121740597373584e-05,-7.13516393018695e-05,-5.0051334218065426e-05,-2.5909534140778796e-05,-0.000665216984688176,0.00037234733959304333,0.00143861769988848,0.0018070003455759687,0.09633662510534174,0.06510268940336307,0.004161407935212719,-0.13360887980808767
-5.2775906831675346e-05,-6.41711013186485e-05,-3.717907873478376e-05,-1.4238523874818017e-05,0.0003535168131002743,0.001063760257051156,0.001135833396767853,0.0005272017076161871,0.10741013445234832,0.07317989408825946,-0.06471826855933807,-0.12235084778386862
-4.422044319437988e-05,-5.1009616932327767e-05,-2.8672532461403086e-05,-1.4036802706212696e-05,0.0013575759143588193,0.0015685366202129918,0.0005654758579082815,-0.00048685747389512306,0.0934016857993607,0.02777537854410768,-0.049353239212576255,-0.0804609885183934
-2.8156729767504347e-05,-3.4257975174147665e-05,-2.4852598397747e-05,-2.1358169612919915e-05,0.001855166771016287,0.0017817917314230285,0.00019851095482293534,-0.0009774159074463207,0.006116485532132843,0.014875643697899663,-0.02403974140449297,-0.017650698191846143
-1.169473471142807e-05,-1.7502028399914988e-05,-2.3576318803731995e-05,-3.111802984569201e-05,0.001437232240198968,0.0015693976234235068,5.6744963980065894e-05,-0.0009745561391080979,-0.0897033916955966,-0.05735446529780401,-0.004313456764080917,0.018222651859490707
-2.9546895287697213e-06,-5.477702587294169e-06,-2.324545989871693e-05,-3.961731225535915e-05,0.0003107767963327016,0.0008354675391006568,9.426817022947155e-06,-0.0007253003428253314,-0.13558769707765667,-0.08943155156676598,-0.00515017262734283,0.031628507397062605
-5.2117525881250434e-06,-2.8451424842384885e-06,-2.2733120546703056e-05,-4.407438410453794e-05,-0.0007621894082037661,-0.0003089555184895205,9.304105337982766e-05,-0.00016611402701042631,-0.07900554382963687,-0.1394530599512695,0.021873019898718933,0.0802087557659184
-1.5909872042838168e-05,-1.2299993157235409e-05,-2.148643433924604e-05,-4.2974167442161514e-05,-0.0013774344827388587,-0.001582014616109863,0.0001562961881115753,0.00038615735948571185,-0.04404347107738166,-0.11515875957279903,-0.009221992952369404,0.030245521533309228
-3.0787259191362676e-05,-3.1012341902609205e-05,-2.197711317548811e-05,-3.668929974090847e-05,-0.0015980429469660432,-0.0021604551329648964,-0.0002544319553599888,0.0008708161807648967,-7.822176805521996e-05,-0.0005293437982076266,-0.07292363574194342,0.06668624272252774
-4.6085321421246346e-05,-4.97822605679551e-05,-2.805043153717156e-05,-2.6366530105648754e-05,-0.0014615694990106906,-0.0015935286001042832,-0.0009602317169767015,0.0011937377462870468,0.02737291135912573,0.11391465037033027,-0.06823631658139913,-0.0021019296180977143
-5.7832330486442735e-05,-5.978654202082934e-05,-3.896845093845595e-05,-1.639306011715322e-05,-0.0008878323140285874,-0.0004073276904705647,-0.0012233721632801768,0.00080095625141206,0.08737452563729492,0.1233255315564134,0.015608227320704063,-0.07645436935689962
-6.162630696807805e-05,-5.880854780416257e-05,-4.865211499539093e-05,-1.3844344291875373e-05,0.00012903701770152355,0.0006029265338039192,-0.0007133606481068188,-0.00029121308635649077,0.11599934070872725,0.07872531329848337,0.08639407571396755,-0.14197949819681052
-5.462918099253357e-05,-5.1051222730403195e-05,-5.138670903558869e-05,-2.2990248021301253e-05,0.0012703881774073734,0.0009485384809479557,0.00016644184006726665,-0.0015379676595286855,0.11227089123244269,-0.009602923869676067,0.08956642192084953,-0.1073714164376284
-3.8591965446128e-05,-4.093669536053817e-05,-4.593008662508645e-05,-4.112466251553216e-05,0.0019370549318737408,0.0010743669930250498,0.0009248826420331822,-0.0020889152393174966,0.021062459660830785,0.03476862628509489,0.062121738472333585,-0.002818099520133871
-2.1096961284948004e-05,-2.814697000869087e-05,-3.575440699327912e-05,-5.895686942526361e-05,0.0015619459003622584,0.0014835780773444097,0.0011102532843282826,-0.0014775261426287936,-0.09608426596312727,0.04707359057877711,-0.0250476100133135,0.1250959188578745
-1.0722344264437524e-05,-1.2486809245274667e-05,-2.5749010103472824e-05,-6.565172595057789e-05,0.0005129775037398371,0.0016484540753388317,0.0008908260936329771,0.0001385548375659382,-0.11370941336135695,-0.014098390979892711,-0.018837828125747594,0.19812027718107186
-9.563223742828997e-06,1.874340402123955e-06,-1.6652616061208692e-05,-5.377279302297712e-05,-0.00028115339941813184,0.0012237758541408929,0.0009284527148198493,0.002237231747954216,-0.045116767270236835,-0.07083725325969506,0.026363152363122047,0.22161510489658368
-1.3989073033763032e-05,9.509642310913607e-06,-5.4555361676968965e-06,-2.3224470221217696e-05,-0.0006040164587686751,0.00030328452761703775,0.0013109632638825097,0.003872432812397669,-0.019455844599871833,-0.11326101204507596,0.050138957449410035,0.10542510799210689
-1.8848863611216932e-05,8.299844454197369e-06,1.0237551584478512e-05,1.787803387515007e-05,-0.00036794165672210486,-0.0005452440989602855,0.0018276542865525713,0.0043480680068758845,0.06667080500918589,-0.05644471327038866,0.05319924708460229,-0.010298069096463774
-1.997142834244332e-05,2.712014873455503e-06,2.9763392868875608e-05,5.808040335362992e-05,0.00014342871047682702,-0.0005723218171880876,0.002077513970326848,0.003692405888820087,0.03560326843060048,0.05102916962482823,-0.003227310329746949,-0.12083435451469574
-1.809996589602376e-05,2.0804822074015e-06,4.880962946358537e-05,8.966305824494477e-05,0.000230863778807085,0.0004460152839772869,0.0017317333486151036,0.0026241250894428825,-0.01811625476454888,0.15263825060824668,-0.06592881401260191,-0.09282180536074522
-1.564471307563813e-05,1.3468457529700321e-05,6.266828789705535e-05,0.00011122192596906767,0.00026018678527004135,0.0018315797804824775,0.0010399983380788924,0.001687648455381698,0.02398085605714015,0.12447464869279143,-0.07241818809464036,-0.09447352145149171
-1.1186423894243277e-05,3.3925953997616755e-05,7.168896653389694e-05,0.00012326433637388718,0.0006314710510089293,0.002259919513100809,0.000764137389289426,0.0007208336255822033,0.05027599709063742,-0.03880670216912516,0.017245998336747073,-0.09888944450840723
-2.5533715499771076e-06,5.250732010052067e-05,8.154743382157371e-05,0.00012784493718746398,0.0010951394178443045,0.0014563537074799749,0.001207556068245929,0.00019528653713315688,0.042457676276437636,-0.12190645895504162,0.0714377374545535,-0.00621997318140205
9.333907582848048e-06,6.279526522956167e-05,9.600416910644918e-05,0.00012940314156384113,0.001282316408720727,0.0006012353183282254,0.0016837909887291642,0.00011635433814227335,-0.005022278101153174,-0.04911721887530826,0.023809246642093565,-0.009566466616774655
2.0205873170477942e-05,6.854941541280661e-05,0.00011186689372556825,0.00013181044260318335,0.0008920767088052518,0.0005495947183207619,0.0014887539350946495,0.00036510586972617124,-0.07302566188194183,0.03878909887381554,-0.06281665736899651,0.05931677293355424
2.484428413242013e-05,7.55519726219088e-05,0.00012354805855719497,0.00013853023922228905,3.560548358318605e-05,0.0008509167234996772,0.000847479031230696,0.0009788534540949682,-0.09826858316247132,0.021475302161967524,-0.06543832340379417,0.06343274394020516
2.1750297620557804e-05,8.316534659231016e-05,0.00012931035322571706,0.00014985381967588256,-0.0006544027859556518,0.0006717580705805936,0.00030497990247372177,0.0012858626366237349,-0.03973307074529624,-0.05730703274578425,-0.043061502347600686,-0.002030907434451848
1.5144151375557233e-05,8.62742248212727e-05,0.00013171516359422152,0.0001624118057623029,-0.0006668264630444621,-4.998242478808444e-05,0.00017598217122717096,0.0012257345806603339,0.037248335327534174,-0.08704106632795136,0.017261956098290523,-0.009994703758228349
1.0485304450453189e-05,8.183029361030963e-05,0.00013443157358324705,0.00017375486058783933,-0.00026494292197634694,-0.0008388038174045304,0.0003672998265779337,0.0010428763844469503,0.04312837288608885,-0.07072321219533784,0.02100157497186203,-0.026576935484448352
9.133807109824245e-06,7.153947855630715e-05,0.0001372966458369835,0.00018318103541863721,-5.356546149441841e-06,-0.0012193591933959652,0.00020571462416935606,0.0008423585817126265,0.008788902279292167,-0.005387863002949134,-0.053318615453577564,-0.013526625062416406
8.759986677118493e-06,6.184730701158234e-05,0.00013667275010980842,0.00018996695038442837,-6.94075403917086e-05,-0.0007190751155489968,-0.00033049376960437085,0.000514824411445605,-0.021599101127745518,0.1054446785723428,-0.053923063301167806,-0.05198020899098789
7.252038113182128e-06,5.97247197539011e-05,0.0001311828000745482,0.00019078401001335028,-0.00023218217239556437,0.0002945576640127482,-0.0007674962374476732,-0.00035141248566122375,-0.010955825273025632,0.0972818773400062,-0.03347743026749264,-0.12126717043037787
5.008699239717493e-06,6.434449352772237e-05,0.00012345050838027195,0.0001818700677449077,-0.00021648560229736263,0.0006293970907515064,-0.0007789621014075768,-0.0014313759680272893,0.014095139292665981,-0.03031399199225457,0.03118425747551193,-0.09472552604283528
4.9832872159193095e-06,6.682581667231252e-05,0.00011672900704505452,0.00016377384589672358,0.0002114031975377259,-0.00013313246183347597,-0.0005653381656359097,-0.0021878684016095377,0.07148262067435172,-0.1221919185247419,0.011540529678821493,-0.05657296067361435
9.49030796663551e-06,6.122717066480742e-05,0.00010970428188102538,0.00013976964011225474,0.000690000952605514,-0.0009865967396675457,-0.0008396068671699195,-0.0026129727552842296,0.02423693033920589,-0.04850093704207206,-0.06639426998562345,-0.028447910061324008
1.5324561320339935e-05,5.072743679352208e-05,9.703843948240415e-05,0.00011401074810192932,0.00047684971813537116,-0.001113350034589522,-0.0016935616125543253,-0.002538805646780854,-0.06686717723323445,0.023150278057676804,-0.10439667909125769,0.04328133176199915
1.5892949980252516e-05,4.117836375565264e-05,7.608657693307635e-05,8.997538282672638e-05,-0.00036317198615285493,-0.0007964645729843658,-0.002496810897311235,-0.002268267408259735,-0.10113716362441076,0.04022681426335442,-0.05625317786012432,0.010826315942224676
7.634494027665665e-06,3.422117115772815e-05,5.151289811864352e-05,6.738934720823538e-05,-0.0012885192043645155,-0.0005949739466005318,-0.0024179248655753307,-0.002248939715438465,-0.08393228001792134,7.131101341237289e-05,0.07203038420730526,-0.006960777377970698
-7.142871152093205e-06,2.5775507131451328e-05,3.1785585736178305e-05,4.349502236631324e-05,-0.0016669538315872584,-0.0010941588586548328,-0.001527537610917712,-0.002529925252945962,0.008245354573372762,-0.09990829342427257,0.10604706672421846,-0.049236330123528724
-2.2029606706240865e-05,1.0324202212038638e-05,2.0633122701472823e-05,1.8348317986892305e-05,-0.0013103932792422734,-0.001996102125227705,-0.000702954996023384,-0.002499415622938224,0.06306675589562423,-0.08048035989030186,0.05886945625464715,0.0553382561250763
-3.173205954401715e-05,-1.1128353920933751e-05,1.4945249647235196e-05,-1.8051456972767027e-06,-0.0006300972883129837,-0.002294409101366772,-0.00043461961482414127,-0.0015312771138955772,0.0729924422902337,0.02081896466248842,-0.005202380014798613,0.13828944568345308
-3.5398515587360846e-05,-3.0425202159668957e-05,8.656704351163213e-06,-9.047094864466302e-06,-0.00010319392035575538,-0.0015649605463802694,-0.0008230894443902553,8.288728045765755e-05,0.03238823130121195,0.1250707463348121,-0.0724915858984242,0.18454343318719385
-3.541751440064058e-05,-3.866322262685162e-05,-5.184655923332464e-08,6.251431458212731e-07,9.939415769980801e-05,-8.264354705626279e-05,-0.0009186207376890521,0.0018515603215998573,0.008129384309900727,0.1713926535299892,0.05338532723866485,0.1691911750412461
-3.392464886687432e-05,-3.312616175213831e-05,-4.586046300716379e-06,2.376490666134093e-05,0.00019917894905344396,0.0011900557219989244,1.1780789392441251e-05,0.002776392381504074,0.011827573960826461,0.08314720028104824,0.13269497817763382,0.015775236939597204
-3.070920441547066e-05,-1.802737382103211e-05,3.6016160189724517e-06,5.018781913735666e-05,0.00044390994122728836,0.0018297018642223152,0.001625751674545325,0.0025081901136990727,0.03711862447394242,0.04478202816362989,0.1900991988529429,-0.06941569050059743
-2.4275301800646605e-05,1.7048586746253147e-06,2.816618300500396e-05,7.260546117461876e-05,0.000842870581737523,0.002116744634909169,0.0032871617226609773,0.0019753382937533477,0.042673503628104494,0.012626525973740893,0.14218281077018757,-0.03715467348854756
-1.3659480588752526e-05,2.3358413334853583e-05,6.591115538722557e-05,9.365890381400963e-05,0.0012802936606412926,0.002213966297136484,0.004261832753783346,0.002235350234124826,0.044811112152649456,0.006817806471722171,0.05275139545428609,0.08915706156284325
5.204039768027519e-07,4.6449068467529974e-05,0.00010835518919259075,0.00012116720458026252,0.001555683252469763,0.002404164729398794,0.00422697400728969,0.003266309919125753,0.010266806213044634,0.031221879980739747,-0.05972314475301721,0.1170348754373422
1.6885327331530877e-05,7.244566694106138e-05,0.00014602260670772973,0.00016022050706713145,0.0017173014184758619,0.0027951549653074874,0.003306509495738105,0.004544350578248034,0.022056826988175147,0.04697616720099898,-0.12436975755729984,0.13857325638711387
3.3806408537675784e-05,0.00010116346099473808,0.00017539475843960777,0.00021186376163095214,0.0016669148227531191,0.002948403845427852,0.002567920850637503,0.005784300334516103,-0.032134146132723716,-0.016326391176926053,-0.023347971462820527,0.10941669486650002
4.848791649135108e-05,0.00012770932033945347,0.00020205035153328808,0.00027178209261769453,0.0012693867679819395,0.0023607680235152263,0.002763197768098558,0.0061993658628323725,-0.0473714648215122,-0.10120077320559903,0.062403354955031465,-0.02640358920324609
5.910371824239558e-05,0.00014688076464840813,0.0002335924280327394,0.0003301941784824735,0.0008537735822269606,0.0014735208382757048,0.003545217531791706,0.005483051310123423,-0.03575117232948357,-0.07624866384230525,0.09400059778359815,-0.11685932133854388
6.636506543209809e-05,0.00016022070211620966,0.0002722614280229886,0.000378353612928097,0.000598495855713541,0.0011944666552846028,0.004188582466258138,0.004148835579001279,-0.015304372973200343,0.020437827244084855,0.03467238910968817,-0.14998382488588485
7.18183587904559e-05,0.00017495797779327115,0.0003132965167714062,0.0004126869781228133,0.0004921628159580226,0.0017529884801276957,0.0040184352834253725,0.0027178374599419837,-0.005962234977903345,0.09126653772453372,-0.06870182567624117,-0.1362157989259743
7.80994520119699e-05,0.00019666875013839505,0.0003482112254932732,0.00043493523300232263,0.000764055828344776,0.002589165988897084,0.0029645064609480354,0.0017318135159598786,0.06034083745525403,0.07596896402934397,-0.1420839388192262,-0.06098898987044671
8.885243685946415e-05,0.00022443605120506336,0.00037089258238293924,0.0004495842518825554,0.0013865411411540748,0.0029642942244365775,0.0015717649169851688,0.0011979902600866739,0.06415622510660574,-0.000943316921445253,-0.1364643699733471,-0.04577566130419425
0.00010516171466287805,0.0002506511134470267,0.0003817784167986859,0.00046087984273780763,0.0018753144195287044,0.0022787182239560875,0.0006054019661641612,0.0010611279109637734,0.03359843056832018,-0.13617188317465276,-0.05680822019085441,0.018403191479614167
0.0001236277622326259,0.00026584616613473886,0.00038642094315101877,0.0004712039736495084,0.0018178950944208673,0.000760292313586348,0.000323103304302415,0.001003698271376383,-0.04508229558988758,-0.16751329889929514,0.000348487818505161,-0.029889119397092212
0.000137693317092583,0.00026712825439657064,0.0003895658785722337,0.0004794547950580146,0.0009952158775705501,-0.0005038746612199916,0.00030588377994057356,0.0006464660103248498,-0.11945354778017586,-0.08532009606197274,-0.0037923926908734473,-0.04155733281321444
0.00014078393664341282,0.00026042387892272705,0.00039164533753817616,0.00048318659189365836,-0.0003770919674045846,-0.0008370004335487274,0.00011000801324791552,9.989335680390683e-05,-0.15500802121485108,0.01869494159622559,-0.03538276064765816,-0.06775719789097415
0.00013107776634705613,0.00025319048706625076,0.00039031546306429,0.00048105263505977895,-0.001564142091866754,-0.0006096779377465313,-0.00037598290802514614,-0.0005266847235797889,-0.08240200367758277,0.02676955756421362,-0.06181542360695416,-0.05755841818576499
0.00011475105351763709,0.0002474231873448417,0.0003840765189342749,0.00047228089243542704,-0.0017012004740170551,-0.0005437820065352771,-0.0008718059179778733,-0.0012276638012905924,0.05499032724752251,-0.01359037132196278,-0.03734917838359128,-0.08263739735639572
0.00010272760457721757,0.0002398485946907585,0.0003731424658950164,0.000456409882388299,-0.0007034893140668468,-0.0009711365242813664,-0.0013150046898738304,-0.0019465382081350164,0.14455190474251917,-0.07188053222725507,-0.051290575995600135,-0.06113748401248911
0.00010248674639074817,0.00022797877294682096,0.0003571492258028373,0.0004360928639835446,0.000655317676772965,-0.0014028278245061406,-0.0018836433285619914,-0.0021168654728158627,0.1272094934254432,-0.014457727817699745,-0.06243715174203204,0.027072031076319863
0.00011128344481270945,0.00021478796405992876,0.00033583190302543365,0.0004155604790689287,0.001104022007619292,-0.0012353339528722996,-0.002379821226918734,-0.0019896115101073145,-0.03746862725617778,0.04795650214446792,-0.03679842792931651,-0.0016212385346101865
0.00011764368588275687,0.00020503162318655688,0.000311256452132121,0.0003942779150725802,0.00016802620639019112,-0.0007159342218020763,-0.0025352689517437934,-0.0022669012891623863,-0.1497305329896424,0.05592344406957675,0.00570888296430469,-0.05383671727640413
0.00011281540923908669,0.0001999098761370027,0.00028837316375201984,0.0003691189830112936,-0.0011336815351242256,-0.0003084151881087601,-0.0020413887242764417,-0.0027648851230949356,-0.11061101531324097,0.025580362669086476,0.09306716252916561,-0.04576004951010573
9.91840518776931e-05,0.00019562979998266633,0.0002719074013699893,0.000340485464036997,-0.0015925899371544922,-0.0005476000427585139,-0.0012517637521296603,-0.002961818671764387,0.018829334907187634,-0.07341733359903724,0.06485783190019065,0.006373339776215486
8.634223813672165e-05,0.00018681839802847308,0.00026174014821417075,0.0003138779649918899,-0.0009757728110397979,-0.0012146803480801351,-0.0007816868790340541,-0.0023596811372570336,0.10453409031575123,-0.05999872746528698,0.02915754271893059,0.11405416712525515
8.136606636238292e-05,0.00017353788201344666,0.00025440041006536334,0.00029602138038865156,-1.9461543827948625e-05,-0.0014414228549251497,-0.0006862607507274278,-0.0012116357833906331,0.08672816312661863,0.014650226096284052,-0.010072317057605334,0.11555490364802493
8.373099204157256e-05,0.0001620593692308865,0.0002473992637427704,0.00028941557726218885,0.0004924466796658763,-0.0008542797015868823,-0.0007139685137911632,-0.0001095248419019086,0.01565348157214637,0.10277840457136941,0.004530764444858254,0.10486728464971998
8.864564835905465e-05,0.00015958163376137964,0.00024063737749969164,0.0002929796069917676,0.0004904845838305421,0.00035873260768551167,-0.0006384087348245861,0.0008223307878176537,-0.016045900739213206,0.1398240572831094,0.01058119134845717,0.08150384129419247
9.241428700649978e-05,0.00016909835180777384,0.00023696123217171398,0.0003038348171538816,0.000263243145658484,0.0015446110015933288,-9.68203307709464e-05,0.0013487112446051556,-0.029402386895198404,0.09735162149845406,0.09773648946227076,0.02377225006330791
9.487853179875698e-05,0.00018512674002625943,0.00024223366452934579,0.0003176345535541345,0.00022960581279295457,0.0016610666421037886,0.0011513068022973075,0.0014112360354454228,0.02267492032209252,-0.07406049339636206,0.15188893715138002,-0.011267291895254494
9.86558329053863e-05,0.0001969956983692878,0.0002597775149567644,0.00033141711484664714,0.00052585440853291,0.0007127250265018839,0.002357463283186414,0.001345276223057103,0.03657479882589858,-0.1156078297240189,0.08934235902644133,-0.0019246705824094712
0.00010472525346574683,0.00019988934521989948,0.00028408758877658904,0.0003458436700110104,0.0006880297035391958,-0.0001339956563795459,0.002504551480778515,0.0015400348098155504,-0.004139739824641428,-0.053736306852267074,-0.059924719508021196,0.04087638793409892
0.00011036805069459006,0.00019938387896545047,0.0003034350770297173,0.00036302128838832537,0.00044052974222944994,3.290240548974328e-05,0.0013649461698471374,0.0018954888656474418,-0.04536025243730775,0.08711591922612491,-0.1679963426782543,0.030214423232279353
0.00011227805182531118,0.00020289293144398415,0.00030992247827716496,0.00038239193366121073,-5.852951608522445e-05,0.0006689080902169929,-6.746592035760616e-05,0.0019786401889296304,-0.05445159922562712,0.04008521771932502,-0.1184860753626944,-0.013584158575841665
0.00011015048212639697,0.00021012833334554758,0.0003059518083879479,0.0003981424249095821,-0.0003669844236976179,0.000778172290095693,-0.0007266680574858084,0.0011714580607446465,-0.007239382296851567,-0.01823237774358502,-0.013354352062946051,-0.14785226706115512
0.00010707125307810049,0.0002152582794373519,0.0002997892231786166,0.00040086368506635374,-0.00024886138596167924,0.00024781692826517305,-0.0005058489843804484,-0.0006272060293903204,0.030863989844039298,-0.08783869462251895,0.057518166684018046,-0.21188055096583824
0.00010670718619924308,0.00021346911435317118,0.0002963898338370462,0.0003856447007316298,0.00017604801019019845,-0.0006056499451013198,-0.0001740288839336296,-0.0024165908375544634,0.054117889386336236,-0.08285468005077962,0.008845853405345716,-0.14599641066699037
0.00010983996781777144,0.00020572968240346737,0.0002926433351654218,0.0003566327960908396,0.00045050831351547364,-0.000942236444839441,-0.0005752708503912493,-0.003385790090603585,0.0007741712787187952,0.015537380103155363,-0.08909424669686966,-0.047843439942833965
0.00011335917482276397,0.00019827866663622113,0.00028148994657160127,0.0003232487182445749,0.00025333308748303146,-0.0005479667086098069,-0.0016554068683728611,-0.0032910254786493484,-0.040209216485207235,0.06331656714277145,-0.12693295689945272,0.0667963623336813
0.00011348696715327358,0.00019474112837699966,0.00026059987768866814,0.0002947450996774654,-0.00022777462138110876,-0.00015954094323448765,-0.002522606908213764,-0.0024096982347725556,-0.05601232528762081,0.0143685859322924,-0.04650705106872788,0.10946908644167724
0.00010929366156548704,0.00019125626924814076,0.0002360255548965159,0.00027647638019954454,-0.0006108864961761992,-0.0005374308825372919,-0.0023922576502166857,-0.0012440456608116175,-0.02061004967139727,-0.08994657379285324,0.07257690266814354,0.12366142835051036
0.00010225345614328247,0.0001804894361559235,0.00021712152819178783,0.0002686922709621874,-0.0007971545882647147,-0.0016159357359061587,-0.0013885476907289271,-0.00031277618665981484,-0.016643568746305813,-0.1257543968809201,0.12816508922940817,0.06259246647985017
9.371041111755089e-05,0.00015980382308811289,0.00020799749715198486,0.00026928376636740177,-0.0009114544168816023,-0.002521186877655966,-0.0004362585172316677,0.0004310752677026932,-0.006216396977071693,-0.05529583146904132,0.06229274547004371,0.08617782439265143
8.47574568702395e-05,0.0001353047125642393,0.00020475246997480256,0.0002771586797508709,-0.000879136432580674,-0.0023786352271187527,-0.00021274691820479194,0.0011439074089911305,0.012679993837257354,0.08380616157648396,-0.017590425664668563,0.05638860386503605
7.704954035375356e-05,0.00011784764816440291,0.00020207893611878743,0.0002894379517097377,-0.0006624468707165141,-0.0011127776528485232,-0.0003219598529982347,0.0013119469827822291,0.03065791853557461,0.16936535327756191,-0.004252161294019979,-0.022780689106816326
7.319140095496079e-05,0.00011552861253728445,0.00019960344194507596,0.0003008902379023628,-0.0001091810090420415,0.0006489705274248317,-0.00017313898174405845,0.0009785102557427932,0.0799952537993199,0.18298428277710904,0.034016335544855225,-0.04390665630107085
7.565240661177436e-05,0.00012843309122724208,0.00020086285753958668,0.00030866761027155653,0.0006013821404047565,0.0019319252105666931,0.00042502210064620225,0.0005769642180959546,0.0621173760900397,0.07360665385126325,0.08561588093319691,-0.03640255122829686
8.527436002031259e-05,0.0001486486304299467,0.00021093413921605944,0.00031299720384050505,0.0013230085413028893,0.00211118262997423,0.00158923423464835,0.0002889544956937483,0.08220790408958686,-0.037755169969755864,0.14722654586723263,-0.0211993932521444
0.00010083280432545872,0.0001679513394209061,0.0002324098611249851,0.00031438358983936404,0.0017886803197263365,0.001749359168217651,0.0027059101471367843,-1.1677295921950007e-05,0.010926451595102554,-0.034609522381559954,0.07610863663045428,-0.038926965070995266
0.00011805550311026855,0.00018561799984092688,0.00026014007315223233,0.00031556017629636666,0.0016558594372356303,0.001783972915786506,0.00284013225831266,0.0002469945873224741,-0.0374906280932438,0.041532271895330986,-0.04926421439527914,0.09066134171988008
0.00013204999268236466,0.00020477945778939112,0.00028360163537864024,0.0003238963533382949,0.0011430384771835913,0.0020483186739063417,0.0018521801869689225,0.0014202408210631698,-0.06507356391716398,0.011336879728636118,-0.14832619987346832,0.14398790502825906
0.0001406302112278322,0.0002241856977114978,0.00029659250708286727,0.0003438541188910976,0.0005730052319099151,0.0018329293105149933,0.0007459941538764823,0.0025713122894973723,-0.04893308513757125,-0.0544147524069058,-0.07291100674501969,0.08622638865858137
0.00014457811045895256,0.00023737713968738215,0.0003025116826350097,0.0003696649217082787,0.00021657461431415687,0.0008053590846618761,0.0004378409565520054,0.0025908482739388458,-0.022353038381580398,-0.15109929276371764,0.011280367280124298,-0.08231919177028671
0.00014554942782136611,0.00023811399142274216,0.0003074088646352062,0.0003904530883366909,-2.23111418314452e-05,-0.0006579887375898726,0.0005415954434872959,0.0015667850517436007,-0.025424112847540016,-0.1415702716866321,0.0094705301069338,-0.1224934526687623
0.00014300139003479924,0.00022643912658182818,0.0003120758237816137,0.00040033704819081,-0.0004872964154819297,-0.0016769842305929237,0.0003917963857942026,0.00041000691908022325,-0.06757294188255689,-0.06222882691397813,-0.03943034164555245,-0.1088621738639132
0.00013539940361288207,0.0002091687435335269,0.00031254734398423133,0.00039790518944869685,-0.001033100868901504,-0.0017770923790673319,-0.0002974923452706775,-0.0008963786675028585,-0.04158794880135799,0.04220719721909649,-0.09842740456742358,-0.15241494345270315
0.00012373270805230127,0.00019413228132120005,0.0003042070882320868,0.0003819146852521753,-0.0013002382432146567,-0.0012302000633980389,-0.0013705588051582274,-0.002301722171801456,-0.01183952606127256,0.06717126591476208,-0.11618588741008637,-0.12865375740701626
0.00011083997986188407,0.00018396035096269705,0.00028506204443425374,0.00035400029222029265,-0.0012783073948687826,-0.0008041860083025615,-0.0024584499544083867,-0.003281156434575069,0.01622569573044738,0.018031545104333413,-0.10139234243994547,-0.06723309514770634
0.00010011597305039196,0.00017419240025117394,0.00025694469471545514,0.00031889699168583034,-0.0008664939674296402,-0.0011494041340020613,-0.0031650199893513337,-0.003739503672317394,0.06613698975738111,-0.08707517024423339,-0.03992166454864396,-0.024436352400758615
9.400239515274031e-05,0.00015747760643117025,0.00022400877795638994,0.00028048842385072786,-0.0003562216121006897,-0.0021935546299986755,-0.0034221633624617062,-0.003942209894703102,0.035917481308408994,-0.12175492895508944,-0.011507010073430496,-0.016104892076382965
9.024709471161723e-05,0.0001309122469476861,0.00018924211355611487,0.0002403468504325083,-0.0003948384761239259,-0.0031195172666981536,-0.0035311695175933074,-0.004086104788940809,-0.04364085411305624,-0.06343759838480623,-0.01029422095288976,-0.012674086771158471
8.271049325154148e-05,9.816536401256937e-05,0.00015325015263640103,0.00020000212305820483,-0.001112481815891223,-0.0034298593203251934,-0.0036672226663494608,-0.003982840685919885,-0.09988781384040321,0.0013691876593983077,-0.016916408798340915,0.03332690737534319
6.710924006224199e-05,6.451512604033598e-05,0.00011685089592553039,0.00016118534506011267,-0.0020077688219686763,-0.003300188274121486,-0.0036126286758246693,-0.003780514913698548,-0.07916958737508742,0.024565021581343216,0.027835206903299242,0.007138247068924158
4.527783110861107e-05,3.307346843002323e-05,8.297405583305923e-05,0.00012306079393807168,-0.002358512968757507,-0.0029881432479410626,-0.0031627393426695623,-0.0038443953107096503,0.009020758017321301,0.0378439836547414,0.06214265972772212,-0.019914326471144633
2.368979403900733e-05,5.513332997116314e-06,5.388479563216421e-05,8.458173404265886e-05,-0.001959094445163241,-0.0025238838386403215,-0.0026551126975094415,-0.003851416668372913,0.0708629467015319,0.05500789820540686,0.03938266930430204,0.018510054938492088
8.901638941396324e-06,-1.68755397625183e-05,2.8800015987498874e-05,4.816656776472438e-05,-0.00099853657435896,-0.001953890713286601,-0.0023618432314236265,-0.0034316165872139833,0.12124862745932433,0.05899072686533724,0.01927122391286093,0.06544996129329386
4.921465017257033e-06,-3.279634058848078e-05,6.5372659387523634e-06,1.836756587140011e-05,0.00020250178953110185,-0.001230269451905895,-0.002090706778325676,-0.0025281837914508717,0.11895904531868806,0.08573352541080392,0.034956066706729155,0.11523659785932847
1.0868290784063383e-05,-3.9392871836316186e-05,-1.135113521629164e-05,-1.2952377362161065e-06,0.000986863363830168,-8.903679766118604e-05,-0.0014869734526831244,-0.0014043769300723721,0.03791326954112517,0.14251300543813789,0.08579059842178113,0.10952477441637146
2.1106731377036036e-05,-3.3913758187624e-05,-2.0138564329420714e-05,-1.0531521991887307e-05,0.0010608247547643627,0.0011848595273996239,-0.0002705123699426907,-0.000442879921061868,-0.023120991354286247,0.11226625957402409,0.15750161812630561,0.08277462738572935
2.9624040592593492e-05,-1.8142060082388927e-05,-1.4175457460660789e-05,-1.1057249561930784e-05,0.0006426370883471284,0.0019694800936473898,0.0014631337436946759,0.00033773440705317276,-0.06051654192916062,0.0446578536755291,0.1892276046011677,0.07334823823727879
3.5222672068117984e-05,3.328971880640081e-06,8.319429020842592e-06,-1.7789366930685775e-06,0.00047708920675776996,0.0023247262989584128,0.0030358435526060003,0.0015179281667192684,0.02740696561128894,0.026391387386675458,0.1253143571810972,0.16269051369594031
4.281020437447601e-05,2.633321867702763e-05,4.313440822606873e-05,2.3223749776354993e-05,0.0010404172545138346,0.0022761230603190975,0.003927152288439227,0.003482609127165445,0.085258643939924,-0.03611203511453853,0.05294738998554824,0.23024567839329504
5.684840380042733e-05,4.844316527313198e-05,8.334301105221388e-05,6.901600347102522e-05,0.00176722263067643,0.002145866258901773,0.004114568276789802,0.0056758416117685985,0.06010243129259507,0.010060674831073646,-0.015464192315433362,0.2084008185273357
7.49685502682979e-05,7.197951552498995e-05,0.00012415627688478942,0.0001332849381980558,0.0018568066628976854,0.00256140379146982,0.004048084889725308,0.007177945333637518,-0.04218562484834398,0.07304683168253578,0.002167514902534501,0.09201992584644816
9.134914425879281e-05,0.0001004569746231092,0.00016552259693061763,0.00020506578261025017,0.0014193121352012966,0.0031340880281540313,0.004225179119440333,0.007178223548801358,-0.045313280690933766,0.041490015654306434,0.03325133104047065,-0.0919642828136801
0.00010387008157794434,0.00013163438658159697,0.00021044643485707156,0.0002702609031115917,0.001084875328629009,0.003101394363543522,0.004759588465850454,0.005860800551466955,-0.021574080623523728,-0.048028748576408264,0.0736305382415535,-0.17152031665320053
0.00011388692657663634,0.000160894669195439,0.00025982644171324915,0.0003199102422389722,0.0009184936711093902,0.002750662159224883,0.005116412905385064,0.004069067274009144,-0.011702250880400056,-0.022117692287319524,-0.002265650334631525,-0.18682633883836144
0.00012202897840696717,0.00018755856898387602,0.0003068212162782673,0.0003514148364480002,0.0007099166949567758,0.0025821177984625215,0.0042825420076185675,0.0022318515677964496,-0.03001314435012281,-0.01159117986515279,-0.1645085292186678,-0.18061680240417752
0.00012896856425878228,0.00021202985392826517,0.00034016734358872355,0.00036583687036676366,0.0006780004754062457,0.00231213919041531,0.0023866834544726814,0.0006525552159562424,0.023629900440016782,-0.042404541744289426,-0.2146631814105094,-0.13524246796386388
0.00013726970142789933,0.00023208351293965061,0.00035348838222828386,0.0003673521074674058,0.0009822269584171639,0.0016985926118617775,0.0002775242734393791,-0.00034950779582781704,0.03721539616216685,-0.08030477396641711,-0.207168654796151,-0.065170134392948
0.00014744350673847494,0.00024351987875824072,0.0003475951781488981,0.00036154785520494667,0.001052534103697959,0.0005886805518562435,-0.0014561650893165287,-0.0008113426566640066,-0.02315396710600781,-0.1416776380346897,-0.13956921775503053,-0.02719683777428991
0.00015461935424627223,0.00024271954581145624,0.00032875508587649615,0.0003501668043062522,0.00038263539786149764,-0.0007487471412131383,-0.0023118533651638636,-0.0014648675230748876,-0.11082577406128447,-0.12580790057918667,-0.03156843741443646,-0.10350813550788626
0.00015203829372364226,0.00022975603035589498,0.00030602593857830055,0.000329286992610174,-0.000898847502387491,-0.001843955949899115,-0.0022339760944752552,-0.0027110948161407533,-0.14547080598851325,-0.09323386115800869,0.04714389155215812,-0.1457373231052869
0.00013678039056117103,0.00020836652315497122,0.00028386683268147447,0.0002954531407941855,-0.0021527331301067565,-0.0024339454902856353,-0.002197845084889962,-0.0040556755470569465,-0.10530631955533981,-0.024764046919295346,-0.039917689635099535,-0.12317882307795167
0.0001130946771887852,0.00018255439412226968,0.0002583351037778438,0.0002510801955127625,-0.002584409544370408,-0.002728480316254674,-0.0029085006958361726,-0.004818913509227654,0.018971036702609523,-0.034142918274512435,-0.10221343255414253,-0.029468769356189833
9.02633798556047e-05,0.00015410926467193187,0.0002235307896241513,0.00020313004298098567,-0.001981849922265694,-0.002960545573812888,-0.004052362134902327,-0.004771116997127708,0.1015408877183333,-0.012270133237130332,-0.12655885525908825,0.03902807177617898
7.507429203150276e-05,0.00012414483602281285,0.00017863666130542728,0.00015783651716762406,-0.0010559676425546927,-0.0030323401560109152,-0.0049264635288424775,-0.004287588165544615,0.08363556822386692,-0.002088783202475075,-0.048261423528941944,0.05767769454043967
6.691558047739231e-05,9.384816096298297e-05,0.00012959050080713766,0.00011766879348581179,-0.0005757746682673965,-0.0030269948559550597,-0.004882768570815445,-0.0037459565708178387,0.012403026633592329,0.0031578432136462053,0.05700041513434831,0.05064862440491549
6.014836551811668e-05,6.469696736143674e-05,8.494774309839377e-05,8.114368468362455e-05,-0.0007776683235877311,-0.0028032438643541867,-0.004045782970933333,-0.003559065189619609,-0.05278175769765925,0.04159235510652837,0.11039670484207406,-0.013270348165269535
4.891217965755715e-05,4.029998540512791e-05,4.963961442829068e-05,4.452227932920033e-05,-0.0014695688485241742,-0.0020761525269075787,-0.0030158427630872847,-0.0037652158812652345,-0.0855983472896294,0.10382591238279326,0.09559133672713563,-0.027959790163855608
3.124828567577111e-05,2.4209080993339597e-05,2.33544962529254e-05,7.255613207346612e-06,-0.0020632099478330346,-0.0011420283554500843,-0.002241180871985771,-0.003688117343105509,-0.03312987257214267,0.08299892190870561,0.059341041493167074,0.04337949779580072
1.2284948320761715e-05,1.5076070876985802e-05,3.68581346016144e-06,-2.5140022522911616e-05,-0.0017294575231688442,-0.0006845736678206746,-0.0016925556865670208,-0.002791009802946136,0.09988035750498075,0.00849201561717633,0.05038399559058296,0.1360420102360739
9.676258452492305e-07,7.991395069451276e-06,-1.0313519830694467e-05,-4.6633112154109864e-05,-0.000534006971933653,-0.0007323614936862305,-0.0011073109716041604,-0.0015076081232935133,0.1392097527420575,-0.01804958079028751,0.06666494740198911,0.12063832569445063
9.208435479257425e-07,4.4305012126495895e-07,-1.8148457462408845e-05,-5.576053356982815e-05,0.0005246505124689555,-0.0007773074959510329,-0.00045967655473871526,-0.00031787615985014303,0.07252174413846418,0.009060380337327034,0.06286193597109993,0.11730806699422344
7.93703559186148e-06,-3.698671142562114e-06,-1.9683670569906454e-05,-5.332700145048437e-05,0.0008785878963181919,-5.1036756814381743e-05,0.0001526339332391935,0.0008045825837188982,-0.0017342673686168986,0.1361937674900032,0.05960016162448181,0.10718368171958478
1.552063333072228e-05,3.2998503255356353e-06,-1.4525102708871905e-05,-4.065798952307054e-05,0.0006381316514539686,0.0014507410504339315,0.0008790796389677164,0.0017292198017638686,-0.04635698160422777,0.16416179395965944,0.08568897952122276,0.07774376188940932
2.1564662092522547e-05,2.3985777301682816e-05,-1.5345540525295623e-07,-1.9763445058099885e-05,0.0005706741009060846,0.0026864443447955047,0.001995249821756074,0.0024496890912302626,0.032865471494650966,0.08297886491265519,0.13754505703644873,0.06635009600386946
2.9160852802854964e-05,5.2438029003977586e-05,2.605517682896847e-05,7.370352172614734e-06,0.0009485640411603987,0.0030040059956634494,0.003246476625088212,0.002977070354912661,0.04271251655621186,-0.01946653473906626,0.11270030362997893,0.03912615673261019
4.064559689080947e-05,7.961835763938212e-05,6.252544840364267e-05,3.998651995107615e-05,0.0013483847764305026,0.0024320597314174564,0.004047577689846628,0.0035461632007796227,0.03725163049780891,-0.09492271811013228,0.04751990932170427,0.0746924124407822
5.4317146336403514e-05,9.926284693568818e-05,0.00010357361451845025,7.955791365811565e-05,0.0013859251126883056,0.0014968381278437554,0.0041620555331148895,0.004368115540628275,-0.0297435632462483,-0.09212160260460792,-0.024624340668051997,0.08969805552894836
6.466468765447853e-05,0.0001120357553125656,0.0001428657743822854,0.00012655547935970217,0.0006835831509266972,0.00105774354753173,0.0036963764396521397,0.00503139759968903,-0.11072482910607337,0.0043026865422028104,-0.06851147802449795,0.042958356283202576
6.731684482850838e-05,0.00012340450272208813,0.00017524879805674344,0.0001773291784086964,-0.00015315171612072622,0.0012160059343727756,0.002780228295239469,0.0051233422101098144,-0.05662214430341131,0.02734979082600633,-0.11471815085803619,-0.024569434199045698
6.484358616056215e-05,0.0001372537436529652,0.00019819257923407957,0.00022533712360841304,-0.0003415000174685209,0.0015538422518026405,0.0018085279402277566,0.004478246829833515,0.018952484033852378,0.04021747265996664,-0.07962192014430633,-0.10444964185621416
6.422570202232748e-05,0.00015279692499917572,0.00021440872165682522,0.0002616823283425802,0.00021792318982158723,0.0015547940174394607,0.0014347005443213752,0.0027907941169999116,0.09293215742416924,-0.0400271195326026,0.004856440963030034,-0.23304090071050657
7.0704540802103e-05,0.0001662136861022017,0.00022940564359390697,0.00027803472031635406,0.0010778445661335173,0.0011285582031657373,0.001564683843094974,0.00047968427775486487,0.07905211783821678,-0.04522004332214205,0.02114021879168973,-0.2291810671385028
8.313046188015584e-05,0.00017646819816029098,0.0002441865624053201,0.0002737784473403779,0.00140733964947705,0.0009223442084521182,0.0013914999191876505,-0.0013309388729500931,-0.013153101169510267,0.003977244379418238,-0.05577700357315443,-0.1329435630024888
9.623986330919937e-05,0.00018645839993600147,0.0002527524032214843,0.00025576664231095485,0.001214540636331656,0.0010756961466899784,0.00032166824404518597,-0.002271422132934522,-0.025406701459568498,0.026693143268153835,-0.15818933145533845,-0.05515308899439694
0.0001061841068568834,0.00019701762291130358,0.00024857653183815584,0.00023155238795942546,0.0007743080732051491,0.0010361484483704443,-0.0011568425207108715,-0.0025714287373713564,-0.06263981116573289,-0.034602682932060674,-0.13751282149587304,-0.004848231892969929
0.00011001925113538146,0.00020228564023498657,0.00023054542762196588,0.00020641113072281033,-7.279217505536378e-06,1.745501636615408e-05,-0.002449378322527121,-0.0024568227099516695,-0.09367764697640421,-0.16913600346879734,-0.1209943388673769,0.02776943737690732
0.00010503125565169235,0.0001920317416182433,0.0002024745176663646,0.0001841695057370205,-0.0009903198792322846,-0.0020682347397148085,-0.003164803668593136,-0.0019915022872062983,-0.10293048536894542,-0.24800194774739512,-0.022090730345826065,0.0652946471721669
9.001211691827711e-05,0.00016128680773195027,0.00017055228220651868,0.00016609749710856764,-0.0020135078674507643,-0.004080752037543799,-0.0032196434233760477,-0.0016228994384842722,-0.10170711227475052,-0.1545015118184029,0.011122779389243748,0.008425922572238315
6.616418893193033e-05,0.00011726505028254233,0.00013852812871533593,0.00014881478306453394,-0.0027560777298185905,-0.004723599452337789,-0.0031851872748605028,-0.0018336433703224676,-0.04680686019881472,0.02593202885960491,-0.004231549686134789,-0.050574708939877394
3.783997047842954e-05,7.558090725433677e-05,0.00010539141784373777,0.0001265184758319225,-0.0029087659608815677,-0.0036132291533033235,-0.0034421548994591302,-0.0026256180761998205,0.01626921398621925,0.1961420309472882,-0.0471619752335907,-0.1078202322355932
1.2347468186942549e-05,4.847171516803922e-05,6.960853041332676e-05,9.513579259071767e-05,-0.002189734497415831,-0.0018086092639561858,-0.003714422586623072,-0.0036509185720411453,0.12753707870692813,0.16478194692213935,-0.00729156219919766,-0.09723986693267175
-9.210071664119715e-07,3.557852408838164e-05,3.404604436602193e-05,5.4690907998236434e-05,-0.000463960573255073,-0.0007700289519753311,-0.0033980746228378946,-0.0044380583464551015,0.21761770612522344,0.04293411547403156,0.07056115495623314,-0.06018808795011951
3.659742615915793e-06,2.915867275191207e-05,4.395723479026361e-06,8.021319177803872e-06,0.001380110529720626,-0.000513941315318582,-0.0025319895545612195,-0.004895859417631411,0.15119651446991636,0.008283411857318262,0.1026558586991019,-0.03137212628514233
1.954884766811247e-05,2.504213855410534e-05,-1.675322211798735e-05,-4.0509897538443776e-05,0.0017977104807187097,-0.00030936552424276403,-0.001697799564841522,-0.004810383925618119,-0.0676765242702996,0.032631746357845326,0.0641821392448376,0.04846722468780065
3.110558730218527e-05,2.341791639794752e-05,-3.16947008762739e-05,-8.252272150632022e-05,0.0005136374460958507,-1.5478906988800447e-05,-0.001290496186815788,-0.00359218086795717,-0.1891380826542722,0.02614557709294739,0.01727853636030921,0.1951733868443892
2.7143140102292764e-05,2.2552967283055326e-05,-4.411888047796639e-05,-0.00010721337256897962,-0.001306126886074352,-0.0001575109159896381,-0.0011943397335227096,-0.0013459493445747107,-0.17481478377976836,-0.054551978893114916,0.0019527542983064639,0.2540729178321026
8.538113955746329e-06,1.6527352364664888e-05,-5.423322839243259e-05,-0.00010849045557161403,-0.0024148783432349358,-0.0010476120676884497,-0.0008285298493705311,0.0010905327440478285,-0.04693550765234841,-0.12346825144664741,0.07120922253212922,0.2332234998924052
-1.5044717194883042e-05,7.995911911652551e-07,-5.8152066093014764e-05,-8.913181000108392e-05,-0.0023016878868909385,-0.0020979401670114762,4.476230925409656e-05,0.002781196370058194,0.06957359892114787,-0.0865973684179579,0.10344920919279632,0.10490922530966784
-3.347422906921003e-05,-2.092846244342187e-05,-5.366146105089733e-05,-5.896730203990571e-05,-0.0013842144879744594,-0.0022476705599059495,0.0008533586991693902,0.0032517052221774484,0.11392108086214794,0.05665128983906326,0.05827006879026239,-0.010807454885816914
-4.139595500568907e-05,-3.754575502797679e-05,-4.304198988769789e-05,-2.828959280441464e-05,-0.00020013069932134863,-0.0010757879570050346,0.0012705355334704977,0.002883836624920765,0.12289567686847422,0.17772523074111973,0.025165298069959124,-0.0627662645655197
-3.773941905450488e-05,-3.840916506498312e-05,-3.008943353375336e-05,-2.3644051106258967e-06,0.0009314378895581867,0.0009031059496037688,0.0013199757373184085,0.0023012009138369833,0.10341804090743284,0.2180535505806409,-0.015277257300376962,-0.053760877651236716
-2.5379280749958504e-05,-1.9651501104780756e-05,-1.6635227397286838e-05,1.7571525245976038e-05,0.001540589771351089,0.002848426842436705,0.0013708654899748964,0.0016859851574834036,0.01841233545114762,0.17101062798594624,0.025455207831674515,-0.06928227361947925
-8.85497242561798e-06,1.4364238657782173e-05,-1.2277944902933093e-06,2.917718202916162e-05,0.001764271893517016,0.00395472111007588,0.0017106210914238091,0.0006351461991537127,0.026324088982037752,0.05024822554188879,0.04249591245810805,-0.14088551804645894
9.664910017249342e-06,5.147165588739315e-05,1.7197314144112536e-05,3.0577627545721045e-05,0.001939704595056449,0.0034667623358463147,0.0019744006354573606,-0.00035505709584182773,0.008762451325848852,-0.14783998038780188,0.01025999634860228,-0.05715514095264915
2.870772764471569e-05,7.678204807092818e-05,3.6832252603153166e-05,2.6919224691019392e-05,0.0018688589304368202,0.0015953161008606905,0.0019525870563507652,-0.0003766234750985028,-0.022931584249774595,-0.22644926660932296,-0.014622712169921365,0.05284186510131414
4.3545083842182e-05,8.239974166150136e-05,5.260809218890706e-05,2.6413982796539107e-05,0.001098612309056442,-0.00047177738274605386,0.0012025808608000126,0.0002755750962024457,-0.13111774002630106,-0.18696943011202594,-0.13537852694022914,0.07759784915887555
4.596650709557082e-05,7.06932089412587e-05,5.626658978873878e-05,3.347632604519323e-05,-0.0006143276583786778,-0.001869529161302478,-0.00047088134083366753,0.0011368935535283784,-0.2114702534607229,-0.0925809255992589,-0.19931391338650686,0.094665842306311
3.0148519488313023e-05,4.8300818964093774e-05,4.390026926935314e-05,4.694620986019723e-05,-0.002549269863072882,-0.002608948834130507,-0.0020023827630434605,0.0015570832094724215,-0.17551818747811798,-0.05530300896634688,-0.1069863710554517,-0.010627911117502414
3.052414186860782e-07,2.0290653705340622e-05,2.110343910917381e-05,6.021446098616411e-05,-0.0034193857508525065,-0.0029930842176201225,-0.002556983268992406,0.0010965670157209542,0.0014950099221930913,-0.021524067731576224,-0.0039337301343374265,-0.08147532763279106
-2.9993992228258722e-05,-1.074999319898111e-05,-2.592641889738253e-06,6.495912435114136e-05,-0.0026404609785364535,-0.003215045163244224,-0.002182232930790007,-0.00014763434272550336,0.15428994454101752,-0.022868121393244012,0.07888379777481727,-0.16736494405650043
-4.732366421167928e-05,-4.136340473799343e-05,-2.0114257652197355e-05,5.5555445298320745e-05,-0.0008254734181476575,-0.0029076371445582398,-0.0013220902217018137,-0.00173310146783862,0.2087075675367417,0.08434972513044081,0.09314474404282133,-0.1497284809661229
-4.7549947774537266e-05,-6.259238233739033e-05,-3.060424337049565e-05,3.2499937636838575e-05,0.0007802167055760594,-0.0013381583753211404,-0.0007759069219578454,-0.0028780000644578136,0.11243045720800171,0.22954602871697904,0.016091915905972337,-0.07925123835771586
-3.5796210631386696e-05,-6.387703828777101e-05,-3.8084304876671526e-05,1.931087825849681e-06,0.0015705307230540549,0.0010812271852450048,-0.0007201053792773292,-0.0032357698977399656,0.04563234628759738,0.25433108339625,-0.004931607369869112,0.007697271701285424
-1.990918188582368e-05,-4.4323301844366487e-05,-4.4353849264722275e-05,-2.8863650286391766e-05,0.0016068750260585483,0.0028295201034359,-0.0005338034983328207,-0.002923177724708324,-0.03836348568669867,0.09532750024192904,0.042191983558770824,0.05482116290504291
-6.362295563801489e-06,-1.562178014781181e-05,-4.587374057096898e-05,-5.3011545525699224e-05,0.0011025022383458892,0.002910784235875036,0.00022982523708347928,-0.0019064013231531673,-0.06251107185583316,-0.07907467375410182,0.11053376352448915,0.14853411740598843
2.1918003852994913e-06,6.278486121595889e-06,-3.836233699890815e-05,-6.175356311784335e-05,0.0006083169514743066,0.001469269018006503,0.0012724554773286868,0.00015799780472434272,-0.03632598551848337,-0.2092283698196048,0.09799228452455236,0.2643457081695136
6.389923144038284e-06,1.0972950653168395e-05,-2.094784449312979e-05,-4.613008252341812e-05,0.00023130760027345197,-0.0005303761116920015,0.002210443023826986,0.0029666983141607025,-0.03907588472168755,-0.19070065612009612,0.08960522477510743,0.2973943937177584
6.316559614398936e-06,1.4040714115506654e-06,3.503099594480539e-06,-3.7264756217319968e-06,-0.0002459803062013216,-0.001383399736631544,0.0026797457936950804,0.0055140230661765224,-0.056381696573267165,0.020095931132187606,0.004255329198511487,0.21207055668540548
1.611927850134223e-06,-7.445316740085759e-06,3.086214508486743e-05,5.753273624930395e-05,-0.0006949460466516209,-0.000386477893695741,0.002792063304382298,0.0067378193080306695,-0.0334114515167927,0.17928843745497297,0.018208172938932038,0.03268869168542393
-4.287266221805022e-06,-1.3309298867728723e-06,5.981767433670528e-05,0.00012223044618940335,-0.000484892767736228,0.0016093552643583187,0.0029990425459852717,0.006201722679989209,0.07542210729987128,0.21987819415583892,0.023187675381662692,-0.139908017293716
-3.538987454080457e-06,2.2800156881975332e-05,9.263594977315564e-05,0.0001748196651470395,0.0006345485212811409,0.003216862089391322,0.003564612541304801,0.004316121111538019,0.1484661505036025,0.10162317085076172,0.08992632368224315,-0.23721229639652192
9.960820479174584e-06,5.6925946556509255e-05,0.00013207349875791558,0.0002082421644353896,0.0020654130653698674,0.0036082958455154633,0.004322897255647187,0.0023683787461320016,0.1377067583141428,-0.023336419625933524,0.06173061918623393,-0.15233617668468163
3.5388214256129176e-05,9.040910344202898e-05,0.00017558339344138623,0.0002261013192593121,0.0030200656900210513,0.0030883355315884826,0.004379081681046944,0.0012034522186525015,0.05322376661609396,-0.08065564315946255,-0.05049373410628258,-0.08064912881121838
6.392785096638679e-05,0.00011922075923222113,0.00021372243740276436,0.000236310996855741,0.0026878616520304714,0.0026739956264499472,0.003248727111228682,0.0008384833006332787,-0.11966457421420995,-0.0022123378682445405,-0.17557717985736973,0.00765534520737382
8.360635292015874e-05,0.00014535456925666133,0.00023717351031488323,0.0002461645102904416,0.001247838738723918,0.002552766378438092,0.0014414874711950936,0.0011322193863068442,-0.16834000844710073,-0.022033511734126432,-0.18587074814934793,0.05109187192733927
8.912315197526959e-05,0.0001666890555176722,0.00024413485577464328,0.0002600943283797225,-0.0001444789277017485,0.0017141308737640805,-4.9218379243084814e-05,0.00165374423154933,-0.11012352483803256,-0.14569358920067593,-0.11227042193828776,0.053213097121157904
8.445013583181247e-05,0.0001748049521137685,0.00024081874565800454,0.000277704594442922,-0.0007901243009896761,-9.095155454482014e-05,-0.0006140036440846635,0.0018683089810905718,-0.019005549819552964,-0.2153228964611042,-0.0006866310300279732,-0.01030014721290956
7.712381098795615e-05,0.00016516295942149446,0.00023546147296582928,0.0002934602272528288,-0.0006751406677815866,-0.0018374469839099884,-0.00045745089435038854,0.0012828175808907876,0.04200227646117086,-0.13397618941192946,0.03199718097688298,-0.10679813282704725
7.123564619235482e-05,0.0001438369935442119,0.00023237335938750716,0.0003004787530990391,-0.000502492291338679,-0.0024277461915465214,-0.00016017182131403476,0.00012088758835127056,-0.007472601172589327,0.015916347884622817,0.02745863363038778,-0.12558786568085617
6.495198849514604e-05,0.0001231420460579454,0.0002297944810168174,0.0002957341573008849,-0.0007542392481030774,-0.0017112433057067792,-0.00035560385282391643,-0.001069806747982108,-0.042876790180290364,0.1273842292833256,-0.06654503993236412,-0.11255100158581954
5.608598598494172e-05,0.00011355071529026102,0.00022299192555972833,0.00028103150774461106,-0.0010189612539377873,-0.00020702284783009786,-0.0010049072385938987,-0.0018707231632726622,-0.010067610986651626,0.17345986229201066,-0.06331563722163237,-0.04763228147229126
4.7463702851290226e-05,0.0001166860364983057,0.00021074307614033728,0.00026006177768589183,-0.0007054953727925112,0.0008340870894390331,-0.0014448626452843111,-0.0023232228484711837,0.07276078721570686,0.03476212516181554,-0.024675444116450104,-0.04286765556741301
4.5467233996380246e-05,0.0001237055660107677,0.00019556022834470505,0.0002359052016894111,0.00030620160181051524,0.0005698188130533704,-0.0015917069138421352,-0.002508092350824964,0.1295786077048984,-0.08761578043894808,-0.004693409595114731,0.005893755096656905
5.236556318658263e-05,0.00012431306741815927,0.00017980161009618453,0.0002118563267733462,0.0010734642362299623,-0.00044831853157505813,-0.0015600167358619677,-0.0023016826323880154,0.023873919178990982,-0.11601168848673765,0.01103144519114825,0.03538818859073278
6.158900918645987e-05,0.00011558227756683842,0.00016524888576867995,0.0001904371532354075,0.0007712249637454852,-0.0012978394386891133,-0.0013505281296389495,-0.0019821520751997224,-0.08432177367588642,-0.05389249293607337,0.03086627605345542,0.02851792284692578
6.385158256965725e-05,0.0001028304878166803,0.0001528975522302087,0.00017130334252427105,-0.00031871028710600915,-0.0012525185113425102,-0.0011197385780552997,-0.0018446100670275662,-0.13366527649441243,0.06295667840539401,0.015291634263274526,-0.0010095212124945352
5.511941469026723e-05,9.464584571166496e-05,0.00014179232730143174,0.00015350911350909616,-0.0014277232887719947,-0.00038440990966055624,-0.0011013064077000927,-0.0017142357360074123,-0.0881373238387847,0.11066504193099677,-0.011605200192233114,0.027084387416525302
3.961266553680485e-05,9.334405678285925e-05,0.00013154315078746376,0.0001393923981603435,-0.0016736265419204808,0.00012405212389941355,-0.0009485288950935038,-0.0011091073337431217,0.03895667320908747,-0.008972635219002809,0.04216070271355089,0.0939412930363328
2.779676705737803e-05,9.301314177881071e-05,0.00012512496819845292,0.00013312002641929682,-0.0006895531539648839,-0.0001902351247091218,-0.0003351076227086637,-0.00014536701446621304,0.1578580043820319,-0.053884814502704256,0.08052355176341712,0.09880677081904893
2.8598740617279262e-05,8.883799752997154e-05,0.00012526890383294744,0.00013670121536121124,0.0008499478659451305,-0.0006447937250587126,0.00036389474960756875,0.000861604802849097,0.15004219959997095,-0.037026905567213886,0.05927692269982936,0.10258759264401307
4.096190005241822e-05,8.398029395908395e-05,0.00013165343070795977,0.00015029107409203209,0.001622684021082661,-0.00032674698911880405,0.0009130106253948966,0.0018563669433150727,0.004505031427535111,0.10063625275519558,0.05054625245763621,0.09636483544918206
5.448009240656761e-05,8.794493451644457e-05,0.0001429030350467359,0.0001719769611089599,0.0010809544497472168,0.0011196751005909276,0.0013369102423603312,0.0024808104600704895,-0.11285094569462395,0.18864816518675073,0.034233670935450725,0.028523867901901312
5.957124223621446e-05,0.00010552248689474162,0.0001589064771150294,0.0001979650303013689,-6.272448381784593e-05,0.0023958353750684813,0.0018637781712983656,0.0027168033784113112,-0.11588484101838858,0.06658388970876003,0.07113991485215619,0.018674715766263006
5.723207222570621e-05,0.00012990092214797857,0.00018150405547194865,0.00022673952315629194,-0.00040510951828380494,0.002479851675578909,0.002655737500085485,0.0030380951925732982,0.04740783412519678,-0.04978062960667448,0.08725195090526773,0.04558364706613438
5.785070064307453e-05,0.00015086412407129622,0.00021148315590717475,0.0002583477760233869,0.000528835201757469,0.0017127887090846207,0.0033400825869597346,0.0032835553808456953,0.139381109883058,-0.10363196369218322,0.04961706646958218,0.0035083905883450672
6.881859707204707e-05,0.00016597290488353503,0.00024664837691366903,0.00029251233932897506,0.0016647440840370392,0.001308967453363143,0.0036929616143391215,0.0035493572802719345,0.08780066657285607,0.022867712547887692,0.020958739006295204,0.04965198929690273
8.749519661720546e-05,0.00018163252633102129,0.00028206076523039906,0.00032854002493118065,0.002070575824994638,0.0018229568361341072,0.003389516049006884,0.003656179840169184,-0.006634318381336268,0.07993016400630512,-0.08164785207274274,-0.028287477317452847
0.00010614168791848545,0.0002032927427067607,0.0003112850489933162,0.00036242742721230066,0.0016587224352613613,0.0025090864390137743,0.002455340703576543,0.0031213006160548166,-0.07573635956531904,0.05729575656962829,-0.10518721701332555,-0.07868836750542063
0.00011914140612903026,0.0002289499233747945,0.0003312112973060839,0.00038734315476030685,0.0009412212068475991,0.0026223496945929877,0.001529908958977002,0.0018618448935464208,-0.06776388611743339,-0.0346431054537856,-0.07989913190658261,-0.17320277699625852
0.0001258584060128283,0.0002514706261451004,0.0003438137972827896,0.000396689008792541,0.00040217876991200904,0.001881790859468191,0.0009905910363641312,7.325912900410948e-06,-0.04004460126968462,-0.11346866157117372,-0.02796445261599155,-0.1977010191329434
0.0001279952418809269,0.0002640252060664681,0.0003521038654808392,0.00038824688410706205,2.5188403707712432e-05,0.0006291251248053543,0.0006674226032457944,-0.0016957508499962017,-0.035353471971174694,-0.13706448536139362,-0.03666923400767581,-0.1429143334463791
0.00012749042529546057,0.00026444934057787736,0.0003552838591898611,0.0003675465499296215,-0.00012615172080098045,-0.0005442982225235074,-3.142386144141867e-05,-0.0024443159854919106,0.0050854470694361165,-0.09762018410437873,-0.1031000589297668,-0.0067986936527626995
0.00012536708386594233,0.00025460922041575795,0.00034859264140447066,0.0003460054017288452,-0.0002985165651026669,-0.0014237258099003736,-0.0013068196956366688,-0.0018639136546633457,-0.03955841592977341,-0.07826533337099453,-0.1519791079092832,0.12287915981847569
0.00012040927021493608,0.00023723745988187632,0.0003300542583445149,0.0003325997875200557,-0.000693046165098582,-0.0020506262968759533,-0.0024008569163544782,-0.0008172091870945514,-0.039347504069409595,-0.047114764024121375,-0.0668283362342787,0.08646173369528315
0.00011134737316633758,0.000214894980528861,0.0003036183624588592,0.00032769627662555925,-0.0011193332446211184,-0.002417869573727112,-0.002886322260776662,-0.00016349299180474283,-0.04590991183509771,-0.026333891346110333,-0.03026473265015811,0.04428150536267855
9.82120077783273e-05,0.0001903666396120553,0.0002757406116235705,0.0003265145772743901,-0.0015077398329809385,-0.002487798609634027,-0.002689227906281085,-7.284687842908782e-05,-0.0317714058368663,0.012348084164727241,0.06968360354927355,-0.026152282687547553
8.236868590492638e-05,0.00016727337321871503,0.0002538900951194285,0.00032108533722088656,-0.0016609245416992443,-0.0021308546690340263,-0.0016808753945473124,-0.0010130011322716207,0.0011344640932051397,0.059040703955272916,0.131986898797481,-0.16187856808095902
6.799280071686127e-05,0.00014992956853250946,0.0002420653115424383,0.0003036640447087667,-0.0012142524959137776,-0.001337906268207087,-0.0006840813208507277,-0.002471257370152356,0.0881999450638882,0.09954897621011496,0.06737191594183595,-0.129772679495188
6.064548181291898e-05,0.00014184970217453915,0.00023631631802523324,0.00027335085681657147,-0.0002552112848746809,-0.00027806700338697506,-0.0004657173825902834,-0.0035913802082866847,0.10360829714393113,0.11241887675390741,-0.023699128289747073,-0.09425188813167773
6.277434970078177e-05,0.00014427347467644398,0.00022778845513658506,0.00023600701677966437,0.0006809848624472377,0.00076282150376794,-0.0012398551951393532,-0.003877387799094735,0.08363093232045257,0.09575882467707561,-0.13112843422006693,0.03705036997006761
7.239759808104297e-05,0.0001540221900273531,0.00020973154900428756,0.00019963257941648413,0.0012436648136050043,0.0011869215664138824,-0.002371526031320146,-0.003397499673541314,0.028905057911100734,-0.01093881214788714,-0.09520573301609159,0.0589272551406167
8.413555688348824e-05,0.00016269194457228212,0.00018355132800400677,0.0001677268527755309,0.0011039269468840478,0.0005470293425719233,-0.002864518168736012,-0.002983645654649332,-0.056852631255292024,-0.11703963262050468,-0.0033926944670816805,0.0238435486377796
9.020821287646368e-05,0.00016113921816479653,0.00015610524778925748,0.00013851535202542785,0.00011060425171104029,-0.0008575746240690399,-0.002624697874213846,-0.002858654495371277,-0.14181190777930947,-0.16388116070768796,0.05135675337151491,0.0011546832178314093
8.485326771461076e-05,0.0001462364671405656,0.00013228416043258376,0.0001103882632671906,-0.0011815932840816244,-0.0021229755807771473,-0.0021395195971208977,-0.002766763256276173,-0.11662759937922346,-0.08919903063393356,0.0456789020470747,0.017223564601189456
6.884410394005966e-05,0.00012225693839275616,0.00011141456684561578,8.325706491313114e-05,-0.002020239470828594,-0.0026729301687847397,-0.002034399120272699,-0.00265947641453572,-0.05110163797017042,-0.02079188696758491,-0.024654806677434915,0.004233803746901077
4.760208904673088e-05,9.553467613748897e-05,8.97885404015459e-05,5.735843346434053e-05,-0.0022281635078371625,-0.0026715222822686993,-0.0022908061685412754,-0.0025202498752224015,0.009516830568456758,0.021073464270793013,-0.02662660297628039,0.023611504115762627
2.7938633111281492e-05,7.049086026172362e-05,6.476694153168618e-05,3.202602749466074e-05,-0.0017045276792527152,-0.0023372408928843728,-0.0027135136054306694,-0.002546231318713556,0.09521033514843269,0.04578281360607231,-0.05791488440159842,-0.028807792813993482
1.6193561771528085e-05,4.877648361345402e-05,3.596189193072372e-05,6.227947945639729e-06,-0.0006444865886979661,-0.0020056344367695464,-0.0030474963147618214,-0.0026133845910906455,0.11679788296251714,0.020538477616892953,-0.008881657464631987,0.015377138338575569
1.4181611781831443e-05,3.0090060698527674e-05,5.63317217320517e-06,-1.9230776484675366e-05,0.00024209659075863778,-0.0017316501462157226,-0.0030182476367418883,-0.002478360294972373,0.060518752928803626,0.03425838049387178,0.014731393068618592,0.011627720885078907
1.7195453371572385e-05,1.4315075516546503e-05,-2.1798184514593424e-05,-4.361196643965582e-05,0.00036067172718955056,-0.001423346890180511,-0.0024680237008178315,-0.002397877696023718,-0.03680372564262106,0.027402270713170557,0.09531339411619277,0.004468798904652127
1.8806026272566702e-05,3.457117127506316e-06,-4.2187388069594276e-05,-6.569385304605739e-05,-3.855714699068708e-05,-0.0007482447876275266,-0.0016098170101823384,-0.0020184996252565943,-0.04304204919342647,0.10761814979742632,0.07632794401090581,0.07140681524877257
1.669687656981111e-05,9.520398927092823e-07,-5.39100009333974e-05,-8.280798890222802e-05,-0.00038327279356043154,0.00024722934066811976,-0.0007347055625782865,-0.0014043275459775322,-0.02590108012052242,0.09147667586170297,0.09869434550990458,0.05142760060703988
1.2503226543673925e-05,6.748322313333721e-06,-5.6320958086667554e-05,-9.384075219600634e-05,-0.0004554572116670052,0.000912027143456768,0.0002525141319242555,-0.0008022251127781317,0.011464196499207685,0.04148288469602668,0.0987495933906038,0.0689928860328402
9.71941701339247e-06,1.582231016434415e-05,-4.892730221845164e-05,-9.835051787374331e-05,-0.0001013046943892858,0.0009027704267453181,0.0012262170417189273,-9.972802276926292e-05,0.0593663069563362,-0.04333422803831666,0.09599098856833055,0.07150653196893356
1.1620762127622066e-05,2.3061323612028286e-05,-3.36764629406465e-05,-9.36669569170261e-05,0.000481573717235205,0.000545032262791509,0.001823950813842101,0.001036440214112706,0.05720937536856195,-0.02821340475244516,0.0235557658563042,0.15572711540746026
1.784574446716862e-05,2.8939638266667744e-05,-1.5288883329612977e-05,-7.53564578753303e-05,0.0007634227506741057,0.0006306306681363827,0.001853565108364603,0.002625659594226452,-0.0008395686807818187,0.0453330858214199,-0.017632906951803806,0.16211676061528896
2.489633960261951e-05,3.912232766708825e-05,2.8911808211170444e-06,-4.331547009680688e-05,0.0006466962764160727,0.0014059072119477181,0.0017824477217814015,0.0037825379614782324,-0.02250572617082476,0.10972222294084719,0.0034094296351634967,0.06925891283506708
3.0655501574667e-05,5.603268205997378e-05,2.2207489887580188e-05,-3.2059484515977145e-06,0.0005051361179934244,0.001976163666629389,0.0020808140915112273,0.0042393663675636,-0.00580630551370491,0.004329067995486963,0.056263844310801614,0.02210676838200648
3.590534923211353e-05,7.52629381108104e-05,4.567725529154042e-05,3.8763409205319086e-05,0.0005448334134958815,0.0018698875435379345,0.0026131389892808192,0.00415450516381976,0.01374576461419634,-0.025584292613777843,0.05020113524311681,-0.0390790091307745
4.2819767305206424e-05,9.297335783483229e-05,7.321459410006176e-05,7.744026677939509e-05,0.0008380502011226978,0.0016721964012664427,0.002894328772423447,0.0035808663509954404,0.04489759291116692,-0.013953935840520487,0.006036821385408786,-0.07564875343408944
5.3405665829681484e-05,0.00010913886966232508,0.00010034442591841565,0.00010854901680807074,0.0012791295037723142,0.0015609059642321145,0.0025316375912473313,0.0026408836547396914,0.04331826761875633,-0.008304151566345147,-0.07857505762063194,-0.11234778581706034
6.754949054105806e-05,0.00012466692182586177,0.00012064401337277086,0.00012945601786406777,0.0015496354385030019,0.001544704468475224,0.0015282798996237115,0.001540516556459714,0.010782919327381194,0.005063852414967013,-0.12209648070409201,-0.10772563383893513
8.177391994926307e-05,0.00013939999627443948,0.00013137090213547777,0.00013901755365507016,0.0012952504431379985,0.001401910421240318,0.0006170978529176701,0.000371790601740763,-0.06165991840038189,-0.033622661861948205,-0.06013992863711626,-0.12601955710485507
9.130350761406344e-05,0.000151255471795365,0.00013570782170330703,0.00013711582813769873,0.0006106670898220767,0.0009691846829447861,0.00025028606064818294,-0.0007521357052150473,-0.07525675226280247,-0.052922485797158164,-0.013222429816781178,-0.09876570428630699
9.36599497555188e-05,0.0001574409980687,0.00013593236840176768,0.00012624042409784043,-0.00013937866153100587,0.00026792057172221227,-0.00020537672095605344,-0.0014229451027566124,-0.07475239800781404,-0.0873303364473566,-0.07791012650406609,-0.035396175222006054
8.884554067144177e-05,0.0001552536231063857,0.0001301874210562904,0.00011225592084957249,-0.0008235031552843986,-0.0007053955641850726,-0.0009436127481394034,-0.0013739555468969776,-0.06207250074286451,-0.10733289073410038,-0.06973707893260389,0.04519408639393302
7.915499266444021e-05,0.00014254873343772659,0.00011774851513385461,9.893682542370363e-05,-0.0011146064461159141,-0.001835582369546748,-0.0015441684363477542,-0.0012898635382767925,0.00385184257656139,-0.1187044703382347,-0.05037405870906625,-0.028375684669895984
6.877388831040673e-05,0.00011952229410959106,9.89845056048125e-05,8.417162641918247e-05,-0.0009616144246907815,-0.0027697054960803564,-0.0022086334694606667,-0.001663176262627441,0.026746561708465136,-0.06812015496848703,-0.08251894791351627,-0.046286860200233704
5.8571166497948037e-05,9.009889661360842e-05,7.275241310780466e-05,6.433175549443256e-05,-0.0010789299378009575,-0.0031149740031161718,-0.0030377850299409025,-0.0023047979223225403,-0.05020966433050035,-0.0009335464386760195,-0.08331136418253088,-0.08203747173878612
4.524471471064269e-05,6.0867687403507676e-05,3.9817783769654235e-05,3.7312967225536396e-05,-0.0015863604196601124,-0.0027312678389039774,-0.003549140837689183,-0.0030989597314566926,-0.05127643204133063,0.07767477928111485,-0.01895979736712522,-0.07679489008804435
2.850498000126148e-05,3.7143610316766e-05,4.594289873665333e-06,3.023942578171349e-06,-0.001761586522216129,-0.0020135475784443585,-0.003495557941508598,-0.003758845198016318,0.01623121153012734,0.06586927281080893,0.029676376603242238,-0.05518220322388073
1.313466826160514e-05,1.823900857881221e-05,-2.7152241819510173e-05,-3.645311687251322e-05,-0.0013124758257151389,-0.001767372769146399,-0.0028537483971265033,-0.0041365666921205965,0.07359092777007066,-0.016634310951217063,0.09868553227317672,-0.02036209559697494
3.4830392657573194e-06,1.275409166025644e-06,-5.1602618866816895e-05,-7.716365964517132e-05,-0.0006178499734544251,-0.0016253471134109142,-0.0020363270123348407,-0.004005541862411025,0.0653342426820721,0.045039442098314036,0.06479874468515573,0.04656706153888929
-4.200861997520526e-07,-1.2207627003868788e-05,-6.9053980721834e-05,-0.00011435752195389044,-0.00016277511964744938,-0.0010712601205679715,-0.001453945358668581,-0.0034332305993327993,0.025680728079323048,0.06577795647027448,0.05167758604809619,0.06789519107675585
-1.5477860722935775e-06,-1.9792438660999512e-05,-8.132351590900666e-05,-0.00014275225912641586,-6.276485486085559e-05,-0.00044570221085817356,-0.00099996167876595,-0.0022457168351722834,-0.00567867512200429,0.05933362547168511,0.039119149932429986,0.16960756175534736
-2.629461480197439e-06,-2.1893316955157817e-05,-9.02445983790613e-05,-0.00015677397411103893,-0.00015357022671991677,2.55265520265125e-05,-0.0007842548152449796,-0.0005586261617523303,-0.012482399249807943,0.0349121271052521,0.004022222771764117,0.16781057292864326
-3.913277691460265e-06,-1.9700125426292085e-05,-9.646821337568565e-05,-0.0001540650233751735,-0.00010319301553264838,0.000413111753746634,-0.0004604681840798893,0.0011004163089254136,0.022557841487261622,0.04260491323877219,0.060735103461253936,0.16399792120690548
-3.546037774102953e-06,-1.4499876879971512e-05,-9.567671864612802e-05,-0.0001365774123616247,0.00017664099900411076,0.0006269379555174807,0.0006187671299914149,0.0023971058937843496,0.03340896142009021,0.00016032711539715194,0.15511195935300687,0.09533999576488167
-7.59434834485189e-07,-7.984957067315602e-06,-8.047853158185736e-05,-0.0001064639631851561,0.00038067958891944216,0.0006760460070137013,0.002420870282862718,0.003625583941509369,0.007398756562976068,0.009661283183846958,0.20530867122125368,0.15035561378012224
3.29933968930854e-06,2.2047485327795893e-07,-4.836109427747216e-05,-6.285027840807265e-05,0.00043107531583930355,0.0009650403771050108,0.004002617178014322,0.005097153013907322,0.0026803888209962143,0.048137590834414934,0.11104070780906711,0.14395820069946824
7.971038639299673e-06,1.4071775891141337e-05,-3.867079817121004e-06,-5.8434546649128736e-06,0.0005032644741589231,0.001805219830467665,0.004896185714055909,0.006304211734724632,0.011757442842927686,0.1198982998381159,0.06767299939925026,0.09745354346399399
1.4360101420917232e-05,3.830957698837274e-05,4.602218861158653e-05,6.08990752060863e-05,0.0007745480821645886,0.003042340388978616,0.005081667971685598,0.007044294239475205,0.04249927875820544,0.12752581186407425,-0.030576547873312487,0.05056295748612044
2.5310012970933243e-05,7.316950420718878e-05,9.59545277754009e-05,0.00013232927085108525,0.0014154342278386136,0.0039296450547845925,0.004904799861077274,0.007241744889524585,0.08567795037659956,0.04993512129712113,-0.00479707424835224,-0.01107282747624444
4.327472607766856e-05,0.00011399220096222126,0.0001456169818338084,0.000203099464696083,0.00217750839350845,0.004234894296221903,0.005027690950604227,0.006912293879474965,0.06673688275736775,0.01111472699034105,0.02937529215374285,-0.054817374533679464
6.776240817254465e-05,0.0001565421521637139,0.00019838937024422426,0.00026691175747457546,0.002720028025466768,0.004275095944076623,0.005526786731478947,0.0058501646762235265,0.04176704363429576,-0.0030743974193971346,0.07044386402120134,-0.15760846611660823
9.477245959634988e-05,0.0001986373954214796,0.0002560371075937875,0.00031788283356352237,0.002681982259294277,0.004143952707476519,0.006002760738433695,0.004344050541565857,-0.04937619686879394,-0.023154249900623702,0.02475093736974804,-0.1436143608149258
0.00011858214949199598,0.00023914880437075371,0.0003137873192619614,0.0003577938189640026,0.0020799557198349435,0.003958329082378305,0.005547281595201084,0.0036381465385301875,-0.07102911102307272,-0.013970475119018999,-0.11584676601627025,0.002433560207792007
0.000135515146430412,0.00027714836674873697,0.0003612083828388997,0.0003944919425199811,0.0013066436678482582,0.0036415833932183462,0.003936931120186582,0.0037014781726655093,-0.08363329937426436,-0.0493786627129727,-0.20622332898663004,0.01023276661927236
0.00014563944482524639,0.0003079467224752862,0.00039118264046314303,0.0004313258708192569,0.0007182160111186208,0.0025180877520915032,0.002057920404662083,0.0036653074871896567,-0.0340522319716631,-0.17532046551239583,-0.16957881411826986,-0.017466903714442872
0.00015073063901664105,0.0003226439613314678,0.0004048114793569833,0.000465461730775632,0.00030002282716031176,0.00042136001914480897,0.000667847374105968,0.003161864504085357,-0.04958640481999871,-0.24402508107694304,-0.10843579199295311,-0.08322169290641707
0.00015043589537116052,0.0003154931692409332,0.0004067110612315619,0.000490414305804465,-0.0003589715562564176,-0.001851518437251726,-0.00028793099919024664,0.0018286505016812421,-0.08221247186334715,-0.21055061020236399,-0.08271988266628982,-0.18342110757440594
0.0001425648883954413,0.00029083524015761973,0.00039895288346904943,0.0004997829666129902,-0.0012152298388874256,-0.0030800673794109668,-0.0012637045533122459,4.508166002380686e-05,-0.08903918466285446,-0.03515917822948411,-0.11243482815811001,-0.1732926607570811
0.00012644993935290681,0.00026094816940246677,0.0003814699838361796,0.0004909394475071006,-0.0020077599696194724,-0.0028973467716196266,-0.0022328753732617263,-0.0018137854812017252,-0.06946684148355489,0.07170329978775214,-0.08139933583178605,-0.1984807674880253
0.00010480520930577333,0.00023461994563586376,0.0003554834323939573,0.0004635672504519885,-0.002321186039807226,-0.002368297981700975,-0.002964434915182727,-0.003660653929820704,0.006781627446004218,0.03410645819597813,-0.06491257255241412,-0.17089292223577052
8.488386902198337e-05,0.00021136070578083244,0.0003226143916946276,0.0004191888384653391,-0.0016630820169507654,-0.002283549989305289,-0.0036093732246832103,-0.005215028467509168,0.12483917712528789,-0.01715685971684089,-0.06407508934768258,-0.13998198530192213
7.388543758808618e-05,0.00018743433545334332,0.00028342621850472216,0.00036126072236236905,-0.0005366042698286715,-0.0025017240761925357,-0.004228261413297881,-0.006370594753084847,0.10045637229913087,-0.026477957660608453,-0.05970254837525146,-0.09113127181321384
7.086315215826804e-05,0.00016233396677780624,0.00023847148081805153,0.0002960840072946335,-6.785281613495646e-05,-0.0025183496589148806,-0.004762686124036247,-0.0066647482604622645,-0.006706081560387864,0.023152841116139466,-0.04718239377242173,0.03230057033773043
6.840307517343446e-05,0.0001387417538832081,0.00018964227744729917,0.00023018588603687822,-0.0004241625808317611,-0.002200092920004749,-0.005003154550114224,-0.00651487599108879,-0.06455587137897306,0.040498506665886835,-0.0009112914431738117,-0.0023261164630355435
5.982767487536159e-05,0.00011751556247249575,0.00014107573452977514,0.0001652348909639667,-0.001290917478782812,-0.0020451453621377195,-0.004710154033390583,-0.006475323023493517,-0.10879510821123708,-0.009508995092480932,0.05951139478790213,0.010236709982090197
4.3052616575336144e-05,9.574044349831316e-05,9.707374948986778e-05,0.00010284177348454288,-0.0020640941812222775,-0.0023098784326987974,-0.00409024297459089,-0.0060033004723912455,-0.045840232276655984,-0.04343761901973464,0.0644708169720366,0.08416780023836407
2.1611753226394458e-05,6.960153262138767e-05,5.894760674578805e-05,4.86559283508493e-05,-0.00222407848856606,-0.0029179037426863013,-0.0035349855742250556,-0.0048338685543474706,0.013843370807899519,-0.07816744297776612,0.04658066310113018,0.14971858337039096
1.2860611530952589e-06,3.749646775020726e-05,2.5646890886605262e-05,9.021005048876858e-06,-0.0018410599260937797,-0.0035031092315497797,-0.003125157597611502,-0.0030931161060470174,0.06276034168655656,-0.038873654794929546,0.03538493222158057,0.1984319062896997
-1.351512104644607e-05,3.048682938308034e-06,-3.7972748446174733e-06,-1.2413602131113822e-05,-0.0011191765138144863,-0.003386447730830066,-0.0027636755486330454,-0.0011938053299511181,0.0816163407693021,0.062205954938872265,0.03691147757411073,0.18143024892948018
-2.1710708063251122e-05,-2.5239741276669665e-05,-2.9195353890537447e-05,-1.6906521271967174e-05,-0.0005199408895465241,-0.0022712371121654733,-0.002315940260550949,0.00029522150178044773,0.03823078408429034,0.16083616879404627,0.052635580042308505,0.11637511741683298
-2.5672768675474198e-05,-4.061391193615326e-05,-4.7684212341466716e-05,-1.0816240791769747e-05,-0.0002724712328980911,-0.0008035970197312456,-0.0013818314296349045,0.0009228345942590377,0.01126314724539626,0.13269184969279924,0.1341861861409004,0.009147501078885012
-2.7196336178588465e-05,-4.297172969531982e-05,-5.290411906775039e-05,-3.4481793913316233e-06,-3.224226772476229e-05,0.00033203346789793375,0.00033785008437817003,0.000550777685828587,0.0367826457892695,0.09443424783303661,0.2097501166617145,-0.08355888276497514
-2.5485684546855203e-05,-3.611006552441813e-05,-4.100159779182721e-05,-2.396176244414441e-07,0.00037437259407141466,0.0010402993662824039,0.002042654170806466,9.093466754944886e-05,0.0445403265699659,0.04721893184385739,0.1312107006239447,-0.008409720890852485
-1.9991895962833224e-05,-2.259822470974505e-05,-1.657200342413811e-05,2.226793205968517e-06,0.000724385122732981,0.0016620687966522123,0.0028432647027313547,0.00040234749853254343,0.025462179162347387,0.0771349542301043,0.028911405761033127,0.0706922870874714
-1.1061267415955963e-05,-3.307068601455213e-06,1.1587041963780462e-05,1.1100899121452994e-05,0.0010617405866424714,0.0021961624250057547,0.0027885443748523592,0.0013724736845643522,0.04200891361955067,0.02968377144060419,-0.039855471336832204,0.12333295011889032
6.824420221062889e-07,1.9602908772751492e-05,3.81123859138942e-05,3.086804489361365e-05,0.0012870013009699788,0.002385833049835586,0.0025165244151703885,0.002580955469867779,0.003043229245950796,0.008250353525362075,-0.01454852059956191,0.11836340694179505
1.3156786179572066e-05,4.218096737549619e-05,6.37879354848394e-05,6.290616544867002e-05,0.0012078675305231764,0.002129778670713353,0.0026185854990186525,0.003826668641143495,-0.018869983335311258,-0.059461229349808686,0.03496073736921468,0.13077922731334823
2.3070872439025355e-05,6.011356247415499e-05,9.152774962832458e-05,0.00010620218660486106,0.0007749497213674813,0.0014567403490184077,0.0029293773296783813,0.004832535590094713,-0.06771357849582776,-0.07514643498918039,0.02719762876273113,0.07039416247689545
2.772834317723016e-05,7.263613817801471e-05,0.00012186712203759142,0.00015704815366793452,0.0001565444262734795,0.0010477747917535362,0.0031384971521749875,0.005336657822519977,-0.055967480522972596,-0.00664667646379391,0.014626335736590113,0.030430284008157282
2.697513334882518e-05,8.26503777693105e-05,0.00015235919929623506,0.00020950890994518053,-0.0003071863919544758,0.0009550731265056225,0.002959918299553739,0.005155493432929226,-0.036778683122618464,-0.011893656585788837,-0.05034210626083979,-0.0666631619263075
2.396532330682872e-05,9.25353806589123e-05,0.00017912724534199475,0.00025530202002069073,-0.00029477561644481614,0.0010219274514147371,0.002393690909598199,0.004003128582172815,0.0392608382245504,0.025264521567611775,-0.06290337173026828,-0.1638098082249747
2.437114138673606e-05,0.00010328927050614051,0.00019962203323701012,0.0002863125942184739,0.00037593923242628443,0.0011288505180309042,0.0017052666694048748,0.0021989862573838182,0.09488213154966971,-0.0038799082443783384,-0.07478147630839649,-0.1970186567328246
3.188053981119635e-05,0.00011430118975949546,0.00021268087218047924,0.00029888332507581073,0.001125940452465774,0.0010735333326400854,0.000906501119288949,0.0003151599140835482,0.0551181124582282,-0.007183528833785424,-0.08497163371478866,-0.1797466119272294
4.372294032886429e-05,0.00012482150652080772,0.00021716549830235748,0.00029274249149125587,0.0012425396510678142,0.0010305300196223675,-9.575894913300964e-06,-0.0015433266309945208,-0.03179827273782018,-0.001417133769758161,-0.09824376912566132,-0.19195069708838436
5.366838103072981e-05,0.00013466830156019555,0.00021221694546092308,0.0002693191053306517,0.0007465484893052891,0.0009388289882551977,-0.0009801346733735782,-0.0031413506011263104,-0.06739995961468484,-0.016923072503675807,-0.09586798656639411,-0.12765409693797353
5.765332872916316e-05,0.0001405765774711394,0.00019815083165274625,0.000233278020932177,5.04410503813803e-05,0.00024282619393357376,-0.0018330880882617873,-0.0040668662785686305,-0.0718215281700969,-0.12227748636064897,-0.07472269641124774,-0.057449038550490494
5.457775712633182e-05,0.00013572295427549642,0.00017515228478631867,0.00018987839096100948,-0.0006655553709476479,-0.0012135508330621716,-0.0027666212850237307,-0.004613059715664875,-0.07137775609570873,-0.16899791903850006,-0.11198394294114089,-0.05178964886875831
4.424866012610625e-05,0.00011569080684965363,0.00014243746463895075,0.00014390744815079615,-0.0014002640290974658,-0.002792878652106386,-0.0037763427444498536,-0.004581128846377792,-0.07556397553425487,-0.14686764477034284,-0.08996034894408367,0.058175822726174775
2.7910966923663674e-05,8.164145734753473e-05,0.00010031734170699844,0.00010075436431103177,-0.0018672746113910497,-0.004016991248317393,-0.004647681841940608,-0.004049487921575083,-0.017838140924461898,-0.0979548744718585,-0.08430747055406718,0.048152362234366974
8.027568794452427e-06,3.837068107568797e-05,5.069810791795181e-05,6.155819273973686e-05,-0.0021094050144511997,-0.00463716400605196,-0.0052761649158687175,-0.0037897463926839,-0.030587939687568122,-0.026079677075054958,-0.0413891442315546,0.00379594354386964
-1.4949010858881274e-05,-7.001293381139974e-06,-3.0360196121408923e-06,2.218876439989054e-05,-0.00248591091621554,-0.0044372308853136274,-0.005470660590149823,-0.004084139275285365,-0.044713240665299914,0.06606630122272147,0.0024900093753335018,-0.06267452006416269
-3.940414294303487e-05,-4.834017090913975e-05,-5.674101816698128e-05,-2.3232719713767364e-05,-0.0024051155006151784,-0.0038305446202863275,-0.0052703391208182545,-0.005000157547446215,0.06087232378537222,0.05527095178273847,0.0375742844909801,-0.12052913436800733
-5.9231784645035776e-05,-8.349784752811589e-05,-0.00010699021757378828,-7.817920602409268e-05,-0.0015604128397850034,-0.003200990703508901,-0.004779500760543145,-0.005989139714618849,0.10806820838066278,0.07063983157274686,0.06059338756404187,-0.07726729906651947
-7.005184091853227e-05,-0.00011141743409628421,-0.0001507501818160265,-0.00013999788099028446,-0.0006035984149142962,-0.0023829266101247633,-0.003972492087904501,-0.006374595278619505,0.08329467659347867,0.09297298710408067,0.1008083469636869,0.0001761862663882119
-7.265182319684425e-05,-0.00012968583022567674,-0.00018586479346305334,-0.00020203184039352406,8.360195925190164e-05,-0.0012707526157537436,-0.003050430241500865,-0.006032196602028416,0.05414539823976089,0.12946181177012325,0.08360402231704023,0.06830354905182962
-7.019812199958105e-05,-0.0001368842573304205,-0.00021242263489988135,-0.0002570631585464131,0.0004071382802007387,-0.0001689328051950067,-0.0022611380458647363,-0.004974067028549395,0.010561865950006522,0.0909021503416241,0.07425441681018552,0.14332236564397455
-6.582604632213865e-05,-0.00013593594816606864,-0.00023136529271653583,-0.00029786257523041633,0.0004672768552877411,0.0003585946380653773,-0.0015273935174661601,-0.0031858163082512493,0.0014658490673939706,0.014603338310452685,0.0724944888695297,0.2143277784156546
-6.141254101794654e-05,-0.00013321764508239975,-0.00024197804871432845,-0.0003178128430017554,0.0004154242055506811,0.00018506597866840079,-0.0005951576820923637,-0.0008042372460165688,-0.01183637901480597,-0.04930907018984798,0.11395267820522959,0.2619880340312815
-5.8553127852906817e-05,-0.00013293135694835597,-0.00024236427791916976,-0.0003133473100746137,0.00015645842745726267,-0.00012780835185964445,0.0005179118411241016,0.0016973438314449082,-0.03995677660387771,-0.013265795915761061,0.10866122643806347,0.23832818146101392
-5.95231920633584e-05,-0.000132867227377163,-0.00023182367216726326,-0.0002868112538073692,-0.00035047126954757955,0.00014063426609823895,0.001590209309257198,0.0036098674220039952,-0.06142916279709072,0.06695431950733774,0.10579826718855581,0.1441765366508035
-6.50066320060674e-05,-0.0001279839559394048,-0.00021040256924221226,-0.00024424575162165926,-0.0007462167189942206,0.000836020021453399,0.0026940112757530034,0.004903233015137996,-0.017719927092237478,0.07212283156369426,0.11496212611060527,0.1144965819759966
-7.056323702855556e-05,-0.00011580036241948896,-0.00017912522458541301,-0.00019161524688193437,-0.0003651042855034122,0.0016006986825297703,0.0035614576556068445,0.00562286793280698,0.09394241379039915,0.08081290065158003,0.05852714986016297,0.029430401557800245
-6.826805924015128e-05,-9.577991530757518e-05,-0.0001409467387297304,-0.00013827045278150686,0.0008241398431842687,0.0024033907398529853,0.004074239515529677,0.0050460908872785246,0.14390641194713705,0.07972551081306295,0.04402922212440338,-0.14478581066349144
-5.3059493541740186e-05,-6.787790105094886e-05,-9.894991698401715e-05,-9.454472737742455e-05,0.0022175732964979504,0.003177012111472279,0.004325124833612975,0.003699054193537936,0.13478027871559928,0.07499876351079587,0.006147841492256251,-0.12462152808462629
-2.602608984018387e-05,-3.229628280539636e-05,-5.694428029004575e-05,-6.20967331300264e-05,0.0031891074438133125,0.00393931153763822,0.004076002505181305,0.0027905446559416945,0.05952655074747315,0.07746112172239233,-0.05597230717859028,-0.05708037943462202
5.9531323684412765e-06,8.832456164729816e-06,-1.90840998287473e-05,-3.582734766783472e-05,0.0032067369979117163,0.004286436256387015,0.003496033587078385,0.00246333243649664,-0.05600063992779236,-0.008036177972633396,-0.06002147644199371,-0.008362064454388862
3.3559384939299805e-05,4.9827525710960715e-05,1.368225689919335e-05,-1.0143486287571118e-05,0.0023145135162599903,0.003912577652859165,0.003057237758509745,0.00267343983955608,-0.12244405640255285,-0.06673554273293664,-0.027737689271734284,0.0503835450662769
4.992099453123564e-05,8.296782520307233e-05,4.434404449806066e-05,1.956836138056306e-05,0.0009578084021271767,0.0027154822455631583,0.003075119761263717,0.003268929694070756,-0.14889696642400985,-0.17268353872626457,0.03131408982252862,0.06871442583665827
5.365991636028693e-05,0.00010122954369319613,7.577166429266577e-05,5.6261741352420596e-05,-0.00021002403631691915,0.0009368614524616003,0.003210404197657306,0.004069746300300752,-0.08466952126480931,-0.18304061989404702,-0.004257202543810817,0.09144889540934092
4.876913621392882e-05,0.00010341288521658263,0.00010540118321583935,9.962456286817833e-05,-0.0007681319929547022,-0.0005001931477842992,0.00271549958697741,0.004602818002850794,-0.026952070062747302,-0.10437030015513288,-0.09472371959216838,0.015165445100667474
3.991212383091274e-05,9.588497332555364e-05,0.0001268564064544499,0.0001447579280257191,-0.001003270483648514,-0.0010053892304214994,0.0015755450607447012,0.004423855028657358,-0.02007562807601504,0.0033310836276928546,-0.13326718565437337,-0.050958039939354716
3.0260413203813567e-05,8.826870021780178e-05,0.00013646519286217353,0.0001827998125928909,-0.0009270716417713209,-0.0005178653911288721,0.0003462122208000222,0.003184521884777005,0.03531539645145365,0.09417368423083261,-0.11259938233456243,-0.19690858883671575
2.4765754277271973e-05,8.719706221624314e-05,0.00013541366805259233,0.00020229100101897175,-0.00017186014353699785,0.0003035377908171445,-0.0005565171827162615,0.0007137158004391635,0.11572690319541096,0.0701069521583707,-0.06794649836869429,-0.29725262803085256
2.7549256942636913e-05,9.148395744662867e-05,0.00012811558807982923,0.00019514831724120344,0.0007285606766099857,0.0005538412552599613,-0.0009030988118363577,-0.0021422525559928263,0.06435726083398574,-0.020046259269807354,-0.0013698274553249346,-0.2739410432555454
3.698732257835845e-05,9.489251311556235e-05,0.00011875034353564787,0.00016235279483177217,0.001159052450534322,0.0001278698785267751,-0.0009699500969999146,-0.004416851925893427,0.02174109395088153,-0.06514801607682988,-0.012000429577386451,-0.1809788307245747
4.728825884929971e-05,9.344394888346027e-05,0.00010717500538918865,0.00011259491668319833,0.000901134803653929,-0.00041758272494719196,-0.0013451175322919298,-0.005534723703821341,-0.0733246233269601,-0.043942504617963535,-0.06303305748101656,-0.04259552486100798
5.013962257666533e-05,8.696601624718918e-05,9.017369851429971e-05,5.8655555820560916e-05,-0.00033086205818080383,-0.0008780038023070269,-0.002055143842685858,-0.005253148468706142,-0.17307474903998646,-0.048141710854003456,-0.07897220459776905,0.09891057188404778
3.957287518027956e-05,7.448797817838057e-05,6.533606762056548e-05,1.2347391256176877e-05,-0.0017824874210963513,-0.0016176038114546934,-0.0029123823360609888,-0.004008484444170667,-0.11725032354312301,-0.09977829097552984,-0.09247549407725714,0.15002223302304712
1.831107838803039e-05,5.2588978759810076e-05,3.352337404046904e-05,-1.8924786060760107e-05,-0.0024698719373534824,-0.002762196072259406,-0.0034501563799583,-0.0022459510192167284,-0.020226579708303244,-0.1291401611854127,-0.015079314702205082,0.2024844519677405
-4.924762873292897e-06,1.947412503415798e-05,-2.0138028837545175e-07,-3.416692269269109e-05,-0.002177296314911175,-0.0038607746728710132,-0.003294794485810599,-0.0008024763071694681,0.07874170419676477,-0.09057555893690875,0.04615169353174525,0.08621049044171153
-2.292677366306429e-05,-1.942443175503962e-05,-2.990714695411484e-05,-4.0206809794240766e-05,-0.001423105843043104,-0.003918936684968506,-0.0026463588473372786,-0.0004055011131404672,0.0720963901768494,0.07894315651741027,0.08353543416291881,-0.0068154516359113515
-3.446602128968546e-05,-5.0506155967224766e-05,-5.235212777529585e-05,-4.570815992852139e-05,-0.00088474368228113,-0.0022974081574685234,-0.0018426373168989236,-0.0006947689137156579,0.0355760419755454,0.24536254898258622,0.07720887192475218,-0.05103810847912679
-4.151152773702689e-05,-6.136284486093314e-05,-6.577487532627552e-05,-5.697700862998941e-05,-0.0005243576071871565,0.00012607037872684876,-0.0008419121932970103,-0.001559000826577946,0.03650117304324932,0.23933315825648824,0.12293615279563047,-0.12180827409333081
-4.332608568840839e-05,-5.1582098752029295e-05,-6.926763811040777e-05,-7.699903922940096e-05,0.00016144601691085757,0.0018300788430539203,0.0001433596364705588,-0.0024454052933043646,0.1006595517763535,0.10146853460892605,0.07411821315788333,-0.05547261925195293
-3.692591616722863e-05,-3.095226841284184e-05,-6.485813334317347e-05,-0.00010136578514677416,0.0011185878873250933,0.002295887224783571,0.0007385413169763031,-0.0024279438901702753,0.09076882230649364,-0.008306858262995848,0.04491812294326551,0.058964899878770766
-2.2182214913193014e-05,-1.0626345824035149e-05,-5.634680866028067e-05,-0.00011911408459168698,0.0018301523634820303,0.0017692972929777666,0.0009637236196022561,-0.001121715998812288,0.05154407292489377,-0.097011128098165,0.00011833758192510146,0.20228067839282668
-4.416579155986982e-06,2.7938840445825314e-06,-4.852717225454784e-05,-0.00012025103578572265,0.0017229747879591766,0.0009147486807457693,0.0006002036615443092,0.0008943257600051537,-0.07297958802946453,-0.07389859434823445,-0.07282232919351446,0.20092767337066167
8.138107593954295e-06,9.432996743184262e-06,-4.3780246788661614e-05,-0.00010184873064542042,0.0007879625620290786,0.0004130738589745768,0.0003491814316329366,0.0027861352680552927,-0.11402285715655508,-0.026436370006004045,0.022617883211239934,0.17743422823936608
1.03721478728194e-05,1.2163570600198715e-05,-3.8233163773182907e-05,-6.896377763128622e-05,-0.00034115450625605745,0.00013304091242831385,0.0007602351714628048,0.0037908553347715465,-0.1118005565004721,-0.029570219303248546,0.0595928647547337,0.023509785103884656
3.550552235347887e-06,1.2955658792188835e-05,-2.612797630270139e-05,-3.208273348479008e-05,-0.0010231646212382451,2.5376725969710164e-05,0.0016608023226334988,0.0035853534945276817,-0.024601466495965424,0.008037382011527809,0.12052056547940508,-0.06461015315265758
-6.06453357959046e-06,1.389063524507929e-05,-4.9748065554571364e-06,-1.3759756600885317e-06,-0.0008998525417494242,0.00016161856460838076,0.002569831626815352,0.002555998070412628,0.04926388239372961,0.019210985716206306,0.061285295356965544,-0.14126093167035317
-1.1383319766936562e-05,1.700282537943827e-05,2.1041806597415694e-05,1.75571533796569e-05,-0.0001639046957197961,0.00046081946226341527,0.0026334910037592143,0.0012306277375364583,0.09792568681219602,0.040629193814800596,-0.04855341996819314,-0.12381313490488075
-8.127836038193419e-06,2.5066891299154684e-05,4.249269515572233e-05,2.5247228978598232e-05,0.0008150014414684246,0.0011519937216798678,0.0016566867079021138,0.0003073873822518081,0.09785554062544813,0.09760565806848989,-0.14680743920322697,-0.060834936152049296
4.046575883424561e-06,4.000674637213988e-05,5.2252592614536715e-05,2.6299465528951895e-05,0.0016198809428551713,0.0018359772929171705,0.0002952927838607627,-9.694007218107574e-05,0.06312035965190119,0.039191056178970646,-0.12547134560504325,-0.020030554734527473
2.1524089881492863e-05,5.709675051991711e-05,4.9969917220177606e-05,2.4895948544487928e-05,0.0018756218567584893,0.0015820235366382765,-0.0007518278627325844,-0.0001837633247117176,-0.011972176871237611,-0.08998180743474946,-0.08395278371362619,0.002665904228399102
3.705722727731409e-05,6.690971601881e-05,3.98644519784629e-05,2.2839145185864087e-05,0.0012310056224057566,0.00038056956314030184,-0.0012692651856103568,-0.00022759734701305068,-0.11695106999930896,-0.15030898726484546,-0.019534680861928277,-0.011432708688665721
4.181700273252425e-05,6.392870432560556e-05,2.806474500001486e-05,2.0191961009112803e-05,-0.00027905053136372416,-0.0009767719017811914,-0.0010906762100792514,-0.000301839488337206,-0.18506016075458717,-0.12115930571945319,0.05525247596814936,-0.0034157195761653353
3.1205192448604053e-05,4.9354530812962624e-05,1.854709218153508e-05,1.510169843702005e-05,-0.0018433115254203158,-0.001938062800747395,-0.0008128543536167043,-0.0007162130260813447,-0.12779203805673114,-0.07109887407378754,0.0003118953243600453,-0.0794589879726624
8.972030693263564e-06,2.7078035651742132e-05,1.0088355305715414e-05,4.2655859989509864e-06,-0.002603320825647782,-0.0025172362314967037,-0.000878893021547229,-0.0014510094615324681,-0.024209821988762065,-0.04473581207607416,-0.013519628910464987,-0.0675002991175623
-1.5241519628852686e-05,1.0685004706384177e-06,-2.2823167113311326e-06,-1.295640585238036e-05,-0.002239389238775468,-0.002684670804724038,-0.0015952413818620804,-0.001993388908733801,0.09699613936322479,0.011248897430607335,-0.12975004315250527,-0.04097559032270423
-3.022362393795994e-05,-2.3762886667551163e-05,-2.4366934798757035e-05,-3.525579624148241e-05,-0.0007570316230459827,-0.002281606622913878,-0.0028216822356231,-0.00246648916908661,0.1994753837826723,0.06936393893142465,-0.11553812759969861,-0.05364446174785756
-3.0526386951484213e-05,-4.168589404424515e-05,-5.587090969593188e-05,-6.218576199954734e-05,0.0006964790203411282,-0.0013029948524249193,-0.003479112743811869,-0.0029195039825263757,0.09122674489474988,0.12635841516636706,-0.015947974038055146,-0.036958500940095645
-2.188589290250141e-05,-4.955502657090221e-05,-8.813454112964478e-05,-9.356589263452159e-05,0.0010316197894554326,-0.0002708316529064932,-0.002973613542930711,-0.0033565221444684734,-0.024198591071889014,0.08007422473731815,0.11704781421428667,-0.05044513144832388
-1.3987731092943546e-05,-4.942282303078272e-05,-0.00011204616460077014,-0.00012796256801801386,0.0005480125724561401,0.00029727236093039127,-0.0018087111512943607,-0.0035228129322299804,-0.07252285232796948,0.03354657803005874,0.11593266411298342,0.017186973896022445
-1.2181726011949936e-05,-4.609725167156662e-05,-0.00012548822460208865,-0.00016130272349989906,-0.0001868115562574181,0.0003678419109128295,-0.0008797008489693422,-0.003145218164147061,-0.07444197341474215,-0.019432668033571104,0.06986939635202027,0.05833197972056145
-1.6638494416805273e-05,-4.4607444304502615e-05,-0.0001317018310770786,-0.00018751410806604874,-0.0007045421247136492,-6.988043750002864e-05,-0.0003630204460286461,-0.0020970587490828736,-0.02910414027650407,-0.06811180164900052,0.033466684236118927,0.15129990329227597
-2.4169862470905033e-05,-4.8200387258180594e-05,-0.00013536246576581685,-0.00020057758870846461,-0.0008017314861063028,-0.000648708153235567,-0.0003691064917190047,-0.0005156373794003018,0.009666267997973349,-0.047653741498107166,-0.034683893374190644,0.1649843706442384
-3.150072369197567e-05,-5.7163422974841785e-05,-0.00013983062091838433,-0.00019803833720807683,-0.0006644407581078246,-0.0011438989900966713,-0.0005245245387944918,0.0010234876794778594,0.017791877601722267,-0.051384425874113654,0.003600283959093231,0.1428406411313938
-3.689115137593339e-05,-6.91659613534417e-05,-0.0001444496872134626,-0.00018383212589113713,-0.00041364477868371973,-0.001256608685623311,-0.00039928872022116095,0.0018177545839100809,0.03236731828309872,0.02884248676878573,0.02144687975557294,0.016012739755050492
-3.9263640681801814e-05,-8.011261441541788e-05,-0.00014660945439029258,-0.00016656067658809778,-6.085308248996487e-05,-0.0009327219267719262,-3.26647151448367e-05,0.0016365352766977877,0.03819102095565226,0.035934865001491206,0.051877921259691914,-0.052256601197509106
-3.9044456817885325e-05,-8.61319036979293e-05,-0.00014436101392573936,-0.00015351468413498629,0.00010468985527326263,-0.00027113592973035817,0.0004823528080554822,0.0009726632139245113,-0.005082433403006757,0.0963823344068224,0.05112558338037186,-0.08051781135714617
-3.7867532643181645e-05,-8.428257645881088e-05,-0.00013787746771708127,-0.00014830700601812133,0.0001306949796674735,0.0006410013775540438,0.0008143564336761343,6.887240944847934e-05,0.010283458281848928,0.08604512705005798,0.01527514174375856,-0.10024034953806021
-3.562586152636325e-05,-7.491134244980654e-05,-0.00012946579532209726,-0.00014981803324865266,0.0003176392436962058,0.0012332454242468247,0.0008679780453206675,-0.0003710778555547446,0.02710539452389752,0.03240368228849819,-0.004550819414851928,0.012250296537415425
-3.126009868766702e-05,-6.241749709087252e-05,-0.0001216073709592627,-0.00015055246455196165,0.0005555133240430396,0.0012655236475399795,0.0007037068272462452,0.00022419159489294545,0.020469421545469234,-0.02594803762986722,-0.028303424200032554,0.10680359355212259
-2.6001803235206945e-05,-5.2257606479849744e-05,-0.00011429698054439438,-0.00014327723962195396,0.0004961457664489758,0.0007664544746645749,0.0007583712557274183,0.0012308533911085944,-0.03234293306428198,-0.0738657969452137,0.03923630989626718,0.09452876569100717
-2.2598923993292357e-05,-4.739152425106199e-05,-0.00010450968484209811,-0.00012664247767189254,0.00018443008193394197,0.00020676197109297586,0.0011990878847318366,0.0020960989989036883,-0.030000203838724794,-0.0380727037691061,0.04890701590461645,0.07852035586801163
-2.3223936719381462e-05,-4.5836453793094945e-05,-9.147844458227077e-05,-0.00010329673492198574,-0.000309432627151763,0.00010425212050043303,0.0014071601672336308,0.0025730495510776718,-0.0687723379784162,0.017570733650597532,-0.0072925594042576175,0.016869754566785092
-2.8266737845568298e-05,-4.3716302122459327e-05,-7.896557478924124e-05,-7.817258376777633e-05,-0.0006991275980856042,0.0003197782136266907,0.001095413791372275,0.0024517806797642104,-0.009166656208352053,0.025534484974654,-0.05505671576801356,-0.041123528829477354
-3.38502816082444e-05,-4.074964011405745e-05,-7.044731037371346e-05,-5.7933723838466754e-05,-0.00041758115444961687,0.00027355418805368495,0.0006082390917332805,0.0015959913060977046,0.06547594493554951,-0.034779290089255156,-0.04237822415978533,-0.1300343459038238
-3.4389120523404176e-05,-3.925508360411117e-05,-6.65171181006974e-05,-4.822409806802736e-05,0.00030981337141766223,2.5357113935570283e-05,0.00017779936286993334,0.0003459338479901736,0.08000296023790632,-0.01486012473436777,-0.0437097216128841,-0.11997714571768242
-2.779707797519821e-05,-3.8999083928219494e-05,-6.639967552734077e-05,-5.10243493697045e-05,0.001008595138223531,2.584282124276529e-05,-0.00015431084819860858,-0.0009059841083256003,0.05975339312326744,0.014957266195806772,-0.022712320600824287,-0.13040644554547237
-1.6667816614338584e-05,-3.7197873408575955e-05,-6.881724344790936e-05,-6.469640839917218e-05,0.0012172571339483938,0.00033439928268594245,-0.0003292027359151099,-0.0018284276975679362,-0.018020993978294875,0.04675402609282866,-0.01226605694247597,-0.05408227230299478
-7.340187471514045e-06,-3.239252318127013e-05,-7.281371166114422e-05,-8.33645142078051e-05,0.0006482686946165137,0.000626670762775223,-0.000470090906731862,-0.0019051934641586485,-0.09577669388808113,0.011700269925027464,-0.015911577220874454,0.03872911898485232
-4.870575313086212e-06,-2.6836495395222777e-05,-7.859590153090015e-05,-9.923312949248243e-05,-0.00015434626293094717,0.0004845347944342471,-0.0006863470672193229,-0.0012685295927768168,-0.06474629762141104,-0.04012746359322265,-0.027339654876617728,0.08860365529151404
-8.625692267040307e-06,-2.4600210795801494e-05,-8.526868455444167e-05,-0.00010683658786911093,-0.0005966771278598719,-3.7277874549990426e-05,-0.000648209537488981,-0.0002521620825488831,-0.023719875364373894,-0.06423507020362487,0.0349671608226861,0.11466984675407271
-1.4971942555910293e-05,-2.882245205989615e-05,-8.971726926882238e-05,-0.00010372791089303886,-0.0006725729299141252,-0.0008071703782689405,-0.00024150740538716092,0.0008738974777632968,0.008540714953523237,-0.08974343054016515,0.04637326559767792,0.11054206530836325
-2.0193073569609817e-05,-3.912228232447335e-05,-9.006032044595787e-05,-9.185396821921553e-05,-0.0003716532728257797,-0.0012527956746465,0.00017289716996006223,0.0015008910570013694,0.05164321646414585,0.0006183712646532502,0.03650764947176671,0.014856650539251282
-2.2620494551841608e-05,-4.881096002061819e-05,-8.743666937666722e-05,-7.629243350258056e-05,-0.00011383092362057839,-0.0006849398645824682,0.00035183304389806754,0.0016114158863256233,-7.874662310558556e-05,0.11295279074815312,-0.0007204746841656534,0.007248315325599497
-2.4402315842390546e-05,-4.969607860274836e-05,-8.452410672236653e-05,-6.21838774743515e-05,-0.00024253333448920916,0.0005079161481564348,0.00023067948696207027,0.0012102953193201876,-0.025661735550620568,0.12561841179962746,-0.0235102367030338,-0.08747242872668665
-2.6796399749956185e-05,-4.070010358492087e-05,-8.236674925841931e-05,-5.352817683337223e-05,-0.00023628344702391883,0.001291278855409064,0.00020079200582737427,0.000520844808875667,0.026911713043678634,0.031054129650898377,0.0175327404760946,-0.050417673362217474
-2.6369579822559314e-05,-2.7966227648322755e-05,-7.771571630899107e-05,-5.1579502350554155e-05,0.00032164743250329305,0.001255496331910558,0.0007294145840582738,-0.00013110991231205156,0.08467446286176375,-0.03821063435059957,0.08819177517008531,-0.07997327087532624
-1.8745709931487045e-05,-1.7983570440409224e-05,-6.77280094965293e-05,-5.6190355230425976e-05,0.0012031265457111608,0.0007410351096721482,0.0012681267784340811,-0.0007910606636623126,0.09162135977980979,-0.0646816100970824,0.019550663705076132,-0.05201687939472596
-4.690074955691566e-06,-1.191226044219925e-05,-5.651193997128822e-05,-6.339494956727997e-05,0.0016080004494479347,0.0004732268899698465,0.0009750871266141342,-0.000649858203708487,-0.010646579032455028,0.011119966156622058,-0.0781585940690655,0.08025737138549108
8.299249250292941e-06,-5.809122026081749e-06,-5.09720345251333e-05,-6.457273370998646e-05,0.000989864391748967,0.0007474007932536539,0.00013289396261684933,0.00041430137516718936,-0.11298063250733847,0.04371481450013942,-0.09028003873039148,0.1325745443896442
1.295017812892994e-05,1.7528896506476788e-06,-5.3506741720093526e-05,-5.5098739537966876e-05,-5.967861602156738e-05,0.0007650015420922315,-0.0006398354016088945,0.0014804974592367277,-0.09692796904676843,-0.04019466473242389,-0.06426583411475728,0.08066467242426348
8.730618837983334e-06,5.697802014048784e-06,-5.989689047490598e-05,-3.911716633705033e-05,-0.0007842332421677537,2.3980930587989423e-05,-0.0006381943493535966,0.0017158171809465808,-0.04798295618246884,-0.10800945756842453,0.06459404456581685,-0.03360072808229289
1.339509168965965e-07,1.3047162194440452e-06,-6.182197398991233e-05,-2.4894477835864043e-05,-0.0009351003420495939,-0.000902598089508937,0.0002531776463523275,0.001128720519290677,0.017809536206100818,-0.07730634645096077,0.11368035457536796,-0.08381860424888785
-8.377997779258909e-06,-9.94135215168665e-06,-5.576548437970852e-05,-1.8785230033186544e-05,-0.0007672893971815071,-0.0013466155847172015,0.0009581202756884333,9.312904124482283e-05,0.01575265276751653,-0.011497152590692145,0.0273081712918532,-0.12329969136028299
-1.5212512950332844e-05,-2.1589895409363544e-05,-4.7964892469441065e-05,-2.3224796995617208e-05,-0.00059961363703328,-0.0009830930668181773,0.0006019981063650581,-0.0009810424337309556,0.01778249926212888,0.08420165617049699,-0.09853260515652823,-0.0915346036348727
-1.9859494804431112e-05,-2.7719231247292982e-05,-4.79587474517962e-05,-3.5801515042881145e-05,-0.00032978273378637377,-0.00024277410076771044,-0.0006007691028360853,-0.001534301175721832,0.036183681387252364,0.06386213703959637,-0.14202083668370044,-0.019117144763302563
-2.176319554861679e-05,-2.875577403849954e-05,-5.896833721972981e-05,-5.091486140652719e-05,-5.09574150507619e-05,3.546554252639879e-05,-0.0016011488507506368,-0.0014883680970073773,0.019581382359870003,-0.008214208380774524,-0.058055112899209865,0.028303760506193487
-2.1427058475810884e-05,-2.9405823106263375e-05,-7.543545335445234e-05,-6.47306235701522e-05,0.00011818482961194326,-0.00016547535607916577,-0.0016922743761938691,-0.0012747843357176255,0.014247066572671031,-0.031973971340338386,0.03983000781056337,0.014412991751756865
-2.023629987960194e-05,-3.298871998545824e-05,-8.865904013355627e-05,-7.646311876488133e-05,0.00011996688962984578,-0.000551104019759807,-0.000952442979626918,-0.0010717147032281988,-0.013890654569090527,-0.04515176139578987,0.10813627150282687,0.026200934746128446
-2.0531159380877393e-05,-3.966288111122222e-05,-9.415938281217338e-05,-8.516582175916396e-05,-0.00017893878988493658,-0.0007837282053929891,-0.00014762555609650248,-0.0006688258956283272,-0.045890481333865946,-0.0013730757308465374,0.05282721320325623,0.054376826773845865
-2.4369786859471457e-05,-4.545565716266387e-05,-9.307234235371191e-05,-8.999488182315561e-05,-0.0005887867058338762,-0.0003748270048953409,0.000365033647788795,-0.0002969861171700035,-0.036079101855921974,0.08315331583037618,0.049704627573803256,0.019991128917818873
-3.0382911599561057e-05,-4.537792072028655e-05,-8.777462742481256e-05,-9.180176662325484e-05,-0.0006138382421840439,0.0003903742933708053,0.0006945093379910755,-6.439084284984157e-05,0.031068794585888432,0.06988694382285306,0.016190510466652847,0.026527925946213518
-3.251787329508902e-05,-3.829472455989549e-05,-7.988849677603823e-05,-9.094073192115356e-05,0.00018684590307845104,0.0010262649387074063,0.0008827167917637919,0.00023659778327009696,0.12906803446661055,0.05729118524446715,0.021450980287890414,0.033669799277774186
-2.4511948334751127e-05,-2.579653579120067e-05,-6.994285920407638e-05,-8.527119420482379e-05,0.0014143390889891278,0.0014733728150315576,0.0011064107226285776,0.0008973097599958574,0.1164306027155248,0.032130390020363095,0.02328780588506671,0.09847259606737788
-6.831469911419053e-06,-9.000923701311825e-06,-5.7201022827576584e-05,-7.099492670080133e-05,0.002121756595677287,0.0018857496029462116,0.0014419565526713816,0.001957943740808634,0.025052898622106967,0.05034496756256769,0.04382136012349411,0.11365420009517738
1.3633649588896504e-05,1.2167711732586154e-05,-3.886798058416903e-05,-4.689912290700681e-05,0.001971267304385824,0.002347977483833384,0.002224651896010129,0.0028612170179502707,-0.055150756880399554,0.04210060861486685,0.11271770854425536,0.06700045533315
2.8917928023600052e-05,3.6921682137155824e-05,-1.0783655612186322e-05,-1.4188479524910242e-05,0.001085588382554886,0.00260281659708055,0.003392213098386413,0.003680911658469044,-0.12198502748578804,0.008867214034566265,0.1207945319310014,0.09693847277060466
3.496305383721507e-05,6.244338249340115e-05,2.7969826519443455e-05,2.6346991880161913e-05,0.00012343678016811803,0.002501523474168516,0.004358483327939543,0.0044261826225453875,-0.07044529299156554,-0.029125838616973057,0.0724595139796246,0.052115720044664
3.498140376773277e-05,8.551562136538845e-05,7.276099314386667e-05,7.295706781936326e-05,-0.00011976679406457792,0.002112924300228943,0.0045997499969451,0.0048958325652948805,0.021804578145026357,-0.04859399617094161,-0.02420618017851331,0.041814268505234536
3.5615241883353194e-05,0.00010413178178125522,0.00011631098383161873,0.00012393474535931926,0.00024653441718866233,0.0016103077829444118,0.0041102481406053125,0.005299702942696322,0.05145566410562169,-0.05192930728596458,-0.07369419108944406,0.03895980697505383
4.094194906639939e-05,0.00011819014101999327,0.00015343882013705011,0.00017767851469971315,0.0008188070194205766,0.0012013640648031977,0.003315319120480964,0.005449050925382456,0.06299885634076118,-0.029859436342278264,-0.08529161293542567,-0.009090210437826957
5.133217831482626e-05,0.000130366273308134,0.00018261650332633745,0.00022902107577003197,0.001259238830264797,0.001233862392824948,0.002520217517376504,0.0048194612886813095,0.025087505828082904,0.03635910194662832,-0.07372870768546633,-0.11682771690240237
6.318405715154867e-05,0.00014477174621473472,0.00020531143889553028,0.00026963347877933765,0.0011111369370796849,0.0016472321884951975,0.002018769596462063,0.003303019313179827,-0.05470788446510534,0.04631485718742158,-0.02656087649742192,-0.1864606781978941
7.184712766839714e-05,0.0001630806592502753,0.00022488172362320494,0.00029248136524403275,0.0006214771662900097,0.0020145504186129155,0.001895287349072868,0.0012665579797591932,-0.0432240696928297,0.027148788836122026,0.0018644270195829205,-0.22083158848623266
7.69493344834502e-05,0.00018212224250543801,0.00024387982515870071,0.00029628408471848815,0.0003989641967206022,0.0017937662324196291,0.0019043329580262867,-0.000506014084868114,-0.001278524221051805,-0.07130562607477929,-5.5305228899210634e-05,-0.13368282443922877
8.123895747002809e-05,0.00019582963212103508,0.0002592519067408551,0.00028693943085541623,0.0004589604005949763,0.0009477116906997841,0.0011700833584045887,-0.00136291668774627,0.01327776499592663,-0.09790528226918972,-0.1467946146954404,-0.03769769613640242
8.58234278586716e-05,0.00019961091959588527,0.00026157453974059595,0.00027296045749372394,0.0004579336771337248,-0.000191454195729745,-0.0007055567584564161,-0.001432877984592189,-0.013483109688176939,-0.1299278950167161,-0.22833340867676058,0.02370543676721862
8.769891673382337e-05,0.0001925591106591174,0.00024462934576106464,0.0002591312623378472,-8.283590210336923e-05,-0.0012189075916238315,-0.0026834820374498462,-0.001332961046583158,-0.09467080615924187,-0.07556278416210122,-0.16725164712192545,-0.003722049165412439
8.161974708351212e-05,0.00017649609501420286,0.00021195560340821939,0.00024358405534940974,-0.0011329980279588807,-0.001993695537359076,-0.0038512664331192045,-0.001776480351104334,-0.1153616190118604,-0.07939480498494761,-0.06630523201194613,-0.08498181173882277
6.591199584576939e-05,0.0001523976248901103,0.00017361065365399214,0.00021979082047662537,-0.0020085522195896675,-0.0028259984874594345,-0.0038177235177262454,-0.00298216662345254,-0.059749219314296914,-0.08706578503512413,0.07301381509053792,-0.1561554427308184
4.485771313547102e-05,0.00012013712286921614,0.00013794692608657988,0.00018258764710940906,-0.002202304322470006,-0.003626101916719399,-0.0033150219957562062,-0.004458468049990722,0.020998798738229213,-0.07295490081686867,0.02752648930346993,-0.13910484257681785
2.435918639455109e-05,8.246563635611651e-05,0.00010457423497102546,0.000131958220412467,-0.00189740102571398,-0.003908195385900526,-0.0033595162273546792,-0.00566741728939769,0.03998186061297601,0.01653620698064323,-0.03642533562316455,-0.10268500530457572
8.212604877848856e-06,4.553919974532407e-05,6.792415575255045e-05,7.207522679133468e-05,-0.0013319152776264669,-0.003477091936257963,-0.003970499616340323,-0.0063091814348287725,0.0731152890045266,0.06968448294786928,-0.08577134217396429,-0.02566782378164087
-1.7195639240744877e-06,1.5393426021650388e-05,2.379199812241093e-05,8.717272222283741e-06,-0.0006545184827582013,-0.0025520628084767733,-0.0048559319096875804,-0.006362409478981417,0.062364069969126495,0.11532134260836863,-0.0913151164954871,0.015022214951111973
-7.390288089185192e-06,-5.347574630267424e-06,-2.7240687830365093e-05,-5.356179665279114e-05,-0.0004796263502639396,-0.0015961373219067893,-0.005350605280867625,-0.006093404296033558,-0.02738564347027414,0.07586375470562817,-0.007619557740521782,0.03877882163845983
-1.4081624347233252e-05,-2.055511112140063e-05,-7.782896106395928e-05,-0.00011203500702092664,-0.0008586409013456723,-0.001445369976319852,-0.004767049365851211,-0.005601237777593542,-0.04841726674607241,-0.045710285588240696,0.12433074074380454,0.05965448204954335
-2.536346241595978e-05,-3.848550584743426e-05,-0.00011860749721588901,-0.0001633684192618916,-0.0013977267123996332,-0.0021407089688868742,-0.003388657864534736,-0.004665444670599448,-0.05939989546471977,-0.09335751292516375,0.15134755951949044,0.12750413934927543
-4.032575292418111e-05,-6.319930568516134e-05,-0.00014689846328057245,-0.00020233081225531612,-0.0015947313892446327,-0.002802050998658541,-0.002269535348401952,-0.0031270339280854574,0.01999896009571986,-0.03891089302916956,0.07247694370706645,0.18017800915352264
-5.446094330689381e-05,-9.114898099064197e-05,-0.00016601261562981852,-0.000223857438259314,-0.0012323066872979075,-0.0027878840624375855,-0.0015532951214472627,-0.0011782912727141203,0.052485980293625195,0.04174428027336058,0.07077110168387138,0.2095705219207448
-6.496957889331415e-05,-0.00011451003162902056,-0.0001776580628832736,-0.00022617479512887712,-0.0008694204299861611,-0.0018843260652381326,-0.0007757943292437517,0.0007148198988014976,0.020091271168724084,0.13896731916653,0.08472905675683082,0.1690517123823788
-7.175886071646952e-05,-0.00012517164696720926,-0.0001813456083542563,-0.0002129767867253191,-0.0004884359346449122,-0.00024799700239960766,3.828523504720771e-05,0.0019247817819101087,0.056105627899525695,0.188298493401175,0.07808685610136107,0.0729406642393434
-7.24464165894338e-05,-0.00011848232416285653,-0.00017610757963511917,-0.00019159426165871865,0.0003509247600520565,0.0015858615632701521,0.0010093205087802206,0.0023517232314099784,0.11176651103986804,0.17847321973277697,0.1161201986452415,0.01244762566063054
-6.356592744149778e-05,-9.629595961768872e-05,-0.0001595565349002221,-0.00016779044337297358,0.0014251730695351472,0.002851411345763409,0.002300888438199191,0.0024090404257390364,0.1030831508567501,0.07463673676587446,0.14219338723855254,-0.0009841867948189587
-4.431598541096593e-05,-6.599211426212116e-05,-0.0001294397306578593,-0.00014416356417949587,0.002424815336571222,0.0032093577253501037,0.0037224724102733722,0.0023163354129565063,0.09684530255046489,-0.003047460848535577,0.14212340717628372,-0.017556815761687078
-1.7352719511170302e-05,-3.405742089373935e-05,-8.704549924353576e-05,-0.00012063802012677768,0.002967837843387904,0.003177580948326257,0.004756373872591335,0.0023887733975871315,0.011759198812871435,-0.0033078945562337037,0.0646568852873087,0.03204441268781208
1.0068161278964516e-05,-8.608263929910562e-07,-3.939940487909978e-05,-9.446188099226983e-05,0.0025163383146390595,0.0034617379518234025,0.004772845000295862,0.002846454429314437,-0.10205910456264031,0.06013929525566275,-0.061362659746403286,0.059491793657649034
3.0090439293678977e-05,3.559441374965553e-05,2.5679121632307773e-06,-6.088871793039711e-05,0.0014881172883038324,0.003829310076705914,0.0036206184081702493,0.003868178183060108,-0.1035851007044051,0.01337512972083954,-0.16908265867871922,0.14485295709148524
4.0252498645317386e-05,7.103973377669875e-05,3.2762185622777886e-05,-1.5891016649893518e-05,0.0005442945820238495,0.003259753928702731,0.002418236283739173,0.00513136207304061,-0.08517944055159146,-0.12728635932147614,-0.07139376620749602,0.10778382090461505
4.288777746069012e-05,9.41361253231231e-05,5.5357017119793415e-05,3.635660697393257e-05,-1.7238818949303486e-05,0.0013595243805821385,0.002100730015663933,0.005318162651724609,-0.027127239643039133,-0.2527595503026423,0.007892512592448025,-0.07042370516781529
4.2241857953855676e-05,9.660931319106395e-05,7.763442139708337e-05,8.423620122365979e-05,-0.00011194508241758477,-0.0008648868069939684,0.0023547508397940586,0.004257756198220836,0.008185986949382877,-0.19212268721257908,0.0429116522335771,-0.14165758553293925
4.0104583962997574e-05,8.377076524413757e-05,0.00010189986471568485,0.00011895975396797734,-0.0003155097157540356,-0.001702822782391309,0.002498337823926236,0.0026869543506426734,-0.04889891361667304,0.02453549213311096,-0.014194255407141615,-0.17250278398269328
3.452842781155301e-05,7.194354568310882e-05,0.00012245938840497783,0.00013738024929703765,-0.0007997215145348778,-0.0006626211298144408,0.001613566913932361,0.0009971447151693883,-0.04794344613949541,0.18350483838226267,-0.16275992659163338,-0.16545914311196372
2.6298206239510656e-05,7.350696286964522e-05,0.00013009635356709545,0.00013947979965641522,-0.0008463227998735924,0.0009753045671217209,-8.617388150883721e-05,-0.0005772346432938737,0.03862318907175249,0.14408030100496966,-0.17718823249660628,-0.1494167285806887
2.2348327418276712e-05,8.6284825014264e-05,0.000122596479448091,0.00012838593318355152,5.634703562680369e-05,0.0015802678618020338,-0.001413800942292053,-0.0016415386512788658,0.14191077802832672,-0.023087642068907066,-0.08833717966003687,-0.06344407301630972
2.9302731965154285e-05,9.726477752128623e-05,0.00010713516664640318,0.00011020974751311838,0.0013345338737487111,0.0006157226396024132,-0.0016784616180455117,-0.0019936984828077624,0.11372658959605472,-0.16982140237101706,0.035405044509345146,-0.006987893289469582
4.4412352518694615e-05,9.682530919641456e-05,9.211454756616802e-05,9.054394205963363e-05,0.0016873902369593553,-0.0007036163045767468,-0.0013256621980015195,-0.0019394626078891868,-0.04315531695392591,-0.09404638646481495,0.03515483949945328,0.017835068273184707
5.620679095634419e-05,8.841123232527191e-05,8.076087904821748e-05,7.280927697044792e-05,0.000671497450570559,-0.0009791990696517829,-0.0009450715055885874,-0.0016074704099479557,-0.16002324032383333,0.038929833449807716,0.04096329898313314,0.0485633713150615
5.471536680754455e-05,8.120972364322812e-05,7.251295023169015e-05,5.974616888609265e-05,-0.0009697822803304862,-0.00046110266675697604,-0.0007045142577168785,-0.0010051512069230977,-0.1682327058563757,0.06468944712915364,0.00714815059120863,0.07190046928991012
3.986678127362299e-05,7.660725854780173e-05,6.522264678911804e-05,5.223512728775259e-05,-0.0019999348264538256,-0.00045939035232830103,-0.0007535464307975444,-0.0004970571127449149,-0.03779780336829211,-0.06434698424341864,-0.016954585207341805,0.02971834954572644
2.110634235100789e-05,6.867712260691614e-05,5.7003760213776833e-05,4.846621138830289e-05,-0.001752152958069195,-0.0011266368358488182,-0.0008902308842706967,-0.0002567260671450242,0.08735417704521822,-0.0691023124606848,-0.010382305487288662,0.018347859574251696
8.814038189434309e-06,5.405844128522584e-05,4.773948812474319e-05,4.715427276225822e-05,-0.0007063078742455217,-0.001797099428489241,-0.0009626235335360316,-5.6616580639106675e-06,0.12181483971951643,-0.06499020606739978,-0.004096224365778306,0.03186502224197102
6.334618754989311e-06,3.645518266716391e-05,3.794550619230963e-05,4.716868900298695e-05,0.00021042398735652233,-0.0017235522951231446,-0.000996172852950681,8.54490620965671e-06,0.061531532600892364,0.07969963274061906,-0.0026136395171515725,-0.029023709387257544
8.479898386731918e-06,2.3405804268153267e-05,2.920123801911384e-05,4.596773082400519e-05,0.00021863193899199893,-0.0008863233846789836,-0.0007526807816884769,-0.00024873654200600816,-0.05988994227379704,0.08774614934821315,0.051312053769592386,-0.022432580255875436
6.853814567989839e-06,1.821044476743316e-05,2.4568903420892348e-05,4.160098720585729e-05,-0.0005438487027404148,-0.0001527485154650377,-0.00017378613795582135,-0.0006246121816235715,-0.0926061860726857,0.05896882449457602,0.06446687497693873,-0.052742547667637224
-1.191434041171107e-06,1.82665970605583e-05,2.491734602617619e-05,3.3540897228424106e-05,-0.0010652010190917744,0.00016397897409006567,0.0002434746590125897,-0.0009874058138630655,-0.011664277197586226,0.004376673416444654,0.018985284416743478,-0.019816178780261567
-1.0638911019950896e-05,1.843590499255678e-05,2.728517727107957e-05,2.4015855174399478e-05,-0.0008242943766641836,-0.00013011738769036946,0.00023009158996808646,-0.0009176025969418601,0.059845605683104375,-0.06319594577253168,-0.021661898225644127,0.033776822164502646
-1.535270506085387e-05,1.528790433383459e-05,2.7501374259251926e-05,1.6068891346646323e-05,-0.00011846443151641102,-0.0004994827440540685,-0.00018685219233361534,-0.0006717901686087708,0.08132038334645014,-0.010677125500208107,-0.06172685823469623,0.015385663502115204
-1.3134575365097107e-05,1.0555592777737706e-05,2.323496452921949e-05,1.080240428651144e-05,0.0005620903706677634,-0.00044697956716530844,-0.000666429753672872,-0.0003815072434182057,0.054790577090384734,0.02117776087796011,-0.0341886540331551,0.04267092153599783
-6.153634858679381e-06,7.032263393943297e-06,1.6006008902440216e-05,8.113651142216758e-06,0.0008340977306157816,-0.00025768630959357346,-0.0007793613716829829,-0.00015624338544073066,-0.0003891051007811064,0.01668089063638689,0.011602330431132929,0.002381850059497176
1.2457671241177797e-06,5.507869548124534e-06,9.03435657871771e-06,5.689552236645619e-06,0.0006457826659436506,-4.7192459570179185e-05,-0.0006149690930615183,-0.00032857639567349713,-0.03727390783364509,0.025417879368291964,0.021276125293160003,-0.03684845210605048
5.291635978934224e-06,6.4591961801695735e-06,3.940597542871563e-06,9.952443356882272e-07,0.00016339110501963815,0.00023745778597918714,-0.000403782714107711,-0.0006102851845179811,-0.0592044043511574,0.0315121697415813,0.020961150497601444,-0.019493305662846322
3.960298896964323e-06,8.607509190669319e-06,8.226350961746707e-07,-5.58595726545885e-06,-0.00042965852141361847,0.00019220481612076192,-0.00021980977523166747,-0.0007059551357114344,-0.05940552093549392,-0.04056276371326635,0.015833437277607262,0.00035931542415568174
-5.060559769550513e-07,7.689134524484663e-06,-1.2827455348647235e-06,-1.2015860536886027e-05,-0.00046361245337025634,-0.0003758797493576931,-0.00020126635097621133,-0.0005800255185740008,0.05261473454416635,-0.07305414938242465,-0.012124752426516033,0.02482660800333103
-2.5481372235699704e-06,2.126700112302113e-06,-5.47715037681855e-06,-1.7975949375041563e-05,5.519620404727244e-05,-0.0007366071330788169,-0.000637614617414554,-0.0006119922490571066,0.05114699693933941,0.000908672638199895,-0.07514490086115251,-0.031219954099952207
-1.1637243122579862e-07,-3.8101327892786776e-06,-1.5909832269642685e-05,-2.5765170374295975e-05,0.000431156754421562,-0.0004507594472373414,-0.001448921761150273,-0.0009458519507937758,0.024045113135518492,0.0562608645300952,-0.08711652788599127,-0.03555198624738162
3.4414892496698187e-06,-6.276438382444192e-06,-3.193927571337708e-05,-3.7134748341903e-05,0.00028041558175756145,-4.250167139576138e-05,-0.0017569669275966054,-0.001328063642727629,-0.0541933476683186,0.025390690638220803,0.025507494596724786,-0.04089035213938899
3.5850143532498017e-06,-6.19487362506196e-06,-4.661114456676737e-05,-5.283711420817923e-05,-0.00025171056104156486,5.881462287220783e-05,-0.0011774068430814527,-0.001812409530527618,-0.05223188089150667,-0.005127431784626962,0.09040452230630576,-0.05597882542060881
-7.976442131855493e-07,-7.736613697706997e-06,-5.4411249393600394e-05,-7.119279090167235e-05,-0.0006248211522455055,-0.0003671626374012153,-0.00038261412228515225,-0.001858725808171006,-0.022390237349281458,-0.08006802027005766,0.06855402185295432,0.046715569891931236
-6.789989827451373e-06,-1.5293907090379668e-05,-5.639782247630005e-05,-8.667939909386432e-05,-0.0005736479706076592,-0.001144296041133319,-1.4700494254778521e-05,-0.0012385958302673881,0.03262487367685073,-0.07535866047636305,0.005028703753120423,0.07731042568879234
-1.1408567239545067e-05,-2.8488386677931755e-05,-5.740394538072092e-05,-9.601290604870057e-05,-0.0003500675118110798,-0.0014945998763770988,-0.0001865240866293955,-0.0006281055606998621,0.012091218082465147,0.005297893427607087,-0.03939342222804382,0.044787628224712855
-1.410417066778909e-05,-4.02399450900464e-05,-6.149725975032e-05,-9.926003273065751e-05,-0.000189053173837725,-0.0008557118060458308,-0.0006321387872904222,-2.1319775691524797e-05,0.020111649512205815,0.12247972063864651,-0.04972951790416151,0.07656952877695461
-1.4535572141377199e-05,-4.2455948318568386e-05,-6.900779409249465e-05,-9.598230945786151e-05,0.0001027728791201034,0.0004125111603414342,-0.0008699680811445074,0.000676864430250725,0.03825356107935987,0.13116487263880647,0.0021636591333444727,0.06306731241149535
-1.108750215093207e-05,-3.387726098573733e-05,-7.54159799998432e-05,-8.714023857629584e-05,0.0005868411189689226,0.001303226306224777,-0.00041166910032520076,0.0010915497460624083,0.058560086890403956,0.04697815653786214,0.08949613703051686,0.019869750750841325
-3.4323178461067447e-06,-2.0623896675177413e-05,-7.202493613501559e-05,-7.568355732105007e-05,0.0009441957419961424,0.0013474465558872065,0.0010898778732907218,0.0011997865049867462,0.012910837715040008,-0.03813410660537625,0.21081325769266768,0.0017776010340262716
6.303128911557681e-06,-8.141080049977242e-06,-5.171888903859773e-05,-6.323268225760442e-05,0.0010028936095367428,0.0011491167691528275,0.0029713315459928497,0.001290388507702383,-0.001171264206919903,-0.0015318507414995297,0.16547747684775788,0.016342799509101086
1.5688494343397197e-05,5.475636604715375e-06,-1.6965505876179228e-05,-4.790572783110897e-05,0.0008741794768311602,0.0015742265617856958,0.003979345086490851,0.0017750023775967077,-0.024571562334196634,0.08655380926807321,0.03612523125184247,0.08057997446976387
2.3153796743562764e-05,2.5895957257453767e-05,2.1606132411887542e-05,-2.5187641332059234e-05,0.0006188810032019533,0.002509837568761982,0.003734982571122502,0.0027686149222132393,-0.026488132391644742,0.10056839212718405,-0.08499773432551233,0.11814253445354247
2.8595049540528377e-05,5.311996023615144e-05,5.45223395457781e-05,6.5384254265763175e-06,0.00046936955619116926,0.0029349630269775535,0.002848258855655609,0.003576598429513871,-0.0034141570105120644,-0.015543300484069711,-0.09234700876786622,0.043454167006583805
3.4486028059207e-05,8.017883785414426e-05,7.939554732976825e-05,4.1746633504795534e-05,0.000708826147544555,0.002476812496621011,0.002126382701142421,0.0034650431861299727,0.0513054752811892,-0.07608680558723879,-0.052028222134771374,-0.06576521568336349
4.4245137232432904e-05,0.00010038064268230673,9.878800980589244e-05,7.227779957402513e-05,0.0012429956871006264,0.0015635484690114825,0.0017521097940824168,0.0026411900277159466,0.055528432630025076,-0.10656599993466687,-0.02282635927722948,-0.09900541599944176
5.708054437793677e-05,0.0001114067459131336,0.0001151273283080131,9.488818901466883e-05,0.0013240857420001465,0.0006416721771538908,0.0015157539063417138,0.0018808878604127937,-0.03931042165012108,-0.07780925843685149,-0.024444818270911106,-0.05305501746118882
6.654490956960822e-05,0.00011535295026794595,0.0001285372600564318,0.0001116302044498156,0.0005687872963341445,0.00014756869380857878,0.0011662324433420292,0.0014675152266165597,-0.11174926748307931,-0.02101143823221091,-0.045459474329025806,-0.029619509298057983
6.74207998288961e-05,0.00011594284905963115,0.0001378203479858162,0.00012489764778279643,-0.0003936092444765699,-2.958893547153757e-05,0.0006903851425348472,0.0011859734399796067,-0.08073004067906356,-0.014420087623812361,-0.0497099858324106,-0.026688848029332607
6.0329325303401144e-05,0.00011467563946383728,0.00014210501322790665,0.0001356893307892595,-0.0010246856606224205,-0.000223852983687237,0.0001665479058832449,0.000972363161313005,-0.04548524255010655,-0.024432722019327523,-0.055057461497909854,-0.016033207703987723
4.987883667108742e-05,0.00011102442029224442,0.00014211614615330514,0.00014461583853608693,-0.0010654120658403245,-0.0005063908506313347,-0.00016432132080354848,0.0008129383880524831,0.03733996150652574,-0.032074851369492,-0.011116383839448823,-0.01585174694811667
4.2234628965447097e-05,0.0001047249485053918,0.00013997853863415984,0.00015223210955064102,-0.00046342947528774006,-0.0007535035067391881,-0.0002632001830255111,0.0007103158148583351,0.08305655660399114,-0.017347679852078697,-0.008659388604943696,-0.004672767690712926
4.115209816444701e-05,9.688769580426357e-05,0.00013724993794408857,0.00015748682654805122,0.00024692331508772297,-0.0008139470334864592,-0.000282519954988743,0.00034062758462370543,0.059014001471101474,0.005258974502624476,0.00479543421229732,-0.069264878356213
4.48088456316542e-05,9.008834327613456e-05,0.0001341252803602253,0.00015653248278933615,0.00048442617835371476,-0.0005459234721393413,-0.0003424115617839123,-0.0005314963363667203,-0.011513428817903112,0.04834573776679912,-0.016773755571331178,-0.10515990584187215
4.845671871097769e-05,8.816763946813007e-05,0.0001297893615953265,0.00014789271990722468,0.00024514843751098376,0.00016178271053844272,-0.000524772191195848,-0.0011964562400555738,-0.03634211935064309,0.09319549876875768,-0.01969837031105595,-0.027832074895898506
4.966107188285799e-05,9.354704648826216e-05,0.00012354769188059744,0.00013482833923070673,-4.277803134924844e-06,0.0009140986934879759,-0.0007235617517499623,-0.0014164198952480152,-0.013543128778538631,0.05726769782114896,-0.020059541799766906,-0.01616065614258977
4.967665551486455e-05,0.00010305186998807919,0.00011627094127930722,0.0001206022330859169,7.3945295362367835e-06,0.0009868660064754294,-0.0007317883685080816,-0.0014288013337099522,0.015877595312770956,-0.042714235223658276,0.018414218448143033,0.013684368450202378
5.035284483629475e-05,0.00010840852911835643,0.00011043980906502352,0.00010786375667837649,0.0001278433347498035,8.44658195800175e-05,-0.000434438074348659,-0.0011188939477981298,0.008212165729942385,-0.1377658021554241,0.04105584038374149,0.048297108732162086
5.1076872937716575e-05,0.00010253821930527281,0.0001080096787766091,9.893425184232001e-05,1.6962285534561752e-05,-0.0012585277821967411,-5.158798333422461e-05,-0.0006670070194131646,-0.030388375572990733,-0.1308329181999276,0.035514177819145384,0.04208027694483096
4.867961195025693e-05,8.68840441262409e-05,0.00010664015833791152,9.362418568562368e-05,-0.00049641448302649,-0.0018723072536096404,-0.00022231610440529202,-0.0003950062119261022,-0.07228697813921962,0.00807702391734777,-0.06965980203335886,0.012319884552581511
4.0790357651061294e-05,7.075335539523736e-05,9.961842180422574e-05,8.84058448380378e-05,-0.0010814363768126378,-0.0013538304925910679,-0.001182031202331864,-0.0006486619575910732,-0.0447174006180099,0.09561832828636674,-0.12228321755195551,-0.06305103368557571
2.9469809369181768e-05,5.981369813292283e-05,8.34363007877219e-05,7.764206448417702e-05,-0.0011826732795632675,-0.0008341009598718384,-0.002054393000968904,-0.001504094113181084,0.02447002006788397,0.008327578257479151,-0.05218914217545248,-0.10803539743242643
2.0366588876899627e-05,4.9764745231132406e-05,6.063534511962866e-05,5.787189750951338e-05,-0.0006379708188931607,-0.0011756896204862463,-0.0025057981326497432,-0.0024499392817516437,0.08447047206613738,-0.07664531038036071,-0.03809188416071538,-0.08113363628168554
1.7564723742697514e-05,3.4466072225995995e-05,3.483728849808389e-05,2.876607247406617e-05,7.759779205273806e-05,-0.0018840449805410356,-0.002653813191659212,-0.0033712257253377983,0.058643250123042376,-0.06502576163059715,0.008488872358821647,-0.10312365243554536
1.926336189489301e-05,1.5382768137762123e-05,8.103530266833015e-06,-8.705047960764875e-06,0.00026212983838636093,-0.0019326158371057386,-0.0026929384545909627,-0.004122998361628411,-0.0217368408563178,0.055311590317656534,-0.01631392494517178,-0.047230874822577235
1.9391203519777184e-05,-1.1181599141217568e-06,-1.8943047844455826e-05,-5.0436522859145346e-05,-0.00023656151340952587,-0.0013675697732710376,-0.0027163771676668043,-0.004223296618047682,-0.07800142950285956,0.05769762244928367,0.011626182330003426,0.027171223538723005
1.3831006320438513e-05,-1.3136602867498503e-05,-4.5188911219122016e-05,-8.944831123906538e-05,-0.0008754779264582083,-0.0010361188174043115,-0.0025327955072664337,-0.003579061057936324,-0.049781853106876925,0.008592568724061556,0.02509014975007065,0.10167588848354861
3.7225872341497645e-06,-2.403031426089562e-05,-6.750454862798295e-05,-0.0001185148134826033,-0.0011462058907995415,-0.0011426234612751116,-0.0019303319745057534,-0.00223423939077126,-0.0043637397613897205,-0.029893497498221566,0.09540255680206541,0.16728844494946413
-6.371960690725558e-06,-3.607219164656563e-05,-8.305959163911844e-05,-0.00013338441306187632,-0.0008727036941755231,-0.0012657520158588908,-0.0011806766277213444,-0.0007396805250833454,0.059064179086193394,0.0052677865814657054,0.054528512554816416,0.13162332818811875
-1.1630353103454908e-05,-4.631440378600698e-05,-9.22338592182709e-05,-0.0001344508207636548,-0.0001789747883703468,-0.0007826904120293789,-0.0006541768881091468,0.0005263989847276486,0.07968160207484186,0.09134453418443667,0.0507714353676231,0.12159257377408003
-1.0151855328152804e-05,-4.957722703809139e-05,-9.51129820177979e-05,-0.00012578889596144872,0.00047467434343076756,0.0001301257616124976,7.83523282037468e-05,0.0012059859757135697,0.051048224285381014,0.09121870054393863,0.0957344078949556,0.014324824423104204
-3.419929870198587e-06,-4.2401711509652685e-05,-8.911198174003377e-05,-0.00011304093532194406,0.0008717107481600759,0.0013049773440752428,0.0011218477273490781,0.0013436061521873628,0.02835905666048065,0.14375161594861044,0.11296467193411067,0.013199210871654404
6.885440820119495e-06,-2.4939132567474677e-05,-7.294149155724408e-05,-9.771817721023707e-05,0.0011893633899035404,0.0021875384443603594,0.0021122503092088603,0.001720945470154034,0.03517147168821223,0.03276060410841283,0.08511584443784578,0.062268652721679835
2.0195545496596067e-05,-2.4695835285340174e-06,-4.788229446050481e-05,-7.656057884288743e-05,0.001472657545391774,0.0023063713634277725,0.002899589110138994,0.0025105742033158956,0.02148735940943451,-0.00899402029493021,0.07235191574818092,0.09565709391069252
3.401911442610451e-05,2.0333776532106937e-05,-1.586722776760933e-05,-4.5043363674909146e-05,0.001292056240509914,0.0022543006487004188,0.003503424228440101,0.0037928688302797603,-0.05760762038580651,-0.0014201226505405062,0.048415107912040484,0.1608018314820804
4.410954515650184e-05,4.2848988445073296e-05,2.1851523467416486e-05,-1.7479602932157595e-08,0.0007260299055695513,0.002248741733892853,0.004040326018565063,0.005212307984115636,-0.05559764660226603,0.00030833968902735376,0.05896525011295187,0.12308599928509487
4.918167816976227e-05,6.514530890706859e-05,6.5531330551147e-05,5.735361769527674e-05,0.0002883966970825358,0.0022105223585062047,0.004695635398181039,0.006261911475526146,-0.03192899509513707,-0.007952214766357019,0.07209662581024331,0.08683469899700694
5.248005155203161e-05,8.801956455217175e-05,0.00011487747540241147,0.00012318821687418418,0.00037127797937133196,0.0023643287705144276,0.005173593572071857,0.006905008360255343,0.0485052515528963,0.03871349716800157,0.023495008967920256,0.04178467794883253
5.786558900704409e-05,0.00011349404739458146,0.00016725038038578304,0.00019229286862382878,0.0007058295116311637,0.002730567797967515,0.005300987424602458,0.006915921989673579,0.01840505489907006,0.03453430832261592,0.001983761538200096,-0.039601952065185214
6.643149299673389e-05,0.000141572124367041,0.00022064906981491986,0.0002601984061008691,0.001007351286306797,0.002885047596524391,0.005378750461224905,0.006665185505734482,0.04189930003605659,-0.003638348611240766,0.01356884578628928,-0.010545344722634381
7.789273969226911e-05,0.00017035494330018238,0.00027394420320019097,0.00032461761629138985,0.0012848980528002468,0.0028715161901038872,0.0052802762158293175,0.006218656532369671,0.013610053262633412,0.0009320673271399904,-0.03326369486540684,-0.07876044995032769
9.221291311255008e-05,0.00019903482645868188,0.00032301005288405536,0.00038188585920248866,0.001579136631255947,0.0028644604415960125,0.00453289372094356,0.005234992049850092,0.04523766242850659,-0.0023432170287149556,-0.1162128041117447,-0.11797244655358821
0.000109755979446421,0.00022702476531930043,0.000362765380724895,0.0004272589448476619,0.0019294766355182381,0.0027335273305276993,0.0034181718472243686,0.0038396250791845506,0.024830338423951645,-0.02384340518494768,-0.10673157063209351,-0.16110094757952007
0.00012904203488878254,0.00025322792511245996,0.00039191015704131266,0.0004574326323847947,0.0019277344529540692,0.002507104628104207,0.002410783416059164,0.002195112428242018,-0.025178774936785428,-0.021441135299750752,-0.09474611560094745,-0.1678015826089864
0.00014519100944108718,0.00027606146343259105,0.0004111613290550549,0.00047195512857966295,0.001302060457506859,0.00205960303592201,0.001439450986689286,0.0007093868107316277,-0.0999560241526566,-0.06805918313668871,-0.0995203702730281,-0.12934354089309172
0.00015305883903126162,0.00029099299486803616,0.0004192412529621266,0.0004737390278610703,0.00027150546052802913,0.0009267032511670122,0.00017653379472505376,-0.0003526069544501553,-0.10615497524310939,-0.15852077381431082,-0.15306306811981832,-0.08305521214326486
0.00015038838973512237,0.0002909326838791057,0.00041356880818149477,0.00046550967361895154,-0.0008055953197558786,-0.0009387654489531093,-0.001311022750851421,-0.001293263893973599,-0.10926518081367216,-0.21457296620971347,-0.14444824099547662,-0.10507617576142383
0.00013792218004749643,0.0002711958817520763,0.00039285138056674126,0.0004458216012265559,-0.0016876466177693106,-0.003008594976452764,-0.0028324627720992816,-0.00264435058450553,-0.06714507878901425,-0.19939293929021742,-0.15983976325409552,-0.16514116234496243
0.00011780479261167426,0.00023359438796375238,0.00035673925609004404,0.00041041093824593667,-0.0023358308693951224,-0.004511703781212022,-0.004389962123240162,-0.004437782011618316,-0.062491771536148114,-0.10122882166163413,-0.15166010697408042,-0.19354512307759478
9.242280700527327e-05,0.00018582042041261526,0.0003051891658359083,0.00035657269782436035,-0.002740566251885077,-0.005043089729015401,-0.005920055927586985,-0.006329866072696949,-0.01845530496184282,-0.005048367899041645,-0.15435865389528433,-0.18487168913813176
6.508225822541945e-05,0.00013571229522272674,0.00023910648995508868,0.00028544592714074786,-0.0027275435040856853,-0.0049785353089623055,-0.00729647924857694,-0.00789548806402555,0.02105985452172114,0.017959251909660773,-0.12092601030270658,-0.12825270912758838
3.997711696917398e-05,8.598566669295897e-05,0.00016161001464382033,0.00020126747895905187,-0.002293484747163409,-0.004966790396991247,-0.00820281581367673,-0.008940201572313648,0.06575189686273415,-0.015610269515448999,-0.06034130271725144,-0.08068999253003115
2.0566206263481575e-05,3.686636100819152e-05,7.952515475623297e-05,0.00010900035004087081,-0.0015886973939750713,-0.004857070739962244,-0.008214156163840742,-0.009513224211322566,0.07520557377493335,0.03755420092124953,0.05807323268444928,-0.033914535271752394
7.014024119986895e-06,-9.712766315896464e-06,2.200132121162696e-06,1.4753607769978163e-05,-0.001121739034723864,-0.004458754724855352,-0.007250848363173313,-0.009336124242855962,0.01818609807530809,0.042109002100128884,0.1345883274490363,0.069334528965073
-4.8031092657794624e-06,-5.1825633427164e-05,-6.342548620388868e-05,-7.26617095658504e-05,-0.0012416876424294074,-0.003963818697398155,-0.005874275301836963,-0.008146939224309752,-0.04217581961641677,0.05687820339131047,0.14072628481823377,0.1685024747441691
-1.887292282964975e-05,-8.772394875968244e-05,-0.00011461440637214015,-0.00014369409527193589,-0.00157227507034465,-0.0032158443691055337,-0.004363508731813329,-0.006059537916907346,-0.02394166596663176,0.09271666226721373,0.16142702918649302,0.24897778673631202
-3.443682987872965e-05,-0.00011467112539059713,-0.00015040843124111813,-0.00019270853702859725,-0.0015405063394713305,-0.002173590957077404,-0.0027952962419822676,-0.0037433504344249273,0.03029541214129565,0.1157340201384123,0.15221546877971923,0.2142597097601718
-4.742566312353094e-05,-0.0001307174731158001,-0.00017097147120983473,-0.00022051899996576867,-0.0010572603094889266,-0.0010356785879631887,-0.0013173117517610517,-0.0018187421530093566,0.0663537938551851,0.11184845368443072,0.14338142926452394,0.17066194652294234
-5.3867602760180226e-05,-0.00013474474618417221,-0.00017715072949020888,-0.0002303281673685164,-0.00023112761784093057,0.00023022397428876457,8.146009568622196e-05,-0.00014309132754018804,0.09887274447441412,0.14133205876595992,0.13637294022493077,0.16446821857089136
-5.060625025309373e-05,-0.0001261727431173412,-0.0001704059950862401,-0.0002243647957798757,0.0008833981192582301,0.0014841766390774368,0.0012674867851075336,0.0013357656452683256,0.124032402945418,0.10945847419177454,0.10083239765933158,0.13130317599081134
-3.6371686340068297e-05,-0.00010696422230066381,-0.00015331667393739953,-0.00020550578703607656,0.0019635146633468566,0.002357527524258042,0.0021503774446605794,0.0024360361034915035,0.09199090587230731,0.06521170284434644,0.07574573425127754,0.08875091565382429
-1.3857965106416758e-05,-8.02584444431194e-05,-0.00012636627420435306,-0.0001771935602535461,0.0025392295833834505,0.0029836280472508416,0.003239702501948715,0.003226409253014587,0.02315207813501151,0.060008401754213486,0.1421192772063495,0.06932371425079245
9.955111928012356e-06,-4.8296398754544046e-05,-8.684912614304087e-05,-0.00014139522045151647,0.002223385823502372,0.003408781090464228,0.004663727110313724,0.00393325870739134,-0.08632083011122725,0.02502220688846382,0.14268564446665224,0.07204617662455823
2.7953358426412382e-05,-1.3493627079236698e-05,-3.548433105564934e-05,-9.738626335314092e-05,0.0013762634761776333,0.003551773244597242,0.005609231907164582,0.004868532712283769,-0.08310363935372046,0.003576223938138917,0.04641531490351955,0.11500862435392759
3.843861089442017e-05,2.0813131937087105e-05,2.0770033349326128e-05,-4.323545141619713e-05,0.000720787017423924,0.003309578558667519,0.005641640973830511,0.00596162967510499,-0.0479916523970214,-0.052015161124083525,-0.0399335015703339,0.10361076821031653
4.4238781771984516e-05,5.048508697260451e-05,7.450461347623284e-05,1.9719457228380027e-05,0.0004392471580889456,0.002624812448435961,0.0051052750515508324,0.006629352053810443,-0.008316319469974284,-0.08493806092222814,-0.06733968288560169,0.029933707530774095
4.9364153700332325e-05,7.248976590800537e-05,0.00012169027854615563,8.54084614261931e-05,0.0005858272275806163,0.0017761233386442117,0.0043318579624337245,0.006508448785752171,0.037632333368308415,-0.08479976103612172,-0.08734373493781986,-0.05411436114242854
5.71169563797639e-05,8.801723089369028e-05,0.00015948671080380473,0.00014647979774049506,0.0009647333083056994,0.0013293696584927707,0.0032274284890960953,0.005705818477108219,0.03814888277670821,-0.0045509749941664845,-0.13354215972970598,-0.10641170058636193
6.768127576986962e-05,0.00010224277049791158,0.00018510445334221374,0.0001960707443638738,0.0011481305697154435,0.0015157382623514895,0.0018961200185857068,0.004212370847567529,-0.0014694304947594078,0.04182469576591022,-0.1327195343723717,-0.19227782532177598
7.836097049370046e-05,0.00011875686928367758,0.0001990903882334359,0.00022691423912290864,0.000987808375050725,0.0017870814948017096,0.0009010669596587249,0.0019563281042394385,-0.030595008438184287,0.012443950724133818,-0.06629107741302467,-0.25893072334384215
8.575663573544992e-05,0.00013519605510184079,0.0002061739574666435,0.00023429412768656056,0.0004913246732991661,0.0015007556688309317,0.0005156468869827939,-0.00048035039150905396,-0.06870173191212749,-0.0697091159182894,-0.010792937122161533,-0.22840497580585634
8.739882482935166e-05,0.00014553418741783907,0.00021001004769456531,0.00022003368755057166,-0.00016288685451881692,0.0005668707943687245,0.0002515711586015705,-0.0023717376356887252,-0.06214057365146912,-0.11706785897415203,-0.042022208554083146,-0.14987247303007795
8.24338027881927e-05,0.00014407199405479934,0.00020816522587773336,0.00019135786495756674,-0.0008301175537129767,-0.0008593094669766696,-0.0006205355219679619,-0.00336342688291226,-0.07130556618736285,-0.1681681932949268,-0.13239912755982333,-0.04846537641462895
7.03567126713701e-05,0.00012745612194090265,0.0001933486845111114,0.0001588116562402509,-0.0015853004696515433,-0.002463864955802668,-0.0023427727513564297,-0.003145814860550907,-0.07973101700035044,-0.15274290447027286,-0.21204831831787022,0.09198778088689957
5.1250686727489645e-05,9.636497916089788e-05,0.0001605515942837279,0.00013023387804220022,-0.0022359047191245467,-0.003754363600198286,-0.00421664529412027,-0.0025697407790592304,-0.05038983289425027,-0.10535682440885083,-0.16272619023489773,0.023227035411435726
2.785214035144703e-05,5.522564025934637e-05,0.0001128631539483835,0.00010496175089234319,-0.002443804556083976,-0.004473504180112017,-0.005321042772948611,-0.002484684650912176,0.008809865502364414,-0.03847129157389531,-0.05815330553077061,-0.006215809782024906
3.6133172341064397e-06,1.1430890916180728e-05,5.928275171568334e-05,7.666448398949788e-05,-0.0024039600673841422,-0.004285445688521111,-0.00539503767359142,-0.0031747687296568867,-0.0008409677623976292,0.07608298989207643,0.043354325402208876,-0.13180100596691718
-1.9378650898984962e-05,-2.7685579295741446e-05,8.225822478002664e-06,3.68898953143123e-05,-0.0021944335592341386,-0.0035378483538633233,-0.004816348173944714,-0.004780149005380229,0.04274626939239835,0.07343647703948117,0.07238357452713215,-0.18927504917775134
-3.875829799336979e-05,-5.9378648743754144e-05,-3.6371234478417485e-05,-1.9750931879246168e-05,-0.001681495859642827,-0.002800765535739217,-0.0041030632173393155,-0.006548016433331466,0.05984127052586395,0.07398008658534008,0.07027341679394764,-0.16429843641249592
-5.2121006214597384e-05,-8.392737113300844e-05,-7.4992822441984e-05,-9.084183683635782e-05,-0.0009910457846026917,-0.002108978942111642,-0.003621254375373988,-0.0076701645580908645,0.07824874448216314,0.06437723214017496,0.026088351599117904,-0.06013118853938387
-5.889085605966742e-05,-0.00010133708235619956,-0.00011085995614916259,-0.00016435426706941706,-0.0003629241844113158,-0.0013729633025265826,-0.00355217236606173,-0.0070323214885209834,0.047375575556112035,0.08282589577683688,-0.012271949736666316,0.1876998024533601
-6.110477584784046e-05,-0.00011241637053688606,-0.00014597977653250336,-0.00022241477422632432,-7.985977322329122e-05,-0.0008428943336107179,-0.0034717917106064245,-0.004579779942860468,0.009237306681492877,0.023187898006336055,0.028348080827727412,0.3028085066787431
-6.2930308328872e-05,-0.0001205414130202018,-0.0001766501007275963,-0.0002540792381285306,-0.00028524672298301836,-0.0007821141630524304,-0.0026622731284121647,-0.0017531128375807923,-0.0503146966334383,-0.011031863894678556,0.13355563561112452,0.262524914377192
-6.861971448832075e-05,-0.00012933798177842512,-0.00019528268044189932,-0.0002604799320884335,-0.0008526345089067306,-0.0009771995885922325,-0.0010642428144484388,0.000472974045600216,-0.06316286055130416,-0.02798522121328187,0.18605042718162065,0.18269246225900965
-7.812836467461696e-05,-0.00013889228182780686,-0.00019672927645176229,-0.00024922417782275835,-0.0010490955283525105,-0.0009336604212841157,0.0007749236124758461,0.0017781768075348131,0.02387065666214816,0.03669305467490522,0.18178285820323634,0.07834809012790978
-8.662993440853944e-05,-0.00014392376994477648,-0.00018190852067815727,-0.00022700567251716114,-0.0006512184184319855,-7.263720210980964e-05,0.002189227542245158,0.002665524253584628,0.05570476532195684,0.13551158915995598,0.10107792775062593,0.0991213990820532
-8.926820016864101e-05,-0.00013756741118184292,-0.000157802776026568,-0.00019680731764504938,0.0001235652664116711,0.0013439089546965228,0.002631921388072695,0.003374146720837723,0.09925197164677449,0.14779764220131048,-0.012539158585118532,0.0426030943685658
-8.248758342891274e-05,-0.00011813861037205669,-0.00013173480962076778,-0.00016226338320377034,0.001232558081533983,0.0025418512072607237,0.00258167189308735,0.0035346401674180863,0.12254659137768789,0.09179080831152969,0.002489259588049547,-0.010504405052493171
-6.424256758139998e-05,-8.991663528406354e-05,-0.00010518900081651512,-0.00012920829944815322,0.002416445087968568,0.0031025438103379067,0.0027274898677631812,0.0030763765837053384,0.1142308099092291,0.020347712303906917,0.026674335347116745,-0.08114831169005643
-3.759602014859671e-05,-5.9254993402048134e-05,-7.683093590299485e-05,-0.00010274654551757636,0.002912864398592087,0.0030297845660651745,0.0029441231149408714,0.0022159742024100318,-0.014946947784525239,-0.03489956115845333,0.016652314088421244,-0.09093216456900488
-1.1689529793021281e-05,-3.0240446400686654e-05,-4.7752856001331124e-05,-8.28193421602927e-05,0.0022684336725229985,0.0027731248342071214,0.002871492865391875,0.0017694664690467007,-0.11393919742929245,-0.01643238521315732,-0.031178363998220465,0.0016306178963386708
4.667558493550918e-06,-4.148692371490193e-06,-2.0361297299241022e-05,-6.516154880370369e-05,0.0010029839847914416,0.002445225971632171,0.0026068188750261448,0.0017620922022711018,-0.13915074011701892,-0.04914738730183271,-0.021756434074925585,-0.003105471251458436
8.437830029747749e-06,1.6261917577892413e-05,3.151096471436712e-06,-4.740952775105455e-05,-0.00024892967755207516,0.0016368960182443501,0.002095659879109402,0.0017883120082587264,-0.11123199235168443,-0.11251860337573144,-0.08047536510842287,0.00834943244898334
2.957150940406167e-06,2.5515236142743806e-05,1.9655159265843227e-05,-2.9886136222864838e-05,-0.0008472061403162412,0.00021376769472592838,0.0012051526797719008,0.0017163662973792156,-0.008423300201148787,-0.1721070613279529,-0.09762607475907739,-0.022738574624885488
-5.239753979617739e-06,2.018869292049118e-05,2.564045049804308e-05,-1.4416284689360589e-05,-0.0007921748436885401,-0.0012790763391764542,-8.094433331930174e-06,0.0013776040093216343,0.01942955952668901,-0.1264617454525236,-0.1450233478616888,-0.04501388298663078
-1.2608560746228519e-05,4.749998878806392e-06,1.945875312137558e-05,-4.2861360762123346e-06,-0.000681586509633616,-0.001808662469160503,-0.0012282450420015695,0.0006484257133080165,0.0026881072842958043,0.02054451945571384,-0.09900677387223908,-0.10082177621609278
-1.8864511755299207e-05,-1.1439064095804917e-05,3.754510571528173e-06,-4.512091701043484e-06,-0.0005696036921805214,-0.0014291501257617583,-0.0019126034679679122,-0.0006936168382742463,0.01970845620632311,0.055357949224035086,-0.037864911321029454,-0.1675867341003598
-2.3784756881739447e-05,-2.2191094244022307e-05,-1.5176305820636703e-05,-1.930966300246699e-05,-0.00041444533310752674,-0.0007212559038817195,-0.001873559810465063,-0.002265897422010455,0.011323215608275816,0.08622089515197268,0.045673642821599275,-0.14686938264688193
-2.744484723424246e-05,-2.6518636814965512e-05,-3.115464303090506e-05,-4.7166915648392064e-05,-0.0003175727373930757,-0.00014425261030692152,-0.0013221076315886081,-0.0033055531071745597,0.00805130353461439,0.029179763562986932,0.06461679295369169,-0.06106175438593903
-2.995516786869149e-05,-2.6685876203316316e-05,-4.152560031990089e-05,-8.025383140428229e-05,-0.00018449138949673026,0.00011080473263676077,-0.0007520838262105583,-0.003311830044003485,0.0185649660446547,0.02183170502574952,0.049387968121918285,0.059806367020154017
-3.0436028244353214e-05,-2.5149050963671643e-05,-4.7912642468817796e-05,-0.0001077519910717737,8.831931436438509e-05,0.00019656031529217375,-0.0005253246035728226,-0.0021878018894947978,0.03599717472756837,-0.004680588494666925,-0.004036123594371138,0.16499926388158342
-2.8261822236117557e-05,-2.3685254875250074e-05,-5.2968162224834245e-05,-0.00012095655661253846,0.00034652188728274643,9.619890239214014e-05,-0.0004857793476304673,-0.0004531112186581545,0.01564333985610389,-0.015391694085339795,0.011945174782842183,0.18193887028574524
-2.5612195255602785e-05,-2.4979035985690362e-05,-5.662632040594212e-05,-0.00011559762832191926,0.0001834035088202081,-0.0003549551244801978,-0.00024585228859110703,0.001524896876781995,-0.048267015548611555,-0.07483911128912779,0.03604023702502987,0.2136627488022847
-2.630114247933568e-05,-3.073890443375439e-05,-5.588183027953275e-05,-9.242520896650356e-05,-0.0003211929535667872,-0.0007970185651326072,0.00039475031387298037,0.003109586994301144,-0.0526522769287875,-0.013573576841354101,0.0920802834677876,0.10327527470154513
-3.152678404800748e-05,-3.757549275787982e-05,-4.689093894423868e-05,-5.753286752187507e-05,-0.0007239353601675722,-0.0005702990996924797,0.0014034279531858341,0.003868881294624555,-0.027896204391369486,0.0589174699293796,0.10965524439478316,0.04858358536313706
-3.973011102634371e-05,-3.9659358068146186e-05,-2.8931139615079126e-05,-1.836685493553706e-05,-0.000916730035499675,0.0001535260376392065,0.0021885319126460764,0.003964321222643045,-0.010662730675051066,0.08584755753695764,0.047365547497265265,-0.029495599759438995
-4.7957590611692435e-05,-3.514384661689305e-05,-5.767395443102793e-06,1.9872349355302715e-05,-0.0007287658815700696,0.0007495762526114205,0.0024442169217491895,0.0036835196355249106,0.04825556146097214,0.03336248545748516,0.003771454323357376,-0.02666471766418793
-5.080298188691431e-05,-2.64770535295254e-05,1.8133498177391948e-05,5.5779872543081016e-05,0.00015968762652569443,0.0009837823648621098,0.0023359618023497592,0.003497985002030751,0.12943514015818064,0.013478736992652729,-0.02542247820324342,-0.010442209034644045
-4.4096974678685966e-05,-1.6278260970938638e-05,3.957078952473478e-05,8.934507333802827e-05,0.0011815138151199745,0.0010559761468552427,0.0019514964671188068,0.0032150551569587,0.07493009756067537,0.0009600194059738443,-0.05147058884294706,-0.04614375997976611
-3.0968616210072815e-05,-4.7603819110706725e-06,5.655625590682785e-05,0.00011818803755488422,0.001444157878602656,0.0012475996651183506,0.0014455968092998085,0.002553537686412491,-0.02240128486413906,0.03736468424664774,-0.04970934272085262,-0.0861597341294757
-1.929898324559741e-05,8.851389978256409e-06,6.940886157005744e-05,0.00013911766165356697,0.0008897687142924252,0.0014747547127470658,0.0011249243233461088,0.0016323871333240574,-0.0884765479979071,0.008066325279095288,-0.014425154469887319,-0.09807037648821099
-1.5272000265810342e-05,2.1820393503983692e-05,7.88316193083237e-05,0.00015037216348317466,-8.43721183350117e-05,0.0011190459923983904,0.0007596272243071437,0.000618513232597481,-0.10635161852758027,-0.07920806934883035,-0.058634265337905694,-0.10470440365710432
-1.9628451296552286e-05,2.834328479489722e-05,8.260318455589633e-05,0.00015238617519213553,-0.000786918087813377,0.00018553226578431478,-5.3141747926185e-06,-0.0002157108908053078,-0.034157575368092774,-0.10749467597398477,-0.09435401448204675,-0.062140421023453435
-2.766959215430787e-05,2.4035975363440624e-05,7.860898223767473e-05,0.0001475213537719466,-0.00082131008373774,-0.0010469941520756336,-0.0007935262888517015,-0.000757253393232479,0.027279176183220177,-0.13901060759800493,-0.06328840832976984,-0.0461680794619808
-3.4207150116265284e-05,8.935097107689994e-06,6.68422277967271e-05,0.00013659972767771807,-0.00048620150865374306,-0.0019731814990744923,-0.0015598245993378244,-0.0014270718256132243,0.0397425388335792,-0.04622686180176683,-0.08997125376745474,-0.08779560701416829
-3.797441621088537e-05,-1.1544480287894777e-05,4.704639424150164e-05,0.00011766013855030818,-0.00026725171027027416,-0.002122733980042462,-0.002399342111707269,-0.0023608459998687536,0.004047420843114574,0.016316365608172845,-0.07793224870643412,-0.0989592278369376
-4.1479755148319636e-05,-3.082564790105383e-05,1.8865280163666656e-05,8.882841391523788e-05,-0.000433816077216579,-0.0017334995425893477,-0.003236880703859727,-0.003405498927145306,-0.03736029423237554,0.06153052188245001,-0.0895754697240575,-0.10997135761837291
-4.748039749970282e-05,-4.63554105813707e-05,-1.5926450776031336e-05,4.906510289044639e-05,-0.0007663123930600573,-0.0013724529934740267,-0.0037214654840798723,-0.004547163277812992,-0.029138968936320106,0.010678787940614165,-0.007341486319971557,-0.11836151251516429
-5.672525030334385e-05,-6.0706589948431006e-05,-5.129729799031681e-05,-2.9540057928495993e-07,-0.0010826581676681496,-0.0014977828799380346,-0.0033527039587772224,-0.005324937416133278,-0.034130185985298336,-0.03574476523341574,0.08109379138050155,-0.03719331514889297
-6.849401364307042e-05,-7.824881018694489e-05,-8.162815013564218e-05,-5.24320829381567e-05,-0.0012710945002771647,-0.0020106611677647417,-0.0027134664702878532,-0.005102399055641068,-0.003557080536504706,-0.06683089233192574,0.0467537063173723,0.08170098724733506
-8.00277754584263e-05,-9.978721962157251e-05,-0.00010770283467893919,-9.600030020391215e-05,-0.00103565786279401,-0.002297020719160783,-0.002501470438371547,-0.0036112443975100214,0.05064440803313562,0.009558982052717546,-0.004354499934111078,0.21652994437887424
-8.756266778091309e-05,-0.00012051426428264025,-0.00013251223242734123,-0.00012139726643657249,-0.00047132060170334753,-0.0018483882130527652,-0.0024604091113088616,-0.001468148849022046,0.06222304418499687,0.08016751916888598,0.012566765346648134,0.21208916531872085
-8.878526243488202e-05,-0.00013346683982543765,-0.00015490748851300557,-0.00012810696055437992,0.00022680167090955979,-0.0007421268955067151,-0.0020186421058240073,0.00012621002546056104,0.07740141033758459,0.14108474434032403,0.07578663575032274,0.10678260957780056
-8.296686470006684e-05,-0.0001340175619036916,-0.00016837200205937076,-0.00012341134964565116,0.0009368778760534761,0.0006319824798559257,-0.00067426060344903,0.0008129121562851892,0.06461383069119868,0.1337371307322041,0.1930896647246727,0.03055781658712506
-7.223200147952929e-05,-0.0001221516210604883,-0.00016510698524348994,-0.00011264326190752369,0.0012100947680540345,0.001741205688784733,0.0013272639666251937,0.0013407053913403058,-0.009970452291086992,0.08810751105355735,0.207215249290172,0.0750008304238983
-6.130488228094984e-05,-0.00010130067640986923,-0.00014290340236947796,-9.649106851852456e-05,0.0009753290716618544,0.0024289832413390815,0.003113452608177204,0.00188973328645952,-0.03698268698734904,0.04944799945731232,0.15002247902023003,0.03480474859994451
-5.170381693185187e-05,-7.588767892570519e-05,-0.00010649161685605424,-7.424901598747007e-05,0.000944883998157741,0.0026536162554937266,0.004168904494507539,0.002558677219751379,0.030893672286526355,-0.004521396626383345,0.06106789824583703,0.09898403805842729
-4.079857918151606e-05,-4.915437623639232e-05,-6.318172370102855e-05,-4.21909684568002e-05,0.0012361635519094207,0.002693044282368848,0.004493074136497599,0.0038529322863825946,0.02736223846380957,0.012407002001407597,0.003766030152174915,0.15986697526781588
-2.7114650250134934e-05,-2.183027362139701e-05,-1.972957257312819e-05,4.911109408364155e-06,0.0015006222343668047,0.002771776240630214,0.004197356089082472,0.005567483286650278,0.0255294980276672,0.0033393896508657206,-0.06290963963520046,0.1830432247857208
-1.1389497849110997e-05,4.512239701387303e-06,1.9422372266453457e-05,6.694503403875045e-05,0.0016444082458379834,0.0024967264239266476,0.0036330328788338577,0.006839301639426979,0.003227704266568529,-0.05834935299157901,-0.04995500241452233,0.07132044576961946
4.078802895782339e-06,2.62105387282429e-05,5.439007562404071e-05,0.00013463089247540698,0.0014492519031406837,0.0018429333814444712,0.003360507792683593,0.006697870047904328,-0.04225897280602846,-0.07240925550485627,-0.004550014815530634,-0.09960676407414978
1.54809549161001e-05,4.17033410123185e-05,8.83710419528963e-05,0.00019437137240690798,0.0008311785009228684,0.0012556270753706486,0.0034356854730875257,0.005250225938395871,-0.0813557076375346,-0.04505200570990825,0.019585550896317194,-0.1899220578275416
1.9994570219236323e-05,5.281268205893723e-05,0.00012233938745554758,0.00023650316066381731,7.154455970437637e-05,0.0009662411339530979,0.0033579836274427303,0.0031761317129859953,-0.07057108060616381,-0.012825182573601879,-0.03512592002527626,-0.2248967872544336
1.8456995352276072e-05,6.253862809679758e-05,0.00015088577678355937,0.0002584475701743093,-0.00037905953309642644,0.0009789480736189728,0.002351294238159626,0.0012127501891124061,-0.019549737953996754,0.015366570506776867,-0.16621195783134457,-0.16777951752028422
1.4760933944756382e-05,7.13254433686137e-05,0.00016455050748514962,0.00026332937862564437,-0.0003601527484075117,0.0007784149807442502,0.000381651902158425,-0.00023638849884539655,0.023331094891779702,-0.055473189081721386,-0.22771650936889565,-0.12204822007127633
1.2718428823323479e-05,7.489713881526644e-05,0.0001575870837755947,0.0002544029289225819,-4.834827587906892e-05,-6.407589141370297e-05,-0.0017743366440694111,-0.0015489014417670974,0.03902979961390886,-0.11302498534986924,-0.20348119987667157,-0.14045436851306384
1.3770194618723828e-05,6.756611309248096e-05,0.00013269350784795504,0.00023176938184791646,0.0002587014349591388,-0.0014021292531433923,-0.0032043785414585194,-0.002977807973165992,0.02238014255373269,-0.1545856869960686,-0.08252717960115008,-0.1453269377667151
1.4990065186296426e-05,4.638183764958493e-05,9.737666888936055e-05,0.00019470406277515375,-1.4727321444619156e-05,-0.002834725835435814,-0.0038589892502603777,-0.004435255841386548,-0.07706589383448428,-0.13193362946241569,-0.048394962159221566,-0.1461626358773961
9.23705312972966e-06,1.4463340850506562e-05,5.6220311959025236e-05,0.00014532951463828064,-0.0011358750898687341,-0.0035489735243798603,-0.004372282135806684,-0.005439653785988074,-0.14716365985033872,-0.01091590832639358,-0.05426361495003984,-0.054716953042909106
-8.733188210801386e-06,-2.042114663240726e-05,9.939445135224038e-06,8.853882595759789e-05,-0.0024581731782374753,-0.003427923972202903,-0.004883891228953555,-0.005918483950148476,-0.11729595782340954,0.03512581876178503,-0.04805820367933433,-0.0410490797891713
-3.7469379991545916e-05,-5.487450229035141e-05,-4.064862905811683e-05,2.6369767817339715e-05,-0.0032890651779114307,-0.003462747159385927,-0.005233723609714619,-0.006515327677903157,-0.04888244211138157,-0.04209045619838983,-0.02190827247287841,-0.07831966576176494
-7.01351575618834e-05,-9.234078581482455e-05,-9.357251015837044e-05,-4.0411473251555094e-05,-0.0032440903361560663,-0.0040305095455087005,-0.005351052610336104,-0.006840920535875807,0.0578774104624544,-0.07146202102616481,-0.0015575276514184777,0.013201094167235
-9.77623116874236e-05,-0.00013488796186170523,-0.0001470597715803713,-0.00010668243187240511,-0.0022813404889519733,-0.004478925663867437,-0.005346399674064066,-0.006413271188294198,0.1346725589783642,-0.018221202645582496,0.002488114905826122,0.0723287753490868
-0.00011539470172252605,-0.00017902533908701265,-0.00020032222617709066,-0.00016617626540475173,-0.0012451375180685168,-0.004348549781194046,-0.005306091245279807,-0.005485495518175124,0.07256803519832708,0.04429637918026055,0.005573570851025722,0.11322635867472783
-0.00012523828969251242,-0.00021832001343079753,-0.0002512657013490284,-0.00021519353357149317,-0.0007235800759287578,-0.0035103850875629304,-0.004882603789107744,-0.004317958115173164,0.03174345322962471,0.12333655954596265,0.07912392038338678,0.12028112192566423
-0.00013212428971133574,-0.00024689166060335886,-0.0002951224571528427,-0.00025347078099969157,-0.000653619927835907,-0.002203944346949336,-0.0038887473716551126,-0.0033374913704665166,-0.017751423611054556,0.1379515885767563,0.11964736310713942,0.07581222701566523
-0.00014031800187571059,-0.0002625938277303097,-0.00032621596076426776,-0.00028299424863920933,-0.0009851225050390615,-0.0009364890784408285,-0.002329953350629902,-0.0025672021574370363,-0.04854909182957637,0.11553946512494515,0.19211144109790268,0.07824561559023083
-0.00015050816651851235,-0.0002680366360540736,-0.00034060491770635643,-0.00030441296211974704,-0.0010529104235212907,-0.00015207258631195423,-0.0005478380377878312,-0.0017165405386705068,0.03499150813313054,0.04134383330082969,0.16431162147051148,0.09188670816307506
-0.000157362265598955,-0.00026719553124099045,-0.00033946155937076465,-0.0003153007350066206,-0.0003179093925672388,0.00032029354892858236,0.000776509704906186,-0.0004610140387042009,0.11200869805767985,0.053129393747277626,0.10055792706829197,0.15921859183018608
-0.00015432635612532458,-0.00026141974606285026,-0.0003286540302223431,-0.00031128277669288467,0.0009250912872933216,0.0008348634866994556,0.00138499612477813,0.0012646057014513835,0.1365914379144322,0.04978459380689701,0.021139356906096807,0.18590535620093082
-0.00013960240963132298,-0.000250047116833019,-0.0003138899202605682,-0.00029118315601283105,0.002019698011506998,0.0014396623592667986,0.0015678258675768469,0.0027553184345593396,0.08232990692830303,0.07117518070657156,0.01542659165364657,0.11223719042066041
-0.00011813388162621328,-0.00023210173742052757,-0.00029653151360644784,-0.00025915560239717853,0.002274007589514943,0.0021494135232314852,0.0019038554632472226,0.0036501922885711635,-0.03146799132671399,0.07077505208636573,0.05177932748042857,0.06673758038170438
-9.80380050916519e-05,-0.00020723004387650495,-0.0002732849153204067,-0.0002211545021395959,0.0017451677173973329,0.00282492518557304,0.0027454641939610052,0.003950027762945364,-0.07429998309680805,0.06432728038194521,0.11654241866232795,-0.006770485506864293
-8.479338602633773e-05,-0.00017720396600866324,-0.00024043149721036318,-0.0001811777177884161,0.0009037560956655016,0.0031802903879953005,0.0038252194280476996,0.004045329107290594,-0.0939823412495582,0.006745760102506965,0.09940862815501095,0.025830754375910286
-7.874782902312718e-05,-0.0001463848532710683,-0.00019798556201647795,-0.00014075796194683123,0.0003053553049766084,0.0029835321595236873,0.004663967610729345,0.004038622061026382,-0.025697816888220426,-0.046097405796829555,0.06834100838131818,-0.027172163628752605
-7.403858768298486e-05,-0.000118164013972454,-0.00014991902374008928,-0.00010047369871983984,0.0006364929630518544,0.002660635700199173,0.004949340044548388,0.004018230584371896,0.09192534850326961,-0.0184818860680733,-0.011266521617509517,0.023093868297855286
-6.302754702256649e-05,-9.125749982254805e-05,-0.00010339374070112395,-5.861127059333835e-05,0.0015657151690318199,0.0027206671297820163,0.004355716563244678,0.004354255040928402,0.09391909269272347,0.030488171984641904,-0.10745817464323248,0.044111023013445966
-4.48493192561501e-05,-6.22926902104235e-05,-6.468705963480752e-05,-1.3816766415263256e-05,0.002069930384251458,0.0030722947926428933,0.003385619650018608,0.004604645794686617,0.006923950351204189,0.03983736058753354,-0.08656120800198164,0.005967127738197048
-2.4396386993927587e-05,-3.1257254052203464e-05,-3.434376490575068e-05,3.1508281129664135e-05,0.002020656068193044,0.0031347924390011136,0.002683039295792762,0.004460363714298861,-0.01677881356288702,-0.027337831315889433,-0.05395486284318751,-0.03482354381574834
-5.803663331290634e-06,-2.6788801195661995e-06,-7.876323379002274e-06,7.214523663647899e-05,0.0016978886643343465,0.0025808823475263394,0.002610449009556918,0.00366702738706411,-0.047774667208852484,-0.08344418697906539,0.0394368055960187,-0.12384372163120175
7.470669630034956e-06,1.98060850871325e-05,1.9216174704944115e-05,0.00010225142618414239,0.0009569779279307715,0.0019161106938134003,0.002808050607232359,0.0023542105224685695,-0.10040748007186251,-0.04951014376352239,8.351393906946836e-05,-0.1387196512879064
1.299147250726634e-05,3.5659286943615616e-05,4.604724388704434e-05,0.00012048744400384389,0.00014718264751550545,0.0012545296774832226,0.002558163229187685,0.0012929930414717317,-0.06155157601119071,-0.08280605950251316,-0.05006098954800431,-0.07352384491146116
1.2284050992358142e-05,4.5287189777609075e-05,6.673784574994281e-05,0.00013124066634474888,-0.0002886669504971451,0.0006710508893154693,0.0015799571433920102,0.0008576514267092661,-0.025618343591339396,-0.03388969813103751,-0.14558022761113065,-0.013544478041031954
9.033410374971314e-06,5.085527840321099e-05,7.475810639230023e-05,0.00013887406866366418,-0.0003614611729802205,0.000442566835804913,2.4094985079474484e-05,0.0006690290370737934,0.011059499094724312,-0.011807112571073752,-0.16559220405137648,-0.024179999886062592
6.523257916394057e-06,5.2080319044219106e-05,6.928797047629068e-05,0.00014390549149375907,-0.00014056931873523097,-0.00019755870760328908,-0.0011181221682813852,0.0003372555289451862,0.033118871754273596,-0.11621799611056666,-0.06285122662079545,-0.04217470173965884
6.442316536415135e-06,4.544205742145595e-05,5.6025898516874585e-05,0.00014443528085008488,0.00012438104273944665,-0.0011300936169493416,-0.0015342922236018341,-0.00023129765768002458,0.019871200540661924,-0.07028898575864384,-0.020382784443294333,-0.07153593558538332
7.0436878910038364e-06,3.184273659690726e-05,4.1589605070092735e-05,0.00013885367265517202,-4.106771821706378e-06,-0.001589770547960397,-0.001352966465754536,-0.0008850239813025479,-0.04556876345289253,-0.02164640044356725,0.056647936012753974,-0.05920932913912133
3.79999797203685e-06,1.6793341430313306e-05,3.013528849581537e-05,0.00012808076102153903,-0.0006446312119716909,-0.0014201084853583935,-0.0009378968491009368,-0.0012695583454240497,-0.08253612457710437,0.05557881296396794,0.026365987317965855,-0.017697543685179035
-4.872462923768627e-06,6.352992085279195e-06,2.0420909172630794e-05,0.00011463236973772868,-0.0010898609671894045,-0.0006679613836484286,-0.0010049790155359783,-0.0014201199113380199,-0.00650982646643837,0.09485060737802503,-0.03978242060497417,-0.012414769497615025
-1.4323610366062055e-05,2.851693158167366e-06,9.318460278178388e-06,9.869645597401342e-05,-0.0008003685212692809,-3.2298401773937085e-05,-0.0012155107633545028,-0.0017670628414050327,0.06440831565046311,0.03228198899687326,-0.0023239289587307366,-0.05697381651578756
-1.813040836934943e-05,2.230225180964654e-06,-2.58526722370794e-06,7.872554498512493e-05,3.900892061180607e-05,-9.199519366660531e-05,-0.0011652347370227625,-0.0022271193563726654,0.10346717272575427,-0.04422134737540691,0.012379134225078803,-0.035037486477738994
-1.3803105913689108e-05,-9.232340439093426e-07,-1.3811236725244157e-05,5.632670901523296e-05,0.0008264515705202582,-0.000538696651308194,-0.0010799591632844807,-0.002252647837605728,0.05402135725593614,-0.04511894415291083,0.004675980522577561,0.029931790231126493
-6.074701674373e-06,-7.347931768117172e-06,-2.466318816646885e-05,3.7314667416100267e-05,0.0007192292773429636,-0.0007462428935333721,-0.0010904311249604578,-0.0015497604822208109,-0.07546581589139505,0.003609695707875213,-0.006770372857772988,0.11064568084585688
-4.152432323704726e-06,-1.3598250147666064e-05,-3.554061166225224e-05,2.640191875901493e-05,-0.00033477540720930875,-0.000503820782376406,-0.0010850535741962208,-0.0006327892491962568,-0.13533512101905942,0.044874726523517997,0.007845883010620391,0.07274856575905395
-1.2186027678299006e-05,-1.7569230696592262e-05,-4.373775624980836e-05,2.137214286705653e-05,-0.0012719436637095474,-0.00029037532740883366,-0.0005543753433150026,-0.00037316592919542265,-0.05209853028098829,-0.0021856355300035185,0.09828976316562327,-0.020823901758887126
-2.4551858141461993e-05,-2.136064284378716e-05,-4.5213680085021965e-05,1.5616404574265976e-05,-0.00120122242892305,-0.00046790710203014566,0.0002591905762722815,-0.0007779817293626885,0.06624277723828778,-0.03332071939425889,0.06442342075183355,-0.06013925827456604
-3.204324902452452e-05,-2.758036780011161e-05,-4.190133461100261e-05,6.44953512455527e-06,-0.0002970557476894547,-0.0007760378892347443,0.00040327851853158884,-0.001055392160579453,0.11459055900843126,-0.028305438046660844,-0.03560583229997208,0.004657172031213158
-3.018762725044056e-05,-3.563884570225364e-05,-4.1937202112339175e-05,-4.1594507969281715e-06,0.000668180102506246,-0.0008356576911936624,-0.0004104520187989013,-0.0010664050237172353,0.07845661103070886,0.016381477654877227,-0.12714027516612594,-0.006859744658769623
-2.1407933240175236e-05,-4.1489434813986264e-05,-5.117009461874027e-05,-1.5162005455863032e-05,0.001087758699546819,-0.0003344601311528621,-0.0014361264824813177,-0.001134105908069737,0.005459108377405736,0.08385803435328283,-0.07799461757035736,-0.00668043221173073
-1.1725248525080619e-05,-4.050244488477561e-05,-6.730243840885258e-05,-2.6836388990402252e-05,0.0008487782434721044,0.0005318581169949928,-0.0017903422755411445,-0.0012007707988381069,-0.05325519959234867,0.08940561527628814,0.007151458958392032,-0.006652545941943228
-5.4952393689313254e-06,-3.309248088466244e-05,-8.273756427469299e-05,-3.933905064444896e-05,0.00039722358775775435,0.0009501346830276412,-0.0012966828976269367,-0.0012997615319712346,-0.03705573155052133,-0.005750302069758448,0.09158041662444955,-0.013145600684682318
-3.1196549891035236e-06,-2.5938721273852037e-05,-9.017443379130451e-05,-5.2010624050070244e-05,7.789328820780598e-05,0.00048061723913443943,-0.00019069100569536692,-0.001234553149153022,-0.02681032835946834,-0.0881531867088819,0.1296179617618644,0.02618727724832484
-3.3198683403271014e-06,-2.5457354743332532e-05,-8.784876183940501e-05,-6.148084421672601e-05,-0.00011793595845252153,-0.0003843439330305385,0.0006558253960752656,-0.0006594908841781321,-0.012355520972597164,-0.08483904772411367,0.0396853185922621,0.08882517574665313
-4.88321921226329e-06,-3.169702995109525e-05,-8.049978795571605e-05,-6.389544711081456e-05,-0.0001947342159347162,-0.0008635911085220055,0.000813969380662528,0.0001765703053604235,-0.0030041305238417693,-0.01101038737417974,-0.008056521674809636,0.07838706216105798
-7.518052457240178e-06,-3.846916620092093e-05,-7.370638381247113e-05,-5.9012537546806516e-05,-0.00033223243306066135,-0.0004908361414431306,0.0005447114479864544,0.0008000116074411846,-0.024495512901347258,0.08556138078995472,-0.04579506486040508,0.046301198255094225
-1.0160032656754512e-05,-3.9390595255233885e-05,-6.988352485079383e-05,-5.032260709838587e-05,-0.0001961636068422055,0.0003065503305805401,0.00021986034434900629,0.0009379744822429446,0.05170927814503842,0.07391591361477941,-0.019175155867084542,-0.018708623294742224
-9.963897781976551e-06,-3.3328295103313954e-05,-6.767265237321804e-05,-4.1268460655968976e-05,0.0002353905817977978,0.0009059096998034461,0.00022231415116615163,0.0008728548062404342,0.03460155958296224,0.04595596022980179,0.019665917230513613,0.005684688094240123
-5.817876758483152e-06,-2.2526532756883e-05,-6.379185196431454e-05,-3.167738283718177e-05,0.0005938136229008819,0.0012544427694827448,0.0005538459306145484,0.001045360757517007,0.03708304863765459,0.02375065370605796,0.04664043865916574,0.02881650216107444
1.1271153675908702e-06,-9.370527174733432e-06,-5.498641720986753e-05,-1.8757229341982556e-05,0.0007951848023139225,0.001376758346947169,0.0012072410202748538,0.0015386699415228361,0.003191187244953528,0.0007124617868268651,0.0840385792728953,0.06984533464009142
9.135683181947596e-06,4.34795383876535e-06,-3.9388096783553126e-05,-1.6852405522303804e-07,0.0008065287605574227,0.001366937855752588,0.0019124230649880274,0.0021790711158290676,-0.0009223955962534974,-0.002676560025743055,0.05699782966973939,0.05823490022115489
1.7942413639171802e-05,1.8291156820860234e-05,-1.770420336122388e-05,2.5073642412762934e-05,0.0009548173308874185,0.0014217027406663886,0.002424355619477822,0.0028693621777681265,0.03058010966225265,0.013629537008503154,0.04538868122821953,0.0798233121666569
2.859207258227397e-05,3.273250320702509e-05,7.736823616797632e-06,5.634568499263601e-05,0.0011751144577330146,0.0014665665365665827,0.0026638497761264797,0.0033850463382064876,0.013479315706866571,-0.00465677782846434,0.002510150101512079,0.02331351992101531
3.97118191068601e-05,4.68748577764417e-05,3.3353717738317636e-05,9.012452910410074e-05,0.0010488348471842115,0.0013619043773167386,0.002459529048177522,0.003370722484086458,-0.0387352378166272,-0.016275654021504507,-0.043374295691303646,-0.026178290745021246
4.8084999288223616e-05,6.149216008839623e-05,5.5707542111593104e-05,0.0001216279474763579,0.0006258011890884923,0.0015615560850741686,0.002011235826477572,0.002929961190364976,-0.045871493802516636,0.05620599557299051,-0.0462843486486864,-0.061973967999275195
5.293918493217472e-05,7.876618394999885e-05,7.429440086029311e-05,0.00014615376791168763,0.00034503593970172826,0.0018932486872463552,0.0017061359232624293,0.0019752028967009697,-0.010281556074836176,0.01013252486144682,-0.014735631994342094,-0.1289776907335261
5.772854273007949e-05,9.69210731258243e-05,9.026588335702729e-05,0.0001596077224530518,0.0006128356198792265,0.0017377291479187343,0.001488160576084406,0.0007155880115718618,0.06384149211033581,-0.041236432726971015,-0.028859437441262556,-0.12294528629229545
6.683348889608064e-05,0.00011126914437231258,0.000102748680217498,0.00016099876169870135,0.0012081536133210038,0.001131885101378921,0.0010083987960097355,-0.000437380162441949,0.05522210657801967,-0.07993237658099168,-0.06709291857367151,-0.10764834851046673
7.997508259670979e-05,0.00011940989138927105,0.0001092079171685853,0.00015349463858384648,0.0014201651268048257,0.0004962643020127744,0.0002834485942077254,-0.0010634444605290257,-0.012819803881255296,-0.047191783292237596,-0.07789712178673051,-0.01756451110694862
9.190996816216332e-05,0.00012183856309727156,0.00010797162068748401,0.00014242525552372583,0.0009668119862858795,-1.0529960412672032e-05,-0.000530707890427984,-0.0011504321514951043,-0.07785082422253393,-0.054167069192851705,-0.08493417514041136,0.00016697291373291012
9.641492694668993e-05,0.00011847613591605059,9.831071782339874e-05,0.00013020856396946633,-6.582022938055802e-05,-0.0006619554758315236,-0.001401472682389069,-0.0012929061593567963,-0.12867561891075358,-0.0761180338909186,-0.08921878325180564,-0.028661774486071323
8.907947745487297e-05,0.00010811685411463228,8.22942331271732e-05,0.00011597549977835446,-0.0014012696689828339,-0.0014099008844521365,-0.001801824256856039,-0.0015537066788655772,-0.1384142690097016,-0.073471047833204,0.00914846835841164,-0.02349832941568486
7.065639803547513e-05,9.17939401757826e-05,6.593463096152489e-05,9.884851862888403e-05,-0.002283346214896734,-0.0018546819033178007,-0.001470096176273624,-0.0018716895510285075,-0.038001040173078426,-0.015485155939928844,0.0571971477580714,-0.04009824501690118
4.8997415899891205e-05,7.284104170908619e-05,5.283209742252926e-05,7.807261975058558e-05,-0.00204845021222005,-0.00193589779002148,-0.0011504105315255017,-0.002283490224631184,0.0849802407084152,-0.000758021400807038,0.006739981191553043,-0.04226188970363409
3.454967548364421e-05,5.3810842025044804e-05,4.073778937777231e-05,5.390351698126026e-05,-0.0008410978710293494,-0.0018701421467867973,-0.001268451077425888,-0.0025503303292338793,0.1564902275297249,0.01390915004774361,-0.030348090371630318,-0.011106131216904958
3.231599111730299e-05,3.816910991445282e-05,2.499162731553301e-05,2.9189379615323593e-05,0.0003943609977611062,-0.0012582042753315997,-0.0018807813350219713,-0.0023924971439534546,0.09060154622836622,0.10847842424329592,-0.09211796114758632,0.042672768272989936
3.866452672642146e-05,3.0024131159869575e-05,2.455450374570925e-06,6.194159481488817e-06,0.0008753461240625871,-0.00037079147558504854,-0.0026264540531704458,-0.0022065468828135,0.005595479031929945,0.06900413570601431,-0.0570165824821086,-0.005482716044999059
4.680705688743447e-05,2.868160484232739e-05,-2.4141758424990675e-05,-1.7232061070791636e-05,0.0007531599081400148,0.00010228621207661125,-0.0026929877067418746,-0.0024786972276425907,-0.030032722216444402,0.025611401826317645,0.04370985176782281,-0.04894735292081909
5.1933370082072076e-05,2.8846585397487857e-05,-4.740667354160494e-05,-4.420892941534901e-05,0.0002721027307875068,-6.929010104451752e-05,-0.0019599953165809793,-0.0029166764412688847,-0.06617871325405719,-0.0599266644505434,0.10288862626435626,-0.03864848980443969
5.0532151429736457e-05,2.5418116699538704e-05,-6.158893035403752e-05,-7.364728119235112e-05,-0.0005523464612546308,-0.0006164036385453133,-0.0008764560459055373,-0.0029709939141315386,-0.09871112515437033,-0.049496043049615746,0.11381922787073216,0.027784995231908916
4.129658947690381e-05,1.7549727485320473e-05,-6.618070331525778e-05,-9.792305751029834e-05,-0.0012947659293118983,-0.0009572742042983331,-4.189854633851388e-05,-0.0018841613494579054,-0.049772768457083144,-0.01867807010098821,0.053092272042672514,0.18958151770281773
2.837235772467184e-05,7.040571392960147e-06,-6.419841563184677e-05,-0.00010595983900552779,-0.001290080421134496,-0.0011445570141737323,0.00043835608302071605,0.00027680505041201503,0.050709870092563586,-0.01877849187409164,0.042958653829173465,0.24261176227116632
1.8833556695190614e-05,-3.6305086830658116e-06,-5.921576040698241e-05,-9.244601633955638e-05,-0.0006176797847617491,-0.0009896590010314598,0.0005581749619521553,0.002425959482782268,0.0837702571819858,0.049758094502546146,-0.018994878042885605,0.18721912420288422
1.661019547755528e-05,-1.08477110100351e-05,-5.29581426716249e-05,-6.108684230810904e-05,0.00017300754123468227,-0.00045378146436239825,0.0006933485851193475,0.0038458753235072014,0.07436720801730046,0.05741741283126617,0.04602960267632403,0.09676404394210247
2.1252336811092806e-05,-1.1722989362705682e-05,-4.272755176969076e-05,-2.083075671230133e-05,0.0007554207254728228,0.0002787257938282818,0.00135276959526748,0.00420534179565434,0.042115428830327636,0.08908403880686985,0.08585459935330245,-0.02487074951267476
2.966875014658955e-05,-2.9733708897533366e-06,-2.4823112763520075e-05,1.7095843050372803e-05,0.0009278619416265262,0.0014711979007621875,0.002228118205966657,0.0033799781568804857,-0.007627185599586958,0.14941038257991127,0.08921512278653296,-0.14020197824209601
3.8380880767090786e-05,1.7346074010373564e-05,1.1830044234478805e-08,4.487856983550429e-05,0.0008145641824737209,0.0025926910792631926,0.0027388703555842543,0.0021765672001458113,-0.015032366230974106,0.07488825312028977,0.012935307136986457,-0.10048021310483879
4.7327505541802494e-05,4.4844009787916015e-05,2.6696191160632503e-05,6.109940328274683e-05,0.0009747607724686207,0.0029068960762452987,0.0025980018676953513,0.0010675994893026963,0.04707168422995407,-0.012047253723868584,-0.04110900471476711,-0.12131332906378423
6.002378265312731e-05,7.214884090734964e-05,5.016211338385269e-05,6.736888258089413e-05,0.0015644946497963422,0.002554070147641426,0.0020951825769486864,0.00018629637032676445,0.0708750912355902,-0.05851793199690594,-0.059454853434565885,-0.05494729473140214
7.711958667415223e-05,9.252071117930299e-05,6.741051629211394e-05,6.84025002453711e-05,0.0018546661544086422,0.0015203039067492442,0.0013544980047035626,2.042716256862894e-05,-0.012840790313130221,-0.14823531618153038,-0.08868206101445889,0.02177345317977504
9.219591302229788e-05,0.00010081180621694725,7.608795200267756e-05,7.07537045679334e-05,0.0011605991152204885,0.00013791510077960814,0.0003809891374091603,0.00044981370194383224,-0.1259726175245005,-0.12824244501239682,-0.10601971244442157,0.06410385469526562
9.598024592522318e-05,9.624202540298479e-05,7.492687477007234e-05,7.610190405012658e-05,-0.0004037325346354294,-0.0010518712635721017,-0.0006132045839302023,0.0006198261944948033,-0.18689371244668307,-0.10971482785794515,-0.09281903182345094,-0.030101356185071412
8.379849891676028e-05,8.021415124983618e-05,6.515997721535306e-05,7.99510209828232e-05,-0.00203261686705715,-0.0021537035670576186,-0.0013401749270136546,0.00014999719204452126,-0.13888315403766105,-0.11065163283915827,-0.052575036793239494,-0.06386444430498499
5.957127371705438e-05,5.335617588535562e-05,4.978861614814922e-05,7.651992105075723e-05,-0.00281282817288403,-0.003217891505838494,-0.0017340972864271146,-0.0008362171784577159,-0.017159107127714845,-0.10218595491701685,-0.026209435089452504,-0.13337842979546244
3.314315226712211e-05,1.7867036026496717e-05,3.0722212666799706e-05,6.167956310923397e-05,-0.002472796117102424,-0.0038799364659332872,-0.002079183409842788,-0.0021318544098469366,0.08516551828403607,-0.03022303710194177,-0.042807789593682144,-0.12574901648238174
1.3179573885642912e-05,-1.974228312502969e-05,5.645472306307992e-06,3.56152542818575e-05,-0.0015199195591934162,-0.003641927364371993,-0.002936164662255555,-0.0030810073556283564,0.10540979329776545,0.07782485741420056,-0.12858846088887121,-0.06408157267390219
2.2349549128788464e-06,-5.075223087108831e-05,-2.866644411610997e-05,3.2624955970227425e-06,-0.000669004235359397,-0.0025600621848397313,-0.003926218622228039,-0.003389544381338597,0.06477327146903838,0.13854817849225184,-0.06942233110562546,0.002374167531854099
-2.3974597507096677e-06,-6.951653765761552e-05,-6.839267121138714e-05,-3.189340256694205e-05,-0.000257478697358306,-0.0011927991724657104,-0.004019026796827394,-0.003641635251454361,0.017531836131179812,0.13490442398255234,0.050860696185754284,-0.05279234155500695
-4.070033489122269e-06,-7.673433380728394e-05,-0.00010361677187832088,-6.99311702286502e-05,-7.703605032421428e-05,-0.00025076005746797313,-0.0030257933365593548,-0.003965918280887271,0.018556693275638525,0.05350339901699511,0.14778599586785357,-0.01206426433157487
-4.711101938421371e-06,-7.943724085308213e-05,-0.00012607240757846314,-0.00010876206501382545,-5.1177639535606034e-05,-0.0002898213516916643,-0.001465333803469096,-0.0038002606761477777,-0.013385011117916876,-0.06131565786173333,0.16430591075019818,0.04519578527947349
-6.572274747993429e-06,-8.523398486535121e-05,-0.0001334177237770948,-0.00014266493249473264,-0.0003210569223788056,-0.0008695274507621519,-3.729436257237642e-06,-0.0029803128200336605,-0.04059084545072304,-0.05462556195236419,0.1280149626921735,0.11879378594334994
-1.175318120567593e-05,-9.509919993286393e-05,-0.00012999150390977262,-0.0001640812241504724,-0.0007151243691576946,-0.0011035155627403925,0.0006889734097216753,-0.0013029455111142946,-0.03822264390505474,0.007827939556716082,0.010525606503609092,0.21667967584052322
-2.006453715557044e-05,-0.00010368571210201732,-0.00012455698820725748,-0.0001682724004036624,-0.0009471468208212076,-0.0006137868710902855,0.000397929730781351,0.0004647102604762982,-0.008181846427647868,0.09011779877330532,-0.06873434229167394,0.13685147847759532
-2.82512878753571e-05,-0.00010644133855279702,-0.00012321290110668272,-0.0001570216772878189,-0.0006902033231361248,6.26615809343451e-05,-0.000129112310666398,0.0017854343626924002,0.05957054596466445,0.04517189163162079,-0.03667406599787586,0.12729334196562508
-3.198097479373007e-05,-0.00010518409079486991,-0.00012421976127784546,-0.00013364635045865278,-5.57340605384693e-05,0.00018878797065107646,-7.225972356615044e-05,0.002889631003140824,0.06732330655486664,-0.019946613688274516,0.04804458341792537,0.09354598612405968
-2.9953242164798694e-05,-0.00010462922244933298,-0.00012034083151458636,-0.00010084595202336805,0.0004612805863247447,-7.78143015436893e-05,0.0008480456762179717,0.0036704486839161227,0.03607962281777617,-0.03337384075067863,0.13601649653889905,0.06261755003100006
-2.5369538251622574e-05,-0.00010558284324095638,-0.0001046143909199618,-6.1505827140142e-05,0.00045546019631047925,-0.00011290985678099163,0.002297242442706938,0.004197576292729086,-0.037243700820629264,0.026354729703218165,0.15382285675889426,0.04280797173159273
-2.221859432819577e-05,-0.00010307542338984295,-7.589528698330171e-05,-1.9851702445809748e-05,0.0001747285883748814,0.0006143938270036792,0.0034465783446250816,0.004133248646137363,-0.01890262076649031,0.11910600705371599,0.07604432362473437,-0.055673501049937346
-2.0519853542597564e-05,-8.93963448021527e-05,-3.898808454225063e-05,1.730358296585664e-05,0.00016501956874476008,0.0021214218905343694,0.003934862143585136,0.003297808436195915,0.016960816840466048,0.1822996056524221,0.021612436167276455,-0.11141454093835229
-1.542283766023355e-05,-6.147667504668736e-05,8.419269565269251e-09,4.5742556729070536e-05,0.0008543836077280426,0.0034625120605586983,0.003864438618778043,0.002389986316446865,0.12091199095619046,0.08591842835244368,-0.035697141128695015,-0.07014988301145769
-1.257210593559974e-06,-2.5209699802667853e-05,3.578719926056298e-05,6.684534399441134e-05,0.0019787418056066734,0.003790882988245205,0.0032913173794214988,0.0018305711366212963,0.10395964861953563,-0.020244242815142366,-0.07892710674261386,-0.04173315295365604
2.196003149409932e-05,1.066854339556684e-05,6.408068035138356e-05,8.421162395396309e-05,0.002664706611925186,0.003384765651401734,0.002367378838742616,0.0016426848552890546,0.033233312644166874,-0.06097922455355187,-0.10586060139316264,0.004155896687207672
4.7724578980554776e-05,4.0960733916417786e-05,8.3161117210688e-05,0.00010084807732207604,0.0024882028853659053,0.0026736724527684557,0.0014487085331182726,0.001684605818333534,-0.06853405795602299,-0.08123941517310374,-0.07787345973170604,0.004228295921688219
6.75621156092039e-05,6.288329839242732e-05,9.506295958428835e-05,0.0001188520275777532,0.0014793044403639208,0.0017108404424334505,0.0009316599416017977,0.0019161842328018982,-0.1332456310443739,-0.1113269868938973,-0.02553625857158895,0.04208738697198461
7.568777726915877e-05,7.320237404667831e-05,0.00010443027502000712,0.00013952919890459508,0.00014582789162705134,0.0003529746884167477,0.0009418031455419568,0.002219250032566477,-0.13344967870299998,-0.16024616390944324,0.02756489935962078,0.01852577298093122
7.120436576697193e-05,7.032755442540595e-05,0.00011477178838649796,0.00016290498737915623,-0.0010425101920644184,-0.0009279386126712188,0.001126499527756211,0.002455907662345754,-0.10421793803529397,-0.09593649630815004,0.009374377083230051,0.028805752974924104
5.706735305953278e-05,5.764749038851011e-05,0.0001255220454418868,0.00018824995217018269,-0.0017848923494234118,-0.00160807419470795,0.0010235518833215584,0.0026130852958595368,-0.0442584934365047,-0.04009062009919623,-0.029963905970160548,0.0026297737278324074
3.920754527349381e-05,4.1764072417257583e-05,0.00013271128205920806,0.00021258239860974203,-0.0017870692077843829,-0.0015686093995425558,0.0004142954401426918,0.002253403992052333,0.043823121764310496,0.04798357913227508,-0.09188738266561278,-0.07456603448927318
2.5345010156707735e-05,2.954529664906831e-05,0.00013314255696092776,0.00022848480136667746,-0.000985437815572832,-0.0008751457540952988,-0.0003280404597987523,0.0009270765593347528,0.11650315667799968,0.09070914995717633,-0.05657979732267604,-0.19069945205424282
2.1242808236517638e-05,2.4884212742379646e-05,0.00012754505270161034,0.00022726981597137326,0.00016499743153481228,-5.7071027242433796e-05,-0.0007914603920647308,-0.0011700736383955935,0.11358389274352917,0.07290579541339667,-0.03610418913051966,-0.22873058749182645
2.7467318257249964e-05,2.709481831005357e-05,0.00011917309525081663,0.00020637460695171922,0.001079904572611653,0.0004991921407772187,-0.0008829310980940122,-0.003008968165535214,0.06939753547183894,0.03834683819053383,0.017810047924663397,-0.13904831793609762
4.034933524529955e-05,3.273436452132531e-05,0.00011037053748639719,0.0001733717853483399,0.0014964988249982641,0.0006287171014771292,-0.0008775804547898752,-0.0035915961551406493,0.013921315005483298,-0.012441846050551736,-0.016739919263836,0.022522720015010544
5.3056137118524056e-05,3.754540367231898e-05,9.96457965707304e-05,0.00014081665911523644,0.0010448615496466372,0.0003334907287216049,-0.0012673677283434831,-0.0029194290914800413,-0.10424877007580866,-0.04660342850055313,-0.061217535446885574,0.11191069271711107
5.694266071095051e-05,3.707222479556061e-05,8.554727087714987e-05,0.0001180539961382393,-0.00026755683116134695,-0.00042812650407327886,-0.0015523374103726228,-0.0016331035039193885,-0.1582349060857882,-0.10572001805842363,0.004223599041057624,0.14535442479501948
4.7754039113907856e-05,2.7851185874393203e-05,7.054788978580266e-05,0.00010891691698318167,-0.0015701674882471835,-0.0014160812801602028,-0.0014475388078968193,-0.00019431232709213558,-0.1022872253313791,-0.09187093715896116,0.01673612145410308,0.1424038105704311
2.8836028640177635e-05,8.651338499891754e-06,5.7887264951197256e-05,0.0001127142166957709,-0.0022134346064988605,-0.0024238881947400877,-0.0010845861590242606,0.0009537722696099805,-0.026366198318956285,-0.10969044575701575,0.055854408320408666,0.08721310876999211
6.763147261019388e-06,-1.7948987656139556e-05,5.0125901540541526e-05,0.0001251364440355934,-0.0022011416693327886,-0.002896177036466175,-0.00046768652310688553,0.00153067319835452,0.02882478575217065,0.01523267741179829,0.06752551886306635,0.028167076978915795
-1.2741510330951602e-05,-4.32987695987631e-05,4.898121573758729e-05,0.00014105979998240594,-0.001699789849061409,-0.002173779352058534,0.00023874936251603847,0.001653997991007988,0.07144557830210527,0.12924685946972986,0.07376165826151845,-0.00350211844822218
-2.507884975682906e-05,-5.663174183618905e-05,5.302904530743021e-05,0.00015612392856548883,-0.0007676780361140821,-0.0004928150954266557,0.0005708165514525451,0.0013588277256085905,0.1149767842873601,0.2069459918566458,-0.007348220474217126,-0.05553193463165734
-2.516443199636312e-05,-5.270771976582306e-05,5.8157528519780437e-05,0.00016610260321391036,0.0007505615882072705,0.001277619509499853,0.0004548800910175006,0.0006369072040757142,0.1886711405769104,0.1471409291286559,-0.015839071612791772,-0.08885216967491794
-1.0676088895238075e-05,-3.5125177701356844e-05,6.296291266614269e-05,0.00016722686857644617,0.002147107032017738,0.002238888903393391,0.0005061967382549502,-0.0004120541315685508,0.09063794818518309,0.04511294965005169,0.026102401060281694,-0.12094009745393505
1.217347758941853e-05,-1.1844007738867927e-05,6.890083358135124e-05,0.00015823204364159857,0.0024228062649135833,0.0024173450891043927,0.0006813874447867591,-0.0013869108554009709,-0.03549810160601405,-0.009421712507851343,0.00893574024608007,-0.07403124731254893
3.21143877374965e-05,1.0831989531315511e-05,7.640980253177147e-05,0.0001430554736251064,0.0015653757647020108,0.0021178543649322946,0.0008204063452972879,-0.0016484031478974626,-0.1359879984363004,-0.05047643232656823,0.018868039856025698,0.021732788813250553
4.061418693639225e-05,2.7783994020542918e-05,8.41430986482496e-05,0.0001288092843042624,0.00013458407507713926,0.001272546532913187,0.0007262528779983377,-0.0012008347162713391,-0.1501703394886739,-0.1185851340772533,-0.03769873331581575,0.06778089751197416
3.559332671599777e-05,3.3322082053652654e-05,8.887704402847333e-05,0.00012190426391815925,-0.0011387561191560347,-0.00016492892629123962,0.00022053619804640785,-0.0001801693609492889,-0.10449769935796091,-0.168909957763632,-0.06344460267457022,0.13635217355243587
2.163709661653396e-05,2.3703197108710606e-05,8.801816976189035e-05,0.00012730628356092115,-0.0016524899007367279,-0.0017588480626971699,-0.00039231105136300413,0.0012605732895016697,0.0017509430418223004,-0.14987386951755405,-0.059124847207312176,0.15179635653775583
6.515451926103376e-06,1.210188505929932e-06,8.274092621158891e-05,0.00014416762606569013,-0.001371839037349389,-0.0027397536578589654,-0.0006631376586972835,0.0021116952114521247,0.05437922963564548,-0.04630724951480508,0.0049595257404563,0.018428027852335188
-5.046421458846139e-06,-2.5479162487044264e-05,7.657939449009291e-05,0.00016556575254646124,-0.0009405356396405141,-0.002598116540735874,-0.0005691686856019164,0.002167930084702098,0.03188144990612948,0.07463467293942333,0.013834268878617134,-0.007181053202340498
-1.3781587860054293e-05,-4.611820331921709e-05,7.194979272657573e-05,0.00018416615675978423,-0.0008064976406011166,-0.001529691625698691,-0.00035675166710151876,0.0015521507579624996,-0.005073850098249982,0.13905031006801333,0.02864913482146239,-0.11597481214557917
-2.082277374187757e-05,-5.3849467984482274e-05,7.056597454794991e-05,0.0001932302006268836,-0.000601739535763539,-1.6561307354346407e-05,7.998803137635363e-05,0.0002606580154573719,0.046025471065765516,0.16357575360085558,0.05869880487411208,-0.14232373635544635
-2.321353023211841e-05,-4.7039678425995755e-05,7.453803082345735e-05,0.0001901231691831595,0.00012358823771537082,0.0013785192190516502,0.0007144232237251348,-0.0008820643042021892,0.09904008363001646,0.11544035168034372,0.06818823359564416,-0.08622072757646584
-1.7143678350694317e-05,-2.8838389636885182e-05,8.458486310606092e-05,0.00017990882366174666,0.001090382138569448,0.0022617385387704646,0.0012949432327955797,-0.0011608048000803788,0.094318696540799,0.061203512263419135,0.047915768218444815,0.0304726284008279
-2.7572188500776153e-06,-4.378946916976002e-06,9.90933979564593e-05,0.0001712044539730683,0.0017869097615538926,0.002630150005211371,0.0016067637372840955,-0.0005800691376552923,0.04498682805608989,0.012478781024762187,0.014448332679258352,0.08567450408418939
1.551455510975643e-05,2.1778482556117556e-05,0.00011584959819920996,0.00017201428748109775,0.0018674450304129165,0.00260133588940734,0.0017444763112660362,0.0007420358392611805,-0.02887977428428512,-0.018241604185568416,0.013094182117129788,0.17874649129910516
3.208301465878074e-05,4.542815555781041e-05,0.00013471168108722688,0.00018828349485748035,0.0014462468793919447,0.00212859871093123,0.0020279402663373487,0.00251180563601534,-0.05535985591990922,-0.07630583150965364,0.04359860889713271,0.17520746805172674
4.3877415837546445e-05,6.345931449514902e-05,0.00015788181219961433,0.00022171570448833457,0.0009126333563611965,0.0014776330765364919,0.002606085956140142,0.004174636290155504,-0.051362848686240414,-0.05388729536929393,0.07203052906342591,0.15735866277630603
5.062987675658121e-05,7.712820222128667e-05,0.00018744452926905902,0.00026820288658892027,0.00043785882744575634,0.0012561444686910387,0.003306457457748795,0.005122800129961637,-0.0435920570968476,0.00958957380020331,0.06804377125830471,0.032274105184920604
5.314387226586727e-05,9.115037300062626e-05,0.00022345857075293875,0.00031961238461960606,6.494027441145638e-05,0.0015482896871768786,0.003896350839027153,0.005159099476175521,-0.030991653510012387,0.04883946989696464,0.049934904997366886,-0.02501423594214383
5.392689964605722e-05,0.00010996442621773363,0.0002630941640808456,0.00036851071884201294,9.166520162653336e-05,0.0022145209562445954,0.004030767826554217,0.004620567368305853,0.036336638953027786,0.08440678391657874,-0.023051507491954087,-0.08269218563178979
5.8345583750682176e-05,0.00013575276502187435,0.0003010298368336175,0.00041103156009434765,0.0007920716192984578,0.0029431468045835497,0.0035563667240001637,0.0038836008821610895,0.10374464458135708,0.06131838575121207,-0.07182871301885649,-0.06470111159716288
7.143546908328679e-05,0.00016644149159897849,0.0003320302696778591,0.00044597249473497786,0.0018259054472224649,0.0031945985108372777,0.002643719844848159,0.0031045860459649514,0.10302212100344436,-0.01102804450046646,-0.11070066281154448,-0.09110185564206472
9.239789174795055e-05,0.00019593973958823647,0.0003542556183299509,0.0004717416034599614,0.0023665790857102876,0.0027050510870143198,0.0018013498855702008,0.0020492356990317543,0.005112606694120128,-0.08688144026412514,-0.05777332904404717,-0.1199682137445747
0.000115157846606386,0.0002188577550068783,0.00036945450831370766,0.00048752953932338673,0.002185411885976802,0.0018785519967140431,0.001238428111181146,0.001108351473653315,-0.04134604664081727,-0.0784183777959302,-0.054811025833763766,-0.06820863133111318
0.00013288126666485651,0.00023528771335837163,0.0003791346737792524,0.0004934809217658556,0.001359272125717302,0.0014074396735846246,0.0006976049819277986,8.192501484046225e-05,-0.12388190541108272,-0.01580408682995349,-0.05335360001690573,-0.13707666043145736
0.0001400522542255363,0.0002479356813178759,0.000383763943860471,0.0004879023110324391,7.492538641865813e-05,0.0011221539183162278,0.0002282490343159197,-0.0011976471615237699,-0.13298744244864602,-0.04125306422372588,-0.04051758950547005,-0.11883777484138905
0.00013604384449012564,0.00025449581229096716,0.0003830370791135654,0.00047006305138459856,-0.0008766073335007927,0.0001898722763020276,-0.0003736219836970368,-0.0023702047680443333,-0.05731910153524414,-0.14520326417911417,-0.07985661409712125,-0.11567374646272363
0.00012542435504817007,0.00024892792248282583,0.00037353215158066576,0.0004414282596418873,-0.0012472905548903208,-0.001303450237930295,-0.0015273635228828894,-0.0033567535804979167,-0.01681754274266148,-0.15346123866735034,-0.15089169374004927,-0.08163601602799311
0.00011250886490935621,0.0002290816167914174,0.00034992891890977173,0.0004043542527139175,-0.0013358074728724515,-0.00266581090035139,-0.0031932830112959155,-0.004058047805096046,-0.0008858408537646689,-0.11901089381686863,-0.18229220394255588,-0.0586228288916327
9.859320841565286e-05,0.0001973127096463039,0.0003094193520845321,0.0003617773624025885,-0.00144732382586822,-0.0036879705286713095,-0.004908630353752008,-0.004457330257169756,-0.021417429745389044,-0.0854210318471153,-0.16077726454866267,-0.021233661523109376
8.183630463464267e-05,0.0001571196869027909,0.00025325388216592635,0.0003144281474469979,-0.0019040569303338166,-0.004350634020031289,-0.006324463629969146,-0.005012512733948357,-0.06992919114773025,-0.04711166642488057,-0.12238939069476487,-0.08980283383261098
6.059757288181574e-05,0.00011140916363909303,0.00018688218134764635,0.00025984739405150395,-0.00234368942023157,-0.004791470632708287,-0.006949876533686854,-0.005903637945150437,-0.01799730683182041,-0.041055656110519034,-0.0026931900487767446,-0.08842220840780493
3.6950525110015925e-05,6.14546252799769e-05,0.00011964246716981378,0.00019502911818816343,-0.002385720134128393,-0.00519943703911494,-0.0064980663018796595,-0.0070600172275176645,0.00959116405245583,-0.040537625170811664,0.09305523641021571,-0.1428536480656407
1.354250645151659e-05,1.0715770124460295e-05,5.9180294249138326e-05,0.00011967260388515608,-0.0022958835975714744,-0.00494833399198838,-0.005594368282255433,-0.008011285633083808,0.00837614325892791,0.09075823459612359,0.08768436751462952,-0.047400033047588025
-8.316157779963705e-06,-3.233170939832725e-05,6.990527759083833e-06,3.976035939190758e-05,-0.002075849248724585,-0.0036611619125691292,-0.004843585015755465,-0.007971163265565892,0.035630726510449934,0.1666761812877266,0.062472285785364096,0.05542450655117129
-2.6409551350914896e-05,-6.120832657669334e-05,-3.9332948825468914e-05,-3.431339492885797e-05,-0.0015428294654656533,-0.0021141615231040894,-0.004421110301155083,-0.006843587598587217,0.07097323014133641,0.14272389660528134,0.022022657134712215,0.17009062684456375
-3.736306017323534e-05,-7.778069328966221e-05,-8.070343907553891e-05,-9.366563954635779e-05,-0.0006478722989984357,-0.0012003118194896848,-0.003852987748858916,-0.005026861324912746,0.10801820315210711,0.040046044117599544,0.09160185332452128,0.19325462789033057
-3.962683243285518e-05,-8.92031115597161e-05,-0.00011338671582500965,-0.00013351760528408857,0.0001951178470744674,-0.0010841718345210927,-0.002683667601035231,-0.0029435318226334116,0.0605798260624735,-0.01681804712388113,0.14226217624021567,0.22341127256553625
-3.682301610934174e-05,-0.00010027498739934731,-0.00013284139182849467,-0.0001514053691358285,0.00036564541762822025,-0.0011302033334051496,-0.001207267599661773,-0.0006340209477145738,-0.026474311951722923,0.007611747347069764,0.15301782403447592,0.23849090241823126
-3.644201522920788e-05,-0.00011033155514147463,-0.00013842265913954971,-0.0001468784558091385,-0.00028944524160144864,-0.0008811102150203139,9.101413745076403e-05,0.0015394036130525735,-0.10454381989421085,0.04220687632989739,0.10663852338803151,0.19619400973519815
-4.3275451632954655e-05,-0.0001156878345589608,-0.00013158786266631264,-0.00012337047206381206,-0.0010772420391479058,-0.0001901456684769207,0.0012759451571966514,0.0031621931360127148,-0.05301553961508057,0.09598603297878125,0.13034768056114596,0.1283638948568301
-5.426701036895009e-05,-0.00011221473904188146,-0.00011277561374835695,-8.765395490138025e-05,-0.0011210697080511812,0.0008847647718927884,0.002486504626394486,0.003981110296473647,0.04425000583442548,0.11899605509516056,0.11176421327842093,0.035419537235356374
-6.118327151465755e-05,-9.790412699879809e-05,-8.36279849033314e-05,-4.800271042931033e-05,-0.0002621825210903096,0.001977357636723886,0.0033430211426106254,0.0039491385979403375,0.12752743155774884,0.09952251787105901,0.05953908996480703,-0.041813876942018297
-5.606185702333783e-05,-7.45820114923378e-05,-4.888124598448099e-05,-1.1249767585739222e-05,0.001286465419354252,0.0026870654645681715,0.003606326641159456,0.003401449970773885,0.18220215653116348,0.04241904769779806,-0.006877990255040961,-0.06772384849127225
-3.614580262783961e-05,-4.6464222927796036e-05,-1.5476393164233506e-05,1.973424641900433e-05,0.0026967454597453923,0.0029364922483401815,0.0030746439228900397,0.0027953528301748257,0.09985385154706458,0.00746630905660392,-0.09945855339884227,-0.05349557962853954
-8.209392901892267e-06,-1.667615642815332e-05,1.088891371148587e-05,4.3392190232413386e-05,0.0028905364854440777,0.0030211210515883615,0.002198417452253836,0.0019362359325069863,-0.061095646407327536,0.009459451593032103,-0.07578674072839839,-0.11832779990502831
1.6066705445904053e-05,1.2826449670565434e-05,2.935104146725769e-05,5.750097575452741e-05,0.001964683184115186,0.0028794001681553896,0.0014940080989005282,0.000885521171915819,-0.1240750138584508,-0.037803628279626494,-0.06509512994226321,-0.0918151522132051
2.887669308705944e-05,3.694984807636813e-05,4.069908265692213e-05,6.1005055907600045e-05,0.0005973143441158919,0.0019452795130051506,0.0007756001390323593,-0.00018470514130129213,-0.149398754141408,-0.1490205027504213,-0.07858646203137057,-0.12223011043021714
2.8743919374545484e-05,4.716036669885184e-05,4.3556498259030255e-05,5.288064105626635e-05,-0.0006238690866186833,9.682421149159108e-05,-0.00020411701861073456,-0.0014401778289654475,-0.09483793200550703,-0.22067055755229056,-0.11735696949724819,-0.12886442710261392
1.9300412778824137e-05,3.741863867401928e-05,3.550775564037615e-05,3.328678217956581e-05,-0.0012648322325255858,-0.002045169816458103,-0.0014056315051200869,-0.0024785939463746595,-0.03335469717587347,-0.2077282480376482,-0.12294592780462224,-0.0788187963792285
4.480844188866093e-06,9.854685562283555e-06,1.4039215586790245e-05,5.0426701143138255e-06,-0.0016990814854660227,-0.0034676208058890432,-0.0028880765055970935,-0.0031702284666757377,-0.05349515341221389,-0.07676194984853982,-0.17354307229077912,-0.05950810768098713
-1.3574369649394216e-05,-2.615134221488846e-05,-2.3433029205423003e-05,-2.986115400159789e-05,-0.001911961282186039,-0.0037335847495453597,-0.004606372452845556,-0.0038105363565066057,0.010919194068210625,0.0235691611172765,-0.17011611715891342,-0.06855347028518644
-3.131664235982279e-05,-6.279610524220387e-05,-7.619716354833323e-05,-7.279154527083554e-05,-0.0016364932598996748,-0.0035953678559177225,-0.00594645441573649,-0.004775541897340924,0.044174410389062224,0.0040742176082509685,-0.09790027541927324,-0.12444763788167723
-4.5296972630221685e-05,-9.852449652259272e-05,-0.00013786223553854731,-0.0001278396758462755,-0.0011595727941801047,-0.003550310400160047,-0.006386559982306327,-0.006234084217747065,0.051209682754851826,0.004937273543284132,0.009879162105305789,-0.16726082619955096
-5.5597881822682796e-05,-0.0001336032012549859,-0.00019857798850919395,-0.00019827833780289308,-0.0009006090443121177,-0.0034654305463185874,-0.005756590611823,-0.007853648173576451,0.0005830672187455699,0.012038697225007805,0.11611471199135973,-0.15665196496632627
-6.471902786081325e-05,-0.00016588533018406778,-0.0002505922901675029,-0.000281807416484493,-0.0009236201633139739,-0.00299099523949779,-0.004646269719838785,-0.008852167562743533,-0.0051852910191168,0.08284836413915167,0.10594946640548339,-0.043051912867090314
-7.487714212739855e-05,-0.00019202720682430017,-0.00029395716642450744,-0.00036821253673406033,-0.0011080026900030853,-0.002237380088548688,-0.004026705531562128,-0.008428856487169928,-0.031691214318705474,0.06787466605066869,0.017963371249847954,0.12771412798181125
-8.654554555735731e-05,-0.0002121973598172758,-0.0003342521908506059,-0.00044309597291987624,-0.001225677995988667,-0.0017966505100464362,-0.00403229935365756,-0.006547830749993254,0.008156153121589127,0.020271249649781692,-0.01908213566893438,0.24849101945352348
-9.811178407875855e-05,-0.00022944939350774365,-0.0003746125305549199,-0.0004965007859762413,-0.0010875697082915812,-0.0016537562280471356,-0.0040397685872052445,-0.004133131861279761,0.019465504417828017,0.008307606750078439,0.017588288959397486,0.23444875828917522
-0.00010765910340853628,-0.00024662955283090546,-0.00041179506438335467,-0.000527192876828298,-0.0008218941576639647,-0.0017822756365852264,-0.0033967381784817093,-0.002005286309131579,0.03366960570769528,-0.03401148845769661,0.11101779278530952,0.1911203521404612
-0.00011506816505901218,-0.0002652566639028696,-0.00043847774902795354,-0.000538596809030055,-0.0006599181724312154,-0.001943146577807601,-0.0019397987504380639,-0.0002755001312198162,-0.0012744086611454208,0.0018373002132216765,0.18037009282341956,0.1548368834418914
-0.00012179196248982536,-0.00028239926682597344,-0.0004496250368268384,-0.0005354832824925237,-0.0006848413137314202,-0.0014853740068131692,-0.000289658809338907,0.0008982054387260661,-0.003710219598895559,0.0897172139856647,0.1496578953964118,0.07990423054728507
-0.00012829155045643436,-0.00029222925433776,-0.00044603867562610026,-0.0005227150498528242,-0.00061507627959038,-0.00048062349554414663,0.0010069310494865333,0.0016554410892138378,0.017663226427103607,0.11123288826813979,0.10966007636867628,0.07154289955026927
-0.00013217537830931552,-0.000290799916356642,-0.00043256545399590434,-0.0005032584347100618,-0.00016168929098585045,0.0007664910917677527,0.0016877132765526518,0.0022358819393386445,0.0730141712938023,0.1381900291942401,0.026496369044547413,0.044545270474692034
-0.00012894975240754884,-0.0002769546413070644,-0.00041524257437151066,-0.0004805374644143423,0.000806814471339186,0.0020025639181477637,0.001776862648326084,0.002308312119805262,0.12068658117120498,0.10902453608176213,-0.008666494689860998,-0.030059234381368594
-0.00011577156794225852,-0.0002529220706947173,-0.0003990418411876103,-0.00045967627097441175,0.001828822421718878,0.0028039502043216546,0.001463283988453992,0.0018639265681808432,0.08371500890473346,0.05125272115301602,-0.05404923728455738,-0.058817875943515174
-9.550918566286075e-05,-0.00022431703580864349,-0.0003853947344424755,-0.0004442815034489964,0.002223654034160676,0.0029170567728931127,0.0012661373605729678,0.0012150269369022282,-0.0047486864163739095,-0.02863140743872436,0.014619911708352556,-0.07096205031220781
-7.62062282034629e-05,-0.00019972317581286076,-0.00037189251209783714,-0.000434452775895432,0.0016369374577188927,0.0020017152262634327,0.0014343071083547001,0.0007507185738106531,-0.11259462887198271,-0.15443690188721163,0.01901403784799391,-0.021899622306107203
-6.568998508556694e-05,-0.00018719693530709473,-0.00035763188988096516,-0.00042698503966532084,0.00046631116586030017,0.0005035328748897729,0.0014178173350196963,0.0007428286722115774,-0.12153062949973578,-0.14519956838752032,-0.02231199251499469,0.02032164198629205
-6.744661466741732e-05,-0.00018875078352309092,-0.00034502119082370025,-0.00041824922572848266,-0.0008176370822303774,-0.000814302518089012,0.0011043224764332846,0.0010043341151560587,-0.13525902011839971,-0.11836751020823669,-0.04038697920228765,0.03197944660260421
-7.999858824763156e-05,-0.00020108864206861777,-0.00033695981244659477,-0.0004085202998617769,-0.001692757633812469,-0.0016532691910163561,0.0005079531989878133,0.000941451058185093,-0.03976509019801858,-0.049425824377232114,-0.0788868762868066,-0.04455605799679735
-9.682797080639901e-05,-0.00021865125492892432,-0.00033691292176391604,-0.00040112813697582266,-0.0016731188779410227,-0.0018592533810449542,-0.000498575062452068,0.0005369815190057541,0.043692841372307806,0.008228986371512509,-0.12241877600116965,-0.0363378498390704
-0.00010987188566449567,-0.00023531507314129352,-0.0003485480503478183,-0.00039893536369259113,-0.0009356640936783089,-0.0014735102614288876,-0.001828450654328388,-9.842686235944664e-05,0.10379811548023496,0.0689196375517008,-0.1435563423740944,-0.09074382643396975
-0.00011547499091071969,-0.0002477331797551271,-0.00037112261440079986,-0.00040594648741016433,-0.0001849569555664941,-0.0010101110613378286,-0.0026864621562679215,-0.0013037978811551944,0.046343312142128,0.023760202466510977,-0.028045958013812294,-0.1503303773251798
-0.00011564993840100645,-0.0002577505946764071,-0.00039685577243089485,-0.0004267753004261915,0.00014996745750914107,-0.0009933719229181662,-0.0024601694497510753,-0.002861964722050244,0.020641570472999027,-0.020412374782578485,0.07330449931718155,-0.1613029908538302
-0.00011435429150769362,-0.00026865633558020185,-0.00041784066789455086,-0.000462271258285806,0.00010916192115342611,-0.0011877762578407878,-0.0017368096429801268,-0.004237226849872647,-0.028802677744142018,-0.018468492201945824,0.07136746203700814,-0.11374943471065041
-0.00011547197496426296,-0.00027955092587051724,-0.0004335322339632757,-0.000506020722759008,-0.00033269861246729485,-0.00099114180022229,-0.0014015035707648428,-0.004512666044767747,-0.05956942898000218,0.05779538372564538,-0.004306247593951346,0.05866159573163049
-0.00012018311500496444,-0.00028686773987039656,-0.00044912622089930264,-0.0005455817238465775,-0.0006095293956730007,-0.0004722209997535748,-0.0017172938164405434,-0.003399534172746155,0.00420327233886101,0.045988776368097645,-0.05885180154118877,0.16396477867268794
-0.00012479928497967276,-0.00029135303449173537,-0.00046815142214724455,-0.0005705530695686775,-0.0003137045992686641,-0.00042483792451418706,-0.0020877464331478393,-0.0015947349716738605,0.05496168694200631,-0.03651216132022009,-0.015238721800270388,0.196995061541771
-0.00012532352437239692,-0.0002976515258832407,-0.00048800458673630125,-0.0005794266338029302,0.000208856720723832,-0.0008348603537868837,-0.0018828864846635006,-0.0001799778751766794,0.0495505770564929,-0.04549232453431923,0.05621071149713816,0.08595635775766525
-0.00012215480257881658,-0.0003066175028177981,-0.000501185641980224,-0.0005782012626767395,0.0004248876379922366,-0.0009583350331245934,-0.0007533245641210471,0.0004250521004148291,-0.006344393602811978,0.020797388666777272,0.16970167261135252,0.03504963736063646
-0.00012000802820912208,-0.0003132654535607708,-0.0005002544781418369,-0.0005732606535066382,4.467235946662568e-06,-0.00037125511546995025,0.0009395573317984684,0.0005630697336054393,-0.07773968680630283,0.09661859486415136,0.16887470657255058,-0.007446110722514415
-0.00012254865042677997,-0.0003109768212697561,-0.00048447158309201325,-0.0005662389544158137,-0.0005125916794782406,0.0008289815736728932,0.002217021678166259,0.0008412700845594544,-0.025672096278677795,0.14342874296441732,0.0866181627010075,0.06308618091331741
-0.00012674443929707252,-0.00029768301430863064,-0.00045963891009381103,-0.0005533764977209699,-0.00032656609458026845,0.0018297798185522005,0.002749512921474185,0.0017312212544093098,0.06287721325827221,0.05673090601144415,0.019880085960577804,0.11490405305665369
-0.0001255973668368021,-0.0002771831310888891,-0.0004317602877417057,-0.0005299775146253049,0.0005559805866343545,0.002270196825396106,0.002826211548946884,0.002948575364723687,0.11363212298465238,0.031352495357336974,-0.004540360466038035,0.12856676900622171
-0.00011488203134433348,-0.0002537194372381946,-0.0004031806865056409,-0.0004965861344425788,0.001587086511859368,0.002422541944742794,0.00288970869826607,0.0037297006718215193,0.09258906206035035,-0.0008834714879993877,0.017239790329875243,0.027658292413344665
-9.571497224979142e-05,-0.00022883937467567573,-0.00037390455901092543,-0.00045910375640901196,0.002246325307049044,0.0025534705677609823,0.0029655168006770256,0.003766774934891857,0.03925869697758487,0.02706919609163705,-0.0020781698476840804,-0.020243439799277063
-7.316948822029074e-05,-0.00020174331772605233,-0.0003432395146234391,-0.0004231246883641225,0.0022627714988510917,0.002865740822163699,0.0031674920768202425,0.0034290386740860306,-0.03596945861717536,0.035384854788906295,0.042473225076327475,-0.04730381236188824
-5.279596173764432e-05,-0.0001709170816120845,-0.0003087632027376557,-0.00039146298887069,0.0018119337976781915,0.003299506400629869,0.0037277703003364363,0.0029033012246004724,-0.054198081617404706,0.05136826090432767,0.06958241962691133,-0.0578436775352234
-3.680158043746554e-05,-0.00013604593106273941,-0.0002676790440713289,-0.0003638891209814536,0.001386942462357564,0.003674723709239147,0.004489061432928925,0.0026114723532468112,-0.030800185446720793,0.02367520081752794,0.0826758068915864,-0.0005220967355087924
-2.389809779881998e-05,-0.00010047267739223608,-0.00022113480713437816,-0.000335759004811415,0.0011937540653715487,0.0034399270248615197,0.004819785954461219,0.0030145508807609103,-0.007837493950482291,-0.07063453769305339,-0.0165309025851276,0.08113780223832862
-1.152888239750177e-05,-7.112239759203425e-05,-0.00017703600826733768,-0.00030077776051256184,0.0012800890148920933,0.0024301289351788455,0.003999973818946878,0.0039816979790097155,0.0251044838545912,-0.13132508024348144,-0.14743152451774075,0.1122916174114324
6.893306363793082e-07,-5.235821560312084e-05,-0.00014554784782351164,-0.00025653059909247765,0.0011635535918841226,0.0013227074626038357,0.002297658269818331,0.004867734305007122,-0.04841156845618534,-0.09015921427152052,-0.19303158530796863,0.06491564778804898
8.345053571276327e-06,-4.331678186254222e-05,-0.00012894199236356617,-0.00020709539708260938,0.00036759099509528134,0.0004855792855118884,0.0010235128221707632,0.0050193060969665314,-0.1107809509015829,-0.07726642114686894,-0.061797504221544924,-0.03460128939616708
7.2506329316365755e-06,-4.115967497597744e-05,-0.00011915998777673186,-0.0001619178000202137,-0.0005864751230232315,-5.415790819893163e-05,0.0009328880951960994,0.004016213315512603,-0.08003227272211967,-0.030681017595295068,0.04367255882661217,-0.16601726689461854
-5.421100467312504e-07,-4.285423671953544e-05,-0.00010760882365505704,-0.0001307941023869586,-0.0009720734726503335,-0.0002847544405126688,0.0013773447291388632,0.0022085262111384164,0.0029126027966992624,-0.015438288867452354,0.045218767961940604,-0.19552015398021888
-8.785728521514528e-06,-4.5755696081440465e-05,-9.312876237971095e-05,-0.0001185542235719912,-0.000676650222306322,-0.0002955374318683363,0.0015186675259303557,0.0002394495518550639,0.05617204727210305,0.013281690596318854,-0.01695420860364208,-0.19829517787645157
-1.1797558456505685e-05,-4.6978830946637354e-05,-8.086610130615001e-05,-0.00012328103277018925,7.428423530809049e-05,5.0910458828958374e-05,0.0009338646887818318,-0.0011848113914946722,0.09401484425077945,0.05600788754314008,-0.10000635882606271,-0.08655701079349565
-6.9095015810421486e-06,-4.351519398288685e-05,-7.758404402514581e-05,-0.0001371115754483792,0.0009033271397846169,0.0006418169339211429,-0.0002774532325809921,-0.001581297144143318,0.07179373664452583,0.06217340747529683,-0.14225722544650204,0.0072598602637665155
4.257439142517855e-06,-3.548106661915744e-05,-8.621487414009722e-05,-0.00015222974377219456,0.0013300610049273838,0.0009650085388247392,-0.0014487127904092888,-0.0014423365206197543,0.013553036384027536,0.0024649135054224253,-0.09199468611915729,0.02053226444094619
1.6625507222934014e-05,-2.8075955974716385e-05,-0.00010218446047697833,-0.0001663171414602022,0.0011435526111558479,0.0005160135900634712,-0.0017452044769669345,-0.0013751430169817727,-0.05085471513833471,-0.09226390325767601,0.03269634880762817,-0.007093563713349849
2.3551381273051974e-05,-2.827430365577004e-05,-0.00011657094298251601,-0.00018021314758405858,0.00024162219886774393,-0.0005556831262742024,-0.0011320920241406007,-0.001404058207789505,-0.12953136731928605,-0.12207544000985872,0.08992614175763858,0.0013105255518033876
1.92090844869678e-05,-3.8107921992651984e-05,-0.00012371980047495008,-0.00019341282824240084,-0.0011100815560845787,-0.0014110405411021862,-0.0002976794743462126,-0.001235877923878945,-0.14080938367117846,-0.04899604295573802,0.07695636820123902,0.032325531230308624
2.8084327045808987e-06,-5.354667229456511e-05,-0.00012450331902067556,-0.00020318475101074773,-0.0021700488003928023,-0.0016767095192804391,0.00014097576520111688,-0.0007185066297904338,-0.07118406519046622,-0.004137752679912551,0.010774679708226875,0.0711487275873936
-1.8747215476970328e-05,-6.927031606474284e-05,-0.00012482159257846574,-0.0002057429511347917,-0.0021410808359174425,-0.0014680192347551067,-0.00020463047675915334,0.0002068666049816415,0.07697765808553819,0.04587580958497904,-0.07989592810028091,0.11392591936702146
-3.4815685770849264e-05,-8.196024550650584e-05,-0.00013107171527592602,-0.00019912161634472216,-0.0010726132228583449,-0.0010699666535974937,-0.001045394062732903,0.001117400353032265,0.13671586452628132,0.03373470664654356,-0.08825678909446898,0.06818083024310323
-3.8610015583517175e-05,-8.994880593558464e-05,-0.0001432538171887951,-0.00018747916842112657,0.0003137472603247629,-0.0005277454322182663,-0.001391026319840913,0.001211089231686853,0.14055623211034024,0.07470953762930192,0.019130337672866968,-0.04944305451218567
-3.093695343336484e-05,-9.06939090856476e-05,-0.00015363484733173,-0.00017960386360064057,0.0012208651697057037,0.00037872480220567416,-0.0006851797087460662,0.00036397173241034834,0.04086734976584794,0.10658450925548617,0.12203898454610236,-0.11998044534311525
-1.786260171388198e-05,-8.224194646710754e-05,-0.00015340811634089146,-0.00018159374540562928,0.0013940051741908684,0.0013116677215023378,0.0007305259069137728,-0.0007619480934080909,-0.006239348868814998,0.08000407460384655,0.16110213858586547,-0.1052035198205726
-4.996152510834152e-06,-6.536704338759456e-05,-0.00013977061789967584,-0.0001919498749809342,0.0011792846664186974,0.0020633128944002595,0.0019969737813293515,-0.0013092778216528959,-0.03670475268561918,0.0703249599757378,0.09218743629725024,-0.0042624258283884
5.353245422184357e-06,-4.2326640482279654e-05,-0.00011800050011488445,-0.00020359761767302218,0.0008905949201850041,0.0025447676866627213,0.0023570497756289265,-0.0010202707167646981,-0.02103319656111946,0.025965998476754557,-0.020172237437335205,0.06206384680602792
1.377135664670133e-05,-1.8336881272609645e-05,-9.626243580804474e-05,-0.0002084837579705334,0.0007930273247183903,0.0022531841552712807,0.0019905630857390147,4.3042657262454395e-05,0.0015196774677966873,-0.08428270475504267,-0.05312510054064712,0.1505988279994026
2.2469701162395354e-05,6.830109951388188e-09,-7.904310394045762e-05,-0.00020105465928936208,0.0009466415784204147,0.0014155581212409259,0.0014533032877784094,0.0014427770789718097,0.029203173272608185,-0.0832425020510283,-0.05432685905147394,0.12934805634246843
3.1827501237759156e-05,1.0199050399479461e-05,-6.571998313885282e-05,-0.0001810034486497686,0.0009249184366523455,0.000622885936664689,0.0012113208725425503,0.002567465048946887,-0.03354780162622201,-0.07529193486421908,0.005930376004302129,0.09558953765254702
3.8331191586808785e-05,1.4020468962182277e-05,-5.155486786696608e-05,-0.00015148781677802467,0.0003758196331575803,0.00014139777587587426,0.0016217021818347992,0.003335661325401898,-0.07627195907273104,-0.02100569729354386,0.07614588585414767,0.05804971763845518
3.8686281987710196e-05,1.579017303084726e-05,-3.0442254160432674e-05,-0.00011668763635232414,-0.0003048015529772981,0.00021254303785712216,0.0026008205594718814,0.0036243747597382086,-0.059852278154244626,0.03523474968979344,0.11967778967326875,-0.0003070307711930398
3.42496827959744e-05,2.037716921976743e-05,-9.914492283613474e-07,-8.189920056505538e-05,-0.000582518285369861,0.0007048561999269118,0.0032893404269423833,0.0033333123977155425,0.004308931675732056,0.06322788272416449,0.0180261838208316,-0.05790544163334016
3.131871940396782e-05,3.252534405650688e-05,3.115149729451957e-05,-5.263919228309374e-05,-3.6743930314547726e-06,0.001724778767420979,0.0031392488776338,0.002518689258676784,0.11145984679194917,0.14075663077464892,-0.048044493682548206,-0.10501918617441147
3.687283969969517e-05,5.473776786183884e-05,5.884516231506388e-05,-3.276632679664418e-05,0.0011144984521769242,0.0027177059936454124,0.002399484126475062,0.001455883838613128,0.1121747222497266,0.05782881447023783,-0.09990845654919939,-0.10754189783831974
