x1,x2,x3,x4,v1,v2,v3,v4,a1,a2,a3,a4
0,0.0,0.0,0.0,0.0,0.0,0.0,0.0,-0.1197338422139485,-0.1907496452331543,-0.1276706504821777,0.0583935439586639
0,-9.069078667862442e-06,-6.237201511026048e-06,1.0974202126666085e-06,-0.0012803730573962,-0.0018138157335724,-0.0012474403022052,0.0002194840425333,-0.1363407692653003,-0.1720135014813433,-0.1218174099588642,-0.0144967354519996
0,-3.357402925732635e-05,-2.245718897986655e-05,1.1228044814809075e-06,-0.0023086250591364,-0.0030871743843202,-0.0019965571915628,-0.0002144071887704,-0.0693096310827505,-0.0826582286682176,-0.0280059679126721,-0.072281510808757
0,-6.641934980380218e-05,-4.5247992965745634e-05,-6.194975933602597e-06,-0.0025070947608059,-0.0034818897249748,-0.0025616036056129,-0.0012491488942462,0.0296156907488538,0.0037151605373018,-0.0850033148973346,-0.1346668302863984
0,-9.754621358941217e-05,-7.454208775051582e-05,-2.6004320001087278e-05,-0.0018325201896406,-0.0027434830321471,-0.0032972153513411,-0.0027127199192506,0.1052992234842132,0.1439661780282476,-0.0621190342483023,-0.1580473747144929
0,-0.0001189333322516,-0.0001083298084024,-6.016252844456043e-05,-0.0006478869969499,-0.0015339407002973,-0.0034603287790369,-0.0041189217694439,0.1316274150539184,0.0979422883416989,0.0294963487091381,-0.1231929953241546
0,-0.0001306169668166,-0.0001396343601246,-0.0001072918819619,0.0005606720070835,-0.0008027862127056,-0.0028005815654209,-0.0053069489340308,0.110084385752782,0.0482886091766581,0.1024530940140578,-0.1144124375932246
0,-0.0001348321505968,-0.000163868646471,-0.0001633837720048,0.001253185140165,-4.025054332794354e-05,-0.0020462757038569,-0.0059114290745564,0.0284182408635242,0.1042185246988743,0.0484080782987434,-0.0064835905118963
0,-0.0001316835754633,-0.0001835916599034,-0.0002191736377499,0.0011056963504867,0.0006699655700122,-0.0018983269826165,-0.0052465440744659,-0.0579159987991783,0.0378246979691689,-0.0188183340506598,0.1394605905299893
0,-0.000125282074651,-0.000203210132007,-0.0002611342795806,0.0002512127288596,0.0006103345924602,-0.0020253674381091,-0.0031455842916637,-0.1129807255262453,-0.0497508934795656,-0.0065897570478666,0.280731366030451
0,-0.000124148248654,-0.0002212421258916,-0.0002797647541657,-0.0007953098322919,-0.0003835693930649,-0.0015810313388043,-0.0005805106253644,-0.0963237867040683,-0.1490299036254889,0.0954569769088226,0.2322833672294105
0,-0.0001344638994785,-0.0002321244725907,-0.000275402791592,-0.0014195697376505,-0.0016795607718264,-0.000595438001014,0.0014529031401016,-0.0285281943676529,-0.1101683721268131,0.1016616906492503,0.1743993858638203
0,-0.000153746914009,-0.0002338232241401,-0.0002554665093622,-0.001412770315116,-0.0021770421342875,0.0002556876911233,0.0025343533058582,0.0298880788745489,0.0106720996346042,0.0685634477782323,0.0418906472874997
0,-0.0001716937686449,-0.0002283038596343,-0.0002297197601518,-0.0008891001893103,-0.0014123287928772,0.0008481852100537,0.0026149965362322,0.0748459462865965,0.142270568647453,0.0499360560078417,-0.0257620012127068
0,-0.0001770355579005,-0.0002176227035413,-0.0002066002047875,-9.095832995721728e-05,0.0003439709417496,0.0012880460085419,0.0020089145366162,0.0847824255840223,0.2089893782779263,0.0380361036898017,-0.0954543987104992
0,-0.000163918123585,-0.000203437358041,-0.0001908333764041,0.001010915298969,0.0022795159213532,0.0015490230915043,0.0011444511400686,0.1355923002012313,0.1781196176427856,0.014159312902669,-0.0774382805990094
0,-0.0001346275199484,-0.0001859982607219,-0.000182862735189,0.002137900239957,0.0035786048059685,0.0019387963723269,0.0004496771029625,0.0898046879963764,0.0816981592802919,0.0637953432618549,-0.061516526822221
0,-9.74304134116098e-05,-0.0001629496261073,-0.000178138277456,0.0027688971388822,0.003860816501394,0.0026709305505938,0.0004952144436273,0.0363946917886524,-0.0252558201952048,0.0826314923915257,0.0706239949551863
0,-6.206960788880958e-05,-0.0001335663137467,-0.0001683309075516,0.0026109091017586,0.003211344603166,0.0032057319215213,0.0014662595372491,-0.0679922992133737,-0.1046385594503969,0.0243287817939632,0.1235850237691795
0,-3.5148078213972194e-05,-0.0001013647051814,-0.0001459988638705,0.0015491483091313,0.0021729613318014,0.0032345897915501,0.0030001491989857,-0.1443598593120738,-0.1030380948225144,-0.0185572077881916,0.1831929085781372
0,-1.7559840846938907e-05,-7.054418944835104e-05,-0.0001060071114512,0.0001170255766316,0.0013446861416051,0.0029295133550602,0.0049982012848616,-0.1420646871878675,-0.0626169432167379,-0.0424580795097842,0.2164175085970376
0,-7.619067182749792e-06,-4.312477755318794e-05,-4.8086319707674485e-05,-0.0008579513688253,0.0006434685912326,0.0025543690239723,0.0065859570638567,-0.0529307019035355,-0.0776265668577764,-0.0325707867078066,0.1011336472019848
0,-3.983964040708464e-06,-1.775724225850483e-05,1.858941732030115e-05,-0.0009299969485245,8.355203717564025e-05,0.0025191380349642,0.0067491903417383,0.0385215859636903,-0.0343567439536205,0.0255245889061978,-0.068486991625663
0,-3.790686457922875e-06,8.642732049022508e-06,7.977817644989717e-05,-0.0003384874465161,-4.4896520618522494e-05,0.0027608568265411,0.0054885614841808,0.0797803144379857,0.008667032394788,0.0228191694091799,-0.1836387798858431
0,-2.0099757326999405e-06,3.625887829760395e-05,0.0001241292611353,0.0004742500556208,0.0004010386656631,0.0027623724231751,0.0033816554529125,0.0827671859894274,0.0805200048615383,-0.0225160500823938,-0.2377424263678163
0,7.339936956593257e-06,6.107149165461018e-05,0.0001457337813435,0.0010694963257606,0.0014689438721955,0.0022001502482261,0.0009392485887298,0.0362820680385192,0.1330610364449458,-0.0899283849074005,-0.2507389464687214
0,2.752000823292873e-05,7.776092824359415e-05,0.0001442069432487,0.0012963491897989,0.0025670703830715,0.0011377370695706,-0.0012446162077036,0.009088504769149,0.0865642657302611,-0.1225542508236959,-0.1860340128179736
0,5.342068921665636e-05,8.270228476914764e-05,0.0001247690130991,0.0012408000842118,0.0026130658136739,-0.0001494657644599,-0.0026429698222176,-0.0201983258865661,-0.0773651796097817,-0.1348863159824261,-0.0936367100848273
0,7.364880054165403e-05,7.60064443858797e-05,9.6763261940097e-05,0.0010132353143243,0.0014325564513255,-0.0011897023121936,-0.0029581804095831,-0.0253146280909362,-0.1587366928598962,-0.0731609935643093,0.0305945926117274
0,7.970708724092828e-05,6.215937351086888e-05,7.069793713669017e-05,0.0005781973501971,-0.0002208991114707,-0.0015797118628085,-0.0022548845510982,-0.0616929647345158,-0.1719544196993623,-0.0048409165586702,0.1100645790852513
0,6.962231399553352e-05,4.677169945015015e-05,5.4582501718689686e-05,-0.0002810020756628,-0.0017960555376082,-0.0014978229493352,-0.0009682025325018,-0.110146920437485,-0.1430768655281398,0.0212186992533334,0.1472718246340241
0,4.647684979470143e-05,3.301700319529143e-05,5.1057718321334925e-05,-0.0013834248451234,-0.0028330373025581,-0.0012531163016365,0.0002632458530309,-0.1103376334546233,-0.0643194874618511,0.027722630286404,0.0990178524725292
0,1.8322233432081372e-05,2.203389120726589e-05,5.611233744361522e-05,-0.0022145483254662,-0.0027978859699658,-0.0009435060959685,0.0007476779714251,-0.0558870626139366,0.0713497539803238,0.0341994108471856,-0.0021314287936804
0,-4.235201484685277e-06,1.386950419065594e-05,6.117827069898462e-05,-0.0022253748416265,-0.0017136010133875,-0.0006893713073534,0.0002655086796487,0.0537217593818769,0.1455072373353394,0.0166275468758478,-0.0943024295616041
0,-1.4334441329152262e-05,8.356463659775075e-06,5.991351889424182e-05,-0.001140857814457,-0.0003062469555058,-0.0004132367988227,-0.0005184590405972,0.1631816460520274,0.135963574240984,0.0385993548302821,-0.0624911144875993
0,-1.0893500582966924e-05,6.566123460321042e-06,5.2612097938403824e-05,0.0004926337349912,0.0009944351047429,5.516875893195485e-05,-0.0009418251505703,0.1635166638376266,0.1241728378087853,0.0550817567206611,-0.0221821075070048
0,3.6328014883361472e-06,1.0268856886086434e-05,4.4056743303079256e-05,0.0017618213018764,0.0019108253095176,0.0006853779262211,-0.0007692457764946,0.0903208495394146,0.0591052031461546,0.0709600767371726,0.056697982322146
0,2.4677217043307803e-05,2.053596846588229e-05,3.959300764180624e-05,0.0022086780654073,0.0022980578014766,0.001368044389738,-0.0001235013557599,-0.0009494968332295,0.0183412952456488,0.0655732159662124,0.0724509018247748
0,4.846558920296661e-05,3.654610852798378e-05,4.39149895585404e-05,0.0018820789934881,0.002459616630455,0.0018339836226822,0.0009878977391068,-0.064370317550621,0.0139704705500337,0.0276146306226274,0.1498289171485911
0,7.244643239803805e-05,5.536485648536953e-05,6.054031800720309e-05,0.0012582086766131,0.0023365520085591,0.0019297659687949,0.0023371679506257,-0.0604037458243821,-0.0385833949292115,-0.0084581614000968,0.1200251251551844
0,9.251119569798232e-05,7.502759278123715e-05,8.886325985993172e-05,0.0007782241897968,0.0016764006514296,0.0020027812903786,0.00332742041992,-0.0355931515388711,-0.0934468764966972,0.0230612257168408,0.0780253687036771
0,0.0001047894164992,9.55096182684984e-05,0.0001245945996828,0.0003731071822295,0.0007792435088149,0.0020936238070736,0.0038188475446704,-0.0454302499745921,-0.0859845520262432,-0.0048927223778396,0.0202600562464185
0,0.0001084736189255,0.000116489365971,0.0001607797944067,-0.0001431361804221,-4.240302354307818e-05,0.0021023257334372,0.0034181914001025,-0.0578184225557456,-0.0783447544453627,0.0066331076505644,-0.1003912851600055
0,0.0001065008150668,0.0001366478771519,0.0001875112766542,-0.0006419738222755,-0.000352157748202,0.0019293765027463,0.001928105049397,-0.0419491058149342,0.0163938095135765,-0.0412229537887483,-0.197625984981093
0,0.0001042310372044,0.0001524328103628,0.0001973657125505,-0.0007011581850091,-0.0001017978242691,0.0012276101394324,4.27821298538062e-05,0.030112233268221,0.0336781752730019,-0.099130318874027,-0.1794385989275593
0,0.0001046454674374,0.0001583108774312,0.0001910681315887,-0.00019108494606,0.0001846838708547,-5.199672575118236e-05,-0.001302298322196,0.0719024145215832,0.023618163751764,-0.1567910541627007,-0.0895774914824194
0,0.0001067324653707,0.0001503929185649,0.0001740152880048,0.0005097589932732,0.0002327157158095,-0.0015315950475075,-0.0021082703945914,0.0682663733450948,-0.0140117947607886,-0.1391286101885757,-0.071616922996653
0,0.0001065601108908,0.0001294669727979,0.0001498293620791,0.0010629168126317,-0.0002671866117794,-0.0026535941058995,-0.0027289147905497,0.0423651905265999,-0.0859686707570191,-0.0852712014898266,-0.0525119561949997
0,9.906406216869462e-05,0.0001005080157999,0.0001191896018045,0.0009463818904999,-0.0012320231326584,-0.0031381972937013,-0.0033990372643788,-0.0656721749529675,-0.1069986334187727,-0.0116494360705242,-0.0815125385708276
0,8.295308721012594e-05,6.981165780324173e-05,8.227001504324226e-05,-0.0001767068350104,-0.0019901718590553,-0.0030010743056377,-0.0039848800878735,-0.1589455701491167,-0.0446311118606116,0.0390740336832434,-0.0356560261281156
0,6.159400448411316e-05,4.181834550809405e-05,4.238577933387522e-05,-0.0016901429060251,-0.0022816446861472,-0.0025975881533918,-0.0039919670539998,-0.1437416440538235,-0.0136634535577681,0.0416231967659432,0.0342386329028608
0,3.817951499979612e-05,1.7583592033397747e-05,6.222349840594553e-06,-0.0025691233453574,-0.0024012532107161,-0.0022493625415474,-0.0032407188446562,-0.0320544438126302,-0.0102582513560227,0.0280219256029257,0.1160110089658487
0,1.3794545446841196e-05,-4.401891025454536e-06,-2.0460196465214815e-05,-0.0022816317652464,-0.0024757406998748,-0.002147734070223,-0.0020957904165055,0.0895527598348334,-0.0046392464757016,-0.0076962313380343,0.1129746766642937
0,-1.0074598092511517e-05,-2.523377303642106e-05,-3.5691687934871043e-05,-0.0011036787638263,-0.0022980880079957,-0.0020186423319703,-0.0009505078774256,0.1460378404491882,0.0401697848515143,0.0335145789885734,0.1160818311516895
0,-2.976565063010275e-05,-4.230143361777605e-05,-4.0792176530873366e-05,0.0002041868663881,-0.0016401224995225,-0.0013948897843006,-6.958984177480058e-05,0.1155352855937109,0.0914233168431319,0.091235930545349,0.060101775978483
0,-3.9343205413848745e-05,-5.138197665198815e-05,-3.999762914833405e-05,0.0009600389633529,-0.0002753884572266,-0.0004212188225417,0.0002284993182826,0.0356351337992476,0.1815234916160312,0.1034982618064441,-0.0004839439669903
0,-3.26760467619359e-05,-5.066291965762836e-05,-3.5873108711838495e-05,0.0009731518201855,0.0016088201876092,0.0005650302214136,0.0005964047690164,-0.033012562432737,0.1953182373511591,0.0937515469846385,0.0740650341137474
0,-1.1176799975961038e-05,-3.848592600418022e-05,-2.520722002730051e-05,0.0006036375821689,0.0026910291695857,0.0018703685092759,0.0015367729678911,-0.0408902851705794,0.0211235590441311,0.1673161105878122,0.1140086056611925
0,1.505302251261374e-05,-1.1352380602698894e-05,-4.133731724272971e-06,0.0005127766753394,0.0025549353281292,0.0035563405710203,0.0026779246927143,0.0227181038046763,-0.0483423273354245,0.1698783017610644,0.1142217393034493
0,3.7835091325129214e-05,3.0817946623008265e-05,2.8261567390182143e-05,0.0009469775056668,0.0020014784343738,0.0048777248741211,0.0038011351301766,0.0641220622608075,-0.0623490514156543,0.0943985588590921,0.1104203481890121
0,5.6978227468552656e-05,8.063302295388406e-05,7.267995212888637e-05,0.0014218972503558,0.0018271487943108,0.005085290392054,0.0050825418175641,0.0308618866770025,0.027483123403052,-0.0528854552725031,0.1458609892884904
0,7.78533490901054e-05,0.0001279943522648,0.0001293337831856,0.0014245905613957,0.0023478755299997,0.0043869754701359,0.0062482243937805,-0.0303232244690198,0.0766622237347223,-0.0867775291111182,0.08727552595479
0,0.0001044186304465,0.0001681130632715,0.0001936499527411,0.0010493230973704,0.0029651807412957,0.0036367667312045,0.0066150095173246,-0.0447302683360469,0.0467988185244783,-0.0632642186751562,-0.0139185012459847
0,0.0001341371470381,0.0002030978448945,0.0002569962892692,0.0007061852416497,0.0029785225770151,0.0033601895934025,0.0060542577883079,-0.0238973028080864,-0.0441304513805905,0.00794879111475,-0.0982318445573476
0,0.0001602126765605,0.0002375414586914,0.0003106223610273,0.0007753819555774,0.0022365833274773,0.0035285331659697,0.0046709565633085,0.0377366455936205,-0.1042573985269789,0.0257199233986841,-0.1784284004425408
0,0.000177818246439,0.0002730681507906,0.0003474752779996,0.0009477454018667,0.0012845306482121,0.0035768052538683,0.0026996268311535,-0.0032639563357576,-0.0861531373260443,-0.0160655058189559,-0.2158375459884512
0,0.0001885701823815,0.0003043234581986,0.0003658045225931,0.000849014227445,0.0008658565402807,0.0026742562277309,0.0009662220875382,-0.0164822785485849,0.002418315739765,-0.1644442994085287,-0.130843402734605
0,0.0001973790827106,0.0003208641594365,0.0003690651139412,0.0005340477757767,0.0008959235255396,0.0006338840198454,-0.000314103817919,-0.0465110117850706,0.0035950813119984,-0.243630142168565,-0.1252217783568606
0,0.0002047547475327,0.000316501925255,0.0003608398085744,0.0001078186206122,0.0005792094388874,-0.0015063308561368,-0.0013309572554466,-0.0387348192478384,-0.0669378986424265,-0.1844128330279007,-0.0781489091486569
0,0.0002053250911409,0.0002955426081601,0.0003423877453473,-0.0001375078923891,-0.0004651407172415,-0.0026855325628421,-0.0023594553899632,-0.0103304833524359,-0.141932132583377,-0.0514275083131524,-0.1275507177546539
0,0.0001928551737475,0.0002683428440738,0.0003107510946006,-0.0003240915379089,-0.0020288427614449,-0.0027544202544174,-0.0039678747593756,-0.0269862457515296,-0.1708082762572999,0.0376499699980897,-0.194133156127841
0,0.0001665127557456,0.0002405791954696,0.0002628497065091,-0.0009517766262517,-0.0032396408389376,-0.0027983094664217,-0.0056124028589352,-0.0985507719170209,-0.071351339241238,-0.0464278123989581,-0.1347724637840672
0,0.0001326435730281,0.0002080185557825,0.0002038452444573,-0.0019785360374425,-0.0035341957045622,-0.0037138184710055,-0.0061884895514178,-0.1068011103211527,0.0124403661163169,-0.1366739885177884,0.0195551252875453
0,9.861777986348155e-05,0.0001637731490009,0.0001441641085722,-0.0025441428831941,-0.0032709629283683,-0.0051352628853033,-0.0057477376256003,-0.0063202588291653,0.040206189122465,-0.1476148943417748,0.0685952598759576
0,6.773832332979991e-05,0.000108197174073,8.942736362228668e-05,-0.0022722582217328,-0.002904928378368,-0.0059799321002791,-0.005199611364395,0.0606971911214308,0.0330007208775956,-0.0213189486533957,0.0410299923651018
0,3.926091926688168e-05,5.076988187464522e-05,4.0143464156577016e-05,-0.0014777770481913,-0.0027905524342156,-0.0055055263394042,-0.0046571685287469,0.0981990435868727,-0.0101255320471199,0.116200100828386,0.06745857476452
0,1.0588494515185165e-05,3.0445511333396845e-06,-4.007778006945695e-06,-0.000749240235901,-0.0029439325161236,-0.0040395398088568,-0.0041730799039576,0.0475083188711756,-0.0205504843344868,0.1769972052810887,0.0293591501933362
0,-1.6982156786065943e-05,-2.9505223929363587e-05,-4.390047436394923e-05,-0.0004757662245204,-0.0025701977441265,-0.0024704152036837,-0.003805459367443,0.0071864834049564,0.0952974387339101,0.1368277157535272,0.0441649571095746
0,-3.768093262818968e-05,-4.878950460384307e-05,-7.950982162982829e-05,-0.0005976282589749,-0.0015695574242981,-0.0013864409312121,-0.0033164100857327,-0.0315588902958636,0.1048306252317614,0.0799671387408082,0.0536448992324933
0,-4.775265503785332e-05,-5.972024523718296e-05,-0.0001090879780196,-0.0009545358114368,-0.0004447870576345,-0.0007997071954558,-0.002599221192227,-0.0398226201965059,0.1201234481009704,0.0373796084104399,0.0897928794686414
0,-4.771530460234144e-05,-6.553776564292942e-05,-0.0001292216749885,-0.0007674206244864,0.0004522571447369,-0.0003637968856934,-0.0014275182015564,0.0772456575865801,0.0592853923733182,0.0498024535420487,0.1445477186654802
0,-4.043518836598731e-05,-6.660432289217798e-05,-0.0001343404418819,0.0002315130316562,0.0010037661025339,0.0001504854358437,0.000403764822874,0.1225410736419487,0.0510163991860833,0.0530540107653789,0.2217088862206116
0,-2.8737961131377837e-05,-6.148213703857999e-05,-0.0001192208691485,0.0013939492688563,0.0013356793443879,0.0008739517348758,0.002620149723803,0.1099461737980715,0.0153662491847289,0.0916392490410549,0.2215680939651916
0,-1.5180401679868136e-05,-4.698609060593398e-05,-8.533488251159496e-05,0.0021080574744865,0.0013758325459139,0.0020252575516533,0.0041570476035923,0.0328754673279798,-0.0073356088795323,0.1386219143144325,0.0858114819926806
0,5.13865713429964e-07,-2.000076526752536e-05,-4.148003401373964e-05,0.0018446521827645,0.0017630209327456,0.0033718075160284,0.0046139220959786,-0.0855565256723778,0.0847732862458715,0.130688078560584,0.0055634164845788
0,2.232406436091763e-05,1.8531430076474223e-05,3.753264139076834e-06,0.0010935830731798,0.0025990187967518,0.0043346315527715,0.0044327375345846,-0.064657296244558,0.0824262865553719,0.0618767287880376,-0.0418003287633921
0,5.1435405325056855e-05,6.210625701944287e-05,4.559955515655186e-05,0.000730774344313,0.0032232493960759,0.0043803338358222,0.0039365206689103,-0.007904449528803,0.0424198333094472,-0.0527362721778962,-0.0574430443714523
0,8.411752680830265e-05,0.0001026489861908,8.230206406418945e-05,0.0009213027226779,0.0033131749005731,0.0037282119984545,0.0034039811126171,0.0460101252017694,-0.0244347324100036,-0.0776880952956294,-0.0490648668872009
0,0.0001135536285361,0.000136130429936,0.0001140773790751,0.0012719968720198,0.0025740454449872,0.0029680767505829,0.002951081889575,0.0241287046666152,-0.1233911587071837,-0.074338954278707,-0.0415149777212115
0,0.0001327544862602,0.0001620180323933,0.0001411932465695,0.0010977281349957,0.0012661260998513,0.0022094437408796,0.0024720916093054,-0.0589824520714317,-0.1381927103200021,-0.0773876476619445,-0.0542830783327013
0,0.0001394220854684,0.0001790051696805,0.0001616306546001,0.0002362621222283,6.739374178877148e-05,0.0011879837165574,0.0016153899968148,-0.1133107504820414,-0.101553761292508,-0.1269043572025021,-0.1170572441654314
0,0.0001361703075251,0.0001852501556249,0.000172283860084,-0.0006211316093334,-0.0007177493304622,6.1013472328317686e-05,0.0005152510999609,-0.058167995830319,-0.0554748531576976,-0.0984896916433175,-0.1029705352053548
0,0.0001272271915121,0.0001805096628478,0.0001731058232537,-0.0009995688407077,-0.0010708738721406,-0.0010091120277457,-0.0003508584660257,-0.0175194504445396,-0.0151500551779846,-0.1155354083714861,-0.0702513779919836
0,0.0001152636096416,0.0001648136341245,0.0001648133777033,-0.0009790626275478,-0.0013218425019528,-0.0021300937169192,-0.0013076306440362,0.0216206930765073,-0.0350436707844598,-0.1086609294632218,-0.1211030576101148
0,0.00010067247835,0.0001406782832455,0.0001448779442977,-0.0008674342721798,-0.0015963837563744,-0.0026969764588722,-0.0026794560370884,0.0007049779970881,-0.019864580099853,-0.0047156189273709,-0.1532620210003135
0,8.426945336855788e-05,0.000115226942542,0.0001121730534791,-0.0007873144714705,-0.0016842212399162,-0.0023932916818377,-0.0038615221266335,0.0153189821447868,0.0022970833914855,0.0654525743342627,-0.0831511969087068
0,6.730424321321463e-05,9.218205554514758e-05,7.203691171541281e-05,-0.0006688902775703,-0.0017088207911523,-0.0022156857175372,-0.0041657062261169,0.0083658566352456,-0.0072169936386984,-0.0299313814741634,0.0223143770120148
0,5.046213235249182e-05,6.783184911590248e-05,3.198307576946884e-05,-0.0008231132501045,-0.0016596013809922,-0.0026543555683117,-0.0038450609630718,-0.0392104511420809,0.0170608756707291,-0.0578025886807402,0.0418146755970208
0,3.49072580647696e-05,3.93726172569582e-05,-2.596631462470692e-06,-0.0009943674403545,-0.0014513734765522,-0.003037490803477,-0.003070880483316,0.0049596130920725,0.0245847052172638,-0.0188244583523234,0.1130214203541208
0,2.0089883441367573e-05,1.0402538966976897e-05,-2.736611376143824e-05,-0.0007895127433868,-0.0015121014481281,-0.0027565248545191,-0.0018830159764774,0.0360113263014709,-0.0367302995324491,0.0750176481439064,0.124551481013617
0,3.447237214096822e-06,-1.2960371569718729e-05,-4.21031211982594e-05,-0.000614515938225,-0.0018164277973259,-0.0019160572528199,-0.0010643855108868,-0.001011965269113,-0.0241349703071144,0.0930758721959376,0.0391746121045004
0,-1.3241502287104012e-05,-2.8252940329207755e-05,-5.140024034034405e-05,-0.0005492400259528,-0.0015213201029141,-0.0011424564990778,-0.0007950383175301,0.0140671477235617,0.0831565091894747,0.0616442785524818,0.0146948265668422
0,-2.3866160868554356e-05,-3.752599788516108e-05,-5.89451318219162e-05,-0.0004443795805278,-0.0006036116133758,-0.0007121550121128,-0.0007139399787843,0.0069049413614252,0.1003851887181847,0.0244160188405269,0.0015248411823156
0,-2.582404588803356e-05,-4.299717560098129e-05,-6.649856817135342e-05,-0.0002878042584937,0.00021203460948,-0.0003820805310512,-0.0007967472911031,0.0244101230453977,0.0627440558530011,0.0415988773717887,-0.0180863036460765
0,-2.257276834028893e-05,-4.55401656114194e-05,-7.436865619366419e-05,-5.904581044074281e-06,0.0004382209000688,-0.0001265174710363,-0.000777270313359,0.0319698124445405,-0.0175067977352339,0.0095137346311795,0.0219816991948954
0,-1.9865797443315005e-05,-4.6465142156009766e-05,-8.003985890789435e-05,0.0002812362453828,0.0001031732793259,-5.84778378816819e-05,-0.000356970229487,0.0254583528408465,-0.049502726413361,0.0040941919997622,0.06207831757951
0,-2.0808404389298843e-05,-4.6896801601838814e-05,-8.139106862286273e-05,0.0002480026673073,-0.0002916946685226,-2.7854051284127804e-05,8.672828649332602e-05,-0.0321050684559494,-0.0294708631563545,0.0020305653197485,0.0266613856165555
0,-2.4733642594671537e-05,-4.844675114644784e-05,-7.997053817589803e-05,-0.0001466565443317,-0.0004933529725518,-0.0002821358576376,0.0001973778028996,-0.0468267738718672,-0.010860797649484,-0.0528869265904585,-0.0045314823352981
0,-3.0620281979554935e-05,-5.3235276329482063e-05,-7.925320949166922e-05,-0.000588854614721,-0.0006839749044248,-0.0006755691789691,-5.391206605385047e-05,-0.0416128402060037,-0.0272635887251054,-0.0257997376758394,-0.0457264914553946
0,-3.89593258791832e-05,-6.166659386347577e-05,-8.246097035317508e-05,-0.0008550967858267,-0.0009838338755008,-0.0010106943278295,-0.0005876401062473,-0.0116355940151249,-0.0327082054900994,-0.041225292096242,-0.0610191165832997
0,-5.015327819936318e-05,-7.330099031751307e-05,-9.161698780670588e-05,-0.0008236404016003,-0.0012549565885351,-0.0013161849629778,-0.0012435633844588,0.0179268708604119,-0.0215163371167647,-0.0198728349334201,-0.0701655390590027
0,-6.365351553849316e-05,-8.73194238269542e-05,-0.0001062606022289,-0.000490100889403,-0.0014450908792908,-0.0014875017389103,-0.0016851594999936,0.048781031579031,-0.0165105210343703,-0.0143905202530708,-0.0181536840479519
0,-7.817633944058369e-05,-0.000102049299103,-0.0001230595899568,-0.0002890001373345,-0.0014594739011272,-0.0014584733162998,-0.0016746380455876,-0.0085608811653197,0.0136339166670831,0.0201962047751662,0.0202579749291466
0,-9.123407625615864e-05,-0.0001158722018862,-0.0001395430049969,-0.0003876998800012,-0.0011520734619877,-0.001306107240356,-0.0016220449624317,-0.0111790673680304,0.0478461711608274,0.0102770104136026,-0.0097393582979667
0,-0.0001000174439341,-0.0001281719571586,-0.0001555109130839,-0.0004536612529396,-0.0006046000736018,-0.0011538438141185,-0.0015715366549714,-0.0020132072196432,0.06164850651634,0.0201756748338853,0.019841019790017
0,-0.0001037863444404,-0.0001383353937519,-0.0001695963433834,-0.0003947529304102,-0.0001491800276676,-0.0008788435045432,-0.0012455494049202,0.0137948717255307,0.0294355026705105,0.0348243870811788,0.0453564302202334
0,-0.0001043635420987,-0.000144657360789,-0.000179851294868,-0.0001652468489856,3.374049601085938e-05,-0.0003855499028727,-0.0008054408920058,0.0321063445593768,0.0071486020651868,0.0638343332529213,0.0426652723626395
0,-0.0001039132286577,-0.0001465765256872,-0.0001859947281393,0.0001929837228552,5.6322192192173614e-05,1.716923231762221e-06,-0.0004232457622411,0.0395397698088082,-0.002632262828924,0.0136190319679825,0.0337737535903099
0,-0.0001030830133492,-0.000146018167271,-0.000187612182037,0.0003224195486124,0.0001097208695102,0.0001099547600082,9.97549826986459e-05,-0.0136526046573617,0.0133119982925423,0.0080285353873143,0.0708263953976429
0,-0.0001018699523071,-0.000144959788599,-0.0001842372741645,4.139370172110595e-05,0.0001328913389106,0.0001017209743997,0.0005752265918046,-0.042552564720914,-0.0086779044124637,-0.0096752925090041,0.0242679264235609
0,-0.000101103710842,-0.0001454673062538,-0.0001768722736518,-0.0003453980509232,2.0356954109838505e-05,-0.000203224505374,0.000897773510735,-0.0348057858079541,-0.0138289725477002,-0.0513138034457709,0.0402414573625153
0,-0.000101962390926,-0.0001474916019555,-0.0001655036560038,-0.0004362987751917,-0.0001920929709261,-0.0002016346349552,0.0013759500188654,0.0166256409542607,-0.0286610124594901,0.051631777529535,0.0553938442635617
0,-0.0001048365950274,-0.000146729560734,-0.0001519324256046,-0.0001304286711122,-0.0003827478493406,0.0003540428792559,0.0013382960609663,0.0445483798616217,-0.0094699632234193,0.0595037253127162,-0.0629246358433848
0,-0.0001079014922439,-0.0001404826945759,-0.0001425425554571,0.0002173817004815,-0.0002302315939646,0.0008953303523568,0.0005396779685404,0.025013694457139,0.0399732142986244,0.0487537693074584,-0.0967989826417896
0,-0.0001076650128799,-0.0001307904561715,-0.0001411275063258,0.0004668462137507,0.0002775274667674,0.0010431173285317,-0.0002566681422783,0.0248792081967071,0.0615785978478019,-0.0191963740724733,-0.0624702395219644
0,-0.0001026526009097,-0.0001227703794639,-0.0001460527906026,0.0006776396467362,0.0007249549272645,0.0005608980129895,-0.0007283887130812,0.0172794784004024,0.0279068942516048,-0.0772474890359666,-0.0318738746386156
0,-9.480269732481836e-05,-0.0001206813524266,-0.0001532192523458,0.0008553536962132,0.0008450257897259,-0.0001430926055358,-0.0007049036355653,0.0182633314949948,-0.0038927217593171,-0.0635506346691322,0.0365708901417961
0,-8.695702817299389e-05,-0.0001241481442144,-0.0001589378947373,0.0008758078481148,0.0007241080406389,-0.000550265752017,-0.0004388248427287,-0.014172501114671,-0.0202908280580911,-0.0178839946270997,0.0166448684255136
0,-8.123276801565014e-05,-0.0001293280667148,-0.0001620460156447,0.000409401194924,0.0004207439908298,-0.0004857187480659,-0.0001827993387508,-0.0791088295234938,-0.0403819819037296,0.0307933954173121,0.0345602323700637
0,-8.043989606023259e-05,-0.0001312227843335,-0.000161810176337,-0.0002428523435987,-0.0002621695997463,0.0001067752243242,0.0002299672002772,-0.0513418781810631,-0.0962007362114973,0.0877053990607461,0.0479930754355736
0,-8.637957963844944e-05,-0.0001271401809528,-0.0001570815037631,-0.0007626316627942,-0.000925767115897,0.0007097454518204,0.0007157673145133,-0.0526139856580499,-0.0365187670186521,0.0328886464384769,0.049166947411631
0,-9.632114804678772e-05,-0.0001190225791601,-0.0001474095925857,-0.0012597356259598,-0.0010625465657705,0.00091377490671,0.0012186149209657,-0.0468068069750715,0.0091628770439446,0.0079172445394481,0.0514025738788593
0,-0.0001060223598109,-0.0001108176027509,-0.0001337344410911,-0.0012714348511754,-0.0008776957870595,0.0007272203751376,0.0015164153779531,0.0444669619319643,0.0278072786982619,-0.0452281508539331,0.0081575175186138
0,-0.0001114924522662,-0.0001060519876161,-0.0001171531160828,-0.0006068629303378,-0.0002163227039929,0.0002259026518163,0.001799849623702,0.0884474222355548,0.1044673379150656,-0.0550353938103127,0.0485293316311775
0,-0.0001096292458834,-0.0001061204624415,-9.958722073842172e-05,0.0003633119189475,0.000588963980538,-0.0002395976169051,0.0017133294451837,0.1055875476215144,0.056589998991136,-0.0380646599340029,-0.0658333673348529
0,-0.0001013082571669,-0.0001081066824902,-8.782474921728464e-05,0.0011610879912224,0.0010752337627724,-0.0001576463928278,0.0006391648590436,0.0539676668334656,0.0406639574557284,0.054454904749469,-0.1489995498931527
0,-8.868873393363206e-05,-0.0001054966787391,-8.92314178335554e-05,0.0013315979581309,0.0014486708838857,0.0006796471430396,-0.0009204985822978,-0.0198656734517609,0.0340234667669387,0.1130038024240395,-0.1629331383751547
0,-7.388475536008504e-05,-9.603588919885396e-05,-0.0001035631542302,0.0010007668218126,0.0015121248308236,0.001212510765029,-0.0019458486970314,-0.0463005538119053,-0.0213326773793535,-0.0064310780261631,-0.0421368845715718
0,-6.002933598580597e-05,-8.528771717140986e-05,-0.0001221147346346,0.0005082313095923,0.0012589590440321,0.0009371236404597,-0.0017644673838485,-0.0522065486321472,-0.0293004799789496,-0.048646346887696,0.0784131472081526
0,-5.064844393602188e-05,-7.802344801761877e-05,-0.0001335338061245,0.0001004760760099,0.0006172193659246,0.0005157301902984,-0.0005193469141441,-0.0293444980843291,-0.0990474556425464,-0.0356323431445649,0.170610946732733
0,-4.8894280066070375e-05,-7.438856657770177e-05,-0.00012968548245,-0.0001408292196236,-0.0002663865919343,0.0002112460976849,0.001289011649051,-0.0189165610423867,-0.0776737359292613,-0.0252644753781379,0.1910607659063157
0,-5.462222154896036e-05,-7.248813482127852e-05,-0.0001096230119413,-0.0005071032570622,-0.0008792017046436,0.0001688402535997,0.0027234824526894,-0.054338246445346,-0.0448892866125905,0.0167833065610907,0.0958333948213614
0,-6.400511909194607e-05,-6.950037318659601e-05,-7.983082787285034e-05,-0.0009508072525028,-0.0009973778039535,0.0004287120733367,0.003234954361006,-0.0344025526427749,0.0212540667506136,0.0351910573863266,0.0064609868419565
0,-7.110269205577418e-05,-6.230061776870994e-05,-4.93002959682393e-05,-0.0011348600629658,-0.0004221367888121,0.0010112390102404,0.0028711520199161,-0.0024080094498133,0.0937941362776672,0.0813143299943989,-0.079221455059945
0,-7.13516393018695e-05,-5.005133421806543e-05,-2.59095341407788e-05,-0.0006652169846881,0.000372347339593,0.0014386176998884,0.0018070003455759,0.0963366251053417,0.065102689403363,0.0041614079352127,-0.1336088798080876
0,-6.41711013186485e-05,-3.717907873478376e-05,-1.4238523874818015e-05,0.0003535168131002,0.0010637602570511,0.0011358333967678,0.0005272017076161,0.1074101344523483,0.0731798940882594,-0.064718268559338,-0.1223508477838686
0,-5.1009616932327767e-05,-2.867253246140309e-05,-1.4036802706212696e-05,0.0013575759143588,0.0015685366202129,0.0005654758579082,-0.0004868574738951,0.0934016857993607,0.0277753785441076,-0.0493532392125762,-0.0804609885183934
0,-3.4257975174147665e-05,-2.4852598397747e-05,-2.1358169612919915e-05,0.0018551667710162,0.001781791731423,0.0001985109548229,-0.0009774159074463,0.0061164855321328,0.0148756436978996,-0.0240397414044929,-0.0176506981918461
0,-1.7502028399914988e-05,-2.3576318803731995e-05,-3.111802984569201e-05,0.0014372322401989,0.0015693976234235,5.674496398006589e-05,-0.000974556139108,-0.0897033916955966,-0.057354465297804,-0.0043134567640809,0.0182226518594907
0,-5.477702587294169e-06,-2.324545989871693e-05,-3.961731225535915e-05,0.0003107767963327,0.0008354675391006,9.426817022947157e-06,-0.0007253003428253,-0.1355876970776566,-0.0894315515667659,-0.0051501726273428,0.0316285073970626
0,-2.8451424842384885e-06,-2.2733120546703056e-05,-4.407438410453794e-05,-0.0007621894082037,-0.0003089555184895,9.304105337982766e-05,-0.0001661140270104,-0.0790055438296368,-0.1394530599512695,0.0218730198987189,0.0802087557659184
0,-1.2299993157235409e-05,-2.148643433924604e-05,-4.297416744216152e-05,-0.0013774344827388,-0.0015820146161098,0.0001562961881115,0.0003861573594857,-0.0440434710773816,-0.115158759572799,-0.0092219929523694,0.0302455215333092
0,-3.1012341902609205e-05,-2.197711317548811e-05,-3.668929974090847e-05,-0.001598042946966,-0.0021604551329648,-0.0002544319553599,0.0008708161807648,-7.822176805521996e-05,-0.0005293437982076,-0.0729236357419434,0.0666862427225277
0,-4.97822605679551e-05,-2.805043153717156e-05,-2.6366530105648757e-05,-0.0014615694990106,-0.0015935286001042,-0.0009602317169767,0.001193737746287,0.0273729113591257,0.1139146503703302,-0.0682363165813991,-0.0021019296180977
0,-5.978654202082934e-05,-3.896845093845595e-05,-1.639306011715322e-05,-0.0008878323140285,-0.0004073276904705,-0.0012233721632801,0.000800956251412,0.0873745256372949,0.1233255315564134,0.015608227320704,-0.0764543693568996
0,-5.880854780416257e-05,-4.865211499539093e-05,-1.3844344291875373e-05,0.0001290370177015,0.0006029265338039,-0.0007133606481068,-0.0002912130863564,0.1159993407087272,0.0787253132984833,0.0863940757139675,-0.1419794981968105
0,-5.10512227304032e-05,-5.138670903558869e-05,-2.2990248021301253e-05,0.0012703881774073,0.0009485384809479,0.0001664418400672,-0.0015379676595286,0.1122708912324426,-0.009602923869676,0.0895664219208495,-0.1073714164376284
0,-4.093669536053817e-05,-4.593008662508645e-05,-4.112466251553216e-05,0.0019370549318737,0.001074366993025,0.0009248826420331,-0.0020889152393174,0.0210624596608307,0.0347686262850948,0.0621217384723335,-0.0028180995201338
0,-2.814697000869087e-05,-3.575440699327912e-05,-5.895686942526361e-05,0.0015619459003622,0.0014835780773444,0.0011102532843282,-0.0014775261426287,-0.0960842659631272,0.0470735905787771,-0.0250476100133135,0.1250959188578745
0,-1.2486809245274668e-05,-2.5749010103472824e-05,-6.565172595057789e-05,0.0005129775037398,0.0016484540753388,0.0008908260936329,0.0001385548375659,-0.1137094133613569,-0.0140983909798927,-0.0188378281257475,0.1981202771810718
0,1.874340402123955e-06,-1.6652616061208692e-05,-5.377279302297712e-05,-0.0002811533994181,0.0012237758541408,0.0009284527148198,0.0022372317479542,-0.0451167672702368,-0.070837253259695,0.026363152363122,0.2216151048965836
0,9.509642310913609e-06,-5.4555361676968965e-06,-2.3224470221217696e-05,-0.0006040164587686,0.000303284527617,0.0013109632638825,0.0038724328123976,-0.0194558445998718,-0.1132610120450759,0.05013895744941,0.1054251079921068
0,8.299844454197369e-06,1.0237551584478512e-05,1.787803387515007e-05,-0.0003679416567221,-0.0005452440989602,0.0018276542865525,0.0043480680068758,0.0666708050091858,-0.0564447132703886,0.0531992470846022,-0.0102980690964637
0,2.712014873455503e-06,2.9763392868875608e-05,5.808040335362992e-05,0.0001434287104768,-0.000572321817188,0.0020775139703268,0.00369240588882,0.0356032684306004,0.0510291696248282,-0.0032273103297469,-0.1208343545146957
0,2.0804822074015e-06,4.880962946358537e-05,8.966305824494477e-05,0.000230863778807,0.0004460152839772,0.0017317333486151,0.0026241250894428,-0.0181162547645488,0.1526382506082466,-0.0659288140126019,-0.0928218053607452
0,1.346845752970032e-05,6.266828789705535e-05,0.000111221925969,0.00026018678527,0.0018315797804824,0.0010399983380788,0.0016876484553816,0.0239808560571401,0.1244746486927914,-0.0724181880946403,-0.0944735214514917
0,3.3925953997616755e-05,7.168896653389694e-05,0.0001232643363738,0.0006314710510089,0.0022599195131008,0.0007641373892894,0.0007208336255822,0.0502759970906374,-0.0388067021691251,0.017245998336747,-0.0988894445084072
0,5.250732010052067e-05,8.154743382157371e-05,0.0001278449371874,0.0010951394178443,0.0014563537074799,0.0012075560682459,0.0001952865371331,0.0424576762764376,-0.1219064589550416,0.0714377374545535,-0.006219973181402
0,6.279526522956167e-05,9.600416910644918e-05,0.0001294031415638,0.0012823164087207,0.0006012353183282,0.0016837909887291,0.0001163543381422,-0.0050222781011531,-0.0491172188753082,0.0238092466420935,-0.0095664666167746
0,6.854941541280661e-05,0.0001118668937255,0.0001318104426031,0.0008920767088052,0.0005495947183207,0.0014887539350946,0.0003651058697261,-0.0730256618819418,0.0387890988738155,-0.0628166573689965,0.0593167729335542
0,7.55519726219088e-05,0.0001235480585571,0.0001385302392222,3.560548358318605e-05,0.0008509167234996,0.0008474790312306,0.0009788534540949,-0.0982685831624713,0.0214753021619675,-0.0654383234037941,0.0634327439402051
0,8.316534659231016e-05,0.0001293103532257,0.0001498538196758,-0.0006544027859556,0.0006717580705805,0.0003049799024737,0.0012858626366237,-0.0397330707452962,-0.0573070327457842,-0.0430615023476006,-0.0020309074344518
0,8.62742248212727e-05,0.0001317151635942,0.0001624118057623,-0.0006668264630444,-4.998242478808444e-05,0.0001759821712271,0.0012257345806603,0.0372483353275341,-0.0870410663279513,0.0172619560982905,-0.0099947037582283
0,8.183029361030963e-05,0.0001344315735832,0.0001737548605878,-0.0002649429219763,-0.0008388038174045,0.0003672998265779,0.0010428763844469,0.0431283728860888,-0.0707232121953378,0.021001574971862,-0.0265769354844483
0,7.153947855630715e-05,0.0001372966458369,0.0001831810354186,-5.356546149441841e-06,-0.0012193591933959,0.0002057146241693,0.0008423585817126,0.0087889022792921,-0.0053878630029491,-0.0533186154535775,-0.0135266250624164
0,6.184730701158234e-05,0.0001366727501098,0.0001899669503844,-6.94075403917086e-05,-0.0007190751155489,-0.0003304937696043,0.0005148244114456,-0.0215991011277455,0.1054446785723428,-0.0539230633011678,-0.0519802089909878
0,5.97247197539011e-05,0.0001311828000745,0.0001907840100133,-0.0002321821723955,0.0002945576640127,-0.0007674962374476,-0.0003514124856612,-0.0109558252730256,0.0972818773400062,-0.0334774302674926,-0.1212671704303778
0,6.434449352772237e-05,0.0001234505083802,0.0001818700677449,-0.0002164856022973,0.0006293970907515,-0.0007789621014075,-0.0014313759680272,0.0140951392926659,-0.0303139919922545,0.0311842574755119,-0.0947255260428352
0,6.682581667231252e-05,0.000116729007045,0.0001637738458967,0.0002114031975377,-0.0001331324618334,-0.0005653381656359,-0.0021878684016095,0.0714826206743517,-0.1221919185247419,0.0115405296788214,-0.0565729606736143
0,6.122717066480742e-05,0.000109704281881,0.0001397696401122,0.0006900009526055,-0.0009865967396675,-0.0008396068671699,-0.0026129727552842,0.0242369303392058,-0.048500937042072,-0.0663942699856234,-0.028447910061324
0,5.072743679352208e-05,9.703843948240416e-05,0.0001140107481019,0.0004768497181353,-0.0011133500345895,-0.0016935616125543,-0.0025388056467808,-0.0668671772332344,0.0231502780576768,-0.1043966790912576,0.0432813317619991
0,4.117836375565264e-05,7.608657693307635e-05,8.997538282672638e-05,-0.0003631719861528,-0.0007964645729843,-0.0024968108973112,-0.0022682674082597,-0.1011371636244107,0.0402268142633544,-0.0562531778601243,0.0108263159422246
0,3.422117115772815e-05,5.151289811864352e-05,6.738934720823538e-05,-0.0012885192043645,-0.0005949739466005,-0.0024179248655753,-0.0022489397154384,-0.0839322800179213,7.131101341237289e-05,0.0720303842073052,-0.0069607773779706
0,2.5775507131451328e-05,3.1785585736178305e-05,4.349502236631324e-05,-0.0016669538315872,-0.0010941588586548,-0.0015275376109177,-0.0025299252529459,0.0082453545733727,-0.0999082934242725,0.1060470667242184,-0.0492363301235287
0,1.0324202212038638e-05,2.0633122701472823e-05,1.8348317986892305e-05,-0.0013103932792422,-0.0019961021252277,-0.0007029549960233,-0.0024994156229382,0.0630667558956242,-0.0804803598903018,0.0588694562546471,0.0553382561250763
0,-1.1128353920933753e-05,1.4945249647235196e-05,-1.8051456972767027e-06,-0.0006300972883129,-0.0022944091013667,-0.0004346196148241,-0.0015312771138955,0.0729924422902337,0.0208189646624884,-0.0052023800147986,0.138289445683453
0,-3.042520215966896e-05,8.656704351163213e-06,-9.047094864466302e-06,-0.0001031939203557,-0.0015649605463802,-0.0008230894443902,8.288728045765755e-05,0.0323882313012119,0.1250707463348121,-0.0724915858984242,0.1845434331871938
0,-3.866322262685162e-05,-5.1846559233324645e-08,6.251431458212731e-07,9.9394157699808e-05,-8.264354705626279e-05,-0.000918620737689,0.0018515603215998,0.0081293843099007,0.1713926535299892,0.0533853272386648,0.1691911750412461
0,-3.312616175213831e-05,-4.586046300716379e-06,2.376490666134093e-05,0.0001991789490534,0.0011900557219989,1.1780789392441251e-05,0.002776392381504,0.0118275739608264,0.0831472002810482,0.1326949781776338,0.0157752369395972
0,-1.802737382103211e-05,3.601616018972452e-06,5.018781913735666e-05,0.0004439099412272,0.0018297018642223,0.0016257516745453,0.002508190113699,0.0371186244739424,0.0447820281636298,0.1900991988529429,-0.0694156905005974
0,1.7048586746253149e-06,2.816618300500396e-05,7.260546117461876e-05,0.0008428705817375,0.0021167446349091,0.0032871617226609,0.0019753382937533,0.0426735036281044,0.0126265259737408,0.1421828107701875,-0.0371546734885475
0,2.3358413334853583e-05,6.591115538722557e-05,9.365890381400964e-05,0.0012802936606412,0.0022139662971364,0.0042618327537833,0.0022353502341248,0.0448111121526494,0.0068178064717221,0.052751395454286,0.0891570615628432
0,4.644906846752997e-05,0.0001083551891925,0.0001211672045802,0.0015556832524697,0.0024041647293987,0.0042269740072896,0.0032663099191257,0.0102668062130446,0.0312218799807397,-0.0597231447530172,0.1170348754373422
0,7.244566694106138e-05,0.0001460226067077,0.0001602205070671,0.0017173014184758,0.0027951549653074,0.0033065094957381,0.004544350578248,0.0220568269881751,0.0469761672009989,-0.1243697575572998,0.1385732563871138
0,0.0001011634609947,0.0001753947584396,0.0002118637616309,0.0016669148227531,0.0029484038454278,0.0025679208506375,0.0057843003345161,-0.0321341461327237,-0.016326391176926,-0.0233479714628205,0.1094166948665
0,0.0001277093203394,0.0002020503515332,0.0002717820926176,0.0012693867679819,0.0023607680235152,0.0027631977680985,0.0061993658628323,-0.0473714648215122,-0.101200773205599,0.0624033549550314,-0.026403589203246
0,0.0001468807646484,0.0002335924280327,0.0003301941784824,0.0008537735822269,0.0014735208382757,0.0035452175317917,0.0054830513101234,-0.0357511723294835,-0.0762486638423052,0.0940005977835981,-0.1168593213385438
0,0.0001602207021162,0.0002722614280229,0.000378353612928,0.0005984958557135,0.0011944666552846,0.0041885824662581,0.0041488355790012,-0.0153043729732003,0.0204378272440848,0.0346723891096881,-0.1499838248858848
0,0.0001749579777932,0.0003132965167714,0.0004126869781228,0.000492162815958,0.0017529884801276,0.0040184352834253,0.0027178374599419,-0.0059622349779033,0.0912665377245337,-0.0687018256762411,-0.1362157989259743
0,0.0001966687501383,0.0003482112254932,0.0004349352330023,0.0007640558283447,0.002589165988897,0.002964506460948,0.0017318135159598,0.060340837455254,0.0759689640293439,-0.1420839388192262,-0.0609889898704467
0,0.000224436051205,0.0003708925823829,0.0004495842518825,0.001386541141154,0.0029642942244365,0.0015717649169851,0.0011979902600866,0.0641562251066057,-0.0009433169214452,-0.1364643699733471,-0.0457756613041942
0,0.000250651113447,0.0003817784167986,0.0004608798427378,0.0018753144195287,0.002278718223956,0.0006054019661641,0.0010611279109637,0.0335984305683201,-0.1361718831746527,-0.0568082201908544,0.0184031914796141
0,0.0002658461661347,0.000386420943151,0.0004712039736495,0.0018178950944208,0.0007602923135863,0.0003231033043024,0.0010036982713763,-0.0450822955898875,-0.1675132988992951,0.0003484878185051,-0.0298891193970922
0,0.0002671282543965,0.0003895658785722,0.000479454795058,0.0009952158775705,-0.0005038746612199,0.0003058837799405,0.0006464660103248,-0.1194535477801758,-0.0853200960619727,-0.0037923926908734,-0.0415573328132144
0,0.0002604238789227,0.0003916453375381,0.0004831865918936,-0.0003770919674045,-0.0008370004335487,0.0001100080132479,9.989335680390684e-05,-0.155008021214851,0.0186949415962255,-0.0353827606476581,-0.0677571978909741
0,0.0002531904870662,0.0003903154630642,0.0004810526350597,-0.0015641420918667,-0.0006096779377465,-0.0003759829080251,-0.0005266847235797,-0.0824020036775827,0.0267695575642136,-0.0618154236069541,-0.0575584181857649
0,0.0002474231873448,0.0003840765189342,0.0004722808924354,-0.001701200474017,-0.0005437820065352,-0.0008718059179778,-0.0012276638012905,0.0549903272475225,-0.0135903713219627,-0.0373491783835912,-0.0826373973563957
0,0.0002398485946907,0.000373142465895,0.0004564098823882,-0.0007034893140668,-0.0009711365242813,-0.0013150046898738,-0.001946538208135,0.1445519047425191,-0.071880532227255,-0.0512905759956001,-0.0611374840124891
0,0.0002279787729468,0.0003571492258028,0.0004360928639835,0.0006553176767729,-0.0014028278245061,-0.0018836433285619,-0.0021168654728158,0.1272094934254432,-0.0144577278176997,-0.062437151742032,0.0270720310763198
0,0.0002147879640599,0.0003358319030254,0.0004155604790689,0.0011040220076192,-0.0012353339528722,-0.0023798212269187,-0.0019896115101073,-0.0374686272561777,0.0479565021444679,-0.0367984279293165,-0.0016212385346101
0,0.0002050316231865,0.0003112564521321,0.0003942779150725,0.0001680262063901,-0.000715934221802,-0.0025352689517437,-0.0022669012891623,-0.1497305329896424,0.0559234440695767,0.0057088829643046,-0.0538367172764041
0,0.000199909876137,0.000288373163752,0.0003691189830112,-0.0011336815351242,-0.0003084151881087,-0.0020413887242764,-0.0027648851230949,-0.1106110153132409,0.0255803626690864,0.0930671625291656,-0.0457600495101057
0,0.0001956297999826,0.0002719074013699,0.0003404854640369,-0.0015925899371544,-0.0005476000427585,-0.0012517637521296,-0.0029618186717643,0.0188293349071876,-0.0734173335990372,0.0648578319001906,0.0063733397762154
0,0.0001868183980284,0.0002617401482141,0.0003138779649918,-0.0009757728110397,-0.0012146803480801,-0.000781686879034,-0.002359681137257,0.1045340903157512,-0.0599987274652869,0.0291575427189305,0.1140541671252551
0,0.0001735378820134,0.0002544004100653,0.0002960213803886,-1.9461543827948625e-05,-0.0014414228549251,-0.0006862607507274,-0.0012116357833906,0.0867281631266186,0.014650226096284,-0.0100723170576053,0.1155549036480249
0,0.0001620593692308,0.0002473992637427,0.0002894155772621,0.0004924466796658,-0.0008542797015868,-0.0007139685137911,-0.0001095248419019,0.0156534815721463,0.1027784045713694,0.0045307644448582,0.1048672846497199
0,0.0001595816337613,0.0002406373774996,0.0002929796069917,0.0004904845838305,0.0003587326076855,-0.0006384087348245,0.0008223307878176,-0.0160459007392132,0.1398240572831094,0.0105811913484571,0.0815038412941924
0,0.0001690983518077,0.0002369612321717,0.0003038348171538,0.0002632431456584,0.0015446110015933,-9.68203307709464e-05,0.0013487112446051,-0.0294023868951984,0.097351621498454,0.0977364894622707,0.0237722500633079
0,0.0001851267400262,0.0002422336645293,0.0003176345535541,0.0002296058127929,0.0016610666421037,0.0011513068022973,0.0014112360354454,0.0226749203220925,-0.074060493396362,0.15188893715138,-0.0112672918952544
0,0.0001969956983692,0.0002597775149567,0.0003314171148466,0.0005258544085329,0.0007127250265018,0.0023574632831864,0.0013452762230571,0.0365747988258985,-0.1156078297240189,0.0893423590264413,-0.0019246705824094
0,0.0001998893452198,0.0002840875887765,0.000345843670011,0.0006880297035391,-0.0001339956563795,0.0025045514807785,0.0015400348098155,-0.0041397398246414,-0.053736306852267,-0.0599247195080211,0.0408763879340989
0,0.0001993838789654,0.0003034350770297,0.0003630212883883,0.0004405297422294,3.290240548974328e-05,0.0013649461698471,0.0018954888656474,-0.0453602524373077,0.0871159192261249,-0.1679963426782543,0.0302144232322793
0,0.0002028929314439,0.0003099224782771,0.0003823919336612,-5.852951608522445e-05,0.0006689080902169,-6.746592035760616e-05,0.0019786401889296,-0.0544515992256271,0.040085217719325,-0.1184860753626944,-0.0135841585758416
0,0.0002101283333455,0.0003059518083879,0.0003981424249095,-0.0003669844236976,0.0007781722900956,-0.0007266680574858,0.0011714580607446,-0.0072393822968515,-0.018232377743585,-0.013354352062946,-0.1478522670611551
0,0.0002152582794373,0.0002997892231786,0.0004008636850663,-0.0002488613859616,0.0002478169282651,-0.0005058489843804,-0.0006272060293903,0.0308639898440392,-0.0878386946225189,0.057518166684018,-0.2118805509658382
0,0.0002134691143531,0.000296389833837,0.0003856447007316,0.0001760480101901,-0.0006056499451013,-0.0001740288839336,-0.0024165908375544,0.0541178893863362,-0.0828546800507796,0.0088458534053457,-0.1459964106669903
0,0.0002057296824034,0.0002926433351654,0.0003566327960908,0.0004505083135154,-0.0009422364448394,-0.0005752708503912,-0.0033857900906035,0.0007741712787187,0.0155373801031553,-0.0890942466968696,-0.0478434399428339
0,0.0001982786666362,0.0002814899465716,0.0003232487182445,0.000253333087483,-0.0005479667086098,-0.0016554068683728,-0.0032910254786493,-0.0402092164852072,0.0633165671427714,-0.1269329568994527,0.0667963623336813
0,0.0001947411283769,0.0002605998776886,0.0002947450996774,-0.0002277746213811,-0.0001595409432344,-0.0025226069082137,-0.0024096982347725,-0.0560123252876208,0.0143685859322924,-0.0465070510687278,0.1094690864416772
0,0.0001912562692481,0.0002360255548965,0.0002764763801995,-0.0006108864961761,-0.0005374308825372,-0.0023922576502166,-0.0012440456608116,-0.0206100496713972,-0.0899465737928532,0.0725769026681435,0.1236614283505103
0,0.0001804894361559,0.0002171215281917,0.0002686922709621,-0.0007971545882647,-0.0016159357359061,-0.0013885476907289,-0.0003127761866598,-0.0166435687463058,-0.1257543968809201,0.1281650892294081,0.0625924664798501
0,0.0001598038230881,0.0002079974971519,0.0002692837663674,-0.0009114544168816,-0.0025211868776559,-0.0004362585172316,0.0004310752677026,-0.0062163969770716,-0.0552958314690413,0.0622927454700437,0.0861778243926514
0,0.0001353047125642,0.0002047524699748,0.0002771586797508,-0.0008791364325806,-0.0023786352271187,-0.0002127469182047,0.0011439074089911,0.0126799938372573,0.0838061615764839,-0.0175904256646685,0.056388603865036
0,0.0001178476481644,0.0002020789361187,0.0002894379517097,-0.0006624468707165,-0.0011127776528485,-0.0003219598529982,0.0013119469827822,0.0306579185355746,0.1693653532775619,-0.0042521612940199,-0.0227806891068163
0,0.0001155286125372,0.000199603441945,0.0003008902379023,-0.000109181009042,0.0006489705274248,-0.000173138981744,0.0009785102557427,0.0799952537993199,0.182984282777109,0.0340163355448552,-0.0439066563010708
0,0.0001284330912272,0.0002008628575395,0.0003086676102715,0.0006013821404047,0.0019319252105666,0.0004250221006462,0.0005769642180959,0.0621173760900397,0.0736066538512632,0.0856158809331969,-0.0364025512282968
0,0.0001486486304299,0.000210934139216,0.0003129972038405,0.0013230085413028,0.0021111826299742,0.0015892342346483,0.0002889544956937,0.0822079040895868,-0.0377551699697558,0.1472265458672326,-0.0211993932521444
0,0.0001679513394209,0.0002324098611249,0.0003143835898393,0.0017886803197263,0.0017493591682176,0.0027059101471367,-1.1677295921950008e-05,0.0109264515951025,-0.0346095223815599,0.0761086366304542,-0.0389269650709952
0,0.0001856179998409,0.0002601400731522,0.0003155601762963,0.0016558594372356,0.0017839729157865,0.0028401322583126,0.0002469945873224,-0.0374906280932438,0.0415322718953309,-0.0492642143952791,0.09066134171988
0,0.0002047794577893,0.0002836016353786,0.0003238963533382,0.0011430384771835,0.0020483186739063,0.0018521801869689,0.0014202408210631,-0.0650735639171639,0.0113368797286361,-0.1483261998734683,0.143987905028259
0,0.0002241856977114,0.0002965925070828,0.000343854118891,0.0005730052319099,0.0018329293105149,0.0007459941538764,0.0025713122894973,-0.0489330851375712,-0.0544147524069058,-0.0729110067450196,0.0862263886585813
0,0.0002373771396873,0.000302511682635,0.0003696649217082,0.0002165746143141,0.0008053590846618,0.000437840956552,0.0025908482739388,-0.0223530383815803,-0.1510992927637176,0.0112803672801242,-0.0823191917702867
0,0.0002381139914227,0.0003074088646352,0.0003904530883366,-2.23111418314452e-05,-0.0006579887375898,0.0005415954434872,0.0015667850517436,-0.02542411284754,-0.1415702716866321,0.0094705301069338,-0.1224934526687623
0,0.0002264391265818,0.0003120758237816,0.0004003370481908,-0.0004872964154819,-0.0016769842305929,0.0003917963857942,0.0004100069190802,-0.0675729418825568,-0.0622288269139781,-0.0394303416455524,-0.1088621738639132
0,0.0002091687435335,0.0003125473439842,0.0003979051894486,-0.0010331008689015,-0.0017770923790673,-0.0002974923452706,-0.0008963786675028,-0.0415879488013579,0.0422071972190964,-0.0984274045674235,-0.1524149434527031
0,0.0001941322813212,0.000304207088232,0.0003819146852521,-0.0013002382432146,-0.001230200063398,-0.0013705588051582,-0.0023017221718014,-0.0118395260612725,0.067171265914762,-0.1161858874100863,-0.1286537574070162
0,0.0001839603509626,0.0002850620444342,0.0003540002922202,-0.0012783073948687,-0.0008041860083025,-0.0024584499544083,-0.003281156434575,0.0162256957304473,0.0180315451043334,-0.1013923424399454,-0.0672330951477063
0,0.0001741924002511,0.0002569446947154,0.0003188969916858,-0.0008664939674296,-0.001149404134002,-0.0031650199893513,-0.0037395036723173,0.0661369897573811,-0.0870751702442333,-0.0399216645486439,-0.0244363524007586
0,0.0001574776064311,0.0002240087779563,0.0002804884238507,-0.0003562216121006,-0.0021935546299986,-0.0034221633624617,-0.0039422098947031,0.0359174813084089,-0.1217549289550894,-0.0115070100734304,-0.0161048920763829
0,0.0001309122469476,0.0001892421135561,0.0002403468504325,-0.0003948384761239,-0.0031195172666981,-0.0035311695175933,-0.0040861047889408,-0.0436408541130562,-0.0634375983848062,-0.0102942209528897,-0.0126740867711584
0,9.816536401256936e-05,0.0001532501526364,0.0002000021230582,-0.0011124818158912,-0.0034298593203251,-0.0036672226663494,-0.0039828406859198,-0.0998878138404032,0.0013691876593983,-0.0169164087983409,0.0333269073753431
0,6.451512604033598e-05,0.0001168508959255,0.0001611853450601,-0.0020077688219686,-0.0033001882741214,-0.0036126286758246,-0.0037805149136985,-0.0791695873750874,0.0245650215813432,0.0278352069032992,0.0071382470689241
0,3.307346843002323e-05,8.297405583305923e-05,0.000123060793938,-0.0023585129687575,-0.002988143247941,-0.0031627393426695,-0.0038443953107096,0.0090207580173213,0.0378439836547414,0.0621426597277221,-0.0199143264711446
0,5.513332997116314e-06,5.388479563216421e-05,8.458173404265886e-05,-0.0019590944451632,-0.0025238838386403,-0.0026551126975094,-0.0038514166683729,0.0708629467015319,0.0550078982054068,0.039382669304302,0.018510054938492
0,-1.68755397625183e-05,2.8800015987498877e-05,4.816656776472438e-05,-0.0009985365743589,-0.0019538907132866,-0.0023618432314236,-0.0034316165872139,0.1212486274593243,0.0589907268653372,0.0192712239128609,0.0654499612932938
0,-3.279634058848078e-05,6.5372659387523634e-06,1.836756587140011e-05,0.0002025017895311,-0.0012302694519058,-0.0020907067783256,-0.0025281837914508,0.118959045318688,0.0857335254108039,0.0349560667067291,0.1152365978593284
0,-3.9392871836316186e-05,-1.135113521629164e-05,-1.2952377362161065e-06,0.0009868633638301,-8.903679766118604e-05,-0.0014869734526831,-0.0014043769300723,0.0379132695411251,0.1425130054381378,0.0857905984217811,0.1095247744163714
0,-3.3913758187624e-05,-2.0138564329420717e-05,-1.0531521991887307e-05,0.0010608247547643,0.0011848595273996,-0.0002705123699426,-0.0004428799210618,-0.0231209913542862,0.112266259574024,0.1575016181263056,0.0827746273857293
0,-1.8142060082388927e-05,-1.4175457460660789e-05,-1.1057249561930784e-05,0.0006426370883471,0.0019694800936473,0.0014631337436946,0.0003377344070531,-0.0605165419291606,0.0446578536755291,0.1892276046011677,0.0733482382372787
0,3.328971880640081e-06,8.319429020842592e-06,-1.7789366930685775e-06,0.0004770892067577,0.0023247262989584,0.003035843552606,0.0015179281667192,0.0274069656112889,0.0263913873866754,0.1253143571810972,0.1626905136959403
0,2.633321867702763e-05,4.313440822606873e-05,2.3223749776354997e-05,0.0010404172545138,0.002276123060319,0.0039271522884392,0.0034826091271654,0.085258643939924,-0.0361120351145385,0.0529473899855482,0.230245678393295
0,4.844316527313198e-05,8.334301105221388e-05,6.901600347102522e-05,0.0017672226306764,0.0021458662589017,0.0041145682767898,0.0056758416117685,0.060102431292595,0.0100606748310736,-0.0154641923154333,0.2084008185273357
0,7.197951552498995e-05,0.0001241562768847,0.000133284938198,0.0018568066628976,0.0025614037914698,0.0040480848897253,0.0071779453336375,-0.0421856248483439,0.0730468316825357,0.0021675149025345,0.0920199258464481
0,0.0001004569746231,0.0001655225969306,0.0002050657826102,0.0014193121352012,0.003134088028154,0.0042251791194403,0.0071782235488013,-0.0453132806909337,0.0414900156543064,0.0332513310404706,-0.0919642828136801
0,0.0001316343865815,0.000210446434857,0.0002702609031115,0.001084875328629,0.0031013943635435,0.0047595884658504,0.0058608005514669,-0.0215740806235237,-0.0480287485764082,0.0736305382415535,-0.1715203166532005
0,0.0001608946691954,0.0002598264417132,0.0003199102422389,0.0009184936711093,0.0027506621592248,0.005116412905385,0.0040690672740091,-0.0117022508804,-0.0221176922873195,-0.0022656503346315,-0.1868263388383614
0,0.0001875585689838,0.0003068212162782,0.000351414836448,0.0007099166949567,0.0025821177984625,0.0042825420076185,0.0022318515677964,-0.0300131443501228,-0.0115911798651527,-0.1645085292186678,-0.1806168024041775
0,0.0002120298539282,0.0003401673435887,0.0003658368703667,0.0006780004754062,0.0023121391904153,0.0023866834544726,0.0006525552159562,0.0236299004400167,-0.0424045417442894,-0.2146631814105094,-0.1352424679638638
0,0.0002320835129396,0.0003534883822282,0.0003673521074674,0.0009822269584171,0.0016985926118617,0.0002775242734393,-0.0003495077958278,0.0372153961621668,-0.0803047739664171,-0.207168654796151,-0.065170134392948
0,0.0002435198787582,0.0003475951781488,0.0003615478552049,0.0010525341036979,0.0005886805518562,-0.0014561650893165,-0.000811342656664,-0.0231539671060078,-0.1416776380346897,-0.1395692177550305,-0.0271968377742899
0,0.0002427195458114,0.0003287550858764,0.0003501668043062,0.0003826353978614,-0.0007487471412131,-0.0023118533651638,-0.0014648675230748,-0.1108257740612844,-0.1258079005791866,-0.0315684374144364,-0.1035081355078862
0,0.0002297560303558,0.0003060259385783,0.0003292869926101,-0.0008988475023874,-0.0018439559498991,-0.0022339760944752,-0.0027110948161407,-0.1454708059885132,-0.0932338611580086,0.0471438915521581,-0.1457373231052869
0,0.0002083665231549,0.0002838668326814,0.0002954531407941,-0.0021527331301067,-0.0024339454902856,-0.0021978450848899,-0.0040556755470569,-0.1053063195553398,-0.0247640469192953,-0.0399176896350995,-0.1231788230779516
0,0.0001825543941222,0.0002583351037778,0.0002510801955127,-0.0025844095443704,-0.0027284803162546,-0.0029085006958361,-0.0048189135092276,0.0189710367026095,-0.0341429182745124,-0.1022134325541425,-0.0294687693561898
0,0.0001541092646719,0.0002235307896241,0.0002031300429809,-0.0019818499222656,-0.0029605455738128,-0.0040523621349023,-0.0047711169971277,0.1015408877183333,-0.0122701332371303,-0.1265588552590882,0.0390280717761789
0,0.0001241448360228,0.0001786366613054,0.0001578365171676,-0.0010559676425546,-0.0030323401560109,-0.0049264635288424,-0.0042875881655446,0.0836355682238669,-0.002088783202475,-0.0482614235289419,0.0576776945404396
0,9.384816096298296e-05,0.0001295905008071,0.0001176687934858,-0.0005757746682673,-0.003026994855955,-0.0048827685708154,-0.0037459565708178,0.0124030266335923,0.0031578432136462,0.0570004151343483,0.0506486244049154
0,6.469696736143674e-05,8.494774309839377e-05,8.114368468362455e-05,-0.0007776683235877,-0.0028032438643541,-0.0040457829709333,-0.0035590651896196,-0.0527817576976592,0.0415923551065283,0.110396704842074,-0.0132703481652695
0,4.029998540512791e-05,4.963961442829068e-05,4.452227932920033e-05,-0.0014695688485241,-0.0020761525269075,-0.0030158427630872,-0.0037652158812652,-0.0855983472896294,0.1038259123827932,0.0955913367271356,-0.0279597901638556
0,2.42090809933396e-05,2.33544962529254e-05,7.255613207346612e-06,-0.002063209947833,-0.00114202835545,-0.0022411808719857,-0.0036881173431055,-0.0331298725721426,0.0829989219087056,0.059341041493167,0.0433794977958007
0,1.5076070876985802e-05,3.68581346016144e-06,-2.5140022522911616e-05,-0.0017294575231688,-0.0006845736678206,-0.001692555686567,-0.0027910098029461,0.0998803575049807,0.0084920156171763,0.0503839955905829,0.1360420102360739
0,7.991395069451276e-06,-1.0313519830694469e-05,-4.663311215410986e-05,-0.0005340069719336,-0.0007323614936862,-0.0011073109716041,-0.0015076081232935,0.1392097527420575,-0.0180495807902875,0.0666649474019891,0.1206383256944506
0,4.43050121264959e-07,-1.8148457462408845e-05,-5.576053356982815e-05,0.0005246505124689,-0.000777307495951,-0.0004596765547387,-0.0003178761598501,0.0725217441384641,0.009060380337327,0.0628619359710999,0.1173080669942234
0,-3.698671142562114e-06,-1.968367056990645e-05,-5.332700145048437e-05,0.0008785878963181,-5.1036756814381743e-05,0.0001526339332391,0.0008045825837188,-0.0017342673686168,0.1361937674900032,0.0596001616244818,0.1071836817195847
0,3.2998503255356357e-06,-1.4525102708871904e-05,-4.065798952307054e-05,0.0006381316514539,0.0014507410504339,0.0008790796389677,0.0017292198017638,-0.0463569816042277,0.1641617939596594,0.0856889795212227,0.0777437618894093
0,2.3985777301682816e-05,-1.5345540525295626e-07,-1.9763445058099885e-05,0.000570674100906,0.0026864443447955,0.001995249821756,0.0024496890912302,0.0328654714946509,0.0829788649126551,0.1375450570364487,0.0663500960038694
0,5.243802900397759e-05,2.605517682896847e-05,7.370352172614734e-06,0.0009485640411603,0.0030040059956634,0.0032464766250882,0.0029770703549126,0.0427125165562118,-0.0194665347390662,0.1127003036299789,0.0391261567326101
0,7.961835763938212e-05,6.252544840364267e-05,3.998651995107615e-05,0.0013483847764305,0.0024320597314174,0.0040475776898466,0.0035461632007796,0.0372516304978089,-0.0949227181101322,0.0475199093217042,0.0746924124407822
0,9.926284693568818e-05,0.0001035736145184,7.955791365811565e-05,0.0013859251126883,0.0014968381278437,0.0041620555331148,0.0043681155406282,-0.0297435632462483,-0.0921216026046079,-0.0246243406680519,0.0896980555289483
0,0.0001120357553125,0.0001428657743822,0.0001265554793597,0.0006835831509266,0.0010577435475317,0.0036963764396521,0.005031397599689,-0.1107248291060733,0.0043026865422028,-0.0685114780244979,0.0429583562832025
0,0.000123404502722,0.0001752487980567,0.0001773291784086,-0.0001531517161207,0.0012160059343727,0.0027802282952394,0.0051233422101098,-0.0566221443034113,0.0273497908260063,-0.1147181508580361,-0.0245694341990456
0,0.0001372537436529,0.000198192579234,0.0002253371236084,-0.0003415000174685,0.0015538422518026,0.0018085279402277,0.0044782468298335,0.0189524840338523,0.0402174726599666,-0.0796219201443063,-0.1044496418562141
0,0.0001527969249991,0.0002144087216568,0.0002616823283425,0.0002179231898215,0.0015547940174394,0.0014347005443213,0.0027907941169999,0.0929321574241692,-0.0400271195326026,0.00485644096303,-0.2330409007105065
0,0.0001662136861022,0.0002294056435939,0.0002780347203163,0.0010778445661335,0.0011285582031657,0.0015646838430949,0.0004796842777548,0.0790521178382167,-0.045220043322142,0.0211402187916897,-0.2291810671385028
0,0.0001764681981602,0.0002441865624053,0.0002737784473403,0.001407339649477,0.0009223442084521,0.0013914999191876,-0.00133093887295,-0.0131531011695102,0.0039772443794182,-0.0557770035731544,-0.1329435630024888
0,0.000186458399936,0.0002527524032214,0.0002557666423109,0.0012145406363316,0.0010756961466899,0.0003216682440451,-0.0022714221329345,-0.0254067014595684,0.0266931432681538,-0.1581893314553384,-0.0551530889943969
0,0.0001970176229113,0.0002485765318381,0.0002315523879594,0.0007743080732051,0.0010361484483704,-0.0011568425207108,-0.0025714287373713,-0.0626398111657328,-0.0346026829320606,-0.137512821495873,-0.0048482318929699
0,0.0002022856402349,0.0002305454276219,0.0002064111307228,-7.279217505536378e-06,1.745501636615408e-05,-0.0024493783225271,-0.0024568227099516,-0.0936776469764042,-0.1691360034687973,-0.1209943388673769,0.0277694373769073
0,0.0001920317416182,0.0002024745176663,0.000184169505737,-0.0009903198792322,-0.0020682347397148,-0.0031648036685931,-0.0019915022872062,-0.1029304853689454,-0.2480019477473951,-0.022090730345826,0.0652946471721669
0,0.0001612868077319,0.0001705522822065,0.0001660974971085,-0.0020135078674507,-0.0040807520375437,-0.003219643423376,-0.0016228994384842,-0.1017071122747505,-0.1545015118184029,0.0111227793892437,0.0084259225722383
0,0.0001172650502825,0.0001385281287153,0.0001488147830645,-0.0027560777298185,-0.0047235994523377,-0.0031851872748605,-0.0018336433703224,-0.0468068601988147,0.0259320288596049,-0.0042315496861347,-0.0505747089398773
0,7.558090725433677e-05,0.0001053914178437,0.0001265184758319,-0.0029087659608815,-0.0036132291533033,-0.0034421548994591,-0.0026256180761998,0.0162692139862192,0.1961420309472882,-0.0471619752335907,-0.1078202322355932
0,4.847171516803922e-05,6.960853041332676e-05,9.513579259071768e-05,-0.0021897344974158,-0.0018086092639561,-0.003714422586623,-0.0036509185720411,0.1275370787069281,0.1647819469221393,-0.0072915621991976,-0.0972398669326717
0,3.557852408838164e-05,3.404604436602193e-05,5.4690907998236434e-05,-0.000463960573255,-0.0007700289519753,-0.0033980746228378,-0.0044380583464551,0.2176177061252234,0.0429341154740315,0.0705611549562331,-0.0601880879501195
0,2.915867275191207e-05,4.395723479026361e-06,8.021319177803872e-06,0.0013801105297206,-0.0005139413153185,-0.0025319895545612,-0.0048958594176314,0.1511965144699163,0.0082834118573182,0.1026558586991019,-0.0313721262851423
0,2.504213855410534e-05,-1.675322211798735e-05,-4.0509897538443776e-05,0.0017977104807187,-0.0003093655242427,-0.0016977995648415,-0.0048103839256181,-0.0676765242702996,0.0326317463578453,0.0641821392448376,0.0484672246878006
0,2.341791639794752e-05,-3.16947008762739e-05,-8.252272150632022e-05,0.0005136374460958,-1.5478906988800447e-05,-0.0012904961868157,-0.0035921808679571,-0.1891380826542722,0.0261455770929473,0.0172785363603092,0.1951733868443892
0,2.2552967283055326e-05,-4.411888047796639e-05,-0.0001072133725689,-0.0013061268860743,-0.0001575109159896,-0.0011943397335227,-0.0013459493445747,-0.1748147837797683,-0.0545519788931149,0.0019527542983064,0.2540729178321026
0,1.6527352364664888e-05,-5.423322839243259e-05,-0.0001084904555716,-0.0024148783432349,-0.0010476120676884,-0.0008285298493705,0.0010905327440478,-0.0469355076523484,-0.1234682514466474,0.0712092225321292,0.2332234998924052
0,7.995911911652551e-07,-5.815206609301477e-05,-8.913181000108392e-05,-0.0023016878868909,-0.0020979401670114,4.476230925409656e-05,0.0027811963700581,0.0695735989211478,-0.0865973684179579,0.1034492091927963,0.1049092253096678
0,-2.092846244342187e-05,-5.366146105089733e-05,-5.896730203990571e-05,-0.0013842144879744,-0.0022476705599059,0.0008533586991693,0.0032517052221774,0.1139210808621479,0.0566512898390632,0.0582700687902623,-0.0108074548858169
0,-3.754575502797679e-05,-4.304198988769789e-05,-2.828959280441464e-05,-0.0002001306993213,-0.001075787957005,0.0012705355334704,0.0028838366249207,0.1228956768684742,0.1777252307411197,0.0251652980699591,-0.0627662645655197
0,-3.840916506498312e-05,-3.008943353375336e-05,-2.3644051106258967e-06,0.0009314378895581,0.0009031059496037,0.0013199757373184,0.0023012009138369,0.1034180409074328,0.2180535505806409,-0.0152772573003769,-0.0537608776512367
0,-1.965150110478076e-05,-1.6635227397286838e-05,1.7571525245976038e-05,0.001540589771351,0.0028484268424367,0.0013708654899748,0.0016859851574834,0.0184123354511476,0.1710106279859462,0.0254552078316745,-0.0692822736194792
0,1.4364238657782173e-05,-1.2277944902933091e-06,2.917718202916162e-05,0.001764271893517,0.0039547211100758,0.0017106210914238,0.0006351461991537,0.0263240889820377,0.0502482255418887,0.042495912458108,-0.1408855180464589
0,5.147165588739315e-05,1.7197314144112536e-05,3.0577627545721045e-05,0.0019397045950564,0.0034667623358463,0.0019744006354573,-0.0003550570958418,0.0087624513258488,-0.1478399803878018,0.0102599963486022,-0.0571551409526491
0,7.678204807092818e-05,3.6832252603153166e-05,2.6919224691019392e-05,0.0018688589304368,0.0015953161008606,0.0019525870563507,-0.0003766234750985,-0.0229315842497745,-0.2264492666093229,-0.0146227121699213,0.0528418651013141
0,8.239974166150136e-05,5.260809218890706e-05,2.6413982796539107e-05,0.0010986123090564,-0.000471777382746,0.0012025808608,0.0002755750962024,-0.131117740026301,-0.1869694301120259,-0.1353785269402291,0.0775978491588755
0,7.06932089412587e-05,5.626658978873878e-05,3.347632604519323e-05,-0.0006143276583786,-0.0018695291613024,-0.0004708813408336,0.0011368935535283,-0.2114702534607229,-0.0925809255992589,-0.1993139133865068,0.094665842306311
0,4.8300818964093774e-05,4.390026926935314e-05,4.694620986019723e-05,-0.0025492698630728,-0.0026089488341305,-0.0020023827630434,0.0015570832094724,-0.1755181874781179,-0.0553030089663468,-0.1069863710554517,-0.0106279111175024
0,2.0290653705340625e-05,2.110343910917381e-05,6.021446098616411e-05,-0.0034193857508525,-0.0029930842176201,-0.0025569832689924,0.0010965670157209,0.001495009922193,-0.0215240677315762,-0.0039337301343374,-0.081475327632791
0,-1.074999319898111e-05,-2.592641889738253e-06,6.495912435114136e-05,-0.0026404609785364,-0.0032150451632442,-0.00218223293079,-0.0001476343427255,0.1542899445410175,-0.022868121393244,0.0788837977748172,-0.1673649440565004
0,-4.136340473799343e-05,-2.0114257652197355e-05,5.5555445298320745e-05,-0.0008254734181476,-0.0029076371445582,-0.0013220902217018,-0.0017331014678386,0.2087075675367417,0.0843497251304408,0.0931447440428213,-0.1497284809661229
0,-6.259238233739033e-05,-3.060424337049565e-05,3.2499937636838575e-05,0.000780216705576,-0.0013381583753211,-0.0007759069219578,-0.0028780000644578,0.1124304572080017,0.229546028716979,0.0160919159059723,-0.0792512383577158
0,-6.387703828777101e-05,-3.8084304876671526e-05,1.931087825849681e-06,0.001570530723054,0.001081227185245,-0.0007201053792773,-0.0032357698977399,0.0456323462875973,0.25433108339625,-0.0049316073698691,0.0076972717012854
0,-4.4323301844366487e-05,-4.435384926472228e-05,-2.886365028639177e-05,0.0016068750260585,0.0028295201034359,-0.0005338034983328,-0.0029231777247083,-0.0383634856866986,0.095327500241929,0.0421919835587708,0.0548211629050429
0,-1.562178014781181e-05,-4.587374057096898e-05,-5.301154552569922e-05,0.0011025022383458,0.002910784235875,0.0002298252370834,-0.0019064013231531,-0.0625110718558331,-0.0790746737541018,0.1105337635244891,0.1485341174059884
0,6.278486121595889e-06,-3.836233699890815e-05,-6.175356311784335e-05,0.0006083169514743,0.0014692690180065,0.0012724554773286,0.0001579978047243,-0.0363259855184833,-0.2092283698196048,0.0979922845245523,0.2643457081695136
0,1.0972950653168396e-05,-2.094784449312979e-05,-4.613008252341812e-05,0.0002313076002734,-0.000530376111692,0.0022104430238269,0.0029666983141607,-0.0390758847216875,-0.1907006561200961,0.0896052247751074,0.2973943937177584
0,1.4040714115506654e-06,3.503099594480539e-06,-3.7264756217319968e-06,-0.0002459803062013,-0.0013833997366315,0.002679745793695,0.0055140230661765,-0.0563816965732671,0.0200959311321876,0.0042553291985114,0.2120705566854054
0,-7.445316740085759e-06,3.086214508486743e-05,5.753273624930395e-05,-0.0006949460466516,-0.0003864778936957,0.0027920633043822,0.0067378193080306,-0.0334114515167927,0.1792884374549729,0.018208172938932,0.0326886916854239
0,-1.3309298867728725e-06,5.981767433670528e-05,0.0001222304461894,-0.0004848927677362,0.0016093552643583,0.0029990425459852,0.0062017226799892,0.0754221072998712,0.2198781941558389,0.0231876753816626,-0.139908017293716
0,2.280015688197533e-05,9.263594977315564e-05,0.000174819665147,0.0006345485212811,0.0032168620893913,0.0035646125413048,0.004316121111538,0.1484661505036025,0.1016231708507617,0.0899263236822431,-0.2372122963965219
0,5.6925946556509255e-05,0.0001320734987579,0.0002082421644353,0.0020654130653698,0.0036082958455154,0.0043228972556471,0.002368378746132,0.1377067583141428,-0.0233364196259335,0.0617306191862339,-0.1523361766846816
0,9.040910344202898e-05,0.0001755833934413,0.0002261013192593,0.003020065690021,0.0030883355315884,0.0043790816810469,0.0012034522186525,0.0532237666160939,-0.0806556431594625,-0.0504937341062825,-0.0806491288112183
0,0.0001192207592322,0.0002137224374027,0.0002363109968557,0.0026878616520304,0.0026739956264499,0.0032487271112286,0.0008384833006332,-0.1196645742142099,-0.0022123378682445,-0.1755771798573697,0.0076553452073738
0,0.0001453545692566,0.0002371735103148,0.0002461645102904,0.0012478387387239,0.002552766378438,0.001441487471195,0.0011322193863068,-0.1683400084471007,-0.0220335117341264,-0.1858707481493479,0.0510918719273392
0,0.0001666890555176,0.0002441348557746,0.0002600943283797,-0.0001444789277017,0.001714130873764,-4.9218379243084814e-05,0.0016537442315493,-0.1101235248380325,-0.1456935892006759,-0.1122704219382877,0.0532130971211579
0,0.0001748049521137,0.000240818745658,0.0002777045944429,-0.0007901243009896,-9.095155454482014e-05,-0.0006140036440846,0.0018683089810905,-0.0190055498195529,-0.2153228964611042,-0.0006866310300279,-0.0103001472129095
0,0.0001651629594214,0.0002354614729658,0.0002934602272528,-0.0006751406677815,-0.0018374469839099,-0.0004574508943503,0.0012828175808907,0.0420022764611708,-0.1339761894119294,0.0319971809768829,-0.1067981328270472
0,0.0001438369935442,0.0002323733593875,0.000300478753099,-0.0005024922913386,-0.0024277461915465,-0.000160171821314,0.0001208875883512,-0.0074726011725893,0.0159163478846228,0.0274586336303877,-0.1255878656808561
0,0.0001231420460579,0.0002297944810168,0.0002957341573008,-0.000754239248103,-0.0017112433057067,-0.0003556038528239,-0.0010698067479821,-0.0428767901802903,0.1273842292833256,-0.0665450399323641,-0.1125510015858195
0,0.0001135507152902,0.0002229919255597,0.0002810315077446,-0.0010189612539377,-0.00020702284783,-0.0010049072385938,-0.0018707231632726,-0.0100676109866516,0.1734598622920106,-0.0633156372216323,-0.0476322814722912
0,0.0001166860364983,0.0002107430761403,0.0002600617776858,-0.0007054953727925,0.000834087089439,-0.0014448626452843,-0.0023232228484711,0.0727607872157068,0.0347621251618155,-0.0246754441164501,-0.042867655567413
0,0.0001237055660107,0.0001955602283447,0.0002359052016894,0.0003062016018105,0.0005698188130533,-0.0015917069138421,-0.0025080923508249,0.1295786077048984,-0.087615780438948,-0.0046934095951147,0.0058937550966569
0,0.0001243130674181,0.0001798016100961,0.0002118563267733,0.0010734642362299,-0.000448318531575,-0.0015600167358619,-0.002301682632388,0.0238739191789909,-0.1160116884867376,0.0110314451911482,0.0353881885907327
0,0.0001155822775668,0.0001652488857686,0.0001904371532354,0.0007712249637454,-0.0012978394386891,-0.0013505281296389,-0.0019821520751997,-0.0843217736758864,-0.0538924929360733,0.0308662760534554,0.0285179228469257
0,0.0001028304878166,0.0001528975522302,0.0001713033425242,-0.000318710287106,-0.0012525185113425,-0.0011197385780552,-0.0018446100670275,-0.1336652764944124,0.062956678405394,0.0152916342632745,-0.0010095212124945
0,9.464584571166496e-05,0.0001417923273014,0.000153509113509,-0.0014277232887719,-0.0003844099096605,-0.0011013064077,-0.0017142357360074,-0.0881373238387847,0.1106650419309967,-0.0116052001922331,0.0270843874165253
0,9.334405678285924e-05,0.0001315431507874,0.0001393923981603,-0.0016736265419204,0.0001240521238994,-0.0009485288950935,-0.0011091073337431,0.0389566732090874,-0.0089726352190028,0.0421607027135508,0.0939412930363328
0,9.301314177881072e-05,0.0001251249681984,0.0001331200264192,-0.0006895531539648,-0.0001902351247091,-0.0003351076227086,-0.0001453670144662,0.1578580043820319,-0.0538848145027042,0.0805235517634171,0.0988067708190489
0,8.883799752997154e-05,0.0001252689038329,0.0001367012153612,0.0008499478659451,-0.0006447937250587,0.0003638947496075,0.000861604802849,0.1500421995999709,-0.0370269055672138,0.0592769226998293,0.102587592644013
0,8.398029395908395e-05,0.0001316534307079,0.000150291074092,0.0016226840210826,-0.0003267469891188,0.0009130106253948,0.001856366943315,0.0045050314275351,0.1006362527551955,0.0505462524576362,0.096364835449182
0,8.794493451644457e-05,0.0001429030350467,0.0001719769611089,0.0010809544497472,0.0011196751005909,0.0013369102423603,0.0024808104600704,-0.1128509456946239,0.1886481651867507,0.0342336709354507,0.0285238679019013
0,0.0001055224868947,0.000158906477115,0.0001979650303013,-6.272448381784593e-05,0.0023958353750684,0.0018637781712983,0.0027168033784113,-0.1158848410183885,0.06658388970876,0.0711399148521561,0.018674715766263
0,0.0001299009221479,0.0001815040554719,0.0002267395231562,-0.0004051095182838,0.0024798516755789,0.0026557375000854,0.0030380951925732,0.0474078341251967,-0.0497806296066744,0.0872519509052677,0.0455836470661343
0,0.0001508641240712,0.0002114831559071,0.0002583477760233,0.0005288352017574,0.0017127887090846,0.0033400825869597,0.0032835553808456,0.139381109883058,-0.1036319636921832,0.0496170664695821,0.003508390588345
0,0.0001659729048835,0.0002466483769136,0.0002925123393289,0.001664744084037,0.0013089674533631,0.0036929616143391,0.0035493572802719,0.087800666572856,0.0228677125478876,0.0209587390062952,0.0496519892969027
0,0.000181632526331,0.0002820607652303,0.0003285400249311,0.0020705758249946,0.0018229568361341,0.0033895160490068,0.0036561798401691,-0.0066343183813362,0.0799301640063051,-0.0816478520727427,-0.0282874773174528
0,0.0002032927427067,0.0003112850489933,0.0003624274272123,0.0016587224352613,0.0025090864390137,0.0024553407035765,0.0031213006160548,-0.075736359565319,0.0572957565696282,-0.1051872170133255,-0.0786883675054206
0,0.0002289499233747,0.000331211297306,0.0003873431547603,0.0009412212068475,0.0026223496945929,0.001529908958977,0.0018618448935464,-0.0677638861174333,-0.0346431054537856,-0.0798991319065826,-0.1732027769962585
0,0.0002514706261451,0.0003438137972827,0.0003966890087925,0.000402178769912,0.0018817908594681,0.0009905910363641,7.325912900410948e-06,-0.0400446012696846,-0.1134686615711737,-0.0279644526159915,-0.1977010191329434
0,0.0002640252060664,0.0003521038654808,0.000388246884107,2.5188403707712432e-05,0.0006291251248053,0.0006674226032457,-0.0016957508499962,-0.0353534719711746,-0.1370644853613936,-0.0366692340076758,-0.1429143334463791
0,0.0002644493405778,0.0003552838591898,0.0003675465499296,-0.0001261517208009,-0.0005442982225235,-3.142386144141867e-05,-0.0024443159854919,0.0050854470694361,-0.0976201841043787,-0.1031000589297668,-0.0067986936527626
0,0.0002546092204157,0.0003485926414044,0.0003460054017288,-0.0002985165651026,-0.0014237258099003,-0.0013068196956366,-0.0018639136546633,-0.0395584159297734,-0.0782653333709945,-0.1519791079092832,0.1228791598184756
0,0.0002372374598818,0.0003300542583445,0.00033259978752,-0.0006930461650985,-0.0020506262968759,-0.0024008569163544,-0.0008172091870945,-0.0393475040694095,-0.0471147640241213,-0.0668283362342787,0.0864617336952831
0,0.0002148949805288,0.0003036183624588,0.0003276962766255,-0.0011193332446211,-0.0024178695737271,-0.0028863222607766,-0.0001634929918047,-0.0459099118350977,-0.0263338913461103,-0.0302647326501581,0.0442815053626785
0,0.000190366639612,0.0002757406116235,0.0003265145772743,-0.0015077398329809,-0.002487798609634,-0.002689227906281,-7.284687842908782e-05,-0.0317714058368663,0.0123480841647272,0.0696836035492735,-0.0261522826875475
0,0.0001672733732187,0.0002538900951194,0.0003210853372208,-0.0016609245416992,-0.002130854669034,-0.0016808753945473,-0.0010130011322716,0.0011344640932051,0.0590407039552729,0.131986898797481,-0.161878568080959
0,0.0001499295685325,0.0002420653115424,0.0003036640447087,-0.0012142524959137,-0.001337906268207,-0.0006840813208507,-0.0024712573701523,0.0881999450638882,0.0995489762101149,0.0673719159418359,-0.129772679495188
0,0.0001418497021745,0.0002363163180252,0.0002733508568165,-0.0002552112848746,-0.0002780670033869,-0.0004657173825902,-0.0035913802082866,0.1036082971439311,0.1124188767539074,-0.023699128289747,-0.0942518881316777
0,0.0001442734746764,0.0002277884551365,0.0002360070167796,0.0006809848624472,0.0007628215037679,-0.0012398551951393,-0.0038773877990947,0.0836309323204525,0.0957588246770756,-0.1311284342200669,0.0370503699700676
0,0.0001540221900273,0.0002097315490042,0.0001996325794164,0.001243664813605,0.0011869215664138,-0.0023715260313201,-0.0033974996735413,0.0289050579111007,-0.0109388121478871,-0.0952057330160915,0.0589272551406167
0,0.0001626919445722,0.000183551328004,0.0001677268527755,0.001103926946884,0.0005470293425719,-0.002864518168736,-0.0029836456546493,-0.056852631255292,-0.1170396326205046,-0.0033926944670816,0.0238435486377796
0,0.0001611392181647,0.0001561052477892,0.0001385153520254,0.000110604251711,-0.000857574624069,-0.0026246978742138,-0.0028586544953712,-0.1418119077793094,-0.1638811607076879,0.0513567533715149,0.0011546832178314
0,0.0001462364671405,0.0001322841604325,0.0001103882632671,-0.0011815932840816,-0.0021229755807771,-0.0021395195971208,-0.0027667632562761,-0.1166275993792234,-0.0891990306339335,0.0456789020470747,0.0172235646011894
0,0.0001222569383927,0.0001114145668456,8.325706491313114e-05,-0.0020202394708285,-0.0026729301687847,-0.0020343991202726,-0.0026594764145357,-0.0511016379701704,-0.0207918869675849,-0.0246548066774349,0.004233803746901
0,9.553467613748896e-05,8.97885404015459e-05,5.735843346434053e-05,-0.0022281635078371,-0.0026715222822686,-0.0022908061685412,-0.0025202498752224,0.0095168305684567,0.021073464270793,-0.0266266029762803,0.0236115041157626
0,7.049086026172362e-05,6.476694153168618e-05,3.202602749466074e-05,-0.0017045276792527,-0.0023372408928843,-0.0027135136054306,-0.0025462313187135,0.0952103351484326,0.0457828136060723,-0.0579148844015984,-0.0288077928139934
0,4.877648361345402e-05,3.596189193072372e-05,6.227947945639729e-06,-0.0006444865886979,-0.0020056344367695,-0.0030474963147618,-0.0026133845910906,0.1167978829625171,0.0205384776168929,-0.0088816574646319,0.0153771383385755
0,3.0090060698527677e-05,5.63317217320517e-06,-1.923077648467537e-05,0.0002420965907586,-0.0017316501462157,-0.0030182476367418,-0.0024783602949723,0.0605187529288036,0.0342583804938717,0.0147313930686185,0.0116277208850789
0,1.4315075516546503e-05,-2.1798184514593424e-05,-4.361196643965582e-05,0.0003606717271895,-0.0014233468901805,-0.0024680237008178,-0.0023978776960237,-0.036803725642621,0.0274022707131705,0.0953133941161927,0.0044687989046521
0,3.457117127506316e-06,-4.218738806959428e-05,-6.569385304605739e-05,-3.855714699068708e-05,-0.0007482447876275,-0.0016098170101823,-0.0020184996252565,-0.0430420491934264,0.1076181497974263,0.0763279440109058,0.0714068152487725
0,9.520398927092824e-07,-5.39100009333974e-05,-8.280798890222802e-05,-0.0003832727935604,0.0002472293406681,-0.0007347055625782,-0.0014043275459775,-0.0259010801205224,0.0914766758617029,0.0986943455099045,0.0514276006070398
0,6.748322313333721e-06,-5.6320958086667554e-05,-9.384075219600634e-05,-0.000455457211667,0.0009120271434567,0.0002525141319242,-0.0008022251127781,0.0114641964992076,0.0414828846960266,0.0987495933906038,0.0689928860328402
0,1.582231016434415e-05,-4.892730221845164e-05,-9.835051787374332e-05,-0.0001013046943892,0.0009027704267453,0.0012262170417189,-9.972802276926292e-05,0.0593663069563362,-0.0433342280383166,0.0959909885683305,0.0715065319689335
0,2.306132361202829e-05,-3.36764629406465e-05,-9.36669569170261e-05,0.0004815737172352,0.0005450322627915,0.0018239508138421,0.0010364402141127,0.0572093753685619,-0.0282134047524451,0.0235557658563042,0.1557271154074602
0,2.8939638266667744e-05,-1.5288883329612977e-05,-7.53564578753303e-05,0.0007634227506741,0.0006306306681363,0.0018535651083646,0.0026256595942264,-0.0008395686807818,0.0453330858214199,-0.0176329069518038,0.1621167606152889
0,3.912232766708825e-05,2.8911808211170444e-06,-4.331547009680688e-05,0.000646696276416,0.0014059072119477,0.0017824477217814,0.0037825379614782,-0.0225057261708247,0.1097222229408471,0.0034094296351634,0.069258912835067
0,5.603268205997378e-05,2.2207489887580188e-05,-3.2059484515977145e-06,0.0005051361179934,0.0019761636666293,0.0020808140915112,0.0042393663675636,-0.0058063055137049,0.0043290679954869,0.0562638443108016,0.0221067683820064
0,7.52629381108104e-05,4.567725529154042e-05,3.8763409205319086e-05,0.0005448334134958,0.0018698875435379,0.0026131389892808,0.0041545051638197,0.0137457646141963,-0.0255842926137778,0.0502011352431168,-0.0390790091307745
0,9.297335783483227e-05,7.321459410006176e-05,7.744026677939509e-05,0.0008380502011226,0.0016721964012664,0.0028943287724234,0.0035808663509954,0.0448975929111669,-0.0139539358405204,0.0060368213854087,-0.0756487534340894
0,0.0001091388696623,0.0001003444259184,0.000108549016808,0.0012791295037723,0.0015609059642321,0.0025316375912473,0.0026408836547396,0.0433182676187563,-0.0083041515663451,-0.0785750576206319,-0.1123477858170603
0,0.0001246669218258,0.0001206440133727,0.000129456017864,0.001549635438503,0.0015447044684752,0.0015282798996237,0.0015405165564597,0.0107829193273811,0.005063852414967,-0.122096480704092,-0.1077256338389351
0,0.0001393999962744,0.0001313709021354,0.000139017553655,0.0012952504431379,0.0014019104212403,0.0006170978529176,0.0003717906017407,-0.0616599184003818,-0.0336226618619482,-0.0601399286371162,-0.126019557104855
0,0.0001512554717953,0.0001357078217033,0.0001371158281376,0.000610667089822,0.0009691846829447,0.0002502860606481,-0.000752135705215,-0.0752567522628024,-0.0529224857971581,-0.0132224298167811,-0.0987657042863069
0,0.0001574409980687,0.0001359323684017,0.0001262404240978,-0.000139378661531,0.0002679205717222,-0.000205376720956,-0.0014229451027566,-0.074752398007814,-0.0873303364473566,-0.077910126504066,-0.035396175222006
0,0.0001552536231063,0.0001301874210562,0.0001122559208495,-0.0008235031552843,-0.000705395564185,-0.0009436127481394,-0.0013739555468969,-0.0620725007428645,-0.1073328907341003,-0.0697370789326038,0.045194086393933
0,0.0001425487334377,0.0001177485151338,9.893682542370363e-05,-0.0011146064461159,-0.0018355823695467,-0.0015441684363477,-0.0012898635382767,0.0038518425765613,-0.1187044703382347,-0.0503740587090662,-0.0283756846698959
0,0.0001195222941095,9.89845056048125e-05,8.417162641918247e-05,-0.0009616144246907,-0.0027697054960803,-0.0022086334694606,-0.0016631762626274,0.0267465617084651,-0.068120154968487,-0.0825189479135162,-0.0462868602002337
0,9.009889661360842e-05,7.275241310780466e-05,6.433175549443256e-05,-0.0010789299378009,-0.0031149740031161,-0.0030377850299409,-0.0023047979223225,-0.0502096643305003,-0.000933546438676,-0.0833113641825308,-0.0820374717387861
0,6.086768740350768e-05,3.981778376965424e-05,3.73129672255364e-05,-0.0015863604196601,-0.0027312678389039,-0.0035491408376891,-0.0030989597314566,-0.0512764320413306,0.0776747792811148,-0.0189597973671252,-0.0767948900880443
0,3.7143610316766e-05,4.594289873665333e-06,3.023942578171349e-06,-0.0017615865222161,-0.0020135475784443,-0.0034955579415085,-0.0037588451980163,0.0162312115301273,0.0658692728108089,0.0296763766032422,-0.0551822032238807
0,1.823900857881221e-05,-2.7152241819510173e-05,-3.645311687251322e-05,-0.0013124758257151,-0.0017673727691463,-0.0028537483971265,-0.0041365666921205,0.0735909277700706,-0.016634310951217,0.0986855322731767,-0.0203620955969749
0,1.275409166025644e-06,-5.1602618866816895e-05,-7.716365964517132e-05,-0.0006178499734544,-0.0016253471134109,-0.0020363270123348,-0.004005541862411,0.0653342426820721,0.045039442098314,0.0647987446851557,0.0465670615388892
0,-1.2207627003868788e-05,-6.9053980721834e-05,-0.0001143575219538,-0.0001627751196474,-0.0010712601205679,-0.0014539453586685,-0.0034332305993327,0.025680728079323,0.0657779564702744,0.0516775860480961,0.0678951910767558
0,-1.9792438660999512e-05,-8.132351590900666e-05,-0.0001427522591264,-6.276485486085559e-05,-0.0004457022108581,-0.0009999616787659,-0.0022457168351722,-0.0056786751220042,0.0593336254716851,0.0391191499324299,0.1696075617553473
0,-2.1893316955157817e-05,-9.02445983790613e-05,-0.000156773974111,-0.0001535702267199,2.55265520265125e-05,-0.0007842548152449,-0.0005586261617523,-0.0124823992498079,0.0349121271052521,0.0040222227717641,0.1678105729286432
0,-1.9700125426292085e-05,-9.646821337568564e-05,-0.0001540650233751,-0.0001031930155326,0.0004131117537466,-0.0004604681840798,0.0011004163089254,0.0225578414872616,0.0426049132387721,0.0607351034612539,0.1639979212069054
0,-1.4499876879971512e-05,-9.567671864612802e-05,-0.0001365774123616,0.0001766409990041,0.0006269379555174,0.0006187671299914,0.0023971058937843,0.0334089614200902,0.0001603271153971,0.1551119593530068,0.0953399957648816
0,-7.984957067315602e-06,-8.047853158185736e-05,-0.0001064639631851,0.0003806795889194,0.0006760460070137,0.0024208702828627,0.0036255839415093,0.007398756562976,0.0096612831838469,0.2053086712212536,0.1503556137801222
0,2.2047485327795893e-07,-4.836109427747216e-05,-6.285027840807265e-05,0.0004310753158393,0.000965040377105,0.0040026171780143,0.0050971530139073,0.0026803888209962,0.0481375908344149,0.1110407078090671,0.1439582006994682
0,1.4071775891141335e-05,-3.867079817121004e-06,-5.8434546649128736e-06,0.0005032644741589,0.0018052198304676,0.0048961857140559,0.0063042117347246,0.0117574428429276,0.1198982998381159,0.0676729993992502,0.0974535434639939
0,3.830957698837274e-05,4.602218861158653e-05,6.08990752060863e-05,0.0007745480821645,0.0030423403889786,0.0050816679716855,0.0070442942394752,0.0424992787582054,0.1275258118640742,-0.0305765478733124,0.0505629574861204
0,7.316950420718878e-05,9.59545277754009e-05,0.000132329270851,0.0014154342278386,0.0039296450547845,0.0049047998610772,0.0072417448895245,0.0856779503765995,0.0499351212971211,-0.0047970742483522,-0.0110728274762444
0,0.0001139922009622,0.0001456169818338,0.000203099464696,0.0021775083935084,0.0042348942962219,0.0050276909506042,0.0069122938794749,0.0667368827573677,0.011114726990341,0.0293752921537428,-0.0548173745336794
0,0.0001565421521637,0.0001983893702442,0.0002669117574745,0.0027200280254667,0.0042750959440766,0.0055267867314789,0.0058501646762235,0.0417670436342957,-0.0030743974193971,0.0704438640212013,-0.1576084661166082
0,0.0001986373954214,0.0002560371075937,0.0003178828335635,0.0026819822592942,0.0041439527074765,0.0060027607384336,0.0043440505415658,-0.0493761968687939,-0.0231542499006237,0.024750937369748,-0.1436143608149258
0,0.0002391488043707,0.0003137873192619,0.000357793818964,0.0020799557198349,0.0039583290823783,0.005547281595201,0.0036381465385301,-0.0710291110230727,-0.0139704751190189,-0.1158467660162702,0.002433560207792
0,0.0002771483667487,0.0003612083828388,0.0003944919425199,0.0013066436678482,0.0036415833932183,0.0039369311201865,0.0037014781726655,-0.0836332993742643,-0.0493786627129727,-0.20622332898663,0.0102327666192723
0,0.0003079467224752,0.0003911826404631,0.0004313258708192,0.0007182160111186,0.0025180877520915,0.002057920404662,0.0036653074871896,-0.0340522319716631,-0.1753204655123958,-0.1695788141182698,-0.0174669037144428
0,0.0003226439613314,0.0004048114793569,0.0004654617307756,0.0003000228271603,0.0004213600191448,0.0006678473741059,0.0031618645040853,-0.0495864048199987,-0.244025081076943,-0.1084357919929531,-0.083221692906417
0,0.0003154931692409,0.0004067110612315,0.0004904143058044,-0.0003589715562564,-0.0018515184372517,-0.0002879309991902,0.0018286505016812,-0.0822124718633471,-0.2105506102023639,-0.0827198826662898,-0.1834211075744059
0,0.0002908352401576,0.000398952883469,0.0004997829666129,-0.0012152298388874,-0.0030800673794109,-0.0012637045533122,4.508166002380686e-05,-0.0890391846628544,-0.0351591782294841,-0.11243482815811,-0.1732926607570811
0,0.0002609481694024,0.0003814699838361,0.0004909394475071,-0.0020077599696194,-0.0028973467716196,-0.0022328753732617,-0.0018137854812017,-0.0694668414835548,0.0717032997877521,-0.081399335831786,-0.1984807674880253
0,0.0002346199456358,0.0003554834323939,0.0004635672504519,-0.0023211860398072,-0.0023682979817009,-0.0029644349151827,-0.0036606539298207,0.0067816274460042,0.0341064581959781,-0.0649125725524141,-0.1708929222357705
0,0.0002113607057808,0.0003226143916946,0.0004191888384653,-0.0016630820169507,-0.0022835499893052,-0.0036093732246832,-0.0052150284675091,0.1248391771252878,-0.0171568597168408,-0.0640750893476825,-0.1399819853019221
0,0.0001874343354533,0.0002834262185047,0.0003612607223623,-0.0005366042698286,-0.0025017240761925,-0.0042282614132978,-0.0063705947530848,0.1004563722991308,-0.0264779576606084,-0.0597025483752514,-0.0911312718132138
0,0.0001623339667778,0.000238471480818,0.0002960840072946,-6.785281613495646e-05,-0.0025183496589148,-0.0047626861240362,-0.0066647482604622,-0.0067060815603878,0.0231528411161394,-0.0471823937724217,0.0323005703377304
0,0.0001387417538832,0.0001896422774472,0.0002301858860368,-0.0004241625808317,-0.0022000929200047,-0.0050031545501142,-0.0065148759910887,-0.064555871378973,0.0404985066658868,-0.0009112914431738,-0.0023261164630355
0,0.0001175155624724,0.0001410757345297,0.0001652348909639,-0.0012909174787828,-0.0020451453621377,-0.0047101540333905,-0.0064753230234935,-0.108795108211237,-0.0095089950924809,0.0595113947879021,0.0102367099820901
0,9.574044349831316e-05,9.707374948986778e-05,0.0001028417734845,-0.0020640941812222,-0.0023098784326987,-0.0040902429745908,-0.0060033004723912,-0.0458402322766559,-0.0434376190197346,0.0644708169720366,0.084167800238364
0,6.960153262138767e-05,5.894760674578805e-05,4.86559283508493e-05,-0.002224078488566,-0.0029179037426863,-0.003534985574225,-0.0048338685543474,0.0138433708078995,-0.0781674429777661,0.0465806631011301,0.1497185833703909
0,3.749646775020726e-05,2.5646890886605265e-05,9.021005048876858e-06,-0.0018410599260937,-0.0035031092315497,-0.0031251575976115,-0.003093116106047,0.0627603416865565,-0.0388736547949295,0.0353849322215805,0.1984319062896997
0,3.048682938308034e-06,-3.797274844617473e-06,-1.2413602131113822e-05,-0.0011191765138144,-0.00338644773083,-0.002763675548633,-0.0011938053299511,0.0816163407693021,0.0622059549388722,0.0369114775741107,0.1814302489294801
0,-2.5239741276669665e-05,-2.9195353890537447e-05,-1.6906521271967174e-05,-0.0005199408895465,-0.0022712371121654,-0.0023159402605509,0.0002952215017804,0.0382307840842903,0.1608361687940462,0.0526355800423085,0.1163751174168329
0,-4.061391193615326e-05,-4.768421234146672e-05,-1.0816240791769747e-05,-0.000272471232898,-0.0008035970197312,-0.0013818314296349,0.000922834594259,0.0112631472453962,0.1326918496927992,0.1341861861409004,0.009147501078885
0,-4.297172969531982e-05,-5.290411906775039e-05,-3.4481793913316237e-06,-3.224226772476229e-05,0.0003320334678979,0.0003378500843781,0.0005507776858285,0.0367826457892695,0.0944342478330366,0.2097501166617145,-0.0835588827649751
0,-3.611006552441813e-05,-4.100159779182721e-05,-2.396176244414441e-07,0.0003743725940714,0.0010402993662824,0.0020426541708064,9.093466754944886e-05,0.0445403265699659,0.0472189318438573,0.1312107006239447,-0.0084097208908524
0,-2.259822470974505e-05,-1.657200342413811e-05,2.226793205968517e-06,0.0007243851227329,0.0016620687966522,0.0028432647027313,0.0004023474985325,0.0254621791623473,0.0771349542301043,0.0289114057610331,0.0706922870874714
0,-3.307068601455213e-06,1.1587041963780462e-05,1.1100899121452994e-05,0.0010617405866424,0.0021961624250057,0.0027885443748523,0.0013724736845643,0.0420089136195506,0.0296837714406041,-0.0398554713368322,0.1233329501188903
0,1.960290877275149e-05,3.81123859138942e-05,3.086804489361365e-05,0.0012870013009699,0.0023858330498355,0.0025165244151703,0.0025809554698677,0.0030432292459507,0.008250353525362,-0.0145485205995619,0.118363406941795
0,4.218096737549619e-05,6.37879354848394e-05,6.290616544867002e-05,0.0012078675305231,0.0021297786707133,0.0026185854990186,0.0038266686411434,-0.0188699833353112,-0.0594612293498086,0.0349607373692146,0.1307792273133482
0,6.011356247415499e-05,9.152774962832458e-05,0.0001062021866048,0.0007749497213674,0.0014567403490184,0.0029293773296783,0.0048325355900947,-0.0677135784958277,-0.0751464349891803,0.0271976287627311,0.0703941624768954
0,7.263613817801471e-05,0.0001218671220375,0.0001570481536679,0.0001565444262734,0.0010477747917535,0.0031384971521749,0.0053366578225199,-0.0559674805229725,-0.0066466764637939,0.0146263357365901,0.0304302840081572
0,8.26503777693105e-05,0.0001523591992962,0.0002095089099451,-0.0003071863919544,0.0009550731265056,0.0029599182995537,0.0051554934329292,-0.0367786831226184,-0.0118936565857888,-0.0503421062608397,-0.0666631619263075
0,9.25353806589123e-05,0.0001791272453419,0.0002553020200206,-0.0002947756164448,0.0010219274514147,0.0023936909095981,0.0040031285821728,0.0392608382245504,0.0252645215676117,-0.0629033717302682,-0.1638098082249747
0,0.0001032892705061,0.000199622033237,0.0002863125942184,0.0003759392324262,0.0011288505180309,0.0017052666694048,0.0021989862573838,0.0948821315496697,-0.0038799082443783,-0.0747814763083964,-0.1970186567328246
0,0.0001143011897594,0.0002126808721804,0.0002988833250758,0.0011259404524657,0.00107353333264,0.0009065011192889,0.0003151599140835,0.0551181124582282,-0.0071835288337854,-0.0849716337147886,-0.1797466119272294
0,0.0001248215065208,0.0002171654983023,0.0002927424914912,0.0012425396510678,0.0010305300196223,-9.575894913300964e-06,-0.0015433266309945,-0.0317982727378201,-0.0014171337697581,-0.0982437691256613,-0.1919506970883843
0,0.0001346683015601,0.0002122169454609,0.0002693191053306,0.0007465484893052,0.0009388289882551,-0.0009801346733735,-0.0031413506011263,-0.0673999596146848,-0.0169230725036758,-0.0958679865663941,-0.1276540969379735
0,0.0001405765774711,0.0001981508316527,0.0002332780209321,5.04410503813803e-05,0.0002428261939335,-0.0018330880882617,-0.0040668662785686,-0.0718215281700969,-0.1222774863606489,-0.0747226964112477,-0.0574490385504904
0,0.0001357229542754,0.0001751522847863,0.000189878390961,-0.0006655553709476,-0.0012135508330621,-0.0027666212850237,-0.0046130597156648,-0.0713777560957087,-0.1689979190385,-0.1119839429411408,-0.0517896488687583
0,0.0001156908068496,0.0001424374646389,0.0001439074481507,-0.0014002640290974,-0.0027928786521063,-0.0037763427444498,-0.0045811288463777,-0.0755639755342548,-0.1468676447703428,-0.0899603489440836,0.0581758227261747
0,8.164145734753473e-05,0.0001003173417069,0.000100754364311,-0.001867274611391,-0.0040169912483173,-0.0046476818419406,-0.004049487921575,-0.0178381409244618,-0.0979548744718585,-0.0843074705540671,0.0481523622343669
0,3.837068107568797e-05,5.069810791795181e-05,6.155819273973686e-05,-0.0021094050144511,-0.0046371640060519,-0.0052761649158687,-0.0037897463926839,-0.0305879396875681,-0.0260796770750549,-0.0413891442315546,0.0037959435438696
0,-7.001293381139974e-06,-3.0360196121408923e-06,2.218876439989054e-05,-0.0024859109162155,-0.0044372308853136,-0.0054706605901498,-0.0040841392752853,-0.0447132406652999,0.0660663012227214,0.0024900093753335,-0.0626745200641626
0,-4.834017090913975e-05,-5.674101816698128e-05,-2.3232719713767364e-05,-0.0024051155006151,-0.0038305446202863,-0.0052703391208182,-0.0050001575474462,0.0608723237853722,0.0552709517827384,0.0375742844909801,-0.1205291343680073
0,-8.349784752811589e-05,-0.0001069902175737,-7.817920602409268e-05,-0.001560412839785,-0.0032009907035089,-0.0047795007605431,-0.0059891397146188,0.1080682083806627,0.0706398315727468,0.0605933875640418,-0.0772672990665194
0,-0.0001114174340962,-0.000150750181816,-0.0001399978809902,-0.0006035984149142,-0.0023829266101247,-0.0039724920879045,-0.0063745952786195,0.0832946765934786,0.0929729871040806,0.1008083469636869,0.0001761862663882
0,-0.0001296858302256,-0.000185864793463,-0.0002020318403935,8.360195925190164e-05,-0.0012707526157537,-0.0030504302415008,-0.0060321966020284,0.0541453982397608,0.1294618117701232,0.0836040223170402,0.0683035490518296
0,-0.0001368842573304,-0.0002124226348998,-0.0002570631585464,0.0004071382802007,-0.000168932805195,-0.0022611380458647,-0.0049740670285493,0.0105618659500065,0.0909021503416241,0.0742544168101855,0.1433223656439745
0,-0.000135935948166,-0.0002313652927165,-0.0002978625752304,0.0004672768552877,0.0003585946380653,-0.0015273935174661,-0.0031858163082512,0.0014658490673939,0.0146033383104526,0.0724944888695297,0.2143277784156546
0,-0.0001332176450823,-0.0002419780487143,-0.0003178128430017,0.0004154242055506,0.0001850659786684,-0.0005951576820923,-0.0008042372460165,-0.0118363790148059,-0.0493090701898479,0.1139526782052295,0.2619880340312815
0,-0.0001329313569483,-0.0002423642779191,-0.0003133473100746,0.0001564584274572,-0.0001278083518596,0.0005179118411241,0.0016973438314449,-0.0399567766038777,-0.013265795915761,0.1086612264380634,0.2383281814610139
0,-0.0001328672273771,-0.0002318236721672,-0.0002868112538073,-0.0003504712695475,0.0001406342660982,0.0015902093092571,0.0036098674220039,-0.0614291627970907,0.0669543195073377,0.1057982671885558,0.1441765366508035
0,-0.0001279839559394,-0.0002104025692422,-0.0002442457516216,-0.0007462167189942,0.0008360200214533,0.002694011275753,0.0049032330151379,-0.0177199270922374,0.0721228315636942,0.1149621261106052,0.1144965819759966
0,-0.0001158003624194,-0.0001791252245854,-0.0001916152468819,-0.0003651042855034,0.0016006986825297,0.0035614576556068,0.0056228679328069,0.0939424137903991,0.08081290065158,0.0585271498601629,0.0294304015578002
0,-9.577991530757518e-05,-0.0001409467387297,-0.0001382704527815,0.0008241398431842,0.0024033907398529,0.0040742395155296,0.0050460908872785,0.143906411947137,0.0797255108130629,0.0440292221244033,-0.1447858106634914
0,-6.787790105094886e-05,-9.894991698401717e-05,-9.454472737742456e-05,0.0022175732964979,0.0031770121114722,0.0043251248336129,0.0036990541935379,0.1347802787155992,0.0749987635107958,0.0061478414922562,-0.1246215280846262
0,-3.229628280539636e-05,-5.694428029004575e-05,-6.20967331300264e-05,0.0031891074438133,0.0039393115376382,0.0040760025051813,0.0027905446559416,0.0595265507474731,0.0774611217223923,-0.0559723071785902,-0.057080379434622
0,8.832456164729816e-06,-1.90840998287473e-05,-3.582734766783472e-05,0.0032067369979117,0.004286436256387,0.0034960335870783,0.0024633324364966,-0.0560006399277923,-0.0080361779726333,-0.0600214764419937,-0.0083620644543888
0,4.982752571096072e-05,1.368225689919335e-05,-1.0143486287571118e-05,0.0023145135162599,0.0039125776528591,0.0030572377585097,0.002673439839556,-0.1224440564025528,-0.0667355427329366,-0.0277376892717342,0.0503835450662769
0,8.296782520307233e-05,4.434404449806066e-05,1.956836138056306e-05,0.0009578084021271,0.0027154822455631,0.0030751197612637,0.0032689296940707,-0.1488969664240098,-0.1726835387262645,0.0313140898225286,0.0687144258366582
0,0.0001012295436931,7.577166429266577e-05,5.62617413524206e-05,-0.0002100240363169,0.0009368614524616,0.0032104041976573,0.0040697463003007,-0.0846695212648093,-0.183040619894047,-0.0042572025438108,0.0914488954093409
0,0.0001034128852165,0.0001054011832158,9.962456286817832e-05,-0.0007681319929547,-0.0005001931477842,0.0027154995869774,0.0046028180028507,-0.0269520700627473,-0.1043703001551328,-0.0947237195921683,0.0151654451006674
0,9.588497332555364e-05,0.0001268564064544,0.0001447579280257,-0.0010032704836485,-0.0010053892304214,0.0015755450607447,0.0044238550286573,-0.020075628076015,0.0033310836276928,-0.1332671856543733,-0.0509580399393547
0,8.826870021780178e-05,0.0001364651928621,0.0001827998125928,-0.0009270716417713,-0.0005178653911288,0.0003462122208,0.003184521884777,0.0353153964514536,0.0941736842308326,-0.1125993823345624,-0.1969085888367157
0,8.719706221624314e-05,0.0001354136680525,0.0002022910010189,-0.0001718601435369,0.0003035377908171,-0.0005565171827162,0.0007137158004391,0.1157269031954109,0.0701069521583707,-0.0679464983686942,-0.2972526280308525
0,9.148395744662869e-05,0.0001281155880798,0.0001951483172412,0.0007285606766099,0.0005538412552599,-0.0009030988118363,-0.0021422525559928,0.0643572608339857,-0.0200462592698073,-0.0013698274553249,-0.2739410432555454
0,9.489251311556235e-05,0.0001187503435356,0.0001623527948317,0.0011590524505343,0.0001278698785267,-0.0009699500969999,-0.0044168519258934,0.0217410939508815,-0.0651480160768298,-0.0120004295773864,-0.1809788307245747
0,9.344394888346028e-05,0.0001071750053891,0.0001125949166831,0.0009011348036539,-0.0004175827249471,-0.0013451175322919,-0.0055347237038213,-0.0733246233269601,-0.0439425046179635,-0.0630330574810165,-0.0425955248610079
0,8.696601624718918e-05,9.017369851429972e-05,5.865555582056092e-05,-0.0003308620581808,-0.000878003802307,-0.0020551438426858,-0.0052531484687061,-0.1730747490399864,-0.0481417108540034,-0.078972204597769,0.0989105718840477
0,7.448797817838057e-05,6.533606762056548e-05,1.2347391256176877e-05,-0.0017824874210963,-0.0016176038114546,-0.0029123823360609,-0.0040084844441706,-0.117250323543123,-0.0997782909755298,-0.0924754940772571,0.1500222330230471
0,5.258897875981008e-05,3.352337404046904e-05,-1.8924786060760107e-05,-0.0024698719373534,-0.0027621960722594,-0.0034501563799583,-0.0022459510192167,-0.0202265797083032,-0.1291401611854127,-0.015079314702205,0.2024844519677405
0,1.947412503415798e-05,-2.0138028837545173e-07,-3.416692269269109e-05,-0.0021772963149111,-0.003860774672871,-0.0032947944858105,-0.0008024763071694,0.0787417041967647,-0.0905755589369087,0.0461516935317452,0.0862104904417115
0,-1.942443175503962e-05,-2.990714695411484e-05,-4.0206809794240766e-05,-0.0014231058430431,-0.0039189366849685,-0.0026463588473372,-0.0004055011131404,0.0720963901768494,0.0789431565174102,0.0835354341629188,-0.0068154516359113
0,-5.0506155967224766e-05,-5.235212777529585e-05,-4.570815992852139e-05,-0.0008847436822811,-0.0022974081574685,-0.0018426373168989,-0.0006947689137156,0.0355760419755454,0.2453625489825862,0.0772088719247521,-0.0510381084791267
0,-6.136284486093314e-05,-6.577487532627552e-05,-5.697700862998941e-05,-0.0005243576071871,0.0001260703787268,-0.000841912193297,-0.0015590008265779,0.0365011730432493,0.2393331582564882,0.1229361527956304,-0.1218082740933308
0,-5.1582098752029295e-05,-6.926763811040777e-05,-7.699903922940096e-05,0.0001614460169108,0.0018300788430539,0.0001433596364705,-0.0024454052933043,0.1006595517763535,0.101468534608926,0.0741182131578833,-0.0554726192519529
0,-3.095226841284184e-05,-6.485813334317347e-05,-0.0001013657851467,0.001118587887325,0.0022958872247835,0.0007385413169763,-0.0024279438901702,0.0907688223064936,-0.0083068582629958,0.0449181229432655,0.0589648998787707
0,-1.0626345824035147e-05,-5.634680866028067e-05,-0.0001191140845916,0.001830152363482,0.0017692972929777,0.0009637236196022,-0.0011217159988122,0.0515440729248937,-0.097011128098165,0.0001183375819251,0.2022806783928266
0,2.7938840445825314e-06,-4.852717225454784e-05,-0.0001202510357857,0.0017229747879591,0.0009147486807457,0.0006002036615443,0.0008943257600051,-0.0729795880294645,-0.0738985943482344,-0.0728223291935144,0.2009276733706616
0,9.432996743184262e-06,-4.3780246788661614e-05,-0.0001018487306454,0.000787962562029,0.0004130738589745,0.0003491814316329,0.0027861352680552,-0.114022857156555,-0.026436370006004,0.0226178832112399,0.177434228239366
0,1.2163570600198716e-05,-3.8233163773182907e-05,-6.896377763128622e-05,-0.000341154506256,0.0001330409124283,0.0007602351714628,0.0037908553347715,-0.1118005565004721,-0.0295702193032485,0.0595928647547337,0.0235097851038846
0,1.2955658792188837e-05,-2.612797630270139e-05,-3.208273348479008e-05,-0.0010231646212382,2.5376725969710164e-05,0.0016608023226334,0.0035853534945276,-0.0246014664959654,0.0080373820115278,0.120520565479405,-0.0646101531526575
0,1.389063524507929e-05,-4.974806555457136e-06,-1.3759756600885315e-06,-0.0008998525417494,0.0001616185646083,0.0025698316268153,0.0025559980704126,0.0492638823937296,0.0192109857162063,0.0612852953569655,-0.1412609316703531
0,1.700282537943827e-05,2.104180659741569e-05,1.75571533796569e-05,-0.0001639046957197,0.0004608194622634,0.0026334910037592,0.0012306277375364,0.097925686812196,0.0406291938148005,-0.0485534199681931,-0.1238131349048807
0,2.5066891299154684e-05,4.249269515572233e-05,2.5247228978598232e-05,0.0008150014414684,0.0011519937216798,0.0016566867079021,0.0003073873822518,0.0978555406254481,0.0976056580684898,-0.1468074392032269,-0.0608349361520492
0,4.000674637213988e-05,5.225259261453672e-05,2.629946552895189e-05,0.0016198809428551,0.0018359772929171,0.0002952927838607,-9.694007218107574e-05,0.0631203596519011,0.0391910561789706,-0.1254713456050432,-0.0200305547345274
0,5.709675051991711e-05,4.9969917220177606e-05,2.4895948544487928e-05,0.0018756218567584,0.0015820235366382,-0.0007518278627325,-0.0001837633247117,-0.0119721768712376,-0.0899818074347494,-0.0839527837136261,0.0026659042283991
0,6.690971601881e-05,3.98644519784629e-05,2.2839145185864087e-05,0.0012310056224057,0.0003805695631403,-0.0012692651856103,-0.000227597347013,-0.1169510699993089,-0.1503089872648454,-0.0195346808619282,-0.0114327086886657
0,6.392870432560556e-05,2.806474500001486e-05,2.0191961009112803e-05,-0.0002790505313637,-0.0009767719017811,-0.0010906762100792,-0.0003018394883372,-0.1850601607545871,-0.1211593057194531,0.0552524759681493,-0.0034157195761653
0,4.9354530812962624e-05,1.854709218153508e-05,1.510169843702005e-05,-0.0018433115254203,-0.0019380628007473,-0.0008128543536167,-0.0007162130260813,-0.1277920380567311,-0.0710988740737875,0.00031189532436,-0.0794589879726624
0,2.707803565174213e-05,1.0088355305715414e-05,4.265585998950986e-06,-0.0026033208256477,-0.0025172362314967,-0.0008788930215472,-0.0014510094615324,-0.024209821988762,-0.0447358120760741,-0.0135196289104649,-0.0675002991175623
0,1.0685004706384177e-06,-2.2823167113311326e-06,-1.295640585238036e-05,-0.0022393892387754,-0.002684670804724,-0.001595241381862,-0.0019933889087338,0.0969961393632247,0.0112488974306073,-0.1297500431525052,-0.0409755903227042
0,-2.3762886667551163e-05,-2.4366934798757035e-05,-3.525579624148241e-05,-0.0007570316230459,-0.0022816066229138,-0.0028216822356231,-0.0024664891690866,0.1994753837826723,0.0693639389314246,-0.1155381275996986,-0.0536444617478575
0,-4.168589404424515e-05,-5.587090969593188e-05,-6.218576199954734e-05,0.0006964790203411,-0.0013029948524249,-0.0034791127438118,-0.0029195039825263,0.0912267448947498,0.126358415166367,-0.0159479740380551,-0.0369585009400956
0,-4.955502657090221e-05,-8.813454112964478e-05,-9.35658926345216e-05,0.0010316197894554,-0.0002708316529064,-0.0029736135429307,-0.0033565221444684,-0.024198591071889,0.0800742247373181,0.1170478142142866,-0.0504451314483238
0,-4.942282303078272e-05,-0.0001120461646007,-0.000127962568018,0.0005480125724561,0.0002972723609303,-0.0018087111512943,-0.0035228129322299,-0.0725228523279694,0.0335465780300587,0.1159326641129834,0.0171869738960224
0,-4.609725167156662e-05,-0.000125488224602,-0.0001613027234998,-0.0001868115562574,0.0003678419109128,-0.0008797008489693,-0.003145218164147,-0.0744419734147421,-0.0194326680335711,0.0698693963520202,0.0583319797205614
0,-4.4607444304502615e-05,-0.000131701831077,-0.000187514108066,-0.0007045421247136,-6.988043750002864e-05,-0.0003630204460286,-0.0020970587490828,-0.029104140276504,-0.0681118016490005,0.0334666842361189,0.1512999032922759
0,-4.8200387258180594e-05,-0.0001353624657658,-0.0002005775887084,-0.0008017314861063,-0.0006487081532355,-0.000369106491719,-0.0005156373794003,0.0096662679979733,-0.0476537414981071,-0.0346838933741906,0.1649843706442384
0,-5.7163422974841785e-05,-0.0001398306209183,-0.000198038337208,-0.0006644407581078,-0.0011438989900966,-0.0005245245387944,0.0010234876794778,0.0177918776017222,-0.0513844258741136,0.0036002839590932,0.1428406411313938
0,-6.91659613534417e-05,-0.0001444496872134,-0.0001838321258911,-0.0004136447786837,-0.0012566086856233,-0.0003992887202211,0.00181775458391,0.0323673182830987,0.0288424867687857,0.0214468797555729,0.0160127397550504
0,-8.011261441541788e-05,-0.0001466094543902,-0.000166560676588,-6.085308248996487e-05,-0.0009327219267719,-3.26647151448367e-05,0.0016365352766977,0.0381910209556522,0.0359348650014912,0.0518779212596919,-0.0522566011975091
0,-8.61319036979293e-05,-0.0001443610139257,-0.0001535146841349,0.0001046898552732,-0.0002711359297303,0.0004823528080554,0.0009726632139245,-0.0050824334030067,0.0963823344068224,0.0511255833803718,-0.0805178113571461
0,-8.428257645881088e-05,-0.000137877467717,-0.0001483070060181,0.0001306949796674,0.000641001377554,0.0008143564336761,6.887240944847934e-05,0.0102834582818489,0.0860451270500579,0.0152751417437585,-0.1002403495380602
0,-7.491134244980654e-05,-0.000129465795322,-0.0001498180332486,0.0003176392436962,0.0012332454242468,0.0008679780453206,-0.0003710778555547,0.0271053945238975,0.0324036822884981,-0.0045508194148519,0.0122502965374154
0,-6.241749709087252e-05,-0.0001216073709592,-0.0001505524645519,0.000555513324043,0.0012655236475399,0.0007037068272462,0.0002241915948929,0.0204694215454692,-0.0259480376298672,-0.0283034242000325,0.1068035935521225
0,-5.2257606479849744e-05,-0.0001142969805443,-0.0001432772396219,0.0004961457664489,0.0007664544746645,0.0007583712557274,0.0012308533911085,-0.0323429330642819,-0.0738657969452137,0.0392363098962671,0.0945287656910071
0,-4.739152425106199e-05,-0.000104509684842,-0.0001266424776718,0.0001844300819339,0.0002067619710929,0.0011990878847318,0.0020960989989036,-0.0300002038387247,-0.0380727037691061,0.0489070159046164,0.0785203558680116
0,-4.583645379309495e-05,-9.147844458227076e-05,-0.0001032967349219,-0.0003094326271517,0.0001042521205004,0.0014071601672336,0.0025730495510776,-0.0687723379784162,0.0175707336505975,-0.0072925594042576,0.016869754566785
0,-4.3716302122459327e-05,-7.896557478924124e-05,-7.817258376777633e-05,-0.0006991275980856,0.0003197782136266,0.0010954137913722,0.0024517806797642,-0.009166656208352,0.025534484974654,-0.0550567157680135,-0.0411235288294773
0,-4.074964011405745e-05,-7.044731037371346e-05,-5.7933723838466754e-05,-0.0004175811544496,0.0002735541880536,0.0006082390917332,0.0015959913060977,0.0654759449355495,-0.0347792900892551,-0.0423782241597853,-0.1300343459038238
0,-3.925508360411117e-05,-6.65171181006974e-05,-4.822409806802736e-05,0.0003098133714176,2.5357113935570283e-05,0.0001777993628699,0.0003459338479901,0.0800029602379063,-0.0148601247343677,-0.0437097216128841,-0.1199771457176824
0,-3.899908392821949e-05,-6.639967552734077e-05,-5.10243493697045e-05,0.0010085951382235,2.584282124276529e-05,-0.0001543108481986,-0.0009059841083256,0.0597533931232674,0.0149572661958067,-0.0227123206008242,-0.1304064455454723
0,-3.719787340857596e-05,-6.881724344790936e-05,-6.469640839917218e-05,0.0012172571339483,0.0003343992826859,-0.0003292027359151,-0.0018284276975679,-0.0180209939782948,0.0467540260928286,-0.0122660569424759,-0.0540822723029947
0,-3.239252318127013e-05,-7.281371166114422e-05,-8.33645142078051e-05,0.0006482686946165,0.0006266707627752,-0.0004700909067318,-0.0019051934641586,-0.0957766938880811,0.0117002699250274,-0.0159115772208744,0.0387291189848523
0,-2.6836495395222777e-05,-7.859590153090015e-05,-9.923312949248244e-05,-0.0001543462629309,0.0004845347944342,-0.0006863470672193,-0.0012685295927768,-0.064746297621411,-0.0401274635932226,-0.0273396548766177,0.088603655291514
0,-2.460021079580149e-05,-8.526868455444167e-05,-0.0001068365878691,-0.0005966771278598,-3.7277874549990426e-05,-0.0006482095374889,-0.0002521620825488,-0.0237198753643738,-0.0642350702036248,0.0349671608226861,0.1146698467540727
0,-2.882245205989615e-05,-8.971726926882238e-05,-0.000103727910893,-0.0006725729299141,-0.0008071703782689,-0.0002415074053871,0.0008738974777632,0.0085407149535232,-0.0897434305401651,0.0463732655976779,0.1105420653083632
0,-3.912228232447335e-05,-9.006032044595787e-05,-9.185396821921553e-05,-0.0003716532728257,-0.0012527956746465,0.00017289716996,0.0015008910570013,0.0516432164641458,0.0006183712646532,0.0365076494717667,0.0148566505392512
0,-4.881096002061819e-05,-8.743666937666722e-05,-7.629243350258056e-05,-0.0001138309236205,-0.0006849398645824,0.000351833043898,0.0016114158863256,-7.874662310558556e-05,0.1129527907481531,-0.0007204746841656,0.0072483153255994
0,-4.969607860274836e-05,-8.452410672236653e-05,-6.21838774743515e-05,-0.0002425333344892,0.0005079161481564,0.000230679486962,0.0012102953193201,-0.0256617355506205,0.1256184117996274,-0.0235102367030338,-0.0874724287266866
0,-4.070010358492087e-05,-8.236674925841931e-05,-5.352817683337223e-05,-0.0002362834470239,0.001291278855409,0.0002007920058273,0.0005208448088756,0.0269117130436786,0.0310541296508983,0.0175327404760946,-0.0504176733622174
0,-2.7966227648322755e-05,-7.771571630899107e-05,-5.157950235055416e-05,0.0003216474325032,0.0012554963319105,0.0007294145840582,-0.000131109912312,0.0846744628617637,-0.0382106343505995,0.0881917751700853,-0.0799732708753262
0,-1.7983570440409224e-05,-6.77280094965293e-05,-5.6190355230425976e-05,0.0012031265457111,0.0007410351096721,0.001268126778434,-0.0007910606636623,0.0916213597798097,-0.0646816100970824,0.0195506637050761,-0.0520168793947259
0,-1.191226044219925e-05,-5.651193997128822e-05,-6.339494956727997e-05,0.0016080004494479,0.0004732268899698,0.0009750871266141,-0.0006498582037084,-0.010646579032455,0.011119966156622,-0.0781585940690655,0.080257371385491
0,-5.809122026081749e-06,-5.09720345251333e-05,-6.457273370998646e-05,0.0009898643917489,0.0007474007932536,0.0001328939626168,0.0004143013751671,-0.1129806325073384,0.0437148145001394,-0.0902800387303914,0.1325745443896442
0,1.7528896506476788e-06,-5.3506741720093526e-05,-5.509873953796688e-05,-5.967861602156738e-05,0.0007650015420922,-0.0006398354016088,0.0014804974592367,-0.0969279690467684,-0.0401946647324238,-0.0642658341147572,0.0806646724242634
0,5.697802014048784e-06,-5.989689047490598e-05,-3.911716633705033e-05,-0.0007842332421677,2.3980930587989423e-05,-0.0006381943493535,0.0017158171809465,-0.0479829561824688,-0.1080094575684245,0.0645940445658168,-0.0336007280822928
0,1.3047162194440452e-06,-6.182197398991233e-05,-2.4894477835864043e-05,-0.0009351003420495,-0.0009025980895089,0.0002531776463523,0.0011287205192906,0.0178095362061008,-0.0773063464509607,0.1136803545753679,-0.0838186042488878
0,-9.94135215168665e-06,-5.576548437970852e-05,-1.8785230033186544e-05,-0.0007672893971815,-0.0013466155847172,0.0009581202756884,9.312904124482285e-05,0.0157526527675165,-0.0114971525906921,0.0273081712918532,-0.1232996913602829
0,-2.1589895409363544e-05,-4.7964892469441065e-05,-2.3224796995617208e-05,-0.0005996136370332,-0.0009830930668181,0.000601998106365,-0.0009810424337309,0.0177824992621288,0.0842016561704969,-0.0985326051565282,-0.0915346036348727
0,-2.7719231247292985e-05,-4.79587474517962e-05,-3.5801515042881145e-05,-0.0003297827337863,-0.0002427741007677,-0.000600769102836,-0.0015343011757218,0.0361836813872523,0.0638621370395963,-0.1420208366837004,-0.0191171447633025
0,-2.875577403849954e-05,-5.896833721972981e-05,-5.091486140652719e-05,-5.09574150507619e-05,3.546554252639879e-05,-0.0016011488507506,-0.0014883680970073,0.01958138235987,-0.0082142083807745,-0.0580551128992098,0.0283037605061934
0,-2.940582310626337e-05,-7.543545335445234e-05,-6.47306235701522e-05,0.0001181848296119,-0.0001654753560791,-0.0016922743761938,-0.0012747843357176,0.014247066572671,-0.0319739713403383,0.0398300078105633,0.0144129917517568
0,-3.298871998545824e-05,-8.865904013355627e-05,-7.646311876488133e-05,0.0001199668896298,-0.0005511040197598,-0.0009524429796269,-0.0010717147032281,-0.0138906545690905,-0.0451517613957898,0.1081362715028268,0.0262009347461284
0,-3.966288111122222e-05,-9.415938281217338e-05,-8.516582175916396e-05,-0.0001789387898849,-0.0007837282053929,-0.0001476255560965,-0.0006688258956283,-0.0458904813338659,-0.0013730757308465,0.0528272132032562,0.0543768267738458
0,-4.545565716266387e-05,-9.307234235371191e-05,-8.999488182315561e-05,-0.0005887867058338,-0.0003748270048953,0.0003650336477887,-0.00029698611717,-0.0360791018559219,0.0831533158303761,0.0497046275738032,0.0199911289178188
0,-4.537792072028655e-05,-8.777462742481256e-05,-9.180176662325484e-05,-0.000613838242184,0.0003903742933708,0.000694509337991,-6.439084284984157e-05,0.0310687945858884,0.069886943822853,0.0161905104666528,0.0265279259462135
0,-3.829472455989549e-05,-7.988849677603823e-05,-9.094073192115356e-05,0.0001868459030784,0.0010262649387074,0.0008827167917637,0.00023659778327,0.1290680344666105,0.0572911852444671,0.0214509802878904,0.0336697992777741
0,-2.579653579120067e-05,-6.994285920407638e-05,-8.527119420482379e-05,0.0014143390889891,0.0014733728150315,0.0011064107226285,0.0008973097599958,0.1164306027155248,0.032130390020363,0.0232878058850667,0.0984725960673778
0,-9.000923701311825e-06,-5.720102282757658e-05,-7.099492670080133e-05,0.0021217565956772,0.0018857496029462,0.0014419565526713,0.0019579437408086,0.0250528986221069,0.0503449675625676,0.0438213601234941,0.1136542000951773
0,1.2167711732586154e-05,-3.886798058416903e-05,-4.689912290700681e-05,0.0019712673043858,0.0023479774838333,0.0022246518960101,0.0028612170179502,-0.0551507568803995,0.0421006086148668,0.1127177085442553,0.06700045533315
0,3.6921682137155824e-05,-1.0783655612186322e-05,-1.4188479524910242e-05,0.0010855883825548,0.0026028165970805,0.0033922130983864,0.003680911658469,-0.121985027485788,0.0088672140345662,0.1207945319310014,0.0969384727706046
0,6.244338249340115e-05,2.7969826519443452e-05,2.6346991880161916e-05,0.0001234367801681,0.0025015234741685,0.0043584833279395,0.0044261826225453,-0.0704452929915655,-0.029125838616973,0.0724595139796246,0.052115720044664
0,8.551562136538845e-05,7.276099314386667e-05,7.295706781936326e-05,-0.0001197667940645,0.0021129243002289,0.0045997499969451,0.0048958325652948,0.0218045781450263,-0.0485939961709416,-0.0242061801785133,0.0418142685052345
0,0.0001041317817812,0.0001163109838316,0.0001239347453593,0.0002465344171886,0.0016103077829444,0.0041102481406053,0.0052997029426963,0.0514556641056216,-0.0519293072859645,-0.073694191089444,0.0389598069750538
0,0.0001181901410199,0.000153438820137,0.0001776785146997,0.0008188070194205,0.0012013640648031,0.0033153191204809,0.0054490509253824,0.0629988563407611,-0.0298594363422782,-0.0852916129354256,-0.0090902104378269
0,0.0001303662733081,0.0001826165033263,0.00022902107577,0.0012592388302647,0.0012338623928249,0.0025202175173765,0.0048194612886813,0.0250875058280829,0.0363591019466283,-0.0737287076854663,-0.1168277169024023
0,0.0001447717462147,0.0002053114388955,0.0002696334787793,0.0011111369370796,0.0016472321884951,0.002018769596462,0.0033030193131798,-0.0547078844651053,0.0463148571874215,-0.0265608764974219,-0.1864606781978941
0,0.0001630806592502,0.0002248817236232,0.000292481365244,0.00062147716629,0.0020145504186129,0.0018952873490728,0.0012665579797591,-0.0432240696928297,0.027148788836122,0.0018644270195829,-0.2208315884862326
0,0.0001821222425054,0.0002438798251587,0.0002962840847184,0.0003989641967206,0.0017937662324196,0.0019043329580262,-0.0005060140848681,-0.0012785242210518,-0.0713056260747792,-5.530522889921064e-05,-0.1336828244392287
0,0.000195829632121,0.0002592519067408,0.0002869394308554,0.0004589604005949,0.0009477116906997,0.0011700833584045,-0.0013629166877462,0.0132777649959266,-0.0979052822691897,-0.1467946146954404,-0.0376976961364024
0,0.0001996109195958,0.0002615745397405,0.0002729604574937,0.0004579336771337,-0.0001914541957297,-0.0007055567584564,-0.0014328779845921,-0.0134831096881769,-0.1299278950167161,-0.2283334086767605,0.0237054367672186
0,0.0001925591106591,0.000244629345761,0.0002591312623378,-8.283590210336923e-05,-0.0012189075916238,-0.0026834820374498,-0.0013329610465831,-0.0946708061592418,-0.0755627841621012,-0.1672516471219254,-0.0037220491654124
0,0.0001764960950142,0.0002119556034082,0.0002435840553494,-0.0011329980279588,-0.001993695537359,-0.0038512664331192,-0.0017764803511043,-0.1153616190118604,-0.0793948049849476,-0.0663052320119461,-0.0849818117388227
0,0.0001523976248901,0.0001736106536539,0.0002197908204766,-0.0020085522195896,-0.0028259984874594,-0.0038177235177262,-0.0029821666234525,-0.0597492193142969,-0.0870657850351241,0.0730138150905379,-0.1561554427308184
0,0.0001201371228692,0.0001379469260865,0.0001825876471094,-0.00220230432247,-0.0036261019167193,-0.0033150219957562,-0.0044584680499907,0.0209987987382292,-0.0729549008168686,0.0275264893034699,-0.1391048425768178
0,8.246563635611651e-05,0.000104574234971,0.0001319582204124,-0.0018974010257139,-0.0039081953859005,-0.0033595162273546,-0.0056674172893976,0.039981860612976,0.0165362069806432,-0.0364253356231645,-0.1026850053045757
0,4.553919974532407e-05,6.792415575255045e-05,7.207522679133468e-05,-0.0013319152776264,-0.0034770919362579,-0.0039704996163403,-0.0063091814348287,0.0731152890045266,0.0696844829478692,-0.0857713421739642,-0.0256678237816408
0,1.5393426021650388e-05,2.379199812241093e-05,8.717272222283741e-06,-0.0006545184827582,-0.0025520628084767,-0.0048559319096875,-0.0063624094789814,0.0623640699691264,0.1153213426083686,-0.0913151164954871,0.0150222149511119
0,-5.347574630267424e-06,-2.7240687830365093e-05,-5.356179665279114e-05,-0.0004796263502639,-0.0015961373219067,-0.0053506052808676,-0.0060934042960335,-0.0273856434702741,0.0758637547056281,-0.0076195577405217,0.0387788216384598
0,-2.055511112140063e-05,-7.782896106395928e-05,-0.0001120350070209,-0.0008586409013456,-0.0014453699763198,-0.0047670493658512,-0.0056012377775935,-0.0484172667460724,-0.0457102855882406,0.1243307407438045,0.0596544820495433
0,-3.848550584743426e-05,-0.0001186074972158,-0.0001633684192618,-0.0013977267123996,-0.0021407089688868,-0.0033886578645347,-0.0046654446705994,-0.0593998954647197,-0.0933575129251637,0.1513475595194904,0.1275041393492754
0,-6.319930568516134e-05,-0.0001468984632805,-0.0002023308122553,-0.0015947313892446,-0.0028020509986585,-0.0022695353484019,-0.0031270339280854,0.0199989600957198,-0.0389108930291695,0.0724769437070664,0.1801780091535226
0,-9.114898099064197e-05,-0.0001660126156298,-0.0002238574382593,-0.0012323066872979,-0.0027878840624375,-0.0015532951214472,-0.0011782912727141,0.0524859802936251,0.0417442802733605,0.0707711016838713,0.2095705219207448
0,-0.000114510031629,-0.0001776580628832,-0.0002261747951288,-0.0008694204299861,-0.0018843260652381,-0.0007757943292437,0.0007148198988014,0.020091271168724,0.13896731916653,0.0847290567568308,0.1690517123823788
0,-0.0001251716469672,-0.0001813456083542,-0.0002129767867253,-0.0004884359346449,-0.0002479970023996,3.828523504720771e-05,0.0019247817819101,0.0561056278995256,0.188298493401175,0.078086856101361,0.0729406642393434
0,-0.0001184823241628,-0.0001761075796351,-0.0001915942616587,0.000350924760052,0.0015858615632701,0.0010093205087802,0.0023517232314099,0.111766511039868,0.1784732197327769,0.1161201986452415,0.0124476256606305
0,-9.629595961768872e-05,-0.0001595565349002,-0.0001677904433729,0.0014251730695351,0.0028514113457634,0.0023008884381991,0.002409040425739,0.1030831508567501,0.0746367367658744,0.1421933872385525,-0.0009841867948189
0,-6.599211426212116e-05,-0.0001294397306578,-0.0001441635641794,0.0024248153365712,0.0032093577253501,0.0037224724102733,0.0023163354129565,0.0968453025504648,-0.0030474608485355,0.1421234071762837,-0.017556815761687
0,-3.405742089373935e-05,-8.704549924353576e-05,-0.0001206380201267,0.0029678378433879,0.0031775809483262,0.0047563738725913,0.0023887733975871,0.0117591988128714,-0.0033078945562337,0.0646568852873087,0.032044412687812
0,-8.608263929910562e-07,-3.939940487909978e-05,-9.446188099226983e-05,0.002516338314639,0.0034617379518234,0.0047728450002958,0.0028464544293144,-0.1020591045626403,0.0601392952556627,-0.0613626597464032,0.059491793657649
0,3.559441374965553e-05,2.5679121632307773e-06,-6.088871793039711e-05,0.0014881172883038,0.0038293100767059,0.0036206184081702,0.0038681781830601,-0.1035851007044051,0.0133751297208395,-0.1690826586787192,0.1448529570914852
0,7.103973377669875e-05,3.2762185622777886e-05,-1.5891016649893518e-05,0.0005442945820238,0.0032597539287027,0.0024182362837391,0.0051313620730406,-0.0851794405515914,-0.1272863593214761,-0.071393766207496,0.107783820904615
0,9.41361253231231e-05,5.5357017119793415e-05,3.635660697393257e-05,-1.7238818949303486e-05,0.0013595243805821,0.0021007300156639,0.0053181626517246,-0.0271272396430391,-0.2527595503026423,0.007892512592448,-0.0704237051678152
0,9.660931319106395e-05,7.763442139708337e-05,8.423620122365979e-05,-0.0001119450824175,-0.0008648868069939,0.002354750839794,0.0042577561982208,0.0081859869493828,-0.192122687212579,0.0429116522335771,-0.1416575855329392
0,8.377076524413757e-05,0.0001018998647156,0.0001189597539679,-0.000315509715754,-0.0017028227823913,0.0024983378239262,0.0026869543506426,-0.048898913616673,0.0245354921331109,-0.0141942554071416,-0.1725027839826932
0,7.194354568310882e-05,0.0001224593884049,0.000137380249297,-0.0007997215145348,-0.0006626211298144,0.0016135669139323,0.0009971447151693,-0.0479434461394954,0.1835048383822626,-0.1627599265916333,-0.1654591431119637
0,7.350696286964522e-05,0.000130096353567,0.0001394797996564,-0.0008463227998735,0.0009753045671217,-8.617388150883721e-05,-0.0005772346432938,0.0386231890717524,0.1440803010049696,-0.1771882324966062,-0.1494167285806887
0,8.6284825014264e-05,0.000122596479448,0.0001283859331835,5.634703562680369e-05,0.001580267861802,-0.001413800942292,-0.0016415386512788,0.1419107780283267,-0.023087642068907,-0.0883371796600368,-0.0634440730163097
0,9.726477752128624e-05,0.0001071351666464,0.0001102097475131,0.0013345338737487,0.0006157226396024,-0.0016784616180455,-0.0019936984828077,0.1137265895960547,-0.169821402371017,0.0354050445093451,-0.0069878932894695
0,9.682530919641456e-05,9.211454756616802e-05,9.054394205963363e-05,0.0016873902369593,-0.0007036163045767,-0.0013256621980015,-0.0019394626078891,-0.0431553169539259,-0.0940463864648149,0.0351548394994532,0.0178350682731847
0,8.841123232527191e-05,8.076087904821748e-05,7.280927697044792e-05,0.0006714974505705,-0.0009791990696517,-0.0009450715055885,-0.0016074704099479,-0.1600232403238333,0.0389298334498077,0.0409632989831331,0.0485633713150615
0,8.120972364322812e-05,7.251295023169015e-05,5.974616888609265e-05,-0.0009697822803304,-0.0004611026667569,-0.0007045142577168,-0.001005151206923,-0.1682327058563757,0.0646894471291536,0.0071481505912086,0.0719004692899101
0,7.660725854780173e-05,6.522264678911804e-05,5.223512728775259e-05,-0.0019999348264538,-0.0004593903523283,-0.0007535464307975,-0.0004970571127449,-0.0377978033682921,-0.0643469842434186,-0.0169545852073418,0.0297183495457264
0,6.867712260691614e-05,5.7003760213776833e-05,4.846621138830289e-05,-0.0017521529580691,-0.0011266368358488,-0.0008902308842706,-0.000256726067145,0.0873541770452182,-0.0691023124606848,-0.0103823054872886,0.0183478595742516
0,5.405844128522584e-05,4.773948812474319e-05,4.715427276225822e-05,-0.0007063078742455,-0.0017970994284892,-0.000962623533536,-5.661658063910668e-06,0.1218148397195164,-0.0649902060673997,-0.0040962243657783,0.031865022241971
0,3.645518266716391e-05,3.794550619230963e-05,4.716868900298695e-05,0.0002104239873565,-0.0017235522951231,-0.0009961728529506,8.54490620965671e-06,0.0615315326008923,0.079699632740619,-0.0026136395171515,-0.0290237093872575
0,2.3405804268153267e-05,2.920123801911384e-05,4.596773082400519e-05,0.0002186319389919,-0.0008863233846789,-0.0007526807816884,-0.000248736542006,-0.059889942273797,0.0877461493482131,0.0513120537695923,-0.0224325802558754
0,1.821044476743316e-05,2.4568903420892348e-05,4.160098720585729e-05,-0.0005438487027404,-0.000152748515465,-0.0001737861379558,-0.0006246121816235,-0.0926061860726857,0.058968824494576,0.0644668749769387,-0.0527425476676372
0,1.82665970605583e-05,2.491734602617619e-05,3.3540897228424106e-05,-0.0010652010190917,0.00016397897409,0.0002434746590125,-0.000987405813863,-0.0116642771975862,0.0043766734164446,0.0189852844167434,-0.0198161787802615
0,1.843590499255678e-05,2.728517727107957e-05,2.401585517439948e-05,-0.0008242943766641,-0.0001301173876903,0.000230091589968,-0.0009176025969418,0.0598456056831043,-0.0631959457725316,-0.0216618982256441,0.0337768221645026
0,1.528790433383459e-05,2.750137425925193e-05,1.6068891346646323e-05,-0.0001184644315164,-0.000499482744054,-0.0001868521923336,-0.0006717901686087,0.0813203833464501,-0.0106771255002081,-0.0617268582346962,0.0153856635021152
0,1.0555592777737706e-05,2.323496452921949e-05,1.080240428651144e-05,0.0005620903706677,-0.0004469795671653,-0.0006664297536728,-0.0003815072434182,0.0547905770903847,0.0211777608779601,-0.0341886540331551,0.0426709215359978
0,7.032263393943297e-06,1.6006008902440216e-05,8.113651142216758e-06,0.0008340977306157,-0.0002576863095935,-0.0007793613716829,-0.0001562433854407,-0.0003891051007811,0.0166808906363868,0.0116023304311329,0.0023818500594971
0,5.507869548124534e-06,9.03435657871771e-06,5.689552236645619e-06,0.0006457826659436,-4.719245957017919e-05,-0.0006149690930615,-0.0003285763956734,-0.037273907833645,0.0254178793682919,0.02127612529316,-0.0368484521060504
0,6.4591961801695735e-06,3.940597542871563e-06,9.952443356882272e-07,0.0001633911050196,0.0002374577859791,-0.0004037827141077,-0.0006102851845179,-0.0592044043511574,0.0315121697415813,0.0209611504976014,-0.0194933056628463
0,8.607509190669319e-06,8.226350961746707e-07,-5.58595726545885e-06,-0.0004296585214136,0.0001922048161207,-0.0002198097752316,-0.0007059551357114,-0.0594055209354939,-0.0405627637132663,0.0158334372776072,0.0003593154241556
0,7.689134524484663e-06,-1.2827455348647237e-06,-1.2015860536886028e-05,-0.0004636124533702,-0.0003758797493576,-0.0002012663509762,-0.000580025518574,0.0526147345441663,-0.0730541493824246,-0.012124752426516,0.024826608003331
0,2.126700112302113e-06,-5.47715037681855e-06,-1.7975949375041563e-05,5.519620404727244e-05,-0.0007366071330788,-0.0006376146174145,-0.0006119922490571,0.0511469969393394,0.0009086726381998,-0.0751449008611525,-0.0312199540999522
0,-3.8101327892786776e-06,-1.5909832269642685e-05,-2.576517037429597e-05,0.0004311567544215,-0.0004507594472373,-0.0014489217611502,-0.0009458519507937,0.0240451131355184,0.0562608645300952,-0.0871165278859912,-0.0355519862473816
0,-6.276438382444192e-06,-3.193927571337708e-05,-3.7134748341903e-05,0.0002804155817575,-4.250167139576138e-05,-0.0017569669275966,-0.0013280636427276,-0.0541933476683186,0.0253906906382208,0.0255074945967247,-0.0408903521393889
0,-6.19487362506196e-06,-4.661114456676737e-05,-5.283711420817923e-05,-0.0002517105610415,5.881462287220783e-05,-0.0011774068430814,-0.0018124095305276,-0.0522318808915066,-0.0051274317846269,0.0904045223063057,-0.0559788254206088
0,-7.736613697706997e-06,-5.44112493936004e-05,-7.119279090167235e-05,-0.0006248211522455,-0.0003671626374012,-0.0003826141222851,-0.001858725808171,-0.0223902373492814,-0.0800680202700576,0.0685540218529543,0.0467155698919312
0,-1.5293907090379668e-05,-5.639782247630005e-05,-8.667939909386432e-05,-0.0005736479706076,-0.0011442960411333,-1.470049425477852e-05,-0.0012385958302673,0.0326248736768507,-0.075358660476363,0.0050287037531204,0.0773104256887923
0,-2.8488386677931755e-05,-5.740394538072092e-05,-9.601290604870056e-05,-0.000350067511811,-0.001494599876377,-0.0001865240866293,-0.0006281055606998,0.0120912180824651,0.005297893427607,-0.0393934222280438,0.0447876282247128
0,-4.02399450900464e-05,-6.149725975032e-05,-9.926003273065752e-05,-0.0001890531738377,-0.0008557118060458,-0.0006321387872904,-2.13197756915248e-05,0.0201116495122058,0.1224797206386465,-0.0497295179041615,0.0765695287769546
0,-4.245594831856839e-05,-6.900779409249465e-05,-9.598230945786152e-05,0.0001027728791201,0.0004125111603414,-0.0008699680811445,0.0006768644302507,0.0382535610793598,0.1311648726388064,0.0021636591333444,0.0630673124114953
0,-3.387726098573733e-05,-7.54159799998432e-05,-8.714023857629584e-05,0.0005868411189689,0.0013032263062247,-0.0004116691003252,0.0010915497460624,0.0585600868904039,0.0469781565378621,0.0894961370305168,0.0198697507508413
0,-2.0623896675177413e-05,-7.202493613501559e-05,-7.568355732105007e-05,0.0009441957419961,0.0013474465558872,0.0010898778732907,0.0011997865049867,0.01291083771504,-0.0381341066053762,0.2108132576926676,0.0017776010340262
0,-8.141080049977242e-06,-5.171888903859773e-05,-6.323268225760442e-05,0.0010028936095367,0.0011491167691528,0.0029713315459928,0.0012903885077023,-0.0011712642069199,-0.0015318507414995,0.1654774768477578,0.016342799509101
0,5.475636604715375e-06,-1.6965505876179228e-05,-4.790572783110897e-05,0.0008741794768311,0.0015742265617856,0.0039793450864908,0.0017750023775967,-0.0245715623341966,0.0865538092680732,0.0361252312518424,0.0805799744697638
0,2.5895957257453767e-05,2.1606132411887545e-05,-2.5187641332059234e-05,0.0006188810032019,0.0025098375687619,0.0037349825711225,0.0027686149222132,-0.0264881323916447,0.100568392127184,-0.0849977343255123,0.1181425344535424
0,5.311996023615144e-05,5.45223395457781e-05,6.5384254265763175e-06,0.0004693695561911,0.0029349630269775,0.0028482588556556,0.0035765984295138,-0.003414157010512,-0.0155433004840697,-0.0923470087678662,0.0434541670065838
0,8.017883785414426e-05,7.939554732976825e-05,4.1746633504795534e-05,0.0007088261475445,0.002476812496621,0.0021263827011424,0.0034650431861299,0.0513054752811892,-0.0760868055872387,-0.0520282221347713,-0.0657652156833634
0,0.0001003806426823,9.878800980589244e-05,7.227779957402513e-05,0.0012429956871006,0.0015635484690114,0.0017521097940824,0.0026411900277159,0.055528432630025,-0.1065659999346668,-0.0228263592772294,-0.0990054159994417
0,0.0001114067459131,0.000115127328308,9.488818901466884e-05,0.0013240857420001,0.0006416721771538,0.0015157539063417,0.0018808878604127,-0.039310421650121,-0.0778092584368514,-0.0244448182709111,-0.0530550174611888
0,0.0001153529502679,0.0001285372600564,0.0001116302044498,0.0005687872963341,0.0001475686938085,0.001166232443342,0.0014675152266165,-0.1117492674830793,-0.0210114382322109,-0.0454594743290258,-0.0296195092980579
0,0.0001159428490596,0.0001378203479858,0.0001248976477827,-0.0003936092444765,-2.958893547153757e-05,0.0006903851425348,0.0011859734399796,-0.0807300406790635,-0.0144200876238123,-0.0497099858324106,-0.0266888480293326
0,0.0001146756394638,0.0001421050132279,0.0001356893307892,-0.0010246856606224,-0.0002238529836872,0.0001665479058832,0.000972363161313,-0.0454852425501065,-0.0244327220193275,-0.0550574614979098,-0.0160332077039877
0,0.0001110244202922,0.0001421161461533,0.000144615838536,-0.0010654120658403,-0.0005063908506313,-0.0001643213208035,0.0008129383880524,0.0373399615065257,-0.032074851369492,-0.0111163838394488,-0.0158517469481166
0,0.0001047249485053,0.0001399785386341,0.0001522321095506,-0.0004634294752877,-0.0007535035067391,-0.0002632001830255,0.0007103158148583,0.0830565566039911,-0.0173476798520786,-0.0086593886049436,-0.0046727676907129
0,9.688769580426355e-05,0.000137249937944,0.000157486826548,0.0002469233150877,-0.0008139470334864,-0.0002825199549887,0.0003406275846237,0.0590140014711014,0.0052589745026244,0.0047954342122973,-0.069264878356213
0,9.008834327613456e-05,0.0001341252803602,0.0001565324827893,0.0004844261783537,-0.0005459234721393,-0.0003424115617839,-0.0005314963363667,-0.0115134288179031,0.0483457377667991,-0.0167737555713311,-0.1051599058418721
0,8.816763946813007e-05,0.0001297893615953,0.0001478927199072,0.0002451484375109,0.0001617827105384,-0.0005247721911958,-0.0011964562400555,-0.036342119350643,0.0931954987687576,-0.0196983703110559,-0.0278320748958985
0,9.354704648826216e-05,0.0001235476918805,0.0001348283392307,-4.277803134924844e-06,0.0009140986934879,-0.0007235617517499,-0.001416419895248,-0.0135431287785386,0.0572676978211489,-0.0200595417997669,-0.0161606561425897
0,0.000103051869988,0.0001162709412793,0.0001206022330859,7.394529536236783e-06,0.0009868660064754,-0.000731788368508,-0.0014288013337099,0.0158775953127709,-0.0427142352236582,0.018414218448143,0.0136843684502023
0,0.0001084085291183,0.000110439809065,0.0001078637566783,0.0001278433347498,8.44658195800175e-05,-0.0004344380743486,-0.0011188939477981,0.0082121657299423,-0.1377658021554241,0.0410558403837414,0.048297108732162
0,0.0001025382193052,0.0001080096787766,9.893425184232e-05,1.6962285534561752e-05,-0.0012585277821967,-5.158798333422461e-05,-0.0006670070194131,-0.0303883755729907,-0.1308329181999276,0.0355141778191453,0.0420802769448309
0,8.68840441262409e-05,0.0001066401583379,9.362418568562368e-05,-0.0004964144830264,-0.0018723072536096,-0.0002223161044052,-0.0003950062119261,-0.0722869781392196,0.0080770239173477,-0.0696598020333588,0.0123198845525815
0,7.075335539523736e-05,9.961842180422574e-05,8.84058448380378e-05,-0.0010814363768126,-0.001353830492591,-0.0011820312023318,-0.000648661957591,-0.0447174006180099,0.0956183282863667,-0.1222832175519555,-0.0630510336855757
0,5.981369813292283e-05,8.34363007877219e-05,7.764206448417702e-05,-0.0011826732795632,-0.0008341009598718,-0.0020543930009689,-0.001504094113181,0.0244700200678839,0.0083275782574791,-0.0521891421754524,-0.1080353974324264
0,4.9764745231132406e-05,6.063534511962866e-05,5.787189750951338e-05,-0.0006379708188931,-0.0011756896204862,-0.0025057981326497,-0.0024499392817516,0.0844704720661373,-0.0766453103803607,-0.0380918841607153,-0.0811336362816855
0,3.4466072225995995e-05,3.483728849808389e-05,2.876607247406617e-05,7.759779205273806e-05,-0.001884044980541,-0.0026538131916592,-0.0033712257253377,0.0586432501230423,-0.0650257616305971,0.0084888723588216,-0.1031236524355453
0,1.5382768137762123e-05,8.103530266833015e-06,-8.705047960764875e-06,0.0002621298383863,-0.0019326158371057,-0.0026929384545909,-0.0041229983616284,-0.0217368408563178,0.0553115903176565,-0.0163139249451717,-0.0472308748225772
0,-1.1181599141217568e-06,-1.8943047844455822e-05,-5.043652285914535e-05,-0.0002365615134095,-0.001367569773271,-0.0027163771676668,-0.0042232966180476,-0.0780014295028595,0.0576976224492836,0.0116261823300034,0.027171223538723
0,-1.3136602867498504e-05,-4.5188911219122016e-05,-8.944831123906538e-05,-0.0008754779264582,-0.0010361188174043,-0.0025327955072664,-0.0035790610579363,-0.0497818531068769,0.0085925687240615,0.0250901497500706,0.1016758884835486
0,-2.403031426089562e-05,-6.750454862798295e-05,-0.0001185148134826,-0.0011462058907995,-0.0011426234612751,-0.0019303319745057,-0.0022342393907712,-0.0043637397613897,-0.0298934974982215,0.0954025568020654,0.1672884449494641
0,-3.607219164656563e-05,-8.305959163911844e-05,-0.0001333844130618,-0.0008727036941755,-0.0012657520158588,-0.0011806766277213,-0.0007396805250833,0.0590641790861933,0.0052677865814657,0.0545285125548164,0.1316233281881187
0,-4.631440378600698e-05,-9.22338592182709e-05,-0.0001344508207636,-0.0001789747883703,-0.0007826904120293,-0.0006541768881091,0.0005263989847276,0.0796816020748418,0.0913445341844366,0.0507714353676231,0.12159257377408
0,-4.957722703809139e-05,-9.51129820177979e-05,-0.0001257888959614,0.0004746743434307,0.0001301257616124,7.83523282037468e-05,0.0012059859757135,0.051048224285381,0.0912187005439386,0.0957344078949556,0.0143248244231042
0,-4.2401711509652685e-05,-8.911198174003377e-05,-0.0001130409353219,0.00087171074816,0.0013049773440752,0.001121847727349,0.0013436061521873,0.0283590566604806,0.1437516159486104,0.1129646719341106,0.0131992108716544
0,-2.493913256747468e-05,-7.294149155724408e-05,-9.771817721023707e-05,0.0011893633899035,0.0021875384443603,0.0021122503092088,0.001720945470154,0.0351714716882122,0.0327606041084128,0.0851158444378457,0.0622686527216798
0,-2.469583528534017e-06,-4.788229446050481e-05,-7.656057884288743e-05,0.0014726575453917,0.0023063713634277,0.0028995891101389,0.0025105742033158,0.0214873594094345,-0.0089940202949302,0.0723519157481809,0.0956570939106925
0,2.0333776532106937e-05,-1.586722776760933e-05,-4.5043363674909146e-05,0.0012920562405099,0.0022543006487004,0.0035034242284401,0.0037928688302797,-0.0576076203858065,-0.0014201226505405,0.0484151079120404,0.1608018314820804
0,4.2848988445073296e-05,2.185152346741649e-05,-1.7479602932157595e-08,0.0007260299055695,0.0022487417338928,0.004040326018565,0.0052123079841156,-0.055597646602266,0.0003083396890273,0.0589652501129518,0.1230859992850948
0,6.514530890706859e-05,6.5531330551147e-05,5.735361769527674e-05,0.0002883966970825,0.0022105223585062,0.004695635398181,0.0062619114755261,-0.031928995095137,-0.007952214766357,0.0720966258102433,0.0868346989970069
0,8.801956455217175e-05,0.0001148774754024,0.0001231882168741,0.0003712779793713,0.0023643287705144,0.0051735935720718,0.0069050083602553,0.0485052515528963,0.0387134971680015,0.0234950089679202,0.0417846779488325
0,0.0001134940473945,0.0001672503803857,0.0001922928686238,0.0007058295116311,0.0027305677979675,0.0053009874246024,0.0069159219896735,0.01840505489907,0.0345343083226159,0.0019837615382,-0.0396019520651852
0,0.000141572124367,0.0002206490698149,0.0002601984061008,0.0010073512863067,0.0028850475965243,0.0053787504612249,0.0066651855057344,0.0418993000360565,-0.0036383486112407,0.0135688457862892,-0.0105453447226343
0,0.0001703549433001,0.0002739442032001,0.0003246176162913,0.0012848980528002,0.0028715161901038,0.0052802762158293,0.0062186565323696,0.0136100532626334,0.0009320673271399,-0.0332636948654068,-0.0787604499503276
0,0.0001990348264586,0.000323010052884,0.0003818858592024,0.0015791366312559,0.002864460441596,0.0045328937209435,0.00523499204985,0.0452376624285065,-0.0023432170287149,-0.1162128041117447,-0.1179724465535882
0,0.0002270247653193,0.0003627653807248,0.0004272589448476,0.0019294766355182,0.0027335273305276,0.0034181718472243,0.0038396250791845,0.0248303384239516,-0.0238434051849476,-0.1067315706320935,-0.16110094757952
0,0.0002532279251124,0.0003919101570413,0.0004574326323847,0.001927734452954,0.0025071046281042,0.0024107834160591,0.002195112428242,-0.0251787749367854,-0.0214411352997507,-0.0947461156009474,-0.1678015826089864
0,0.0002760614634325,0.000411161329055,0.0004719551285796,0.0013020604575068,0.002059603035922,0.0014394509866892,0.0007093868107316,-0.0999560241526566,-0.0680591831366887,-0.0995203702730281,-0.1293435408930917
0,0.000290992994868,0.0004192412529621,0.000473739027861,0.000271505460528,0.000926703251167,0.000176533794725,-0.0003526069544501,-0.1061549752431093,-0.1585207738143108,-0.1530630681198183,-0.0830552121432648
0,0.0002909326838791,0.0004135688081814,0.0004655096736189,-0.0008055953197558,-0.0009387654489531,-0.0013110227508514,-0.0012932638939735,-0.1092651808136721,-0.2145729662097134,-0.1444482409954766,-0.1050761757614238
0,0.000271195881752,0.0003928513805667,0.0004458216012265,-0.0016876466177693,-0.0030085949764527,-0.0028324627720992,-0.0026443505845055,-0.0671450787890142,-0.1993929392902174,-0.1598397632540955,-0.1651411623449624
0,0.0002335943879637,0.00035673925609,0.0004104109382459,-0.0023358308693951,-0.004511703781212,-0.0043899621232401,-0.0044377820116183,-0.0624917715361481,-0.1012288216616341,-0.1516601069740804,-0.1935451230775947
0,0.0001858204204126,0.0003051891658359,0.0003565726978243,-0.002740566251885,-0.0050430897290154,-0.0059200559275869,-0.0063298660726969,-0.0184553049618428,-0.0050483678990416,-0.1543586538952843,-0.1848716891381317
0,0.0001357122952227,0.000239106489955,0.0002854459271407,-0.0027275435040856,-0.0049785353089623,-0.0072964792485769,-0.0078954880640255,0.0210598545217211,0.0179592519096607,-0.1209260103027065,-0.1282527091275883
0,8.598566669295897e-05,0.0001616100146438,0.000201267478959,-0.0022934847471634,-0.0049667903969912,-0.0082028158136767,-0.0089402015723136,0.0657518968627341,-0.0156102695154489,-0.0603413027172514,-0.0806899925300311
0,3.686636100819152e-05,7.952515475623297e-05,0.0001090003500408,-0.001588697393975,-0.0048570707399622,-0.0082141561638407,-0.0095132242113225,0.0752055737749333,0.0375542009212495,0.0580732326844492,-0.0339145352717523
0,-9.712766315896464e-06,2.200132121162696e-06,1.4753607769978163e-05,-0.0011217390347238,-0.0044587547248553,-0.0072508483631733,-0.0093361242428559,0.018186098075308,0.0421090021001288,0.1345883274490363,0.069334528965073
0,-5.1825633427164e-05,-6.342548620388868e-05,-7.26617095658504e-05,-0.0012416876424294,-0.0039638186973981,-0.0058742753018369,-0.0081469392243097,-0.0421758196164167,0.0568782033913104,0.1407262848182337,0.1685024747441691
0,-8.772394875968244e-05,-0.0001146144063721,-0.0001436940952719,-0.0015722750703446,-0.0032158443691055,-0.0043635087318133,-0.0060595379169073,-0.0239416659666317,0.0927166622672137,0.161427029186493,0.248977786736312
0,-0.0001146711253905,-0.0001504084312411,-0.0001927085370285,-0.0015405063394713,-0.0021735909570774,-0.0027952962419822,-0.0037433504344249,0.0302954121412956,0.1157340201384123,0.1522154687797192,0.2142597097601718
0,-0.0001307174731158,-0.0001709714712098,-0.0002205189999657,-0.0010572603094889,-0.0010356785879631,-0.001317311751761,-0.0018187421530093,0.0663537938551851,0.1118484536844307,0.1433814292645239,0.1706619465229423
0,-0.0001347447461841,-0.0001771507294902,-0.0002303281673685,-0.0002311276178409,0.0002302239742887,8.146009568622196e-05,-0.0001430913275401,0.0988727444744141,0.1413320587659599,0.1363729402249307,0.1644682185708913
0,-0.0001261727431173,-0.0001704059950862,-0.0002243647957798,0.0008833981192582,0.0014841766390774,0.0012674867851075,0.0013357656452683,0.124032402945418,0.1094584741917745,0.1008323976593315,0.1313031759908113
0,-0.0001069642223006,-0.0001533166739373,-0.000205505787036,0.0019635146633468,0.002357527524258,0.0021503774446605,0.0024360361034915,0.0919909058723073,0.0652117028443464,0.0757457342512775,0.0887509156538242
0,-8.02584444431194e-05,-0.0001263662742043,-0.0001771935602535,0.0025392295833834,0.0029836280472508,0.0032397025019487,0.0032264092530145,0.0231520781350115,0.0600084017542134,0.1421192772063495,0.0693237142507924
0,-4.8296398754544046e-05,-8.684912614304087e-05,-0.0001413952204515,0.0022233858235023,0.0034087810904642,0.0046637271103137,0.0039332587073913,-0.0863208301112272,0.0250222068884638,0.1426856444666522,0.0720461766245582
0,-1.3493627079236698e-05,-3.548433105564934e-05,-9.738626335314092e-05,0.0013762634761776,0.0035517732445972,0.0056092319071645,0.0048685327122837,-0.0831036393537204,0.0035762239381389,0.0464153149035195,0.1150086243539275
0,2.0813131937087105e-05,2.0770033349326128e-05,-4.323545141619713e-05,0.0007207870174239,0.0033095785586675,0.0056416409738305,0.0059616296751049,-0.0479916523970214,-0.0520151611240835,-0.0399335015703339,0.1036107682103165
0,5.048508697260451e-05,7.450461347623284e-05,1.9719457228380027e-05,0.0004392471580889,0.0026248124484359,0.0051052750515508,0.0066293520538104,-0.0083163194699742,-0.0849380609222281,-0.0673396828856016,0.029933707530774
0,7.248976590800537e-05,0.0001216902785461,8.54084614261931e-05,0.0005858272275806,0.0017761233386442,0.0043318579624337,0.0065084487857521,0.0376323333683084,-0.0847997610361217,-0.0873437349378198,-0.0541143611424285
0,8.801723089369028e-05,0.0001594867108038,0.0001464797977404,0.0009647333083056,0.0013293696584927,0.003227428489096,0.0057058184771082,0.0381488827767082,-0.0045509749941664,-0.1335421597297059,-0.1064117005863619
0,0.0001022427704979,0.0001851044533422,0.0001960707443638,0.0011481305697154,0.0015157382623514,0.0018961200185857,0.0042123708475675,-0.0014694304947594,0.0418246957659102,-0.1327195343723717,-0.1922778253217759
0,0.0001187568692836,0.0001990903882334,0.0002269142391229,0.0009878083750507,0.0017870814948017,0.0009010669596587,0.0019563281042394,-0.0305950084381842,0.0124439507241338,-0.0662910774130246,-0.2589307233438421
0,0.0001351960551018,0.0002061739574666,0.0002342941276865,0.0004913246732991,0.0015007556688309,0.0005156468869827,-0.000480350391509,-0.0687017319121274,-0.0697091159182894,-0.0107929371221615,-0.2284049758058563
0,0.0001455341874178,0.0002100100476945,0.0002200336875505,-0.0001628868545188,0.0005668707943687,0.0002515711586015,-0.0023717376356887,-0.0621405736514691,-0.117067858974152,-0.0420222085540831,-0.1498724730300779
0,0.0001440719940547,0.0002081652258777,0.0001913578649575,-0.0008301175537129,-0.0008593094669766,-0.0006205355219679,-0.0033634268829122,-0.0713055661873628,-0.1681681932949268,-0.1323991275598233,-0.0484653764146289
0,0.0001274561219409,0.0001933486845111,0.0001588116562402,-0.0015853004696515,-0.0024638649558026,-0.0023427727513564,-0.0031458148605509,-0.0797310170003504,-0.1527429044702728,-0.2120483183178702,0.0919877808868995
0,9.636497916089788e-05,0.0001605515942837,0.0001302338780422,-0.0022359047191245,-0.0037543636001982,-0.0042166452941202,-0.0025697407790592,-0.0503898328942502,-0.1053568244088508,-0.1627261902348977,0.0232270354114357
0,5.522564025934637e-05,0.0001128631539483,0.0001049617508923,-0.0024438045560839,-0.004473504180112,-0.0053210427729486,-0.0024846846509121,0.0088098655023644,-0.0384712915738953,-0.0581533055307706,-0.0062158097820249
0,1.1430890916180728e-05,5.928275171568334e-05,7.666448398949788e-05,-0.0024039600673841,-0.0042854456885211,-0.0053950376735914,-0.0031747687296568,-0.0008409677623976,0.0760829898920764,0.0433543254022088,-0.1318010059669171
0,-2.768557929574145e-05,8.225822478002664e-06,3.68898953143123e-05,-0.0021944335592341,-0.0035378483538633,-0.0048163481739447,-0.0047801490053802,0.0427462693923983,0.0734364770394811,0.0723835745271321,-0.1892750491777513
0,-5.9378648743754144e-05,-3.6371234478417485e-05,-1.9750931879246168e-05,-0.0016814958596428,-0.0028007655357392,-0.0041030632173393,-0.0065480164333314,0.0598412705258639,0.07398008658534,0.0702734167939476,-0.1642984364124959
0,-8.392737113300844e-05,-7.4992822441984e-05,-9.084183683635782e-05,-0.0009910457846026,-0.0021089789421116,-0.0036212543753739,-0.0076701645580908,0.0782487444821631,0.0643772321401749,0.0260883515991179,-0.0601311885393838
0,-0.0001013370823561,-0.0001108599561491,-0.0001643542670694,-0.0003629241844113,-0.0013729633025265,-0.0035521723660617,-0.0070323214885209,0.047375575556112,0.0828258957768368,-0.0122719497366663,0.1876998024533601
0,-0.0001124163705368,-0.0001459797765325,-0.0002224147742263,-7.985977322329122e-05,-0.0008428943336107,-0.0034717917106064,-0.0045797799428604,0.0092373066814928,0.023187898006336,0.0283480808277274,0.3028085066787431
0,-0.0001205414130202,-0.0001766501007275,-0.0002540792381285,-0.000285246722983,-0.0007821141630524,-0.0026622731284121,-0.0017531128375807,-0.0503146966334383,-0.0110318638946785,0.1335556356111245,0.262524914377192
0,-0.0001293379817784,-0.0001952826804418,-0.0002604799320884,-0.0008526345089067,-0.0009771995885922,-0.0010642428144484,0.0004729740456002,-0.0631628605513041,-0.0279852212132818,0.1860504271816206,0.1826924622590096
0,-0.0001388922818278,-0.0001967292764517,-0.0002492241778227,-0.0010490955283525,-0.0009336604212841,0.0007749236124758,0.0017781768075348,0.0238706566621481,0.0366930546749052,0.1817828582032363,0.0783480901279097
0,-0.0001439237699447,-0.0001819085206781,-0.0002270056725171,-0.0006512184184319,-7.263720210980964e-05,0.0021892275422451,0.0026655242535846,0.0557047653219568,0.1355115891599559,0.1010779277506259,0.0991213990820532
0,-0.0001375674111818,-0.0001578027760265,-0.000196807317645,0.0001235652664116,0.0013439089546965,0.0026319213880726,0.0033741467208377,0.0992519716467744,0.1477976422013104,-0.0125391585851185,0.0426030943685658
0,-0.000118138610372,-0.0001317348096207,-0.0001622633832037,0.0012325580815339,0.0025418512072607,0.0025816718930873,0.003534640167418,0.1225465913776878,0.0917908083115296,0.0024892595880495,-0.0105044050524931
0,-8.991663528406354e-05,-0.0001051890008165,-0.0001292082994481,0.0024164450879685,0.0031025438103379,0.0027274898677631,0.0030763765837053,0.1142308099092291,0.0203477123039069,0.0266743353471167,-0.0811483116900564
0,-5.925499340204813e-05,-7.683093590299485e-05,-0.0001027465455175,0.002912864398592,0.0030297845660651,0.0029441231149408,0.00221597420241,-0.0149469477845252,-0.0348995611584533,0.0166523140884212,-0.0909321645690048
0,-3.024044640068665e-05,-4.775285600133112e-05,-8.28193421602927e-05,0.0022684336725229,0.0027731248342071,0.0028714928653918,0.0017694664690467,-0.1139391974292924,-0.0164323852131573,-0.0311783639982204,0.0016306178963386
0,-4.148692371490193e-06,-2.0361297299241026e-05,-6.516154880370369e-05,0.0010029839847914,0.0024452259716321,0.0026068188750261,0.0017620922022711,-0.1391507401170189,-0.0491473873018327,-0.0217564340749255,-0.0031054712514584
0,1.6261917577892413e-05,3.151096471436712e-06,-4.740952775105455e-05,-0.000248929677552,0.0016368960182443,0.0020956598791094,0.0017883120082587,-0.1112319923516844,-0.1125186033757314,-0.0804753651084228,0.0083494324489833
0,2.551523614274381e-05,1.9655159265843227e-05,-2.988613622286484e-05,-0.0008472061403162,0.0002137676947259,0.0012051526797719,0.0017163662973792,-0.0084233002011487,-0.1721070613279529,-0.0976260747590773,-0.0227385746248854
0,2.018869292049118e-05,2.564045049804308e-05,-1.4416284689360587e-05,-0.0007921748436885,-0.0012790763391764,-8.094433331930174e-06,0.0013776040093216,0.019429559526689,-0.1264617454525236,-0.1450233478616888,-0.0450138829866307
0,4.749998878806392e-06,1.945875312137558e-05,-4.286136076212335e-06,-0.0006815865096336,-0.0018086624691605,-0.0012282450420015,0.000648425713308,0.0026881072842958,0.0205445194557138,-0.099006773872239,-0.1008217762160927
0,-1.1439064095804915e-05,3.754510571528173e-06,-4.512091701043484e-06,-0.0005696036921805,-0.0014291501257617,-0.0019126034679679,-0.0006936168382742,0.0197084562063231,0.055357949224035,-0.0378649113210294,-0.1675867341003598
0,-2.2191094244022307e-05,-1.5176305820636705e-05,-1.930966300246699e-05,-0.0004144453331075,-0.0007212559038817,-0.001873559810465,-0.0022658974220104,0.0113232156082758,0.0862208951519726,0.0456736428215992,-0.1468693826468819
0,-2.6518636814965512e-05,-3.115464303090506e-05,-4.7166915648392064e-05,-0.000317572737393,-0.0001442526103069,-0.0013221076315886,-0.0033055531071745,0.0080513035346143,0.0291797635629869,0.0646167929536916,-0.061061754385939
0,-2.668587620331632e-05,-4.152560031990089e-05,-8.025383140428229e-05,-0.0001844913894967,0.0001108047326367,-0.0007520838262105,-0.0033118300440034,0.0185649660446547,0.0218317050257495,0.0493879681219182,0.059806367020154
0,-2.5149050963671643e-05,-4.79126424688178e-05,-0.0001077519910717,8.831931436438509e-05,0.0001965603152921,-0.0005253246035728,-0.0021878018894947,0.0359971747275683,-0.0046805884946669,-0.0040361235943711,0.1649992638815834
0,-2.3685254875250077e-05,-5.2968162224834245e-05,-0.0001209565566125,0.0003465218872827,9.619890239214014e-05,-0.0004857793476304,-0.0004531112186581,0.0156433398561038,-0.0153916940853397,0.0119451747828421,0.1819388702857452
0,-2.497903598569036e-05,-5.662632040594212e-05,-0.0001155976283219,0.0001834035088202,-0.0003549551244801,-0.0002458522885911,0.0015248968767819,-0.0482670155486115,-0.0748391112891277,0.0360402370250298,0.2136627488022847
0,-3.073890443375439e-05,-5.588183027953275e-05,-9.242520896650356e-05,-0.0003211929535667,-0.0007970185651326,0.0003947503138729,0.0031095869943011,-0.0526522769287875,-0.0135735768413541,0.0920802834677876,0.1032752747015451
0,-3.757549275787982e-05,-4.689093894423868e-05,-5.753286752187507e-05,-0.0007239353601675,-0.0005702990996924,0.0014034279531858,0.0038688812946245,-0.0278962043913694,0.0589174699293796,0.1096552443947831,0.048583585363137
0,-3.9659358068146186e-05,-2.893113961507913e-05,-1.836685493553706e-05,-0.0009167300354996,0.0001535260376392,0.002188531912646,0.003964321222643,-0.010662730675051,0.0858475575369576,0.0473655474972652,-0.0294955997594389
0,-3.514384661689305e-05,-5.767395443102793e-06,1.9872349355302715e-05,-0.00072876588157,0.0007495762526114,0.0024442169217491,0.0036835196355249,0.0482555614609721,0.0333624854574851,0.0037714543233573,-0.0266647176641879
0,-2.64770535295254e-05,1.8133498177391948e-05,5.5779872543081016e-05,0.0001596876265256,0.0009837823648621,0.0023359618023497,0.0034979850020307,0.1294351401581806,0.0134787369926527,-0.0254224782032434,-0.010442209034644
0,-1.6278260970938638e-05,3.957078952473478e-05,8.934507333802827e-05,0.0011815138151199,0.0010559761468552,0.0019514964671188,0.0032150551569587,0.0749300975606753,0.0009600194059738,-0.051470588842947,-0.0461437599797661
0,-4.7603819110706725e-06,5.655625590682785e-05,0.0001181880375548,0.0014441578786026,0.0012475996651183,0.0014455968092998,0.0025535376864124,-0.022401284864139,0.0373646842466477,-0.0497093427208526,-0.0861597341294757
0,8.851389978256409e-06,6.940886157005744e-05,0.0001391176616535,0.0008897687142924,0.001474754712747,0.0011249243233461,0.001632387133324,-0.0884765479979071,0.0080663252790952,-0.0144251544698873,-0.0980703764882109
0,2.182039350398369e-05,7.88316193083237e-05,0.0001503721634831,-8.43721183350117e-05,0.0011190459923983,0.0007596272243071,0.0006185132325974,-0.1063516185275802,-0.0792080693488303,-0.0586342653379056,-0.1047044036571043
0,2.834328479489722e-05,8.260318455589633e-05,0.0001523861751921,-0.0007869180878133,0.0001855322657843,-5.3141747926185e-06,-0.0002157108908053,-0.0341575753680927,-0.1074946759739847,-0.0943540144820467,-0.0621404210234534
0,2.4035975363440624e-05,7.860898223767473e-05,0.0001475213537719,-0.0008213100837377,-0.0010469941520756,-0.0007935262888517,-0.0007572533932324,0.0272791761832201,-0.1390106075980049,-0.0632884083297698,-0.0461680794619808
0,8.935097107689994e-06,6.68422277967271e-05,0.0001365997276777,-0.0004862015086537,-0.0019731814990744,-0.0015598245993378,-0.0014270718256132,0.0397425388335792,-0.0462268618017668,-0.0899712537674547,-0.0877956070141682
0,-1.1544480287894775e-05,4.704639424150164e-05,0.0001176601385503,-0.0002672517102702,-0.0021227339800424,-0.0023993421117072,-0.0023608459998687,0.0040474208431145,0.0163163656081728,-0.0779322487064341,-0.0989592278369376
0,-3.082564790105383e-05,1.8865280163666656e-05,8.882841391523788e-05,-0.0004338160772165,-0.0017334995425893,-0.0032368807038597,-0.0034054989271453,-0.0373602942323755,0.06153052188245,-0.0895754697240575,-0.1099713576183729
0,-4.63554105813707e-05,-1.5926450776031336e-05,4.906510289044639e-05,-0.00076631239306,-0.001372452993474,-0.0037214654840798,-0.0045471632778129,-0.0291389689363201,0.0106787879406141,-0.0073414863199715,-0.1183615125151642
0,-6.0706589948431006e-05,-5.129729799031681e-05,-2.9540057928496e-07,-0.0010826581676681,-0.001497782879938,-0.0033527039587772,-0.0053249374161332,-0.0341301859852983,-0.0357447652334157,0.0810937913805015,-0.0371933151488929
0,-7.824881018694489e-05,-8.162815013564218e-05,-5.24320829381567e-05,-0.0012710945002771,-0.0020106611677647,-0.0027134664702878,-0.005102399055641,-0.0035570805365047,-0.0668308923319257,0.0467537063173723,0.081700987247335
0,-9.978721962157251e-05,-0.0001077028346789,-9.600030020391216e-05,-0.001035657862794,-0.0022970207191607,-0.0025014704383715,-0.00361124439751,0.0506444080331356,0.0095589820527175,-0.004354499934111,0.2165299443788742
0,-0.0001205142642826,-0.0001325122324273,-0.0001213972664365,-0.0004713206017033,-0.0018483882130527,-0.0024604091113088,-0.001468148849022,0.0622230441849968,0.0801675191688859,0.0125667653466481,0.2120891653187208
0,-0.0001334668398254,-0.000154907488513,-0.0001281069605543,0.0002268016709095,-0.0007421268955067,-0.002018642105824,0.0001262100254605,0.0774014103375845,0.141084744340324,0.0757866357503227,0.1067826095778005
0,-0.0001340175619036,-0.0001683720020593,-0.0001234113496456,0.0009368778760534,0.0006319824798559,-0.000674260603449,0.0008129121562851,0.0646138306911986,0.1337371307322041,0.1930896647246727,0.030557816587125
0,-0.0001221516210604,-0.0001651069852434,-0.0001126432619075,0.001210094768054,0.0017412056887847,0.0013272639666251,0.0013407053913403,-0.0099704522910869,0.0881075110535573,0.207215249290172,0.0750008304238983
0,-0.0001013006764098,-0.0001429034023694,-9.649106851852456e-05,0.0009753290716618,0.002428983241339,0.0031134526081772,0.0018897332864595,-0.036982686987349,0.0494479994573123,0.15002247902023,0.0348047485999445
0,-7.588767892570519e-05,-0.000106491616856,-7.424901598747007e-05,0.0009448839981577,0.0026536162554937,0.0041689044945075,0.0025586772197513,0.0308936722865263,-0.0045213966263833,0.061067898245837,0.0989840380584272
0,-4.915437623639232e-05,-6.318172370102855e-05,-4.21909684568002e-05,0.0012361635519094,0.0026930442823688,0.0044930741364975,0.0038529322863825,0.0273622384638095,0.0124070020014075,0.0037660301521749,0.1598669752678158
0,-2.183027362139701e-05,-1.972957257312819e-05,4.911109408364155e-06,0.0015006222343668,0.0027717762406302,0.0041973560890824,0.0055674832866502,0.0255294980276672,0.0033393896508657,-0.0629096396352004,0.1830432247857208
0,4.512239701387303e-06,1.9422372266453457e-05,6.694503403875045e-05,0.0016444082458379,0.0024967264239266,0.0036330328788338,0.0068393016394269,0.0032277042665685,-0.058349352991579,-0.0499550024145223,0.0713204457696194
0,2.62105387282429e-05,5.439007562404071e-05,0.0001346308924754,0.0014492519031406,0.0018429333814444,0.0033605077926835,0.0066978700479043,-0.0422589728060284,-0.0724092555048562,-0.0045500148155306,-0.0996067640741497
0,4.17033410123185e-05,8.83710419528963e-05,0.0001943713724069,0.0008311785009228,0.0012556270753706,0.0034356854730875,0.0052502259383958,-0.0813557076375346,-0.0450520057099082,0.0195855508963171,-0.1899220578275416
0,5.281268205893723e-05,0.0001223393874555,0.0002365031606638,7.154455970437637e-05,0.000966241133953,0.0033579836274427,0.0031761317129859,-0.0705710806061638,-0.0128251825736018,-0.0351259200252762,-0.2248967872544336
0,6.253862809679758e-05,0.0001508857767835,0.0002584475701743,-0.0003790595330964,0.0009789480736189,0.0023512942381596,0.0012127501891124,-0.0195497379539967,0.0153665705067768,-0.1662119578313445,-0.1677795175202842
0,7.13254433686137e-05,0.0001645505074851,0.0002633293786256,-0.0003601527484075,0.0007784149807442,0.0003816519021584,-0.0002363884988453,0.0233310948917797,-0.0554731890817213,-0.2277165093688956,-0.1220482200712763
0,7.489713881526644e-05,0.0001575870837755,0.0002544029289225,-4.834827587906892e-05,-6.407589141370297e-05,-0.0017743366440694,-0.001548901441767,0.0390297996139088,-0.1130249853498692,-0.2034811998766715,-0.1404543685130638
0,6.756611309248096e-05,0.0001326935078479,0.0002317693818479,0.0002587014349591,-0.0014021292531433,-0.0032043785414585,-0.0029778079731659,0.0223801425537326,-0.1545856869960686,-0.08252717960115,-0.1453269377667151
0,4.638183764958493e-05,9.737666888936056e-05,0.0001947040627751,-1.4727321444619156e-05,-0.0028347258354358,-0.0038589892502603,-0.0044352558413865,-0.0770658938344842,-0.1319336294624156,-0.0483949621592215,-0.1461626358773961
0,1.4463340850506562e-05,5.622031195902524e-05,0.0001453295146382,-0.0011358750898687,-0.0035489735243798,-0.0043722821358066,-0.005439653785988,-0.1471636598503387,-0.0109159083263935,-0.0542636149500398,-0.0547169530429091
0,-2.042114663240726e-05,9.939445135224038e-06,8.853882595759789e-05,-0.0024581731782374,-0.0034279239722029,-0.0048838912289535,-0.0059184839501484,-0.1172959578234095,0.035125818761785,-0.0480582036793343,-0.0410490797891713
0,-5.487450229035141e-05,-4.064862905811683e-05,2.6369767817339715e-05,-0.0032890651779114,-0.0034627471593859,-0.0052337236097146,-0.0065153276779031,-0.0488824421113815,-0.0420904561983898,-0.0219082724728784,-0.0783196657617649
0,-9.234078581482456e-05,-9.357251015837044e-05,-4.041147325155509e-05,-0.003244090336156,-0.0040305095455087,-0.0053510526103361,-0.0068409205358758,0.0578774104624544,-0.0714620210261648,-0.0015575276514184,0.013201094167235
0,-0.0001348879618617,-0.0001470597715803,-0.0001066824318724,-0.0022813404889519,-0.0044789256638674,-0.005346399674064,-0.0064132711882941,0.1346725589783642,-0.0182212026455824,0.0024881149058261,0.0723287753490868
0,-0.000179025339087,-0.000200322226177,-0.0001661762654047,-0.0012451375180685,-0.004348549781194,-0.0053060912452798,-0.0054854955181751,0.072568035198327,0.0442963791802605,0.0055735708510257,0.1132263586747278
0,-0.0002183200134307,-0.000251265701349,-0.0002151935335714,-0.0007235800759287,-0.0035103850875629,-0.0048826037891077,-0.0043179581151731,0.0317434532296247,0.1233365595459626,0.0791239203833867,0.1202811219256642
0,-0.0002468916606033,-0.0002951224571528,-0.0002534707809996,-0.0006536199278359,-0.0022039443469493,-0.0038887473716551,-0.0033374913704665,-0.0177514236110545,0.1379515885767563,0.1196473631071394,0.0758122270156652
0,-0.0002625938277303,-0.0003262159607642,-0.0002829942486392,-0.000985122505039,-0.0009364890784408,-0.0023299533506299,-0.002567202157437,-0.0485490918295763,0.1155394651249451,0.1921114410979026,0.0782456155902308
0,-0.000268036636054,-0.0003406049177063,-0.0003044129621197,-0.0010529104235212,-0.0001520725863119,-0.0005478380377878,-0.0017165405386705,0.0349915081331305,0.0413438333008296,0.1643116214705114,0.091886708163075
0,-0.0002671955312409,-0.0003394615593707,-0.0003153007350066,-0.0003179093925672,0.0003202935489285,0.0007765097049061,-0.0004610140387042,0.1120086980576798,0.0531293937472776,0.1005579270682919,0.159218591830186
0,-0.0002614197460628,-0.0003286540302223,-0.0003112827766928,0.0009250912872933,0.0008348634866994,0.0013849961247781,0.0012646057014513,0.1365914379144322,0.049784593806897,0.0211393569060968,0.1859053562009308
0,-0.000250047116833,-0.0003138899202605,-0.0002911831560128,0.0020196980115069,0.0014396623592667,0.0015678258675768,0.0027553184345593,0.082329906928303,0.0711751807065715,0.0154265916536465,0.1122371904206604
0,-0.0002321017374205,-0.0002965315136064,-0.0002591556023971,0.0022740075895149,0.0021494135232314,0.0019038554632472,0.0036501922885711,-0.0314679913267139,0.0707750520863657,0.0517793274804285,0.0667375803817043
0,-0.0002072300438765,-0.0002732849153204,-0.0002211545021395,0.0017451677173973,0.002824925185573,0.002745464193961,0.0039500277629453,-0.074299983096808,0.0643272803819452,0.1165424186623279,-0.0067704855068642
0,-0.0001772039660086,-0.0002404314972103,-0.0001811777177884,0.0009037560956655,0.0031802903879953,0.0038252194280476,0.0040453291072905,-0.0939823412495582,0.0067457601025069,0.0994086281550109,0.0258307543759102
0,-0.000146384853271,-0.0001979855620164,-0.0001407579619468,0.0003053553049766,0.0029835321595236,0.0046639676107293,0.0040386220610263,-0.0256978168882204,-0.0460974057968295,0.0683410083813181,-0.0271721636287526
0,-0.0001181640139724,-0.00014991902374,-0.0001004736987198,0.0006364929630518,0.0026606357001991,0.0049493400445483,0.0040182305843718,0.0919253485032696,-0.0184818860680733,-0.0112665216175095,0.0230938682978552
0,-9.125749982254804e-05,-0.0001033937407011,-5.861127059333835e-05,0.0015657151690318,0.002720667129782,0.0043557165632446,0.0043542550409284,0.0939190926927234,0.0304881719846419,-0.1074581746432324,0.0441110230134459
0,-6.22926902104235e-05,-6.468705963480752e-05,-1.3816766415263256e-05,0.0020699303842514,0.0030722947926428,0.0033856196500186,0.0046046457946866,0.0069239503512041,0.0398373605875335,-0.0865612080019816,0.005967127738197
0,-3.1257254052203464e-05,-3.434376490575068e-05,3.1508281129664135e-05,0.002020656068193,0.0031347924390011,0.0026830392957927,0.0044603637142988,-0.016778813562887,-0.0273378313158894,-0.0539548628431875,-0.0348235438157483
0,-2.6788801195661995e-06,-7.876323379002274e-06,7.214523663647899e-05,0.0016978886643343,0.0025808823475263,0.0026104490095569,0.0036670273870641,-0.0477746672088524,-0.0834441869790653,0.0394368055960187,-0.1238437216312017
0,1.98060850871325e-05,1.9216174704944115e-05,0.0001022514261841,0.0009569779279307,0.0019161106938134,0.0028080506072323,0.0023542105224685,-0.1004074800718625,-0.0495101437635223,8.351393906946836e-05,-0.1387196512879064
0,3.5659286943615616e-05,4.604724388704434e-05,0.0001204874440038,0.0001471826475155,0.0012545296774832,0.0025581632291876,0.0012929930414717,-0.0615515760111907,-0.0828060595025131,-0.0500609895480043,-0.0735238449114611
0,4.528718977760908e-05,6.673784574994281e-05,0.0001312406663447,-0.0002886669504971,0.0006710508893154,0.001579957143392,0.0008576514267092,-0.0256183435913393,-0.0338896981310375,-0.1455802276111306,-0.0135444780410319
0,5.085527840321099e-05,7.475810639230023e-05,0.0001388740686636,-0.0003614611729802,0.0004425668358049,2.4094985079474484e-05,0.0006690290370737,0.0110594990947243,-0.0118071125710737,-0.1655922040513764,-0.0241799998860625
0,5.208031904421911e-05,6.928797047629068e-05,0.0001439054914937,-0.0001405693187352,-0.0001975587076032,-0.0011181221682813,0.0003372555289451,0.0331188717542735,-0.1162179961105666,-0.0628512266207954,-0.0421747017396588
0,4.544205742145595e-05,5.6025898516874585e-05,0.00014443528085,0.0001243810427394,-0.0011300936169493,-0.0015342922236018,-0.00023129765768,0.0198712005406619,-0.0702889857586438,-0.0203827844432943,-0.0715359355853833
0,3.184273659690726e-05,4.1589605070092735e-05,0.0001388536726551,-4.106771821706378e-06,-0.0015897705479603,-0.0013529664657545,-0.0008850239813025,-0.0455687634528925,-0.0216464004435672,0.0566479360127539,-0.0592093291391213
0,1.6793341430313306e-05,3.013528849581537e-05,0.0001280807610215,-0.0006446312119716,-0.0014201084853583,-0.0009378968491009,-0.001269558345424,-0.0825361245771043,0.0555788129639679,0.0263659873179658,-0.017697543685179
0,6.352992085279195e-06,2.0420909172630798e-05,0.0001146323697377,-0.0010898609671894,-0.0006679613836484,-0.0010049790155359,-0.001420119911338,-0.0065098264664383,0.094850607378025,-0.0397824206049741,-0.012414769497615
0,2.851693158167366e-06,9.318460278178388e-06,9.869645597401342e-05,-0.0008003685212692,-3.2298401773937085e-05,-0.0012155107633545,-0.001767062841405,0.0644083156504631,0.0322819889968732,-0.0023239289587307,-0.0569738165157875
0,2.230225180964654e-06,-2.58526722370794e-06,7.872554498512493e-05,3.900892061180607e-05,-9.199519366660532e-05,-0.0011652347370227,-0.0022271193563726,0.1034671727257542,-0.0442213473754069,0.0123791342250788,-0.0350374864777389
0,-9.232340439093426e-07,-1.3811236725244156e-05,5.632670901523296e-05,0.0008264515705202,-0.0005386966513081,-0.0010799591632844,-0.0022526478376057,0.0540213572559361,-0.0451189441529108,0.0046759805225775,0.0299317902311264
0,-7.347931768117172e-06,-2.466318816646885e-05,3.7314667416100267e-05,0.0007192292773429,-0.0007462428935333,-0.0010904311249604,-0.0015497604822208,-0.075465815891395,0.0036096957078752,-0.0067703728577729,0.1106456808458568
0,-1.3598250147666064e-05,-3.554061166225224e-05,2.640191875901493e-05,-0.0003347754072093,-0.0005038207823764,-0.0010850535741962,-0.0006327892491962,-0.1353351210190594,0.0448747265235179,0.0078458830106203,0.0727485657590539
0,-1.7569230696592262e-05,-4.373775624980836e-05,2.137214286705653e-05,-0.0012719436637095,-0.0002903753274088,-0.000554375343315,-0.0003731659291954,-0.0520985302809882,-0.0021856355300035,0.0982897631656232,-0.0208239017588871
0,-2.136064284378716e-05,-4.521368008502197e-05,1.5616404574265976e-05,-0.001201222428923,-0.0004679071020301,0.0002591905762722,-0.0007779817293626,0.0662427772382877,-0.0333207193942588,0.0644234207518335,-0.060139258274566
0,-2.758036780011161e-05,-4.190133461100261e-05,6.44953512455527e-06,-0.0002970557476894,-0.0007760378892347,0.0004032785185315,-0.0010553921605794,0.1145905590084312,-0.0283054380466608,-0.035605832299972,0.0046571720312131
0,-3.563884570225364e-05,-4.1937202112339175e-05,-4.159450796928172e-06,0.0006681801025062,-0.0008356576911936,-0.0004104520187989,-0.0010664050237172,0.0784566110307088,0.0163814776548772,-0.1271402751661259,-0.0068597446587696
0,-4.148943481398626e-05,-5.117009461874027e-05,-1.5162005455863032e-05,0.0010877586995468,-0.0003344601311528,-0.0014361264824813,-0.0011341059080697,0.0054591083774057,0.0838580343532828,-0.0779946175703573,-0.0066804322117307
0,-4.050244488477561e-05,-6.730243840885258e-05,-2.683638899040225e-05,0.0008487782434721,0.0005318581169949,-0.0017903422755411,-0.0012007707988381,-0.0532551995923486,0.0894056152762881,0.007151458958392,-0.0066525459419432
0,-3.309248088466244e-05,-8.273756427469299e-05,-3.933905064444896e-05,0.0003972235877577,0.0009501346830276,-0.0012966828976269,-0.0012997615319712,-0.0370557315505213,-0.0057503020697584,0.0915804166244495,-0.0131456006846823
0,-2.593872127385204e-05,-9.017443379130452e-05,-5.201062405007024e-05,7.789328820780598e-05,0.0004806172391344,-0.0001906910056953,-0.001234553149153,-0.0268103283594683,-0.0881531867088819,0.1296179617618644,0.0261872772483248
0,-2.545735474333253e-05,-8.784876183940501e-05,-6.148084421672601e-05,-0.0001179359584525,-0.0003843439330305,0.0006558253960752,-0.0006594908841781,-0.0123555209725971,-0.0848390477241136,0.0396853185922621,0.0888251757466531
0,-3.169702995109525e-05,-8.049978795571605e-05,-6.389544711081456e-05,-0.0001947342159347,-0.000863591108522,0.0008139693806625,0.0001765703053604,-0.0030041305238417,-0.0110103873741797,-0.0080565216748096,0.0783870621610579
0,-3.846916620092093e-05,-7.370638381247113e-05,-5.901253754680652e-05,-0.0003322324330606,-0.0004908361414431,0.0005447114479864,0.0008000116074411,-0.0244955129013472,0.0855613807899547,-0.045795064860405,0.0463011982550942
0,-3.9390595255233885e-05,-6.988352485079383e-05,-5.032260709838587e-05,-0.0001961636068422,0.0003065503305805,0.000219860344349,0.0009379744822429,0.0517092781450384,0.0739159136147794,-0.0191751558670845,-0.0187086232947422
0,-3.3328295103313954e-05,-6.767265237321804e-05,-4.1268460655968976e-05,0.0002353905817977,0.0009059096998034,0.0002223141511661,0.0008728548062404,0.0346015595829622,0.0459559602298017,0.0196659172305136,0.0056846880942401
0,-2.2526532756883e-05,-6.379185196431454e-05,-3.167738283718177e-05,0.0005938136229008,0.0012544427694827,0.0005538459306145,0.001045360757517,0.0370830486376545,0.0237506537060579,0.0466404386591657,0.0288165021610744
0,-9.370527174733432e-06,-5.498641720986753e-05,-1.875722934198256e-05,0.0007951848023139,0.0013767583469471,0.0012072410202748,0.0015386699415228,0.0031911872449535,0.0007124617868268,0.0840385792728953,0.0698453346400914
0,4.34795383876535e-06,-3.9388096783553126e-05,-1.6852405522303806e-07,0.0008065287605574,0.0013669378557525,0.001912423064988,0.002179071115829,-0.0009223955962534,-0.002676560025743,0.0569978296697393,0.0582349002211548
0,1.8291156820860237e-05,-1.770420336122388e-05,2.507364241276293e-05,0.0009548173308874,0.0014217027406663,0.0024243556194778,0.0028693621777681,0.0305801096622526,0.0136295370085031,0.0453886812282195,0.0798233121666569
0,3.273250320702509e-05,7.736823616797632e-06,5.634568499263601e-05,0.001175114457733,0.0014665665365665,0.0026638497761264,0.0033850463382064,0.0134793157068665,-0.0046567778284643,0.002510150101512,0.0233135199210153
0,4.68748577764417e-05,3.335371773831764e-05,9.012452910410074e-05,0.0010488348471842,0.0013619043773167,0.0024595290481775,0.0033707224840864,-0.0387352378166272,-0.0162756540215045,-0.0433742956913036,-0.0261782907450212
0,6.149216008839623e-05,5.5707542111593104e-05,0.0001216279474763,0.0006258011890884,0.0015615560850741,0.0020112358264775,0.0029299611903649,-0.0458714938025166,0.0562059955729905,-0.0462843486486864,-0.0619739679992751
0,7.876618394999885e-05,7.429440086029311e-05,0.0001461537679116,0.0003450359397017,0.0018932486872463,0.0017061359232624,0.0019752028967009,-0.0102815560748361,0.0101325248614468,-0.014735631994342,-0.1289776907335261
0,9.69210731258243e-05,9.026588335702727e-05,0.000159607722453,0.0006128356198792,0.0017377291479187,0.0014881605760844,0.0007155880115718,0.0638414921103358,-0.041236432726971,-0.0288594374412625,-0.1229452862922954
0,0.0001112691443723,0.0001027486802174,0.0001609987616987,0.001208153613321,0.0011318851013789,0.0010083987960097,-0.0004373801624419,0.0552221065780196,-0.0799323765809916,-0.0670929185736715,-0.1076483485104667
0,0.0001194098913892,0.0001092079171685,0.0001534946385838,0.0014201651268048,0.0004962643020127,0.0002834485942077,-0.001063444460529,-0.0128198038812552,-0.0471917832922375,-0.0778971217867305,-0.0175645111069486
0,0.0001218385630972,0.0001079716206874,0.0001424252555237,0.0009668119862858,-1.0529960412672032e-05,-0.0005307078904279,-0.0011504321514951,-0.0778508242225339,-0.0541670691928517,-0.0849341751404113,0.0001669729137329
0,0.000118476135916,9.831071782339874e-05,0.0001302085639694,-6.582022938055802e-05,-0.0006619554758315,-0.001401472682389,-0.0012929061593567,-0.1286756189107535,-0.0761180338909186,-0.0892187832518056,-0.0286617744860713
0,0.0001081168541146,8.22942331271732e-05,0.0001159754997783,-0.0014012696689828,-0.0014099008844521,-0.001801824256856,-0.0015537066788655,-0.1384142690097016,-0.073471047833204,0.0091484683584116,-0.0234983294156848
0,9.17939401757826e-05,6.593463096152489e-05,9.884851862888405e-05,-0.0022833462148967,-0.0018546819033178,-0.0014700961762736,-0.0018716895510285,-0.0380010401730784,-0.0154851559399288,0.0571971477580714,-0.0400982450169011
0,7.284104170908619e-05,5.283209742252926e-05,7.807261975058558e-05,-0.00204845021222,-0.0019358977900214,-0.0011504105315255,-0.0022834902246311,0.0849802407084152,-0.000758021400807,0.006739981191553,-0.042261889703634
0,5.38108420250448e-05,4.073778937777231e-05,5.390351698126026e-05,-0.0008410978710293,-0.0018701421467867,-0.0012684510774258,-0.0025503303292338,0.1564902275297249,0.0139091500477436,-0.0303480903716303,-0.0111061312169049
0,3.816910991445282e-05,2.499162731553301e-05,2.9189379615323596e-05,0.0003943609977611,-0.0012582042753315,-0.0018807813350219,-0.0023924971439534,0.0906015462283662,0.1084784242432959,-0.0921179611475863,0.0426727682729899
0,3.0024131159869572e-05,2.455450374570925e-06,6.194159481488817e-06,0.0008753461240625,-0.000370791475585,-0.0026264540531704,-0.0022065468828135,0.0055954790319299,0.0690041357060143,-0.0570165824821086,-0.005482716044999
0,2.868160484232739e-05,-2.4141758424990675e-05,-1.7232061070791636e-05,0.00075315990814,0.0001022862120766,-0.0026929877067418,-0.0024786972276425,-0.0300327222164444,0.0256114018263176,0.0437098517678228,-0.048947352920819
0,2.8846585397487857e-05,-4.740667354160494e-05,-4.420892941534901e-05,0.0002721027307875,-6.929010104451752e-05,-0.0019599953165809,-0.0029166764412688,-0.0661787132540571,-0.0599266644505434,0.1028886262643562,-0.0386484898044396
0,2.5418116699538704e-05,-6.158893035403752e-05,-7.364728119235112e-05,-0.0005523464612546,-0.0006164036385453,-0.0008764560459055,-0.0029709939141315,-0.0987111251543703,-0.0494960430496157,0.1138192278707321,0.0277849952319089
0,1.7549727485320473e-05,-6.618070331525778e-05,-9.792305751029834e-05,-0.0012947659293118,-0.0009572742042983,-4.189854633851388e-05,-0.0018841613494579,-0.0497727684570831,-0.0186780701009882,0.0530922720426725,0.1895815177028177
0,7.040571392960147e-06,-6.419841563184677e-05,-0.0001059598390055,-0.0012900804211344,-0.0011445570141737,0.0004383560830207,0.000276805050412,0.0507098700925635,-0.0187784918740916,0.0429586538291734,0.2426117622711663
0,-3.630508683065812e-06,-5.921576040698241e-05,-9.244601633955638e-05,-0.0006176797847617,-0.0009896590010314,0.0005581749619521,0.0024259594827822,0.0837702571819858,0.0497580945025461,-0.0189948780428856,0.1872191242028842
0,-1.08477110100351e-05,-5.29581426716249e-05,-6.108684230810904e-05,0.0001730075412346,-0.0004537814643623,0.0006933485851193,0.0038458753235072,0.0743672080173004,0.0574174128312661,0.046029602676324,0.0967640439421024
0,-1.1722989362705682e-05,-4.272755176969076e-05,-2.083075671230133e-05,0.0007554207254728,0.0002787257938282,0.0013527695952674,0.0042053417956543,0.0421154288303276,0.0890840388068698,0.0858545993533024,-0.0248707495126747
0,-2.9733708897533366e-06,-2.4823112763520075e-05,1.7095843050372803e-05,0.0009278619416265,0.0014711979007621,0.0022281182059666,0.0033799781568804,-0.0076271855995869,0.1494103825799112,0.0892151227865329,-0.140201978242096
0,1.7346074010373564e-05,1.1830044234478804e-08,4.487856983550429e-05,0.0008145641824737,0.0025926910792631,0.0027388703555842,0.0021765672001458,-0.0150323662309741,0.0748882531202897,0.0129353071369864,-0.1004802131048387
0,4.4844009787916015e-05,2.6696191160632503e-05,6.109940328274683e-05,0.0009747607724686,0.0029068960762452,0.0025980018676953,0.0010675994893026,0.047071684229954,-0.0120472537238685,-0.0411090047147671,-0.1213133290637842
0,7.214884090734964e-05,5.016211338385269e-05,6.736888258089413e-05,0.0015644946497963,0.0025540701476414,0.0020951825769486,0.0001862963703267,0.0708750912355902,-0.0585179319969059,-0.0594548534345658,-0.0549472947314021
0,9.2520711179303e-05,6.741051629211394e-05,6.84025002453711e-05,0.0018546661544086,0.0015203039067492,0.0013544980047035,2.042716256862894e-05,-0.0128407903131302,-0.1482353161815303,-0.0886820610144588,0.021773453179775
0,0.0001008118062169,7.608795200267756e-05,7.07537045679334e-05,0.0011605991152204,0.0001379151007796,0.0003809891374091,0.0004498137019438,-0.1259726175245005,-0.1282424450123968,-0.1060197124444215,0.0641038546952656
0,9.62420254029848e-05,7.492687477007234e-05,7.610190405012658e-05,-0.0004037325346354,-0.0010518712635721,-0.0006132045839302,0.0006198261944948,-0.186893712446683,-0.1097148278579451,-0.0928190318234509,-0.0301013561850714
0,8.021415124983618e-05,6.515997721535306e-05,7.99510209828232e-05,-0.0020326168670571,-0.0021537035670576,-0.0013401749270136,0.0001499971920445,-0.138883154037661,-0.1106516328391582,-0.0525750367932394,-0.0638644443049849
0,5.335617588535562e-05,4.978861614814922e-05,7.651992105075723e-05,-0.002812828172884,-0.0032178915058384,-0.0017340972864271,-0.0008362171784577,-0.0171591071277148,-0.1021859549170168,-0.0262094350894525,-0.1333784297954624
0,1.7867036026496717e-05,3.0722212666799706e-05,6.167956310923397e-05,-0.0024727961171024,-0.0038799364659332,-0.0020791834098427,-0.0021318544098469,0.085165518284036,-0.0302230371019417,-0.0428077895936821,-0.1257490164823817
0,-1.974228312502969e-05,5.645472306307992e-06,3.56152542818575e-05,-0.0015199195591934,-0.0036419273643719,-0.0029361646622555,-0.0030810073556283,0.1054097932977654,0.0778248574142005,-0.1285884608888712,-0.0640815726739021
0,-5.075223087108831e-05,-2.866644411610997e-05,3.2624955970227425e-06,-0.0006690042353593,-0.0025600621848397,-0.003926218622228,-0.0033895443813385,0.0647732714690383,0.1385481784922518,-0.0694223311056254,0.002374167531854
0,-6.951653765761552e-05,-6.839267121138714e-05,-3.189340256694205e-05,-0.0002574786973583,-0.0011927991724657,-0.0040190267968273,-0.0036416352514543,0.0175318361311798,0.1349044239825523,0.0508606961857542,-0.0527923415550069
0,-7.673433380728394e-05,-0.0001036167718783,-6.99311702286502e-05,-7.703605032421428e-05,-0.0002507600574679,-0.0030257933365593,-0.0039659182808872,0.0185566932756385,0.0535033990169951,0.1477859958678535,-0.0120642643315748
0,-7.943724085308213e-05,-0.0001260724075784,-0.0001087620650138,-5.1177639535606034e-05,-0.0002898213516916,-0.001465333803469,-0.0038002606761477,-0.0133850111179168,-0.0613156578617333,0.1643059107501981,0.0451957852794734
0,-8.523398486535121e-05,-0.000133417723777,-0.0001426649324947,-0.0003210569223788,-0.0008695274507621,-3.729436257237642e-06,-0.0029803128200336,-0.040590845450723,-0.0546255619523641,0.1280149626921735,0.1187937859433499
0,-9.509919993286392e-05,-0.0001299915039097,-0.0001640812241504,-0.0007151243691576,-0.0011035155627403,0.0006889734097216,-0.0013029455111142,-0.0382226439050547,0.007827939556716,0.010525606503609,0.2166796758405232
0,-0.000103685712102,-0.0001245569882072,-0.0001682724004036,-0.0009471468208212,-0.0006137868710902,0.0003979297307813,0.0004647102604762,-0.0081818464276478,0.0901177987733053,-0.0687343422916739,0.1368514784775953
0,-0.0001064413385527,-0.0001232129011066,-0.0001570216772878,-0.0006902033231361,6.26615809343451e-05,-0.0001291123106663,0.0017854343626924,0.0595705459646644,0.0451718916316207,-0.0366740659978758,0.127293341965625
0,-0.0001051840907948,-0.0001242197612778,-0.0001336463504586,-5.57340605384693e-05,0.000188787970651,-7.225972356615044e-05,0.0028896310031408,0.0673233065548666,-0.0199466136882745,0.0480445834179253,0.0935459861240596
0,-0.0001046292224493,-0.0001203408315145,-0.0001008459520233,0.0004612805863247,-7.78143015436893e-05,0.0008480456762179,0.0036704486839161,0.0360796228177761,-0.0333738407506786,0.136016496538899,0.062617550031
0,-0.0001055828432409,-0.0001046143909199,-6.1505827140142e-05,0.0004554601963104,-0.0001129098567809,0.0022972424427069,0.004197576292729,-0.0372437008206292,0.0263547297032181,0.1538228567588942,0.0428079717315927
0,-0.0001030754233898,-7.589528698330171e-05,-1.9851702445809748e-05,0.0001747285883748,0.0006143938270036,0.003446578344625,0.0041332486461373,-0.0189026207664903,0.1191060070537159,0.0760443236247343,-0.0556735010499373
0,-8.93963448021527e-05,-3.898808454225063e-05,1.730358296585664e-05,0.0001650195687447,0.0021214218905343,0.0039348621435851,0.0032978084361959,0.016960816840466,0.1822996056524221,0.0216124361672764,-0.1114145409383522
0,-6.147667504668736e-05,8.419269565269251e-09,4.5742556729070536e-05,0.000854383607728,0.0034625120605586,0.003864438618778,0.0023899863164468,0.1209119909561904,0.0859184283524436,-0.035697141128695,-0.0701498830114576
0,-2.5209699802667853e-05,3.578719926056298e-05,6.684534399441134e-05,0.0019787418056066,0.0037908829882452,0.0032913173794214,0.0018305711366212,0.1039596486195356,-0.0202442428151423,-0.0789271067426138,-0.041733152953656
0,1.066854339556684e-05,6.408068035138356e-05,8.421162395396309e-05,0.0026647066119251,0.0033847656514017,0.0023673788387426,0.001642684855289,0.0332333126441668,-0.0609792245535518,-0.1058606013931626,0.0041558966872076
0,4.0960733916417786e-05,8.3161117210688e-05,0.000100848077322,0.0024882028853659,0.0026736724527684,0.0014487085331182,0.0016846058183335,-0.0685340579560229,-0.0812394151731037,-0.077873459731706,0.0042282959216882
0,6.288329839242732e-05,9.506295958428836e-05,0.0001188520275777,0.0014793044403639,0.0017108404424334,0.0009316599416017,0.0019161842328018,-0.1332456310443739,-0.1113269868938973,-0.0255362585715889,0.0420873869719846
0,7.320237404667831e-05,0.00010443027502,0.0001395291989045,0.000145827891627,0.0003529746884167,0.0009418031455419,0.0022192500325664,-0.1334496787029999,-0.1602461639094432,0.0275648993596207,0.0185257729809312
0,7.032755442540595e-05,0.0001147717883864,0.0001629049873791,-0.0010425101920644,-0.0009279386126712,0.0011264995277562,0.0024559076623457,-0.1042179380352939,-0.09593649630815,0.00937437708323,0.0288057529749241
0,5.764749038851011e-05,0.0001255220454418,0.0001882499521701,-0.0017848923494234,-0.0016080741947079,0.0010235518833215,0.0026130852958595,-0.0442584934365047,-0.0400906200991962,-0.0299639059701605,0.0026297737278324
0,4.1764072417257583e-05,0.0001327112820592,0.0002125823986097,-0.0017870692077843,-0.0015686093995425,0.0004142954401426,0.0022534039920523,0.0438231217643104,0.047983579132275,-0.0918873826656127,-0.0745660344892731
0,2.954529664906831e-05,0.0001331425569609,0.0002284848013666,-0.0009854378155728,-0.0008751457540952,-0.0003280404597987,0.0009270765593347,0.1165031566779996,0.0907091499571763,-0.056579797322676,-0.1906994520542428
0,2.488421274237965e-05,0.0001275450527016,0.0002272698159713,0.0001649974315348,-5.70710272424338e-05,-0.0007914603920647,-0.0011700736383955,0.1135838927435291,0.0729057954133966,-0.0361041891305196,-0.2287305874918264
0,2.709481831005357e-05,0.0001191730952508,0.0002063746069517,0.0010799045726116,0.0004991921407772,-0.000882931098094,-0.0030089681655352,0.0693975354718389,0.0383468381905338,0.0178100479246633,-0.1390483179360976
0,3.273436452132531e-05,0.0001103705374863,0.0001733717853483,0.0014964988249982,0.0006287171014771,-0.0008775804547898,-0.0035915961551406,0.0139213150054832,-0.0124418460505517,-0.016739919263836,0.0225227200150105
0,3.754540367231898e-05,9.96457965707304e-05,0.0001408166591152,0.0010448615496466,0.0003334907287216,-0.0012673677283434,-0.00291942909148,-0.1042487700758086,-0.0466034285005531,-0.0612175354468855,0.111910692717111
0,3.707222479556061e-05,8.554727087714987e-05,0.0001180539961382,-0.0002675568311613,-0.0004281265040732,-0.0015523374103726,-0.0016331035039193,-0.1582349060857882,-0.1057200180584236,0.0042235990410576,0.1453544247950194
0,2.7851185874393203e-05,7.054788978580266e-05,0.0001089169169831,-0.0015701674882471,-0.0014160812801602,-0.0014475388078968,-0.0001943123270921,-0.1022872253313791,-0.0918709371589611,0.016736121454103,0.1424038105704311
0,8.651338499891754e-06,5.7887264951197256e-05,0.0001127142166957,-0.0022134346064988,-0.00242388819474,-0.0010845861590242,0.0009537722696099,-0.0263661983189562,-0.1096904457570157,0.0558544083204086,0.0872131087699921
0,-1.7948987656139556e-05,5.0125901540541526e-05,0.0001251364440355,-0.0022011416693327,-0.0028961770364661,-0.0004676865231068,0.0015306731983545,0.0288247857521706,0.0152326774117982,0.0675255188630663,0.0281670769789157
0,-4.32987695987631e-05,4.898121573758729e-05,0.0001410597999824,-0.0016997898490614,-0.0021737793520585,0.000238749362516,0.0016539979910079,0.0714455783021052,0.1292468594697298,0.0737616582615184,-0.0035021184482221
0,-5.663174183618905e-05,5.302904530743021e-05,0.0001561239285654,-0.000767678036114,-0.0004928150954266,0.0005708165514525,0.0013588277256085,0.1149767842873601,0.2069459918566458,-0.0073482204742171,-0.0555319346316573
0,-5.270771976582306e-05,5.815752851978044e-05,0.0001661026032139,0.0007505615882072,0.0012776195094998,0.0004548800910175,0.0006369072040757,0.1886711405769104,0.1471409291286559,-0.0158390716127917,-0.0888521696749179
0,-3.5125177701356844e-05,6.296291266614269e-05,0.0001672268685764,0.0021471070320177,0.0022388889033933,0.0005061967382549,-0.0004120541315685,0.090637948185183,0.0451129496500516,0.0261024010602816,-0.120940097453935
0,-1.1844007738867929e-05,6.890083358135124e-05,0.0001582320436415,0.0024228062649135,0.0024173450891043,0.0006813874447867,-0.0013869108554009,-0.035498101606014,-0.0094217125078513,0.00893574024608,-0.0740312473125489
0,1.0831989531315511e-05,7.640980253177147e-05,0.0001430554736251,0.001565375764702,0.0021178543649322,0.0008204063452972,-0.0016484031478974,-0.1359879984363004,-0.0504764323265682,0.0188680398560256,0.0217327888132505
0,2.778399402054292e-05,8.41430986482496e-05,0.0001288092843042,0.0001345840750771,0.0012725465329131,0.0007262528779983,-0.0012008347162713,-0.1501703394886739,-0.1185851340772533,-0.0376987333158157,0.0677808975119741
0,3.3322082053652654e-05,8.887704402847333e-05,0.0001219042639181,-0.001138756119156,-0.0001649289262912,0.0002205361980464,-0.0001801693609492,-0.1044976993579609,-0.168909957763632,-0.0634446026745702,0.1363521735524358
0,2.370319710871061e-05,8.801816976189035e-05,0.0001273062835609,-0.0016524899007367,-0.0017588480626971,-0.000392311051363,0.0012605732895016,0.0017509430418223,-0.149873869517554,-0.0591248472073121,0.1517963565377558
0,1.210188505929932e-06,8.274092621158891e-05,0.0001441676260656,-0.0013718390373493,-0.0027397536578589,-0.0006631376586972,0.0021116952114521,0.0543792296356454,-0.046307249514805,0.0049595257404563,0.0184280278523351
0,-2.5479162487044264e-05,7.657939449009291e-05,0.0001655657525464,-0.0009405356396405,-0.0025981165407358,-0.0005691686856019,0.002167930084702,0.0318814499061294,0.0746346729394233,0.0138342688786171,-0.0071810532023404
0,-4.611820331921709e-05,7.194979272657573e-05,0.0001841661567597,-0.0008064976406011,-0.0015296916256986,-0.0003567516671015,0.0015521507579624,-0.0050738500982499,0.1390503100680133,0.0286491348214623,-0.1159748121455791
0,-5.3849467984482274e-05,7.056597454794991e-05,0.0001932302006268,-0.0006017395357635,-1.6561307354346407e-05,7.998803137635363e-05,0.0002606580154573,0.0460254710657655,0.1635757536008555,0.058698804874112,-0.1423237363554463
0,-4.703967842599576e-05,7.453803082345735e-05,0.0001901231691831,0.0001235882377153,0.0013785192190516,0.0007144232237251,-0.0008820643042021,0.0990400836300164,0.1154403516803437,0.0681882335956441,-0.0862207275764658
0,-2.8838389636885182e-05,8.458486310606092e-05,0.0001799088236617,0.0010903821385694,0.0022617385387704,0.0012949432327955,-0.0011608048000803,0.094318696540799,0.0612035122634191,0.0479157682184448,0.0304726284008279
0,-4.378946916976002e-06,9.90933979564593e-05,0.000171204453973,0.0017869097615538,0.0026301500052113,0.001606763737284,-0.0005800691376552,0.0449868280560898,0.0124787810247621,0.0144483326792583,0.0856745040841893
0,2.177848255611756e-05,0.0001158495981992,0.000172014287481,0.0018674450304129,0.0026013358894073,0.001744476311266,0.0007420358392611,-0.0288797742842851,-0.0182416041855684,0.0130941821171297,0.1787464912991051
0,4.542815555781041e-05,0.0001347116810872,0.0001882834948574,0.0014462468793919,0.0021285987109312,0.0020279402663373,0.0025118056360153,-0.0553598559199092,-0.0763058315096536,0.0435986088971327,0.1752074680517267
0,6.345931449514902e-05,0.0001578818121996,0.0002217157044883,0.0009126333563611,0.0014776330765364,0.0026060859561401,0.0041746362901555,-0.0513628486862404,-0.0538872953692939,0.0720305290634259,0.157358662776306
0,7.712820222128667e-05,0.000187444529269,0.0002682028865889,0.0004378588274457,0.001256144468691,0.0033064574577487,0.0051228001299616,-0.0435920570968476,0.0095895738002033,0.0680437712583047,0.0322741051849206
0,9.115037300062626e-05,0.0002234585707529,0.0003196123846196,6.494027441145638e-05,0.0015482896871768,0.0038963508390271,0.0051590994761755,-0.0309916535100123,0.0488394698969646,0.0499349049973668,-0.0250142359421438
0,0.0001099644262177,0.0002630941640808,0.000368510718842,9.166520162653336e-05,0.0022145209562445,0.0040307678265542,0.0046205673683058,0.0363366389530277,0.0844067839165787,-0.023051507491954,-0.0826921856317897
0,0.0001357527650218,0.0003010298368336,0.0004110315600943,0.0007920716192984,0.0029431468045835,0.0035563667240001,0.003883600882161,0.103744644581357,0.061318385751212,-0.0718287130188564,-0.0647011115971628
0,0.0001664414915989,0.0003320302696778,0.0004459724947349,0.0018259054472224,0.0031945985108372,0.0026437198448481,0.0031045860459649,0.1030221210034443,-0.0110280445004664,-0.1107006628115444,-0.0911018556420647
0,0.0001959397395882,0.0003542556183299,0.0004717416034599,0.0023665790857102,0.0027050510870143,0.0018013498855702,0.0020492356990317,0.0051126066941201,-0.0868814402641251,-0.0577733290440471,-0.1199682137445747
0,0.0002188577550068,0.0003694545083137,0.0004875295393233,0.0021854118859768,0.001878551996714,0.0012384281111811,0.0011083514736533,-0.0413460466408172,-0.0784183777959302,-0.0548110258337637,-0.0682086313311131
0,0.0002352877133583,0.0003791346737792,0.0004934809217658,0.0013592721257173,0.0014074396735846,0.0006976049819277,8.192501484046225e-05,-0.1238819054110827,-0.0158040868299534,-0.0533536000169057,-0.1370766604314573
0,0.0002479356813178,0.0003837639438604,0.0004879023110324,7.492538641865813e-05,0.0011221539183162,0.0002282490343159,-0.0011976471615237,-0.132987442448646,-0.0412530642237258,-0.04051758950547,-0.118837774841389
0,0.0002544958122909,0.0003830370791135,0.0004700630513845,-0.0008766073335007,0.000189872276302,-0.000373621983697,-0.0023702047680443,-0.0573191015352441,-0.1452032641791141,-0.0798566140971212,-0.1156737464627236
0,0.0002489279224828,0.0003735321515806,0.0004414282596418,-0.0012472905548903,-0.0013034502379302,-0.0015273635228828,-0.0033567535804979,-0.0168175427426614,-0.1534612386673503,-0.1508916937400492,-0.0816360160279931
0,0.0002290816167914,0.0003499289189097,0.0004043542527139,-0.0013358074728724,-0.0026658109003513,-0.0031932830112959,-0.004058047805096,-0.0008858408537646,-0.1190108938168686,-0.1822922039425558,-0.0586228288916327
0,0.0001973127096463,0.0003094193520845,0.0003617773624025,-0.0014473238258682,-0.0036879705286713,-0.004908630353752,-0.0044573302571697,-0.021417429745389,-0.0854210318471153,-0.1607772645486626,-0.0212336615231093
0,0.0001571196869027,0.0002532538821659,0.0003144281474469,-0.0019040569303338,-0.0043506340200312,-0.0063244636299691,-0.0050125127339483,-0.0699291911477302,-0.0471116664248805,-0.1223893906947648,-0.0898028338326109
0,0.000111409163639,0.0001868821813476,0.0002598473940515,-0.0023436894202315,-0.0047914706327082,-0.0069498765336868,-0.0059036379451504,-0.0179973068318204,-0.041055656110519,-0.0026931900487767,-0.0884222084078049
0,6.14546252799769e-05,0.0001196424671698,0.0001950291181881,-0.0023857201341283,-0.0051994370391149,-0.0064980663018796,-0.0070600172275176,0.0095911640524558,-0.0405376251708116,0.0930552364102157,-0.1428536480656407
0,1.0715770124460297e-05,5.9180294249138326e-05,0.0001196726038851,-0.0022958835975714,-0.0049483339919883,-0.0055943682822554,-0.0080112856330838,0.0083761432589279,0.0907582345961235,0.0876843675146295,-0.047400033047588
0,-3.233170939832725e-05,6.990527759083833e-06,3.976035939190758e-05,-0.0020758492487245,-0.0036611619125691,-0.0048435850157554,-0.0079711632655658,0.0356307265104499,0.1666761812877266,0.062472285785364,0.0554245065511712
0,-6.120832657669334e-05,-3.9332948825468914e-05,-3.431339492885797e-05,-0.0015428294654656,-0.002114161523104,-0.004421110301155,-0.0068435875985872,0.0709732301413364,0.1427238966052813,0.0220226571347122,0.1700906268445637
0,-7.778069328966221e-05,-8.070343907553891e-05,-9.36656395463578e-05,-0.0006478722989984,-0.0012003118194896,-0.0038529877488589,-0.0050268613249127,0.1080182031521071,0.0400460441175995,0.0916018533245212,0.1932546278903305
0,-8.92031115597161e-05,-0.000113386715825,-0.000133517605284,0.0001951178470744,-0.001084171834521,-0.0026836676010352,-0.0029435318226334,0.0605798260624735,-0.0168180471238811,0.1422621762402156,0.2234112725655362
0,-0.0001002749873993,-0.0001328413918284,-0.0001514053691358,0.0003656454176282,-0.0011302033334051,-0.0012072675996617,-0.0006340209477145,-0.0264743119517229,0.0076117473470697,0.1530178240344759,0.2384909024182312
0,-0.0001103315551414,-0.0001384226591395,-0.0001468784558091,-0.0002894452416014,-0.0008811102150203,9.101413745076403e-05,0.0015394036130525,-0.1045438198942108,0.0422068763298973,0.1066385233880315,0.1961940097351981
0,-0.0001156878345589,-0.0001315878626663,-0.0001233704720638,-0.0010772420391479,-0.0001901456684769,0.0012759451571966,0.0031621931360127,-0.0530155396150805,0.0959860329787812,0.1303476805611459,0.1283638948568301
0,-0.0001122147390418,-0.0001127756137483,-8.765395490138025e-05,-0.0011210697080511,0.0008847647718927,0.0024865046263944,0.0039811102964736,0.0442500058344254,0.1189960550951605,0.1117642132784209,0.0354195372353563
0,-9.790412699879808e-05,-8.36279849033314e-05,-4.800271042931033e-05,-0.0002621825210903,0.0019773576367238,0.0033430211426106,0.0039491385979403,0.1275274315577488,0.099522517871059,0.059539089964807,-0.0418138769420182
0,-7.45820114923378e-05,-4.888124598448099e-05,-1.1249767585739222e-05,0.0012864654193542,0.0026870654645681,0.0036063266411594,0.0034014499707738,0.1822021565311634,0.042419047697798,-0.0068779902550409,-0.0677238484912722
0,-4.646422292779604e-05,-1.5476393164233506e-05,1.973424641900433e-05,0.0026967454597453,0.0029364922483401,0.00307464392289,0.0027953528301748,0.0998538515470645,0.0074663090566039,-0.0994585533988422,-0.0534955796285395
0,-1.667615642815332e-05,1.088891371148587e-05,4.3392190232413386e-05,0.002890536485444,0.0030211210515883,0.0021984174522538,0.0019362359325069,-0.0610956464073275,0.0094594515930321,-0.0757867407283983,-0.1183277999050283
0,1.2826449670565434e-05,2.935104146725769e-05,5.750097575452741e-05,0.0019646831841151,0.0028794001681553,0.0014940080989005,0.0008855211719158,-0.1240750138584508,-0.0378036282796264,-0.0650951299422632,-0.0918151522132051
0,3.694984807636813e-05,4.069908265692213e-05,6.1005055907600045e-05,0.0005973143441158,0.0019452795130051,0.0007756001390323,-0.0001847051413012,-0.149398754141408,-0.1490205027504213,-0.0785864620313705,-0.1222301104302171
0,4.716036669885184e-05,4.3556498259030255e-05,5.288064105626635e-05,-0.0006238690866186,9.682421149159108e-05,-0.0002041170186107,-0.0014401778289654,-0.094837932005507,-0.2206705575522905,-0.1173569694972481,-0.1288644271026139
0,3.741863867401928e-05,3.550775564037615e-05,3.328678217956581e-05,-0.0012648322325255,-0.0020451698164581,-0.00140563150512,-0.0024785939463746,-0.0333546971758734,-0.2077282480376482,-0.1229459278046222,-0.0788187963792285
0,9.854685562283557e-06,1.4039215586790243e-05,5.0426701143138255e-06,-0.001699081485466,-0.003467620805889,-0.002888076505597,-0.0031702284666757,-0.0534951534122138,-0.0767619498485398,-0.1735430722907791,-0.0595081076809871
0,-2.615134221488846e-05,-2.3433029205423003e-05,-2.986115400159789e-05,-0.001911961282186,-0.0037335847495453,-0.0046063724528455,-0.0038105363565066,0.0109191940682106,0.0235691611172765,-0.1701161171589134,-0.0685534702851864
0,-6.279610524220387e-05,-7.619716354833323e-05,-7.279154527083554e-05,-0.0016364932598996,-0.0035953678559177,-0.0059464544157364,-0.0047755418973409,0.0441744103890622,0.0040742176082509,-0.0979002754192732,-0.1244476378816772
0,-9.852449652259272e-05,-0.0001378622355385,-0.0001278396758462,-0.0011595727941801,-0.00355031040016,-0.0063865599823063,-0.006234084217747,0.0512096827548518,0.0049372735432841,0.0098791621053057,-0.1672608261995509
0,-0.0001336032012549,-0.0001985779885091,-0.0001982783378028,-0.0009006090443121,-0.0034654305463185,-0.005756590611823,-0.0078536481735764,0.0005830672187455,0.0120386972250078,0.1161147119913597,-0.1566519649663262
0,-0.000165885330184,-0.0002505922901675,-0.0002818074164844,-0.0009236201633139,-0.0029909952394977,-0.0046462697198387,-0.0088521675627435,-0.0051852910191168,0.0828483641391516,0.1059494664054833,-0.0430519128670903
0,-0.0001920272068243,-0.0002939571664245,-0.000368212536734,-0.001108002690003,-0.0022373800885486,-0.0040267055315621,-0.0084288564871699,-0.0316912143187054,0.0678746660506686,0.0179633712498479,0.1277141279818112
0,-0.0002121973598172,-0.0003342521908506,-0.0004430959729198,-0.0012256779959886,-0.0017966505100464,-0.0040322993536575,-0.0065478307499932,0.0081561531215891,0.0202712496497816,-0.0190821356689343,0.2484910194535234
0,-0.0002294493935077,-0.0003746125305549,-0.0004965007859762,-0.0010875697082915,-0.0016537562280471,-0.0040397685872052,-0.0041331318612797,0.019465504417828,0.0083076067500784,0.0175882889593974,0.2344487582891752
0,-0.0002466295528309,-0.0004117950643833,-0.0005271928768282,-0.0008218941576639,-0.0017822756365852,-0.0033967381784817,-0.0020052863091315,0.0336696057076952,-0.0340114884576966,0.1110177927853095,0.1911203521404612
0,-0.0002652566639028,-0.0004384777490279,-0.00053859680903,-0.0006599181724312,-0.0019431465778076,-0.001939798750438,-0.0002755001312198,-0.0012744086611454,0.0018373002132216,0.1803700928234195,0.1548368834418914
0,-0.0002823992668259,-0.0004496250368268,-0.0005354832824925,-0.0006848413137314,-0.0014853740068131,-0.0002896588093389,0.000898205438726,-0.0037102195988955,0.0897172139856647,0.1496578953964118,0.079904230547285
0,-0.0002922292543377,-0.0004460386756261,-0.0005227150498528,-0.0006150762795903,-0.0004806234955441,0.0010069310494865,0.0016554410892138,0.0176632264271036,0.1112328882681397,0.1096600763686762,0.0715428995502692
0,-0.0002907999163566,-0.0004325654539959,-0.00050325843471,-0.0001616892909858,0.0007664910917677,0.0016877132765526,0.0022358819393386,0.0730141712938023,0.1381900291942401,0.0264963690445474,0.044545270474692
0,-0.000276954641307,-0.0004152425743715,-0.0004805374644143,0.0008068144713391,0.0020025639181477,0.001776862648326,0.0023083121198052,0.1206865811712049,0.1090245360817621,-0.0086664946898609,-0.0300592343813685
0,-0.0002529220706947,-0.0003990418411876,-0.0004596762709744,0.0018288224217188,0.0028039502043216,0.0014632839884539,0.0018639265681808,0.0837150089047334,0.051252721153016,-0.0540492372845573,-0.0588178759435151
0,-0.0002243170358086,-0.0003853947344424,-0.0004442815034489,0.0022236540341606,0.0029170567728931,0.0012661373605729,0.0012150269369022,-0.0047486864163739,-0.0286314074387243,0.0146199117083525,-0.0709620503122078
0,-0.0001997231758128,-0.0003718925120978,-0.0004344527758954,0.0016369374577188,0.0020017152262634,0.0014343071083547,0.0007507185738106,-0.1125946288719827,-0.1544369018872116,0.0190140378479939,-0.0218996223061072
0,-0.000187196935307,-0.0003576318898809,-0.0004269850396653,0.0004663111658603,0.0005035328748897,0.0014178173350196,0.0007428286722115,-0.1215306294997357,-0.1451995683875203,-0.0223119925149946,0.020321641986292
0,-0.000188750783523,-0.0003450211908237,-0.0004182492257284,-0.0008176370822303,-0.000814302518089,0.0011043224764332,0.001004334115156,-0.1352590201183997,-0.1183675102082366,-0.0403869792022876,0.0319794466026042
0,-0.0002010886420686,-0.0003369598124465,-0.0004085202998617,-0.0016927576338124,-0.0016532691910163,0.0005079531989878,0.000941451058185,-0.0397650901980185,-0.0494258243772321,-0.0788868762868066,-0.0445560579967973
0,-0.0002186512549289,-0.0003369129217639,-0.0004011281369758,-0.001673118877941,-0.0018592533810449,-0.000498575062452,0.0005369815190057,0.0436928413723078,0.0082289863715125,-0.1224187760011696,-0.0363378498390704
0,-0.0002353150731412,-0.0003485480503478,-0.0003989353636925,-0.0009356640936783,-0.0014735102614288,-0.0018284506543283,-9.842686235944664e-05,0.1037981154802349,0.0689196375517008,-0.1435563423740944,-0.0907438264339697
0,-0.0002477331797551,-0.0003711226144007,-0.0004059464874101,-0.0001849569555664,-0.0010101110613378,-0.0026864621562679,-0.0013037978811551,0.046343312142128,0.0237602024665109,-0.0280459580138122,-0.1503303773251798
0,-0.0002577505946764,-0.0003968557724308,-0.0004267753004261,0.0001499674575091,-0.0009933719229181,-0.002460169449751,-0.0028619647220502,0.020641570472999,-0.0204123747825784,0.0733044993171815,-0.1613029908538302
0,-0.0002686563355802,-0.0004178406678945,-0.0004622712582858,0.0001091619211534,-0.0011877762578407,-0.0017368096429801,-0.0042372268498726,-0.028802677744142,-0.0184684922019458,0.0713674620370081,-0.1137494347106504
0,-0.0002795509258705,-0.0004335322339632,-0.000506020722759,-0.0003326986124672,-0.0009911418002222,-0.0014015035707648,-0.0045126660447677,-0.0595694289800021,0.0577953837256453,-0.0043062475939513,0.0586615957316304
0,-0.0002868677398703,-0.0004491262208993,-0.0005455817238465,-0.000609529395673,-0.0004722209997535,-0.0017172938164405,-0.0033995341727461,0.004203272338861,0.0459887763680976,-0.0588518015411887,0.1639647786726879
0,-0.0002913530344917,-0.0004681514221472,-0.0005705530695686,-0.0003137045992686,-0.0004248379245141,-0.0020877464331478,-0.0015947349716738,0.0549616869420063,-0.03651216132022,-0.0152387218002703,0.196995061541771
0,-0.0002976515258832,-0.0004880045867363,-0.0005794266338029,0.0002088567207238,-0.0008348603537868,-0.0018828864846635,-0.0001799778751766,0.0495505770564929,-0.0454923245343192,0.0562107114971381,0.0859563577576652
0,-0.0003066175028177,-0.0005011856419802,-0.0005782012626767,0.0004248876379922,-0.0009583350331245,-0.000753324564121,0.0004250521004148,-0.0063443936028119,0.0207973886667772,0.1697016726113525,0.0350496373606364
0,-0.0003132654535607,-0.0005002544781418,-0.0005732606535066,4.467235946662568e-06,-0.0003712551154699,0.0009395573317984,0.0005630697336054,-0.0777396868063028,0.0966185948641513,0.1688747065725505,-0.0074461107225144
0,-0.0003109768212697,-0.000484471583092,-0.0005662389544158,-0.0005125916794782,0.0008289815736728,0.0022170216781662,0.0008412700845594,-0.0256720962786777,0.1434287429644173,0.0866181627010075,0.0630861809133174
0,-0.0002976830143086,-0.0004596389100938,-0.0005533764977209,-0.0003265660945802,0.0018297798185522,0.0027495129214741,0.0017312212544093,0.0628772132582722,0.0567309060114441,0.0198800859605778,0.1149040530566536
0,-0.0002771831310888,-0.0004317602877417,-0.0005299775146253,0.0005559805866343,0.0022701968253961,0.0028262115489468,0.0029485753647236,0.1136321229846523,0.0313524953573369,-0.004540360466038,0.1285667690062217
0,-0.0002537194372381,-0.0004031806865056,-0.0004965861344425,0.0015870865118593,0.0024225419447427,0.002889708698266,0.0037297006718215,0.0925890620603503,-0.0008834714879993,0.0172397903298752,0.0276582924133446
0,-0.0002288393746756,-0.0003739045590109,-0.000459103756409,0.002246325307049,0.0025534705677609,0.002965516800677,0.0037667749348918,0.0392586969775848,0.027069196091637,-0.002078169847684,-0.020243439799277
0,-0.000201743317726,-0.0003432395146234,-0.0004231246883641,0.002262771498851,0.0028657408221636,0.0031674920768202,0.003429038674086,-0.0359694586171753,0.0353848547889062,0.0424732250763274,-0.0473038123618882
0,-0.000170917081612,-0.0003087632027376,-0.0003914629888706,0.0018119337976781,0.0032995064006298,0.0037277703003364,0.0029033012246004,-0.0541980816174047,0.0513682609043276,0.0695824196269113,-0.0578436775352234
0,-0.0001360459310627,-0.0002676790440713,-0.0003638891209814,0.0013869424623575,0.0036747237092391,0.0044890614329289,0.0026114723532468,-0.0308001854467207,0.0236752008175279,0.0826758068915864,-0.0005220967355087
0,-0.0001004726773922,-0.0002211348071343,-0.0003357590048114,0.0011937540653715,0.0034399270248615,0.0048197859544612,0.0030145508807609,-0.0078374939504822,-0.0706345376930533,-0.0165309025851276,0.0811378022383286
0,-7.112239759203425e-05,-0.0001770360082673,-0.0003007777605125,0.001280089014892,0.0024301289351788,0.0039999738189468,0.0039816979790097,0.0251044838545912,-0.1313250802434814,-0.1474315245177407,0.1122916174114324
0,-5.235821560312084e-05,-0.0001455478478235,-0.0002565305990924,0.0011635535918841,0.0013227074626038,0.0022976582698183,0.0048677343050071,-0.0484115684561853,-0.0901592142715205,-0.1930315853079686,0.0649156477880489
0,-4.331678186254222e-05,-0.0001289419923635,-0.0002070953970826,0.0003675909950952,0.0004855792855118,0.0010235128221707,0.0050193060969665,-0.1107809509015829,-0.0772664211468689,-0.0617975042215449,-0.034601289396167
0,-4.115967497597744e-05,-0.0001191599877767,-0.0001619178000202,-0.0005864751230232,-5.415790819893163e-05,0.000932888095196,0.0040162133155126,-0.0800322727221196,-0.030681017595295,0.0436725588266121,-0.1660172668946185
0,-4.285423671953544e-05,-0.000107608823655,-0.0001307941023869,-0.0009720734726503,-0.0002847544405126,0.0013773447291388,0.0022085262111384,0.0029126027966992,-0.0154382888674523,0.0452187679619406,-0.1955201539802188
0,-4.575569608144047e-05,-9.312876237971096e-05,-0.0001185542235719,-0.0006766502223063,-0.0002955374318683,0.0015186675259303,0.000239449551855,0.056172047272103,0.0132816905963188,-0.016954208603642,-0.1982951778764515
0,-4.697883094663736e-05,-8.086610130615001e-05,-0.0001232810327701,7.428423530809049e-05,5.091045882895837e-05,0.0009338646887818,-0.0011848113914946,0.0940148442507794,0.05600788754314,-0.1000063588260627,-0.0865570107934956
0,-4.351519398288685e-05,-7.758404402514581e-05,-0.0001371115754483,0.0009033271397846,0.0006418169339211,-0.0002774532325809,-0.0015812971441433,0.0717937366445258,0.0621734074752968,-0.142257225446502,0.0072598602637665
0,-3.548106661915744e-05,-8.621487414009722e-05,-0.0001522297437721,0.0013300610049273,0.0009650085388247,-0.0014487127904092,-0.0014423365206197,0.0135530363840275,0.0024649135054224,-0.0919946861191572,0.0205322644409461
0,-2.8075955974716385e-05,-0.0001021844604769,-0.0001663171414602,0.0011435526111558,0.0005160135900634,-0.0017452044769669,-0.0013751430169817,-0.0508547151383347,-0.092263903257676,0.0326963488076281,-0.0070935637133498
0,-2.827430365577004e-05,-0.0001165709429825,-0.000180213147584,0.0002416221988677,-0.0005556831262742,-0.0011320920241406,-0.0014040582077895,-0.129531367319286,-0.1220754400098587,0.0899261417576385,0.0013105255518033
0,-3.8107921992651984e-05,-0.0001237198004749,-0.0001934128282424,-0.0011100815560845,-0.0014110405411021,-0.0002976794743462,-0.0012358779238789,-0.1408093836711784,-0.048996042955738,0.076956368201239,0.0323255312303086
0,-5.354667229456511e-05,-0.0001245033190206,-0.0002031847510107,-0.0021700488003928,-0.0016767095192804,0.0001409757652011,-0.0007185066297904,-0.0711840651904662,-0.0041377526799125,0.0107746797082268,0.0711487275873936
0,-6.927031606474284e-05,-0.0001248215925784,-0.0002057429511347,-0.0021410808359174,-0.0014680192347551,-0.0002046304767591,0.0002068666049816,0.0769776580855381,0.045875809584979,-0.0798959281002809,0.1139259193670214
0,-8.196024550650584e-05,-0.0001310717152759,-0.0001991216163447,-0.0010726132228583,-0.0010699666535974,-0.0010453940627329,0.0011174003530322,0.1367158645262813,0.0337347066465435,-0.0882567890944689,0.0681808302431032
0,-8.994880593558464e-05,-0.0001432538171887,-0.0001874791684211,0.0003137472603247,-0.0005277454322182,-0.0013910263198409,0.0012110892316868,0.1405562321103402,0.0747095376293019,0.0191303376728669,-0.0494430545121856
0,-9.06939090856476e-05,-0.0001536348473317,-0.0001796038636006,0.0012208651697057,0.0003787248022056,-0.000685179708746,0.0003639717324103,0.0408673497658479,0.1065845092554861,0.1220389845461023,-0.1199804453431152
0,-8.224194646710754e-05,-0.0001534081163408,-0.0001815937454056,0.0013940051741908,0.0013116677215023,0.0007305259069137,-0.000761948093408,-0.0062393488688149,0.0800040746038465,0.1611021385858654,-0.1052035198205726
0,-6.536704338759456e-05,-0.0001397706178996,-0.0001919498749809,0.0011792846664186,0.0020633128944002,0.0019969737813293,-0.0013092778216528,-0.0367047526856191,0.0703249599757378,0.0921874362972502,-0.0042624258283884
0,-4.232664048227965e-05,-0.0001180005001148,-0.000203597617673,0.000890594920185,0.0025447676866627,0.0023570497756289,-0.0010202707167646,-0.0210331965611194,0.0259659984767545,-0.0201722374373352,0.0620638468060279
0,-1.8336881272609645e-05,-9.626243580804474e-05,-0.0002084837579705,0.0007930273247183,0.0022531841552712,0.001990563085739,4.30426572624544e-05,0.0015196774677966,-0.0842827047550426,-0.0531251005406471,0.1505988279994026
0,6.830109951388188e-09,-7.904310394045762e-05,-0.0002010546592893,0.0009466415784204,0.0014155581212409,0.0014533032877784,0.0014427770789718,0.0292031732726081,-0.0832425020510283,-0.0543268590514739,0.1293480563424684
0,1.019905039947946e-05,-6.571998313885282e-05,-0.0001810034486497,0.0009249184366523,0.0006228859366646,0.0012113208725425,0.0025674650489468,-0.033547801626222,-0.075291934864219,0.0059303760043021,0.095589537652547
0,1.4020468962182275e-05,-5.155486786696608e-05,-0.000151487816778,0.0003758196331575,0.0001413977758758,0.0016217021818347,0.0033356613254018,-0.076271959072731,-0.0210056972935438,0.0761458858541476,0.0580497176384551
0,1.579017303084726e-05,-3.0442254160432678e-05,-0.0001166876363523,-0.0003048015529772,0.0002125430378571,0.0026008205594718,0.0036243747597382,-0.0598522781542446,0.0352347496897934,0.1196777896732687,-0.000307030771193
0,2.037716921976743e-05,-9.914492283613474e-07,-8.189920056505538e-05,-0.0005825182853698,0.0007048561999269,0.0032893404269423,0.0033333123977155,0.004308931675732,0.0632278827241644,0.0180261838208316,-0.0579054416333401
0,3.252534405650688e-05,3.115149729451957e-05,-5.263919228309374e-05,-3.674393031454773e-06,0.0017247787674209,0.0031392488776338,0.0025186892586767,0.1114598467919491,0.1407566307746489,-0.0480444936825482,-0.1050191861744114
0,5.473776786183884e-05,5.884516231506388e-05,-3.276632679664418e-05,0.0011144984521769,0.0027177059936454,0.002399484126475,0.0014558838386131,0.1121747222497266,0.0578288144702378,-0.0999084565491993,-0.1075418978383197
