x1,x2,x3,x4,v1,v2,v3,v4,a1,a2,a3,a4
0.0,0.0,0.0,0.0,0.0,0.0,0.0,0.0,-0.11973384221394856,-0.1907496452331543,-0.12767065048217774,0.058393543958663946
-6.358483831091743e-06,-9.123386829037658e-06,-6.242512025702946e-06,1.0963031448464302e-06,-0.0012716967662183484,-0.0018246773658075316,-0.0012485024051405891,0.00021926062896928604,-0.13460551102972113,-0.17418582792835202,-0.12202983054594008,-0.014541418164806738
-2.4072215168713128e-05,-3.3925146004216886e-05,-2.2507602909135397e-05,1.1129503678535668e-06,-0.002271049501305928,-0.003135674469228314,-0.002004515771545901,-0.00021593118436785875,-0.06526503598779482,-0.08801359275580445,-0.02917284273512233,-0.07249694450262222
-4.758068598104744e-05,-6.754186472506215e-05,-4.5484382789956505e-05,-6.246234686040592e-06,-0.0024306446611609346,-0.00358766927494074,-0.00259084020461832,-0.001255905826410973,0.033346004016793496,-0.0023853683866806863,-0.08809204387936154,-0.1354979839060006
-6.84227932305089e-05,-9.996674044973371e-05,-7.527581399811728e-05,-2.6201146275429407e-05,-0.0017377767887313562,-0.002897305869993572,-0.003367446037013835,-0.0027350764914667904,0.10522757046912218,0.14045804937611417,-0.06722912259974145,-0.16033614910516286
-7.999922311649998e-05,-0.00012298325335755606,-0.00011003731338152348,-6.075549365663337e-05,-0.0005775091884668616,-0.0017059967115708968,-0.003584853839667404,-0.004175792984774003,0.12682594958377674,0.0978037823084209,0.023747562069027728,-0.12780714955627964
-7.99737118601971e-05,-0.00013643233159181601,-0.00014284694381623775,-0.00010874689200808863,0.0005826114397274372,-0.000983818935281095,-0.00297707224727545,-0.005422486685517048,0.10519817605508303,0.04663177294953946,0.09780875640936304,-0.12153159059232949
-7.083682019931314e-05,-0.00014265436652970658,-0.0001690494674444097,-0.0001663884765158374,0.0012447668924493558,-0.0002605880522970174,-0.0022634324783589403,-0.006105830216032707,0.027232914489300708,0.09801440364727607,0.0449191973739389,-0.015137115510802268
-5.918860841669793e-05,-0.00014197980616503285,-0.00019113207038845334,-0.0002245500759572792,0.001084875464073686,0.00039550012523176356,-0.0021530881104497865,-0.0055264896722556555,-0.05921120016443465,0.03320323185848012,-0.022850323792108163,0.13100522426621258
-5.280918992563662e-05,-0.00013833504789373532,-0.0002135273536153362,-0.0002696900397278241,0.00019100823413857636,0.00033345152902774144,-0.0023259685349267876,-0.0035015030818533245,-0.11956224582258729,-0.04561295109928454,-0.011725761103292043,0.27399209381425366
-5.6518504877773374e-05,-0.00013962483275865644,-0.00023478483299317637,-0.0002921541162091433,-0.000932871224565927,-0.000591408502011966,-0.0019255273406412446,-0.0009913122144105148,-0.10521364591831339,-0.13935905510865695,0.09181399996040063,0.2280460796743083
-6.922131544107027e-05,-0.0001516958829738425,-0.0002491750726033119,-0.0002920366761815289,-0.0016076908880934522,-0.0018228015410252474,-0.0009525205813858609,0.0010148002199333924,-0.02975028678719166,-0.10691955269399933,0.10278735189067612,0.17317640719447314
-8.501658697698136e-05,-0.00017255812577373288,-0.0002542844847168921,-0.000276447461300269,-0.001551363419088765,-0.0023496470189528274,-6.936184133017544e-05,0.0021030427563185896,0.0410157805881291,0.0015504571084833385,0.07384439612046098,0.0444721000825663
-9.727302537608477e-05,-0.00019275202792298074,-0.000251769265989739,-0.000254777872883354,-0.0008999242607319165,-0.0016891334108967444,0.0005724055867607875,0.002230874927064411,0.0892720510832406,0.13055226450273327,0.054509089497731616,-0.01890566593340204
-0.00010187136168130248,-0.00020108659449851425,-0.0002437180105795332,-0.00023508125391944924,-1.974300031162531e-05,2.222009579004201e-05,0.0010378454952803744,0.0017084488657165436,0.08676420100081764,0.211718436834624,0.038578892206185766,-0.08557954633617137
-9.690752916147866e-05,-0.00019055866015737534,-0.00023201206976930763,-0.0002218277332158362,0.0010125095042763889,0.00208336677243774,0.0013033426667647414,0.0009422552750060624,0.11968629991678517,0.20051089849491566,0.01452054209068765,-0.06765917180592484
-8.206002799574981e-05,-0.0001619833923549192,-0.00021680039859218087,-0.0002154559765490018,0.0019569907288693802,0.0036316867880534865,0.0017389915686606113,0.0003320960583608197,0.06920994500181313,0.10915310462823358,0.07260923828848631,-0.054372671523123695
-5.997109272082122e-05,-0.0001232604863823867,-0.00019500328984776142,-0.00021158673438261607,0.0024607963261163383,0.0041128944064530186,0.0026204301802232773,0.0004417523749163254,0.03155117444757846,-0.012911580948327228,0.10367848402404689,0.07630393483422485
-3.579770672906285e-05,-8.526445877998228e-05,-0.0001649601310125844,-0.00020194175216013544,0.0023738808722353366,0.0034863111140278616,0.003388201586812128,0.0014872440695798002,-0.04893426522377883,-0.11240507753670415,0.04987579729372327,0.1327944040984701
-1.614950805721002e-05,-5.6073776247875206e-05,-0.00012989510771286108,-0.00017873907585492553,0.001555758862135229,0.0023518253923935544,0.003624803073132536,0.003153291191462182,-0.11469013679624265,-0.11449206679015733,-0.0025555000296416663,0.20041502027800628
-6.600434839388297e-06,-3.680779185607662e-05,-9.477488347437555e-05,-0.0001361899341448997,0.00035405578142911503,0.0015013714859661623,0.0033992417745645704,0.005356537150542985,-0.12565047934498016,-0.055598714495321055,-0.04255675968395145,0.2402341715381543
-7.721217572794868e-06,-2.4417344514258542e-05,-6.283329813890328e-05,-7.353248008026006e-05,-0.0005782123281104292,0.0009767179823974537,0.002989075292529883,0.007174953662384941,-0.06080314256292868,-0.049331986218420665,-0.03947653672298601,0.1234491308302369
-1.4538105951550532e-05,-1.6067406217143162e-05,-3.320076078612715e-05,-1.1052172231962181e-07,-0.0007851653476407038,0.0006932696770256222,0.0029374321780253425,0.007509438009203147,0.019412538656873757,-0.007357674855945628,0.02914791382207793,-0.05655226146659553
-2.010703928005127e-05,-9.07082128755322e-06,-1.9946089588184244e-06,6.897084454269428e-05,-0.0003286213180594438,0.0007060473088923661,0.0033037981874364025,0.0063068352437996335,0.07189626725937823,0.0099132012292944,0.04412528806013405,-0.1839682916141071
-1.9233815255234845e-05,-3.522926542099291e-07,3.2232982979541384e-05,0.00012135801890528263,0.0005032661230227288,0.0010376584177762924,0.003541720200235559,0.004170599628718035,0.0944812209570563,0.05640902054749086,0.003459114499697269,-0.24327883140221263
-1.0494327316725849e-05,1.4185823157439446e-05,6.568940017480393e-05,0.00015067743840818407,0.0012446314646790706,0.0018699647445535824,0.0031495632388169486,0.0016932842718622543,0.053791847374212054,0.11005224480796716,-0.08189050678341936,-0.25218423996894346
3.592302641903984e-06,3.7892091488730683e-05,9.158261560763786e-05,0.0001567726700107551,0.0015726945270468963,0.0028712889217046653,0.002029079847749838,-0.00047423795134804653,0.011820765099353092,0.0902125906222494,-0.1422061714300028,-0.18132020467311666
1.8724942956136794e-05,6.756186022394374e-05,0.00010412800174603386,0.00014523033502280674,0.0014538335357996658,0.003062664825337945,0.00047999737992936316,-0.0018342290462416277,-0.03559296334879919,-0.05193740989559348,-0.1676103221340921,-0.09067801430559957
3.1366052336999945e-05,9.327723793833777e-05,0.00010241065331141079,0.00012515449574003357,0.001074388340372965,0.0020804107175408613,-0.0008234670668539773,-0.002180938810313007,-0.04029607573654098,-0.14451341166382325,-0.09308256722257596,0.021336061491323666
3.966835620855916e-05,0.00010559775712360838,9.18245365257705e-05,0.00010603652113692104,0.0005860724339388774,0.00038369311951326067,-0.0012937562902740809,-0.0016426561103094987,-0.05736710555027652,-0.19483010794169686,-0.0009752774614447679,0.08632047850937802
4.1854955988194466e-05,9.974010165555387e-05,7.967935094781525e-05,9.472040171624205e-05,-0.0001487524780118156,-0.0015552242131241642,-0.0011352808253169693,-0.0006205677738262997,-0.08959787683986209,-0.1929533585857881,0.03267037045286708,0.11809718878726178
3.5710687068687414e-05,7.675595223952972e-05,6.961819054310083e-05,9.338087564730621e-05,-0.0010801013058895949,-0.0030416056700806647,-0.0008769512556259156,0.00035266256003913356,-0.09667188873569374,-0.10432293280551197,0.018995543485343658,0.07654887798582488
2.0752789673295484e-05,4.5455542865735726e-05,6.119497348842763e-05,9.846006439406577e-05,-0.0019114781731887913,-0.0032184762046781334,-0.0008076921553087236,0.0006631751893127766,-0.06960348472414554,0.06894882588601825,-0.005143723421905277,-0.014446352131096268
2.865095507362125e-07,1.9312232922479123e-05,5.215283304864648e-05,0.00010210678733609035,-0.002181777851323062,-0.0020101857839731874,-0.001000735932647506,6.616939909214121e-05,0.01554354909729136,0.17270925825497097,-0.03346503204585122,-0.1049548059130308
-1.7959557700052716e-05,7.423101673438317e-06,4.1576257892408414e-05,9.807843431136577e-05,-0.001467435598834724,-0.0003676404658349735,-0.0011145790986001073,-0.000871840004037059,0.12732490140037625,0.1557998053726718,0.010696398855330969,-0.08264707471280924
-2.5523687881004158e-05,1.0325351701123135e-05,3.229017372978016e-05,8.597749071324067e-05,-4.539043735556428e-05,0.0009480904713719371,-0.0007426377339255434,-0.0015483487155879612,0.15708413089545567,0.10734638206871033,0.06369187407958182,-0.052654667597371196
-1.9183595853758402e-05,2.2869369630151503e-05,2.8884414192159737e-05,6.990073838860439e-05,0.0013134088428047154,0.0015607131144337364,6.1485826401459e-05,-0.0016670017493392937,0.11467572513660027,0.015178146543649518,0.09713283798581865,0.028924060847104693
-2.4545952334867324e-06,3.852599452406906e-05,3.381170598853352e-05,5.5545628039047706e-05,0.002032391281249619,0.0015706118643497755,0.000923972532873298,-0.0012040203205720425,0.029120762552380414,-0.013198396560441694,0.07536450330854916,0.06367222490634555
1.7188816368519865e-05,5.453782734218678e-05,4.509416416337101e-05,4.9212121401839254e-05,0.0018962910391517008,0.0016317546992737685,0.0013325191020942002,-6.268100686964806e-05,-0.056340810971964,0.025426963545240266,0.006344810535631296,0.16459563783413333
3.2759163201330274e-05,7.166909085569906e-05,5.757813452541036e-05,5.635983896412214e-05,0.001217778327410381,0.0017944980034286866,0.0011642749703136693,0.001492224519326225,-0.07936173137629995,0.007121697285743356,-0.03999363689173746,0.14638546740504127
4.1468434745232595e-05,8.842395699559458e-05,6.868116658308277e-05,7.740105785097187e-05,0.0005240759813700832,0.001556475224550417,0.001056331441220812,0.002716019258043721,-0.05937873783175959,-0.05472625306139728,0.018404931073165987,0.098373480338458
4.402520005132667e-05,0.00010045328367784494,8.055371734485425e-05,0.00010771550874453876,-1.2722920151267522e-05,0.0008493901118996546,0.0013181787111334854,0.0033468709206696573,-0.04798104247251056,-0.0866907694687552,0.03396452290936869,0.02779685218672928
4.180927591478568e-05,0.00010406694220022019,9.625781954083344e-05,0.00013948950407081384,-0.0004304619071569309,-0.00012665840742460358,0.0018226417280623524,0.0030079281445853584,-0.035566754928622116,-0.10851893439609642,0.06692808047640475,-0.09558540740358906
3.6224985533803814e-05,0.00010006106252704922,0.00011614202843814688,0.00016269853182326652,-0.0006863961690394424,-0.0006745175272095915,0.002154200051400336,0.0016338774059051775,-0.01562009744788019,-0.001052889560901174,-0.0006164158088080018,-0.17922474033244712
2.994239042386545e-05,9.4775376204397e-05,0.0001351850759722587,0.00017100282700874736,-0.0005701228529482305,-0.0003826197373208527,0.0016544094554220255,2.698163119099089e-05,0.03887476066612257,0.059432447538648944,-0.09934170338685411,-0.1421544146103902
2.681122561989204e-05,9.439098541474971e-05,0.00014476623089609218,0.00016656496736005806,-5.6110107846451445e-05,0.0003057415793913968,0.000261821529344672,-0.0009145535609288498,0.06392778835423325,0.07823981580380095,-0.1791758818286166,-0.04615262381357796
2.9444323101806945e-05,0.00010001647517990798,0.00013928541755687377,0.0001552055665902481,0.0005827296042294325,0.0008193563736402566,-0.0013579841971883546,-0.001357326593033141,0.06384015406094352,0.024483143045971018,-0.1447852634779887,-0.042401982607280314
3.830888769746615e-05,0.00010645898623394301,0.00012071908921485727,0.0001393836800635544,0.001190183314902409,0.0004691458371667496,-0.0023552814712149445,-0.0018070507123055988,0.057650588073651796,-0.09452525034067241,-0.05467419132732931,-0.047542841247211226
5.0719533735517704e-05,0.00010504748736784901,9.66722680297157e-05,0.00011781393743312752,0.0012919458927079012,-0.0007514456103855495,-0.002454082765813369,-0.002506897813779779,-0.03729807251255339,-0.14959303916978742,0.0349139324076444,-0.09242657904762483
5.9108751445708843e-05,9.190825990849601e-05,7.452285461895499e-05,8.930521439942214e-05,0.00038589764933032677,-0.0018763998814850507,-0.001975799916338773,-0.0031948467929612976,-0.14391157616296146,-0.07539781505011281,0.06074263748727482,-0.04516321678867888
5.5306681876398365e-05,7.128495629497527e-05,5.6715839934462424e-05,5.709915374160051e-05,-0.0011463115631924225,-0.002248260841219097,-0.001585603020559741,-0.0032463653386030277,-0.1625302663415884,0.0010256231033034802,0.017296741668531568,0.034859507660332884
3.7930235547610914e-05,4.9681781357865644e-05,4.073384101352521e-05,2.847654143725101e-05,-0.0023289777025650676,-0.0020723741462028286,-0.0016107967636277015,-0.002478157122266872,-0.07400296153294061,0.034151715899950225,-0.02233549028212367,0.11878213560689829
1.4303797507019818e-05,3.024554177243767e-05,2.29962875884487e-05,9.223534678141103e-06,-0.0023963099055531517,-0.0018148737708827663,-0.0019367139213876006,-0.0013724442295551097,0.0605365209353238,0.017348359164062216,-0.04284794126985614,0.10236044293545413
-4.233788993878502e-06,1.2645732464805067e-05,3.421592729534597e-06,2.0448013831852408e-07,-0.0013112073946265122,-0.0017050880906437534,-0.0019782250503952202,-0.000431366678409406,0.15648398125000407,0.0046087768837403675,0.03454571546833218,0.08585506729368661
-9.587429857745388e-06,-3.821580661484757e-06,-1.2790904194210663e-05,-1.4490616014180967e-06,0.0002404792218531353,-0.0015883745346142114,-0.0012642743343538314,0.00010065833046208185,0.15385334204592543,0.018733934322167994,0.10824442773994558,0.02054993448061096
-1.8399902108295189e-06,-1.5956126989607094e-05,-2.0304118329974146e-05,-7.39331998382023e-07,0.0013090087075300386,-0.000838534731010256,-0.00023836849279886517,4.128759014513291e-05,0.05985255508945525,0.1312340263986231,0.09693674057104767,-0.03242408254400075
1.1325032471166607e-05,-1.5813968304485418e-05,-1.9068612592637117e-05,2.822017046180076e-07,0.001323995828869187,0.0008669664680345912,0.0004854696402662711,0.0001630191504548732,-0.05685513082162558,0.2098662134103463,0.047830886041979576,0.05677039460594881
2.0576549176527297e-05,1.3664610832021113e-07,-1.0270979218017085e-05,5.902722549210119e-06,0.0005263075122029509,0.0023231564145265345,0.0012740570346577353,0.000961085018463549,-0.10268253251162163,0.08137177588804231,0.10988659283631325,0.10284277899578635
2.25976762204132e-05,2.519247020232598e-05,8.884903065652755e-06,2.050258212947126e-05,-0.00012208210342577047,0.0026880084042746194,0.0025571194220762317,0.001958886897588679,-0.02699539061412265,-0.008401377938425297,0.14672588464738606,0.09671759682923965
2.2446202628054033e-05,4.962396994119297e-05,4.1182871780207024e-05,4.4681273960432425e-05,9.178738495393732e-05,0.0021982915434987788,0.0039024743208346223,0.002876851468603554,0.06976928829006421,-0.08954199421674283,0.12234509510429209,0.08687531737373531
2.7235962219255973e-05,6.826094641922709e-05,8.313036249844731e-05,7.893734746235298e-05,0.0008661645332864507,0.0015291037521080442,0.004487023822813435,0.003974363231780556,0.08510614137643846,-0.044295564061404086,-0.005435194708529545,0.1326270352616652
3.853903346217586e-05,8.326288979277927e-05,0.0001261370445598103,0.00012453196908155962,0.0013944497152975264,0.0014712849226023923,0.004114312589459165,0.005144561092060772,0.020550895025776672,0.03273179816027369,-0.06910705196232453,0.1014125367943779
5.190254153671192e-05,0.00010079839078103566,0.00016328332504439902,0.00017916950431112155,0.0012782518996096862,0.002035815275048885,0.0033149435074585763,0.005782945953851616,-0.0437904581633447,0.08017427232902488,-0.09076676443779313,0.026264435563790878
6.18858913780019e-05,0.00012418966191812182,0.00019347916539246354,0.00023630607280592674,0.0007184180686483086,0.002642438952368348,0.002724224562154328,0.005644367745109421,-0.06817630802893082,0.04115046313486767,-0.027377024623056523,-0.05398007731222987
6.733276187858252e-05,0.00015056412075421338,0.00022094803751620867,0.00028755883269747547,0.00037095603146781623,0.002632452814849964,0.002769549862594698,0.004606184233200325,-0.001316099407167648,-0.043147690638544484,0.036442084711130474,-0.15365662506958944
7.119406338424731e-05,0.00017334773238609813,0.00025091705930218813,0.00032445227724137285,0.0004013042696651419,0.001924269511526986,0.003224254494601193,0.002772504675579152,0.007385747046632779,-0.09848897002605109,0.054498841690168554,-0.21307928645464513
7.632777238012468e-05,0.00018875880829733534,0.0002825497761847703,0.00034363338641177897,0.0006254375295103317,0.0011579456707204552,0.003102288881915244,0.0010637171585020713,0.03744090492240518,-0.0547757981352551,-0.07889196422735839,-0.12867821696077097
8.358635851549376e-05,0.00019838107149988606,0.0003064625786218581,0.0003485649831184129,0.0008262796975634856,0.0007665069697896892,0.0016802716055023088,-7.739781717528522e-05,0.0027275286882255945,-0.0235119420508981,-0.20551149105522865,-0.09954477817470034
9.11125247578389e-05,0.000204871406921067,0.000312808558426325,0.00034461153819239997,0.0006789535509055413,0.0005315601144464968,-0.00041107564460892104,-0.0007132911680272994,-0.032192758019814444,-0.023477429017740387,-0.21275795896701727,-0.027633891995702514
9.616313175402985e-05,0.00020796232524477484,0.00030080240130200315,0.00033483964353697704,0.00033116784833264984,8.662355029507267e-05,-0.001990155780255451,-0.0012410877630572867,-0.03736438249476384,-0.06550988381254444,-0.10305806816228874,-0.07792542701029495
9.738602997349431e-05,0.00020374640993788917,0.0002789366542188243,0.00031607831713708045,-8.658820443975768e-05,-0.0009298066116722055,-0.002382993636380315,-0.002511177516922032,-0.04618682805971766,-0.13777614858091117,0.02449049693731592,-0.17609252376265402
9.322965766634613e-05,0.0001881295172380743,0.0002556373293084175,0.0002826525534514074,-0.0007446862569898791,-0.0021935719282907694,-0.0022768713457010452,-0.0041739752202125755,-0.08543278245030664,-0.11497691474280161,-0.003266038801461979,-0.15646701689545475
8.161839053494401e-05,0.00016176627577330692,0.00023075770055499056,0.00023647394716376738,-0.0015775671692905445,-0.003079076364662705,-0.002699054404984346,-0.005061746037315432,-0.08114340000982642,-0.0621239725315855,-0.0811705730551982,-0.021087146525116535
6.367811428251327e-05,0.0001296221814849245,0.0001982110719809441,0.0001862840063201459,-0.0020104880811956044,-0.0033497424930137797,-0.0038102713098249457,-0.004976242131408864,-0.005440782371185532,0.007990746861370551,-0.1410728079129217,0.038187927706430064
4.4134870861499966e-05,9.79459376053538e-05,0.0001545454844357803,0.0001382615667644595,-0.001898160603007057,-0.0029855062829003596,-0.004922846199207815,-0.0046282457797284125,0.02790627800889503,0.06485649516131345,-0.08144216996365211,0.031411342629660305
2.7411903959883746e-05,7.059604882543152e-05,0.00010406071706907707,9.434073989931924e-05,-0.0014464327773161872,-0.0024844714730840965,-0.005174107274132832,-0.00415591959329964,0.0624392871292789,0.03535046680193918,0.031189954978648793,0.0630538946560941
1.5638055556391317e-05,4.591700256691829e-05,5.623283199836919e-05,5.4517647213618765e-05,-0.0009083369033822985,-0.002451337778618549,-0.004391469740008742,-0.0038086989438404547,0.045179887657498835,-0.028723727908829683,0.12533755184616918,0.00639023523574303
8.619714398509865e-06,2.1251901246262786e-05,1.887777732912142e-05,1.64673784017748e-05,-0.0004953313281939918,-0.0024816824855125523,-0.003079541193840813,-0.0038013548185283383,0.037421227380162486,0.02265478653002903,0.13704815738741655,-0.004921410173319735
4.353514273405598e-06,-2.344990809520037e-06,-6.03808939485006e-06,-2.181290203033712e-05,-0.00035790869682686177,-0.002237695925644013,-0.0019036321509534827,-0.003854701267894046,-0.009936701106736473,0.026142525443678816,0.09813365119004952,-0.005747879699821795
-1.1090332679732933e-06,-2.1513898553387037e-05,-2.1933114801730054e-05,-5.940387320844312e-05,-0.0007346008114489165,-0.0015960856231293865,-0.001275372930422516,-0.003663492967727155,-0.06540172181767448,0.10217953505924646,0.027518192916143824,0.04398953973319994
-9.772482991251395e-06,-3.2233765805771235e-05,-3.392600453252694e-05,-9.184849546388852e-05,-0.0009980891332067037,-0.0005478878273474533,-0.0011232050157368614,-0.0028254314833619258,0.012704057466117052,0.1074600240971402,0.0029153900209871186,0.12362275713984586
-1.763684039205189e-05,-3.2439538694591314e-05,-4.4982103611841855e-05,-0.00011154711034498416,-0.0005747823469533954,0.0005067332495834376,-0.0010880148001261212,-0.0011142914928572016,0.0719572997845446,0.10346419128903797,0.004122653101160945,0.21860524096109898
-1.8582348186924177e-05,-2.4568594050194994e-05,-5.375084506479289e-05,-0.00011164331445063978,0.00038568078797893786,0.0010674556792958263,-0.0006657334904640855,0.0010950506717260786,0.12013532720192205,0.008680294653439807,0.08033360883124618,0.22326319195555702
-9.287614271327893e-06,-1.547938377706744e-05,-5.4207389331247395e-05,-9.290118707842394e-05,0.0014732659951403192,0.0007503863753296845,0.000574424637173184,0.002653374802717088,0.09738171423035419,-0.07209415544666817,0.16769801669620774,0.08840163424264488
7.258474997145637e-06,-9.046766447747474e-06,-4.011523927321526e-05,-6.376041380117495e-05,0.0018359518585543866,0.0005361370905343089,0.0022440053744332434,0.00317477985273271,-0.024844541547540733,0.02924429848759305,0.16621813075580408,0.015879375760479514
2.33643787240902e-05,-3.564101841561975e-07,-1.1685208063887612e-05,-3.205945541129771e-05,0.0013852288868345258,0.0012019341621839466,0.0034420008674322868,0.003165411825242739,-0.06530005279643142,0.10391511584233448,0.07338096784400458,-0.017752981258473716
3.385238003727143e-05,1.769877907151898e-05,2.314126117599884e-05,-1.4513280462304568e-06,0.0007123713758017197,0.002409103688951089,0.003523292980545003,0.0029562136477707104,-0.0692714494101298,0.13751878951109398,-0.05712254522146129,-0.02408665423593201
3.886688133998922e-05,4.698536370424852e-05,5.543432152069035e-05,2.7089234446909953e-05,0.0002905288847418385,0.003448213237594819,0.0029353190883933,0.002751898850857372,-0.015097048801846424,0.07030312021765206,-0.06047223320887932,-0.0167763051467357
4.2091700967780654e-05,8.070486215520776e-05,8.294801135346224e-05,5.38599766298333e-05,0.00035443504081644826,0.0032956864525970284,0.0025674188781610787,0.002602249585727297,0.02787828001676837,-0.1008084772172102,-0.013107808837564988,-0.013153547879279331
4.6762395650724454e-05,0.00010646155198536289,0.00010840559379389181,7.90653574860422e-05,0.0005797038957723118,0.0018556515134339976,0.002524097609924836,0.0024388265855144827,0.017175490974404323,-0.18719851061539594,0.004443555190316445,-0.019531052163283574
5.243411785798298e-05,0.00011656652366257811,0.00013188359298336015,0.00010137166425956765,0.000554640545679394,0.00016534282200904651,0.0021715022279688322,0.002022434769190609,-0.02218816099298787,-0.15086322766959426,-0.07496263158151714,-0.0637473111014912
5.6906056450368015e-05,0.00011352639744154595,0.00014915611233394223,0.00011912575085117713,0.0003397471727976124,-0.0007733680662154784,0.0012830016421475831,0.0015283825491312856,-0.020790513583368447,-0.036878949975310715,-0.10273748558273268,-0.03506313291037347
5.84854658365932e-05,0.00010654969844692508,0.0001557116080664594,0.0001332280070639966,-2.3865295552575987e-05,-0.0006219717327086965,2.809750435585237e-05,0.0012920686934326084,-0.05193198008666923,0.0671582166766671,-0.14824334197561348,-0.012199638229361959
5.592468022149285e-05,0.00010301913269850283,0.00014943891324889732,0.00014333613571411774,-0.0004882918274674935,-8.414141697575279e-05,-0.0012826364678682693,0.0007295570365916209,-0.04095332629631426,0.04040784646992163,-0.11390345246921083,-0.10030269313883552
4.9266906889899195e-05,0.00010278199885237266,0.00013485528771626983,0.00014374313535154545,-0.0008432628388512376,3.671464774971788e-05,-0.0016340886386572294,-0.0006481571091060796,-0.03004087598043456,-0.016236633524827494,0.04361301831141881,-0.17524013600070457
4.103281598896226e-05,0.00010120033504026081,0.0001229164637739658,0.00012977523751642222,-0.0008035553413361494,-0.0003530474101720865,-0.0007536761498035756,-0.002145422457918567,0.03798237548345221,-0.061715778059533384,0.13246947945931195,-0.1242129337617929
3.533370128268722e-05,9.425882794687542e-05,0.00011843280032076885,0.00010509775476207767,-0.00033626759991885934,-0.0010352540085049912,-0.00014305654083581506,-0.0027900740929503436,0.0554751728000058,-0.07472554160704759,-0.010345557665759841,-0.004717393244562412
3.3011935690835034e-05,8.213778700547619e-05,0.00011376134112320236,7.810907635999826e-05,-0.00012808551845157717,-0.0013889541797748564,-0.0007912352986774843,-0.002607661587465538,-0.013838756506549366,0.003985507353074513,-0.119290193902574,0.041199894341523574
3.10707709339598e-05,6.990817878028343e-05,9.969082241237722e-05,5.602279994139445e-05,-0.00026014743292347025,-0.0010569674652636943,-0.0020228684434875437,-0.0018095936962552244,-0.01257362638782926,0.06241183554915791,-0.12703643505943785,0.11841368390053911
2.8025243281383506e-05,6.069779368995369e-05,7.61229139477586e-05,4.3422641834484465e-05,-0.00034895809759178786,-0.0007851095528022543,-0.002690713249436181,-0.0007104379251267722,-0.005188506545834262,-0.008040253056869895,-0.00653252613028954,0.10141747032515133
2.3619345818785167e-05,5.1182756634495156e-05,5.1131199688874196e-05,3.815331061190111e-05,-0.00053222139492788,-0.0011178978582894528,-0.002307629602340699,-0.00034342831938989914,-0.03146415292138417,-0.05851740804056982,0.0831492555493859,-0.02801554917777671
1.7660940559104356e-05,3.845038807545937e-05,3.259781922464734e-05,3.211216897404679e-05,-0.0006594596570082819,-0.0014285758535177052,-0.0013990464905046722,-0.0008648000081809641,0.006016500505303793,-0.003618191005080651,0.09856736681781941,-0.0762587885804363
1.1308013916139334e-05,2.4727260708443548e-05,2.204873786776694e-05,1.9740145984377436e-05,-0.0006111256715847224,-0.0013160496198854588,-0.0007107697808714082,-0.001609604589752907,0.003650296579408116,0.02612343773152992,0.039087975108833384,-0.07270212773395227
5.477931615432491e-06,1.3520659976557673e-05,1.5626487577016653e-05,6.059360208287304e-07,-0.0005548907885566462,-0.0009252705264917161,-0.0005736802772786494,-0.002217237402956834,0.007596680026207128,0.052032380947218626,-0.011670074390281615,-0.048824434906833164
3.301886159411033e-07,6.087346811309335e-06,7.354469474002735e-06,-2.2119012608566212e-05,-0.00047465781134163127,-0.0005613921065579517,-0.0010807233433241343,-0.0023277523229221545,0.008449915416795864,0.020743303039534255,-0.08973853881881538,0.026721450913769068
-3.712315875047483e-06,3.899941529521308e-07,-7.517625077788295e-06,-4.297709963622261e-05,-0.000333843086856086,-0.0005780784251134893,-0.0018936955670340715,-0.0018438650826091256,0.019713029480313185,-0.024080566750641796,-0.07285590592317204,0.07005599714883673
-6.811656414139794e-06,-7.437306180037846e-06,-2.8332339486314368e-05,-5.935055851876297e-05,-0.0002860250209623763,-0.000987381641484506,-0.0022692473146711427,-0.0014308266938989466,-0.010149416301571235,-0.05778007652356154,-0.0022544436042422067,0.012551680593199083
-1.039449154410879e-05,-2.048624661381854e-05,-5.098413351444643e-05,-7.426213332998121e-05,-0.000430542005031423,-0.0016224064452716323,-0.0022611114909552696,-0.0015514882683447017,-0.018753980512238103,-0.06922488423386375,0.0038816083474167984,-0.0366839954823501
-1.6146429417532827e-05,-3.980650304775183e-05,-7.262783303388255e-05,-9.239842265713204e-05,-0.0007198455696533845,-0.0022416448415150253,-0.002067628412931954,-0.0020757695970854625,-0.03910673241215419,-0.05462279501481482,0.03481500725724629,-0.06817227026580211
-2.5335685442489647e-05,-6.348757637973105e-05,-9.300831048421648e-05,-0.00011607468549919707,-0.0011180056353379797,-0.002494569824880819,-0.0020084670771348314,-0.0026594829713275435,-0.04052528072476484,0.004037798341656074,-0.022982740097821752,-0.04857040458261405
-3.784036695606912e-05,-8.70607163821754e-05,-0.00011464606461158248,-0.00014442676374551555,-0.0013829306673779147,-0.002220058175608052,-0.0023190837483383696,-0.0030109326779361534,-0.012459725683222136,0.05086453151289727,-0.03914059414288584,-0.021719536739107898
-5.060583580588245e-05,-0.0001072142513224868,-0.00013950076209379717,-0.00017395850293439174,-0.0011701631025847516,-0.0018106488124542256,-0.002651855748104568,-0.0028954151598390853,0.05501323864185477,0.031017341117868025,-0.02741380581035391,0.0448230403585215
-5.990476552829465e-05,-0.0001244005160660743,-0.00016548034018522411,-0.00019994965655536757,-0.0006896228418976887,-0.0016266041362632759,-0.0025440598701808215,-0.0023028155643560807,0.04109481349555781,0.00579159412032193,0.0489729813951032,0.07369687873807937
-6.462691427888632e-05,-0.00014013958277534166,-0.00018781927977294644,-0.00022049506080289415,-0.0002548069082206456,-0.001521209205590197,-0.0019237280473636438,-0.0018062652851492352,0.04586837323985081,0.015287392014293855,0.07509338316833236,0.025613177103289725
-6.562740883340878e-05,-0.00015339441436781022,-0.00020305783370491893,-0.00023678886838047463,5.470799731615493e-05,-0.0011297571129035148,-0.0011239827390308555,-0.0014524962303668605,0.016034607867509293,0.06300302652304257,0.08485567849822528,0.0451406338531852
-6.514360551446115e-05,-0.00016087978882428573,-0.00021039556778573422,-0.00024837946249799445,4.2052666473371544e-05,-0.00036731777839158766,-0.00034356407713220165,-0.0008656225931371029,-0.01856567403606597,0.08948484037934284,0.0712280538815055,0.07223409359276631
-6.554798863150803e-05,-0.00016005222477199232,-0.00021014692997341675,-0.0002533680096853776,-0.00012292928988274777,0.0005328305888502693,0.00039329163959569665,-0.00013208684433953157,-0.014430717235157892,0.09054483306902855,0.07614308946407417,0.07447305616674796
-6.640137954484496e-05,-0.00015137775574466586,-0.00020365959425447776,-0.0002511927505214755,-4.7748892784639895e-05,0.0012020632166150234,0.0009041755041921002,0.0005671386771199575,0.029466796654779467,0.043301692483922266,0.02603368345520654,0.06537204812514985
-6.541313927729727e-05,-0.00013837642612516427,-0.00019312863884953432,-0.00024147232899748554,0.000245396946294178,0.0013982027072852955,0.0012020155767965882,0.0013769456276780338,0.02916237116098411,-0.004073794349867849,0.033534331065691064,0.09658934198646543
-6.175774287668462e-05,-0.00012590210591366914,-0.0001798653497060772,-0.00022420828197918443,0.0004856823338283533,0.0010966613350137302,0.0014506422518948373,0.0020758637759821876,0.018894706345850953,-0.056234480104445234,0.016191003953958755,0.04319428767436537
-5.6607077734704316e-05,-0.00011723903147959312,-0.0001661259835194416,-0.00020104860769659872,0.0005444506945677071,0.0006359535518014735,0.0012972309854322808,0.0025560710805349546,-0.007141034197980189,-0.035907076538006094,-0.04687325724647004,0.052847173236188066
-5.161982588123804e-05,-0.0001118835326909582,-0.00015355977047364292,-0.00017271284079576978,0.000452999676125548,0.0004351462059255117,0.0012160116237274557,0.0031110822996308334,-0.011149169490451628,-0.004254392637186272,0.030629384905505014,0.05815507058298772
-4.7654277605249336e-05,-0.00010691828389356225,-0.00013982216404746558,-0.00014206884759101123,0.00034010997907219263,0.0005579035535536786,0.0015315096615080113,0.003017716341320876,-0.011428769920219444,0.028805862162819662,0.03247022265060609,-0.07682826224497927
-4.483639901870733e-05,-9.953790990610345e-05,-0.00012278132547989803,-0.00011705664393005152,0.000223465738236208,0.0009181712439380813,0.0018766580520055002,0.001984724390871067,-0.011900078246977478,0.04324767591406087,0.03655945544889169,-0.12977012784498246
-4.2145250628541464e-05,-8.88762834659737e-05,-0.00010357175181461408,-0.00010311881238218706,0.0003147639397969658,0.0012141540440878684,0.00196525668105129,0.0008028419187018248,0.03015971855912904,0.015948884115896567,-0.018839729639733765,-0.10660636658886599
-3.704566428334968e-05,-7.72034256827556e-05,-8.661216204380261e-05,-9.958406231002945e-05,0.0007051533292413903,0.0011204175125557499,0.0014266612731110033,-9.589190427030324e-05,0.04791815932975586,-0.03469619042232025,-0.08887935194832355,-0.0731403980055596
-2.7824118090845418e-05,-6.78859873189726e-05,-7.725276694897191e-05,-0.00010220675891094696,0.0011391559092594626,0.000743070160200852,0.00044521774585513756,-0.00042864741591319857,0.03888235667385863,-0.04077328004865932,-0.10740935350284961,0.006589295676980536
-1.6079607498783096e-05,-6.19490008967831e-05,-7.762599737890652e-05,-0.0001065031042655986,0.0012097462091530016,0.0004443271242370482,-0.0005198638318420586,-0.00043062165501712995,-0.02476429669515083,-0.01897532714410144,-0.08560696203658963,-0.006984143497766812
-7.447530485269529e-06,-5.862185054139321e-05,-8.565996113388487e-05,-0.000110880333793243,0.0005166691935497118,0.00022110294684092897,-0.0010869289191536118,-0.0004448242505117495,-0.11385110642550712,-0.02566950833512241,-0.027806055425720982,0.004143624398842902
-7.253156886182892e-06,-5.963549930819664e-05,-9.556710887419048e-05,-0.00011513224967701918,-0.0004777944737323844,-0.00042383270020161464,-0.0008945006289075104,-0.0004055589262434863,-0.08504162703091213,-0.1033176210733863,0.06629171347494126,0.00370944045480974
-1.5784109380940655e-05,-6.837020842943414e-05,-0.00010172325056343801,-0.0001190998257048272,-0.0012283960252191684,-0.0013231091240458856,-0.00033672770894199635,-0.0003879562793181184,-0.06507868326644466,-0.07653766369546788,0.04526287051816155,-0.00018891106973616123
-3.07022469933903e-05,-8.446333036831712e-05,-0.00010340186901766822,-0.00012256651277965173,-0.00175523149727076,-0.0018955152637307102,1.004018095955594e-06,-0.0003053811356467859,-0.04028841114387367,-0.03794356424149703,0.022283474889428834,0.016703939804002657
-4.792843349411968e-05,-0.00010413292328294201,-0.00010428847838134836,-0.0001251380003070283,-0.001690005802875117,-0.00203840331919427,-0.0001783258908319834,-0.00020891636982853053,0.05333355002300229,0.009365953148785078,-0.05814945667501663,0.0025890133596484233
-6.126414785762728e-05,-0.0001211883818426087,-0.00010984752611445007,-0.0001254478106555309,-0.0009771370698264026,-0.0013726883927390667,-0.0009334836557883588,0.000146954300128013,0.08924019658674058,0.12377703214225555,-0.09288209631625845,0.06858512063166028
-6.624363986808412e-05,-0.00012957570948131839,-0.00012320876520105893,-0.00012323231277422295,-1.8761332264965167e-05,-0.00030477713500287064,-0.001738764161533414,0.0002961452761335771,0.1024349509255469,0.08980521940498365,-0.06817400483275264,-0.03874692543054747
-6.243671608946063e-05,-0.00012895466369835834,-0.0001406906968298595,-0.000124547252168915,0.0007801460879896623,0.00042898629159487944,-0.0017576221642267,-0.0005591331550719893,0.05734653312537859,0.05694746591456637,0.06440240429409542,-0.1323087608105658
-5.34146744614007e-05,-0.0001225284383369568,-0.0001525398656888969,-0.00013739662303758775,0.0010242622376223248,0.0008562587806854299,-0.0006122116075807807,-0.0020107410186625584,-0.008523303198846102,0.028507031903543728,0.16467970703508844,-0.158012811907548
-4.430538845132716e-05,-0.000113857657699441,-0.00015312227314404135,-0.0001623091999893177,0.0007975949643923829,0.0008778973468177289,0.0004957301165518923,-0.0029717743716834296,-0.03681015144714227,-0.024179318677083922,0.05690863779144614,-0.03419385869662628
-3.8545737546564313e-05,-0.00010580773912086678,-0.00014692564680975718,-0.0001902291941868467,0.0003543352165601863,0.000732086368897116,0.0007435951503049411,-0.0026122244678223744,-0.05184179811929705,-0.004982876907038664,-0.007335631040836371,0.10610383946883728
-3.7086321948691844e-05,-9.989176903766194e-05,-0.00014028250224989812,-0.00020816470539596933,-6.245209698569254e-05,0.00045110764774385054,0.0005850337616668715,-0.0009748777740021502,-0.031515664589878714,-0.051212867323614436,-0.024376646686777553,0.22136549929520755
-3.8710254663337646e-05,-9.755707813654892e-05,-0.0001356256346425439,-0.00020608660464018484,-0.0002623344459434677,1.5830532478753895e-05,0.0003463397598039732,0.00139049792515905,-0.008460805201676323,-0.035842555729404896,-0.023362153685802106,0.25170964053703243
-4.221322903492781e-05,-9.910761186347746e-05,-0.00013186773676434818,-0.00018220354737575115,-0.00043826042837456455,-0.00032593727786446103,0.0004052398158351699,0.0033861135277276876,-0.026724391284543035,-0.03251100633923809,0.035142164892041444,0.14741347997669513
-4.7405465095067125e-05,-0.00010287758893931404,-0.0001250440000168113,-0.00014370567031851418,-0.0006001867836532992,-0.0004280581373028544,0.0009595075336722058,0.004313461883719707,-0.005660879771203893,0.01208683445155942,0.07571137867536573,0.038056191221708724
-5.344735154885859e-05,-0.00010452288787398733,-0.00011038920105235063,-0.00010125190790034649,-0.000608190507104994,9.899835036819544e-05,0.0019714522592199288,0.00417729059991383,0.004060135080864925,0.09332446308265054,0.12667756643417885,-0.06529044798288414
-5.755611442711816e-05,-9.890578269448911e-05,-8.668695637231403e-05,-6.430323302129045e-05,-0.0002135620685469197,0.0010244226855314483,0.0027689966767873923,0.0032124443758973784,0.07486555263074995,0.09176040395000006,0.03283131707931383,-0.12767879682040612
-5.582698645375097e-05,-8.357008446995607e-05,-5.966250291687023e-05,-3.829584914502961e-05,0.0005593876632203578,0.00204271695937516,0.002635894014301367,0.0019890323993547896,0.07972439372270554,0.11189845081874229,-0.05945184957651892,-0.11700359848811165
-4.601794127790463e-05,-5.920082659342157e-05,-3.624768986812735e-05,-2.321044102997259e-05,0.0014024213719489105,0.00283113461593174,0.0020470685954472084,0.001028049223656615,0.08888234802300499,0.04578508049257367,-0.05831323419431281,-0.07519303665152327
-2.8952942349512506e-05,-2.985236486288786e-05,-1.8136977819251374e-05,-1.5227494454980053e-05,0.0020105784137295136,0.0030385577301750015,0.0015750738143279874,0.0005685400913418924,0.03274906033311564,-0.004300457643921382,-0.03608572202953139,-0.016708789811421265
-9.402427960933307e-06,-2.0046321982351554e-06,-3.730584317484365e-06,-9.700000141003249e-06,0.0018995244639863258,0.0025309888027555388,0.0013062048860254143,0.0005369587714534684,-0.05495985028175321,-0.09721332783997118,-0.017688063630983214,0.010392525833736482
5.053852954345428e-06,1.7928584420740085e-05,8.268474379691607e-06,-3.752539313780358e-06,0.0009917317190694214,0.0014556545210395089,0.0010936068534097797,0.0006525333939911097,-0.12659869870162765,-0.11785352850323481,-0.024831542892143704,0.012722398673791768
9.103959223690247e-06,2.5972282069293122e-05,1.8449964590106048e-05,4.340269255287716e-06,-0.00018171046520045787,0.00015308500867109863,0.0009426911886731087,0.0009660283198225054,-0.10808973815234821,-0.14266037397044723,-0.005351590055190508,0.049976586492487374
2.3417675535225436e-06,2.1151731523970072e-05,2.679747346562639e-05,1.5012583008815476e-05,-0.0011707278688330826,-0.0011171951177357086,0.0007268105864309598,0.001168434430883047,-0.08971374257417675,-0.11139565131091422,-0.03782453039323927,-0.00949536428037906
-1.2329937592065308e-05,6.768611052661053e-06,3.069100571299858e-05,2.7014181316196943e-05,-0.0017636131602844878,-0.0017594289765260952,5.189586304347766e-05,0.0012318852305932464,-0.028863315716104287,-0.01705112044716306,-0.09715841428425717,0.02218552422241893
-2.9966818247182186e-05,-9.42423424261138e-06,2.6499544620175646e-05,3.878232595918466e-05,-0.0017637629707388874,-0.001479140082528392,-0.0008901880816080639,0.0011217436980042973,0.02883335362522438,0.07310889924670372,-0.09125837464605113,-0.04421383074020874
-4.427719980217847e-05,-2.0367755424467053e-05,1.4938254187398895e-05,4.613911815901145e-05,-0.001098313340260369,-0.0007095641538427427,-0.0014220700049472864,0.0003496147419610608,0.10425657247047931,0.08080628649042615,-0.01511801002179336,-0.11021196046843856
-4.9524677947811004e-05,-2.4011270146501114e-05,1.4804213510100705e-06,4.270956045296136e-05,4.8817711133861694e-05,-1.913879056406932e-05,-0.0012694965623304784,-0.0010355262831710798,0.12516963780836682,0.057278786165308515,0.04563269854515495,-0.16681624455798955
-4.327489295135911e-05,-2.3040829550250072e-05,-8.830085450029195e-06,2.4976597257236797e-05,0.0012011392881565175,0.0002132269098142776,-0.000792604797877375,-0.002511066355973832,0.10529467759616432,-0.010805646089639132,0.04974565434546574,-0.12829177000256092
-2.847924111745505e-05,-2.0295170250212723e-05,-1.452688966318519e-05,-3.969080221914908e-06,0.0017579910786242941,0.0003359049501931924,-0.0003467560447538239,-0.003278069139856509,0.006075680497391017,0.03534125416542208,0.03942409627924448,-0.02510878677397438
-1.350878955585947e-05,-1.5061320973188502e-05,-1.7611398686675614e-05,-3.4821984313669815e-05,0.0012360992336948218,0.0007108649052116517,-0.0002701457599442609,-0.002892511678494473,-0.1104540494832855,0.03965073683826978,-0.02410203931733189,0.10222027904638159
-7.057385885424886e-06,-7.485323733294651e-06,-2.0988138562171583e-05,-5.6622576504390586e-05,5.418150039209488e-05,0.0008043345427671183,-0.00040520221515493306,-0.0014676067596496817,-0.1259294971772599,-0.020956809327176446,-0.002909251724802539,0.1827607047225766
-1.0989793591486917e-05,-1.622345169735629e-06,-2.404697054505474e-05,-6.113798932582884e-05,-0.0008406630416045012,0.0003682611699446861,-0.0002065641814216985,0.0005645241953620304,-0.053039411222059296,-0.06625786523731,0.04263685847144945,0.22366548627976585
-2.1115486425717126e-05,-2.068656490577349e-06,-2.3557929911814166e-05,-4.667818895077332e-05,-0.0011844755252415405,-0.00045752343411303007,0.0003043723080698136,0.002327435879649074,-0.015723085505348566,-0.09889905557423323,0.059550439426852966,0.1289168505776429
-3.1157455936544385e-05,-1.0202328200184747e-05,-1.7516137564031963e-05,-1.94449670937243e-05,-0.0008239183769239112,-0.0011692109078084497,0.0009039861614866269,0.0031192084917607294,0.08783451516887442,-0.043438439164850684,0.06037233125650969,0.02943767184468815
-3.551087140863416e-05,-2.153886256830439e-05,-6.683970944979455e-06,1.0582382716049315e-05,-4.6764717494043374e-05,-0.0010980959658154791,0.001262447162323875,0.002886261470193994,0.06759621671709914,0.05766142756344478,0.011319868910939904,-0.07602707615803517
-3.4194792761554615e-05,-2.6960959176348044e-05,5.260777251620723e-06,3.6212000662756876e-05,0.00030998044690995204,1.3676644206748285e-05,0.0011265024769961606,0.002239662119147518,0.0037528161636999346,0.16469309444100072,-0.03850880597648278,-0.053292794051260084
-3.0546019431739484e-05,-1.8769268669811472e-05,1.473065475805478e-05,5.5666938721951285e-05,0.00041977421905307433,0.001624661457100566,0.0007674730242906507,0.0016513254926913642,0.018205938264924518,0.15750386813776285,-0.0332970845646192,-0.06437453123997072
-2.5245719783950138e-05,1.6525609212048722e-06,2.3151397972489574e-05,6.869449821986786e-05,0.0006402857105047947,0.0024597044611027034,0.0009166756185963081,0.0009541864068919506,0.025896360025419576,0.009504732662664606,0.06313760342575069,-0.075053285919912
-1.7406409419061278e-05,2.4341933268671975e-05,3.682102411833864e-05,7.68312530570809e-05,0.0009275763624729772,0.0020781700083907172,0.001817249610573505,0.000673164560550658,0.03156177036821693,-0.08581162320506186,0.11697719496968868,0.018848916651653502
-6.847725732422064e-06,4.1868734636370155e-05,5.93919373270079e-05,8.461114766853581e-05,0.0011841603748548653,0.0014271902651489187,0.002696933031160348,0.0008828143617403241,0.019755032108160667,-0.044384325443297845,0.05895948914767994,0.023081043586279715
4.8211884749790125e-06,5.566869891897557e-05,8.664298115689198e-05,9.649510868382601e-05,0.00114962246662535,0.0013328025913721636,0.0027532757348164684,0.0014939778413177152,-0.026662613754063716,0.025506790687946812,-0.04769094841645587,0.09915165232919848
1.3935786053597046e-05,7.018000285608209e-05,0.00011121997741990526,0.00011644022047642912,0.0006732970490982566,0.0015694581960491417,0.002162123517786188,0.002495044517202908,-0.06860246975135496,0.021824330247448787,-0.07053949498960028,0.10106168284784006
1.7699703107776232e-05,8.56390906856644e-05,0.00012972044657760326,0.00014439559962028584,7.948636173758057e-05,0.001522359369867321,0.001537970313753413,0.0030960313115684355,-0.050159667720780246,-0.031244095483812906,-0.05429114581695464,0.01913567602526539
1.727861474869379e-05,9.86112217156078e-05,0.0001442057586880082,0.00017546331808849518,-0.00016370403355406906,0.001072066836121357,0.0013590921083275745,0.0031175123820734326,0.001521588662450321,-0.058814411265379896,0.01851550473178691,-0.01483946192426594
1.613497562184601e-05,0.00010601595121440764,0.00015922506458589046,0.00020491562459916602,-6.502379181548662e-05,0.0004088790636386111,0.0016447690712488774,0.002772948920060736,0.018214459685266166,-0.07382314323116929,0.03861988785247368,-0.05407323047827345
1.6320240398454445e-05,0.00010712273936921185,0.00017566447297469903,0.00023007799758895496,0.00010207674713717338,-0.000187521432677769,0.0016431126065128356,0.002259525677897053,0.015205648105265833,-0.04545695603210673,-0.03895118079968203,-0.048611417954463165
1.777016107926919e-05,0.0001055861430148024,0.00018935217001708553,0.0002494704715003126,0.00018790738902577558,-0.00011979783820412128,0.001094426801964465,0.0016189691043744735,0.001960480272454608,0.05900167492683627,-0.07078598010999208,-0.0794998967500527
1.9645092187736542e-05,0.00010785991887980642,0.00019627978663373433,0.000260200932635002,0.00018707883266769486,0.0005745530112049257,0.00029109652136529427,0.0005271231225634024,-0.0021261915440707532,0.07986849495497311,-0.08988007600984206,-0.13886929961216155
2.131232374838091e-05,0.00011514117280395382,0.00019593200565608715,0.0002591296979865562,0.00014636747946117845,0.0008816977736245547,-0.00036065271689472993,-0.0007413700522525526,-0.006016079097232528,-0.018439542471047315,-0.04046977164216277,-0.11482933535102946
2.3647575260735768e-05,0.00012051802839774852,0.00019037804028701298,0.0002464906561611737,0.0003206828230097932,0.00019367334513438591,-0.0007501403569201038,-0.0017864383128239495,0.04087914780695548,-0.11916534322698644,-0.037427756362912,-0.0941843167632499
2.814005533393764e-05,0.0001172820865615912,0.00018002749730908609,0.00022413850685114612,0.0005778131916305811,-0.0008408617123658516,-0.0013199682386652756,-0.002683991549181569,0.010546925917202105,-0.08774166827306107,-0.07653781998612237,-0.08532633050827398
3.2652649537138395e-05,0.00010556310471264657,0.0001624745143626044,0.0001947364017459604,0.00032470564900957005,-0.0015029346574230728,-0.0021906283506310633,-0.003196429471855574,-0.061168434441404324,-0.04467292073838319,-0.09759420240703513,-0.017161254026527017
3.188483461723513e-05,8.923979377693301e-05,0.00013636918811830726,0.00016153418513302449,-0.0004782686329902235,-0.00176172752971964,-0.003030436898228362,-0.0034440138507316094,-0.09942642195855439,-0.0070856537209302295,-0.07036750711242463,-0.03235562174868012
2.200354169691476e-05,7.156421898763211e-05,0.00010487591448026444,0.00012567210674425567,-0.0014979899510738498,-0.0017733874281405393,-0.003268217829380203,-0.003728401827022154,-0.10451784165817088,0.004753674036750366,0.022811320882056466,-0.02452197350942875
3.8426003014953715e-06,5.2333662280788345e-05,7.395568931747648e-05,8.6496570272367e-05,-0.0021341983280100283,-0.0020727239132282142,-0.0029158272031773896,-0.00410670546735558,-0.022723833729064863,-0.06462097105428538,0.04766680435850616,-0.05113875455725647
-1.6731893751885918e-05,2.8315487180620108e-05,4.680378318345688e-05,4.5459236457816936e-05,-0.0019807004826662305,-0.002730911106805433,-0.002514554023626529,-0.004100761295554432,0.053423402797824454,-0.06701646766115837,0.03258783155166596,0.05232758891748601
-3.272661866862885e-05,-9.816592668986282e-07,2.287293532448224e-05,8.955708351019808e-06,-0.001218244500682356,-0.0031285181826983138,-0.0022716155481683994,-0.003199944325804994,0.09906779359895043,-0.012504947517417764,0.01599986353996001,0.12783580503240166
-4.0663129717001626e-05,-3.064257532737542e-05,-1.6970612397706576e-07,-1.543609452527594e-05,-0.00036905770899219893,-0.0028036650293970437,-0.0023369127415234616,-0.0016784162494541555,0.070769564739081,0.07747557817767176,-0.029059302210972457,0.17646981023776598
-4.2107140772681084e-05,-5.256992966325963e-05,-2.2256388358636938e-05,-2.3345059321914345e-05,8.025549785630717e-05,-0.0015818058377797982,-0.0020804237054085125,9.662329012647395e-05,0.019093076630620223,0.16689626014577735,0.08035710943396228,0.17853809767835993
-4.128134027934896e-05,-6.065773767463043e-05,-3.776269899068495e-05,-1.673769579217226e-05,8.490460081011727e-05,-3.5755764494362725e-05,-0.0010208384210010897,0.0012248494158219431,-0.018163256039858203,0.14231375451130973,0.13155994744752225,0.04710712746073392
-4.0984256324643706e-05,-5.427349973098092e-05,-3.999890888736866e-05,-3.964275749001771e-06,-2.5487809869066092e-05,0.0013126033532242648,0.0005735964416643479,0.0013298345928121544,-0.003915226095978469,0.12735806903241575,0.18732702508556526,-0.02611009206269166
-4.045772587420679e-05,-3.6501848329666776e-05,-2.5264247242767073e-05,8.798167316861154e-06,0.00013079389995644875,0.0022417269270385643,0.0023733358872559695,0.0012226540203604305,0.03517156806108143,0.05846664573044413,0.17262086403275906,0.004673977572346888
-3.6112314106050356e-05,-1.2720099805641813e-05,5.807754503898594e-06,2.430171547207891e-05,0.0007382884536748385,0.0025146227777664287,0.003841064462077164,0.0018780556106831213,0.08632734268259654,-0.003887475584871236,0.12092485093147981,0.12640634049219124
-2.477318770243119e-05,1.2392934478713756e-05,4.758320830878323e-05,5.0200612061324055e-05,0.0015295368270489948,0.0025079840791046846,0.0045140262988997626,0.003301723707165908,0.07192233199223472,0.002559735852522449,0.013667516433039928,0.15832727880436614
-6.237558444710575e-06,3.895510024064376e-05,9.098927666029751e-05,9.197048562129124e-05,0.0021775890244951283,0.002804449073281315,0.004167187371403095,0.005052251004827529,0.057688107496991964,0.05673326298280368,-0.08303530193237346,0.19177818072795794
1.5912979962185424e-05,6.961288092178819e-05,0.0001301193489686536,0.00015151355468594248,0.0022525186568840712,0.003327107062947572,0.0036588270902681245,0.006856362808102717,-0.04270218101920334,0.04779833495044761,-0.018636754294620694,0.16904417992707965
3.534674715113058e-05,0.00010347609206586281,0.0001677909467702262,0.00022486004758031768,0.0016342347809049597,0.003445535165867353,0.0038754924700463936,0.007812935770772323,-0.08095459417661896,-0.024112714366491428,0.06196983025027453,0.022270412606841594
4.8398511845411236e-05,0.0001362383360546313,0.00021112827093017902,0.00030121110614561385,0.000976118157951172,0.0031069136318863477,0.00479197236194417,0.007457275942286912,-0.05066873041413858,-0.04361159242970958,0.12132614812928083,-0.09340237830392373
5.7047366744766674e-05,0.00016605660438491363,0.0002642669088116878,0.0003697093945610187,0.0007536528219199155,0.0028567400341701155,0.005835755214357581,0.006242381740794059,0.006175663207887289,-0.006423127113536875,0.08743042235340132,-0.14957646199464691
6.546977736773548e-05,0.00019563094729051816,0.000324109600306439,0.0004248237980162188,0.0009308293026738464,0.00305812854695079,0.006132783084592664,0.004780498950245966,0.029259632942898878,0.04670082966967182,-0.028024848306384798,-0.14280009611497158
7.733906223304906e-05,0.00022903135289608162,0.0003810189154973594,0.00046753197517483924,0.0014430276703888698,0.0036219525741619015,0.005249079953591418,0.0037611364814781195,0.07318004060010577,0.06606397577255052,-0.1487157778938643,-0.06107239763859784
9.470596461397059e-05,0.00026765845604780926,0.0004251106704443939,0.0005025587662427403,0.002030352805795436,0.004103468056183629,0.0035692710358154766,0.003244221732102098,0.04428498648120746,0.030239120631794902,-0.18724600566132393,-0.04231055223660651
0.0001162590742206251,0.00030670384661950125,0.00045329140939668103,0.0005341658290233066,0.0022802691155354663,0.003705610058154769,0.002066876754641954,0.0030771908240111497,0.005698275466798602,-0.10981072023756688,-0.11323285057338056,0.008904370618416868
0.00013795250308889812,0.00033613831607513626,0.0004704524102143376,0.0005635198108967591,0.0020584166581191373,0.0021812838329722337,0.0013653234088893589,0.0027936055506793565,-0.050068766950064375,-0.19505452479894014,-0.02707781857713848,-0.06562142528477555
0.0001547669230239294,0.0003489636616090736,0.00048327732662887255,0.0005873188998418274,0.0013044673288871186,0.00038378527381523566,0.0011996598740176315,0.001966212238334312,-0.10072109889633937,-0.16444518703245947,-0.00605488839720697,-0.09985723718423334
0.00016165424276026787,0.0003472748739385919,0.0004939076614323076,0.0006012069142367556,7.299661838057513e-05,-0.000721542807911575,0.0009264070866693794,0.0008113906406513203,-0.1455730432049693,-0.056620429312902676,-0.04859566907244345,-0.131107082352365
0.00015593756272256246,0.0003388117835720045,0.0004991088271855462,0.0006032748231087092,-0.0012163326259216575,-0.0009710752654059103,0.00011382606397834913,-0.00039780886626059465,-0.1122928056554772,0.00671393781403562,-0.11392053546576261,-0.110732819030018
0.00014089178860088203,0.000329592869713536,0.000494487143367935,0.0005934049434697296,-0.0017928221984144285,-0.0008727075062877824,-0.0010381628275006028,-0.001576167061535331,-0.0030051088430770034,0.012959614009589948,-0.11647724283002778,-0.12493882002492923
0.00012553188746357722,0.0003196846298665524,0.00047826878568822434,0.0005719567458388377,-0.0012791580290465324,-0.0011089404631089424,-0.002205508708441525,-0.0027134724646430443,0.10573794271665624,-0.06020620537382193,-0.11699193335815664,-0.10252226059661346
0.00011895640162801969,0.00030545479987353934,0.0004510932799698966,0.0005417760559262554,-3.593913806497397e-05,-0.0017370255354936686,-0.00322959243522402,-0.0033226655178734245,0.14290583547965544,-0.0654108091031233,-0.08782481199834233,-0.019316350049462583
0.000122525580709086,0.0002853696759224373,0.00041570812583095914,0.000506914924957687,0.0007497749542782354,-0.002279999254726736,-0.0038474383925634755,-0.00364956067584026,0.01423698298898643,-0.04318393474349008,-0.03574437946954881,-0.04606268154390453
0.00012735177772745822,0.00026146776352108,0.000376255280699094,0.0004671885122190389,0.00021546444939620922,-0.002500383225544728,-0.004043130633809552,-0.004295721871889356,-0.12109908396539165,-0.0008928594201083606,-0.003394068779666609,-0.08316955766591455
0.00012286096838293818,0.0002377381831236833,0.0003371969683920641,0.00042078419695637157,-0.0011136263183002169,-0.0022455328539346133,-0.0037685318275964314,-0.0049851411806441075,-0.14471906957389358,0.0518629337421313,0.05831383002229082,-0.0547143040850358
0.00010677397086535372,0.00021668721302031262,0.0003017335502289961,0.00036982035246923065,-0.002103773185216676,-0.0019646611667395223,-0.0033241518050171654,-0.005207627716784076,-0.053310303809398274,0.0043114036968869285,0.030562174493562383,0.010216996857042082
8.59755635896691e-05,0.00019683738196527001,0.0002701465342196529,0.00032101553775261204,-0.0020559082699202467,-0.002005305044268999,-0.0029932513968514702,-0.004553335226539646,0.06288328686868416,-0.012440179202782231,0.03561790713957666,0.12064150119184397
6.996888640302186e-05,0.00017615351458587008,0.00024223417024572363,0.0002816534707971558,-0.001145427167409203,-0.0021314684316109875,-0.0025892213979343865,-0.003319078164551603,0.11921293363352459,-0.012792498265615515,0.04518809264384008,0.1262099112057647
6.389684118499033e-05,0.00015554910962674382,0.00021925002714150328,0.0002549341466025287,-6.898187619710258e-05,-0.001989412560214264,-0.0020076072229096836,-0.0020247866743738204,0.09607612460889547,0.04120367254496021,0.07113474236110048,0.1326483868297918
6.66556946280592e-05,0.00013989551165909426,0.00020202964017196156,0.0002413955773135434,0.000620752564810878,-0.0011413070333156487,-0.0014364701709986614,-0.0006829271834232372,0.041870763592700644,0.12841743283476287,0.043092668021103925,0.13572351136032484
7.290776788969622e-05,0.00013609351710176416,0.00019105233356315156,0.00024033766373871435,0.0006296620875165244,0.0003809081218496288,-0.000758991150763338,0.00047134446845742894,-0.04008885905157136,0.1760255981982926,0.09240313602596076,0.09513081901580836
7.736012564363697e-05,0.0001454539694341373,0.00018961617317798588,0.0002487565750216926,0.000260809463271625,0.0014911823446249995,0.0004717590737302013,0.0012124377881382155,-0.03368166579740853,0.04602924635678152,0.1537469088727471,0.05308784492034896
7.920405908133749e-05,0.0001603840111447923,0.00020180763334119904,0.0002631533393706375,0.00010797722426847953,0.0014948259975060003,0.0019665329589124312,0.001666915081650772,0.0031152179967794402,-0.04530051578058136,0.1452078681636989,0.03780761378216235
8.108775610108416e-05,0.00017236390691532054,0.00022621628030238008,0.00028233389693980824,0.0002687621796808547,0.0009011531565996487,0.002915196433323777,0.0021691964321833737,0.02904177308569559,-0.07343405240068895,0.044524826718570276,0.06264865632435801
8.522739706144083e-05,0.00018029466749890224,0.00025460889619242233,0.00030706811113969377,0.0005591660123904797,0.000684998960116691,0.0027633267446846724,0.002777646407793732,0.029038993456229407,0.030203213104097404,-0.07489876444639121,0.05904133879771367
9.143738887117171e-05,0.00018874774689232377,0.0002780003827555908,0.00033730517296377816,0.0006828323495556966,0.0010056169185676158,0.0019149705679490257,0.0032697659570231456,-0.004305726023186025,0.03392037858608754,-0.09477247090073815,0.03938257104816911
9.770951703494178e-05,0.00020099798672072058,0.00029337361622467023,0.0003689216623072679,0.0005715932831983168,0.0014444310471117452,0.0011596761258668574,0.0030535319116748063,-0.017942087248289933,0.053842447122738335,-0.05628641751569552,-0.08262938011783694
0.0001026013752405753,0.00021680308119973374,0.00030382540973084216,0.00039317898157181194,0.00040677835792838637,0.0017165878486908861,0.0009306825753675284,0.0017979319412339985,-0.015020897805696161,0.0005889131930898461,0.010487707415829717,-0.1684906139703246
0.00010700844778108314,0.00023238900941766646,0.0003138302410578935,0.00040317897946883923,0.00047463615017318326,0.001400597794895659,0.00107028369004274,0.00020206763817145774,0.028592456254655542,-0.06378692395213525,0.0174325155192126,-0.15068224664218355
0.00011298737761574738,0.00024344287075137185,0.0003242280628537794,0.00039907391372249757,0.0007211498167596642,0.0008101744718454181,0.0010092806691344375,-0.0010230807874397885,0.020710277062640635,-0.05429774065791293,-0.029633119700873067,-0.09434743848006572
0.0001206042795342335,0.0002494789358584887,0.0003315075160087106,0.0003867799583131039,0.0008022305669375599,0.00039703854957795455,0.00044660996185180886,-0.001435710294438944,-0.004494127027061499,-0.02832944379557978,-0.08290102175565267,0.011821537080234645
0.00012721065436205735,0.00025230762599081887,0.00033190331909689765,0.00037460594496863776,0.0005190443986272096,0.00016869947688807663,-0.00036744934421440324,-0.0009990923744542868,-0.052143106635008575,-0.017338370742395803,-0.07991083945758976,0.07550204691669676
0.0001296088173085099,0.00025226087216699404,0.00032539596715934623,0.0003692449117004871,-3.941180933669862e-05,-0.00017805024165304324,-0.0009340210432958806,-7.311427917584595e-05,-0.05954813495777305,-0.05201157296582817,-0.03340350035870571,0.10969357213899142
0.00012617623134967412,0.0002469703780599786,0.00031565416312484925,0.00037227057886335467,-0.000647105382430457,-0.0008800485797500408,-0.0010143397636035157,0.0006782477117493606,-0.061990579660978616,-0.08838809465357131,0.01733975629717871,0.0405788260460499
0.00011772129413589135,0.00023369087950495397,0.00030622862085895547,0.00038083311341520807,-0.0010438820603260977,-0.001775851131254889,-0.0008707686895752406,0.0010342591986213197,-0.017364755918149545,-0.09077241564739838,0.011374458508476293,0.030623471328341922
0.00010770162478999932,0.00021315090437836596,0.0002976185161860683,0.00039121038344215917,-0.0009600518088523076,-0.0023321438940627132,-0.00085125224500219,0.0010411948067689009,0.03413080621290757,-0.020486136914166425,-0.007471169593866178,-0.029236349698825714
0.00010002059104754539,0.0001911510107926335,0.0002891459563541958,0.00039818967786945655,-0.0005761549396384798,-0.0020678348230837784,-0.0008432597213723139,0.00035466407869057476,0.04264856762985799,0.07334795110995337,0.009069674319841403,-0.10806979591683952
9.651311890362912e-05,0.00017645640917001007,0.00028085036895154284,0.00039656827360487506,-0.00012533948914477376,-0.0008710855014409074,-0.000815857759158277,-0.000678944931606873,0.04751452246888322,0.16600191321862082,-0.0035892818770340007,-0.09865200614265002
9.641726028143212e-05,0.0001751045602259533,0.0002726589809238933,0.0003859270150334012,0.00010616776470537346,0.000600715712629556,-0.0008224198463716362,-0.0014493067826878948,-0.0012130716988537765,0.12835832959547186,0.002276864434362147,-0.05542036407355433
9.848175095621877e-05,0.00018462124171109547,0.0002663909262606409,0.0003694615070096968,0.00030673037025195633,0.0013026205843988756,-0.00043119108627883595,-0.0018437948220529938,0.041325592808170344,0.012022644758392043,0.0759688875841979,-0.023477243799465475
0.00010337869862683326,0.0001965710854506887,0.0002656792533674777,0.0003493254238726734,0.0006726591638709428,0.0010873481635197695,0.00028885650764619595,-0.0021834218053516834,0.03186016591562696,-0.05507712893421329,0.06804063120080847,-0.04444815286027248
0.0001115519937723543,0.0002052618505509033,0.0002702889959981296,0.00032841873676398025,0.0009619998652332648,0.0006508048565231511,0.0006330920184841817,-0.0019979156163869435,0.026007974356837438,-0.0322315324651104,0.0008064709667886805,0.08154939065322042
0.00012131493703563761,0.00021010512692501705,0.00027435874273645507,0.00031419201118501367,0.0009905887874233972,0.00031785041829960096,0.0001808573291809108,-0.0008474294994063737,-0.02029018991881093,-0.03435935517959962,-0.09125340882744284,0.14854783274289352
0.0001291345032070974,0.00021208214329775002,0.00027262560194779193,0.000312408272982186,0.0005733244468685602,7.755285624699127e-05,-0.000527485486913538,0.0004906818588408359,-0.06316267819215649,-0.013700157230922314,-0.05041515439144692,0.1190744389065484
0.0001314652216748663,0.00021125409540152915,0.0002662913831199526,0.00031966170541765647,-0.00010718075331477873,-0.00024316243549116532,-0.0007393582786543322,0.0009600046282532634,-0.0729383618445113,-0.050442901116709,0.008040596043288079,-0.025209885024062906
0.00012732275920201113,0.00020595747491871372,0.00025970734863398857,0.00032714457403480046,-0.0007213117412562572,-0.0008161616610719189,-0.0005774486185384707,0.0005365690951755337,-0.04988783574378439,-0.06415694399944173,0.02434133597988422,-0.059477221591483054
0.00011814562896293505,0.00019467913634298642,0.0002550559059075866,0.0003296620067483668,-0.001114114306558957,-0.001439506054073542,-0.00035283992674192395,-3.30825524622703e-05,-0.028672677316755574,-0.060511934600882875,0.020580402379425128,-0.054453107936077744
0.00010714434041122672,0.00017874737486642467,0.00025169151514438566,0.0003253266930089864,-0.0010861434037827103,-0.0017468462412388074,-0.000320038225898263,-0.0008339801954138098,0.034266857872004924,-0.0009561028321701942,-0.014020062210692935,-0.10572642065423016
9.810128237330802e-05,0.00016266991952187758,0.00024679582200267064,0.0003123409576664061,-0.0007224682038010291,-0.0014686448276706103,-0.0006591004024447406,-0.001763166873102241,0.03846818212433131,0.056596385545809605,-0.053792373098602575,-0.08011091488345606
9.19615156241152e-05,0.00015142237272357817,0.0002367617638204399,0.0002923442251560392,-0.0005054851460375337,-0.0007808645319892722,-0.0013477112340014048,-0.0022361796289711417,0.00492842942836777,0.08095967359045801,-0.08392979321273025,-0.014491636290324073
8.750154002519949e-05,0.00014587286968256987,0.0002200696172512634,0.00027015109922652554,-0.00038650997374561013,-0.00032903607621238785,-0.001990718079833897,-0.0022024455569315915,0.018866605030016942,0.009406017564918864,-0.044671575953768194,0.0212384506982341
8.443531874458605e-05,0.00014099392235824245,0.00019908167636523624,0.0002488598670202808,-0.00022673428237707696,-0.0006467533886530971,-0.002206870097371536,-0.0020558008843173554,0.013088533243689693,-0.07294948005306072,0.0014411724462404796,0.008090483824613137
8.223593297909619e-05,0.00013019600095682401,0.00017780299617571415,0.00022819720596228076,-0.00021314287072089538,-0.0015128308916305894,-0.002048865940532883,-0.0020767313272826546,-0.010370250912453374,-0.10026602054243773,0.03015965892149014,-0.012276572417672937
7.882105759739701e-05,0.00011064712119976692,0.00015849515727040425,0.00020767237273504828,-0.00046983220561894076,-0.002396945059780829,-0.0018127018405290957,-0.00202823531816384,-0.040967616067155696,-0.07655681308761018,0.01707316107926732,0.021975774241435875
7.172466181876738e-05,8.436649701241472e-05,0.0001411310817336802,0.0001878494737326212,-0.000949446950106984,-0.0028591797776896127,-0.001660113266815716,-0.0019363444823215785,-0.054955332830452966,-0.015890130494146573,0.013444553663408632,-0.0035976070729835663
6.0111392778145e-05,5.700725347798822e-05,0.00012477525559020274,0.00016758554554315906,-0.0013732068580174933,-0.002612668929195687,-0.0016110519618797753,-0.0021164411555708476,-0.029796648751648877,0.06519230019293178,-0.0036322926762205054,-0.032421727576870285
4.56247221097432e-05,3.510576153846304e-05,0.0001076938024086425,0.00014532221103883563,-0.0015241272756628666,-0.0017676294587093495,-0.0018052386744322724,-0.002336225745293837,-0.0003874347774257686,0.10381559390433569,-0.03520504983427891,-0.011535190367727599
3.2258389826759965e-05,2.1453457353167155e-05,8.830993060383257e-05,0.00012183677208081563,-0.0011491391809337803,-0.0009628313783498272,-0.0020715356865297135,-0.0023608620463101645,0.07538505372324301,0.05714402216756877,-0.01805435258520932,0.006607930164462095
2.5860318695316966e-05,1.3494922305563357e-05,6.807360833020293e-05,9.931336345877741e-05,-0.00013047504535481941,-0.0006288756311709325,-0.0019757287681962154,-0.002143819678097478,0.12834777339254916,0.009647127268210196,0.03721573625190894,0.03680054347807521
2.969811657990183e-05,8.51080554882856e-06,5.1342015470619656e-05,7.972762858454678e-05,0.0008980346222717921,-0.000367947720176027,-0.001370589803720439,-0.0017733272967486498,0.07735416013277313,0.042538454930770894,0.08381205664324637,0.037297932791690414
4.042815298951738e-05,7.488122308466064e-06,4.243309455466824e-05,6.386658965466718e-05,0.0012479726596513188,0.00016341107210352803,-0.00041119437946984436,-0.0013988804892272702,-0.007366552656867809,0.0637333035251401,0.10806702820687253,0.03759142871258553
5.031690275865752e-05,1.2525675664709406e-05,4.348458685092409e-05,5.214076414248065e-05,0.0007297772941767083,0.0008440995991451404,0.0006214928387210147,-0.0009462846132100354,-0.09627252043805429,0.07240440188318235,0.09847041543129928,0.052927746490861405
5.433419294508614e-05,2.4804567628615967e-05,5.336814551777478e-05,4.7648921773397684e-05,7.368074310901639e-05,0.0016116787936361716,0.001355218894649123,4.7916139393442596e-05,-0.0349467897754841,0.0811114370150239,0.04827479575432242,0.14591240402983421
5.5420878063427314e-05,4.226609827419319e-05,6.917311027214991e-05,5.679280987131309e-05,0.00014365628055921798,0.0018806273354792737,0.0018057740562259041,0.0017808614801896393,0.04894189726552442,-0.02732172864640349,0.0418362365610338,0.20067666412940513
6.0037510877541214e-05,5.917368440951547e-05,8.919427510905559e-05,8.39619247746934e-05,0.0007796702822635618,0.0015008898915851822,0.00219845891115523,0.003652961500486423,0.07826090307534436,-0.048625760132414805,0.036700734424831405,0.17374333992995158
6.993233587882549e-05,7.303466418340635e-05,0.00011363089478216428,0.00012681282709726125,0.001199294717993294,0.0012713060631929932,0.002688865023466508,0.004917218964027146,0.005663984070602063,0.0027089944539769734,0.061380488037424186,0.07910815277819308
8.160792332401141e-05,8.673061652135456e-05,0.00014318844219304006,0.0001763910962325225,0.0011358227710438899,0.0014678844043966503,0.0032226444587086494,0.004998434863025102,-0.018358373460482885,0.03660667378675443,0.045375399011004014,-0.06286497297860186
9.16004798699359e-05,0.000103033405753186,0.00017758372085667428,0.00022210548686192702,0.0008626885381410091,0.0017926734419696376,0.0036564112740181927,0.004144443262855804,-0.036268473120093264,0.028351133727843023,0.0413779640509046,-0.10793334705525778
9.83096069781569e-05,0.0001235397342395499,0.00021463806429582286,0.0002578739622191879,0.0004791368835031901,0.002308592255303141,0.0037544574138115233,0.003009251808596369,-0.04044185780747053,0.07483262893885768,-0.02176873609223845,-0.11910494379662931
0.00010128531752256461,0.00014937279913020655,0.00024870026703816976,0.0002816194378139224,0.0001160052253783524,0.0028580207228281907,0.003057983134657857,0.0017398433103505374,-0.032184473817497006,0.0350530645661523,-0.11752611973849475,-0.13477675585253698
0.00010313959685233809,0.00017736530683641228,0.00027369713414378803,0.0002929036397776203,0.0002548506405763429,0.002740480818412955,0.001941390286465796,0.0005169970823890437,0.05995355685709511,-0.058561045449199475,-0.10579244989991748,-0.10979248973976177
0.00010940897689566529,0.0002005506221553193,0.0002880353227456698,0.0002944631036802391,0.0009990253680890976,0.0018965822453684508,0.0009262474339105536,-0.00020510430186528722,0.08888138864545583,-0.11021866915970137,-0.09723612061113102,-0.0346277871111044
0.00012191347784181368,0.0002135224960336593,0.00029262002536846764,0.0002923187424251333,0.0015018748211405796,0.0006977925302995476,-9.306909350982368e-06,-0.0002237679491558696,0.011688501964840586,-0.12953927385407926,-0.08987474804117618,0.030895057652987917
0.00013458992198146956,0.0002156747919571717,0.00028905141128820875,0.0002902750465798529,0.0010334140067905962,-0.0002673333455970687,-0.000704415906700794,-0.00018497121990020983,-0.1053806648348373,-0.06348590132524398,-0.04914705142878614,-0.02313571180185596
0.0001383664210156783,0.0002108107926435061,0.00028107833578641065,0.0002859720656425154,-0.0002781141999488473,-0.0007054665171360488,-0.0008901991936588271,-0.0006756249675672935,-0.1569249765130514,-0.024140732982552038,0.011990394037179525,-0.07499503773156077
0.00012881807194457562,0.0002031771531403427,0.00027157651757906716,0.0002749743441447297,-0.001631555614271689,-0.0008212613834966356,-0.0010101644478098706,-0.0015239193319898517,-0.11376330635151696,0.000981759710434682,-0.03598344486738822,-0.09466383515295088
0.00011020843494633497,0.00019341391153416222,0.00025934446412973833,0.00025613129121512606,-0.0020903717853764416,-0.0011313869377394571,-0.0014362462420558946,-0.0022446912539308725,0.02200007213056651,-0.063006870558999,-0.04923291398181659,-0.049490549235253284
9.261164072179783e-05,0.00017893411239266473,0.00024201053058850875,0.00023230126477873534,-0.0014289870595309874,-0.001764572890560041,-0.0020305404661900214,-0.0025213140333472718,0.11027687303852432,-0.06363032000511776,-0.06962593084500882,-0.005834006648026607
8.326332333564566e-05,0.00015885136775069898,0.00021883244214162048,0.00020743063272352742,-0.00044067641769944673,-0.0022519760378331096,-0.0026050772231876324,-0.0024528123776943124,0.08738525532778382,-0.03385030944949602,-0.04528142055451331,0.019534337778618488
8.120100743496586e-05,0.0001355957351343892,0.00019134160408241157,0.0001841713909531333,2.8213237563487568e-05,-0.002399150485428846,-0.0028930903886541497,-0.0021990359763845125,0.0063926757248030375,0.0044154199303487185,-0.012321212538790177,0.03122094248334148
8.001108689060089e-05,0.00011300751206811356,0.00016223579162807385,0.0001622139797581952,-0.0002661973464364815,-0.002118494127826281,-0.0029280721022133943,-0.002192446262603106,-0.06527479252479686,0.051715851590164286,0.005324869826941275,-0.029902999727060203
7.317060283877887e-05,9.536453843340836e-05,0.00013341777859703885,0.0001378291934939325,-0.0011018994639279218,-0.0014101005991147587,-0.0028355305039936057,-0.002684510990249434,-0.1018656309734912,0.08996285415214017,0.01318344981701644,-0.06850994580220529
5.8198342196327515e-05,8.444105820485311e-05,0.00010616007610897939,0.00010846631537576997,-0.00189255266456235,-0.0007745954465962913,-0.0026160099936182873,-0.0031880646333830713,-0.056265009153394455,0.03713817635155331,0.030720652258047237,-0.032200782824522184
3.960613269880564e-05,7.636551697761637e-05,8.220763735878854e-05,7.683556974313744e-05,-0.0018258892349420257,-0.0008405127988510568,-0.0021744777564198818,-0.003138084493143435,0.06959769507745935,-0.05032164680250639,0.05758579518163384,0.04219681087244939
2.589896254397727e-05,6.504455729919774e-05,6.349389918650388e-05,4.754308173668845e-05,-0.0009155447960236478,-0.0014236791368326704,-0.00156826987803705,-0.0027204131081463635,0.11247119270621624,-0.0663116207938163,0.0636557804949325,0.0413374661269649
2.1129110634613128e-05,4.869096559945895e-05,4.984061765284618e-05,2.3281207064359287e-05,-3.8425585849180825e-05,-0.0018470392031150877,-0.0011623864286944914,-0.0021319618263194694,0.06295264932867715,-0.01836039246266713,0.01752090937357917,0.07635279023841388
2.248170627240873e-05,3.292939501278433e-05,3.81748308552181e-05,6.428696667044484e-06,0.00030894471340830147,-0.001305274914219836,-0.0011707709308311242,-0.0012385402531434908,0.006521410522819307,0.12671325024171748,-0.019197809800905713,0.10233152439678186
2.4823076997354814e-05,2.7188618813796237e-05,2.6380130214503254e-05,-1.2682901213458946e-06,0.000159329431580915,0.00015711967442221713,-0.0011881691973118446,-0.00030085710453458506,-0.0364444668882966,0.16576566748669314,0.015718156504761632,0.08520510532499928
2.6205162963094236e-05,3.512317658399479e-05,1.7855817833510147e-05,-5.89645800266348e-07,0.00011708776156696928,0.0014297918796174938,-0.0005166932788867769,0.0004365859687504943,0.027996132885507452,0.08876877355236218,0.1185770271802519,0.062283509332016596
2.8683773902704267e-05,5.126115037230214e-05,1.9514595813698915e-05,5.838278163675096e-06,0.000378634426355037,0.0017978028780439755,0.0008484488749245305,0.0008489988240377945,0.024313200072106078,-0.015166573867065825,0.15445140358200957,0.020199061725443446
3.364911165793672e-05,6.656706350329832e-05,3.487622938288606e-05,1.636181144984226e-05,0.0006144331246914533,0.0012633797481552624,0.0022238778389128988,0.0012557078331956388,0.022846539595177184,-0.0917180521106768,0.12063438921566408,0.061142740106125415
3.979084085263898e-05,7.485178779411184e-05,6.100913993894101e-05,3.31644025359529e-05,0.000613912714248999,0.00039356511000744013,0.00300270427229809,0.0021048103840264885,-0.022950621683668043,-0.08224487551888765,0.03513089746137418,0.10867777006004453
4.3290342298097894e-05,7.751967152258071e-05,9.074188951836658e-05,5.957322690099969e-05,8.598757484278388e-05,0.00014001163568633365,0.002943845643587023,0.0031769544889828708,-0.08263440619757498,0.03153418065466636,-0.046902623203587596,0.10575105093123194
4.149491969307581e-05,8.157191013928865e-05,0.00011607725834328143,9.56616383655383e-05,-0.0004450720958472002,0.000670436087655255,0.002123228121395947,0.004040727803924852,-0.02357752794042184,0.07455070973911791,-0.11722088123462762,0.06700361205716432
3.749031110805596e-05,9.24817037425946e-05,0.0001327128890549334,0.00013736705328180993,-0.00035584962115677043,0.001511522633005936,0.001203898020934448,0.004300355179329472,0.0414220228785078,0.0936665993310183,-0.06664513885767218,-0.015078136976240386
3.7544636021333926e-05,0.0001099008717800123,0.00014466168452698073,0.00017574056365912707,0.0003667146038123639,0.0019723109744776033,0.0011858610734750167,0.003374346896133957,0.10309082211531906,-0.0015089310366848269,0.0630377493657859,-0.17012351966286265
4.593898388336027e-05,0.0001288218218642481,0.00016100383483642458,0.0002003833741710906,0.0013121549685929045,0.0018118790423695544,0.0020825689884137527,0.0015542152062587471,0.08599725084078907,-0.030577455384924943,0.11630383362196131,-0.19390281831217926
6.112065585326327e-05,0.00014642368974705685,0.00018559713514463145,0.00020841105224643565,0.0017241794253876957,0.001708494534192198,0.002836091073227623,5.1320408810263734e-05,-0.0035923594818308424,0.00990055374945363,0.034400583340812724,-0.10667614117751739
7.786918290735122e-05,0.00016497016755837604,0.00021195393575736463,0.00020578536317313295,0.0016255259854298942,0.002000801028071641,0.0024352690493190127,-0.0005764582234708038,-0.01613832850972946,0.04856074502643494,-0.11456498812253477,-0.018879585278696098
9.231799045348372e-05,0.0001863742188282872,0.00022975917452634702,0.0002006094283778445,0.001264235523796605,0.00228000922591059,0.001125778704477466,-0.0004587287355868833,-0.05611976381692835,0.007280894541354929,-0.1473330808457746,0.0424254828554802
0.00010142690315712637,0.00020602405389237867,0.00023349991747753318,0.000198768877982327,0.0005575470169319251,0.0016499577869077044,-0.0003776301142402348,9.061865648338018e-05,-0.08521793755600765,-0.13329118234193205,-0.15334868289776557,0.06744399555857249
0.00010270442310107349,0.0002129159566410609,0.0002249125759634661,0.0002032361696206166,-0.00030204302814250156,-0.0002715772371712586,-0.0013398381885731821,0.0008028396711745407,-0.08670007145887768,-0.25101582247386056,-0.03909293196882388,0.07500020737965964
9.54261949242796e-05,0.0001988972834014928,0.00021100761852769362,0.00021264964672875942,-0.0011536026072162758,-0.0025321574107423617,-0.0014411532985813132,0.0010798557504540223,-0.08361184435587718,-0.20110021224036,0.01882990996719766,-0.019596991523763332
8.06318219017331e-05,0.000167766866111075,0.00019712927326621146,0.00022033945218935574,-0.001805271997293026,-0.0036939260473411997,-0.0013345157537151178,0.00045810534166524156,-0.046722033659472834,-0.031253515079407546,0.0024975990060414344,-0.1047530902339928
6.096119761545738e-05,0.00013427013854562883,0.00018198909664336895,0.00021807895428515304,-0.0021288528599621177,-0.0030054194657480353,-0.0016935195708533842,-0.0009102049225057814,-0.017994138874345506,0.16895483139804046,-0.07429836243369473,-0.16890896260021177
4.0949432006210234e-05,0.00011276181405643076,0.00016133145969502734,0.00020090332142346385,-0.0018735002618873115,-0.0012962454320915781,-0.002438007818814937,-0.0025249216498320556,0.06906465848930674,0.17287997533325095,-0.07459928715861583,-0.15403438286504312
2.8282255389735514e-05,0.00010524705755344204,0.0001348115149176901,0.00016893681108756035,-0.0006599350614076326,-0.00020670586850616603,-0.002865981136652513,-0.0038683804173486433,0.17364838160662902,0.045027937383831484,-0.010995376408899388,-0.11465737063827441
2.991212513941414e-05,0.00010327942893264114,0.00010681997812429022,0.00012512400486529881,0.0009859090113433578,-0.00018681985565401342,-0.0027323262220274613,-0.004894180827103663,0.15552043294356907,-0.04105073481340096,0.037726359333909804,-0.09050271131272958
4.298167518280816e-05,9.886533847374158e-05,8.09863896282447e-05,7.350825250264237e-05,0.0016280009973354465,-0.0006959982361258977,-0.0024343914771816433,-0.005428969645427625,-0.027102035745151326,-0.06078494128097589,0.021860589635253808,-0.016455052352062904
5.4429380946553325e-05,8.912981348333724e-05,5.666660757841738e-05,2.2088729115687455e-05,0.0006615401554135861,-0.0012511067619549706,-0.002429564932783819,-0.004854935031963358,-0.16619013263922075,-0.050236763884838664,-0.02089528075568889,0.13126197504491632
5.161648113137498e-05,7.379436406946696e-05,3.0690506055773084e-05,-1.8202314135148066e-05,-0.001224120118449256,-0.0018159831208190858,-0.0027656553717450402,-0.003203273618203747,-0.21094192213334764,-0.06273850788798441,-0.04632280703655536,0.19907030770700584
3.0998138087186546e-05,5.2086808125544383e-05,2.4919600862548056e-06,-4.049955951201999e-05,-0.0028995484903884304,-0.00252552806796543,-0.002874053822158615,-0.0012561754571706373,-0.12414375225448718,-0.07917048154128448,0.024643116953840388,0.19034932449961606
-7.205882934708247e-07,2.3434162178400537e-05,-2.351448741324414e-05,-4.6423614084211635e-05,-0.003444196785743043,-0.003205001121463339,-0.002327235677741174,7.136454273230807e-05,0.01521409318356462,-0.056724129158297276,0.08472051192964788,0.07515867548097299
-3.1542469849738676e-05,-9.363467582733984e-06,-4.2770606078908075e-05,-4.439313558502061e-05,-0.0027201795255105275,-0.0033545248307635654,-0.0015239880553916127,0.00033473115710589747,0.12958935886293851,0.02681938729825195,0.07592901254026432,-0.022485352606255116
-5.0698211179121365e-05,-3.937846252336561e-05,-5.469457321651049e-05,-4.280437540738878e-05,-0.00111096874036601,-0.00264847415736276,-0.0008608053721288697,-1.6979121579532223e-05,0.192252798165965,0.11439074738190913,0.056707524112284274,-0.04785670313083082
-5.291788192398136e-05,-5.820750151138773e-05,-6.188345337670296e-05,-4.441079305738342e-05,0.0006670345913940105,-0.0011173336402416638,-0.0005769706599096259,-0.00030430440841939523,0.1633478681860391,0.19183735604231011,5.94183315645036e-05,-0.009608354237141778
-4.1698331246377935e-05,-5.894957057796792e-05,-6.707771576962678e-05,-4.787704991192264e-05,0.0015768755441266749,0.0009689198269256264,-0.0004618818186751367,-0.00038894696248844906,0.01862032236049374,0.22541333739114788,0.022958349915333326,-0.007320156576668985
-2.6092439237217216e-05,-3.967635001553465e-05,-6.971442824801592e-05,-5.3990162377550746e-05,0.0015443028577054687,0.002885724285561028,-6.546067700269239e-05,-0.0008336755306371721,-0.02513485964473497,0.15794755433593238,0.05632587841915554,-0.08162555705307561
-1.2153365751178242e-05,-8.409798599591088e-06,-6.705225075873137e-05,-6.469496761938372e-05,0.0012435118395023263,0.003367585997627684,0.0005978961748596024,-0.001307285517729423,-0.03502334399589355,-0.061575211922601236,0.07634549195330342,-0.013096440365374551
-6.721207819024827e-07,1.8390131530896748e-05,-5.670765394813984e-05,-7.583882417131606e-05,0.0010527371543528259,0.001992400028469882,0.0014710231872587045,-0.0009214857926570449,-0.0031315930340065357,-0.2134619819089591,0.098279910526517,0.09025638537985015
8.548423694372664e-06,2.7351374849992683e-05,-4.0243148200126244e-05,-7.951576674134003e-05,0.0007913717409022034,-0.00020015136465069503,0.0018218779623440143,0.00018609727865225132,-0.04914148965611795,-0.2250482967151563,-0.028108955509455053,0.1312602288820091
1.2064428015466235e-05,1.7050207787495588e-05,-2.655304246243837e-05,-6.992423210259518e-05,-8.817087668348941e-05,-0.001860082047848724,0.0009161431851935606,0.0017322096490967193,-0.12676703386102062,-0.1069378399244495,-0.1530379999206357,0.17796224520688447
4.266512999906254e-06,-4.120416026427384e-06,-2.4365634560826002e-05,-4.5979475362730713e-05,-0.0014714121264285066,-0.00237404271493587,-0.00047866160487108715,0.003056741698876173,-0.14988121608798283,0.004145706507020286,-0.12592295809229384,0.08694416474900629
-1.5145440474953563e-05,-2.571222296727235e-05,-3.312435293491023e-05,-1.3425143633781583e-05,-0.002410978568543457,-0.001944318673233124,-0.0012730820699457584,0.003454124646913653,-0.038032072335007217,0.0817991018335289,-0.03296113492264041,-0.007467575141510252
-3.765764629470764e-05,-4.20913427560142e-05,-4.412268823445103e-05,1.724266893594467e-05,-0.002091462595407359,-0.0013315052845152458,-0.000926584989962402,0.0026794378670315965,0.10193526696222682,0.040763575910046757,0.10226055091931169,-0.1474697808349011
-5.10316744006824e-05,-5.299638251244119e-05,-4.648255056754339e-05,3.584671679892741e-05,-0.0005833430257875926,-0.0008495026667701521,0.00045461252334393033,0.0010413717055649517,0.19968864696172645,0.05563694763897198,0.17397895174195477,-0.18014345145842786
-4.812657502285651e-05,-5.6494164218410556e-05,-3.533152905055967e-05,3.8651394150661606e-05,0.0011643629013527701,0.0001499463255762786,0.0017755917800528136,-0.0004804362352181131,0.1498525384663461,0.14425285083031417,0.09021689959982188,-0.1242181366981851
-3.072053342821507e-05,-4.633840301829481e-05,-1.563229573651526e-05,3.0338380975674724e-05,0.002316845417575519,0.0018812059144468704,0.0021642548827560696,-0.0011821663997792632,0.08064396477820363,0.20199906694380418,-0.012484279059170655,-0.016127896214044923
-6.781735925726542e-06,-1.9369182386853017e-05,4.240321054239308e-06,1.949130465142076e-05,0.0024709140829221863,0.003512638211841489,0.0018102684753948442,-0.0009872488650715296,-0.04983023170887019,0.12428739253511958,-0.05831300241307441,0.055111403155591654
1.3856604163093812e-05,1.8526941965245627e-05,2.051715579940908e-05,1.4530609108186313e-05,0.0016567539348418844,0.004066586658578239,0.00144509847363911,-4.890243575359334e-06,-0.11300179790719017,-0.013497703187769466,-0.014720997938072411,0.1413603211436424
2.564683082248883e-05,5.388731982035082e-05,3.543895390870836e-05,2.340076297473889e-05,0.0007012913970371195,0.0030054889124427994,0.001539261148220746,0.0017789210168858746,-0.0780907096537628,-0.1987218460393185,0.033553532854399604,0.21540193094860438
2.9784015960882316e-05,7.200223782596281e-05,5.436408914568492e-05,5.1703590651057716e-05,0.00012614563064157762,0.0006174946886795987,0.0022457658991745654,0.00388164451837789,-0.03693844362534557,-0.2788769987133216,0.10774741733636423,0.2051427693497988
2.943578274185592e-05,6.83903170703043e-05,8.058937664330901e-05,9.845892784795233e-05,-0.00019579227444685714,-0.0013398788398113017,0.0029992916003502533,0.005469422921001032,-0.02744913739234138,-0.11259770698485849,0.042957722898773365,0.11241291117482966
2.6046296083017446e-05,5.478968770905534e-05,0.00011151536887600824,0.0001551566690291076,-0.0004821050573208374,-0.0013802470324384899,0.003185906846189591,0.005870125315230021,-0.02981341918245467,0.10452406845942086,-0.005634673730905815,-0.032272432329031875
2.113111996695677e-05,4.9849760141474664e-05,0.0001411639210030063,0.00020907415680680534,-0.0005009301658912978,0.00039226151892235526,0.0027438035792100245,0.004913372240309526,0.0260483974683626,0.24997764181274817,-0.0827859796650075,-0.15907818265506724
1.8745022869139573e-05,6.448430728676065e-05,0.00016572867074647244,0.0002482891857818401,2.3710746327858375e-05,0.0025346479101348426,0.002169146369483201,0.0029296335546974282,0.07887978497546863,0.1784996364297493,-0.03214546228035725,-0.23766955446735227
2.3719694382437086e-05,9.42229656197969e-05,0.00018691151224849197,0.0002673976612844218,0.0009712235563316442,0.0034130837564724068,0.0020674219309207054,0.00089206154581891,0.11062277702528853,-0.002812467162236487,0.011800574567858158,-0.16984484730835137
3.8582610309297834e-05,0.0001243672261627735,0.0002077875135224263,0.00026899855695513696,0.0020013596290405057,0.002615768352122912,0.002107778323866159,-0.0005718824116758799,0.09540443751648373,-0.15665061370766242,-0.003729295978767422,-0.12294394419060661
5.9725241007982575e-05,0.00014395426516050755,0.00022643724765342198,0.0002594230287884498,0.002227166510696442,0.0013016394474238985,0.001622168502332979,-0.0013432232216615493,-0.050243061185296395,-0.10617516723214027,-0.09339266832786858,-0.03132421780652725
7.716270703685935e-05,0.00015320438778728304,0.00023653354931932075,0.00024649055752416966,0.0012603266950789128,0.0005483850779312005,0.00039709183084677487,-0.001243271031194482,-0.1431249019382095,-0.04447570666639933,-0.15162266596937224,0.05131465589994075
8.23657775120122e-05,0.00015622964241488444,0.0002330356825718281,0.00023786983546470107,-0.00021971260004834234,5.666584758907923e-05,-0.0010966651803453076,-0.0004808733806992368,-0.1528829570872415,-0.05386813940202492,-0.14712873626904427,0.10116487419910827
7.442328187897647e-05,0.00015314151305390996,0.00021725879882976263,0.00023707178513055177,-0.0013687865265588025,-0.0006742917197839757,-0.0020587115680677833,0.0003212633138693771,-0.07693182821485053,-0.09232337407258606,-0.045280541275450836,0.05926246471461452
5.9878274508055764e-05,0.0001417772660763425,0.00019684700720477356,0.00024051614902515626,-0.0015402149476253398,-0.001598557675729514,-0.0020236467569300317,0.0003676094650515206,0.04264614400154307,-0.09252981711652158,0.05229350350300116,-0.04999323447818582
4.718521743395584e-05,0.00012229616500457165,0.00018099525398523195,0.00024063437246367924,-0.0009983964671946444,-0.0022976625386246594,-0.00114670388697829,-0.00034396477734692304,0.06571755208459598,-0.04729115546250745,0.12309507048734719,-0.0923216140015029
3.981903352254385e-05,9.940293060359165e-05,0.00017360902306716726,0.0002327624336696616,-0.00047484031508775344,-0.0022809843415713413,-0.00033054229663464726,-0.001230422981456608,0.03899367833678222,0.050626794873171066,0.040137247581381374,-0.08497002682043409
3.6142508754505504e-05,8.266715326128654e-05,0.00017088274844482187,0.0002182343071853437,-0.00026046463851991583,-0.0010661711268896792,-0.00021471262783443005,-0.0016752023154069718,0.003881456976785297,0.19233584806316134,-0.01697131382133793,-0.003985839969638694
3.390502776302946e-05,8.08127594401563e-05,0.00016720943550075357,0.0002017818069440307,-0.00018703155977529311,0.0006952923626636299,-0.0005199499609792299,-0.0016152977328556279,0.01080515877213925,0.15995684984750047,-0.044076152807622046,0.015966756479907473
3.392258336839795e-05,9.278010604280441e-05,0.0001602091173299952,0.00018743945821727336,0.00019054268084899159,0.001698176957865993,-0.0008801136731724469,-0.001253172012495838,0.06470968935271769,0.04062006919297212,-0.027956589631021336,0.05645838759205052
3.8327560685242606e-05,0.00010838106365149565,0.0001517739405861684,0.00017774439478684102,0.0006904527825199392,0.0014220145638722539,-0.0008069216755929113,-0.0006858406735906307,0.03527233098147184,-0.09585254799171994,0.042594989146928455,0.057007880188990945
4.6215941733578296e-05,0.0001165831567826562,0.00014744695285002352,0.0001729436762257691,0.0008872234271471988,0.00021840406235985638,-5.8475871636064864e-05,-0.0002743030386237545,0.004081797943980087,-0.14486955231075954,0.10709417164444084,0.02529964680438429
5.3943064561494424e-05,0.00011433684570944132,0.00015122013674673409,0.00017068363900525426,0.0006582011384360268,-0.0006676662770028326,0.0008131126509781786,-0.00017770440547921207,-0.04988625568621449,-0.03234451556177825,0.06722353287840786,-0.0059799201754758
5.696213205078105e-05,0.00010975909079831016,0.00016010978578780933,0.00016963936135727932,-5.438764057870155e-05,-0.0002478847052233992,0.0009648171572368698,-3.1151124115775126e-05,-0.09263150011673119,0.11630082991766494,-0.036882631626669646,0.03529057644816319
5.274993094543405e-05,0.00011245562295548144,0.0001678765291610927,0.00017280782443149982,-0.0007880525804906987,0.0007871911366576547,0.0005885315174198048,0.0006648437389598744,-0.054101487865668235,0.09071433845854585,-0.03837449633674335,0.10390839616696673
4.508955239441486e-05,0.0001232421163048938,0.0001733006733245029,0.00018416497838482613,-0.0007440231297131391,0.0013701075332248178,0.0004962973152622367,0.0016065870517053863,0.06290737802118015,0.02586894085488675,0.019927655905229727,0.08444026638213564
4.274721199919355e-05,0.0001356173690198671,0.00018042391247953033,0.00020366219367003022,0.00027555505066887787,0.0011049430097698448,0.0009283505157432486,0.0022928560053354337,0.14100825805522324,-0.07890184554588134,0.06648298419097264,0.052813524343873874
5.105521221992621e-05,0.00014364188979553732,0.0001936907470347963,0.00022866964331771044,0.001386044993477653,0.0004999611453641958,0.0017250163953099443,0.0027086339242006086,0.08108973050653179,-0.04209452733524846,0.09285019172236648,0.030342059429161128
6.59454469899435e-05,0.00014939760553613648,0.00021406480676474803,0.000255973048721434,0.0015920019605258071,0.000651182002755638,0.0023497955506804015,0.002752047156544104,-0.03989833709690094,0.07233869881353691,0.03210563935172499,-0.021659412960462032
7.755665676481728e-05,0.0001596935777181485,0.00023801272798709146,0.000282871082416847,0.0007302399944489483,0.0014080124336467647,0.0024397886937882864,0.0026275595825385003,-0.13245405611847083,0.07902738736468842,-0.014107010730148015,-0.003238101840658758
8.027923336410784e-05,0.0001772238795272832,0.00026128041547267343,0.0003098684552000537,-0.00018572467459083552,0.0020980479281801764,0.002213748803328106,0.0027719149741028317,-0.05073887768948593,0.05897971154199397,-0.031100967361888013,0.03210918015352504
7.847424212916673e-05,0.00019885548177610383,0.0002823935089530776,0.000337616410060621,-0.00017527357239738805,0.002228272521583948,0.0020088698927527237,0.0027776759980106293,0.05282909812817542,-0.03293479286123965,-0.009874814753188452,-0.03095697537196551
8.03481883307303e-05,0.00021938911600686005,0.00030371091015460793,0.00036437891996601493,0.0005500628127101015,0.0018784543245672974,0.002254610347553348,0.002574825983068161,0.09223817889332249,-0.037028846542090404,0.0590229057133133,-0.009613027616528158
8.998225492149565e-05,0.00023568645905614198,0.00032764786613346305,0.00038786509560063606,0.0013767505054429695,0.0013810142852890889,0.002532780848217675,0.0021224091438560655,0.07309935965325114,-0.06245916131355131,-0.003388805580447893,-0.0808703402258909
0.00010534436515350216,0.00024714509327596946,0.0003508271714148365,0.0004049064129792303,0.0016956715409583328,0.0009107125586764067,0.002103080208057013,0.0012858543318627837,-0.009315152550178493,-0.03160118400898512,-0.08255132245168458,-0.08644062217276549
0.00012002879685377351,0.0002557490846136613,0.00036611272872592675,0.00041234262265293307,0.0012412147990959377,0.0008100857088619584,0.0009540312541610398,0.0002013876028777676,-0.08157619582230054,0.011475814046095462,-0.14725846832751005,-0.1304527236242377
0.00012755169675694657,0.0002644888459751131,0.0003689699494690188,0.0004075898541435498,0.00026336518153867363,0.0009378665634284047,-0.00038258710554263256,-0.0011519413047544195,-0.11399372768915227,0.014080356867193805,-0.12006520361322442,-0.14021305790219968
0.00012510847222358602,0.00027280825212984807,0.00036081542918521765,0.0003896809440878248,-0.0007520100882107837,0.0007260146675185882,-0.0012483169512175953,-0.0024298407063905857,-0.08908132626073918,-0.056450736049157096,-0.05308076552176813,-0.11536682242503354
0.00011607254686254849,0.00027528494069408555,0.00034674395698890457,0.00036200185104242407,-0.0010551749839967236,-0.00023067695467109193,-0.0015659774880450203,-0.0031059779026895583,0.028448347103551222,-0.13488758838877893,-0.01045134184371685,-0.01986061683476098
0.00010725285327403744,0.0002651171379267754,0.00033031798592333923,0.00033302088230635786,-0.0007087637337054852,-0.001802883598790937,-0.0017192167250680477,-0.002690215844523682,0.04083390295469645,-0.1795537404351901,-0.020196505560888617,0.1030130284679362
0.0001018482095117704,0.00024024610460319736,0.00031256127229715086,0.00031131103246967,-0.00037216501874792215,-0.0031713230659246704,-0.0018321260001696268,-0.0016517541228138896,0.026485840036816158,-0.09413415299155661,-0.0023853494594272273,0.1046793158740223
9.766465645494871e-05,0.00020722072219006002,0.00029235728134729803,0.00030019540083538724,-0.0004645455926164159,-0.0034337534167027985,-0.002208672189800938,-0.0005713722040426633,-0.04496195481051492,0.04164808283593105,-0.07292388846683498,0.11139706788022297
8.989009865876696e-05,0.00017742566901426463,0.00026805324200079313,0.0002986139357972309,-0.001090365966619936,-0.0025252572184562795,-0.0026521356795000416,0.0002550791964113988,-0.0802021199901891,0.14005115681337274,-0.01576880947298573,0.05389321221058946
7.600101187663697e-05,0.00015905004991556316,0.00024382805884999817,0.0002995320133935727,-0.0016874513898060613,-0.0011498666012840159,-0.0021929009506589515,-7.146367714304537e-05,-0.03921496464703596,0.13502696662107996,0.10761575524120379,-0.1192017869214783
6.0523035085723785e-05,0.0001526102421533539,0.0002282340708765581,0.0002922703076841657,-0.0014081439683765753,-0.00013809495115783702,-0.0009258966440290613,-0.0013808774647383506,0.09507644893293317,0.06732736340415582,0.14578510608477427,-0.14268097059758272
5.2416402463535894e-05,0.00015345451000353804,0.0002250529996471021,0.0002715712975757787,-0.0002131825560610027,0.0003069485211946673,0.00028968239813786044,-0.0027589245569390494,0.14391583353018134,0.02168133106634504,0.09733070234861008,-0.13292844784255703
5.666857238484051e-05,0.000158271066316232,0.00022862111785647082,0.00024118854945246279,0.001063616540321925,0.0006563627413441232,0.00042394124373588277,-0.0033176250677241356,0.11144398574640424,0.048201512963546134,-0.07047893322900561,0.02118834568553979
7.053844371584963e-05,0.00016690865164826856,0.00022753728899036957,0.00021072350509566192,0.0017103577258799,0.0010711543250631892,-0.0006407070169561319,-0.0027753838036360385,0.01790425136519075,0.034756803780267076,-0.1424507189093973,0.0872599071320796
8.593175339757897e-05,0.0001777828494786094,0.0002148601276819713,0.00018693636677428506,0.0013683042104659674,0.0011036852410049771,-0.0018947252447235239,-0.001982043860639334,-0.08631495444797727,-0.02825062059190947,-0.10835292664408108,0.07140808146726135
9.371870532610098e-05,0.00018493613303810128,0.00019282073919598552,0.00016943025106181477,0.000189086175238434,0.000326971470893401,-0.00251315245247363,-0.001519179281854724,-0.1495286525975294,-0.12709213343040576,-0.015332514905940176,0.021164834289660595
8.959593318655464e-05,0.00018138515669765013,0.0001689803655084771,0.00015438265102986468,-0.0010136406031477014,-0.00103716673898363,-0.002254922285028053,-0.0014903407245352941,-0.09101670307969767,-0.14573550854500045,0.06697854839505551,-0.0153971228257746
7.659079672002098e-05,0.00016439317215234174,0.00014924155781224983,0.0001375220310054243,-0.0015873866901590307,-0.0023612301700780504,-0.0016928392542174021,-0.0018817832803527802,-0.023732514322568177,-0.11907717767388354,0.04543805776707471,-0.06289138833772262
6.00941162777991e-05,0.00013703344601054257,0.00013364915668172769,0.00011624737086841778,-0.0017119493982853452,-0.003110715058281782,-0.0014256409718870274,-0.0023731487470485253,-0.0011800273026947306,-0.03081979996686285,0.008001598699000245,-0.0353817050014264
4.405589180143759e-05,0.0001070223765892401,0.0001169564198102851,9.034814166336375e-05,-0.0014956954969869564,-0.002891498825978711,-0.0019129064024014904,-0.002806697093962281,0.0444308075623725,0.07466304642747706,-0.10545468480189285,-0.05132796438132475
3.193989736197591e-05,8.19265146483962e-05,9.250491587411061e-05,6.152938076550161e-05,-0.0009275033909053799,-0.002127673562190071,-0.002977394384833407,-0.002957055085610147,0.06920761365394279,0.07810200633025094,-0.10744291168449044,0.021256366051751574
2.593887100118097e-05,6.358976924203727e-05,5.849049519096089e-05,3.2840817917243195e-05,-0.00027270188125360815,-0.0015396755190817128,-0.0038254897517965365,-0.002780657484041536,0.06175268827641156,0.039497602291420686,-0.0621761617081355,0.014023154261970594
2.5030044561195783e-05,4.810866842906382e-05,2.076224040157164e-05,4.8729598554490405e-06,9.093659325657067e-05,-0.0015565446435129768,-0.0037201612060813144,-0.002812914128317295,0.0109750066256242,-0.042871427177673505,0.0832418708511799,-0.020474483117122355
2.6172538986228997e-05,3.2003877732223436e-05,-1.1648091238189652e-05,-2.3183510227019907e-05,0.00013756229175007195,-0.0016644134958551007,-0.002761905121870944,-0.0027983798881764947,-0.0016498669269239472,0.021297656709248713,0.10840934599089419,0.023381331145282347
2.6425441591817273e-05,1.76357914378577e-05,-3.3525574217345705e-05,-5.045547475529404e-05,-8.69817706324166e-05,-0.0012092037630180466,-0.0016135914739602666,-0.0026560130174783318,-0.04325894554957376,0.06974428985816211,0.12125338359124133,0.005092042994350232
2.2944778046335624e-05,9.857962921996123e-06,-4.455073873415331e-05,-7.573500725844103e-05,-0.0006091509384639134,-0.0003463619401542689,-0.000591441429401254,-0.0023998934831510658,-0.0611748880167256,0.10282407471459343,0.08317662532056119,0.04613186387110296
1.5161388768610042e-05,9.906069000174585e-06,-4.680502323997667e-05,-9.668923579130405e-05,-0.000947526917081203,0.0003559831557899615,0.00014058452823658145,-0.0017909522234215384,-0.006500307706732329,0.03764494447425265,0.0632285662070059,0.07565638807480252
7.071783399690969e-06,1.4198240142300575e-05,-4.345627161289734e-05,-0.00010828906687831568,-0.0006703941567026115,0.0005024510726352363,0.0005291657971792849,-0.0005290139939807864,0.06192685978245061,-0.008351361105197685,0.014487687581534778,0.17673125781334786
3.811266641084255e-06,1.8773360509037134e-05,-3.752043181093719e-05,-0.0001043971504852857,1.8290804981268833e-05,0.00041257300071207575,0.0006580021632127446,0.0013073972725867816,0.07581013255432548,-0.00962425327943442,0.01127958562515717,0.19055099550016574
7.374010615698425e-06,2.386802136779458e-05,-2.9507382493203564e-05,-8.39754358208723e-05,0.0006942579899415652,0.0006063591710394135,0.0009446077003339813,0.0027769456602958972,0.05938330443773379,0.04838148734490197,0.04604152179909017,0.10335868204165743
1.6067077738323144e-05,3.148987487046606e-05,-1.6855027849485156e-05,-5.207043358293024e-05,0.0010443554345833787,0.0009180115294948822,0.0015858632284097003,0.0036040547872925152,0.010636184490628892,0.013948984346191767,0.08220958381605363,0.06206314335766616
2.5730754783888503e-05,4.25262298572151e-05,2.5458937452873844e-06,-1.444567884517169e-05,0.0008883799745296932,0.0012892594678549263,0.0022943210905448075,0.003920896160259195,-0.041831276501366005,0.06030060332581702,0.05948198861096783,0.0013051312356697764
3.3008562842437384e-05,5.89166686600139e-05,2.7658972541243754e-05,2.370850452239746e-05,0.0005671816371800829,0.001988828292704833,0.0027282946686464672,0.0037099405132546347,-0.02240839096855604,0.0796131616441643,0.027312727009364088,-0.04349626063658185
3.893372283633405e-05,8.133725028556115e-05,5.4993499285741535e-05,5.747020370909873e-05,0.0006178503615992503,0.002495288032404618,0.00273861068025309,0.0030423993240856193,0.03254213585238952,0.021678786295792812,-0.02524952468803958,-0.0900119771972212
4.770340570350204e-05,0.00010598563438493594,8.038299860002644e-05,8.351649614067103e-05,0.001136086211834347,0.002434388787470338,0.002339289182603892,0.00216685916222884,0.07110503419462982,-0.03385863528264879,-0.054614774841799954,-0.08509605517413465
6.136147469249436e-05,0.0001274793070993111,0.00010188597490106693,0.00010078505485502888,0.001595527585964118,0.001864345755404695,0.0019613060776042046,0.001286852580642729,0.020783240631324362,-0.08014997113047981,-0.020981846158137515,-0.0909052611430875
7.694715596576205e-05,0.00014301432410298844,0.0001203370404313912,0.00011006356308932322,0.0015216086686894205,0.0012426576453307722,0.001728907028460649,0.0005688490662161403,-0.03556702408626383,-0.04418765088430479,-0.025497963670573623,-0.05269544174223023
8.875476539487031e-05,0.00015377505725187063,0.0001340443498951696,0.00011448259358566912,0.0008399132171322311,0.0009094889844456663,0.0010125548642950333,0.0003149570330530395,-0.10077206622517404,-0.022446081292716386,-0.1177724691625495,0.0019170351096100824
9.163733253881074e-05,0.00016115015007156622,0.0001390465483613654,0.00011894625843622798,-0.00026339978834414505,0.0005655295794934517,-1.2115171055871983e-05,0.0005777759370587322,-0.1198905348701012,-0.046345799697726536,-0.08716153790763155,0.050646745691528466
8.524052707989585e-05,0.00016258440934993412,0.0001362426775614808,0.00012450347851456495,-0.0010159613034388339,-0.0002786777238198716,-0.0005486589889210481,0.0005336680786086621,-0.030621768148836548,-0.12249566096493811,-0.020147225665403654,-0.05946831738154251
7.537053734206706e-05,0.0001532360949757003,0.00012940039711329556,0.000126023927979583,-0.0009580366441269232,-0.001590985151026892,-0.000819797100716002,-0.00022957818560505295,0.04220670001121868,-0.13996582447646597,-0.03408039669358713,-0.09318093546120049
6.663860789152895e-05,0.00013175902113646675,0.00011843547261829892,0.00011850663069528232,-0.0007883492459806983,-0.002704429616819819,-0.0013731877982833265,-0.0012738812712550832,-0.008269220381973696,-0.08272306868211945,-0.07659774281987776,-0.11567968166880555
5.7768701744622406e-05,0.00010389976290243617,0.00010063132669617733,0.0001007059651898042,-0.000985631983400611,-0.0028674220299862952,-0.0021876413861409913,-0.0022862518298405405,-0.031187327102008833,0.05012458604882422,-0.08629297475165519,-0.08679443004828585
4.6880090740524136e-05,7.895343326712126e-05,7.458605509065336e-05,7.415367006769078e-05,-0.001192090217419043,-0.002121843897076687,-0.0030214129349638032,-0.003024207194582143,-0.010104319701677578,0.09899104053309746,-0.08046133501290721,-0.06079664290003467
3.5289274193507906e-05,6.067336868095009e-05,4.276352711321429e-05,4.1065276915096465e-05,-0.0011260730919842028,-0.0015341690201575485,-0.003343092660524012,-0.00359347143593672,0.023307744788645612,0.018543934850730165,0.01612538990086544,-0.05305620537088068
2.543573326898083e-05,4.632348933496251e-05,1.1104170448085914e-05,3.161885588993789e-06,-0.0008446350929212124,-0.0013358068490399676,-0.002988778672501662,-0.0039872068292838144,0.032979855023952453,0.02112849937278602,0.054737407703604565,-0.025690873298538197
1.848475025618865e-05,3.3136392379417555e-05,-1.5137924477012017e-05,-3.789690819577415e-05,-0.000545561509637223,-0.0013016125420690226,-0.0022596403125179246,-0.0042245519276697735,0.02683486163284543,-0.01428963797859703,0.09109026429314294,-0.021778146378653662
1.389471991850463e-05,1.9408285029160414e-05,-3.396327184919099e-05,-7.810110348369337e-05,-0.0003724445578995813,-0.0014440089279824052,-0.0015054291619178701,-0.0038162871299140693,0.007788528714682913,-0.01418963920407948,0.05975196582686791,0.10343110592979449
9.994028136401666e-06,5.206267402406724e-06,-4.8542447760239155e-05,-0.00010990439222226784,-0.00040769379852101156,-0.0013963945973683328,-0.0014104060202917625,-0.0025443706178008268,-0.014838376838968964,0.02371250532689398,-0.04074733750164637,0.15095219649285402
5.570671010357912e-06,-5.9843858411457655e-06,-6.437740897914123e-05,-0.00012691612208780105,-0.00047697762668773926,-0.0008417360513421647,-0.0017565862234886517,-0.0008579753553058149,0.0009816112056234283,0.08721920387833962,-0.028488703137731455,0.18632685600614834
1.2019652179844503e-06,-1.11726384179193e-05,-8.038836138448778e-05,-0.00012778891897914418,-0.000396763531786953,-0.0001959144640125421,-0.0014456042575806591,0.0006834159770371892,0.015061207774533819,0.041945113587584903,0.09068509631932999,0.12195141046245245
-2.0729990199963067e-06,-1.206312741780176e-05,-8.712106482910821e-05,-0.00011405662189367116,-0.00025822931580919846,1.7816664036050112e-05,9.906356865657358e-05,0.0020630434400574164,0.012645635421017098,0.0008011120221335377,0.21824846892811656,0.15397408214159297
-3.7174007132147742e-06,-1.1807791128081786e-05,-7.593460350065511e-05,-8.636360152214622e-05,-7.065102283449504e-05,3.325059390794459e-05,0.0021382286970340458,0.0034755606342475706,0.02487002317392359,0.0022856739522453574,0.1895845567473779,0.1285293566964379
-3.202629171553083e-06,-8.963762270538993e-06,-4.606160558638562e-05,-4.609024402050397e-05,0.00017360533116683326,0.0005355551776006141,0.003836370885819852,0.004579110866080879,0.023981247626342073,0.09817524278628854,0.15004388100978333,0.09218068967022369
-1.4117388855135588e-07,3.2175219440362938e-06,-3.849857231296488e-06,4.048278415243799e-06,0.00043868572543351216,0.0019007016653144432,0.0046059787851979745,0.005448593621068675,0.0290348312269937,0.1748540547564773,0.0038776988658412725,0.08171586132733549
6.5809806862689455e-06,3.0244464905754655e-05,4.196470595425182e-05,6.19909511444768e-05,0.0009057451895305478,0.0035046869270292285,0.004556933851911688,0.006139940924777926,0.06437706159241345,0.14594299758647977,-0.01368668552309854,0.05655359941451471
1.909325289031797e-05,7.115047141382186e-05,8.787210347545513e-05,0.00012543339633471154,0.001596709251279257,0.004676514374584211,0.0046245456523289746,0.006548548113269023,0.0738157507573284,0.08842249192451679,0.02720904560655585,0.02516783828370467
3.918856729839515e-05,0.0001203653967137947,0.0001377232270662924,0.00018927673601070976,0.0024223536303361794,0.005166470685410356,0.005345679065838476,0.0062201198219306204,0.09131312505405607,0.009568770240712232,0.11701763709534446,-0.09085349655138525
6.604205418847444e-05,0.00017091492543757963,0.00019692616539555626,0.00024678206873721294,0.00294834374767968,0.00494343505934663,0.0064949086000143,0.005280946723370014,0.013884898414644034,-0.05417589545345736,0.11282826973982035,-0.09698112316073598
9.482152691148691e-05,0.00021838744686659078,0.00026388155293978943,0.00029817724750793163,0.002807550796922815,0.004551069226455599,0.006896168908832334,0.004998089030773726,-0.04204348856601704,-0.024297271124748998,-0.03257620797621347,0.040409584641478424
0.00011910738628419754,0.0002633189310370992,0.0003278761308594752,0.0003504728726890156,0.00204962107761931,0.004435227607646089,0.005902746675104824,0.00546103600544307,-0.10954245529468397,0.001128947362846966,-0.16610823876928854,0.05217981029239033
0.0001347845864597546,0.00030538439276243896,0.0003785258866931052,0.0004070718198015692,0.0010858189574921044,0.003977864737421861,0.004227204491621177,0.005858753417067645,-0.08321796873075717,-0.09260152140769262,-0.16900019792744086,0.02736367203252449
0.00014196394182081095,0.0003378271012966678,0.00041372521122344497,0.0004651227353892756,0.0003500521147191641,0.0025106769694239056,0.0028126604144467727,0.0057514297004736415,-0.06393539982383088,-0.20083603219189838,-0.11390861750744002,-0.04882841535132515
0.00014299659279905046,0.0003517135275569781,0.00043719109227047714,0.0005171281019108781,-0.00014352191907126275,0.000266608282638157,0.001880515794959662,0.004649643603846859,-0.03477940693425448,-0.2479777051652513,-0.07252030638998214,-0.1715288039740313
0.00014029615611585585,0.00034521264112627025,0.0004516604670274823,0.0005547072807324578,-0.0003965654175676587,-0.0015667855687797284,0.0010133591564413643,0.002866192160469072,-0.015829292765024712,-0.11870106511832579,-0.10091102131367741,-0.1851614847015261
0.00013494627996902446,0.0003270471088418884,0.00045676921704155366,0.0005730343425812771,-0.0006734098117986189,-0.0020663208880966374,8.390846372913641e-06,0.0007992202092947896,-0.03953958608116733,0.018794001254944015,-0.10008264070001274,-0.22823290553333037
0.00012618260494791535,0.00030811350550790794,0.00045127047752813946,0.0005699320204579959,-0.001079325192423204,-0.0017203997786994604,-0.0011081387490557543,-0.001419684633951035,-0.04164349004374971,0.05039022062449139,-0.12322327838572084,-0.21554806311583458
0.00011521624124934082,0.00029280541705980925,0.00043372244066221624,0.0005452927927421743,-0.0011139475472917017,-0.0013412179109202756,-0.002401468624128891,-0.0035081609092132825,0.034719019070050185,0.025446152931345556,-0.13544269662890646,-0.20214719193661496
0.00010600966888854657,0.00027910405315863636,0.0004035652309006116,0.0005008920866664027,-0.0007273669248671484,-0.0013990548693143027,-0.003629973328192034,-0.005371980305941022,0.04259710541486047,-0.03701354461015094,-0.11025824418372226,-0.17061668740893293
9.993941035467734e-05,0.000262450388231589,0.00036263998936276765,0.0004415776334686316,-0.000486684781906697,-0.001931678116095175,-0.004555074979376758,-0.006490910333613202,0.005539323177229806,-0.06951110474602351,-0.07476208605322238,-0.05316931812550313
9.483365257103548e-05,0.00023938853700465618,0.0003142583680285692,0.00037344719425481265,-0.0005344667748216762,-0.002680692129291385,-0.005121249287462933,-0.007135177509150592,-0.015095721760225646,-0.08029169789321855,-0.038472775564012796,-0.0756841169819748
8.690632175801917e-05,0.00020863731173532653,0.00026165279053984823,0.0002991678700667318,-0.0010509993877815859,-0.0034695529245745435,-0.00539986621028126,-0.007720687328465578,-0.08821080083175631,-0.07748046116341312,-0.017250608999652528,-0.04141784688102251
7.201729256932941e-05,0.0001712034328331713,0.00020627832249748204,0.000222061199852418,-0.0019268064499563648,-0.004017222855856503,-0.005675027398191978,-0.007700646714397183,-0.0869506116031995,-0.03205352509297865,-0.037781628582490956,0.04542596969470153
4.910165499407849e-05,0.00012927369277226485,0.00014783045676463862,0.00014882417895073158,-0.0026563210650938198,-0.004368725156324788,-0.006014545748376707,-0.0069467574659401,-0.05895231142429147,-0.03824693500067833,-0.030122041454454795,0.10535187999671497
2.152596846232157e-05,8.35706920884578e-05,8.753763833450857e-05,8.55218764001177e-05,-0.002858816241257565,-0.004771874980436622,-0.006044017937649303,-0.005713703044182675,0.018453276191542467,-0.04238302982168862,0.02422760359993542,0.14125900435476996
-4.1808798518728e-06,3.4745994472751435e-05,2.9660926660691188e-05,3.511776305393293e-05,-0.0022825534215813095,-0.004993064542704651,-0.005531324397114174,-0.00436711962505428,0.0967992877437086,-0.001854882631917243,0.0783111045070905,0.12805767947090912
-2.240623254441135e-05,-1.2921004043923542e-05,-2.142399314282306e-05,-2.947563195646219e-06,-0.0013625171169264006,-0.0045403351606303445,-0.004685659563588677,-0.0032459456248615497,0.08720797318727314,0.09240075904677869,0.09082186219800886,0.096177120567637
-3.281586822582442e-05,-5.2732637223284795e-05,-6.285776678370187e-05,-3.204964838983108e-05,-0.0007194100193562137,-0.0034219914752419067,-0.0036010951645870848,-0.0025744714139754226,0.04141344632676425,0.13126797803090884,0.1260910176023095,0.03811772160958843
-3.839795706660995e-05,-7.937060415814794e-05,-9.145059684982872e-05,-5.7318377563384734e-05,-0.00039700774880089163,-0.001905601911730723,-0.0021174708486382853,-0.0024792744207353073,0.023067007784300153,0.17200993467132786,0.17063384558745037,-0.019078322961565364
-4.151857726386062e-05,-9.050328961169037e-05,-0.0001052967433839652,-8.111172788904936e-05,-0.00022711629064924236,-0.00032093517897776214,-0.0006517584581890116,-0.002279395644397617,0.010911283846029698,0.14492341187926433,0.12250863250240435,0.05905407822910341
-4.3161513581464265e-05,-8.688603501670947e-05,-0.00010629908894398849,-9.945930719688495e-05,-0.00010147097287148678,0.0010443860979739415,0.000451289346184353,-0.0013901202171695023,0.014217779709521414,0.1281408435110764,0.09810092837226858,0.11880100721651948
-4.205799137371877e-05,-7.260589369423194e-05,-9.703683951147425e-05,-0.00010639487805489141,0.00032217541442058613,0.0018116421665215644,0.0014011605403184953,3.0060455682113726e-06,0.07051149774889318,0.025310370198448173,0.09187331045455988,0.15982424533102324
-3.5767527768025176e-05,-5.385905706683127e-05,-7.791087405311885e-05,-9.806479711857087e-05,0.0009359173067181321,0.0019377251589585704,0.002424032551352584,0.0016630101416958958,0.052236880710616024,-9.37717110469638e-05,0.11270109175225779,0.17217657389451363
-2.460829916260584e-05,-3.49205006283014e-05,-4.8362833443961925e-05,-7.157579931445457e-05,0.0012959284143657353,0.0018499861287474034,0.003485575570478802,0.003634789419127365,0.019765340818904603,-0.01745403433118642,0.09960751207298585,0.2221792815917802
-1.2457237629654238e-05,-1.6400810841598568e-05,-1.0233820289030564e-05,-2.4970198542353585e-05,0.0011342838922245848,0.0018539518285931628,0.00414022706050747,0.005686330735292832,-0.05209424524713471,0.018247174300338287,0.03132278593274779,0.18812898164131325
-3.7083049646796905e-06,4.777380252661634e-06,3.23028149318932e-05,4.003521895923543e-05,0.0006155026407703248,0.0023816863902588773,0.004367099983677282,0.007314752765024973,-0.05166200504371729,0.08729973803280466,0.01405179870121459,0.13755542430511508
4.7227565137757064e-07,3.1564719795492325e-05,7.626538125351964e-05,0.0001165339016274694,0.00022061348244112745,0.002975781518307262,0.004425413280648007,0.00798498376862182,-0.027315826622122175,0.03151928757687228,-0.0023891393070696876,-0.0035092235857458465
3.4068524447137004e-06,6.243900973150591e-05,0.00012127305968685236,0.00019258488135213137,0.0003663018762260985,0.003199076468895455,0.004576122406018537,0.007225212176310573,0.05645350537911638,0.013139702540766351,0.03253096438117559,-0.14844509487650354
1.1202373096398549e-05,9.395127097314336e-05,0.00016818162638095545,0.0002560211472628937,0.0011928022541108714,0.0031033757794320343,0.0048055909328020814,0.005462041005841897,0.10884657019783821,-0.032279840433450446,0.013362740975533416,-0.20418913921723164
2.7262702011361014e-05,0.00012389492326279238,0.0002149990524945418,0.0003010231276604331,0.002019263528881622,0.00288535467849777,0.004557894289915186,0.003538355073665978,0.056445684756311856,-0.011324379753402503,-0.0629020695529125,-0.1805480472179522
4.7839110061849216e-05,0.00015303076065954776,0.0002551625310792988,0.00032738094524325937,0.0020960180812160186,0.002941812800853307,0.0034748014270362115,0.001733208442899277,-0.04109477428943255,0.022616004224509934,-0.15371650302288248,-0.18048127893538796
6.583615572662586e-05,0.00018306983291374037,0.0002814182844874367,0.0003370685534120017,0.00150339105173931,0.0030660016499852137,0.0017763492545913773,0.00020431319084919086,-0.07743063160590911,0.0022217656018713727,-0.18597393146608437,-0.12529777147462923
7.70632054905521e-05,0.00021012796736252234,0.0002909591419324309,0.00033367258952752,0.0007420189010459369,0.0023456252397711795,0.00013182223440745826,-0.0008835059677455366,-0.07484379853276553,-0.1462970476446782,-0.14293147257069944,-0.09226606024431627
8.085459949645615e-05,0.00022383288763676572,0.00028525957373246166,0.0003192158992644284,1.625990013487367e-05,0.00039535881507749655,-0.0012717358744013063,-0.0020078320848727774,-0.0703080016494471,-0.24375623729405838,-0.13778014919105347,-0.1325991631811319
7.716310748643694e-05,0.0002156927658413056,0.00026652951565366896,0.00029457218797983677,-0.0007545583021387154,-0.0020233831741695214,-0.002474275741357234,-0.00292091017204555,-0.08385563880527071,-0.23999216055534522,-0.1027278242001321,-0.05001645425342266
6.637344157933314e-05,0.00018528472149459041,0.00023593764143721338,0.00026269001916530063,-0.001403374879282044,-0.004058225695173515,-0.003644099101933881,-0.003455523590861678,-0.04590767662339505,-0.16697634364545344,-0.13123684791519735,-0.0569062295098029
4.938774770854243e-05,0.0001390801577823548,0.00019268281274511829,0.0002247200787509603,-0.0019937638948760985,-0.005182687047273606,-0.005006866636485138,-0.00413846449200639,-0.07217012649541583,-0.05791592677456481,-0.14131665899505402,-0.07968195071913947
2.5597853295249928e-05,8.702523671162799e-05,0.00013600140633939135,0.00017811486523850286,-0.002764214987782401,-0.0052282971668717575,-0.006329414644660251,-0.0051825782104850966,-0.08192009208584465,0.04879390285493446,-0.12319294263996855,-0.1291407929766018
-3.029570154458364e-06,3.6456734101067916e-05,6.800500324720213e-05,0.00011837886169720964,-0.0029612697021592564,-0.004885403355240258,-0.007269865973777593,-0.006764622497773548,0.04250914921047359,0.019784859471365435,-0.06489732318349989,-0.1872680644810884
-2.885359051263158e-05,-1.177303527378131e-05,-6.056013059462536e-06,4.22034383725145e-05,-0.0022035343694753865,-0.004760550519729586,-0.007542337287555342,-0.008470462167165481,0.10903791732630037,0.005185707630768865,0.010403060427950084,-0.15389986939729822
-4.597050530643661e-05,-5.8703071381026426e-05,-7.893459892814953e-05,-4.827134302664305e-05,-0.001219848589285619,-0.004625456701719437,-0.007033379886182058,-0.00962449411266603,0.08769923871165312,0.02183305597126095,0.09138841984670681,-0.07690651970281154
-5.4922630353381966e-05,-0.00010205912401180956,-0.0001449773981325582,-0.00014612976734908732,-0.0005705764201034527,-0.00404575382443719,-0.006175179954699674,-0.009947190751822824,0.04215519512478012,0.09410751948518836,0.08025156644977,0.012367191871452687
-6.009168188380191e-05,-0.00013739970525618626,-0.00020332775819455702,-0.0002421677371358454,-0.00046323388598053586,-0.0030223624244381485,-0.005494892057700093,-0.00926040320552879,-0.02068668830019675,0.11057076051462,0.055806012950146144,0.12499031738735417
-6.592433121302442e-05,-0.00016320661348773543,-0.0002555978924737712,-0.0003258047945538538,-0.0007032959798639653,-0.002139019221871686,-0.004959134798142741,-0.007467008278072895,-0.027325730476489132,0.06609787999867245,0.05134543896132432,0.233688668103825
-7.387277978750086e-05,-0.00018319087725689813,-0.0003008743601758317,-0.00038696660599097955,-0.0008863937350313238,-0.0018578335319608533,-0.004096158742269365,-0.004765354009352249,-0.009293820556982565,-0.009860742016505886,0.12124977221335081,0.30664218564030415
-8.29583405399027e-05,-0.00020215004413804522,-0.0003347634306541897,-0.00041954351420091197,-0.0009307184154490443,-0.001933999844268565,-0.0026816553534022274,-0.0017500276326342353,0.0004288844734384595,-0.005372520445036444,0.16165090556007672,0.2964230897032986
-9.251750314048224e-05,-0.00021986831135367121,-0.000352757207394244,-0.0004243079545302117,-0.0009811141046668624,-0.0016096535988566333,-0.0009170999946086387,0.0007971395667742847,-0.010508022317002083,0.07024176952742278,0.191260166198641,0.21301035017840536
-0.00010241325200349024,-0.00023132397563396416,-0.0003520377909860103,-0.00040607296349088,-0.0009980356679347392,-0.0006814792572019549,0.001060983276255385,0.0028498586410920573,0.007123709663426722,0.1153930988035129,0.20435648797416378,0.19753346468514915
-0.00011009167069250823,-0.0002308723716634406,-0.0003329075502533635,-0.00036945629265889136,-0.0005376480698688586,0.0007718000513066646,0.0027650648702739703,0.004473475525305673,0.0849538099497494,0.17526276289821102,0.13645983082955332,0.12718991215757397
-0.00011006725042285261,-0.00021407478609395547,-0.00029887803429770333,-0.00032252055145662914,0.000542532123799983,0.0025877170625903624,0.004040838320858065,0.004913672715146772,0.13108222878401893,0.18792063935852854,0.11869485928726559,-0.0391504741893543
-9.748861502492697e-05,-0.00017980990421426982,-0.0002531976997978446,-0.0002748887684805634,0.001973194955785145,0.004265259313346767,0.005095228579113683,0.004612683880066373,0.1550503376130135,0.14758781079275252,0.09218319236385791,-0.021047292826725295
-7.092161495261207e-05,-0.00013093448471457634,-0.00019896410853404583,-0.00022833528319577185,0.0033402050586778336,0.0055098245865919295,0.005751489673646069,0.004698013176891938,0.11835168296552417,0.10132524385627983,0.0390690265426194,0.03811315219183825
-3.435747855250192e-05,-7.331052383804887e-05,-0.00013992134838568355,-0.00017848807634342152,0.003972622221344197,0.006014967588713564,0.006057062356026388,0.005271428193578127,0.00813174956774848,-0.0002966434319527922,0.022045509933444507,0.07656985114539966
3.2182766421920287e-06,-1.4028616717166862e-05,-7.827794748338352e-05,-0.0001208084564444546,0.003542528817594593,0.005841413835462836,0.006271617824433618,0.006264495786215256,-0.09415043031766929,-0.034414107218192824,0.02086558374800135,0.12204366738202616
3.211002405229827e-05,4.073170373384586e-05,-1.3834690000808436e-05,-5.214349637300966e-05,0.0022358206644266547,0.005110650254739708,0.0066170336720814005,0.007468496228073733,-0.16719120031591833,-0.11173860892643284,0.04821758578155527,0.11875642098966926
4.727466826660653e-05,8.572561077714167e-05,5.3575497053310906e-05,2.825878904808449e-05,0.000797108178434998,0.003888131153919453,0.006865003738742468,0.008611960856145098,-0.120551296882413,-0.1327652112376182,0.001376427550658199,0.10993650462460364
5.120786897144644e-05,0.00011858787152907908,0.00012010192490659116,0.00011711091961982633,-1.0468037467015624e-05,0.0026843209964680305,0.006440281831913581,0.00915846525820327,-0.04096394629798972,-0.10799682025266633,-0.08632080891643551,-0.0006356242129691991
5.003584344156941e-05,0.0001413369757548148,0.00017901234966547286,0.0002063634197162177,-0.00022393706850839013,0.0018654998486791132,0.00534180311986276,0.008692034761075001,-0.0017298599102851808,-0.055767409305117144,-0.1333749334937287,-0.09265047521268471
4.9225543477758264e-05,0.00015914071177495996,0.00022539401545929695,0.0002846743069766334,6.187707574616035e-05,0.0016952473553499183,0.003934530038902057,0.006970142691008142,0.05889268876119528,0.021716910639278164,-0.14807968269841182,-0.25172793880068717
5.4089785295072585e-05,0.00017724915560421613,0.0002572508722251444,0.0003390887963250446,0.0009109712877167038,0.0019264414105013153,0.002436841314267439,0.003912755178674099,0.11092615363291342,0.024521900391001217,-0.15145806222851182,-0.35974956366612126
6.661535362937123e-05,0.00019608547809055237,0.0002749946758616373,0.0003604636356611655,0.0015941423791430247,0.0018408230867659329,0.0011119194130311365,0.00036221268855008044,0.02570806465235076,-0.04164556513807771,-0.11352631801874863,-0.35035893435868254
8.253019110511395e-05,0.00021094552505825315,0.0002803746519452913,0.00034830902233886913,0.0015888251160055193,0.0011311863067742238,-3.592419630034241e-05,-0.0027931353530093574,-0.02677151727985183,-0.10028179086026412,-0.11604240384754716,-0.280710673953205
9.508506686341705e-05,0.0002167673007994811,0.0002736669676658554,0.00030924780790087425,0.000922150035655102,3.316884147136381e-05,-0.0013056126595868277,-0.005019107534589619,-0.10656349879023164,-0.11932170220030788,-0.13789528880974988,-0.16448376236284729
9.688835831794442e-05,0.00021044098161668247,0.0002537529714084739,0.00025423411897156767,-0.0005614917447496288,-0.0012984326780310878,-0.0026771865918894786,-0.005983630251271696,-0.19016485729071453,-0.14699860170018245,-0.13641949765078032,-0.028420780973568094
8.313938537577871e-05,0.00018929319834478777,0.0002195604088246088,0.0001946883624837717,-0.0021883028436835124,-0.0029311239763478514,-0.004161325924883541,-0.005925521046287499,-0.13519736249606223,-0.17953965796317026,-0.16040836894803212,0.0400426219704077
5.671203182710549e-05,0.00015128649357067702,0.0001713143826539317,0.00013951696885960456,-0.0030971678660511315,-0.004670216978474299,-0.005487879309251876,-0.005108757678545928,-0.04657564197746161,-0.1682789424621192,-0.10490230792563493,0.12331005157790648
2.6002897167370464e-05,9.767052026860892e-05,0.00011266031776123931,9.238442058627959e-05,-0.003044659065895873,-0.006052977681939321,-0.0062429336692866,-0.0043177519761190665,0.057077402008513356,-0.1082731982308853,-0.04610856408130981,0.034891088907465784
-1.2691200031641398e-06,3.573228761828184e-05,4.9620082258512253e-05,4.9018173326146246e-05,-0.0024097443682110486,-0.0063346688481260936,-0.006365113431258815,-0.004355497475907603,0.06990553752845147,0.05193496499353076,0.02167261168686696,-0.042440188865173034
-2.2491940628233014e-05,-2.1090611507238248e-05,-1.1917101597505399e-05,2.4374954282336366e-06,-0.0018348197568027263,-0.005029910976977923,-0.005942323339944717,-0.004960638103674918,0.04507938475321299,0.20901660923610324,0.06288540657595265,-0.07858793668829006
-3.888467676628446e-05,-6.050579169409807e-05,-6.609366320347326e-05,-5.255466180630594e-05,-0.0014437274708075632,-0.002853125060394039,-0.004892988981248857,-0.006037793343232999,0.03313907244581965,0.22634057408067362,0.1469814651632192,-0.1368431112233261
-5.059447357079231e-05,-7.998184378919464e-05,-0.00010844731545254984,-0.00011749394852508391,-0.0008982318900940071,-0.0010420853586252748,-0.003577741468566457,-0.0069500640005225964,0.07596004369689158,0.1358673662730792,0.11606803737326088,-0.04561102023459346
-5.5949427755408144e-05,-8.554838877865101e-05,-0.00013898644857814234,-0.0001855379644645868,-0.00017275894682915942,-7.122363926600052e-05,-0.0025300851565520427,-0.006658739187377981,0.06913454495607796,0.05830497759877565,0.09346322502962201,0.10387598286351657
-5.424418972925445e-05,-8.572264085784391e-05,-0.0001605118534805299,-0.00024245126737892832,0.0005138065520598988,3.637322342741994e-05,-0.001774995823925472,-0.0047239213954903235,0.06817855482173368,-0.036785605060091556,0.057554641495692116,0.2830875755140149
-4.765212114844421e-05,-8.728876450703414e-05,-0.00017686667608627786,-0.00027488780051575977,0.000804607164102148,-0.0003495979532654659,-0.0014959686972241177,-0.0017633852318759656,-0.010018432413283818,-0.04040863027848561,-0.0017492161554212293,0.30901965720885666
-4.080517391058219e-05,-9.179937665479503e-05,-0.00018924721522861577,-0.00027732431488576944,0.0005647822834702563,-0.000552524476286712,-0.0009801391312434645,0.0012760823578740325,-0.03794654371309453,-0.0001766743257636122,0.10491512935155184,0.2988738607411429
-3.7829540953435746e-05,-9.67079171447281e-05,-0.0001927588865560012,-0.0002535045139403295,3.034430795903259e-05,-0.0004291836216999021,0.00027780486576637784,0.0034878778312139517,-0.06894105138915022,0.024844845243125593,0.14667367005041665,0.14348523392684093
-4.0044422766782314e-05,-9.787235426407227e-05,-0.00018105145310513105,-0.00021398843488010092,-0.0004733206706283462,0.00019629619783106798,0.002063681824407653,0.0044153379808317674,-0.03179194432832555,0.10025111866306842,0.21050172167783843,0.042006795996722246
-4.5091271906091256e-05,-9.040688146755313e-05,-0.0001512373360797108,-0.00017011994030365784,-0.0005360491572334422,0.001296798361472762,0.003899141580676397,0.004358360934456849,0.019246247007306344,0.11984931406527037,0.1565902295759103,-0.05340220527170597
-4.769961439525962e-05,-7.174485990841548e-05,-0.00010713077601476852,-0.00012916999711764566,1.4380659399769089e-05,0.0024356059503547675,0.00492217043231206,0.0038316277027455863,0.0908397163193359,0.10791220371113071,0.048015540751222385,-0.051944441070546576
-4.1883455211761716e-05,-4.17740569399836e-05,-5.837946102276444e-05,-9.208894459541299e-05,0.0011488511772998122,0.003558554643331608,0.004828092566088755,0.003584582801700949,0.13605438726067268,0.11667753488423731,-0.06683111399588348,0.0025354608616190988
-2.3823877875030426e-05,-2.449928659433515e-06,-1.3888079099924791e-05,-5.5216919106926615e-05,0.0024630642900464452,0.004306271012778409,0.004070183818479176,0.003789822295996325,0.126788235288654,0.032865739005122976,-0.08475063552603235,0.03851243799745613
4.880260541526224e-06,3.9176221226166705e-05,2.243744357434709e-05,-1.5138490444030378e-05,0.003277763393264885,0.004018958964341635,0.003194920716375201,0.004225863436582923,0.03615158535503396,-0.09032814869247781,-0.0903019848947626,0.048695790119863525
3.576147646223745e-05,7.366884042981407e-05,5.072501278814259e-05,2.844834087328085e-05,0.0028984797908773595,0.002879564876387838,0.002462593126383899,0.004491502826879322,-0.1120083058325391,-0.13755066889828155,-0.056163533103497754,0.0044320879394161294
5.6401003202741496e-05,9.617144433174426e-05,7.436585121900451e-05,7.26340377765813e-05,0.00122942555722345,0.0016209559039982015,0.002265574559788486,0.004345636553780768,-0.22180254089824278,-0.11417112557964576,0.01675981978441521,-0.033605342559126894
5.8584644648935104e-05,0.00010721254983688696,9.680730489324739e-05,0.00011134410655347268,-0.0007926972679847281,0.0005872651970303382,0.0022227161750600893,0.0033963772015975086,-0.18262202414339287,-0.0925670158139269,-0.025331496730094605,-0.15624652787752497
4.43749037170096e-05,0.00010823574427613962,0.0001174204508803914,0.00013708872962385905,-0.0020492509184003734,-0.00038262630917980703,0.0018999130223687115,0.0017525474124797662,-0.06868870593973617,-0.10141128542810215,-0.03922913380818094,-0.17251942994602348
2.4146763469162946e-05,0.0001001719699829143,0.00013081892775428265,0.00014660231932013125,-0.001996377131168957,-0.0012301285494652559,0.0007797823524095392,0.00015017052677467405,0.0792634633860195,-0.06808916262898762,-0.18479700018365353,-0.14795594719499494
1.1295313933698782e-05,8.584469161589944e-05,0.00012853981195430446,0.00014075154068006,-0.0005739127759238757,-0.001635327123937717,-0.0012356055124051776,-0.0013203262547889264,0.20522940766299672,-0.012950552265504622,-0.2182805727792898,-0.14614340911772516
1.3191837101736784e-05,7.055048048456069e-05,0.00010687368405862733,0.00012093135925951284,0.0009532174095314761,-0.001423515102330033,-0.003097620066730248,-0.002643710029320503,0.10019662942807364,0.05531295658704144,-0.1541223380857243,-0.1185333457885902
2.4298458859324113e-05,5.8326824759842e-05,7.158285194742924e-05,8.806826643610839e-05,0.0012681069419859896,-0.0010212160426137044,-0.003960546355509371,-0.003928908535360388,-0.03721872293717096,0.025146855356224296,-0.018462919670100164,-0.13850635541938683
3.3091298730479635e-05,4.8497564389302824e-05,3.2048542329774644e-05,4.305450909967534e-05,0.0004904610322451145,-0.0009446360314941316,-0.003946315568021547,-0.005073842931926222,-0.11831045901100404,-0.009830853132309747,0.021309077167664836,-0.09048052389378003
3.156338943901843e-05,3.7315131080957135e-05,-6.17946453864764e-06,-1.149577499074135e-05,-0.0007960428905373555,-0.0012918506301750061,-0.003699285805662909,-0.005836213886157115,-0.13899032554548998,-0.059612066603865144,0.028096875304062796,-0.06199366695239861
1.8078057325989806e-05,2.0183987259792472e-05,-4.18713158767328e-05,-7.026614827762884e-05,-0.0019010235320683696,-0.002134378134057927,-0.003439084461954123,-0.005917860771220382,-0.08200580276071281,-0.10889343417271896,0.02394339343769436,0.04566428993974525
-3.119961618740304e-06,-5.995514672840461e-06,-7.681875021324925e-05,-0.000125667591445985,-0.0023385802568776522,-0.0031015222524686595,-0.0035504024053491672,-0.005162427862450849,-0.005505542201143715,-0.08453538950942757,-0.046206982116703155,0.1054222918141614
-2.554486262529123e-05,-4.098973025264945e-05,-0.00011419279666901213,-0.00017106299327808157,-0.0021463999444325333,-0.003897320863493139,-0.003924406885803407,-0.003916652503968464,0.043941604690167474,-0.07462433269546837,-0.02859391397414479,0.1437327798823156
-4.394207216187504e-05,-8.114783277668207e-05,-0.00015460644319260838,-0.0002050091981742606,-0.0015330419628842291,-0.004134299641313386,-0.004158322418915844,-0.0028725884752673456,0.07872999161949337,0.027228577131418963,-0.01818919264834251,0.06508002585790806
-5.545022631527467e-05,-0.00012038199566124628,-0.00019563884885585793,-0.00023172394226689494,-0.0007685888677956975,-0.0037125329355994544,-0.004048158713734068,-0.0024703603432595185,0.07416062739821297,0.0571247640113674,0.04022193368469773,0.01536560054365732
-6.126500633336724e-05,-0.0001526621775680254,-0.00023268985504149614,-0.0002565414076128743,-0.0003943671358228157,-0.0027435034457563715,-0.0033620425233935737,-0.002493132725936349,0.0006837189963633805,0.13668113395724918,0.09700130438340115,-0.019920077079023435
-6.546815670904375e-05,-0.00017313094499354565,-0.00026092388448838166,-0.0002832435137732798,-0.00044626293931248647,-0.001350250039347675,-0.0022847633659835312,-0.002847288506144757,-0.011062879694297534,0.14196954732449013,0.11845452709860738,-0.05091107896265812
-7.010135951919165e-05,-0.00018059985670404108,-0.0002776876897986955,-0.00031129421848895034,-0.0004803776227170939,-0.00014353230275141187,-0.0010679976960792418,-0.002762852436989349,0.004239943013376046,0.09937399999476249,0.12489860688225052,0.06779829279373972
-7.410016701349654e-05,-0.00017845183723463632,-0.0002830656040460666,-0.00033244073625747614,-0.0003193838761438833,0.0005731361966323638,-7.5851533949782e-06,-0.0014664511167158114,0.02795880630126607,0.043959699881992664,0.08718390165460219,0.19148197126096778
-7.611293527431453e-05,-0.00017184856095346944,-0.0002780111477485454,-0.000336910185025343,-8.316977601971538e-05,0.0007475190596010124,0.0010184764128992278,0.0005725613631424335,0.019284013723567514,-0.009083127288262965,0.11802841160423902,0.2163205247106812
-7.524949491972602e-05,-0.00016413060779485434,-0.0002624275467537404,-0.00032024573275121065,0.0002558578469374172,0.0007960715721220075,0.002098243786061768,0.002760329091684041,0.048521510867859,0.01879362979246199,0.097925063028269,0.22123302099764025
-7.15376471288892e-05,-0.0001539299314733865,-0.00023802863525633825,-0.00028339944162416875,0.0004865117112299468,0.001244063692171558,0.002781538513418663,0.004608929133724339,-0.0023907380093530772,0.07080479421744809,0.03873388244311002,0.14848698741041938
-6.643175095818445e-05,-0.00013771699258273396,-0.0002089567312718451,-0.0002323200429468959,0.0005346675229110043,0.0019985240859589515,0.003032842283479965,0.00560695060173023,0.012021900345564579,0.08008728454003058,0.01152687156915036,0.05111730619075877
-5.9732696928146076e-05,-0.0001153538834117996,-0.00017720671136133836,-0.00017710095843364364,0.0008051432830966695,0.002474097748227922,0.0033171616986213837,0.00543686630092022,0.042073251691568475,0.015027447913763509,0.04533701145913335,-0.08513416635276067
-4.9492195071390146e-05,-8.98716129154853e-05,-0.0001419174866000001,-0.00012756434485742475,0.0012429570882545166,0.0026223563510349374,0.0037406832536462696,0.004470456414323559,0.04548950934000093,0.014624272647639575,0.039367299545843865,-0.1081478109665715
-3.468025830055168e-05,-6.28999187980005e-05,-0.0001030474988266807,-8.878700081799911e-05,0.0017194302659131761,0.0027719824724620227,0.004033314301017609,0.0032850123935615682,0.04980512619173097,0.015300951637777532,0.019158909928423923,-0.1289409931858267
-1.613054813557376e-05,-3.415530229509682e-05,-6.30819531271544e-05,-6.0436745435185396e-05,0.0019905117670824084,0.002976940828118713,0.003959794838887652,0.0023850386830011746,0.004411174042115523,0.025690719493560527,-0.03386280235441538,-0.051053748926251974
2.259681532422271e-06,-4.097100215441372e-06,-2.6620347787332088e-05,-3.7004260167163393e-05,0.0016875341665167978,0.0030346995878123774,0.0033325262290768115,0.0023014583706032258,-0.0650066941552376,-0.014138967554827603,-0.0915909196077527,0.034337686446662186
1.606790422904796e-05,2.4312847202074405e-05,1.3941396213270428e-06,-1.1780988981193932e-05,0.0010741103728083403,0.0026472898956907778,0.002270371252655015,0.0027431958665906663,-0.05767806458645389,-0.06334297086949234,-0.12084007567660657,0.05400981275082589
2.405056305123351e-05,4.683402411159667e-05,2.0099632432337835e-05,1.7819614263496296e-05,0.0005224213916287697,0.0018569454862136761,0.001470727309547143,0.003176924782347379,-0.05265973164946022,-0.094725911025928,-0.03908871294496788,0.03273597040051662
2.690341520123061e-05,5.947462312773861e-05,3.3877216080315154e-05,5.006899982821373e-05,4.814903837065034e-05,0.0006711743170147119,0.0012847894200483212,0.0032729523305961073,-0.04219473900216364,-0.14242832281386483,0.0019011350452035336,-0.013530460750770967
2.6440159023343726e-05,6.073269208728907e-05,4.671592944509797e-05,7.936886182145039e-05,-0.00014080027394802752,-0.00041956052510461997,0.0012829532529082415,0.002587020068051226,0.004404876538428068,-0.07571864561000155,-0.0022683684732194564,-0.12365599175820535
2.439067461339024e-05,5.5445294814518496e-05,5.7750934599773265e-05,9.932445324587331e-05,-0.0002690966080426694,-0.0006379189294494947,0.0009240477780268178,0.0014040982168333595,-0.03006414335735645,0.03204696474102661,-0.06951272650306531,-0.11292837848536791
1.98498436867467e-05,5.1498912122576105e-05,6.186692318662889e-05,0.00010621675003930978,-0.0006390695772860391,-0.00015135760893898357,-0.00010085006065569313,-2.563885814606628e-05,-0.04393045049131748,0.06526529936107561,-0.13546684123343686,-0.17301903651051725
1.2618139069572854e-05,5.1516345295737925e-05,5.4686551574053803e-05,9.88916346938988e-05,-0.0008072713461487299,0.0001548442435713475,-0.001335224261859324,-0.001439384210936131,0.010290096718779326,-0.004024928859009402,-0.11140799900728932,-0.10973003404749565
6.556108963038223e-06,5.122514119927121e-05,3.829561753149137e-05,7.839762745418728e-05,-0.00040513467515819636,-0.0002130850628646911,-0.001942962546653163,-0.0026594172370061715,0.07013723747932739,-0.06956093242819832,-0.010139657951478476,-0.13427657116651243
6.4051329990210715e-06,4.4518127204949736e-05,1.8167215631643723e-05,4.560169048038324e-05,0.0003749394823547661,-0.0011283177359996033,-0.002082717833316366,-0.003899770157754638,0.0858775940232651,-0.1134856021987841,-0.017811399381162107,-0.11379401298318087
1.2057645062032337e-05,2.9265574688689955e-05,-4.74654745250571e-06,4.25473201355978e-06,0.0007555629302474871,-0.0019221927672523524,-0.0025000347835135205,-0.0043696215356100535,-0.00975290444472092,-0.04528940405176575,-0.06565199065826882,0.019823737412097697
1.6382218628336074e-05,9.366335282428685e-06,-3.305964705444244e-05,-3.6529515996032295e-05,0.00010935178301326018,-0.002057655113999901,-0.0031625851368738255,-0.0037872280663083617,-0.11948932500212446,0.018196934702256043,-0.06685808001379218,0.09665495644824068
1.1560333905764252e-05,-1.0980605204278987e-05,-6.78076180410997e-05,-6.979857746925577e-05,-0.0010737287275276244,-0.0020117329833416334,-0.003787009060457627,-0.0028665842283363344,-0.11712677710605247,-0.009012508570602554,-0.05802670470296806,0.08747381114616476
-3.697516409317373e-06,-3.234373501498979e-05,-0.00010557668246736416,-9.589405995629962e-05,-0.0019778413354887008,-0.0022608929788005276,-0.0037668038247952664,-0.0023525122690724355,-0.06369574448616276,-0.04081949052117627,0.062067751835440166,0.015340580706614981
-2.421287938765811e-05,-5.653688725379428e-05,-0.00013831625733460836,-0.00011926362019332287,-0.0021252312601794466,-0.002577737468960371,-0.0027811111486535723,-0.0023213997783322147,0.034217759548013635,-0.022549407510792388,0.13507078339289863,-0.009118082558570773
-4.288425001902063e-05,-8.273135171823419e-05,-0.00016040589505266062,-0.00014370893200461342,-0.0016090428660930573,-0.0026611554239276097,-0.0016368163949568798,-0.0025676625839258947,0.06901991926926422,0.005865816517344649,0.09378816734643985,-0.04013447856016522
-5.529927736656506e-05,-0.00010696959579886456,-0.00017440458231512883,-0.00017055324799623492,-0.0008739626034158291,-0.0021864933921984654,-0.001162921057536764,-0.0028012006143984056,0.07799613326618142,0.08906658982848424,0.0009909001375833504,-0.0065731275343369755
-6.046401890553348e-05,-0.00012404941392289,-0.00018705271724753494,-0.00019697490213045252,-0.00015898570437785492,-0.00122947023260662,-0.0013667059289444565,-0.0024831302124451136,0.06499924654141341,0.10233804208988485,-0.041747874419121866,0.07018720792499539
-6.020586265147973e-05,-0.0001318199199220671,-0.00020122788884444805,-0.0002169588891473637,0.00021061695518860416,-0.00032463096722880325,-0.0014683283904381671,-0.0015136671909371227,0.008921285371878404,0.07862981098567849,0.021423382120379753,0.12370539637660277
-5.800842074018008e-05,-0.00013137538644252277,-0.00021279703410389712,-0.00022624821001202656,0.00022887142707132656,0.0004135376631376708,-0.0008455006614516457,-0.00034419698199544824,-0.005270390995333926,0.06900391508761632,0.10314216367692453,0.11018864541173212
-5.593730606750568e-05,-0.00012500082163100217,-0.0002143735547324038,-0.0002241338829016496,0.0001853515074635533,0.0008613752991664483,0.0005301965357503093,0.0007670624040708389,-0.0034335929262207243,0.020563612118139188,0.17199727576346646,0.11206323180152528
-5.409518622308516e-05,-0.00011555731652781042,-0.00020174545678112218,-0.00021058618853359333,0.00018307246142055088,0.0010273257214719008,0.0019954230545060152,0.0019424764695404175,0.0029777837176202387,0.01262647234295132,0.12104802798767472,0.12301958129239043
-5.1707066816671314e-05,-0.0001030640096662895,-0.00017611712909643167,-0.00018633319549118913,0.0002945514198622182,0.0014713356508322842,0.0031302424824320857,0.0029081221389404208,0.019318007970713216,0.07617551352912534,0.10591585759753935,0.0701095525876102
-4.6992993747448344e-05,-8.434404502131302e-05,-0.00014113103948293782,-0.00015403233675005267,0.0006482631939823759,0.0022726572781630126,0.003866975440266685,0.0035520496092868725,0.05142434685331833,0.08408881193702032,0.04143073396938052,0.058675941481680094
-3.661093234015583e-05,-5.706936008168725e-05,-0.00010104374626971723,-0.0001159143326577316,0.0014281490874761271,0.0031822797097621407,0.0041504832023774325,0.00407155120917734,0.10455283184543195,0.09783567438280528,0.015270818452768953,0.045224378496413364
-1.78037363658526e-05,-2.1267688411435216e-05,-5.90719302872283e-05,-7.19494324201189e-05,0.002333290107384518,0.003978054624288266,0.0042438799941203545,0.004721428838345201,0.07647537213624624,0.06131930852241972,0.003408539895815521,0.08475114733715883
7.568403440028003e-06,2.0807625026380013e-05,-1.5928524428642484e-05,-2.0761018111761795e-05,0.002741137853791603,0.0044370080632747805,0.004384801177596808,0.005516254023326221,0.0050941771451707835,0.030471379274883206,0.024775696799475166,0.07421388965904507
3.3875985687090024e-05,6.536267835111923e-05,3.075384647741952e-05,3.648670625066722e-05,0.0025203785956208016,0.004474002601673063,0.004951673003615593,0.00593329084915958,-0.04924602877933114,-0.023072471595226643,0.08859866840428193,0.009193475507626725
5.4959802278595446e-05,0.00010801069886479786,8.430262140490561e-05,9.683353776309705e-05,0.0016963847226802832,0.004055601501062664,0.005758081981881625,0.006136075453326386,-0.11555274580877252,-0.06060774852685323,0.07268312724892428,0.03136344532573443
6.67874521238563e-05,0.0001453698127034912,0.00014352091747276801,0.0001585809004601759,0.0006691452463718863,0.0034162212666760047,0.0060855772316908575,0.006213397086089383,-0.08989514945290687,-0.06726829835047866,-0.00718407728707765,-0.0158991187731351
7.069048427330772e-05,0.00017632968538686746,0.00020125506517145852,0.0002195285893755296,0.00011146118351839935,0.0027757532699992436,0.005461252308047244,0.00597614069698136,-0.02164166311779052,-0.060825300984873584,-0.117680907441645,-0.03155215904846942
7.156093016508005e-05,0.00020068034236618213,0.0002491389059402295,0.0002773958632958956,6.262799483606606e-05,0.00209437812586369,0.0041155158457069525,0.005597314087091836,0.011875025381323859,-0.07544972784223715,-0.15146638502641324,-0.044213162929435446
7.377247476828602e-05,0.00021746480591823946,0.0002831670416128541,0.0003298057174244132,0.00037968092580512725,0.0012625145845477758,0.002690111288817963,0.004884656738611684,0.051535560812488376,-0.0909229804209457,-0.13361452635138465,-0.09831830676659503
7.979475082147669e-05,0.0002266360185421007,0.00030405326811258735,0.0003712392073669816,0.0008247742848330075,0.0005717279402244715,0.00148713401112869,0.0034020412499019964,0.03748311099308767,-0.04723434844371517,-0.1069809291864699,-0.1982047909753425
8.779797182786539e-05,0.00023078624928918613,0.0003145000776955154,0.0003941773909146611,0.0007758699164447318,0.0002583182091926165,0.0006022279054569186,0.0011855954596339062,-0.04726398467074279,-0.01544759776265582,-0.07000029194788437,-0.24508436707827552
9.277604372328287e-05,0.00023341459228480067,0.0003173228166574487,0.0003935933545102415,0.00021974446263876466,0.0002673503899302912,-3.76801130702603e-05,-0.0013024027405178274,-0.06396110609045065,0.017254033910190758,-0.05798131175755142,-0.2525152729520712
9.234851834448535e-05,0.00023537992921020674,0.0003141807494920951,0.00037057902028034934,-0.00030524953839826776,0.00012571699515092307,-0.0005907333200004499,-0.0033004641054606037,-0.04103769411695583,-0.04558071286606438,-0.052629329628486515,-0.14709700003648407
8.79903200128511e-05,0.00023343740402742753,0.0003029576898551933,0.0003327947561999882,-0.0005663901279285828,-0.0005142220317067656,-0.0016538786073799193,-0.004256388710611628,-0.011190423789107173,-0.08240709250547334,-0.15999972784740735,-0.04408792099372094
8.209515426807173e-05,0.00022246179035298198,0.00027755427249329394,0.00028970569264925665,-0.0006126430210272924,-0.0016809007031823447,-0.0034268048649999487,-0.004361423999534677,0.0019398451693652674,-0.15092864178964246,-0.19458552367659854,0.02308086320911118
7.476063571891862e-05,0.00019911486966967952,0.00023559208959584752,0.0002469632433381174,-0.0008542606888033279,-0.0029884834334781463,-0.004965631714489334,-0.004187065862693174,-0.05026337872457237,-0.11058790426951784,-0.11317984622127852,0.011790764159189338
6.301046887780328e-05,0.00016447150436197912,0.0001824206032501172,0.00020431324517702887,-0.0014957726794197414,-0.003940189628061934,-0.005668665554656729,-0.004342933769524531,-0.07803901939871033,-0.07975333464723974,-0.027426921812200522,-0.0429643455254608
4.476821505719674e-05,0.00012229690236335573,0.00012723578414767345,0.00015754792537212042,-0.002152678084701567,-0.004494730771662744,-0.005368298265832024,-0.00501013019145716,-0.053342061657654705,-0.031154894072922185,0.08750037957714163,-0.09047493886106495
2.211643648458134e-05,7.677368780145723e-05,7.681390388004482e-05,0.00010351973969648518,-0.002377677629821512,-0.004609912140716956,-0.004716077787693703,-0.005795506943669888,0.008342152633665612,0.008118620262079684,0.04294371605052261,-0.06660041158148056
-4.751980182821648e-07,3.265903705148494e-05,3.101513803841849e-05,4.2876224529200294e-05,-0.002140649270751189,-0.004213018009277501,-0.004443675380631564,-0.006333196089787089,0.03906351918039902,0.07126020602581126,0.011536765361905177,-0.040937417641959795
-1.8431358456788334e-05,-5.724179734026232e-06,-1.3206568881018163e-05,-2.0945582167542482e-05,-0.0014505828169500447,-0.003463625347824733,-0.004400666003255767,-0.006431165249561465,0.09894977157982981,0.07861832626474233,-0.0029348898867458395,0.02134358568708461
-2.7961457022388926e-05,-3.5722374123937025e-05,-5.7447232333057904e-05,-8.32774437574485e-05,-0.00045543689617007395,-0.0025360135301574255,-0.004447466687152181,-0.006035207068419736,0.10007941257616432,0.1069040372687192,-0.006425246892536984,0.05784805054126119
-3.0167828818875237e-05,-5.60465862205603e-05,-0.00010104535168726654,-0.00013995894130099185,1.416253687281185e-05,-0.0015288288891672297,-0.004272157183689547,-0.005301092440288936,-0.006159525967587162,0.09453289092931996,0.041487147585064,0.08897487508489876
-3.1565451018684524e-05,-6.865598608202525e-05,-0.00013946891189282328,-0.00018786031698733998,-0.0002936869768346693,-0.0009930510831257606,-0.0034125548574218023,-0.004279182696980688,-0.05541037677390906,0.012622670278973874,0.13043331766848487,0.11540707357675084
-3.7806712817813093e-05,-7.902586340419944e-05,-0.00016676292851575776,-0.00022344338723853319,-0.0009545653829910447,-0.0010809243813090768,-0.0020462484671650927,-0.002837431353257954,-0.07676530445736601,-0.03019732991563709,0.14282796038285706,0.17294319516779588
-4.8782586586541555e-05,-9.103118395167368e-05,-0.00018158828673264164,-0.00024251523273915952,-0.0012406093707546476,-0.0013201397281857718,-0.0009188231762116844,-0.0009769377468673123,0.019556506904645443,-0.01764573945970191,0.0826570978078246,0.1991555261103325
-5.881052914780721e-05,-0.00010441691905976817,-0.00018613386156764695,-0.00024230225660478265,-0.0007649791414984833,-0.0013570072934331267,9.708209210622116e-06,0.0010195329737426853,0.07556953894658741,0.010272226410230928,0.1030491792766367,0.20013861801166705
-6.348670861572917e-05,-0.00011543594220075558,-0.00018073043057741575,-0.00022349668967784075,-0.00017025675208590932,-0.0008467973347643533,0.0010709779888356187,0.0027415804116456962,0.04337493893592739,0.09176976532352374,0.10920477664836262,0.14427086956893515
-6.288270667935559e-05,-0.00011727353052010526,-0.00016571548384113413,-0.00019128329351934925,0.0002910571393606261,0.00047927967089441564,0.001932011358420705,0.0037010988200526025,0.04888783935337969,0.17344563580823005,0.0630018972686546,0.04763281211244613
-5.7004894863953566e-05,-0.00010302921659210508,-0.0001432807045528152,-0.00015333942878061505,0.0008845052237197784,0.00236958311470562,0.002554944499243081,0.003887674127694239,0.06980177751845079,0.20461505295401086,0.06158473089582059,-0.010317750584118823
-4.5004259390112706e-05,-7.168705497357184e-05,-0.00011416254047633252,-0.00011547277430507723,0.0015156218710483936,0.0038988492090010277,0.0032686883160534556,0.0036856567674133254,0.05642155194727222,0.10123816590507059,0.0811640324662544,-0.030085721472063953
-2.6385734526933843e-05,-3.076876119448208e-05,-7.675898184321337e-05,-8.0898699137718e-05,0.002208083101587379,0.004284809546816926,0.004212023410570375,0.0032291582660585205,0.08207069416052487,-0.024046098341890948,0.1075029864371295,-0.06121397879889706
-1.3722498512308307e-06,9.574243977655187e-06,-3.0532521494922154e-05,-5.0691212196450156e-05,0.0027946138335532235,0.0037837914876105282,0.005033268659087868,0.0028123391221950476,0.03523545223264396,-0.07615751349938851,0.05674606326636902,-0.022149849973797486
2.5596773890886318e-05,4.514120546246707e-05,1.940044939728544e-05,-2.2894259995836243e-05,0.0025991909148702064,0.003329600809351848,0.00495332551935365,0.0027470513179277344,-0.07432003596924736,-0.014680622152347528,-0.07273469121321255,0.009092289120334829
4.690662800866719e-05,7.788635118142128e-05,6.18799433123452e-05,7.5441403579009365e-06,0.0016627799086859686,0.003219428334438995,0.003542573263658301,0.0033406287528197007,-0.11296216526760022,-0.007353872830223068,-0.20941575992585723,0.10962319785805846
5.735421535654887e-05,0.00010758955686763618,8.87990091117091e-05,4.584223618435384e-05,0.0004267375608903673,0.0027212128028039836,0.0018412398962144787,0.0043189904124708795,-0.13424630429152,-0.09228923349677917,-0.13085091356290726,0.08604913407217735
5.6455786138644634e-05,0.0001270029992820119,0.00010310097815460069,8.895375689273387e-05,-0.0006064234044712148,0.0011614756800711603,0.0010191539123638408,0.004303313729205127,-0.07238588878079641,-0.21965819104978548,-0.0335662832072203,-0.0891844707253277
4.890613192824323e-05,0.00012768850442332287,0.00011355889963479958,0.00012568352313919952,-0.0009035074376090664,-0.0010243746518089672,0.001072430383675938,0.003042639520088002,0.012969082153226091,-0.21751187532624003,0.0442215774696397,-0.16295037109809735
4.026872597609447e-05,0.00011076221877793828,0.00012574073336964298,0.000147310904212494,-0.0008239737528206858,-0.0023608824772679508,0.0013639363632927414,0.0012828366945708935,0.002937654804450046,-0.04978968976555667,0.014079618453720993,-0.18901019400532432
3.201019979317949e-05,8.921936921572066e-05,0.0001360389918384897,0.00015129625859962526,-0.0008277314837623095,-0.0019476874351755727,0.0006957153304766031,-0.0004857658171446408,-0.0036892009927747826,0.13242869818403227,-0.14772382501694867,-0.16471030833778255
2.4303206942425413e-05,7.739641974787605e-05,0.00013443214016634612,0.0001391010781478274,-0.0007136670863885063,-0.0004169024583933487,-0.0010170856649053207,-0.0019532702732149286,0.02650208046753541,0.17372829717241253,-0.19483637405943607,-0.12879058287627498
1.99904610032678e-05,7.913865608486299e-05,0.00011655720263087507,0.0001154690754058491,-0.00014888210144301602,0.0007653497257907363,-0.0025579018421888894,-0.002773130275180733,0.08645491652156265,0.06272213966440449,-0.11332686139727763,-0.03518141751688597
2.26470430955e-05,8.554242941263875e-05,8.930881835604298e-05,8.72020266173228e-05,0.0006801985198894559,0.0005154049397644154,-0.0028917750127775274,-0.002880279482524527,0.07936120774493174,-0.11271109686966868,0.04655222727955008,0.013751576048127157
3.116418346875199e-05,8.492610606222142e-05,6.389853818476926e-05,5.9479676893696026e-05,0.0010232295547609425,-0.0006386696098478818,-0.002190281021477219,-0.0026641904622008283,-0.010755000770634432,-0.11810381305279077,0.09374657098051156,0.029466228016612583
3.895738472502744e-05,7.495139507255607e-05,4.7059728961848476e-05,3.520433253738809e-05,0.0005354106964941476,-0.0013562725880851875,-0.0011774808231069366,-0.0021908784090607586,-0.08680877088272457,-0.02541678259467034,0.10881346869354488,0.06519618261140137
3.900961031034808e-05,6.20129187260553e-05,3.8877266433137286e-05,1.760424908382344e-05,-0.0005249655794300199,-0.0012314226812149662,-0.0004590116826353013,-0.0013291382816521713,-0.1252664843021089,0.05038676396871461,0.034880359400782185,0.1071518428703161
2.904536352259636e-05,5.118030201980491e-05,3.425896107428782e-05,8.970901219220555e-06,-0.0014678837781203244,-0.0009351006600351122,-0.0004646493891345923,-0.0003975312912684059,-0.06331715543595198,0.008877640267256182,-0.03600790070064039,0.07916955520643698
1.3505815536211842e-05,4.286146422270273e-05,2.793416991424454e-05,8.492684611330966e-06,-0.0016400258191565794,-0.0007286668993853249,-0.000800308842874063,0.0003018879696904882,0.028888747228700967,0.03240911186270129,-0.031123990047253747,0.06071429698534184
3.199335421597123e-07,3.569292670858202e-05,1.969734444115952e-05,1.4262298372673626e-05,-0.0009971505796538467,-0.0007050406034388166,-0.0008470562517429413,0.0008520347825780437,0.09968630067184556,-0.027683852673399623,0.0217745082734781,0.04931506559216926
-4.548447224642635e-06,2.8601675393618914e-05,1.343474311983863e-05,2.3203380280379724e-05,2.3474426293377225e-05,-0.0007132096595538049,-0.0004054640125212365,0.000936181598963176,0.10443870051759924,0.02605004145040196,0.06654393957086285,-0.03248570231514282
-1.5426949852913257e-06,2.2385736625307477e-05,1.3747247754537815e-05,3.1128700836119076e-05,0.0005776760215768848,-0.0005299780941084823,0.00046796493946107373,0.0006488825121846943,0.006401618539102261,0.010596271638662585,0.10814185082559918,-0.02497411504055351
2.646979854127011e-06,1.8541890364353393e-05,2.257516408669969e-05,3.6037280513197496e-05,0.00026025894630678253,-0.00023879115808233457,0.0012976183269713011,0.00033283342323098985,-0.0698850335931227,0.047641115566566944,0.057788826676446275,-0.03823570275018738
2.136856888470676e-06,1.922405122237729e-05,3.592165869334459e-05,3.849792935405154e-05,-0.00036228353943804954,0.0003752233296871139,0.0013716805943576795,0.00015929634493981907,-0.054623463555843715,0.07516178198732276,-0.04297637319917061,0.0035282870919532278
-2.9567033988955004e-06,2.524773022322943e-05,4.6630364473176336e-05,4.118465531535835e-05,-0.0006564285180351858,0.0008295124704833139,0.0007700605616086697,0.0003780488473215429,-0.004205532163583547,0.01569604617191722,-0.07734763335063136,0.04022221338439154
-8.134025874869838e-06,3.3687327791788034e-05,5.0922055895466205e-05,4.567479750506174e-05,-0.0003790359771596817,0.0008584070432284073,8.827772284930417e-05,0.0005199795906191353,0.05968404033868438,-0.009917131622898534,-0.05900893440124175,-0.011836064724873072
-8.116018024962595e-06,4.0406945602567825e-05,5.0701946500121357e-05,5.04050236012473e-05,0.0003826375471411303,0.00048551651892755085,-0.00013229960191827388,0.00042606562861797673,0.09265066452147802,-0.06466097323727277,0.01489346944772614,-0.00694672767535863
-6.308444834109373e-07,4.164406504789768e-05,5.0794799864127266e-05,5.350985729288035e-05,0.0011143971611692013,-0.00023809262986157964,0.0001508702747194557,0.00019490110970863224,0.05370125828413619,-0.08006085652055334,0.04174050587981978,-0.039286176106510265
1.1245079158397495e-05,3.7241944349917754e-05,5.285723265721534e-05,5.321876152962315e-05,0.001260787567192485,-0.0006423315097344057,0.00026161628389815867,-0.0002531202623600713,-0.02442317707947944,-0.0007869194540118807,-0.01959130404407919,-0.05031809830723044
2.0640940410937872e-05,3.2899790858894016e-05,5.310837347799847e-05,4.9059033277643396e-05,0.0006183846833155903,-0.00022609918847034188,-0.00021138811974153273,-0.00057882538803588,-0.1040573996958995,0.08403338370682464,-0.07500957668385909,-0.01482292682793128
2.1111845313842403e-05,3.3277563196997644e-05,4.751430667457747e-05,4.271644774664217e-05,-0.0005242037027346842,0.00030165365609106747,-0.0009074252409426668,-0.0006896917181643661,-0.12446027751415539,0.02151718520545723,-0.06419784755636772,-0.00735033919776594
1.332332058587862e-05,3.485647146746268e-05,3.637141536662142e-05,3.52583926413375e-05,-0.0010335012428580724,1.41279980019394e-05,-0.0013211530206485426,-0.0008019193028965673,0.022600769489477757,-0.07902231682328284,-0.018547708384807446,-0.015095177748674318
5.471300831524163e-06,3.0972660342296896e-05,2.2186034168994058e-05,2.4595814593896694e-05,-0.0005369027080128191,-0.000790890223035096,-0.0015159232188769304,-0.0013305963065915938,0.07671893747957292,-0.08198132738412423,-0.020406331260870117,-0.09064022299033096
3.8105971751827868e-06,2.020053233549442e-05,5.469415749016182e-06,7.050481269187615e-06,0.00020476197674454378,-0.0013635353783253991,-0.0018274004651186453,-0.0021784703583502224,0.07161399947189964,-0.03254770367393639,-0.04188911798747284,-0.07893458736139476
6.736703243766625e-06,6.013514560926055e-06,-1.3791802828722598e-05,-1.777338559677847e-05,0.0003804592369722239,-0.0014738681765882734,-0.0020248432504291103,-0.002786303014842994,-0.03647454742636362,0.010481144021361521,0.002400560925379866,-0.042631943937159564
7.591458930012393e-06,-6.91625212166545e-06,-3.3697653631598966e-05,-4.731619451639653e-05,-0.0002095080997230703,-0.0011120851599300276,-0.001956326910146163,-0.003122258769080619,-0.0815189199126952,0.06187545931028765,0.011302707131209636,-0.024559206910365353
1.8138332941987997e-06,-1.655175846671455e-05,-5.282523661457033e-05,-7.72268300261573e-05,-0.0009460170274396486,-0.0008150161090797924,-0.0018691896864481096,-0.0028598683328715344,-0.06578286563062043,-0.002461649140240607,0.006124737608401029,0.07703729415218226
-8.728508887771725e-06,-2.6408552924210305e-05,-7.083349214977185e-05,-0.00010191133481270174,-0.0011624514089544566,-0.0011563427824193588,-0.0017324614205921963,-0.0020770326244373537,0.022495989327658852,-0.06580368552767268,0.02122091556278162,0.0795298475346539
-1.8624700496305662e-05,-4.10828478147107e-05,-8.648934092388915e-05,-0.00012007256077788716,-0.0008167869127523309,-0.00177851619568072,-0.001398708334231264,-0.001555212568599731,0.0466369099127663,-0.05863099712459957,0.04552970170940483,0.02483416363287068
-2.4065497406003387e-05,-5.884448174899733e-05,-9.854203686231013e-05,-0.00013333666132245352,-0.0002713724691872141,-0.0017738105911766062,-0.0010118308534529305,-0.0010976075403135394,0.062445978800257054,0.05957211802542234,0.03184579444626186,0.06668684202436763
-2.4117955670562464e-05,-7.143274906876938e-05,-0.00010743954062661888,-0.00014040405061059946,0.00026088081627539863,-0.0007438428727778036,-0.000767669899408821,-0.0003158703173156488,0.044004678292265495,0.1464214256543382,0.01698639636256004,0.08966060257521048
-1.9769165750925287e-05,-7.174180192050238e-05,-0.0001135903620557244,-0.00013938441489480327,0.0006088771676520367,0.0006820323024312037,-0.00046249438641228334,0.0005197974604748872,0.02559459198306213,0.13875360938746328,0.04404870623674749,0.0774729529828967
-1.3446374419363147e-05,-6.016628962449161e-05,-0.00011280661224289426,-0.00013079265348373565,0.0006556810986603914,0.0016330701567709492,0.000619244348978313,0.0011985548217386365,-0.01623380578139122,0.05145396148048581,0.17229904084137176,0.058278519269853155
-6.9738267598275565e-06,-4.222488372426237e-05,-9.748138004723088e-05,-0.0001162625062731442,0.0006388284332467269,0.001955211023274899,0.002445802090154363,0.001707474620379654,0.012863272698658335,0.012974211820304171,0.19301250739383824,0.04350544045835032
3.372209995951865e-07,-2.1490712906964903e-05,-6.513502630104509e-05,-9.611190860701369e-05,0.0008233811186378217,0.002191623140184594,0.004023468659082795,0.002322644912846448,0.024047264379560618,0.03430821156163483,0.12252080639184815,0.07952861803500848
9.379280075073188e-06,2.778706864941726e-06,-2.192388534711705e-05,-6.800647823626087e-05,0.0009850306964577788,0.0026622608141967314,0.004618759531702813,0.003298441161304116,0.008282651184430834,0.05981932324079259,-0.0034626318678445678,0.11563063165652505
1.9013865449816706e-05,3.133174780630134e-05,2.2399130609292804e-05,-3.0525847111284666e-05,0.0009418863784909247,0.0030483473740751917,0.004245843659579158,0.004197685063691124,-0.016911514777801673,0.01739798873489945,-0.07112054255688638,0.06421814882087655
2.8233650497289957e-05,6.247933365690072e-05,6.092889260823127e-05,1.2492904744440931e-05,0.0009020706310037253,0.0031811697960446835,0.003460108740208536,0.004406065307453996,0.008948365280361803,0.009166495658998908,-0.08602644131723802,-0.02254210006830208
3.842519997224038e-05,9.325165242925199e-05,9.192886298090399e-05,5.456053125087226e-05,0.001136239263986359,0.002973293958425571,0.0027398853343260083,0.00400745999383227,0.037885361316164934,-0.05074166318282142,-0.05801823985926746,-0.05717896265604312
5.065656819498516e-05,0.00011905941428147937,0.00011745161490137711,9.230524489478477e-05,0.0013100343805625973,0.002188258412019907,0.0023646650497686178,0.003541482734950232,-0.0031263380009172725,-0.10626544609831129,-0.017025817052210623,-0.03601648912036441
6.237898508395172e-05,0.00013570374275823392,0.00014054246260181578,0.00012580585847367511,0.0010344489972307154,0.0011406072833310015,0.0022535044903191147,0.0031586399808278378,-0.05199073866545911,-0.10326477963946984,-0.005206294837689973,-0.040552061704114475
6.997495032752219e-05,0.00014282969947745778,0.00016232865193820388,0.00015510969440177665,0.00048474405148337795,0.00028458406051377026,0.0021037333769585065,0.0027021272047924694,-0.05795025048400837,-0.06793986492397641,-0.024747927834431693,-0.05075049350295917
7.11799574307261e-05,0.00014393334825715527,0.00018078457272211785,0.0001798924622103346,-0.00024374263084259759,-6.385430457427169e-05,0.0015874507798242876,0.002254426356919118,-0.08774708598118675,-0.0017478080936319806,-0.07850859159241208,-0.03878967607171109
6.566014123322244e-05,0.00014404544532096238,0.00019300030979620158,0.00020054524684082596,-0.000860220608658133,8.62737173356932e-05,0.0008556966349924571,0.001876130569179157,-0.03554850958192032,0.03177341247562496,-0.067842237373954,-0.03686948147628104
5.728197218329873e-05,0.00014589072256659938,0.00019848239720296918,0.00021755734790448073,-0.0008154132013266094,0.0002827817317917077,0.00024072084636106298,0.0015262896435517962,0.044509991048225034,0.007528190415577944,-0.05515292035232483,-0.033098703649191166
5.243070792448612e-05,0.0001476121717533677,0.00019931013248981308,0.00022926850206596338,-0.00015483965043591285,6.150810556195484e-05,-7.517378899228285e-05,0.0008159411887447335,0.08760471912991427,-0.05178291566152852,-0.00802600671834433,-0.10897098731222137
5.4368156793991716e-05,0.0001456313256631271,0.0001979534972899633,0.00023101183648845556,0.000542329424337032,-0.0004576773236100746,-0.00019615325097767095,-0.00046727430424629737,0.05182909582467471,-0.05205417017287737,-0.016169885678733287,-0.1476721112859848
6.0934015046977156e-05,0.00014053840438055048,0.00019449682045313455,0.00022112008375730052,0.000770842226260056,-0.0005609069329052493,-0.0004951821163880809,-0.0015110762419847108,-0.0061265354400699135,0.03140824831384243,-0.0436358874033487,-0.06108827626169788
6.712755258955769e-05,0.00013763935127054081,0.00018650080469778842,0.00020352341487944584,0.0004678652822560499,-1.890368909668338e-05,-0.001104021034681146,-0.002008257533586224,-0.05446885336073132,0.07699240044787076,-0.07813189625526432,-0.03834798205860479
6.878851409620263e-05,0.00013984951699072624,0.00017250268910600958,0.00018228622621935364,-0.00013567298092706162,0.00046093683313376847,-0.001695602083674621,-0.0022391801984322163,-0.06623879927589099,0.018975703998219615,-0.04018431354343069,-0.007836550910593654
6.466323709227912e-05,0.00014205011966895537,0.00015515517555669987,0.00016015506436719182,-0.0006893824198576399,-2.0816297487943295e-05,-0.0017739006261873202,-0.0021870521720001486,-0.044503088510224664,-0.11532633012256197,0.02452460504089085,0.018262156197007218
5.642022852302851e-05,0.00013429451088964266,0.0001396616702613194,0.00013898274727098904,-0.0009592192939924824,-0.0015303054583745987,-0.0013248004328887764,-0.0020474112472404072,-0.009464286316743842,-0.1865715020547691,0.06529543361881793,0.009666028754941047
4.652968899548278e-05,0.00011232875756810382,0.00012715092928520364,0.00011866372770516853,-0.0010188886115166634,-0.002862845205933169,-0.0011773477623343743,-0.002016392665923696,-0.0024695771880923756,-0.07993644745694498,-0.0358048995079375,-0.0034623124915987846
3.6398304532738415e-05,8.323606028215957e-05,0.00011123567917987732,9.718499433178403e-05,-0.0010073882810322093,-0.002955694251255681,-0.002005702258730889,-0.002279354008753203,0.004769643284983194,0.061366638392442635,-0.1298659997713654,-0.049129956074302594
2.6693311223329433e-05,5.6797073023870064e-05,8.54495467383708e-05,7.133119075069116e-05,-0.0009336103808495872,-0.0023321032004022203,-0.003151524229570415,-0.002891406707465371,0.009985936751541247,0.06335157177824943,-0.09929839439653984,-0.07328058366813106
1.8375200233193795e-05,3.538069543918465e-05,4.963131946143743e-05,3.931037127144705e-05,-0.0007300118171775405,-0.0019511723165348627,-0.00401212122581626,-0.0035127571883834504,0.030733775982868083,0.012834604995222071,-0.07282100485262913,-0.05098951251548478
1.2548497959603221e-05,1.5486303079835314e-05,8.58172197086061e-06,5.140412380011809e-07,-0.0004353286375405742,-0.0020277061553350046,-0.004197798272299104,-0.004246508818305724,0.028202859944525177,-0.028141372755250443,0.03568559555606035,-0.09576081346896992
8.973502205646566e-06,-5.13946302899759e-06,-3.0854961115162425e-05,-4.5712243457486395e-05,-0.0002796705132507569,-0.0020974470664315765,-0.0036895383449055026,-0.004998748120791791,0.0029287649134382976,0.014193190535936068,0.06596638992265999,-0.05468704702824356
5.5749915422520525e-06,-2.5759964622011207e-05,-6.389194092479201e-05,-9.625588034351286e-05,-0.0004000316194281458,-0.0020266532521711475,-0.0029178576170204146,-0.005109979256413501,-0.02700098614891608,-3.4427683850229984e-05,0.08836975565435759,0.032440819903901574
3.048929383898662e-07,-4.5720956906447136e-05,-8.983618203390371e-05,-0.00014305488523465193,-0.0006539881013442915,-0.0019655452047160384,-0.002270990604801925,-0.004249821721814312,-0.02379031023431305,0.012256037174872031,0.04100364678934029,0.13959068701593613
-7.352427507711176e-06,-6.391806314172581e-05,-0.00011012409908970312,-0.00017634403119760468,-0.0008774759878759168,-0.0016738760423396966,-0.0017865928063579572,-0.002408007470776238,-0.020907267072012015,0.046077795300396324,0.05587591289945329,0.2287721631916787
-1.5910936290044114e-05,-7.727117345035854e-05,-0.00012609210410092592,-0.00019008315726317068,-0.0008342257685906708,-0.00099674601938685,-0.0014070081958866016,-0.0003398177423369615,0.02955731092906122,0.08934820929017298,0.020041009194817855,0.18486578249617658
-2.1603525183839942e-05,-8.21486106185443e-05,-0.00013776212837831027,-0.00018534327124513866,-0.0003042920101684948,2.125858574969909e-05,-0.0009269966595902702,0.0012877949459433663,0.07642944075537397,0.11425271173713683,0.07596129806444843,0.14065675515988896
-2.07356174557043e-05,-7.785114781387706e-05,-0.00014076191260216004,-0.00016888463316049027,0.00047787355579562325,0.0008382339751837475,0.0003270398148203179,0.0020039326709863116,0.08000367243744963,0.04914236614967285,0.17484599681766919,0.0025707898487000724
-1.2502489264615447e-05,-6.577490029158702e-05,-0.00012847200764473123,-0.0001488066221220559,0.0011687520824221476,0.0015770155292742609,0.0021309411766654435,0.0020116695367005605,0.05817203288785522,0.09861394466842985,0.18593427555135592,-0.0010234167058502663
1.489788189125197e-06,-4.6424055803126674e-05,-0.00010009534522829637,-0.00012692841419977471,0.0016297034083259815,0.0022931533684178076,0.0035443913066215277,0.0023639720477556785,0.034018232292911565,0.04461362316027953,0.09675575043986093,0.07148391891687389
1.847439621152534e-05,-2.102090054475684e-05,-6.161600975624911e-05,-9.830482680754791e-05,0.0017672181961540473,0.0027874776832561596,0.004151475787787924,0.0033607454306896828,-0.0065152747272984035,0.054251239807390855,0.02466114579341841,0.12787075766992695
3.398451745400643e-05,9.523143527168944e-06,-1.9600800887305797e-05,-5.672311682500647e-05,0.00133480605234217,0.003321331131128997,0.004251565986000739,0.004955596565818606,-0.07996715403507704,0.052519449767176624,-0.0046431061508555305,0.19109946935585764
4.409633953299752e-05,4.3935898491881575e-05,2.4103024234518766e-05,7.72949874201032e-07,0.0006875583634560489,0.00356121986181353,0.004489199038364173,0.006543616774022893,-0.049482383742147196,-0.004541703630269983,0.052169716623542334,0.12650457228499978
4.956403167591068e-05,7.786870868068324e-05,7.312142878320896e-05,7.090105222951987e-05,0.00040598006512658323,0.0032253421759468022,0.005314481871373866,0.007482003697040873,-0.006833275923745941,-0.06263383354307558,0.11288684997839624,0.06117281231859617
5.5020571506051615e-05,0.00010826915714255594,0.00013074134214843903,0.00014744702945670833,0.0006853279009016033,0.00285474751642774,0.006209500801672147,0.007827191748396817,0.06270284307874996,-0.011485098360736884,0.06611693608126004,0.007864797952592761
6.350249139721682e-05,0.00013737980377025218,0.0001945084241182958,0.00022445254476207273,0.0010110560773314388,0.0029673818091115077,0.006543915592299207,0.007573911312676062,0.0024427922072171038,0.0340119568974904,0.000766022044151965,-0.0585208850967438
7.387019799553191e-05,0.00016885245894350976,0.00025911767787694214,0.0002984942092188747,0.0010624852423315788,0.003327149225540008,0.006377935159430061,0.007234421578684333,0.007843040792810896,0.03794152638820966,-0.033962108617981185,-0.009377061701602019
8.45422934616713e-05,0.0002039130101287841,0.00031985444172400926,0.00036879512711763797,0.0010719338508962978,0.003684961011514862,0.005769417609983364,0.00682576200106832,-0.00595331907986707,0.033620830806761176,-0.08774140127135813,-0.07235485382160056
9.661586979501493e-05,0.00024109558336684407,0.00037192305013159855,0.0004321310681465991,0.0013427814157724283,0.003751553636097131,0.004644304071534494,0.005841426204723902,0.06012283205509317,-0.020302305890307376,-0.13728130641841582,-0.12451230544728298
0.00011306910439139134,0.00027599392000322756,0.00041265812513112464,0.00048281586029021883,0.0019478655035028536,0.0032281136911795657,0.003502710928370724,0.004295532224000049,0.0608939854909919,-0.08438568309320568,-0.09103732221433805,-0.18466649069748775
0.0001339862617478585,0.0003042808519626126,0.0004435369787541143,0.0005162420792965849,0.0022355659677905787,0.00242927270069744,0.0026730597962272055,0.0023897115772731664,-0.0033538926334468755,-0.07538251500321949,-0.07489290421436565,-0.19649763864788872
0.0001533237494865577,0.00032487076060491423,0.00046568908574641456,0.0005315083638066267,0.0016319315799492606,0.0016887090277628893,0.001757361602232849,0.000663545324735199,-0.11737298493481674,-0.07273021958369061,-0.10824673458450565,-0.14873561185970474
0.00016293171787638003,0.00033692105112647025,0.0004757944520852224,0.0005321756980488678,0.0002896620980152077,0.0007213490765483161,0.0002637116655287244,-0.000530078476286984,-0.15108091145199382,-0.12074177065922401,-0.19048325275631925,-0.08998914834473187
0.00015852996386052397,0.00033649088929255507,0.0004691472876788525,0.0005219164214566845,-0.0011700129011864198,-0.0008073814433313536,-0.0015931445468027148,-0.0015217768421496717,-0.1408540883883317,-0.18500433331670993,-0.18088798970996858,-0.10835052482780563
0.0001419668373506355,0.0003182567457085127,0.00044446409755796403,0.0004996350889864422,-0.0021426124007912777,-0.0028394472734771243,-0.0033434934773749732,-0.002934489651898785,-0.053665811532639884,-0.2214088327124442,-0.16918179640448314,-0.174192037122017
0.00011885681157062608,0.0002801796509439924,0.000403325724718136,0.00046072512318132,-0.0024793927552106037,-0.0047759716794269266,-0.004884181090590637,-0.004847503509125664,-0.013690259351225309,-0.16589604847751624,-0.13895572623864952,-0.2084107343233587
9.425138329456916e-05,0.00022679997208476486,0.00034729087908994796,0.000402089569132849,-0.0024416929000007806,-0.005899964092418585,-0.006322788035046968,-0.006879607300568542,0.021230230393189886,-0.058902434120815333,-0.14876566265261668,-0.1980100239652168
7.073443761086667e-05,0.00016678195151311525,0.00027677939825421986,0.0003249670408167306,-0.002261696236739717,-0.006103640021911337,-0.007779508132098652,-0.008544898362655136,0.014769102259022893,0.018167248222264815,-0.14257835675772026,-0.1350481884521019
4.899864021706984e-05,0.0001068633624758795,0.00019297812576136994,0.00023399385677075536,-0.0020854632420196483,-0.0058800777855358135,-0.008980746366471332,-0.00964973844653991,0.020477496684990826,0.02654519905283978,-0.09766929011681555,-0.08591982832485309
2.949681304363607e-05,5.042832840695721e-05,0.00010162346775826196,0.00013418892273222855,-0.0018149021926671064,-0.005406929028248644,-0.009290185234150265,-0.01031124836116545,0.03363471318551753,0.06808455240459413,0.03578151658102899,-0.04638215460025488
1.2567824699876491e-05,-1.3496302828634134e-06,1.3198930342118439e-05,3.11189247128297e-05,-0.001570895476084809,-0.004948662709715482,-0.00839472224907844,-0.010302751242714318,0.015166630130941938,0.023568711302038386,0.14331108043333587,0.048081578290481236
-3.0659202514980236e-06,-5.009125592574055e-05,-6.30705160143985e-05,-6.699875622321511e-05,-0.001555853514190094,-0.0047996624188599455,-0.0068591670222249495,-0.009320784944494644,-0.012158237751998924,0.006231346869068927,0.16379996493736235,0.1483116813534536
-1.886935934755023e-05,-9.637467179860617e-05,-0.00012338007896408215,-0.0001504352119089725,-0.0016048343050203476,-0.004457020755713179,-0.005202745567711781,-0.007366506192656834,0.0023620795859481958,0.06229698576028439,0.16748432596527132,0.24254406901410844
-3.4275571705747996e-05,-0.00013590976082498827,-0.00016796951870571173,-0.00021242671738719605,-0.0014764081666192056,-0.003449997049563241,-0.0037151423806141342,-0.005031794902987876,0.02332314809428021,0.13910775546970314,0.13003631145425806,0.2243981889196832
-4.765563405705223e-05,-0.00016266249253645714,-0.00019896267164357665,-0.0002524544087863055,-0.0011996043036416409,-0.0019005492927305328,-0.00248348820695885,-0.0029737433768340193,0.032037624501232764,0.17078179589683848,0.11629452327679882,0.18721211631108817
-5.710309820591132e-05,-0.00017273102579261354,-0.00021738757048773012,-0.0002731362190668629,-0.0006898885261301772,-0.00011315735850074581,-0.0012014915618718438,-0.001162618679277455,0.06990553100105995,0.18669659094911892,0.14010480574060244,0.17501282320022468
-5.9072322795086884e-05,-0.00016642932279544253,-0.0002222254314630967,-0.00027700834836780024,0.000296043608295064,0.0013734979579349475,0.00023391936679852988,0.0003881928190899869,0.1272808958839883,0.11063447233801973,0.1469773799934723,0.13514947647326372
-4.979677077216419e-05,-0.00014899528866330012,-0.00021275547846592917,-0.00026726319784354987,0.001559066796289475,0.002113308868493534,0.0016600712326349746,0.0015608372857600866,0.12532374171489388,0.037327709773697565,0.13825299317381665,0.09937941686075621
-2.959313474432763e-05,-0.00012574616333964434,-0.00018816821538768198,-0.00024663013013323553,0.0024816604092778366,0.002536516196237623,0.0032573813830144636,0.002565776256302782,0.05919498088277844,0.04731375577512023,0.18120903690208115,0.10160837724778285
-5.1826989227946665e-06,-9.773048396333307e-05,-0.00014748043240499404,-0.00021527932801642278,0.0024004267550287563,0.0030666196790246295,0.004880175213523123,0.0037043841670597686,-0.07544171173259454,0.058706940782281086,0.1433497291996508,0.12611320490361452
1.4410872621722706e-05,-6.37986771944528e-05,-9.42511376285055e-05,-0.00017075758849861627,0.001518287553874718,0.0037197416747514235,0.005765683741774583,0.005199963736501533,-0.10098612849821317,0.07191745836307775,0.033751976450641125,0.17300270898473827
2.5293625104722373e-05,-2.4643160095034e-05,-3.636755935487194e-05,-0.00011083678150021435,0.0006582629427252154,0.004111361745132339,0.005811031912952129,0.006784197663178851,-0.07101879373168732,0.006406555713105194,-0.02468234221513191,0.14384407635072546
2.9897597617534274e-05,1.4830285320682903e-05,2.092335765405403e-05,-3.825297895167246e-05,0.000262531559837165,0.0037833273380110414,0.0056471514888330665,0.00773256284652953,-0.008127482845922768,-0.0720134371373646,-0.008093742608680649,0.04582896031941033
3.4021902968291235e-05,4.808245121385235e-05,7.689406432895546e-05,3.9007067517621954e-05,0.0005623295103142272,0.0028671058406228482,0.005546989846147221,0.007719446447329353,0.06808707294133519,-0.11123086234027404,-0.011938585928488427,-0.04845224015944574
4.331826603487125e-05,7.322014758262728e-05,0.000129800308942851,0.00011273560834812095,0.001296943103001776,0.0021604334331321367,0.005034259076631884,0.007026261718770444,0.07883564559617458,-0.030103619157868272,-0.090607567974579,-0.09018470555233601
5.876360083767742e-05,9.538360995101274e-05,0.00017419401972478156,0.00017676615909876045,0.001792123857559458,0.002272259040544956,0.0038444830797542294,0.005779848431357456,0.020200505315361814,0.05246874064043214,-0.1473476314009519,-0.1590979519302617
7.617981737740674e-05,0.00012078993422770523,0.00020604799234851228,0.00022495949587917304,0.001691119450386406,0.002809005814793542,0.0025263114449919142,0.0038588189247250613,-0.04040138674997222,0.054880614209285056,-0.11628669555151114,-0.22510794939621723
8.968584836080903e-05,0.00014934428403578243,0.00022723019845629342,0.00025242425698770744,0.0010100867462940516,0.0029018641468218967,0.0017101297765643136,0.0016341332969818175,-0.09580515406849861,-0.03630894780361407,-0.046949638134009014,-0.2198291761524315
9.535434430185972e-05,0.00017420548527148443,0.0002422981655529262,0.0002587971615641135,0.00012361244191608678,0.002070376100318503,0.0013034636427622398,-0.00035955238170060555,-0.08148970680709434,-0.12998866149706464,-0.03438358862640575,-0.17890795958405306
9.279144183370703e-05,0.00018603081069933403,0.0002519980956363519,0.000248174894666283,-0.0006361929355466252,0.0002946889852514171,0.0006365223739228998,-0.0017649009978654953,-0.07047136868544805,-0.22514876151635257,-0.09900466514146225,-0.1021617636489249
8.298386885229751e-05,0.0001779682237403663,0.00025082479996213817,0.00022899770049513013,-0.001325321660735279,-0.0019072063770449647,-0.0008711815087656437,-0.0020705378363650782,-0.06735437635228265,-0.21523031094292375,-0.20253611139624647,0.041034395949008345
6.694426681143823e-05,0.00015010311772875422,0.00023175337031245013,0.0002091409708208452,-0.0018825987474365767,-0.0036658148252774504,-0.0029431044211719643,-0.0019008080984919066,-0.04410104098797689,-0.13649137870357345,-0.21184847108501767,-0.007088448374374029
4.704006924400207e-05,0.00010907321057217656,0.00019320629604260012,0.0001893868045642673,-0.0020982407660506564,-0.004540166606038081,-0.004766310432798036,-0.0020500251528236726,0.0009726372651609888,-0.03837897744855265,-0.15279273124019668,-0.022754962491979197
2.5633478964434388e-05,6.45997778370283e-05,0.00014055006892964682,0.0001643481628378331,-0.0021830772898628796,-0.004354519940991571,-0.005764934989792624,-0.00295770319246317,-0.017939942027605668,0.07550831045785453,-0.046932180158720777,-0.15878064543592027
3.946519197855836e-06,2.4060911855230155e-05,8.24561132629952e-05,0.00012467750772829253,-0.0021543146634528305,-0.0037532532553680585,-0.0058538561435377,-0.0049764278294449436,0.023692467309615536,0.044745026666848015,0.029147949409705526,-0.24496428196043443
-1.596325778354944e-05,-1.1847962579231153e-05,2.6496839129096688e-05,6.271837338407788e-05,-0.0018276407328282247,-0.0034285216315242018,-0.005337998683242001,-0.007415399039397986,0.041642318815305626,0.020201298101923365,0.07402354264943425,-0.24282996003017407
-3.169604361396816e-05,-4.526590851800333e-05,-2.4079459288991748e-05,-2.086761431234367e-05,-0.0013189164332555194,-0.0032550675562302324,-0.004777261000375687,-0.009301798499886323,0.06010254109923545,0.014489516956870535,0.038123993923828675,-0.13444993206749337
-4.2632670171602486e-05,-7.584972048934661e-05,-7.168164364428783e-05,-0.00011362626507184578,-0.0008684088782713455,-0.0028616948380384235,-0.004743175870683528,-0.009249931652014097,0.02999896989759933,0.06418502668149126,-0.03130696798539698,0.1448233016419386
-5.060304843295656e-05,-0.00010195812928183985,-0.00012053546406580102,-0.0001950456203456249,-0.0007256667739994698,-0.002359986920460224,-0.005027588213619108,-0.007033939402741732,-0.0014505490432241835,0.03615655683414856,-0.025575500601718898,0.2983751482125344
-5.907415644362998e-05,-0.00012444651135154778,-0.0001694793342026942,-0.0002509087428793649,-0.0009685548281352138,-0.002137689493481363,-0.004761185813759527,-0.004138685104006266,-0.047127061783924604,0.008302928561623707,0.0788559805736351,0.2806757115345587
-7.11222269174937e-05,-0.00014625707227263835,-0.00021083755889189683,-0.00028026082857330985,-0.001441059266637529,-0.0022244226907367497,-0.003510459124081003,-0.001731732034782725,-0.04737382591653845,-0.0256495680127011,0.1712893573620697,0.20071490231014943
-8.572015634670411e-05,-0.00016853203975974586,-0.00023617651629985562,-0.0002904025235412518,-0.001478526619204554,-0.0022305708066847536,-0.0015573323575107552,-0.00029660695880566316,0.03988035540313346,0.024419944823100365,0.21933599595197986,0.08631011288526291
-9.807466895416655e-05,-0.00018686008083587866,-0.00024207999424386183,-0.00028855043937505874,-0.0009923759022879342,-0.0014350374085418073,0.00037663676870951387,0.0006670237920442739,0.057349787980190456,0.1346867348054889,0.16745782929207395,0.10641603728472449
-0.00010446744643870678,-0.00019329039593107285,-0.0002329468570872204,-0.0002775332535771824,-0.00028617959462011076,0.000148974389502969,0.0014499906626187688,0.00153641336753099,0.08388947355337424,0.18211562480346635,0.04721294948977703,0.0674618778126187
-0.00010253857505645615,-0.00018337027846566226,-0.0002162926113498923,-0.0002594244022371037,0.0006719538710702366,0.0018350491035791499,0.0018808584848468543,0.00208535690048475,0.10773721958469525,0.15509931801176982,0.03896061495584005,0.04232682877813332
-8.996975434071472e-05,-0.00015917292685907613,-0.00019523048055902783,-0.0002376654967473105,0.0018418102720780488,0.003004421217738076,0.0023315676733260387,0.002266424197473896,0.1262340606168672,0.07877510482001546,0.051181222739996785,-0.006113369380304157
-6.759571631841532e-05,-0.00012738011547682083,-0.0001693643156579371,-0.00021541483789561054,0.0026329973323818323,0.003354141058712984,0.002841665306892108,0.0021837075728660935,0.032003351443889494,-0.008831136625033847,0.05083830397321701,-0.010429955541256364
-4.189691946209409e-05,-9.439748684031746e-05,-0.00013914416435590764,-0.0001920431051537131,0.002506762038882413,0.00324238466858769,0.003202364953513785,0.002490638975513394,-0.057250410143773356,-0.013520141400024915,0.02130162535111843,0.07181623607071641
-2.1070909041197934e-05,-6.315763151883555e-05,-0.0001056157519836773,-0.00016409318181715606,0.0016584400452968177,0.0030055863957086926,0.0035033175209322827,0.0030993456917980155,-0.11241398857334567,-0.03383951317577458,0.038888888132581095,0.04992510718620791
-1.0547969610905743e-05,-3.555969790619773e-05,-7.028867685103204e-05,-0.00013070263821033946,0.0004461478407616205,0.0025140003268188716,0.003562097505596769,0.003578763029565305,-0.13004445233369377,-0.06447770060218963,-0.02713289119968379,0.045958360367249984
-1.0478117803612551e-05,-1.4851123250302017e-05,-3.681073093868951e-05,-9.36500068226886e-05,-0.00043217747930298213,0.0016277146043602703,0.0031334916768717374,0.0038317632479648667,-0.045620611679226764,-0.11277944388953062,-0.05858827454532253,0.004641683312662348
-1.5695275618079942e-05,-3.879402811939295e-06,-9.93481368864548e-06,-5.580697693384143e-05,-0.000611254083590496,0.000566629483312274,0.0022416917731370683,0.003736842729804568,0.009805290821723989,-0.09943758032006864,-0.11977170620161129,-0.02362578694472206
-2.0603002397616877e-05,-7.634184285532092e-07,7.247596821628991e-06,-2.1137328369999785e-05,-0.0003702912723168912,5.656739336494304e-05,0.0011947903289178257,0.0031970869829637616,0.03838727143299697,-0.0025748376693975478,-0.08960858264223723,-0.08432536242343924
-2.1557725649787438e-05,-3.267893760677635e-08,1.5671778272553337e-05,4.741530233487567e-06,0.00017934662188277904,8.958050482434353e-05,0.0004900459612670434,0.001978684737733709,0.07154030740693706,0.009177459961277647,-0.05134029088791922,-0.15935508662257125
-1.717699752134058e-05,2.5543615213407403e-06,1.948082706976811e-05,1.6668630166148423e-05,0.0006967990038065925,0.0004278275869651598,0.0002717637981759113,0.0004067352487984624,0.03195016897782563,0.0584719564668856,0.007683858269692784,-0.15503481116447804
-1.0025288669722096e-05,9.135431293147419e-06,2.276359102981715e-05,1.4482385312107996e-05,0.0007335427665171041,0.0008883863673961759,0.00038478899383389685,-0.0008439842196065479,-0.024601416435723306,0.03363979961931763,0.014921180861904332,-0.095109082516524
-4.449885321384465e-06,1.9682358300579912e-05,2.7189977944767443e-05,3.5804046247261722e-06,0.000381537903150422,0.001220999034090323,0.0005004883891561616,-0.001336411917869817,-0.045799556237613115,0.032882733719511774,0.008218698202548613,-0.003376457136129829
-2.1625826270800904e-06,3.2106405498967446e-05,3.169185838239641e-05,-7.813267476574907e-06,7.592263571045289e-05,0.0012638104055871838,0.00039988769836963185,-0.000942322502390399,-0.015323497250380708,-0.0243204594201396,-0.02833883635985457,0.08219434023201344
-1.6171897087832928e-06,4.2217078702924575e-05,3.47247393588292e-05,-1.2686564669100778e-05,3.315594794890663e-05,0.0007583242352042419,0.00020668849691692607,-3.2336936114774994e-05,0.006770159698071456,-0.07677677465644878,-0.010301003930686586,0.09980277302311136
-1.6871289370341695e-06,4.408042581679568e-05,3.6281000992528556e-05,-6.734622247278499e-06,-4.714379359908198e-05,-0.00038565481243002075,0.00010456382982294495,0.0012227254204792309,-0.022830108007669176,-0.15201903487040377,-0.01012392948810964,0.1512096982956898
-3.430860482505952e-06,3.4723627550983915e-05,3.73703376438651e-05,1.088679015289289e-05,-0.0003016025154952745,-0.0014857048407323323,0.00011330350044436383,0.002301557059555047,-0.02806163637156933,-0.06799097079005853,0.011871863612393417,0.06455662951947344
-8.040168306390747e-06,1.9281882525805873e-05,3.923423735316561e-05,3.601034072096489e-05,-0.0006202590492816844,-0.001602644164303276,0.0002594764414157381,0.0027231530540593528,-0.03566967038571264,0.044603106075869786,0.017362724581881428,0.019762569381387707
-1.6483998894802032e-05,6.7620176581846025e-06,4.186771806080848e-05,6.204523052857131e-05,-0.0010685070684005728,-0.0009013288092209777,0.00026721970011283675,0.0024838249074619297,-0.053979933438065036,0.09565996494058984,-0.015814072842461696,-0.06762819870087228
-2.8618546878269963e-05,1.025009012211984e-06,4.4062413556703354e-05,8.319755252382027e-05,-0.0013584025282930136,-0.0002460729199735461,0.00017171939906613737,0.0017466394915878628,-0.003999158540423126,0.03539121290889649,-0.0032859873668781847,-0.07980888447394113
-3.9709972006839995e-05,-8.202304573870598e-07,4.599208322072735e-05,9.711966704741119e-05,-0.0008598824974209925,-0.0001229749739462627,0.00021421453373866186,0.0010377834131303212,0.10370316471482735,-0.010771623703439814,0.011785014301383082,-0.06196233121756717
-4.3427083215094364e-05,-3.2394291159395574e-06,4.81099858202355e-05,0.00010425704652060783,0.00011646025577011871,-0.00036086475776423685,0.00020936598616296798,0.00038969248150900603,0.09156538592339489,-0.036806333060155016,-0.01275472381652186,-0.06765585510669586
-3.948488821023204e-05,-7.244481250982091e-06,4.8721672322987596e-05,0.0001049555150983251,0.0006719787452023464,-0.0004401456692442699,-8.702868561254854e-05,-0.00024999876596555083,0.019538311963050642,0.020950150764148412,-0.04652421053858144,-0.060282394388215504
-3.36519009132118e-05,-1.0186697876731105e-05,4.55958868486365e-05,0.0001000913245153787,0.0004946187142017007,-0.00014829765590553294,-0.0005381284092576709,-0.0007228393506237312,-0.05501031816317978,0.03741945190359898,-0.04369573419044302,-0.03428572254342056
-3.2597092542192964e-05,-1.1147999844928937e-05,3.7193008139109444e-05,9.11654957738492e-05,-0.0002836570399979328,-4.3962737734033487e-05,-0.00114244733264774,-0.0010623263976821669,-0.1006448326767469,-0.01655246826929909,-0.07716805048757082,-0.033611686868266585
-3.9104123557664294e-05,-1.3286202348190947e-05,2.242497860477511e-05,7.941430295628602e-05,-0.0010177491630963334,-0.0003836777629183685,-0.0018111585742191269,-0.0012879121658304709,-0.04617359194293319,-0.051390536767567906,-0.056574197826706515,-0.011505466761394204
-4.984728187738304e-05,-2.1395283963381557e-05,3.779963211801888e-06,6.577696500093822e-05,-0.0011308825008474158,-0.0012381385601197537,-0.0019178445043755174,-0.0014395554252390878,0.023546924392716717,-0.11950162267270914,0.035237011795428416,-0.018823185120329197
-5.907261274484318e-05,-3.8136514088954595e-05,-1.3928189468253325e-05,4.938256322781568e-05,-0.0007141836726446121,-0.0021101074649948538,-0.0016237860316355255,-0.0018393249293854207,0.05979284124784401,-0.05489215830231087,0.023574682752569978,-0.06113071570893737
-6.374826565738692e-05,-6.015993148437717e-05,-2.9797639974124618e-05,2.8278498271994726e-05,-0.0002209469098641354,-0.0022945760140896617,-0.0015501040695387333,-0.0023814880617787706,0.03885451130825132,0.017998448483349305,-0.008838290333211554,-0.047301910769732655
-6.523216945474623e-05,-8.009277178188221e-05,-4.770278903026925e-05,2.5182648146034277e-06,-7.583384960772714e-05,-0.001691992045411346,-0.002030925741690193,-0.0027705586296994885,-0.009831899256969673,0.10251834525231385,-0.08732604409708038,-0.03051220281441093
-6.675830334236471e-05,-9.248689712832781e-05,-7.115443731574434e-05,-2.6881617467389633e-05,-0.00022939292791596873,-0.0007868330238777742,-0.0026594039154048264,-0.0031094178266991243,-0.020879916404678643,0.07851345905440049,-0.03836959064584629,-0.03725963658551622
-7.052002254252089e-05,-9.801481860527444e-05,-9.684226031460675e-05,-5.8648751424566794e-05,-0.0005229509121152679,-0.00031875127151155194,-0.0024781606843676538,-0.0032440089647363087,-0.03783168043518118,0.015102891418843967,0.0746182368532808,0.010341408978079322
-7.681952186800658e-05,-0.00010245496102169543,-0.00011743704489226178,-8.882682309296136e-05,-0.0007369489529818705,-0.0005692772117726454,-0.001640796231163352,-0.002791605368942605,-0.004967927738139331,-0.06520807947106266,0.09285465378757955,0.08013931018066135
-8.291817793404214e-05,-0.00011046466592293697,-0.00012987555395833322,-0.00011018539095471324,-0.0004827822602252413,-0.0010326637684756627,-0.0008469055820509375,-0.0014801082034077706,0.055801266289465155,-0.02746923186954081,0.06592347603490335,0.18216012292630557
-8.47233636203017e-05,-0.00012031793244025036,-0.00013550162303818897,-0.0001159859833648502,0.00012174512297333061,-0.0009379895349870149,-0.00027830823392021144,0.0003199897213803794,0.06510421035024921,0.04640407856727036,0.047795993591241856,0.1778594620313244
-8.016610255043564e-05,-0.0001250011628840275,-0.00013609126574406886,-0.00010599992061380767,0.0007897070909998814,1.3434462315880342e-06,0.00016037969274423263,0.0016772228288281267,0.06848818325506095,0.14146251767645024,0.03994159174164695,0.09358715945822504
-6.939593115094997e-05,-0.00011751764314275198,-0.0001308443477515535,-8.612341476462876e-05,0.001364327188897251,0.0014953605020235146,0.0008890039057588422,0.002298078341007655,0.04643583632441295,0.15734089348193508,0.10578325086127498,0.030583942977680634
-5.524759124539967e-05,-9.623913433682697e-05,-0.00011617550379558777,-6.084521128957255e-05,0.001465340792212809,0.0027603412591614878,0.0020447648854343007,0.0027575623540035854,-0.026233115661301376,0.0956552579456596,0.12536894507381674,0.061312859621505456
-4.240677055001968e-05,-6.584411064663553e-05,-8.966007523547298e-05,-3.204770518348261e-05,0.00110282334686319,0.0033186634788767992,0.003258320826588657,0.003001938867214403,-0.04627037340862239,0.016009185997402697,0.1173422431570546,-0.012437556979341902
-3.196911149574182e-05,-3.3892230739350864e-05,-5.23308676681228e-05,-1.728006171731351e-06,0.0009847084639923811,0.0030717125025801345,0.004207520686881379,0.003062000935135849,0.022647396834460598,-0.06539938125673567,0.07249772890148981,0.024449970563631074
-2.1250770982427763e-05,-5.77760525078519e-06,-8.055322679412497e-06,3.1652403639106224e-05,0.0011589596386704305,0.002551212595133001,0.004647588310860681,0.003614081027031666,0.012202838101149305,-0.03870060023269112,0.015515795894370632,0.0859660478155323
-9.25862841652753e-06,1.8476591773839964e-05,3.655490045313964e-05,7.335999991227071e-05,0.0012394688745096163,0.00229962680979203,0.004274456315649745,0.004727438227601232,0.0038990090666878308,-0.011616556835503056,-0.09014219493655778,0.13670539229838086
2.9260678198251343e-06,4.001932229138935e-05,7.415873230195748e-05,0.00012550796856637745,0.0011974703727609165,0.002008919293717847,0.0032463100541138237,0.005702155503220118,-0.0122987094164278,-0.04652494637933352,-0.11548705737062653,0.05823806282539634
1.3651003250165176e-05,5.724109902306569e-05,0.00010196196702345493,0.00018158608665166029,0.0009475167133070916,0.001435436052617421,0.002314336890185666,0.0055134681138364495,-0.03769202247433717,-0.06817170184075166,-0.07090757541500509,-0.09597554070212999
2.0692326580202603e-05,6.815938010079967e-05,0.00012311341538197878,0.00022953828608917486,0.00046074795270039374,0.0007482201629293741,0.0019159527815191045,0.0040769717736664655,-0.05966172964700239,-0.06927147609685774,-0.008769246318307167,-0.19132372733186676
2.2454824283421804e-05,7.266690516092236e-05,0.00014160886759053033,0.0002595360405779162,-0.00010824841205655345,0.0001532848490951637,0.001783137660191205,0.0019225791240817976,-0.054137543304387054,-0.049715586669984324,-0.017793777947272715,-0.23955480258506678
1.928194289914337e-05,7.298544777201263e-05,0.0001558034143415101,0.0002681334675301097,-0.0005263278647991334,-8.957632687710867e-05,0.0010557716900047463,-0.0002030937336430891,-0.02947834724412894,0.0011433514755298524,-0.12767941609001904,-0.18557976895991052
1.3074421696487424e-05,7.134929849212889e-05,0.00015821370168494196,0.00025833044016646494,-0.000715176375732056,-0.000237653529099639,-0.0005737142213183724,-0.0017575117390858678,-0.008291354942455573,-0.030758791920035916,-0.19821776617460468,-0.1253038321286452
6.157752489656441e-06,6.642179694701898e-05,0.00014268222132356807,0.00023465041614283212,-0.0006681574656341406,-0.0007478467799223442,-0.002532581850956404,-0.0029784930656406956,0.017695136962038657,-0.07127985824450511,-0.1935557597530017,-0.1188924331823204
9.89482504988399e-07,5.380149517606185e-05,0.0001104903588563748,0.00019932067814662423,-0.00036549653129946773,-0.0017762135742690807,-0.0039057906424822516,-0.004087454533600882,0.04283704990489591,-0.13439350062484218,-0.08108599855216775,-0.10289986040971694
-2.0190501998248425e-06,2.8982109138616945e-05,6.83955239293844e-05,0.00015345558148782936,-0.00023621000966318067,-0.0031876636332199004,-0.004513176342915828,-0.005085564798158092,-0.016979745577638497,-0.14789651116532182,-0.04039114153454765,-0.09672219250172492
-7.045099911414672e-06,-7.4664788358397264e-06,2.135909820331242e-05,9.986113459814586e-05,-0.0007689999326547852,-0.004102053961671435,-0.004894108802298567,-0.005633324579778607,-0.0895782390206824,-0.034981554524985026,-0.035795350342000154,-0.01282976382237827
-1.9730372952407722e-05,-4.82077767364455e-05,-2.908418937132536e-05,4.2824511190460826e-05,-0.0017680546755438247,-0.004046205618449721,-0.00519454871262899,-0.005774000101758399,-0.1102327095571255,0.04615122316932779,-0.0242926317240843,-0.015305340573580073
-4.262874729113666e-05,-8.719183586917821e-05,-8.152809899336443e-05,-1.7029521758461013e-05,-0.0028116201922019626,-0.0037506062080968207,-0.0052942332117788225,-0.00619680648802597,-0.09848039377450202,0.012968658901252261,0.004355731894117809,-0.06925593667993418
-7.324255194084394e-05,-0.00012468959961109104,-0.00013362596927309325,-8.041888188993489e-05,-0.0033111407377394942,-0.003748946540285747,-0.005125340844166941,-0.006481065538268805,-0.0014237153330043384,-0.012636725339037536,0.029422741628258475,0.012404126631367307
-0.0001032822030745533,-0.00016263845997418656,-0.00018326705607576359,-0.00014309215994937806,-0.002696789489002377,-0.003840825532333356,-0.004802876516367126,-0.006053590073619831,0.12429396508042778,-0.005739073070484324,0.035070123931704555,0.07309096629842754
-0.0001239946746912327,-0.0002011147826113218,-0.00022982137851956474,-0.00019866504883535045,-0.0014457048343335028,-0.0038544389950936897,-0.004507987972393105,-0.005060987703574645,0.12592296585334706,0.0030163805184176273,0.023907584863099685,0.12542950771060962
-0.00013269667869957543,-0.00023775958519165006,-0.0002726644422591583,-0.00024254101636839943,-0.000294695967335043,-0.003474521520971964,-0.004060624775525612,-0.0037142058030351505,0.10427880754634489,0.07296711430592756,0.0655650545103989,0.14392687239728924
-0.00013278802511426186,-0.0002674144803419668,-0.00030971635032095603,-0.0002736597801691585,0.0002764266843977572,-0.0024564575090913797,-0.003349756836833929,-0.002509546957116661,0.009945722800215148,0.13064568807018923,0.07660853322793765,0.09700489678640861
-0.00013209422299386637,-0.0002847200239222561,-0.000337561938601988,-0.0002944199077135499,-0.00013766626031866055,-0.0010046512069664796,-0.002219360819372469,-0.001642478551761624,-0.0927643117434987,0.15971557235479078,0.1494706702643544,0.0764087842845988
-0.0001369851354745569,-0.00028844189786748626,-0.00035207812931733725,-0.0003075256139283412,-0.0008405162358194442,0.00026027641792044157,-0.0006838773236973769,-0.0009786626911966376,-0.047805683356658024,0.09326995262259347,0.15762602887066396,0.05635438782839847
-0.00014519735917917264,-0.0002820362960516189,-0.0003515706568176491,-0.00031334567548561214,-0.0008019285051037038,0.0010208439452530265,0.0007853718236350074,-0.000185349620257545,0.05552322949980609,0.05884355284392351,0.1362238005958129,0.10230822635942005
-0.00014815930524557732,-0.0002703998292923661,-0.000338725861961025,-0.00030917777883932105,0.00020953929182276616,0.001306449406597536,0.0017835871476898067,0.0010189289495157621,0.1467703298854879,-0.0017224605750216226,0.06341926421514693,0.13854748759524138
-0.00013882359435201253,-0.00025725079291605025,-0.00031895363646137825,-0.00029298418148635257,0.0016576028868901917,0.0013233578686656369,0.002170857952239548,0.002219790521077934,0.1428423891279972,0.005104152988641808,0.014034896694801346,0.10162482671719297
-0.00011808783152093794,-0.0002427460447278797,-0.00029715977265524124,-0.0002659213369207569,0.0024895496793247264,0.0015775917689684735,0.0021879148089878546,0.003192778392041204,0.023546969358909736,0.0457426270719255,-0.01062352534514005,0.09297274747546103
-9.439954341809e-05,-0.00022339830547710466,-0.0002747560732216213,-0.00023100878642124737,0.002248107941244862,0.0022919560811865327,0.0022928250777361375,0.003789731707860698,-0.07183531697488263,0.09713023537168636,0.03160557909479661,0.026417915688437765
-7.733948432552595e-05,-0.00019651556284754713,-0.0002495762497979203,-0.00019171357386469113,0.001163903877267949,0.0030845924447249736,0.0027431396070040585,0.00406931080345055,-0.14500549582049996,0.061397037336001825,0.05845732675878762,0.029497903429532513
-7.153649468358339e-05,-0.00016469255924652127,-0.0002179809217547707,-0.00015188595704194367,-3.3059488794380185e-06,0.003280008275480199,0.00357592600162586,0.0038962125610989416,-0.08843646940897743,-0.022313871184956702,0.10809995216557272,-0.06411755189985413
-7.214625615879639e-05,-0.00013358508014095103,-0.00017751903672165066,-0.00011521564668675887,-0.00011864634616316146,0.0029414875456338493,0.004516451004998149,0.003437849509938019,0.06536838995223274,-0.04539027478431329,0.08000504850888507,-0.027555058332330407
-6.870841167531429e-05,-0.00010571667825847564,-0.00013131605473468377,-8.090906215838657e-05,0.0008062152428595815,0.0026321928308612294,0.004724145392395228,0.0034234673957364405,0.11960392785231586,-0.0164686681702107,-0.0384661710294692,0.024678635492014656
-5.6152967369951e-05,-7.920343289788734e-05,-8.740618641269201e-05,-4.497975094656778e-05,0.001704873618213077,0.00267045624125643,0.0040578282720031235,0.0037623948466273182,0.06012774721838324,0.024121350249250828,-0.09479725304895176,0.043106854686160934
-3.6971879602508013e-05,-5.1685575126219575e-05,-5.233798119886875e-05,-5.242348369390251e-06,0.00213134393527552,0.0028331153130771235,0.00295581277076153,0.0041850856688081875,0.025166316194105337,0.008410464114887828,-0.1256058471993669,0.04143130975001286
-1.5944111434732703e-05,-2.3849832153127237e-05,-2.650714791295773e-05,3.623252505518911e-05,0.002074209698279542,0.0027340332815413435,0.002210353886420674,0.004109889016107684,-0.036593163593300976,-0.028226870422043804,-0.023485929668804306,-0.056470640290113505
1.0153556323407822e-06,2.219828618062926e-06,-4.673521480915115e-06,7.291470366656146e-05,0.0013176837151351551,0.0024798988726966883,0.002156371399987849,0.0032265467061667876,-0.11471203303557634,-0.022600011346887217,0.012689432382239352,-0.12019782169806581
9.176846418674038e-06,2.4008536864270644e-05,1.8201461226306717e-05,9.958708942524987e-05,0.0003146144421314963,0.0018778427765448553,0.0024186251414565173,0.002107930445570895,-0.08590182156515544,-0.09781120788347936,0.03976131591149429,-0.10352543042111273
9.034747179040512e-06,3.88023824000786e-05,4.229008119597418e-05,0.0001167519015296246,-0.0003430342900582015,0.001080926330616736,0.0023990988524769754,0.001325031975304051,-0.04562792487278411,-0.06157208130214448,-0.04366657370740262,-0.05305426363225607
4.58806595762284e-06,4.7733230600028864e-05,6.202656727707717e-05,0.00012794373824056123,-0.000546301954225333,0.0007052433093733166,0.001548198363743621,0.0009133353668832748,0.004974392039357817,-0.013564522946539426,-0.12651352403926824,-0.029285058051899182
4.5513796275157906e-07,5.2268514152692245e-05,7.164906131095335e-05,0.00013632413425162555,-0.0002802836447489191,0.00020181340115935943,0.00037630044303161594,0.0007627438353295904,0.04822926985592496,-0.08712145869625201,-0.10786606010313277,-0.0008332482588376822
2.982797329452578e-07,5.098204566026687e-05,7.013385685367978e-05,0.0001436146941979602,0.00024891199878765484,-0.0004591070996444347,-0.0006793413344863297,0.0006953681539373404,0.057609858851389834,-0.04506264146450681,-0.10326229540045637,-0.012641888019612302
4.170965448469258e-06,4.44393272806774e-05,6.088150253228905e-05,0.000149553019534618,0.0005256251443171454,-0.0008494365762734596,-0.0011711295297918158,0.0004922969133942189,-0.0022672297454917195,-0.033003253861298154,0.004904656339359131,-0.027972360089011994
7.68308387378708e-06,3.551201329245339e-05,5.0252014434281474e-05,0.00015278560344369755,0.00017679854074641898,-0.0009360262213713422,-0.0009547680898096999,0.0001542198684216906,-0.06749809096865357,0.015685324841721637,0.038367631657064055,-0.039643048905493666
6.67972802536381e-06,2.819639229803239e-05,4.1937623558679364e-05,0.00015144709215719572,-0.00037746971043107303,-0.0005270979775128579,-0.0007081100853107224,-0.00042192212572205693,-0.04335555926684484,0.06610032392997522,0.010963969242731436,-0.07558534992325583
1.6156320711882482e-06,2.5580640228345252e-05,3.597298866912969e-05,0.0001422356301288116,-0.0006353494804040394,3.947563575430594e-06,-0.000484816892599212,-0.0014203702799547688,-0.008220394727748409,0.04010878428768247,0.033694669299570656,-0.12410428092328657
-3.740684639990994e-06,2.6145320599382953e-05,3.1926962289564925e-05,0.00012311349450675255,-0.00043591386183180906,0.0001089885106321095,-0.0003243883833137414,-0.0024040568444570402,0.048107518442194463,-0.019100594876346688,-0.0016089674424765443,-0.0726330319771677
-5.320966864500285e-06,2.5607354822852148e-05,2.7299805934984908e-05,9.799333789779723e-05,0.00011985741692995076,-0.00021658166593827057,-0.0006010428876022622,-0.0026199744773340227,0.0630467373101575,-0.04601344043772933,-0.0537219334152276,0.029449505401771214
-2.7480304883545848e-06,2.128225085253687e-05,1.8037033625838676e-05,7.573386825644613e-05,0.00039472985829918934,-0.000648439128124785,-0.0012515115742269842,-0.001831919450936199,-0.008072249036309792,-0.040358051999573555,-0.07637180390971679,0.12816149987779352
-7.696857454636354e-07,1.3527027909443524e-05,2.6019018915656395e-06,6.260722754357454e-05,9.390902790004608e-07,-0.000902605460493884,-0.001835514772627623,-0.0007934086916381187,-0.07068590456772798,-0.01047521447424625,-0.04042883577041098,0.07954065198182253
-3.840572614912423e-06,3.675855125731032e-06,-1.4624423631989623e-05,5.5597354292705745e-05,-0.0006151164641687581,-0.0010676290962486146,-0.0016097503320834296,-0.0006085659585356397,-0.052525206321823725,-0.02252951267669985,0.08558172387924964,-0.04257210536132672
-1.13913000935278e-05,-7.79241404096022e-06,-2.6520432356246417e-05,4.578648814285304e-05,-0.0008950290315543172,-0.0012260247370896357,-0.0007694514127679288,-0.0013536072714349012,-0.0034573071552881085,-0.009149615491504379,0.08247805998385052,-0.10643615721852556
-1.957985007080273e-05,-2.0180031215445017e-05,-3.2258180692423584e-05,2.8496334212380518e-05,-0.000742680963900669,-0.0012514986978073236,-0.00037809825446750474,-0.0021044235146596034,0.03392692068601774,0.004054823347966793,-0.004207428323765722,-0.0437270914264149
-2.4808911029519324e-05,-3.22028179882446e-05,-3.878158952009527e-05,5.59235727557098e-06,-0.00030313122784264974,-0.0011530586567525924,-0.0009265835110668327,-0.0024763718727023047,0.05398302652558612,0.015633184862979446,-0.10548962299609985,-0.030662580182125365
-2.5150651874187938e-05,-4.2141418331059316e-05,-5.28029236071422e-05,-1.9740222472949247e-05,0.00023478305890892696,-0.0008346614118103512,-0.0018776833063425529,-0.002590144077001741,0.05359983082472922,0.04804626412546879,-0.0847303360590442,0.007908139322238161
-2.0922450058102125e-05,-4.785052691561622e-05,-7.440401209902511e-05,-4.4510593902504404e-05,0.0006108573043082355,-0.0003071603051010293,-0.00244253439203403,-0.0023639302089092907,0.021615018255132512,0.05745395721639558,-0.028239881079251156,0.03733463429625189
-1.4235776753727416e-05,-4.940804343357572e-05,-9.822149033241499e-05,-6.63903223360328e-05,0.0007264773565667062,-4.342998490870504e-06,-0.0023209612546439464,-0.0020120154777963895,0.0015089921965616149,0.0031095041056361794,0.05255450855726787,0.033048311926328344
-8.149560438454131e-06,-5.0450199420371214e-05,-0.00011701718800535477,-8.449737820738933e-05,0.0004907659064879509,-0.00020408819886822874,-0.0014381782799440085,-0.0016093956964749157,-0.048651282212312685,-0.04305854418110783,0.12400208638271967,0.047475644337966416
-6.098310658623977e-06,-5.4620027574589587e-05,-0.00012613057518780267,-9.744183947484423e-05,-8.051595052192004e-05,-0.0006298774319754458,-0.0003844991565455727,-0.0009794965570160642,-0.0656050891896615,-0.04209930244033558,0.08673373829696748,0.0785041835538039
-9.507502020316026e-06,-6.199181624170428e-05,-0.00012601883734161807,-0.00010385794306923049,-0.00060132232181649,-0.0008444803014474934,0.0004068467257824944,-0.0003037241618611872,-0.03855618506925247,-0.0008212714540739297,0.07153543816864594,0.056650295477171486
-1.690738184253727e-05,-6.865788035156643e-05,-0.00011972053269209765,-0.00010433929786604316,-0.000878653642627759,-0.0004887325205249361,0.0008528142041215883,0.0002074532024986536,-0.016910079093001337,0.0719708276385854,0.01765805749917282,0.045585177394796686
-2.385359454630137e-05,-6.999627602693548e-05,-0.00011099739316534552,-0.0001006196027627482,-0.0005105888981250607,0.00022105338545112623,0.0008918137012288388,0.0005364858181603385,0.09052302799354099,0.06998635355662705,-0.009858158077722723,0.020221345737540294
-2.4811126002508073e-05,-6.428503513783504e-05,-0.00010278799703674204,-9.293621105900235e-05,0.00031908260688371976,0.0009211947923689622,0.0007500655244918558,0.00100019252258883,0.07541127300821511,0.07004192782694013,-0.018491477269673873,0.07251999514815803
-1.829270701392628e-05,-5.177367872834506e-05,-9.554234910304595e-05,-7.889485760668542e-05,0.000984601190832639,0.0015810764895290332,0.0006990640622473626,0.0018080781678745566,0.05769244378156872,0.06193441160507407,0.008291184820775233,0.08905713390898724
-7.029761612082697e-06,-3.379008601059016e-05,-8.602740350667482e-05,-5.626739315194651e-05,0.0012679878895360778,0.0020156420540219473,0.001203925057026864,0.0027174147230732255,-0.0010151040408809958,0.024978701293508765,0.09268101413512503,0.0928101771307465
5.108455819466393e-06,-1.3127055094832472e-05,-6.87176558648373e-05,-2.5750542412943048e-05,0.0011596555967737401,0.00211696412912959,0.0022580244713406384,0.0033859554247274676,-0.02065135451158652,-0.004714286271980228,0.11813886872762985,0.04089796320010193
1.642859101630515e-05,7.898814953970021e-06,-4.0244585273800896e-05,1.033349512439494e-05,0.0011043714425940112,0.0020882098806309086,0.0034365896468666435,0.00383085208274013,0.009594523675640745,-0.0010365634277560432,0.11757416637757118,0.04808136840243053
2.7807793672384677e-05,2.8515680190820623e-05,-2.1207957168634766e-06,5.009009262649927e-05,0.0011714690886218942,0.002035163166739212,0.004188168264520841,0.004120467417680736,0.0038250055299358515,-0.009572779350583316,0.032741557153268264,0.009841698585690686
3.8838110539843185e-05,4.852761678360484e-05,3.87004635488843e-05,9.13229013649648e-05,0.0010345942848698074,0.0019672241518176314,0.003976083588628716,0.004126094330012368,-0.031199966280353195,-0.004015023633732739,-0.0751584923316932,-0.008716316119364256
4.7740494814708135e-05,6.992967516684409e-05,7.378352275158942e-05,0.00013161046047338118,0.0007458825701031828,0.002313187524830219,0.0030405282519123077,0.003931417491670908,-0.026542376672971726,0.07320769823625028,-0.11195257501158845,-0.03021905154892772
5.470171846061907e-05,9.522059301956354e-05,9.980654256346444e-05,0.00016732336759506513,0.0006463621590790046,0.002744996045713669,0.002164075710462696,0.003211163932665881,0.006638294468136088,0.013154005940439695,-0.06333793327833387,-0.11383166025207776
6.299949455292823e-05,0.00012145185053207896,0.00011912815309345317,0.00019299787212762027,0.001013193059382827,0.002501255456789415,0.0017002463955350506,0.0019237369738451468,0.06672788559262836,-0.06190212372529047,-0.029427929707195266,-0.14365373151206912
7.587493469982339e-05,0.0001419951572600224,0.00013457425656884624,0.00020472645716207612,0.0015618949699962043,0.0016074058887992739,0.0013889742995435621,0.00042198003304602313,0.04301249653004714,-0.11686778987273772,-0.032826489491102395,-0.1566976566477556
9.173941180152277e-05,0.00015315677985304455,0.00014632755979416835,0.00020332627336787728,0.0016110004503436725,0.0006249186298051561,0.0009616863455208598,-0.00070201679188579,-0.03319140046055348,-0.07962966192608584,-0.05263110131343807,-0.06810170833860704
0.0001045951675066756,0.0001557794585036737,0.00015201491725623086,0.0001938979325695776,0.000960150690686894,-0.00010038289967932441,0.0001757851468916432,-0.0011836513677741447,-0.09697855147080224,-0.06543064397081025,-0.10454913841240523,-0.028225206839063904
0.00010832232380038056,0.00015137914098542772,0.0001473724953149233,0.0001805371564307559,-0.00021471943194590183,-0.0007796806039698732,-0.001104269535153156,-0.0014885038599901988,-0.13799547305575688,-0.0704288968872995,-0.1514617979965546,-0.03274529160414694
9.93490697692691e-05,0.00014003361378393404,0.0001310717639633549,0.00016428866445522428,-0.0015799313742763913,-0.0014894248363288621,-0.0021558767351605255,-0.0017611945351161244,-0.13504691541034097,-0.07151994958449828,-0.058859642004919305,-0.021792843421038183
7.945916915415832e-05,0.0001225349419133526,0.0001086063086448949,0.0001447807842399436,-0.002398048748745765,-0.0020103095377874292,-0.002337214328531472,-0.0021403815079400097,-0.02857655948353377,-0.032656990707215144,0.02259212333072999,-0.054044551143738934
5.6997740116092134e-05,0.00010079007001932293,8.61807500874283e-05,0.00012008954097350697,-0.0020942370588674713,-0.0023386648410185025,-0.0021478973829618473,-0.0027978671453473187,0.08933889745919243,-0.033014069938999496,0.01527126578319496,-0.07745257633772287
4.2055551063858034e-05,7.617672189435001e-05,6.500390083318614e-05,8.884797604807651e-05,-0.0008942007515793486,-0.0025840047839760807,-0.0020874724678865866,-0.003450445839738773,0.1506683639984321,-0.016053918652516125,-0.0031862827681428396,-0.05306316254056806
3.882698308933347e-05,5.237535656050482e-05,4.20162244008995e-05,5.34123308767714e-05,0.0002484871566744353,-0.002176268282792958,-0.002510062818570741,-0.003636683194522248,0.07786921765232468,0.09760121888914061,-0.08133178736868804,0.015815691583873054
4.3079228479764546e-05,3.508968870708933e-05,1.294104532848043e-05,1.7296426533142233e-05,0.0006019619214117803,-0.0012808652878901396,-0.003304972995913072,-0.003586497674203585,-0.0071742647048556735,0.08147938009142311,-0.07765024809977808,-0.00577858752014046
4.804238023942793e-05,2.5505082116369464e-05,-2.1849365270382304e-05,-1.9449909738244538e-05,0.000390668430520896,-0.0006360560302538339,-0.0036531091238594755,-0.0037627695800737694,-0.0350844334733212,0.04748247143583803,0.008023022510497385,-0.029475793653896437
4.959775349226456e-05,1.9086425697325663e-05,-5.60870932683572e-05,-5.82350180309491e-05,-7.959377995356954e-05,-0.0006476752535549262,-0.0031944364757355045,-0.0039942520784671445,-0.05896800862157191,-0.049806316096056485,0.08371150711429684,-0.01682070602477856
4.5219300287308374e-05,9.931360504691546e-06,-8.269656492624751e-05,-9.761664326918198e-05,-0.0007960968610376676,-0.0011833377849718974,-0.002127457855842558,-0.00388207296917943,-0.08433260759524773,-0.05732619018733778,0.12968421686429246,0.03925652788232145
3.411510856874598e-05,-4.026416232124206e-06,-9.83527114172869e-05,-0.00013065126587990202,-0.001424741482674811,-0.0016082175623912533,-0.00100377144236532,-0.002724851552964578,-0.04139631673218093,-0.027649765296533374,0.09505306583115511,0.19218775536064894
1.9989300709201993e-05,-2.101486569688201e-05,-0.00010388124200619167,-0.00014688017401515613,-0.0014004200892339866,-0.001789472330560308,-0.0001019346754156335,-0.0005209300740862434,0.04626059542034579,-0.008601188337277549,0.0853142875587822,0.24859654041501797
9.023844362866252e-06,-3.711614742714031e-05,-0.000102653582220324,-0.0001406819128484279,-0.0007926711800331616,-0.0014307840154913517,0.00034746663258916773,0.001760582307431889,0.07528918641981923,0.0803388513510688,0.004565974042178039,0.20770593588860856
4.906943970665104e-06,-4.713595798733318e-05,-9.77678020389294e-05,-0.00011457494734267645,-3.070889840706809e-05,-0.0005731780965472227,0.0006296894036897532,0.003460810793718401,0.07710326990539947,0.091182332437757,0.05187858017793906,0.13233976136869383
8.069223079831332e-06,-4.7876357491454625e-05,-8.793113956442254e-05,-7.625752028750495e-05,0.0006631647202403137,0.0004250981957229339,0.0013376430912116182,0.004202674617315901,0.06167145382407689,0.10847292601627431,0.08971215732643395,0.01603300335080607
1.6641965298160143e-05,-3.7034866430021626e-05,-6.968103206141277e-05,-3.64812738808585e-05,0.0010513837234254484,0.0017432000165636657,0.0023123784093903362,0.0037525746640133875,0.015972346812950025,0.15514743815187207,0.1052349063093096,-0.10605299401130866
2.7350932627429153e-05,-1.3623382972620518e-05,-4.2852442832446015e-05,-3.5840170345037285e-06,0.0010904097424283537,0.0029390966749165562,0.0030533394364030144,0.0028268767052575675,-0.008167143012368941,0.08403189351870607,0.04295729909322604,-0.07908659773985535
3.885331861858887e-05,1.8128130055851244e-05,-1.1390439109039233e-05,1.9959322053245047e-05,0.00121006745580359,0.0034112059307777956,0.0032390613082783418,0.0018817911122921875,0.03209868568741621,0.01038995765354181,-0.005812924718160584,-0.10993052085322066
5.3079752187968234e-05,5.1652138587697294e-05,2.0102542054660792e-05,3.48846574577877e-05,0.0016352192580722825,0.003293595775591414,0.0030595349244616644,0.0011032759686163433,0.05293167476632231,-0.03391198869081816,-0.030092352045174853,-0.04577250788194817
7.052727203413849e-05,8.021019118053086e-05,4.811182813961444e-05,4.565203084161674e-05,0.0018542847111617678,0.0024180147429753,0.0025423222925290657,0.0010501987081494642,-0.009118584148425243,-0.14120421783240464,-0.07335017434134489,0.03515705578857234
8.643730877626164e-05,9.725856789696511e-05,6.899553126108962e-05,5.907621333933154e-05,0.001327722637262863,0.000991660600311551,0.0016344183317659696,0.001634637791393496,-0.09619383063135568,-0.14406661070034513,-0.10823061781127435,0.08173076086023404
9.345139579887121e-05,0.00010029008310758962,7.987097498436078e-05,7.707739265846754e-05,7.509476725905181e-05,-0.0003853575581866495,0.0005406704128882622,0.001965598072433704,-0.15433174336940658,-0.13133702099929498,-0.11051896596426714,-0.015538704652192453
8.702780881120598e-05,9.02085319595017e-05,8.058857143450187e-05,9.476272358720625e-05,-0.0013598121647920992,-0.0016309526714309338,-0.0003971511228600433,0.0015714681133140378,-0.1326496430408236,-0.1177820016495619,-0.07704534118539397,-0.06328728717174079
6.904255479868796e-05,6.855504727614914e-05,7.355629356950762e-05,0.00010503518765422281,-0.002237238637711505,-0.0026997442652395794,-0.0010093044501388064,0.00048302470008927375,-0.042835651543057573,-0.09597631711216723,-0.04538532427035863,-0.154401395473212
4.686094923891665e-05,3.834008383705545e-05,6.105821606068559e-05,0.000101841281886193,-0.0021990824742427555,-0.003343248422579159,-0.0014903110516256005,-0.001121805853695234,0.05046688423680745,-0.03272451435574866,-0.05081599602700021,-0.16656471528368957
2.8351267309059877e-05,5.336443840195276e-06,4.1541686400734924e-05,8.363176297778551e-05,-0.0015028539117285993,-0.003257479576792877,-0.002412994880364533,-0.002520097927986265,0.08877882826602379,0.04987828351300497,-0.13372076972078623,-0.11309369957451662
1.73195274160278e-05,-2.3626131135775874e-05,1.1827694409637495e-05,5.458875159011537e-05,-0.0007034940668778157,-0.0025350354184013528,-0.0035298035178549523,-0.003288504349547762,0.07109314070413292,0.09461054816529987,-0.08964095777729769,-0.04058758473778282
1.2760559026228967e-05,-4.407030962524378e-05,-2.5591099820931126e-05,1.8615605478659327e-05,-0.000208299611081951,-0.0015538002794922288,-0.003953955328258771,-0.0039061248727434465,0.027945750455040025,0.10163647961652492,0.004810595696533915,-0.08293651990135406
1.1699006137296791e-05,-5.592377054454106e-05,-6.28479994042221e-05,-2.3387849861151774e-05,-4.010966704484214e-06,-0.0008168919043672274,-0.0034974245883994245,-0.004494566195218774,0.01291197842045333,0.04574519540847535,0.0864955522753354,-0.03475174459371136
1.1094941879361071e-05,-6.437275038485862e-05,-9.278963790869709e-05,-6.874401722540597e-05,-0.00011680188488265976,-0.000872904063696284,-0.0024909031124955737,-0.004576667277632066,-0.03547016205608844,-0.05694762727428668,0.1148087429054348,0.01833152811105279
7.466086793298184e-06,-7.60991570558077e-05,-0.00011204384428579973,-0.00011200346993707115,-0.0006089691323299176,-0.001472377270493531,-0.0013599381629249543,-0.0040752232647009706,-0.06296328743336313,-0.0629470140851627,0.11138424700868904,0.0819572744751664
-1.4051563787810953e-06,-9.28755438463246e-05,-0.00012228851004874143,-0.00014626971134760843,-0.001165279502085938,-0.001882900087609851,-0.0006889949896633862,-0.002778025017406484,-0.04829878651784095,-0.019157549338101293,0.02280438764362458,0.1774823749837309
-1.4477393989791898e-05,-0.00011055490929172925,-0.00012992111640710302,-0.0001668165351150975,-0.001449168020116223,-0.0016529730014710768,-0.0008375262820089319,-0.0013313397360913293,-0.008478917088216048,0.06514296656585614,-0.052510646112733705,0.11185468127930007
-2.767061767785088e-05,-0.00012432157327138917,-0.00014056323152231335,-0.00017411007654808384,-0.0011894767174955737,-0.001100359794460909,-0.001290896741033134,-0.00012736855050594063,0.06041717761234591,0.04537967483617747,-0.03816344569210672,0.1289395558377777
-3.63184685208046e-05,-0.00013410182408834655,-0.00015364654894304603,-0.0001691585239186299,-0.0005400934510951696,-0.0008556903689305664,-0.001325766743113402,0.0011176790763967295,0.06945947566773489,0.0035542102698910283,0.031189445276053163,0.12006996954275634
-3.8806607320576554e-05,-0.00014282139707374873,-0.0001629548814936945,-0.00015248282870541766,4.24656911407785e-05,-0.000888224228149869,-0.0005358997670162935,0.002217459966245717,0.04705235277945473,-0.010060982113751532,0.1267839499433685,0.09988620842704116
-3.764700415122175e-05,-0.00015110491562499167,-0.00016082277012344608,-0.00012591074456016975,0.00018945494273018182,-0.0007684794820987209,0.0009623220410659798,0.003096956862803866,-0.017654502461574066,0.03400993132398114,0.17286041167308613,0.07601317088458875
-3.6317227979712756e-05,-0.00015487414869169933,-0.0001438066845089748,-9.38193119566401e-05,7.650029157161741e-05,1.4632868757190093e-05,0.0024408950818282766,0.0033213296579020627,-0.004936427770138814,0.12261253884720105,0.12285419647937323,-0.031138611864949428
-3.5414377833420424e-05,-0.0001464917619030515,-0.00011438801559720246,-6.360304869281961e-05,0.00010406973768684897,0.0016618444889723752,0.00344283870052619,0.0027219229948620355,0.010450316993185126,0.20682978519583592,0.07753452726020948,-0.08874272074305606
-3.1630245773193586e-05,-0.0001212468666370315,-7.773722712532201e-05,-3.957659522715244e-05,0.0006527566743585188,0.003387134564231625,0.0038873189938498994,0.0020833676982713995,0.09928707034114884,0.13822822985601405,0.011361531404532332,-0.03896833857507115
-2.0239444942884075e-05,-8.3056829422655e-05,-3.9688907444746e-05,-1.964285189759275e-05,0.0016254034917033834,0.004250872878643676,0.003722344942265304,0.0019033809676405383,0.09524229312782409,0.034519433026396235,-0.04435634172145142,0.0029709924488989237
-7.692782312831266e-08,-4.05704846767147e-05,-5.496015175599195e-06,9.37910471907572e-07,0.0024070999322477696,0.004246396070544383,0.0031162335115640567,0.002212771506259526,0.061096994981053115,-0.03541479464625483,-0.07686594441879802,0.058907115274898614
2.5202533888339663e-05,-1.1955606392685646e-06,2.2499148230328046e-05,2.6035937045475936e-05,0.002648792410045826,0.003628588736944845,0.002482799169621392,0.0028068338084541473,-0.012758499421441888,-0.08814667207365282,-0.04982092396973492,0.059905345164025625
4.920621651340549e-05,2.980871970094269e-05,4.6046593433910864e-05,5.781286398034064e-05,0.002151944114967339,0.002572267331097406,0.0022266898710951717,0.0035485515785187946,-0.0866111595942555,-0.123117609095835,-0.0014009357355091456,0.0884382088489038
6.535894026052068e-05,4.870945691706752e-05,6.936665448843728e-05,9.669188622373842e-05,0.0010786006344557,0.0012078801121275602,0.0024373223398101124,0.004227252870160762,-0.12805753650807225,-0.14975983469813417,0.043527429478497304,0.04730204947948974
6.947040686595924e-05,5.5427006745996865e-05,9.529557031884752e-05,0.00014104237366821212,-0.0002563073133679879,0.0001356298536583087,0.002748460826271934,0.004642844618733977,-0.13892405305666536,-0.06469021699571612,0.018700267813867022,0.03581630023515331
6.123754431380106e-05,5.4804864826013577e-05,0.0001226833059955469,0.00018810478597973624,-0.0013902651970636487,-0.0002600582376549663,0.0027290863090679456,0.004769637843570847,-0.08786752368246678,-0.014447401266938886,-0.022575171254664683,-0.010457655267779364
4.5771128042791924e-05,5.292836845963901e-05,0.00014721640330389167,0.00023303703644952,-0.001703018057138178,-0.00011524103561994648,0.0021775331526010066,0.004216812250385907,0.0253169516675609,0.04341084167394285,-0.08773546003872312,-0.10010746336920867
3.27051179383742e-05,5.4244770408895036e-05,0.00016514030668305903,0.0002672315405627453,-0.0009101839637453661,0.00037852142547115114,0.0014072475232324642,0.0026220885722591566,0.13324986701100147,0.05534165054427667,-0.06632166583498533,-0.2188372722561414
3.059951068244242e-05,6.012676721884366e-05,0.0001757829437564982,0.0002816290329188119,0.0004890625125590105,0.0007978779365185734,0.0007212798914553693,0.0002574098989541625,0.14659942824987385,0.028529651665207795,-0.07087186052043365,-0.2540984624048574
4.1360621194959516e-05,6.90070368085838e-05,0.00018021923759964625,0.0002737180547194184,0.0016631595899444084,0.0009781759814294537,0.00016597887717424101,-0.0018396055388328679,0.08821998722720573,0.007529957316968289,-0.04018834233579199,-0.16530462515254868
6.022056139931408e-05,7.831714186058855e-05,0.00017887664258424115,0.0002508239783604896,0.0021088284509265046,0.0008838450289714965,-0.0004344978802552609,-0.002739209732952895,0.0009137849692135436,-0.026396147808559728,-0.07990700915010839,-0.014616213671456657
7.774524494940818e-05,8.503024281122072e-05,0.00016983992834017228,0.0002244868972216599,0.0013961082590923143,0.000458775161154938,-0.0013728449685585118,-0.002528206494813042,-0.1434578233360516,-0.05861782575475197,-0.10776240851054182,0.05681686129942726
8.304295302085411e-05,8.48885799194392e-05,0.00015296224986281555,0.00020254480872413378,-0.00033656664480312794,-0.00048710773951124144,-0.0020026907269128343,-0.001860211204692183,-0.20307715744303687,-0.1305587543784839,-0.01820674316032271,0.07678219672474457
7.129946707737996e-05,7.349365730636594e-05,0.00013261139612175203,0.00018777098325633592,-0.0020121305438917025,-0.001791876783103412,-0.002067480021299871,-0.0010945538888673897,-0.13203562237467806,-0.1303950543399502,0.005248884282915298,0.07634926644021406
4.710845946008565e-05,4.854279720833596e-05,0.0001129047752442716,0.0001797662618284587,-0.002826070979567159,-0.003198295236502584,-0.0018738441541962141,-0.0005063903967080545,-0.03075246476041324,-0.1508886363398842,0.0334782891378161,0.041283431991652964
1.91989945266128e-05,1.2405539545015894e-05,9.560232470864778e-05,0.00017596454543663542,-0.002755822007127411,-0.004029156296161429,-0.0015866459529285486,-0.0002539528816566009,0.04480225924836287,-0.015283575591884813,0.023961351115716997,0.009204071018637766
-4.9933175657627805e-06,-2.5314292085245898e-05,8.08667663092393e-05,0.00017355302592420106,-0.002082640411347705,-0.0035148100298909297,-0.0013604657269531482,-0.0002283510208302713,0.08983405990757823,0.1181528288459846,0.02127469407936307,-0.004083698853371842
-2.0638684961123324e-05,-5.2132104943721846e-05,6.67560260622226e-05,0.00016981015919221906,-0.0010464330677244036,-0.00184875254180426,-0.0014616823224501928,-0.0005202223255661276,0.11740740881708209,0.21505866877134933,-0.041518013178771976,-0.05429056209379943
-2.3854735266268147e-05,-6.115243646927625e-05,5.084695364005643e-05,0.00016084638238937068,0.00040322300669543855,4.468623669337925e-05,-0.00172013216198304,-0.0012725330350035482,0.17252380606688636,0.1636290869281785,-0.010171954727797458,-0.09617157979368468
-1.371986521476196e-05,-5.5205460497767804e-05,3.5131436512474034e-05,0.00014242885727346305,0.0016237510036057991,0.0011447089576083098,-0.0014229712635334393,-0.0024109719881779787,0.07158179331518574,0.05637545725480758,0.06960413441771755,-0.1315162108412014
3.3029221351498974e-06,-4.245983528865895e-05,2.426477242086087e-05,0.00011327569281080454,0.0017808064663765724,0.0014044160842134616,-0.0007503615547891931,-0.0034196609043537236,-0.0401707007610311,-0.004434031933777227,0.06491780733113169,-0.0702215723939475
1.7028843064508995e-05,-2.9469685506831663e-05,1.9846687549540694e-05,7.871713463261023e-05,0.0009643777194952471,0.001193613872151995,-0.00013325541947484254,-0.0034920507312851375,-0.12311504861523395,-0.037726410478516104,0.05850341973173841,0.05574360700766473
2.038297124126454e-05,-2.0637743450492255e-05,1.940691714011613e-05,4.849657626424314e-05,-0.00029355208414413826,0.0005727745391158866,4.530133758993e-05,-0.002552060942388281,-0.12847091211264314,-0.08644145612870557,-0.0227920683187839,0.1322543507717066
1.218862869839765e-05,-2.019241170045386e-05,1.7921142564284064e-05,3.163715591018315e-05,-0.0013453164244292396,-0.0004837081891082072,-0.00034245625275634335,-0.000819823128423718,-0.08188195594437711,-0.12485508951611318,-0.05475944975047077,0.21419321202120595
-2.6984795459674314e-06,-3.1041673844605585e-05,1.2390353794874519e-05,3.43037016742737e-05,-0.001632105224443777,-0.001686144239722138,-0.0007637015011255657,0.0013531322812418277,0.024524195941469623,-0.115632120606673,-0.029489599923373702,0.2203978699119032
-1.6464858666431005e-05,-5.1664632479417817e-05,5.627261474521425e-06,5.4974909830083194e-05,-0.0011211705996489376,-0.0024384474872403083,-0.000588916962945053,0.002781109349920071,0.07766272901749824,-0.03482852889696103,0.06444650755947624,0.06519754382374549
-2.4522243217440586e-05,-7.502169913630923e-05,3.439549270019076e-06,8.495059684787324e-05,-0.0004903063105529783,-0.002232965844137974,0.00015137452204458325,0.0032140280536379386,0.048510128801693614,0.07592485751742789,0.083611789438451,0.02138619691982796
-2.8369563641449888e-05,-9.152551958514734e-05,8.98189304447088e-06,0.00011529376336801331,-0.00027915777424888206,-0.001067798245629649,0.0009570942328457776,0.002854605250390077,-0.0062804215408743536,0.15710866218423708,0.07753215272178786,-0.09327075756940034
-3.065163202807768e-05,-9.30523840838695e-05,2.228611641379822e-05,0.00013856491330186687,-0.00017725590307667683,0.0007624253458852173,0.0017037504410196908,0.0017996247363806337,0.026660795775315396,0.20893605611873617,0.07179908891299476,-0.11772534523248829
-2.977311260883493e-05,-7.606315535644057e-05,4.258440966875622e-05,0.00015203834347705524,0.0003529597869252273,0.0026354203996005695,0.0023559082099719087,0.0008950612986570402,0.07938234222506543,0.16566295462433428,0.05863246487744882,-0.06318734231223039
-2.184860885297295e-05,-4.355931403913856e-05,6.86385239740677e-05,0.00016046897278825846,0.0012319409642471686,0.0038653478638598325,0.0028549146510903865,0.0007910645635836034,0.09641389323932281,0.08032253822751828,0.04116882334624679,0.042387995297543
-5.324251563497166e-06,-3.207784837481496e-06,9.876392039834332e-05,0.00017146839644004985,0.002072930493647988,0.00420495797647158,0.0031701646337647382,0.0014088201667746747,0.07178401264084106,-0.012400515705168702,0.021881173188623523,0.08116312534067127
1.7197714280196694e-05,3.695990586813257e-05,0.00013156029443250005,0.0001916217071454919,0.0024314626750907837,0.0038285801646512326,0.0033891101730666087,0.0026218419743137366,-7.757635228194948e-05,-0.06287504665890081,0.02190793467175052,0.16144123616714112
4.0194327134383555e-05,7.106965150373855e-05,0.0001668085512529244,0.0002256940369767969,0.0021678598957465883,0.002993368962469964,0.0036605411910182596,0.004192623991947262,-0.05264297951655711,-0.1041671937773529,0.032378268918579686,0.15271516735956392
5.852511705697406e-05,9.707640190520153e-05,0.00020508293417831648,0.00027476086129140737,0.0014982980887715117,0.002207981117822632,0.003994335394060158,0.005620740870974833,-0.08126938187845817,-0.05291037515211344,0.03438057168979998,0.1329082084459503
6.931667583258206e-05,0.00011830527770567923,0.00024637334049314234,0.000334347573241913,0.0006600136663500892,0.0020377940422729064,0.004263745868905016,0.006296601519126294,-0.08638750260582634,0.018872960042168263,0.01950152327917158,0.0022639211843418217
7.22522109608928e-05,0.00014011356077962158,0.0002898046827867419,0.00039574091806278335,-7.290664068794245e-05,0.0023238625725155657,0.0044225225898149,0.005982067445047775,-0.06019655880177999,0.03834074600636356,0.012253820902805315,-0.06517073600004553
7.081932292689727e-05,0.00016548721125614414,0.00033326807234552064,0.0004506569635917188,-0.0002136709661111622,0.002750867522788946,0.004270155321940844,0.0050011416607393154,0.032043693717136036,0.047060244048312494,-0.04272727447761655,-0.13101442086164639
7.237334762313559e-05,0.00019455915724548857,0.0003727577338947355,0.0004946022870888766,0.000524475905358826,0.003063521675079939,0.003627776987902126,0.0037879230386922355,0.11558568057686161,0.015470586409886133,-0.08574839233012703,-0.11162930354776956
8.337709059386052e-05,0.00022452533779220113,0.0004034975366684486,0.0005265315462860085,0.0016762726887861602,0.002929714434262575,0.0025201835668404995,0.0025979288007341537,0.1147736761086052,-0.042232034573358945,-0.1357702918821983,-0.12636954404384682
0.00010319414187171181,0.0002503450210517529,0.0004228738466289862,0.0005458349728452102,0.002287137566784097,0.00223422221764778,0.0013550784252670176,0.0012627565111061909,0.007399299490982197,-0.09686640874960001,-0.0972507364324981,-0.14066491388174573
0.00012506131813591067,0.00026828563364387624,0.00043163278908199077,0.0005529398954584875,0.0020862976860556745,0.001353900300776886,0.00039671006533389594,0.00015822801154926898,-0.047567275636666656,-0.07919797462457884,-0.09442293555412623,-0.08024078602963863
0.00014137151002666738,0.00027931745158418385,0.0004313795328955132,0.0005487980168418891,0.0011757406920956683,0.0008524632872846346,-0.00044736130262940555,-0.0009866037348689614,-0.13454412315533457,-0.02108942807387143,-0.07439133803853407,-0.14872556325400743
0.00014609426104781914,0.0002860329430548148,0.00042414392066940224,0.0005319009513403459,-0.00023119048786531568,0.0004906350068415606,-0.0009997611425927896,-0.0023928093654396773,-0.14684211283686224,-0.05127622801474335,-0.03608862995414272,-0.13251556286013572
0.00013835622549944964,0.0002858390683819911,0.00041175788592637914,0.0005015262459111587,-0.0013164166218085852,-0.000529409941406301,-0.0014774458060118306,-0.003682131720397759,-0.07020311395179166,-0.15273276163482896,-0.059448302729665475,-0.12534890813148064
0.0001229865497314572,0.0002728223573616566,0.00039221237488714164,0.00045962146943731704,-0.0017575185317899049,-0.0020739322626606065,-0.0024316564018356697,-0.0046988235743705715,-0.018017268044472262,-0.1561717026160322,-0.1313938164351023,-0.07798946266308177
0.0001053868969497714,0.0002452032515519164,0.0003602372575466235,0.0004097490585024196,-0.0017624120245472545,-0.0034498888992874326,-0.003963367066267964,-0.005275658612608918,0.017038569493002337,-0.11901962470933303,-0.17494831645135653,-0.03737754498458762
8.843796581591255e-05,0.00020564113395410308,0.00031212634072427754,0.00035636215657887404,-0.0016273742022245145,-0.0044625346202752285,-0.005658816298201223,-0.00540172177210019,0.009968994971545658,-0.08350951948822616,-0.16414152993529532,0.012164913086333218
7.135443823584122e-05,0.0001579186870870721,0.00024830912395377395,0.0003012293853973672,-0.001789331313789752,-0.005081954753130965,-0.0071046270558994965,-0.005624832464201177,-0.04236041728459314,-0.04037450708292123,-0.12502062160435942,-0.056787051506530684
5.215351894011071e-05,0.0001054093857465801,0.00017432327199344317,0.00024187652944967169,-0.00205085254535635,-0.005419905514967437,-0.007692543336166661,-0.006245738725337926,-0.009943829028726509,-0.027215645284373147,0.007437365550926528,-0.06739420072081909
3.1348773742178786e-05,4.992360415410238e-05,0.00010055804117856343,0.00017431069997476267,-0.002110096494230035,-0.005677250803528108,-0.007060502826809287,-0.007267427169643876,-0.0019049607460105145,-0.024253412427761023,0.11897073632054836,-0.136943488140371
9.952075702822533e-06,-4.870228164733127e-06,3.59306626601055e-05,9.696982117103213e-05,-0.0021692431136412157,-0.0052815156602389925,-0.005864972876882299,-0.00820074859110223,-0.009924363136225606,0.1034004410855841,0.1201352536648492,-0.04972079615130004
-1.1435468142663269e-05,-5.0667314584711967e-05,-1.7560252258284988e-05,1.5123562778746997e-05,-0.0021082656554559445,-0.0038779016237567754,-0.004833210106795797,-0.008168503087354796,0.02211985477327985,0.17732236621085928,0.08621730035245115,0.05616989690078694
-3.0279792400476702e-05,-8.11166271129954e-05,-6.304191228903716e-05,-6.063091194527215e-05,-0.0016605991961067426,-0.0022119608818999123,-0.004263121899354637,-0.006982391857449034,0.06741343709656053,0.15586578216051328,0.027800341135780976,0.18105234908036544
-4.228698020246584e-05,-9.803750599000109e-05,-0.00010289010709334398,-0.00012061705709103046,-0.0007408383642910851,-0.0011722148935012246,-0.0037065170615067297,-0.005014837171702627,0.11653872926657097,0.05208341551922424,0.08352062643380045,0.21245858806891588
-4.4781703641945176e-05,-0.00010884682342608937,-0.00013453486584535506,-0.00015940590267641617,0.0002418936763952178,-0.0009896485937164307,-0.002622434688895485,-0.0027429319453745145,0.08000767887068963,-0.015570155562265486,0.1332958480884485,0.24192245719670663
-4.052303232218365e-05,-0.00011919718956552765,-0.0001536004804646051,-0.0001746020532555094,0.0006098405875570871,-0.001080424634171227,-0.001190688234954525,-0.0002962981704441314,-0.006418296638315751,-0.0025850525286937875,0.15305344269974344,0.24740429778936995
-3.7124130431976084e-05,-0.00012917793775800651,-0.00015880077331692141,-0.00016656426007117533,6.993979048442627e-05,-0.0009157250043245451,0.00015062966449126323,0.0019038568073109453,-0.10156186277621643,0.03552497849803016,0.11521013718941422,0.19262669776164537
-4.0888554532832866e-05,-0.000134728023813598,-0.00015090165276668955,-0.00013979969591961525,-0.0008228246106557828,-0.00019429220679375453,0.00142919444555511,0.0034490560230010705,-0.07699101745182538,0.10876158100812797,0.14050281902335512,0.11641314537637965
-5.090936327617087e-05,-0.0001302396005263589,-0.00013012405262980673,-0.00010182884157407764,-0.0011813371380118174,0.0010919768642415765,0.002726325581821455,0.004145114846106452,0.005288511980618443,0.14849223319893826,0.1189234082299139,0.022798619244696783
-6.0033149746735336e-05,-0.00011251852293714478,-9.826991168936759e-05,-6.1006074699331944e-05,-0.0006434201561010762,0.0024522386536012476,0.0036445026062663735,0.004019438528842687,0.10229488440152981,0.12356012467299601,0.06471199665906976,-0.04793388269744986
-5.906035558599438e-05,-8.393220351887249e-05,-6.0258652518656415e-05,-2.3592829289393616e-05,0.0008379789882492675,0.0032650252300532112,0.003957749227875861,0.0034632105531449795,0.19398494446853895,0.03899719061739673,-0.00206267233717225,-0.0633117124420916
-4.2208793906374696e-05,-5.088354533060956e-05,-2.3185764711270566e-05,8.48227470424408e-06,0.0025323333476746693,0.0033447064075993738,0.003456828333601309,0.00295181024558256,0.1448859274165414,-0.02306095510816422,-0.09812150651773824,-0.038968349070392316
-1.3677055271767906e-05,-1.8526463516429867e-05,6.852020743914382e-06,3.4545597655546894e-05,0.003174014379246688,0.0031267099552365653,0.0025507287574356814,0.002260854344678003,-0.01654972110213762,-0.020538335364397503,-0.08309840871538729,-0.09922283111051916
1.470305622025114e-05,1.1313059461525452e-05,2.8303229468493208e-05,5.273153779411274e-05,0.002502007919157121,0.0028411946403544986,0.0017395129874800837,0.0013763336830351657,-0.11785157091577578,-0.03656472761201582,-0.07914474527573226,-0.07768130121804823
3.2089954195816874e-05,3.5900638037357945e-05,4.155017987151462e-05,6.150370268430079e-05,0.0009753716759560262,0.0020763210748120002,0.0009098770931241991,0.00037809929500244393,-0.1874756777244432,-0.11640998549648382,-0.08678243359544466,-0.12196557638849614
3.358575030594454e-05,4.897737417216592e-05,4.5805361845794673e-05,5.8638903878160446e-05,-0.0006762124539304924,0.0005390261521495952,-5.884069826818882e-05,-0.000951059056230512,-0.1428411482528605,-0.19104899903599717,-0.10696112468303293,-0.143866093858095
2.2089672951150037e-05,4.417014635225111e-05,4.01000421786066e-05,4.3039457643244575e-05,-0.0016230030170284087,-0.001500471716132558,-0.0010822232351694256,-0.002168830190752662,-0.04651696436672273,-0.21685057462043342,-0.09771538269721444,-0.099688133046335
4.221504848818692e-06,2.066306963259018e-05,2.290621243400969e-05,1.7068379498526256e-05,-0.00195063060343786,-0.0032009436277996286,-0.002356542713749957,-0.003025385438191002,-0.019008552915167537,-0.12324380771298074,-0.1571485130188918,-0.07162291644133295
-1.4217806366404944e-05,-1.4950671182813669e-05,-9.266693597314232e-06,-1.6586323948930605e-05,-0.0017372316396068671,-0.003921804535281141,-0.004078038492514828,-0.00370555525130037,0.061688345681366136,-0.020928373783321658,-0.1871506427340824,-0.06441104618054067
-2.8342733816075268e-05,-5.479491675427218e-05,-5.842744832630223e-05,-5.8065237367818476e-05,-0.0010877538503271979,-0.0040470445790105605,-0.005754112453282773,-0.004590227432477206,0.06820721217456774,-0.0041196349625623185,-0.14806414941950644,-0.11252339005482642
-3.668673200518468e-05,-9.47091937358943e-05,-0.00012075093552132117,-0.00011097088192604336,-0.0005810457874946843,-0.0039358108173138655,-0.006710584985721017,-0.005990901479167771,0.033134400391934965,0.026366387301901356,-0.04323035706814235,-0.16761141928328666
-4.2687645715289614e-05,-0.00013273494297033294,-0.00018656332965399342,-0.00017968476238256465,-0.0006191369545263029,-0.0036693390295738618,-0.006451893840813431,-0.007751874612136486,-0.040752633798258664,0.02692797024609936,0.09496858604965949,-0.18458320731045635
-5.091033120689188e-05,-0.00016708990968724246,-0.0002456182144021584,-0.00026417606975462306,-0.0010254001437941503,-0.0032016543138080403,-0.005359083108819573,-0.009146386862275193,-0.04050000405531082,0.06660897290706494,0.1235935603491122,-0.09431924271728492
-6.333147625315297e-05,-0.00019664555456537478,-0.00029498296594442384,-0.00035609321084582624,-0.0014588288654580677,-0.0027094746618184255,-0.00451386719963351,-0.009237041355965443,-0.04618574027747266,0.03182695749085804,0.04544962148810047,0.07618834397923496
-7.879404636162957e-05,-0.00022306263637057218,-0.00033948557789746924,-0.00044102079851808507,-0.001633685156237253,-0.002573941699221053,-0.004386655190975569,-0.007748476178486323,0.011214482121635644,-0.004720364971383589,-0.02000721975651229,0.221524691516589
-9.408814108349021e-05,-0.0002486509627614571,-0.00038443543388723953,-0.0005069856967474613,-0.0014251337881348747,-0.002543723578955929,-0.004603316006978491,-0.005444503467388926,0.03049579149883999,0.010763989024408421,-0.023324943444072016,0.23926985070289047
-0.00010641597572019674,-0.00027424152797501326,-0.00042963714640311334,-0.0005501355443358082,-0.0010404331392064312,-0.0025743894637553035,-0.00443702649619627,-0.003185466050280448,0.04644433828684871,-0.01689716598428334,0.056582845600516324,0.21253763271880516
-0.00011541362903275382,-0.00030019228175354423,-0.0004687592196869607,-0.0005724514955988073,-0.0007590975233049857,-0.0026157612919508913,-0.0033873881605732013,-0.0012777242023193742,0.009822784893440378,0.008622800345165799,0.15334482152409742,0.16901073687340956
-0.00012278984345450193,-0.000324154047943306,-0.0004945581935976765,-0.0005791398955212581,-0.000716145361044635,-0.002176591946001465,-0.0017724066215699583,-5.995578217077801e-05,-0.001232352441370238,0.07921106884471943,0.16965148627655116,0.07454294715630966
-0.0001298864933215162,-0.0003413820372122979,-0.0005040392217370628,-0.0005764929075072079,-0.0007031846123582172,-0.0012690059077969142,-0.00012379900630730468,0.00058935338498081,0.0038245021786537936,0.10230613879619074,0.16007003677597956,0.05531888627400794
-0.0001356641661733507,-0.00034769253321507114,-0.00049947004473923,-0.0005682489340452753,-0.00045234995800868676,6.906707242266804e-06,0.0010376344058738625,0.00105944130740571,0.046342428691252296,0.15287638421164543,0.07221664566025388,0.03869869821097205
-0.00013652332995116488,-0.0003401252448392289,-0.00048703765879983365,-0.0005569243409058763,0.0002805172024458522,0.001506550967926181,0.0014488427820054121,0.001205477320474086,0.10023100339965549,0.1470524679251374,0.010025029566056054,-0.00949149559729684
-0.00012892658365364028,-0.0003191542937500799,-0.00047370152571019275,-0.0005454300318910797,0.001238832057059069,0.0026876392499036172,0.0012183838359227665,0.0010933844824852399,0.09143196752298788,0.0891651884703498,-0.056116818782585176,-0.012927072000472384
-0.00011337849670003906,-0.0002903722298967143,-0.0004625275297239165,-0.0005352080154199469,0.0018707853336611738,0.0030687735207695055,0.0010164153613324862,0.0009510188117413157,0.03495868779743305,-0.012938334297172144,0.01572312386452912,-0.015546062148312445
-9.53625335699392e-05,-0.00026399819226812545,-0.00045094224514549464,-0.0005254589158878597,0.0017324072923587993,0.002206034004948264,0.0013006415543518849,0.0009988010946761232,-0.06263429605790793,-0.15960956886707614,0.041122114739350624,0.025102518735273915
-8.192834796887697e-05,-0.00024965833055216733,-0.0004364422198914699,-0.000513586699039204,0.0009544298278536452,0.0006619383382433606,0.0015993634964530665,0.0013756422750550144,-0.09296119684312287,-0.14920956447390452,0.018622273680885704,0.050265717340504334
-7.833007954873159e-05,-0.00024928143525863525,-0.00041991386288836607,-0.000497376926443293,-0.00023477614382456924,-0.0005865592795369437,0.0017063079041676958,0.0018663122441271995,-0.14487999749252004,-0.10048995908215633,0.002766607862040138,0.04786827647393266
-8.617571606936225e-05,-0.0002579477135725442,-0.00040399821754047454,-0.00047836853494735146,-0.0013343511603015616,-0.0011466963832448517,0.0014768211654106098,0.0019353660550611013,-0.07503500580287845,-0.011537461659425235,-0.04866395561345732,-0.03405751428715231
-0.00010098824862537508,-0.0002686786122024826,-0.00039317080836554695,-0.0004604814930830225,-0.0016281553509010043,-0.000999483342742827,0.000688660669574909,0.0016420423178046917,0.01627416768298992,0.04098006975983018,-0.10896814355368284,-0.024607233164129605
-0.00011409029120336059,-0.0002758590817020111,-0.00039257376692454916,-0.00044660242645787974,-0.0009922531646960986,-0.0004366105571628672,-0.0005692523813753509,0.0011337710072238578,0.11090626955799124,0.07159448735616178,-0.14261446663636912,-0.07704702895203719
-0.00011913028112783913,-0.0002785341016285995,-0.0004027319685191332,-0.0004406692968754281,-1.5744820199608254e-05,-9.839342815481787e-05,-0.0014623879375414567,5.2854909266474145e-05,0.08439539934130683,-0.00395106155455191,-0.03601264459685202,-0.13913619063943952
-0.00011569825291924843,-0.00028098977851898603,-0.0004168467790635009,-0.000447608450628742,0.0007021504619177482,-0.0003927419499224857,-0.0013605741713320835,-0.0014406856599292587,0.05918365708216447,-0.05491864279898166,0.056375397838726665,-0.15957192319970706
-0.00010773203339957514,-0.0002871717370454611,-0.0004278827985891492,-0.0004692051339287749,0.0008910934420169087,-0.0008436497553725258,-0.0008466297337975801,-0.002878651000077322,-0.021395061062332382,-0.03526291829102636,0.04641348966817402,-0.12802114482990565
-0.00010167368825641327,-0.0002948793118193976,-0.0004359650768414248,-0.0005005576989114858,0.0003205755866154651,-0.0006978651994147811,-0.0007698259166575344,-0.0033918619964648485,-0.09270851001795632,0.06441982948257531,-0.03105272624016489,0.02537894555240036
-0.00010203077733271536,-0.00029876625323305573,-0.0004464160943296263,-0.0005309613019695987,-0.00039199340187588325,-7.952308331684135e-05,-0.0013203775809827669,-0.002688858615157735,-0.04980528768031334,0.05924859373701265,-0.07905760662488157,0.11522173070902234
-0.00010677076380070725,-0.0002991839015765109,-0.0004622803854465488,-0.000551378018796431,-0.0005560038917224935,-4.006585374189729e-06,-0.0018524806424017304,-0.0013944847502087375,0.017003189710991296,-0.044145294148482325,-0.02736300565891117,0.14365304228077722
-0.00011057362517663846,-0.00030251756935908275,-0.0004804440490695616,-0.0005606799184925761,-0.00020456838346374857,-0.0006627269711401831,-0.0017802520822008284,-0.00046589518902026875,0.05328391194075768,-0.08759878300471634,0.041808717699091585,0.04206486995691652
-0.00011056198245367133,-0.00031227228937735394,-0.0004937543904330921,-0.0005640497556327199,0.0002068969280571746,-0.0012882170325140547,-0.0008818161905052785,-0.0002080722390084914,0.029009150363426953,-0.03749922927005801,0.13787846064001838,0.009499720045438947
-0.00010903608713059586,-0.00032457982654504505,-0.0004962189993150263,-0.0005663409193213659,9.828213655791888e-05,-0.0011732904010241672,0.0003888944141184345,-0.00025016049872071824,-0.0507321086632781,0.06048455556803552,0.11626366028472421,-0.017917371987884317
-0.00011035598290990795,-0.00033098799602548917,-0.0004886175706378637,-0.0005679473191017139,-0.0003622612924203364,-0.0001083434950646567,0.001131391321314096,-7.11194573488732e-05,-0.04137657713237296,0.15250482562386658,0.03223572115440809,0.053725580262253325
-0.00011476099495574555,-0.00032593076145911017,-0.0004766209819859038,-0.0005649787154996392,-0.0005187411167471844,0.0011197904083404576,0.0012679264090778779,0.0006648401777638101,0.010080612267003367,0.09312195505715629,-0.004928703601651707,0.09346634676028331
-0.00011804079758788181,-0.00031110557802577394,-0.00046363984617275677,-0.0005535882629657507,-0.00013721940968006722,0.001845246278326787,0.0013283007535515306,0.001613250329013894,0.06622372914642007,0.05196921894010956,0.017003572496382235,0.09621568348973347
-0.00011550672638724475,-0.0002918394259185707,-0.0004482367845481898,-0.0005349738795622274,0.0006440336498074795,0.0020079841431138597,0.0017523115713618657,0.0021096263516907567,0.09002688275108926,-0.01942164598269505,0.06779859106568481,0.0030595210456390576
-0.00010475648738432154,-0.00027248251628417285,-0.0004281044400565664,-0.0005141456607974036,0.0015060141507771622,0.0018633977837657113,0.0022741573269628133,0.0020560174012740086,0.08236921744284727,-0.009495625886934617,0.03657056005450471,-0.013781311128988671
-8.72287473430751e-05,-0.0002534506488816489,-0.00040343227231869923,-0.0004939771492118958,0.001999533857472125,0.0019429756967390822,0.0026602762206106184,0.001977684915827546,0.01633472389614525,0.0254112084816088,0.04065321867505628,-0.0018851859603037924
-6.764047953880643e-05,-0.00023109751384488346,-0.0003748074250289364,-0.00047401489239290575,0.0019181197033816093,0.002527651310614004,0.003064693237341943,0.002014766447970466,-0.03261755471424836,0.0915239142933755,0.04023018467120859,0.009301492388887833
-5.0504818509435e-05,-0.00020121562848246524,-0.0003413441765264893,-0.00045220232594368997,0.0015090125024926774,0.003448725761869641,0.0036279564631474764,0.0023477468418726904,-0.049203885463538,0.09269097595775186,0.07242246048989814,0.05729458639155699
-3.763763119373341e-05,-0.0001648919727948546,-0.0003024810171604897,-0.00042455663618341783,0.0010644249606476404,0.003816005375652489,0.004144675410052444,0.0031813911101817387,-0.039713622905469356,-0.019235053201182212,0.03092132889109528,0.10943426727025268
-2.756874470860068e-05,-0.0001303698719155265,-0.0002615263009043142,-0.000387039366262365,0.0009493523363789054,0.003088414800213126,0.00404626784118266,0.004322062874028828,0.016699098051722358,-0.1262830618866904,-0.05060284266505205,0.11870008549916528
-1.815319625248414e-05,-0.00010551170241128189,-0.00022484148669429867,-0.0003389023640324934,0.0009337573548444024,0.0018832191006357983,0.003290695000820446,0.005305337571945488,-0.01981809435862296,-0.11475607802877516,-0.10051172540739078,0.07795485408416664
-1.096042839545575e-05,-9.167763340287531e-05,-0.0001951522572693544,-0.00028369778428640943,0.0005047962165612755,0.0008835947010455173,0.0026471508841684087,0.005735578377271309,-0.0659741332980024,-0.08516880188928103,-0.028197097923016667,0.008093306980997583
-8.831879453118529e-06,-8.483398695265977e-05,-0.00016909783075934705,-0.00022861937698515162,-7.908642809383124e-05,0.0004851345889975915,0.00256373441783306,0.005280103082980254,-0.05080239563301894,0.0054767794796958535,0.011513804655946924,-0.09918836583920848
-1.0788402767791913e-05,-7.87748564687375e-05,-0.0001432925084619897,-0.00018172407968622262,-0.0003122182348408455,0.0007266915077868623,0.002597330041638408,0.004098956376805544,0.004176034283616084,0.0428346042781583,-0.004794679894877307,-0.1370409753957334
-1.2751609782608388e-05,-6.932986655915415e-05,-0.00011808552806294532,-0.00014869827837967958,-8.042316812244957e-05,0.0011623064741298084,0.00244406603817047,0.002506203884503064,0.0421829790600631,0.044288388990430944,-0.02585812079871025,-0.1815095230647627
-1.0427791165061996e-05,-5.5753957859937316e-05,-9.560765943228308e-05,-0.00013111508995465165,0.0005451868916317282,0.0015528752657135575,0.002051507687961978,0.001010433800502524,0.08293903289077245,0.03382536932631888,-0.05265354924298821,-0.1176444937353453
-1.1970043447770617e-06,-3.9132432285187874e-05,-7.845748367779642e-05,-0.00012509626959174294,0.0013009704724252585,0.0017714298492363307,0.0013785274629353537,0.00019333027207921682,0.0682176832679336,0.009885547378235743,-0.08194249576233664,-0.04577621194931611
1.3767462652397742e-05,-2.2014073046329893e-05,-6.874247339132989e-05,-0.0001247843451593229,0.0016919229270097019,0.001652241998535266,0.0005644745943579519,-0.00013094538559520983,0.009972807648955084,-0.03372311751844867,-0.08086807795314371,-0.019078919585569218
2.947098671478714e-05,-8.629868012106252e-06,-6.586357848435093e-05,-0.00012703309698215918,0.0014487818854681776,0.0010245990083094627,1.1304387037840212e-05,-0.000318804978972044,-0.058601015957259917,-0.09180548052671203,-0.029765963510878624,-0.018492999089797617
3.909692527452222e-05,-3.3972934624522824e-06,-6.678585345463869e-05,-0.0001306497614354878,0.00047640582647883833,2.1915901621331153e-05,-0.0001957593810953907,-0.0004045279116936831,-0.13587419584060795,-0.10873114081091426,-0.01164679011576756,0.0013484125454697946
3.69179792278145e-05,-7.406683022343149e-06,-6.909446041201659e-05,-0.00013435153740114157,-0.0009121950358203824,-0.0008237938135995046,-0.0002659620103801902,-0.0003358272814370694,-0.1418459766192362,-0.060410802233252875,-0.0023937357411923446,0.012391713505852948
2.2382740291719615e-05,-1.8416538605408318e-05,-7.209695302605859e-05,-0.0001370474779441485,-0.0019948527513985953,-0.0013781773030135294,-0.0003345365124282102,-0.00020336082716431773,-0.07468556649640634,-0.05046589564955209,-0.011321164668411647,0.014101577348697387
2.059189314051006e-06,-3.3728857355201116e-05,-7.727005140680919e-05,-0.00013791871609474804,-0.0020698574441351263,-0.00168428644694503,-0.0007000831637219085,2.911319704441227e-05,0.05968462794910012,-0.010755933136748025,-0.06178816559032802,0.03239322749304861
-1.4476314392451873e-05,-5.08879520151786e-05,-8.776569059458503e-05,-0.00013695609113430887,-0.0012372432971654494,-0.0017475324850504666,-0.00139904467383326,0.00016341179504342012,0.10683820144483525,-0.001893274484339319,-0.07800413643194226,-0.005533507893247046
-2.130203227426272e-05,-6.670255812214893e-05,-0.00010402756832256835,-0.00013768039067806168,-0.00012790027919672002,-0.0014153887363435999,-0.0018533308717634054,-0.0003082717037939803,0.11503040214891064,0.06832202422571268,-0.012853103154086831,-0.08880319187423302
-1.8790333449112324e-05,-7.633594812694098e-05,-0.0001215025674572593,-0.00014605908328873513,0.0006302400442267993,-0.0005112892646148092,-0.001641668955174784,-0.00136746681834071,0.03659766253579322,0.11249787012004545,0.055185486471811096,-0.1230358310351129
-1.1313948355010924e-05,-7.670583249134473e-05,-0.0001340643814850876,-0.00016511890439496795,0.000865036974593481,0.00043731239173405874,-0.0008706938503908738,-0.002444497402905854,0.01036172353754311,0.07722246114972814,0.09900953448497096,-0.0923702858779159
-2.8512624753077953e-06,-6.903295015270826e-05,-0.00013848475989525026,-0.00019185022996287798,0.0008275002013471447,0.0010972640759932355,-1.3381831641661379e-05,-0.0029017677106761525,-0.017869078186810383,0.0547678757021072,0.07245286926487152,0.0009162243238562406
4.444526709988325e-06,-5.6346267912794006e-05,-0.00013656279055974694,-0.00021954056586066386,0.0006316576357120792,0.0014400723719896155,0.000397775698742327,-0.0026362994688810234,-0.0212994349402027,0.013793783497168782,0.009778636811926159,0.05217742403516962
9.716078385940513e-06,-4.348942014102186e-05,-0.00013227458210410866,-0.00024113033204589023,0.0004226526994783584,0.001131297182364814,0.00045986599238532756,-0.001681653768164252,-0.020501552306541465,-0.07554882142212907,0.002639421916673948,0.13875171610818465
1.3616493716476273e-05,-3.5427148378027704e-05,-0.00012774843660623498,-0.00025105070774259164,0.00035743036662879346,0.0004811571702340164,0.00044536310718940866,-0.0003024213711760298,0.007457085736628483,-0.05447918100403046,-0.005539998955857731,0.1370947632894598
1.667154563953678e-05,-3.304695549280703e-05,-0.00012267596200783804,-0.0002472616697750125,0.0002535800179833082,-5.11859318988152e-06,0.0005691318124899794,0.001060228964691858,-0.02822715546572553,-0.04277597168074912,0.03029374001597189,0.13543530388411773
1.7533666088556463e-05,-3.4106755618247946e-05,-0.00011416342355052611,-0.00023017436514532368,-8.115592817937192e-05,-0.00020684143189830188,0.0011333758789724066,0.002357231961245906,-0.03872003376681049,0.0024314039390650466,0.08255507328051355,0.12396529542669182
1.542992539929717e-05,-3.4805892376430356e-05,-9.753521236305002e-05,-0.00020171574133053097,-0.00033959220967248656,6.701408026181993e-05,0.002192266358522812,0.0033344928017126373,-0.012967222531812442,0.052339698492959316,0.12922302262956759,0.07148687266665449
1.2438540699747342e-05,-3.0670220494856615e-05,-7.114880770608958e-05,-0.000166605664154104,-0.0002586847302374791,0.000760120296052928,0.0030850145728692742,0.003687522633572754,0.029148718418813932,0.08628154466526232,0.04932662023972484,-0.0008809062946311674
1.3108986025779864e-05,-1.6495347694368875e-05,-3.885628634988477e-05,-0.00013152805585267064,0.0003927737954439835,0.00207485426404462,0.0033734896983716885,0.0033279990267139205,0.10114298671747858,0.17666524893307606,0.008368404860758016,-0.07102381507713557
2.1639569985962767e-05,1.1154507681906509e-05,-5.717142505582767e-06,-0.00010224772899254105,0.001313342996592597,0.0034551168112104567,0.0032543390704887127,0.0025280663453119967,0.08297085351224413,0.09938726050009133,-0.03219853043735316,-0.08896272120324916
