x1,x2,x3,x4,v1,v2,v3,v4,a1,a2,a3,a4
0.0,0.0,0.0,0.0,0.0,0.0,0.0,0.0,-0.11973384221394856,-0.1907496452331543,-0.12767065048217774,0.058393543958663946
-6.3355579320523215e-06,-9.152151913289754e-06,-6.245375109642323e-06,1.0956232546885207e-06,-0.0012671115864104643,-0.001830430382657951,-0.0012490750219284646,0.00021912465093770414,-0.1336884750681443,-0.1753364312984359,-0.12214435390351516,-0.014568613771123118
-2.3923487799500806e-05,-3.411551818518754e-05,-2.2535033107055587e-05,1.1072050222773058e-06,-0.002250474387079233,-0.0031622428717216064,-0.002008856577554188,-0.00021680829741994715,-0.06298408506560937,-0.09102606651429523,-0.02981195722162952,-0.07261797590040714
-4.7107361469750814e-05,-6.817020051844085e-05,-4.5615033382741385e-05,-6.27535761822977e-06,-0.0023863003469707686,-0.0036486935949290554,-0.0026071434775829716,-0.001259704230681468,0.03581889308730224,-0.006264078127194539,-0.08984542278412724,-0.13596121075189704
-6.742608802560127e-05,-0.00010137627246473267,-7.569022010371599e-05,-2.631239692089768e-05,-0.0016774449641993219,-0.0029925207943293096,-0.0034078938666119497,-0.002747703629852114,0.1059521834669871,0.1374986382471437,-0.07030465502166836,-0.16163866908223212
-7.843340581382993e-05,-0.00012544591454272927,-0.0001110278965509511,-6.109346301204604e-05,-0.0005240185934464101,-0.0018214076212700091,-0.0036596414228350716,-0.004208509588377558,0.12473309068359528,0.0967239963647164,0.019955143777043965,-0.13052252262285668
-7.800250665569171e-05,-0.00014010462735108493,-0.00014476744383230244,-0.00010958953390636976,0.0006101984250740525,-0.001110334940401122,-0.0030882680334351985,-0.005490704590487185,0.10211031302049722,0.04549053980906104,0.09431953410293062,-0.12591647779906878
-6.871422523003435e-05,-0.000147695283833388,-0.0001722392074300774,-0.00016816419522275904,0.0012474578600574205,-0.0004077963560594907,-0.0024060846861197927,-0.006224227672790672,0.025341573976176368,0.09501717705926521,0.042117135360150576,-0.02078813866162854
-5.712734833904326e-05,-0.0001486340349080612,-0.0001958862835509166,-0.0002277990367356755,0.0010699175181407973,0.0002200461411248489,-0.0023233305380480455,-0.0057027406297926195,-0.06084964235950102,0.03055132237760269,-0.025566305745801182,0.125085547261239
-5.1024752460040604e-05,-0.00014678424402754056,-0.00022012868624369942,-0.000274976390261863,0.0001506016576597344,0.0001499120349792782,-0.0025251500005085185,-0.0037327300754448774,-0.12301352973671156,-0.04457814360671683,-0.014797586746293417,0.2689165636083094
-5.533343069354029e-05,-0.00014978203479811916,-0.0002435180160748289,-0.000299965626675988,-0.001012337304359671,-0.0007494701890949985,-0.0021527159657173797,-0.00126511720738012,-0.10957426266716952,-0.1352983012081385,0.08928439370452115,0.2246060100046421
-6.896738607060218e-05,-0.00016328043827531057,-0.00026025392625312065,-0.00030270585133998116,-0.0017144537710527081,-0.001950210506343283,-0.0011944660699409679,0.0007170722745814834,-0.030849030671437905,-0.1048497622415184,0.10236558545076122,0.1718318863876786
-8.573624183232842e-05,-0.00018545374459089187,-0.00026774601991956005,-0.0002901003107050045,-0.0016393173812925394,-0.0024844507567729776,-0.00030395266334691355,0.0018040358524138529,0.04587630862347164,-0.0019982878444204932,0.07573709586804964,0.04556082917879528
-9.855894972235495e-05,-0.0002072387660326091,-0.0002674710650196851,-0.0002713033980599839,-0.0009252241967127655,-0.0018725535315704646,0.0003589436433219075,0.0019553466765902684,0.09694232829248312,0.12437773288492307,0.05684216546571458,-0.01529866434351218
-0.00010314319760000344,-0.0002175845328669916,-0.0002614729077110636,-0.0002541360169507096,8.37462118306626e-06,-0.0001965998353060381,0.0008406878184023895,0.0014781295452645916,0.08977743528668325,0.2108130063679622,0.03950666955038182,-0.08014476192162318
-9.798157311001032e-05,-0.00020903516440155936,-0.0002517004459363823,-0.00024290779450549568,0.0010239502768155584,0.0019064735283924863,0.0011138045365338663,0.0007675149437781876,0.1133376958398152,0.20980166637174266,0.015116674075913522,-0.06197815837565762
-8.347691028794001e-05,-0.00018160645946305444,-0.0002382637064278433,-0.00023802947001151103,0.0018769822875985037,0.003579267459308497,0.001573543365173936,0.00020814995501874229,0.05726870631677386,0.12475711981145945,0.07683109165210042,-0.04989483937623143
-6.267393498965749e-05,-0.00014270980702363523,-0.00021774524950588387,-0.00023519864198335961,0.002283612772058,0.004200063028575345,0.002530148019217952,0.0003580156506115406,0.02405739057512543,-0.0005980059580899255,0.11448983915670277,0.07986797849479109
-4.033483476136426e-05,-0.00010347252310643568,-0.0001879526774825242,-0.00022617258773590336,0.0021842072736006466,0.0036473937548645663,0.003428366385453982,0.0014471951988797092,-0.0439384902665961,-0.10993584878406579,0.06515383409050321,0.13796793115884265
-2.206119175405722e-05,-7.271608044776583e-05,-0.00015177881959063146,-0.00020299641512595056,0.0014705213278607607,0.0025038947768694043,0.0038064051929245675,0.0031880393231108516,-0.09879869888138107,-0.11876394681496663,0.010453927403613866,0.21020089368738581
-1.2575306691993407e-05,-5.204853524776604e-05,-0.00011438860791741025,-0.00015948353950268827,0.0004266556845520023,0.0016296142631305533,0.0036716371417196744,0.005514535801541607,-0.10997442978037061,-0.05609215593280356,-0.03740753764459251,0.2550984019987652
-1.2465250018646384e-05,-3.8131808569533077e-05,-7.962568551238763e-05,-9.446575474724614e-05,-0.00040464434988259773,0.0011537310725160395,0.0032809473392848496,0.007489021149546817,-0.056285577106549384,-0.03908448219009922,-0.040730422842372466,0.13979866760227688
-1.7620082077296498e-05,-2.734985635202179e-05,-4.709572401981244e-05,-1.7190322390445967e-05,-0.0006263220618474251,0.0010026593709862176,0.0032250449592301873,0.007966065321813218,0.011950034713583912,0.008870141884134847,0.02954994683144005,-0.044389833148996694
-2.204438272843577e-05,-1.6597282793760157e-05,-1.2775674545294478e-05,5.687543852452564e-05,-0.00025853806838042946,0.001147855340666109,0.003638964935673406,0.006847086861181102,0.06160676397981521,0.02016905205184341,0.053234048457203725,-0.17940585897742656
-2.0802688866087753e-05,-3.2749616213533766e-06,2.5431287188795678e-05,0.00011474737659341873,0.000506876840850033,0.0015166088938152475,0.004002427411144626,0.004727300752597516,0.09147621786627727,0.053581658577984276,0.0194584466370403,-0.24455136273929057
-1.1949854857647061e-05,1.571662260448484e-05,6.420470820290826e-05,0.0001495597084336853,0.0012636899608381054,0.002281707951352396,0.003752256791677891,0.0022351656154558012,0.05988640613133722,0.09943815292944544,-0.06949257053038735,-0.2538756646890523
2.677534409930062e-06,4.313452798726642e-05,9.64054834739663e-05,0.0001610795061706769,0.0016617878926773195,0.0032018731252039193,0.002687898262533717,6.879393194251897e-05,0.01973318023650561,0.0845948818408592,-0.1433791352984474,-0.17939867201360415
1.895332488500339e-05,7.611072019158588e-05,0.00011515050886478602,0.0001551193794749826,0.0015933702023373465,0.0033933653156599723,0.0010611068156302266,-0.0012608192710813798,-0.033416718304500215,-0.046296443749648614,-0.1819791540822507,-0.08652396859117562
3.296333406841964e-05,0.00010549758604054665,0.00011847305626135247,0.0001408953171810932,0.0012086316343459032,0.0024840078541321824,-0.0003965973363169368,-0.0015839931876965026,-0.043530995293788455,-0.13557504855590938,-0.10956167630718197,0.02188918526815109
4.247416222534789e-05,0.00012202789419239431,0.00011156480096995485,0.00012756076057090436,0.0006935339970397469,0.000822053776237349,-0.0009850537219625879,-0.0010829181343412655,-0.05948853216744282,-0.19681576702305728,-0.008129600821948246,0.07832582540289634
4.5766277344214735e-05,0.00012003976628934637,0.00010239357619148926,0.00012124601245061515,-3.51109732663773e-05,-0.001219679356846938,-0.0008491912337305295,-0.0001800314897165764,-0.08624046189378201,-0.2115308595938001,0.03530209846835991,0.10225150352204149
4.0978091151617504e-05,9.929852421669289e-05,9.52847357928781e-05,0.00012346985116207547,-0.000922526265253069,-0.0029285690576837573,-0.0005725768459917029,0.0006247992320086398,-0.09124259650355632,-0.13024708057356374,0.020020779079405415,0.05871464082300176
2.769693550502081e-05,6.806285977951118e-05,8.961199590944232e-05,0.00013046910477438505,-0.0017337048640662695,-0.0033185638297525853,-0.0005619711306954528,0.0007750514904532771,-0.0709931232590838,0.05224812615979815,-0.0178996360201554,-0.028664189134074314
8.626220648611412e-06,4.053724226494187e-05,8.203875449920822e-05,0.00013461900785821982,-0.0020804381072156096,-0.002186559673161277,-0.0009526771513513683,5.4929126313676534e-05,0.001646474629215744,0.17415270515846357,-0.06024156811102768,-0.1153602836938458
-9.477495660957125e-06,2.7203033901672234e-05,7.058956277378105e-05,0.00012993129561045993,-0.0015403051546980977,-0.00048028199949265004,-0.001337161193734065,-0.0009924715758656555,0.10638011587428664,0.16710282957526182,-0.016655240365511664,-0.09411985674202059
-1.8643227205795035e-05,2.933191146650198e-05,5.807824205635731e-05,0.00011591896434199719,-0.00029284115426948397,0.0009060575124585988,-0.0011651029497506842,-0.0018099946778268915,0.14311268421143608,0.11016507281498797,0.051066889162187795,-0.06938476365022664
-1.5048237912485667e-05,4.113386362315277e-05,5.025021413980735e-05,9.631013475700161e-05,0.0010118390129313576,0.0014543329188715592,-0.0004005026335593073,-0.0021117712391722243,0.11782334922873222,-0.0005099915323959203,0.1018531740760876,0.009029451381160097
-8.363269258147458e-07,5.469958553083557e-05,5.09053182754492e-05,7.663199466171458e-05,0.001830543184402827,0.0012588114626650004,0.0005315234606876769,-0.0018238567798851807,0.04591748506556165,-0.03859429970891584,0.08455204477330924,0.04855344047624863
1.7589747853395744e-05,6.658987898497912e-05,5.843759482533494e-05,6.364220454069215e-05,0.0018546717714392708,0.0011192472281637094,0.0009749318492894717,-0.0007741012443193062,-0.04109176765827288,0.010681452808657649,0.004129632947049711,0.16139766663692626
3.3117585154782635e-05,7.844659895280574e-05,6.688451649594511e-05,6.380484131978732e-05,0.0012508956888381073,0.0012520967654016156,0.000714452484832563,0.00080662860013834,-0.0796634488619598,0.015888454638923605,-0.056225505838431444,0.15474830225460298
4.176414788156017e-05,9.05997821416458e-05,7.269031484771962e-05,7.849964158157396e-05,0.0004784168565173994,0.001178539872366397,0.0004467071855223377,0.002132331452218988,-0.07483231760218179,-0.03059983324596735,0.002676445976386388,0.11039226816152656
4.3072872515325686e-05,9.989622644047295e-05,7.815173004685027e-05,0.00010346334746311349,-0.00021667192976429603,0.0006807489873990313,0.000645575854303794,0.00286040972408892,-0.0641854396541573,-0.06895834374750578,0.03709728777990487,0.03522338621245982
3.8358956600810705e-05,0.00010220344697756432,8.785591918195939e-05,0.0001306104733611787,-0.0007261112531387003,-0.00021930487998075658,0.0012952619727180296,0.0025690154555241223,-0.03770242502072356,-0.11105242972845178,0.09283993590294229,-0.09350223992541931
3.0111735070364234e-05,9.683335084177706e-05,0.00010393893411568,0.00014958880252898473,-0.0009233330529505939,-0.0008547143471766958,0.001921341014026091,0.0012266503780370835,-0.0017419349416551572,-0.016029463710736075,0.03237587235866998,-0.17497077557198845
2.2265458880724574e-05,8.922890805580306e-05,0.00012194347781170541,0.00015429495040020634,-0.0006459221849773376,-0.0006661742100181043,0.0016795677251789918,-0.00028542080379276216,0.0572241085363064,0.05373749114245438,-0.08073053012808981,-0.1274434607939807
1.9083603127993627e-05,8.629076464449024e-05,0.00013216822127140604,0.00014773565110808552,9.55103443114804e-06,7.854552775554073e-05,0.0003653809667611334,-0.001026439054631402,0.07387053534539074,0.09520645641227463,-0.18210682155548188,-0.020760189373747268
2.2597045966807686e-05,9.084323646114503e-05,0.0001273853099161887,0.00013655876449984825,0.0006931375333316636,0.0008319488355754172,-0.0013219632378046004,-0.0012089382670160522,0.06284676443471236,0.05547420515170068,-0.1553620193576649,-0.015739653103182788
3.2461090809841776e-05,9.873311357182422e-05,0.00010899216778546272,0.00012329948458338964,0.0012796714352751545,0.0007460265865604209,-0.0023566651883405966,-0.0014429177162756707,0.05446001595398582,-0.07265865495469995,-0.051578370749534336,-0.03105623674874089
4.579882234554302e-05,0.0001005574594959586,8.56129932909253e-05,0.00010585021903951252,0.0013878748718650937,-0.0003811574017335452,-0.002319169710566886,-0.002046935392499753,-0.03281932863599797,-0.1527781427040933,0.05907746630427649,-0.08974729849607557
5.553219736377941e-05,9.053924234937563e-05,6.617662279889026e-05,8.190307800071775e-05,0.0005588001317821844,-0.001622486027583048,-0.0015681043878401238,-0.0027424928152592013,-0.1329956193805839,-0.0954875824658073,0.09113559824107595,-0.049364186055814135
5.386137537867168e-05,7.16581968438844e-05,5.3533466719321926e-05,5.4098169621612345e-05,-0.0008929645288037303,-0.0021537230735151985,-0.0009605268280735426,-0.0028184888605618788,-0.15735731273659903,-0.010759826720622756,0.030379913712240275,0.03416497699527862
3.8910401055182295e-05,5.101627227303898e-05,4.3785949159827796e-05,2.9898775859462896e-05,-0.002097230335894147,-0.0019746618406538846,-0.0009889766838252834,-0.0020213898918680115,-0.0834958486814843,0.04657207329288554,-0.036069884862588414,0.12525481674349484
1.6919354332603804e-05,3.350172089966183e-05,3.1258103236158837e-05,1.5553866491029283e-05,-0.0023009790086215517,-0.0015282484340215462,-0.0015165925009085084,-0.0008475919818187107,0.04274611413600338,0.04271060803358212,-0.06945327855405661,0.1095047652663653
-1.3329988525609756e-06,1.965738600050503e-05,1.4824229275479108e-05,1.1906438915285216e-05,-0.001349491628411404,-0.0012406185458098133,-0.0017701822912274373,0.00011810646666989737,0.14755136190602613,0.01481536960876445,0.01873532049027085,0.08363492443135631
-7.029219509972753e-06,7.556575541156463e-06,4.1787381622105034e-07,1.531429003436832e-05,0.00021024749692904847,-0.0011795435460599,-0.0011110888006241743,0.0005634637571467235,0.16439646316206435,-0.0026003696587817426,0.11308337763038176,0.005436533664008925
1.2033466096028903e-06,-1.9958552836448376e-06,-5.14561092662367e-06,1.973571207734039e-05,0.0014362657269860802,-0.0007309426189003604,-1.6081479447696643e-06,0.0003208206514476905,0.08080718284934199,0.09232055509068965,0.10881275290549916,-0.05396515480381553
1.6364889025075434e-05,-2.3218301220059137e-06,-1.3381909784802379e-06,2.2566178361389735e-05,0.0015960427561084291,0.0006657476512281453,0.000763092137573456,0.00024527260536217835,-0.04885177702487223,0.18701749893501146,0.04412730419814598,0.0388555455867131
2.8036260241315718e-05,1.1380784867385652e-05,9.479761292689111e-06,2.8305875390496583e-05,0.0007382314871396275,0.002074775346650168,0.0014004983166604136,0.0009026668004591912,-0.1227104767688881,0.09478804014939302,0.08335393161924554,0.09262329343268948
3.075152471528289e-05,3.513567501541628e-05,2.843420234118202e-05,4.188525376451735e-05,-0.00019517859234619245,0.0026762026829559578,0.0023903898930381683,0.0018132088743449625,-0.06397153912827588,0.025497427111764948,0.11462438365630534,0.08948512134446475
2.8338416862478424e-05,6.071085748822868e-05,5.7951521925798975e-05,6.415456563721438e-05,-0.00028744297821470125,0.0024388338116065216,0.003513074023885222,0.0026406535001944425,0.04551866195457413,-0.07297120138165214,0.10991244251310539,0.07600380382543125
2.89663981443581e-05,8.159434239396612e-05,9.605445561058484e-05,9.542734490398372e-05,0.00041303923459063633,0.0017378631695409662,0.00410751271307195,0.0036139023531594253,0.09457778060649338,-0.06722292703145893,0.00897529532424024,0.11864596676756535
3.683934119256803e-05,9.698157525877243e-05,0.00013617505561554054,0.00013686075282989785,0.0011615493750513502,0.0013395834034202968,0.00391660728791919,0.004672779232023402,0.05512424748564937,-0.012433026192674945,-0.04715638035479219,0.09312940900523002
4.944482389952681e-05,0.00011141876922495326,0.00017196541882540898,0.0001867151288987296,0.0013595471663404063,0.0015478553898158687,0.0032414653540544986,0.005298095981742949,-0.015524689227838173,0.0540874234717893,-0.08787200641814608,0.03193394093867931
6.086540201063395e-05,0.00012973130365689575,0.00020095146456266795,0.00023958110103697685,0.0009245684558810213,0.0021146514965726293,0.0025557437933972967,0.005275098445906498,-0.07147105286403882,0.059271797879562826,-0.04927230571329433,-0.03653344810596949
6.753133659727849e-05,0.00015243391787469587,0.00022559708803844152,0.0002879943336781441,0.0004086184614478871,0.0024258713469873937,0.0023733809017574166,0.004407548082326952,-0.03171894602258801,0.0029721722033900777,0.012799727385318316,-0.13697662460993965
7.030958852514735e-05,0.00017511122627885013,0.00025112414572651444,0.0003234266503392738,0.0001470319241258846,0.002109590333843459,0.002732030635857167,0.0026789152498989813,-0.020598361441812485,-0.06622837483217703,0.058930219434631836,-0.20874994187565454
7.222167012760617e-05,0.00019298894738413116,0.0002789007729195125,0.0003416124777909901,0.00023538439636587892,0.0014659538872127472,0.0028232948027424494,0.000958250240444277,0.03826885588981135,-0.062498914493965385,-0.040677386057575426,-0.13538306001528633
7.633469062594636e-05,0.00020466277488917576,0.00030210960502955744,0.0003452358932080155,0.0005872197033021585,0.0008688116137961722,0.0018184716192665342,-0.0002335671570391877,0.03209820549744457,-0.05692954018934959,-0.16028725063760763,-0.1029804194814066
8.304460748834107e-05,0.00021082912138703348,0.00031139327379049844,0.0003399826388356643,0.0007547636691767844,0.0003644576857753713,3.826213292166701e-05,-0.00081708371743106,0.0014105876774805973,-0.04394124541481059,-0.19575464663136583,-0.01372289259696785
9.002696900446533e-05,0.00021214013263906175,0.0003037774600338959,0.00033028468859791087,0.0006417086340480667,-0.00010225543536971753,-0.0015614248842421798,-0.0011225063301196236,-0.024021594703224132,-0.04940137881420717,-0.1241827568014035,-0.04736162994074489
9.442901310136727e-05,0.0002073906983250525,0.0002848297425490372,0.0003142274676992922,0.0002387001853323216,-0.0008476314274321333,-0.0022281186127295597,-0.0020889378496041088,-0.05658009503992489,-0.09967381959827598,-0.009155988896072442,-0.14592467395615216
9.281706958678042e-05,0.0001941403643147267,0.00026200740070649715,0.00028603474866317855,-0.0005610888882496914,-0.0018024353746330258,-0.0023363497557784482,-0.0035496059576186224,-0.10337771967647769,-0.09128696984190254,-0.012490239713705276,-0.14620894764675052
8.23755504942481e-05,0.00017199748412327956,0.00023700004139490453,0.0002459917702555389,-0.001527214930256773,-0.0026261406636564006,-0.0026651221065400756,-0.004458989723909305,-0.08984748872493864,-0.07345408796277242,-0.05326423043862022,-0.03566780561138594
6.480848815889583e-05,0.00014328782421730131,0.00020651271584722194,0.00020083081181771766,-0.001986197536813681,-0.00311579131753925,-0.003432343002996441,-0.004573201963654944,-0.001949032586442967,-0.02447604281379745,-0.10017994885265286,0.012825357662258119
4.576176508931152e-05,0.00011260224263242246,0.00016803102093657828,0.00015581345737612133,-0.0018231470771031806,-0.0030213249994365215,-0.004263995979132291,-0.004430268924664323,0.03455912452854304,0.04336930643434311,-0.06615064637451723,0.015761250135866156
2.9986427207568234e-05,8.453781514379714e-05,0.00012383045663880772,0.00011355339589333365,-0.0013319204992454756,-0.0025915604982885416,-0.00457611688042182,-0.0040217433718932145,0.063686191042998,0.042583593795252894,0.003726466116611482,0.06594386041835554
1.93173458860999e-05,5.951851283796235e-05,8.003285152507418e-05,7.542820269322887e-05,-0.0008018957650481912,-0.0024122999628784164,-0.00418340414232489,-0.0036032952681277416,0.042318755796458885,-0.006731486713227874,0.07481608150277469,0.01774576033473907
1.3289465247324777e-05,3.596598958716415e-05,4.2597198794219156e-05,3.9733502645279315e-05,-0.00040368036270683365,-0.0022982046872812236,-0.003303726403846114,-0.003535644741462169,0.037324324671812625,0.029550541832666477,0.10111946619298046,-0.004215655001624574
1.0029012613561386e-05,1.3820858948042612e-05,1.4537405563939306e-05,3.61369330639126e-06,-0.00024841016404584447,-0.002130821440543084,-0.0023082322422098562,-0.003688317126315442,-0.00627028493961479,0.003926107514961474,0.0979793661342711,-0.026318821969030015
5.718200158833926e-06,-5.70110051975845e-06,-4.83233048169801e-06,-3.369514252560646e-05,-0.0006137523268996477,-0.0017735704530171285,-0.001565714966917607,-0.003773450040084103,-0.06679814763114585,0.06752408999022963,0.050524088924178756,0.00929223921529787
-2.158473315796181e-06,-1.9482737126326064e-05,-1.879018249416078e-05,-6.886903798166012e-05,-0.0009615823680263734,-0.0009827568682963942,-0.0012258554355749475,-0.0032613290511266275,-0.00276786059419927,0.09063862695391722,0.017447817344353134,0.09313195857619716
-1.067370592356122e-05,-2.412727241033123e-05,-3.085136778084549e-05,-9.399539285841158e-05,-0.0007414641535266343,5.3849811495361053e-05,-0.001186381621761995,-0.0017639419242236661,0.04679150349414708,0.11668270900443384,-0.009553054581762643,0.20634546680439514
-1.4326162616739559e-05,-1.9839671890337513e-05,-4.1762762721808235e-05,-0.00010075692966658869,1.0972814890966597e-05,0.000803670292503382,-0.0009958973664305536,0.00041163456258824565,0.1036958901893731,0.03328138719717036,0.04764990564805094,0.22876983055798716
-8.952722923475936e-06,-1.2650694847290472e-05,-4.6965681783575215e-05,-8.842500039276718e-05,0.001063715123761758,0.0006341251161060263,-4.468644592284243e-05,0.002054751292176056,0.10685257158478519,-0.0671904224766415,0.1425922784534913,0.09985351535957487
4.530967832260596e-06,-7.880315673942648e-06,-3.969229142556639e-05,-6.483509108829653e-05,0.0016330230273855486,0.0003199507185635385,0.0014993645175246076,0.002663230568718074,0.007009009139972919,0.004355542968143944,0.16621791423599871,0.02184233994882867
2.008924229747294e-05,-2.7280810591083103e-06,-1.8230101046538063e-05,-3.814388934279249e-05,0.00147863186565692,0.000710496204403329,0.0027930735582810578,0.002675009780382735,-0.03788724148569865,0.07375355419981416,0.09252389391529128,-0.019486497615896492
3.208936493878652e-05,9.651196230952944e-06,1.1063908767885018e-05,-1.2566465945954725e-05,0.0009213926626057956,0.001765359253608922,0.0030657284046035575,0.0024404748989848173,-0.07356059912452624,0.13721905564130443,-0.03799292465079132,-0.02742047866368702
3.81680904116918e-05,3.3469771131289494e-05,3.947090950045406e-05,1.0786507524418936e-05,0.00029435243197526166,0.0029983557264583877,0.0026156717419102507,0.0022301197950899154,-0.051847447001580546,0.10938023892858872,-0.052018407887870016,-0.014650542115293375
3.954513117099479e-05,6.492809815508145e-05,6.41228717338159e-05,3.2649371435617823e-05,-1.8944280114664225e-05,0.0032933096783000033,0.0023147207047621186,0.002142452987149862,-0.010811895416404635,-0.050389448560265615,-0.008171799541756425,-0.0028828194727172907
3.943338449829292e-05,9.245591045705573e-05,8.754287631475044e-05,5.395250063694367e-05,-3.405054425709977e-06,0.0022122527820948538,0.0023692802114247897,0.0021181728531153078,0.013919740554195485,-0.16582193068076423,0.019083700874290593,-0.001973207334193483
4.0250423473944004e-05,0.00010613621614110732,0.000110474256772504,7.408848051221616e-05,0.000166812849555927,0.000523808354715464,0.002216995880125922,0.0019090231219391891,0.020123840242131912,-0.1718669547951137,-0.0495405671340641,-0.03985673890103025
4.338683105226616e-05,0.00010524983572578954,0.00012938287683175024,9.204048144480769e-05,0.00046046866610850463,-0.0007010844377790205,0.0015647281317233246,0.0016813770645791178,0.03860732306838362,-0.07311160370378317,-0.08091298254645538,-0.005672472570984022
4.846057819915098e-05,9.784856410500278e-05,0.00013940993723437527,0.00010917308211984703,0.000554280763268459,-0.0007791698863783305,0.0004406839488016812,0.0017451430704287503,-0.019844903636392755,0.05749451398392119,-0.14389585403787328,0.01842567374091053
5.202487610963507e-05,9.334075992228676e-05,0.00013714719515153442,0.00012514027687473924,0.00015857881882835921,-0.00012239095016487495,-0.0008932323653698493,0.0014482958805496905,-0.059295485251627186,0.0738612732587699,-0.12288740879643281,-0.07779511171672249
5.01014937989286e-05,9.485346751612521e-05,0.00012618982013209572,0.00013342390118777127,-0.0005432552809696533,0.00042493246893256643,-0.0012982426385178916,0.0002084289820567162,-0.08107133470797533,0.035603410560718377,0.041885354166824346,-0.17017826798187236
4.2582586664826426e-05,9.913675221644348e-05,0.00011809376881253064,0.00012782897579784874,-0.0009605261458507813,0.0004317244711310866,-0.00032096762539512405,-0.0013274140600412218,-0.0023828382682502675,-0.034245010121014344,0.15356964845772916,-0.13699034043771524
3.438601460503348e-05,0.0001002729006425339,0.0001193305153441866,0.00011054757637075017,-0.0006787882661078084,-0.0002044947859130013,0.0005683169317263169,-0.0021288658253784927,0.05873041421684484,-0.09299884128780324,0.02428726296655903,-0.023300012629738964
2.978446641408399e-05,9.48890297074937e-05,0.0001230917940248365,8.950983021838987e-05,-0.00024152137208208928,-0.0008722794010950397,0.00018393880440366176,-0.0020786834050935668,0.02872296458829897,-0.04055808174860444,-0.10116288843109006,0.03333649668672417
2.8905397708377345e-05,8.597543044161948e-05,0.00011868408695848466,7.275190212673147e-05,6.570763094076044e-05,-0.0009104404520798035,-0.0010654802176740296,-0.0012729022132381142,0.032722836016270976,0.03292587155165168,-0.1487209159844482,0.12781974168436633
3.0558068090105095e-05,7.768496294231558e-05,0.00010282561724670356,6.613679261912212e-05,0.00026482644540478967,-0.0007476530477809782,-0.002106213724682191,-5.011968828375589e-05,0.007100926876534873,-0.00036839069188661366,-0.05942578541718413,0.11673676330650534
3.1929694727944415e-05,6.941415850788908e-05,8.117497004598773e-05,6.784592710503896e-05,9.498882163074234e-06,-0.0009065078391043219,-0.0022239157154609747,0.00039194658546712563,-0.05816643952487796,-0.031402567572782134,0.035885387261427426,-0.028323508556329036
2.965774913645704e-05,5.972001107498087e-05,6.207977998585296e-05,6.842217443190599e-05,-0.00046388800046054894,-0.0010323216474773195,-0.0015951222965659784,-0.0002766971200937208,-0.03651093699984667,0.006239805898182613,0.08987329651757181,-0.10540523255584025
2.3462249981442562e-05,4.95701879556952e-05,5.004564315073678e-05,5.9963042471196144e-05,-0.0007752118305423469,-0.0009976429763798144,-0.0008117050704572582,-0.001415129272048248,-0.025753829016512908,0.000695928321318387,0.06681014870417223,-0.12228119783506519
1.5163084525806244e-05,3.981588642316154e-05,4.398731556962817e-05,4.041417444925631e-05,-0.0008846212605849167,-0.0009532173301269169,-0.0003999604457644639,-0.002494644332339718,0.0038719430079989237,0.008189200929261106,0.015538776234386625,-0.0936218142232288
6.980555972522785e-06,3.0272305023562778e-05,3.7837430961940576e-05,1.3344745925352095e-05,-0.0007518844500717752,-0.0009554989497928359,-0.0008300164757730553,-0.0029192413724411265,0.02267541909462939,-0.008645524862444895,-0.1015499822361049,0.008702406202947155
9.378477944130521e-07,1.9920513854814648e-05,2.380067763308567e-05,-1.3645034491131482e-05,-0.0004566571855501714,-0.0011148592839567899,-0.001977334189997926,-0.002478714710855589,0.036370033809691366,-0.023226541970345918,-0.12791356060886921,0.07940292611416033
-2.7491529084693796e-06,7.15817386063503e-06,-8.057429662519893e-07,-3.5740940771673434e-05,-0.00028074295502631503,-0.0014376087148791335,-0.002943949929869606,-0.0019404665452528009,-0.0011871877049201007,-0.0413233442141228,-0.06540958736546681,0.02824670700639731
-6.065512947299338e-06,-9.863168322811449e-06,-3.2467425893140876e-05,-5.541348056611873e-05,-0.0003825290527396767,-0.0019666597218101624,-0.0033883866555081722,-0.0019940414136362587,-0.019170031837752233,-0.06448685717208298,-0.02347775776224642,-0.03896168068308892
-1.1538329496523374e-05,-3.296816191319569e-05,-6.549927310559977e-05,-7.87044324940124e-05,-0.0007120342571051304,-0.0026543389962666855,-0.0032179827869836075,-0.002664148971942476,-0.0467310090353385,-0.07304899771922162,0.057558531467159335,-0.09505983097815451
-2.1164098116099558e-05,-6.188762606523286e-05,-9.565904823811726e-05,-0.0001098092735712067,-0.0012131194668101065,-0.0031295538341407493,-0.0028139722395198906,-0.003556819243496383,-0.05348603290565673,-0.02199396985559117,0.023243578025584022,-0.08347422333262688
-3.5329509871530095e-05,-9.265258711917272e-05,-0.00012351553615494177,-0.00014844121783767842,-0.001619962884276001,-0.0030234383766472228,-0.0027573253438450103,-0.004169569609797962,-0.02788265058752215,0.04321706135429644,-0.011914198890608019,-0.039075849927688866
-5.1103426862973844e-05,-0.00012054705183335923,-0.00015238282375535416,-0.0001896557320614839,-0.001534820514012749,-0.0025554545661900796,-0.0030161321762374677,-0.004073333234963132,0.04491112464017255,0.0503797007371322,-0.03984716758788348,0.058323124894654965
-6.416783442248044e-05,-0.0001439916978286944,-0.00018318616892261863,-0.00022620351147534408,-0.0010780609978885696,-0.0021334746328769555,-0.003144536857215425,-0.0032362226478089067,0.046440778584663334,0.03401628592549262,0.014166231392292061,0.10909899253619004
-7.206927734884923e-05,-0.0001638044188325811,-0.00021290668518349752,-0.0002543271533005062,-0.0005022275873851885,-0.0018290695679003821,-0.002799566394960353,-0.002388505717223513,0.06872590351601288,0.026864727069822056,0.05482786105872234,0.06044439358088871
-7.42828862927204e-05,-0.00018011955085574778,-0.00023698332893437753,-0.00027514930066760315,5.950579861095412e-05,-0.0014339568367329552,-0.0020157623552156502,-0.0017759237561958809,0.04362077368321565,0.05215781916366331,0.1019329468902182,0.06207199862463775
-7.27733021843199e-05,-0.0001912304959350663,-0.0002516817730485314,-0.00028957132036635586,0.00024241102306914546,-0.0007882321791307516,-0.000923926467615124,-0.001108480183554661,-0.007039728791577382,0.0769871123567774,0.11643423062988706,0.07141671590360621
-7.127799993878899e-05,-0.0001946189460678665,-0.00025500370057313516,-0.00029710962854725227,5.664942603703763e-05,0.0001105421525707163,0.00025954096269437273,-0.00039918145262461994,-0.030112590614844184,0.10276775398351619,0.12025925543201227,0.07044303028240201
-7.15089255275314e-05,-0.00018884361492393676,-0.00024821685460343755,-0.00029750608748698695,-0.00010283454378552027,0.00104452407621523,0.0010978282312451501,0.00031988966467768264,-0.0017842033496673973,0.08402863074538656,0.04739819827814318,0.07337119317805851
-7.232388841746375e-05,-0.00017528856895132288,-0.0002351932376810631,-0.0002894477177894831,-6.015803420094931e-05,0.0016664851183075449,0.0015068951532297417,0.0012917842748230899,0.01031950526658159,0.04036357767307637,0.03441518611877514,0.1210077288510229
-7.182769749419249e-05,-0.00015857878969817774,-0.00021888885597693864,-0.0002715878199871996,0.00015939621885520036,0.0016754707323214837,0.0017539811875951468,0.002280195285633606,0.033591345344648346,-0.038566454870288605,0.0150020207543059,0.0766744733110803
-6.850388732348146e-05,-0.00014409095870363513,-0.00020188123523771004,-0.0002447680631082788,0.0005053658152870059,0.0012220954665870388,0.001647542960250575,0.0030837560901505624,0.03560257394171276,-0.052108598276600346,-0.036289666223220274,0.08403768759231106
-6.181979675597183e-05,-0.0001339488566418514,-0.00018505778066794123,-0.0002098391573779038,0.0008314522982149207,0.0008063249457697075,0.0017171479537031855,0.003902025055924431,0.029614722643870217,-0.0310455058868659,0.050210664913742376,0.07961610556246262
-5.2846916239583555e-05,-0.00012608740151352044,-0.0001654243912982196,-0.00017049493694824158,0.0009631238050627338,0.0007659660798964824,0.00220952992024114,0.003966819030008015,-0.00328042127430761,0.022973732712220876,0.04826572839384846,-0.06665731074574571
-4.4351642013442995e-05,-0.00011613697751829472,-0.0001410925802819655,-0.00013572811428235569,0.0007359310401653784,0.001224118719148663,0.0026568322830096843,0.002986545503169163,-0.04215813170516347,0.06865679513821525,0.041194744159860464,-0.12939739462202465
-3.839552149571136e-05,-0.000100877143879026,-0.00011400877370863202,-0.00011194744233132924,0.0004552930633809481,0.001827848008705079,0.00275992903165701,0.001769588887036125,-0.01396946365172258,0.05208906277306792,-0.020575394430395355,-0.11399392860458296
-3.355099569115374e-05,-8.181186686375297e-05,-8.913259765534253e-05,-9.923507896607673e-05,0.0005136120975305755,0.001985207394349528,0.0022153061790008872,0.000772883786014378,0.02563327048164807,-0.02061718564417815,-0.08834917610082915,-0.08534709159976644
-2.6368082492638658e-05,-6.406743994319225e-05,-7.18123602444169e-05,-9.378372745336742e-05,0.0009229705421724412,0.0015636779897626168,0.001248741303184241,0.00031738651652748334,0.056238418446725086,-0.06368869527320407,-0.10496379906250008,-0.005752362297612473
-1.5306866246948764e-05,-5.1570783269138496e-05,-6.425926453726268e-05,-9.113374293277625e-05,0.0012892727069655377,0.0009356533450481338,0.00026187783824660146,0.00021261038759075104,0.017022014511894196,-0.061916233669692525,-0.09240889392502782,-0.015202863489733986
-4.077821172195814e-06,-4.514689273700538e-05,-6.528224976793493e-05,-8.940270719431099e-05,0.0009565363079850522,0.00034912476137849,-0.0004664748843810517,0.00013359676010230124,-0.08356929430799129,-0.05538948306423623,-0.05326165060050281,-0.0005998620079559758
1.092466784900456e-06,-4.559844624871394e-05,-7.057388806546668e-05,-8.820139670792319e-05,7.752128343420177e-05,-0.00043943546372020217,-0.0005918527751252977,0.00010666533717525837,-0.0922337106021788,-0.1023225619555022,0.02818607245165361,-0.004786422577452598
-3.049721507565823e-06,-5.403242548270047e-05,-7.542996469122889e-05,-8.77858855813572e-05,-0.0009059589419274576,-0.0012473603830771042,-0.000379362550027144,-2.3563111862060973e-05,-0.10446233447015307,-0.05926242191587823,0.014311972567977144,-0.021259267230011272
-1.6792999503651012e-05,-6.883256352404836e-05,-7.85087651455073e-05,-8.901683124324802e-05,-0.0018426966572895804,-0.001712667225192473,-0.00023639754082853764,-0.00022262602051610343,-0.0828852086022715,-0.03379894650719549,0.014281029271744128,-0.018553314500797218
-3.641056150450752e-05,-8.717533841464012e-05,-8.172034955632588e-05,-9.262850232753175e-05,-0.0020808157428817216,-0.00195588775292588,-0.0004059193413351797,-0.0004997081963406421,0.035261391483843274,-0.014845159039485925,-0.04818538937307254,-0.03686312066411051
-5.379344364462475e-05,-0.00010501406722373458,-8.919142294304039e-05,-9.752724744178122e-05,-0.0013957606851417244,-0.0016118580088930112,-0.0010882953360077218,-0.00048004082650925166,0.10174962006415617,0.08365110784605968,-0.0882898095614359,0.04079659463038859
-6.199135783846873e-05,-0.00011751212649899495,-0.00010451303445435126,-0.00010244686800370778,-0.00024382215362707166,-0.0008877538461590636,-0.001976026966254451,-0.0005038832858760611,0.12863808623877437,0.06116972470072983,-0.08925651648790994,-0.045565086503750483
-5.9352757254422366e-05,-0.00012346839172929828,-0.00012597464043197676,-0.0001117200634451221,0.000771542270436345,-0.0003034991999016027,-0.0023162942292706498,-0.0013507558024068024,0.07443479857390894,0.05568120455076235,0.021203063884670248,-0.12380941680239779
-5.007530322123438e-05,-0.00012395317279903465,-0.00014544573162171537,-0.00013209320849879954,0.0010839485362012522,0.00020654298595432826,-0.0015779240086770726,-0.0027238732083286845,-0.011953545420927525,0.04632723262042383,0.12647098023404518,-0.1508140643819786
-4.092519856486854e-05,-0.00012095060052797496,-0.00015677185069658142,-0.0001641466709525015,0.0007460723950719161,0.0003939714682576101,-0.0006872998062961371,-0.0036868192824117112,-0.055621682804939676,-0.00884153615976746,0.051653860242141914,-0.04177515043462668
-3.664700405036983e-05,-0.00011737165284572012,-0.0001617468682076812,-0.00019991395936531342,0.00010956650782782543,0.0003218180681933579,-0.0003077036959238178,-0.0034666384001506715,-0.07167949464387846,-0.005589143853082984,0.024265361832321947,0.0858113268868346
-3.8349330086147334e-05,-0.00011583863412430568,-0.00016372467301202124,-0.00022729740435807616,-0.00045003171498332606,-1.5214323910468374e-05,-8.785726494419115e-05,-0.002010050598401875,-0.04024014991835184,-0.061817334567682264,0.01970392436360338,0.2055062334629247
-4.390950027847931e-05,-0.00011853482651337917,-0.00016407761911082228,-0.00023578987746889916,-0.0006620023234830691,-0.0005240241539042302,1.726804518398303e-05,0.00031155597623727443,-0.002153971781596764,-0.039944631431070104,0.001321137662031454,0.2588150814649052
-5.082218159239409e-05,-0.00012527748389809583,-0.00016316293951057023,-0.00022165893894305483,-0.0007205339392998872,-0.0008245073230391019,0.00016566787486642668,0.002514631728931593,-0.009552351381766855,-0.020152002395904228,0.028358828274457275,0.18180006907395851
-5.7920740729522994e-05,-0.0001331320054525802,-0.00015942438893597595,-0.00018982963097731665,-0.0006991778881258934,-0.0007463969878577724,0.0005820422400524296,0.003851229864216043,0.013823561616565616,0.035774069432170125,0.054916044762743296,0.08551955798293154
-6.414234034433835e-05,-0.00013682069203311854,-0.00014915862808155856,-0.0001498485347277059,-0.0005451420348371773,8.65967175010514e-06,0.0014711099308310485,0.0041449893857061085,0.0169836090411776,0.11523726248940538,0.12289749339298046,-0.026767653684918402
-6.72699922902095e-05,-0.0001312433619501462,-0.00012978509615914008,-0.0001118458185685999,-8.03883543370523e-05,0.0011068063448443628,0.0024035964536526485,0.0034555538461150874,0.0759671270588474,0.10439207212944612,0.06359981117133955,-0.11111945423328584
-6.441124125864033e-05,-0.00011458111687051674,-0.00010427787370065461,-8.300084126480846e-05,0.0006521385606508845,0.002225642671081528,0.002697848038044445,0.0023134416146432003,0.07053825593873997,0.11937519311798689,-0.004749494292980258,-0.11730299206109152
-5.4184840037085704e-05,-8.789418720868087e-05,-7.764274708779239e-05,-6.466620352578811e-05,0.0013931416836600416,0.0031117432612856465,0.0026291772845279996,0.0013534859331608712,0.07766236866309145,0.05784492492283683,-0.008984656410308836,-0.07468814423537429
-3.7546998130753535e-05,-5.493822358892262e-05,-5.197379736016435e-05,-5.300548728459578e-05,0.001934426697606392,0.0034794494626660044,0.0025046126609976076,0.0009786573150775942,0.030594634126178633,0.015696315353234735,-0.015928268295769585,-0.00027757938128114557
-1.8474654156711614e-05,-2.1679339454353238e-05,-2.8005171822286366e-05,-4.214532886945078e-05,0.0018800420972019919,0.0031723273642478723,0.0022891124465779893,0.0011933743679514066,-0.04147155420705867,-0.07712073503686118,-0.027171774588154077,0.04322098995604362
-3.257382802030226e-06,5.3866531742038675e-06,-6.886218331141562e-06,-2.793422555071806e-05,0.0011634121737342854,0.0022408711614635493,0.0019346782516509713,0.0016488462957951373,-0.10185443048648263,-0.10917050552000346,-0.04371506439724952,0.04787339561270254
3.6745587170445874e-06,2.1332605756860974e-05,1.1080346896534805e-05,-8.49925190710383e-06,0.0002229761300806774,0.0009483193550678718,0.001658634793884302,0.002238148432927709,-0.08623277824423897,-0.14933985575913206,-0.011493627156084332,0.06998703181381183
1.618459144043857e-06,2.3931581682089108e-05,2.6749795775709475e-05,1.5309544492330006e-05,-0.0006341960446808237,-0.000428524170022245,0.001475254981950632,0.0025236108469590584,-0.08520165670806124,-0.1260288492588913,-0.025182335230649652,-0.012894549007541944
-8.007124725825503e-06,1.5819803293177157e-05,3.890840262192494e-05,4.0240956734612217e-05,-0.0012909207292930483,-0.0011938315077601454,0.0009564663872924618,0.0024626716014973836,-0.046143280214383686,-0.027032618288688748,-0.0785753837009844,0.0007066999152069986
-2.2086531331321695e-05,5.066085076177036e-06,4.436557551748963e-05,6.311707424608046e-05,-0.0015249605918061901,-0.000956912135639879,0.00013496819182047515,0.002112551900796265,-0.0006646922882446726,0.07441649271274203,-0.08572425539341293,-0.07073064005543073
-3.532080436359857e-05,-4.7218990426039923e-07,4.27747801130537e-05,7.919328884070672e-05,-0.0011218940146491849,-0.00015074286044760817,-0.00045312727270766114,0.0011026910181289873,0.08127800771964572,0.08681736232571213,-0.03189483751221432,-0.13124153647802483
-4.1398628308316425e-05,1.512714863981954e-06,3.776132280278292e-05,8.242144094747552e-05,-9.367077429438633e-05,0.0005477238140960788,-0.0005495641893464952,-0.00045706059677522843,0.12436664035131398,0.05287597258302526,0.012607454184447517,-0.1807087865028183
-3.605069133983327e-05,7.4296055608000275e-06,3.293739461310624e-05,6.980828323800607e-05,0.0011632581679910175,0.0006356543252675357,-0.0004152214485888396,-0.0020655709451186614,0.12701914810576678,-0.035289870348733876,0.014261093967083596,-0.14099328316586834
-2.043326920341827e-05,1.2849344856606513e-05,2.9420072322982736e-05,4.4529434958865834e-05,0.0019602262592919822,0.00044829353389376123,-0.0002882430094358618,-0.002990198710709385,0.032374470154426155,-0.002182287926021015,0.011134593863511968,-0.04393226995227639
-2.6472578574623055e-06,1.752337246851824e-05,2.5701578305199223e-05,1.538364176912199e-05,0.0015969760098992107,0.000486511988488584,-0.0004554557941208408,-0.0028389599272393836,-0.10502452003298043,0.009825978844985567,-0.04457715080050777,0.07418002664627665
6.857830382034955e-06,2.1948800098159608e-05,1.9549350614869676e-05,-7.4468298419666e-06,0.0003040416380002411,0.00039857353743968986,-0.0007749897439450685,-0.001727134394978335,-0.1535623543468135,-0.02741366905476439,-0.01932963916433779,0.1481850798059331
3.5782834289486233e-06,2.386420389555755e-05,1.2036586418554102e-05,-1.628465190325524e-05,-0.0009599510286175074,-1.5492777960101592e-05,-0.0007275630953180463,-4.043001727939313e-05,-0.09923617897673617,-0.0553995940251939,0.028814968889742235,0.18915579573385527
-9.721621666486747e-06,1.999227609071686e-05,6.72400803028432e-06,-9.40777553773567e-06,-0.0017000299904695662,-0.0007588927830080366,-0.00033495258233590987,0.001415805290383307,-0.04877961339367562,-0.0932804069843931,0.049707133706685044,0.10209126579868477
-2.565440032318754e-05,8.570015607248478e-06,5.964564908887343e-06,7.708451922496546e-06,-0.0014865257408705921,-0.0015255593136856396,0.00018306395805651446,0.002007440201663136,0.09148046331347046,-0.06005289915112749,0.05389617437179982,0.016235716457281058
-3.564421758471859e-05,-7.566204422307183e-06,9.228314486439784e-06,2.634101582444343e-05,-0.0005114377114356184,-0.0017016846922254928,0.0004696859574539738,0.0017190725787262413,0.10353714257352428,0.02482782344315687,0.003428225507692048,-0.07390924104466001
-3.713394913230504e-05,-2.041909975155357e-05,1.2725705289389462e-05,4.067956541571771e-05,0.00021349140191832849,-0.0008688943736237845,0.00022979220313596154,0.0011486373395286154,0.0414486800972651,0.14173024027718478,-0.0514069763712945,-0.040177806794865156
-3.331700680993222e-05,-2.1389898700322224e-05,1.2593909968275618e-05,4.992613211298387e-05,0.0005498970625562356,0.0006747345838700538,-0.00025615126735873024,0.0007006759999246165,0.025832452030316325,0.16699555122158288,-0.04578171772764385,-0.04941446112593462
-2.7209975805335694e-05,-9.288682243223246e-06,1.051747698985577e-05,5.402848554360946e-05,0.00067150913836307,0.0017455087075497417,-0.0001591353283252394,0.00011979468620050126,-0.0015100368689494464,0.04715927351435467,0.06518490553434202,-0.06676180161888842
-2.0648886964030813e-05,8.133263726095939e-06,1.416318874039027e-05,5.40491704524524e-05,0.0006407086298979061,0.0017388804863140955,0.0008882776784321396,-0.000115657704431913,-0.004650064824083325,-0.04848491776148389,0.14429769581713375,0.019671323492405572
-1.4159727173969701e-05,2.3505501831108958e-05,2.9286932668138166e-05,5.4032563748406566e-05,0.0006571233281143159,0.0013355671346885084,0.0021364711071174395,0.00011233636362274575,0.007933004467365293,-0.03217775256363353,0.10534098991992624,0.02592749011852618
-7.46848885436256e-06,3.6447869905819625e-05,5.316163825723949e-05,5.874672872724476e-05,0.0006811243358071124,0.0012529064802536249,0.0026384700107028253,0.0008304966321448936,-0.0031328029288059805,0.01564562167665684,-0.004941209202849128,0.1177045635859034
-1.4375084196217467e-06,4.97661491045595e-05,7.810746905254377e-05,7.353251166540575e-05,0.0005250717511410501,0.0014107493594943503,0.0023506961483580314,0.002126659955487304,-0.028077714004406493,0.015922954171488257,-0.052613563266109664,0.14152810108257866
2.57938799528971e-06,6.396535158516196e-05,9.878044883066911e-05,0.00010015141565240038,0.00027830753184124134,0.0014290911366261416,0.0017838998072670365,0.003197120841911622,-0.021275129855555255,-0.012254598745130019,-0.06074570495208931,0.07256407620228497
4.9424133360463e-06,7.744158164146808e-05,0.00011538862430525574,0.00013472863225166845,0.0001942975363100767,0.0012661548746350825,0.0015377352876502898,0.0037183224779419916,0.004473130749322332,-0.02033265365308179,0.011512801028739972,0.03167625100378893
7.082074118889906e-06,8.857272156135933e-05,0.00013248512958021828,0.00017192881950219474,0.0002336346202586445,0.0009600731093431676,0.0018815657673422175,0.0037217149721632662,0.0033942860403912284,-0.04088369940530118,0.05725329490964559,-0.03099775215953396
9.542616601512624e-06,9.62230986086738e-05,0.00015294002405056984,0.00020713735530194193,0.000258473876265899,0.0005700023001197262,0.0022094131267280954,0.0033199921877861706,0.0015735651610596646,-0.03713046243938711,0.008316176967529954,-0.04934680471588512
1.2201522259063238e-05,0.00010219270735436758,0.00017472618273979248,0.00023689556856682675,0.0002733072552442239,0.0006239194490190304,0.0021478186111164315,0.0026316504651907936,0.0013931106346053157,0.04791389221924797,-0.0206350800898627,-0.08832153980319027
1.5162524455802911e-05,0.00011142354258859545,0.00019393553485133526,0.00025756385324806914,0.00031889318410371074,0.0012222475978265434,0.0016940518111921259,0.0015020064710576848,0.00772407513729205,0.07175173754225461,-0.07011827989499841,-0.1376072590234315
1.8668429208307176e-05,0.0001252035953644727,0.00020755949821938183,0.0002666771020721102,0.0003822877663971422,0.0015337629573489067,0.001030740862417187,0.0003206432937505278,0.004954841321394246,-0.009448665637781961,-0.06254390985998937,-0.09866537643799991
2.3827305869145208e-05,0.0001377118714611516,0.00021428117360716492,0.00026552020771454434,0.0006494875657704644,0.0009678922619868748,0.0003135942151394304,-0.0005520221652636993,0.04848511855327019,-0.1037254734346244,-0.08088541959556195,-0.07586771536484552
3.192851778529321e-05,0.00014256134175215954,0.00021269522922521346,0.0002559984495903393,0.0009707548174591354,2.0017962147103304e-06,-0.0006307830915297217,-0.0013523294595773076,0.015768331784464032,-0.0894526197198085,-0.10799004173826848,-0.08419374349787614
4.052862979378891e-05,0.00013852824643203083,0.00020116769392303213,0.0002393011939962039,0.0007492675842400056,-0.0008086208602404522,-0.001674723968906543,-0.0019871216592497742,-0.06006577842828999,-0.07267191157122402,-0.10079813373709579,-0.04276469643661715
4.379321445862214e-05,0.000127497786678705,0.00018042169482982052,0.00021643730100985605,-9.63506512733608e-05,-0.0013974710904247141,-0.002474475849735779,-0.0025856569380197946,-0.10905786867438329,-0.04509813446562835,-0.05915224242875139,-0.07694235931738694
3.689729635540143e-05,0.00011193947177310019,0.00015469490681387262,0.00018690313378835562,-0.0012828329693707807,-0.0017141918906962473,-0.0026708817534538028,-0.0033211765062802923,-0.1282385949451007,-0.0182460255886783,0.01987106168514663,-0.07016155433471258
1.957225391623719e-05,9.271136040257493e-05,0.00012885331722750797,0.00014983189748234098,-0.0021821755184620673,-0.002131430383408804,-0.0024974361638191262,-0.004093070754922636,-0.0516299148731566,-0.06520167295383303,0.014818056241788669,-0.08421729539375625
-2.592307116462804e-06,6.817120499142226e-05,0.00010375742616873824,0.00010759972336831148,-0.002250736688077931,-0.002776600698821731,-0.0025217420479348193,-0.004353364067883262,0.03791768094998382,-0.06383239012875244,-0.01967923306492725,0.03215863280163114
-2.1427745791372137e-05,3.805286629538654e-05,7.727992795258878e-05,6.764196434279214e-05,-0.0015163510469039354,-0.0032470670403854113,-0.0027737575952950727,-0.003638187737220606,0.10895944728481533,-0.03026087818398357,-0.030723876407123485,0.1108766333309
-3.144201552096769e-05,5.712885019998038e-06,4.742328311829377e-05,3.7872459997929266e-05,-0.00048650289901517544,-0.003220929214692289,-0.003197571371563929,-0.0023157131317519683,0.09701018229293668,0.035488443322608004,-0.05403887884664782,0.15361828776282752
-3.299902224186365e-05,-2.2483131097601736e-05,1.592283529341414e-05,2.2283688463991992e-05,0.00017510155483598324,-0.002418274008827666,-0.0031025181934119963,-0.0008020411750354864,0.03531070847729506,0.1250425978503166,0.07304951447703434,0.14911610358046887
-3.1208223112098265e-05,-4.028579706514864e-05,-1.0100320860339977e-05,1.8442410058497422e-05,0.00018305827111709413,-0.0011422591846817157,-0.0021021130373388274,3.378549393657235e-05,-0.03371936522107288,0.13016036697887343,0.12703151673759938,0.01804923021394289
-3.14011598698715e-05,-4.4685949960759845e-05,-2.3496888486902754e-05,1.8064306002931255e-05,-0.00022164562267174077,0.00026222860555947494,-0.000577200487973728,-0.0001094063050498059,-0.047221413536694096,0.1507371910693647,0.1779509931354205,-0.04668759001121854
-3.496001682467746e-05,-3.59581872940381e-05,-2.0688515650463283e-05,1.5728354718583458e-05,-0.0004901257682894514,0.0014833239277848745,0.001138875055261622,-0.0003577839518197534,-0.006474615586848018,0.0934818733757152,0.1652641155116495,-0.0029879393427709663
-3.805741416309788e-05,-1.8509472812720062e-05,-1.990721712406993e-06,1.5391732744717955e-05,-0.00012935369939463267,0.0020064189684787324,0.002600683732349636,0.0002904595570466528,0.07862902936581176,0.011137134763056361,0.1270976199059533,0.13263664111605222
-3.4722207107720416e-05,1.5338593738649119e-06,2.8066225409336276e-05,2.6074161728741793e-05,0.0007963951104701253,0.002002247468838262,0.003410705691999017,0.0018460262397581148,0.10652073260713982,-0.01197143469115039,0.03490677202392284,0.17847669542624017
-2.133253875111947e-05,2.213003003589148e-05,6.160266100235941e-05,5.462332251121189e-05,0.0018815385608500637,0.0021169866635670515,0.003296581426605611,0.0038638059167359056,0.11050795746884787,0.034919273636908305,-0.057731625102604045,0.22507923996931795
9.629752175569404e-09,4.5477318047160126e-05,9.312045360235466e-05,0.00010417138651244983,0.002386895139808944,0.0025524709386866773,0.0030069770933934376,0.006045806883511683,-0.009436641677071783,0.052177581387016864,-0.0001892415398306313,0.2113209533858374
2.144706198918124e-05,7.27838644683914e-05,0.00012509681793591683,0.00017153587573631612,0.0019005913075921899,0.0029088383455595766,0.0033882957733189973,0.007427090961261576,-0.08782412476627902,0.01909589998756303,0.07645297752494257,0.06493586216414132
3.6144185242671854e-05,0.00010278671356502426,0.00016456849303374114,0.0002459538826810012,0.0010388333431059326,0.003091731473766995,0.004506039246245865,0.007456510427675436,-0.08452746813097242,0.0174827256539207,0.14709571706043095,-0.059051968881369266
4.390950356636163e-05,0.00013508224663154536,0.00021668257556979465,0.0003159121189891374,0.0005142303216320232,0.0033673751395372252,0.005916777260964836,0.006535136833951807,-0.020393136163809472,0.037646007500125284,0.13505188588336342,-0.12522274986335652
4.943475434051942e-05,0.00017112944129815092,0.00028002833545294676,0.0003751221713760938,0.000590819833199534,0.003842063793783885,0.006752374715665586,0.005306873643439474,0.035711038477311635,0.05729172334920671,0.03206760505678646,-0.1204298882391101
5.8992231374370896e-05,0.0002124284631539474,0.00034581681830704185,0.00042444585364259305,0.0013206755735707615,0.00441774057737541,0.006405321855153433,0.004557862809860377,0.11026010959693386,0.057843633369098396,-0.1014781771592172,-0.029372278476709257
7.712890274931313e-05,0.0002588336821914741,0.00040302173229896045,0.000469339224628242,0.002306658701417685,0.004863303230129927,0.0050356609432302855,0.004420811387269412,0.0869365159724508,0.031268897181804894,-0.17245400522541227,0.001961993958516317
0.00010308879382298173,0.0003060705583463643,0.00044591855974806757,0.0005149672085008404,0.0028853195133160354,0.004584072000848116,0.0035437045465911386,0.004704785387250262,0.028795646407219294,-0.08711514303816711,-0.12593727410241712,0.05483280603765367
0.00013134013919475726,0.00034558741921013103,0.0004771728824324628,0.0005624595898870085,0.0027649495610390703,0.003319300171905232,0.0027071599902879105,0.004793690889983356,-0.05286963686261234,-0.16583922275040955,-0.0413716371582285,-0.037051705491034814
0.00015472487620645377,0.0003707755506982708,0.0005032269699780934,0.0006069333305890048,0.001911997841300232,0.0017183261257227192,0.002503657518838197,0.00410105725041591,-0.11772070708515528,-0.15435558648609302,0.0006711428682857901,-0.10147502242245438
0.00016684060843115975,0.0003822404779789906,0.0005276852705200033,0.0006414272908724791,0.0005111486036409655,0.0005746593304212415,0.0023880025895437877,0.0027977348062789473,-0.16244914044669803,-0.0743777725742025,-0.023802128727167637,-0.1591894664049382
0.00016479990350011224,0.00038555597993795933,0.0005485214691698245,0.000661724270300906,-0.0009192895898504675,8.844106137250634e-05,0.0017792371404204508,0.0012616610794064472,-0.12363849825158854,-0.022865881235544533,-0.09795096109749973,-0.1480252789695618
0.00015226370242631994,0.0003856935372840431,0.0005604760081885111,0.0006667702664972374,-0.0015879506249079933,-6.0929592155752315e-05,0.0006116706633168842,-0.00025246184014018035,-0.010093708759916636,-0.007008249470107197,-0.13556233432321357,-0.15479930493976368
0.0001387140837222327,0.0003832105098969061,0.0005588919242743929,0.000657327221183146,-0.001121973115909456,-0.00043567588527164804,-0.0009284874461405401,-0.0016361472226780968,0.10328921055962412,-0.06794100915307194,-0.1724692875682713,-0.1219377715678196
0.0001337809187595961,0.0003751766472979018,0.0005414167594126533,0.0006369256470524535,0.0001353401233821392,-0.0011710966345292078,-0.0025665455262073762,-0.0024441676034604033,0.1481734372986949,-0.07914314069844003,-0.1551423284450959,-0.03966630458864173
0.00013945161032587864,0.0003595062123563134,0.0005097042376012821,0.0006094512771195473,0.000998798189874367,-0.0019629903537884733,-0.003775958836066858,-0.003050706383120844,0.024518175999750647,-0.07923560315341305,-0.08674033352680044,-0.08164145134344636
0.00014707209051410995,0.0003365889778296521,0.00046903397359534214,0.0005734508956759578,0.0005252978477718951,-0.0026204565515437843,-0.004358093965121136,-0.004149369905597057,-0.11921824442024503,-0.05225763639764913,-0.029686692284055294,-0.13809125315179627
0.00014519879522987812,0.0003093466828631936,0.0004257731356964718,0.0005255238485539525,-0.0008999569046182604,-0.002828002441747917,-0.0042940736146529325,-0.005436039518803984,-0.16583270605778605,0.010748458356822588,0.042490762377696,-0.11924266948958906
0.0001296534695883273,0.0002811101932889452,0.00038405070298824133,0.00046698545974441447,-0.002209108223691907,-0.0028192954731017707,-0.0040504129269931625,-0.0062716382431036305,-0.09599755775694324,-0.009007064627593375,0.006241375154258044,-0.04787707537034025
0.00010570241019937552,0.00025250020419266013,0.00034365712513452696,0.0004050819347796553,-0.002581103654098446,-0.002902702346155238,-0.004028302643749712,-0.006109066749848198,0.0215984716756355,-0.007674309983100147,-0.001819318505567935,0.08039137402142671
8.311495440488979e-05,0.00022286168629799983,0.00030349231233165494,0.0003486353749035852,-0.001936387504798701,-0.003025001232776823,-0.004004659916824693,-0.0051802452253658276,0.1073447581843135,-0.016785467341216775,0.0065478638905716036,0.1053729308750474
6.947215154462494e-05,0.0001925270453894684,0.0002647588002561022,0.00030261249571116716,-0.0007921730672542674,-0.003041926948929463,-0.003742042498285856,-0.00402433061311778,0.12149812932457321,0.0134003241106887,0.04597561981719589,0.12580999157456219
6.664738965440572e-05,0.00016472589378633672,0.00022937935977588358,0.0002689298405631558,0.00022722068921042352,-0.0025183033716968716,-0.0033338455977578664,-0.0027122004164844902,0.08238062196836496,0.09132439133582959,0.03566376028840201,0.1366160477520958
7.046599141206725e-05,0.00014588176568776153,0.00019936058328864665,0.0002477314702509648,0.0005364996623218828,-0.001250522248018166,-0.00266990969968952,-0.0015274736459537112,-0.020524827346073082,0.16223183339991154,0.09712341932526725,0.10032930635406001
7.39786895536015e-05,0.00013928994184136194,0.000179245255702983,0.0002365173839896461,0.0001660399659849674,-6.784252126175233e-05,-0.001353155817443208,-0.0007153436063100298,-0.05356711192131,0.07430411195137115,0.16622735712399517,0.06209670157467628
7.333345978346356e-05,0.00014070087894829005,0.0001740912825465914,0.00023222271059637439,-0.0002950859200125552,0.0003500299426473742,0.0003223611861648862,-0.00014359107234431217,-0.038658065278194514,0.009270380830454145,0.16887604359762365,0.05225380521846723
6.953153304411335e-05,0.0001437173862074191,0.00018364480677134882,0.0002342527294050996,-0.0004652994278574882,0.0002532715091784341,0.0015883436587865972,0.0005495948340893575,0.004615363709207898,-0.02862206752424215,0.08432045092671853,0.08638337606826671
6.619299602509894e-05,0.00014663739164383466,0.00020104463949862527,0.0002443437146848325,-0.00020240797594539355,0.00033072957810467897,0.001891622886668694,0.0014686022218572152,0.04796292667321103,0.044113681309491115,-0.023664605350299184,0.0974181014853048
6.657910897016113e-05,0.00015179412372654338,0.00021818846808690845,0.00026384994474621185,0.00027963056495783166,0.0007006168384370652,0.0015371428309879408,0.0024326437904186593,0.048444781507434004,0.029863770756986124,-0.047231405785851444,0.09539021222698399
7.141712749400735e-05,0.00016113483644684409,0.0002317593350102693,0.00029021869594083265,0.0006879731398114119,0.0011675257056230762,0.0011770305536842316,0.0028411064485055013,0.03322373346328206,0.0635180026802161,-0.024791049674890375,-0.013697680609615542
7.921971581490358e-05,0.00017545061779605242,0.00024366416590269213,0.00031578177201285567,0.0008725445243678353,0.0016956305642185903,0.0012039356248003316,0.0022715087658991013,0.0036905434480026256,0.04210296903888669,0.03017206389811039,-0.10022185591166441
8.8362830755716e-05,0.00019335542466022865,0.0002575575463668237,0.00033351914455641827,0.0009560784637946485,0.0018853308086166558,0.001574740468025981,0.0012759657428134197,0.013016244437359992,-0.004162920159273581,0.0439889047470195,-0.0988867487054719
9.814864355702186e-05,0.00021188508934126806,0.0002748535519642797,0.00034215070453657176,0.0010010840964665242,0.001820602127591227,0.0018844606514652222,0.0004503462532172792,-0.004015117902984866,-0.008782816045812186,0.017955131940828706,-0.0662371492137562
0.00010778563944703406,0.0002294605242046205,0.00029358217621661776,0.0003455806879668844,0.0009263150815359146,0.001694484845079262,0.001861264199002389,0.0002356504328452526,-0.010938685083137056,-0.016440640456580807,-0.022594422433395323,0.023297985139350885
0.00011594644864111698,0.0002452599571166689,0.0003107508951503202,0.0003506623116019721,0.000705846757280669,0.0014654017373304184,0.001572479587738094,0.0007806742941722829,-0.03315497976791204,-0.029375981093187925,-0.03516249981946368,0.08570678712605517
0.00012142459368482544,0.00025761942183279683,0.0003248667563295318,0.0003638212784574933,0.00038978225146102434,0.001006491205895165,0.0012506926481042338,0.001851119076931956,-0.0300579213960169,-0.06240612519386271,-0.02919488810730836,0.1283821694258795
0.00012349807013244536,0.0002640499906785058,0.00033620129278811564,0.00038708790327837656,2.4913038062958652e-05,0.00027962256324662684,0.001016214643612531,0.0028022058872446977,-0.04291592128359624,-0.08296760333584494,-0.01770071279103219,0.06183519263666887
0.00012220452845486068,0.0002627743525359779,0.00034504267535353145,0.00041756183974212983,-0.00028362137357989457,-0.0005347501917522025,0.0007520618694706304,0.003292581405505956,-0.018790961044974408,-0.07990694766392092,-0.035129842037347925,0.036239911015582715
0.00011932042591819075,0.0002547670164319388,0.00035080262829552264,0.00045002152128039715,-0.00029319913375409185,-0.00106671702905562,0.0003999287189276087,0.003199354902147508,0.016875409010134956,-0.026486419796762528,-0.03529678807125641,-0.054885211687272284
0.00011731486733024381,0.00024445349454927496,0.000354062277512459,0.000476537932439218,-0.00010791258383529602,-0.0009959873474771482,0.00025200112445966573,0.0021039273296166575,0.02018190097362421,0.04063235611245686,0.005711269177667816,-0.1642003028188978
0.00011739836999631081,0.00023851404240877105,0.00035659079975858076,0.0004892858186655603,0.00012461311704869732,-0.00019190308062363342,0.0002537033247646826,0.00044564991565179766,0.026323239203174455,0.12018449725824609,-0.0053708291166644495,-0.16745517997407416
0.00011879936541907469,0.00024192176713354338,0.0003583138791860088,0.00048667207694871737,0.00015558596750407804,0.0008734480255780995,9.091256072092497e-05,-0.0009683982590203755,-0.02012866911209831,0.09288572398210049,-0.027187323692087068,-0.11535445496036045
0.00012051356907441676,0.0002528682873945908,0.00035882663974061305,0.00047248027569542526,0.00018725476356433506,0.0013158560266313896,1.1639550199925321e-05,-0.0018699619916380458,0.026462428324149717,-0.0044041237714424475,0.011332721587887139,-0.06495829156317362
0.00012370318208737954,0.0002642394731263465,0.0003589832763005761,0.0004502912615861996,0.0004506678390282206,0.0009583811197197499,1.968776179268854e-05,-0.002567840830207086,0.02622018676862739,-0.06709085761088551,-0.009723079269334495,-0.07461747615063435
0.00012964270512917094,0.00027065321026731456,0.0003574950400604854,0.00042395448878973356,0.0007372367693300611,0.00032436630847385776,-0.0003173350098108296,-0.0026995137290861232,0.031093599291740714,-0.05971210463829291,-0.05768147505136913,0.04828289637482691
0.00013746836899554776,0.0002704304817909485,0.00035000593978690923,0.0004007915360076927,0.000827896003945302,-0.0003689120037470699,-0.0011804850449044068,-0.0019330768273220444,-0.012961752368692514,-0.07894355780589263,-0.11494853196734629,0.10500448397798884
0.0001437403791262682,0.00026338758635030557,0.0003340583789761464,0.0003858873023244352,0.0004265060221987854,-0.0010396670843815163,-0.00200902711724816,-0.0010477699093294599,-0.06731624398061081,-0.05520745832099663,-0.05075988250140433,0.07205689962052803
0.0001439594387276552,0.00024995645435735986,0.0003128801966157137,0.0003756912492721749,-0.00038269410192138354,-0.0016465593142076253,-0.0022266093548383792,-0.0009914407011226015,-0.09452378084342297,-0.06617098764422516,0.007243434983360483,-0.06079105797915635
0.00013581282300760919,0.0002305503730591348,0.00029105509655341665,0.00036244165188226884,-0.0012466290420878204,-0.002234656945437388,-0.00213841065762103,-0.0016584787768586088,-0.0782632071898644,-0.05144853860172735,0.010396304460109376,-0.0726165571680451
0.00012031332868165363,0.00020594279933585911,0.0002699787474020643,0.00034290825771640047,-0.001853269823103291,-0.0026868577992177475,-0.0020768591726494368,-0.0022482000563150643,-0.043064949013229714,-0.03899163215434456,0.0019139925342092495,-0.04532769872324599
0.00010188448183120908,0.0001782838773848016,0.00024879121005814703,0.0003172162949181972,-0.0018324995469856196,-0.0028449265909937533,-0.00216064829613402,-0.0028901925033255845,0.047219004236764006,0.00737787379914337,-0.018671817231125917,-0.08307079067885809
8.653499247134535e-05,0.0001512516492737769,0.00022586375589426995,0.00028491708158443895,-0.0012373983249871255,-0.0025615190312111907,-0.002424842536641397,-0.003569650163426071,0.07180124016293482,0.04930363815736913,-0.034167030870349516,-0.05282074134123921
7.683746853545102e-05,0.0001288181416160634,0.000199602850539397,0.0002482586169697651,-0.0007021064621917405,-0.0019251825003315055,-0.0028273385343331927,-0.003762042759508698,0.0352571323961422,0.07796366801856794,-0.04633216866800964,0.014342222124713866
7.13540515973113e-05,0.00011232425061432282,0.0001700870045656676,0.0002123373835913342,-0.00039457692543620407,-0.0013735957000166122,-0.003075830660412691,-0.003422203916177483,0.02624877495496508,0.032353692044410715,-0.0033662565478899814,0.05362554654152912
6.805097725639798e-05,9.878724260871083e-05,0.0001402043981674988,0.00018061683025257926,-0.0002660379427464587,-0.0013338059011057863,-0.002900690619221064,-0.0029219067515735063,-0.0005409784170160026,-0.024395732262245534,0.038394264786215396,0.04643388637926621
6.479530527350285e-05,8.36051964037889e-05,0.00011379333434519316,0.0001533482878389985,-0.0003850964538325678,-0.0017026033398786005,-0.002381522145240067,-0.0025318017311426466,-0.02327072380020581,-0.049363755492317335,0.06543943000998391,0.031587117706905754
5.9557511315435595e-05,6.416286601926319e-05,9.301305706801413e-05,0.0001305359701742789,-0.0006624623377808835,-0.002185862737026541,-0.001774533310195739,-0.0020306618018012734,-0.03220245298945734,-0.04728812393727075,0.05595833699888171,0.06864086816136888
5.1537043974256695e-05,4.08479673437697e-05,7.801516011591303e-05,0.00011301713100834802,-0.0009416311304548965,-0.002477116998072157,-0.0012250460802244812,-0.0014731060313849026,-0.02363130554534526,-0.010962728271852434,0.05393910899536984,0.04287028592190528
4.1632368282291365e-05,1.7432916494683322e-05,6.78466685605674e-05,9.962871935849283e-05,-0.0010393040079381694,-0.002205893171745118,-0.0008086522308446461,-0.0012045762985861334,0.0040967300486906555,0.06520749353726021,0.029339660880597154,0.010835660637848521
3.166075226055956e-05,1.470744969647905e-08,6.0088046031240856e-05,8.845703507283718e-05,-0.0009550191964081912,-0.00127774863725225,-0.0007430722750206616,-0.0010297605585449965,0.012760232257304993,0.12042141336131337,-0.016223669715800262,0.02412748737037884
2.3976716642788988e-05,-7.457064059179256e-06,5.2025032726374817e-05,7.948793995740933e-05,-0.0005817879271459235,-0.00021660566452289692,-0.000869530385952546,-0.0007640584645405737,0.061886021595148555,0.09180718118455725,-0.00906795247057661,0.029012931430505706
2.233521316272996e-05,-6.306640011863146e-06,4.4266998367632014e-05,7.362960602338517e-05,0.00025348723113411764,0.00044669047398611893,-0.0006820764857960143,-0.0004076083222642583,0.10516901006085966,0.040852046517245916,0.04655873250188296,0.042277097024757376
2.9194118158333824e-05,3.584913207167922e-07,4.1048972242006295e-05,7.13110194554883e-05,0.0011182937679866554,0.000886335792529869,3.8471260670870405e-05,-5.610899131511666e-05,0.06779229730964789,0.04707701719150409,0.09755081679149398,0.028022769165070946
4.216914599609595e-05,1.141208518313916e-05,4.679102728559417e-05,7.198346068810632e-05,0.0014767117995657703,0.0013243829799546043,0.001109939748046704,0.00019059723783872168,0.0038913090061750977,0.04053242029344295,0.11674288068367274,0.021318476665696723
5.50634033525767e-05,2.674978054036412e-05,6.298386808921191e-05,7.535304692733434e-05,0.0011021396717303788,0.0017431560914903882,0.0021286284126768454,0.00048332001000688245,-0.07880573457325338,0.04322220201371385,0.08699485224235558,0.037226077767935434
6.33039828983259e-05,4.696397006029692e-05,8.675167699801042e-05,8.440519135918669e-05,0.0005459762374194601,0.0022996818124961715,0.0026249333690828566,0.0013271088763635874,-0.03242695228893036,0.06808294218744282,0.012266139038846671,0.13153169550340554
6.870408847476159e-05,7.10432892326711e-05,0.00011318862773586951,0.00010548402296811924,0.0005340448778676783,0.002516182021978665,0.0026624567784889618,0.0028886574454229214,0.03004068037857402,-0.0247829002909441,-0.004761457157625673,0.18077801830846124
7.60872973811853e-05,9.427014797751418e-05,0.00013971845675026822,0.00014240955819223882,0.0009425969034170647,0.002129189726989951,0.0026435090243907785,0.0044964495994009954,0.05166972473130324,-0.05261555870679868,0.0009719063379890619,0.1407804124871535
8.653755088673021e-05,0.00011361045777858105,0.0001673191658166266,0.0001917297888764533,0.0011474537976919172,0.0017388722332234226,0.002876632788880898,0.0053675965374419005,-0.010698345876332754,-0.025447940046506967,0.04565284656003486,0.03344897512102757
9.724192347670426e-05,0.00013015206401196136,0.0001981705711419571,0.00024346654850341908,0.0009934207203028925,0.0015694490134526397,0.0032936482761852003,0.004979755387951254,-0.02010826960147219,-0.008436703907649612,0.037750250900825524,-0.11101720501915685
0.00010584211715742873,0.00014540921506369568,0.00023257997820812104,0.00028684247491233124,0.0007266180158420021,0.0014819811968942239,0.0035882331370475904,0.0036954298938311776,-0.033252271290705876,-0.009056859404033557,0.02116672127165252,-0.14584789380485846
0.00011116030442907654,0.0001615797943027602,0.0002674324815003975,0.00031661019143224277,0.00033701943848755923,0.0017521346509186781,0.003382267521407702,0.0022581134101511296,-0.0446674441801827,0.06308755020892443,-0.062359844399630146,-0.1416154029311511
0.000112254713699936,0.00018180305042415175,0.0002956063187385268,0.00033196075423195934,-0.00011813758431566767,0.002292516573359632,0.0022524999262181562,0.0008119991497921853,-0.04636396038046267,0.044988834279266365,-0.163593674638279,-0.14760744914063778
0.00011105082441509956,0.0002046263619688186,0.0003107439617372092,0.0003333227288958917,-0.00012264027265162,0.002272145735573738,0.0007750286735183189,-0.0005396042170057113,0.0454634227132722,-0.049063001836445186,-0.13190057590168847,-0.12271322421894154
0.00011314935214311612,0.00022309366894597557,0.00031292920743701454,0.0003235885192252308,0.0005423458182549331,0.001421315659857657,-0.0003379795335572448,-0.0014072377171264671,0.08753379546803841,-0.12110301330677098,-0.09070106551342427,-0.05081347580520959
0.00012142993392919047,0.00023031694374044974,0.0003057014935802854,0.00030872049379602155,0.001113770538959937,2.3339299037177224e-05,-0.0011075632377885868,-0.0015663673687153867,0.026751148672962355,-0.15849225885732499,-0.06321567533284411,0.018987545487425678
0.0001310861949710487,0.00022443416989344857,0.00029231987121183464,0.0002930495735601005,0.0008174816694117093,-0.0011998940684374126,-0.0015687612359015625,-0.0015678166784688263,-0.0860089225826079,-0.08615441463759299,-0.029023924289751035,-0.019277407438113597
0.0001333538648252301,0.00020986755507064586,0.0002761546663997872,0.0002756017873571863,-0.0003639476985754298,-0.001713428896123128,-0.0016642797265079225,-0.001921740562114016,-0.15027695101481992,-0.0165525508995501,0.00992022616847904,-0.05150736929092434
0.00012282906504070196,0.00019328712773996384,0.0002585234405203847,0.0002535848153175401,-0.001741012258330198,-0.0016026565700132766,-0.0018619654493725825,-0.0024816538458152194,-0.12513596093613372,0.03870701612152039,-0.049457370741411044,-0.06047528744931632
0.00010243437942080599,0.00017769813768665887,0.00023749682162798428,0.0002267690657117798,-0.002337924865648997,-0.0015151414406477165,-0.002343358329107499,-0.0028814960753368404,0.005753439472374,-0.021203990248408355,-0.04682120520557226,-0.019493158455007847
8.194134551316117e-05,0.00016085555655661962,0.00021202962473215378,0.0001977679370657611,-0.0017606819158799674,-0.001853374785360135,-0.0027500810500586,-0.002918729653866903,0.10969515048143191,-0.04644267869407537,-0.034523338984648044,0.012046442748995329
6.983600889113278e-05,0.0001400400130235858,0.00018392744476208696,0.00016965950875186177,-0.0006603854085257088,-0.0023097339212466254,-0.0028703549439547645,-0.0027029560089129614,0.11036415098941982,-0.044829148483222725,0.010468560205415145,0.031108286241792987
6.697797442767325e-05,0.00011558481304251309,0.00015628882579177676,0.00014465067859448528,8.877851583380283e-05,-0.0025813060749679193,-0.002657368850107275,-0.002298810022562338,0.03946863388248251,-0.009485282261036065,0.0321286585640827,0.04972091102833173
6.772289037747692e-05,9.11281681245525e-05,0.00013090874262492732,0.00012296263778534012,6.0204674126930366e-05,-0.0023100229086241973,-0.0024186477832626135,-0.002038798139266695,-0.045183402223857,0.06374191552978048,0.015615554804849607,0.002281465630796814
6.4507535222654e-05,7.292631684204961e-05,0.00010704290781795123,0.0001018668351172264,-0.0007032757050915153,-0.0013303473478763804,-0.0023545191781326035,-0.002180362394356047,-0.10751267361983213,0.1321931966197829,-0.002789833778847617,-0.030594316648667214
5.279834117475204e-05,6.504128767353108e-05,8.393161721142698e-05,7.91638768752329e-05,-0.001638563104488875,-0.00024665848582732636,-0.002267738943172247,-0.0023602292540426555,-0.07954480625963983,0.08454457579002789,0.02014588077091889,-0.005379055288654538
3.570439326330165e-05,6.392035995858565e-05,6.370073443229757e-05,5.660946418078421e-05,-0.0017802264778012035,2.2472942838242047e-05,-0.001778437612653634,-0.002150653284847081,0.05121213159717414,-0.03071829005691421,0.07771438533280367,0.047294249127769444
2.2106439728713482e-05,6.122241764585477e-05,5.055867745312519e-05,3.704678690064332e-05,-0.0009393642291164302,-0.0005620614053844196,-0.0008499737831808421,-0.0017618821711810973,0.11696031813978053,-0.08618857958761814,0.10797838056175474,0.03045997360542732
1.7825912859682677e-05,5.203442669367755e-05,4.6046336855816955e-05,2.185726183579265e-05,8.325885531026923e-05,-0.0012755367850510232,-5.249433628080544e-05,-0.0012760228417890364,0.08756429874555935,-0.05650649634570257,0.051517508818252594,0.06671189227298488
2.1589072979868523e-05,4.051731458008131e-05,4.6134884077504776e-05,1.3423297187731333e-05,0.0006693731687269,-0.0010278856376682254,7.020378061836955e-05,-0.0004107700878232263,0.029658563937766808,0.10603672582226212,-0.026977885438417597,0.10633865852017713
2.811899370354672e-05,3.739516405758818e-05,4.5363604939515736e-05,1.4419783412805072e-05,0.000636610976008739,0.0004034555331696001,-0.00022445960821617744,0.0006100673328379739,-0.036211002481398996,0.18023150834530297,-0.0319547923284918,0.09782882561206294
3.367411080570453e-05,4.895111298395663e-05,4.398870028264622e-05,2.4579090307846063e-05,0.00047441244442282397,0.001907734252104089,-5.0521323157725446e-05,0.0014217940461702244,0.0037712961642159815,0.12062423544159481,0.0667424493401822,0.06451651705438713
3.8388626907697343e-05,7.097512270263628e-05,4.8566070053284485e-05,4.0322606088193e-05,0.000468490775975738,0.0024970676916318407,0.0009659952772853779,0.0017269091098991622,-0.004955629853633181,-0.0027575475360444857,0.13656087074843848,-0.003493504308599543
4.320215361468932e-05,9.290890168824707e-05,6.518958439006626e-05,5.7885745621408446e-05,0.000494214565422657,0.001889688105490318,0.002358707590070977,0.0017857187967439269,0.010100387743016997,-0.11871836969226005,0.14198159180868136,0.015255441677552467
4.8035234958467474e-05,0.0001055266354718254,9.389130570133084e-05,7.76905342681864e-05,0.00047240170333297395,0.0006338586512253472,0.003381636672181938,0.002175238932611663,-0.014462960160953608,-0.13244752116073408,0.06260422461351084,0.06264858549599481
5.0704780826584374e-05,0.00010844405074505343,0.00012791519099941774,0.00010306125925810001,6.15074702904061e-05,-5.037559657974e-05,0.0034231403874354417,0.0028989060653710594,-0.06771588644755996,-0.00439932840028337,-0.05430348156281012,0.08208484105588446
4.910206324880121e-05,0.0001097332017507243,0.00015655580694007445,0.00013584031142599957,-0.00038205098584703935,0.0003082057977139132,0.0023049828006959008,0.003656904368208853,-0.020995804779929128,0.076115607259014,-0.16932803578509809,0.06951481951167424
4.544159059893832e-05,0.00011770011801679583,0.00017209308089611517,0.00017404290018692832,-0.00035004354412553816,0.001285177455500393,0.0008024719905122442,0.003983613383976896,0.027397293124229366,0.11927872429828199,-0.13117412625163322,-0.004173016358065634
4.4756901923183894e-05,0.00013383156400556334,0.00017764207947290004,0.00020942936375958578,0.00021310580897465305,0.0019411117422531087,0.0003073277248447294,0.003093679330554596,0.08523257749580887,0.011908133052261155,0.03214527311813026,-0.17381379432639435
5.101382622776134e-05,0.00015224037488729159,0.000184944579839815,0.00023053756585198282,0.001038279051940836,0.001740650434092541,0.001153172348538264,0.00112796108792481,0.07980207109742771,-0.0520003946843747,0.13702365162057667,-0.21932985419956283
6.34836501033271e-05,0.00016756122741799946,0.00020191138938132749,0.0002328711065096998,0.001455685723172317,0.0013235200720490342,0.0022401895597642316,-0.0006612529563814141,0.0036792631488684613,-0.03142567772432667,0.08037979062461686,-0.13851295466168198
7.793876537369763e-05,0.00018065855007428074,0.00022409475336675053,0.00022196836094416387,0.0014353373309017887,0.0012959444592072211,0.0021964832373203777,-0.0015192961567257715,-0.007748941602974124,0.02591055515596405,-0.08912105511338764,-0.03309568540718952
9.066476549275215e-05,0.000194922494170568,0.00023970762593841647,0.0002073767030405064,0.0011098626929091156,0.0015568443600502324,0.0009260912770128096,-0.0013990354240057215,-0.05734598599556051,0.02626942501263821,-0.16495733694812598,0.05714783195119952
9.80229465370213e-05,0.00020892025782506124,0.0002400165780315565,0.00019731954955436995,0.00036177351594471536,0.0012427083708484144,-0.0008643008583848039,-0.0006123952732215692,-0.09227184939731953,-0.08909662285300182,-0.19312109013139672,0.10018019820563093
9.720423308145465e-05,0.0002135652520678709,0.00022510297680694978,0.00019627929847495352,-0.0005255162070580468,-0.0003137095222864833,-0.0021184193865365396,0.0004043450573382832,-0.08518609520323289,-0.2221869557739777,-0.05770261549895045,0.10316786790633956
8.817565237397446e-05,0.0001995660857434425,0.00020361196882219827,0.0002026517257660183,-0.0012801999344379902,-0.0024861237425991977,-0.0021797822104137614,0.0008701404008746756,-0.06575065027275581,-0.2122958882885652,0.04543005072350609,-0.010008799199061058
7.314388464035484e-05,0.0001677551604419095,0.00018436990258914512,0.00020839799593960106,-0.0017261536122859346,-0.003876061317707401,-0.0016686310361968696,0.00027911363384187384,-0.023440085296833085,-0.06569162673307546,0.056800184119872255,-0.1081965542074993
5.502284610669784e-05,0.00013120197398362846,0.00016826539314631798,0.0002042860246651995,-0.0018980540944454657,-0.0034345759739488066,-0.0015522708523685578,-0.001101507888722187,-0.010940011135073119,0.1539886954847943,-0.03352814735420989,-0.16792775030531287
3.702292861980623e-05,0.00010577995884204225,0.0001500894301372625,0.00018564486909155068,-0.0017019294029328549,-0.0016498270543684331,-0.002082921749442536,-0.0026267232260075756,0.05016494943759528,0.20296108843128038,-0.07260203206058574,-0.13711531715176484
2.4906394886644043e-05,9.684708163522274e-05,0.0001265818364562563,0.00015377861366356308,-0.0007213773436995829,-0.00013674838699546965,-0.002618596986758707,-0.003746527859589943,0.14594546240905912,0.09965464504331231,-0.03453301540264847,-0.08684560956470866
2.5090462296434443e-05,9.771369105962567e-05,0.00010013749803178312,0.00011245649448015873,0.0007581908256576631,0.00031007027187605456,-0.002670270698135928,-0.0045178959770909265,0.14996817146239008,-0.010290913269007468,0.024198273127204184,-0.06742801393548803
3.6471319077899285e-05,9.855303595082208e-05,7.50136126216645e-05,6.536706742906092e-05,0.0015179805306353056,-0.00014220129363677272,-0.002354506383887796,-0.004899989433128635,0.0019897695331384246,-0.08016339983355798,0.03895458972242233,-0.008990677272053715
4.858142462459875e-05,9.273284530876243e-05,5.275635949974098e-05,1.9292907564537002e-05,0.0009040405787045871,-0.0010218368347751558,-0.00209694424049691,-0.00431484253977615,-0.12477775991928211,-0.09576370839411862,0.012557838955754852,0.12602005594255072
4.963203667634303e-05,7.799947446494221e-05,3.137814574432953e-05,-1.5894867605120167e-05,-0.0006939181683557314,-0.0019248373339888882,-0.0021786985105853793,-0.002722712494155284,-0.1948139894927816,-0.08483639144862788,-0.028908692973448724,0.19240595318162257
3.4077171150854474e-05,5.5290690120735793e-05,9.117888864405151e-06,-3.3583689809532886e-05,-0.002417054936741979,-0.002616919534852395,-0.002273352865399497,-0.00081505194672726,-0.14981336418446797,-0.0535800487240735,0.009977822010625192,0.18912615630398222
5.391497639294726e-06,2.755382192861446e-05,-1.2011598990548235e-05,-3.5118529680328676e-05,-0.0033200797655699712,-0.002930454103571872,-0.0019525447055911802,0.0005080839725681021,-0.030791601581130396,-0.009126865019821864,0.054183809951038164,0.0755010275550902
-2.5996878453439296e-05,-8.100754436537892e-07,-2.8693807630714724e-05,-2.887585126173156e-05,-0.0029575954529768335,-0.002742325370881778,-0.0013838970224421179,0.0007404517111513213,0.10328846409975792,0.04675261155784062,0.05954572667877428,-0.029027479838446363
-4.780199324386916e-05,-2.5009174349854606e-05,-3.939683674020618e-05,-2.3780126997625563e-05,-0.0014034275051091401,-0.0020974944103583854,-0.0007567087994561735,0.0002786931416698781,0.20754512547378076,0.0822135805468379,0.06589191791841459,-0.06332423405784227
-5.1538130853022604e-05,-4.062807881218007e-05,-4.492882995224939e-05,-2.3236830857989718e-05,0.000656199983278452,-0.001026286482106707,-0.00034968984295246795,-0.00017003391374270898,0.20438037220373764,0.13202800510349777,0.015511873382326513,-0.02642117702467514
-3.8726667431591116e-05,-4.286812446688856e-05,-4.764736287185936e-05,-2.6012537378606814e-05,0.0019060927010078454,0.000578277351165008,-0.00019401674096952565,-0.0003851073903807102,0.04559817134214103,0.18888476155084521,0.015622747014261945,-0.016593518302925103
-1.954037230022024e-05,-2.8001661814886952e-05,-4.870209570192755e-05,-3.237400055888798e-05,0.0019311663252663297,0.0023950151792353136,-1.6929825044113324e-05,-0.0008871852456755224,-0.04058344649044418,0.1744628040632159,0.019794636170820522,-0.08382205275603732
-3.313794563350818e-06,-1.2690907473409306e-08,-4.746100547351821e-05,-4.3807400998563025e-05,0.0013141492221075551,0.0032027790022473943,0.00026514787072598185,-0.0013994948422594872,-0.08281997414131073,-0.012910039460799716,0.03662090298319851,-0.018639866560755614
6.698643065685103e-06,2.705685756560146e-05,-4.1668080238442655e-05,-5.6458347138146604e-05,0.0006883383036996287,0.0022111306923675795,0.0008934371762891291,-0.0011306943856572288,-0.04234220954027454,-0.1854196225151632,0.08903695812943094,0.07239995788120729
1.1385644735952703e-05,3.8264273395022074e-05,-3.05294885297274e-05,-6.331691320807199e-05,0.0002490620303538912,3.0352473516543233e-05,0.0013342811654539221,-0.000241018828327848,-0.04551304512887297,-0.2507360212550441,-0.0008681602964723256,0.10553515358466886
1.0613483972155063e-05,2.8146865754781394e-05,-2.021083931860088e-05,-5.906008500936987e-05,-0.00040349418311341924,-0.0020538340015646794,0.0007294486767713817,0.0010923844680682717,-0.08499819756458912,-0.16610127376120043,-0.12009833744003576,0.16114550569455505
1.7284167605359375e-06,2.6043402599657804e-06,-1.9065600205935355e-05,-4.178176097922613e-05,-0.0013735192592104059,-0.0030546710973984436,-0.0005004008542382771,0.002363280337960476,-0.10900681765480821,-0.03406614540555242,-0.125871568761896,0.09303366828388587
-1.559182644811118e-05,-2.6311017696005756e-05,-2.9026631070728012e-05,-1.5381228169105758e-05,-0.0020905293825190176,-0.0027284004937958638,-0.0014918053187202543,0.0029168262240635992,-0.03439520700691415,0.09932026612606837,-0.07240932413449941,0.017675508936738693
-3.565479878253543e-05,-4.874607237209261e-05,-4.42900007095911e-05,1.1126672973902135e-05,-0.0019220650843658322,-0.0017586104414215068,-0.0015608686090523636,0.002384754004537979,0.06808806663755121,0.09463774434880301,0.05859666606807756,-0.1240899528418627
-4.911927966878113e-05,-6.16614834883842e-05,-5.4162823434584815e-05,2.7415276210244653e-05,-0.0007708310928833078,-0.00082447178183681,-0.00041369593594637916,0.0008729666427305239,0.16215873165895364,0.09218998756813634,0.17083786855311933,-0.17826751951962833
-4.922607768097127e-05,-6.433457334527585e-05,-5.059428242121665e-05,2.8099264102426296e-05,0.0007494714904452803,0.00028985381045847915,0.0011274041386200118,-0.0007361690642941952,0.141901785006764,0.1306751308909215,0.13738214636015883,-0.1435596218853155
-3.558039895940918e-05,-5.418224362730651e-05,-3.468914454378461e-05,1.6270165266127615e-05,0.0019796642538671373,0.0017406121331353885,0.002053623436866397,-0.0016296507029655409,0.10413676767760735,0.15947653364446038,0.0478617132891182,-0.03513670584895362
-1.371502483181886e-05,-3.0172163961782192e-05,-1.3822798745520911e-05,6.022397302582081e-07,0.002393410571650927,0.003061403799969475,0.0021196457227863424,-0.0015039344042083406,-0.021387504120849415,0.104681799722357,-0.0346572561051291,0.06027996560039367
7.055602093843883e-06,3.5274820695329012e-06,5.448133815216946e-06,-8.560306862124111e-06,0.0017607148134816215,0.0036785254062935433,0.001734540789361229,-0.00032857491426812333,-0.10515164751301168,0.01874252154245662,-0.042363730579893566,0.17479193238764978
1.9769564441993385e-05,3.731686151802429e-05,2.148494520187315e-05,-1.0474481473960213e-06,0.0007820776561482791,0.0030793504834047344,0.0014728214879700119,0.0018311466572137414,-0.09057578395365681,-0.13857750612021838,-0.009980129698349882,0.25715238190872314
2.4153481860419344e-05,5.852946786087577e-05,3.846062010778024e-05,2.942187583694168e-05,9.470582753691253e-05,0.00116317078516556,0.0019223134932114055,0.004262718139653799,-0.0468985817686165,-0.2446584335276165,0.09987853074662861,0.22916191457928847
2.3499842346210138e-05,6.0717108931481526e-05,6.238761975725514e-05,8.052615056095293e-05,-0.00022543373037875377,-0.0007256425710444085,0.0028630864366835755,0.00595813680514845,-0.01712932981451676,-0.1331042377143772,0.08827605794780541,0.10992181851964156
2.0614990052283872e-05,5.1543366761363885e-05,9.469761349280628e-05,0.00014170631734418705,-0.00035153672840649935,-0.0011091058629791196,0.0035989123104266524,0.0062778965514983754,-0.008091269791032363,0.056411579327434985,0.05888911680080994,-0.0459698692496564
1.7732826095067236e-05,4.761484775918541e-05,0.00013086244213061942,0.00019932412955097473,-0.0002248960630368278,0.0003234020625434246,0.0036340534171359754,0.00524566588985916,0.03341940286496667,0.23009000577707386,-0.05186089545894529,-0.16047626307818663
1.7806191775265463e-05,6.194229422313816e-05,0.00016451517579568712,0.00024231878686970196,0.00023956919907647316,0.0025420872302471254,0.0030964933158775633,0.003353265573886286,0.05947364955769352,0.21364702776366631,-0.055651124792737094,-0.2180038001163882
2.3744321073795075e-05,9.41187481782102e-05,0.0001931878671741858,0.0002668255564397764,0.0009480566606294494,0.0038932035607672833,0.0026380449598221735,0.001548088340128605,0.08222384275290173,0.056576238340365265,-0.03603854641834087,-0.143031646635148
3.7534405043325245e-05,0.00013117686311840077,0.00021801845042785983,0.0002759435515934527,0.0018099601332765849,0.0035184194272708303,0.0023280716909126324,0.00027551069060664725,0.09015685177652533,-0.13153306503965587,-0.025956107363567404,-0.11148388326924352
5.737565767879676e-05,0.00015953094781208908,0.0002389043833082511,0.0002747964225643242,0.0021582903938177174,0.0021523975114668315,0.0018491148851656207,-0.0005049364964323434,-0.02049079966829881,-0.1416713181211439,-0.06983525378583494,-0.044605554138554604
7.586184603618445e-05,0.000174852027300745,0.00025288670384311695,0.00026925825273488145,0.001538947277659822,0.0009118183862643519,0.000947349221807549,-0.0006026974694562057,-0.10337782356328029,-0.106444506919352,-0.11051787888577941,0.025053359533782127
8.511960798177747e-05,0.00017923272911079727,0.00025622034290343095,0.00026591140990944376,0.00031260511145878066,-3.5678024253896884e-05,-0.00028062140974474854,-6.667109563133187e-05,-0.14189060967692796,-0.08305477518429774,-0.13507624742468008,0.08215191523119264
8.200032809226232e-05,0.0001751597966073894,0.00024803573866411834,0.00026870609730218217,-0.0009364610893618109,-0.0007789084764276756,-0.0013562994381177739,0.0006256085741790132,-0.10792263048719036,-0.065591315250458,-0.080059358249925,0.05630401873087637
6.984224999821728e-05,0.00016458489474158896,0.00023242722109003373,0.0002752012792351287,-0.0014951545294471973,-0.001336071896732414,-0.0017654040766991463,0.0006734278124102955,-0.003816057529886896,-0.0458413688104897,-0.0017615694663494774,-0.04674017108461992
5.591554516245681e-05,0.0001491218068405861,0.0002170586595248748,0.0002782758122682799,-0.0012901864377048954,-0.0017565456834681594,-0.001308308236332641,-5.852120578005713e-05,0.04480967587834728,-0.03825338853665941,0.09318073753965056,-0.0996496325534506
4.561828412532311e-05,0.00013064646959637908,0.00020754611625338154,0.0002724773598137963,-0.0007692657697218445,-0.0019385217653732426,-0.0005942004179660115,-0.0011011692851166633,0.059374457718262885,0.0018581721556427955,0.04964082613367532,-0.10887998331387064
4.042580235216032e-05,0.00011441724966045485,0.00020298382770413397,0.00025789234834128124,-0.0002692305849107141,-0.0013073222218116039,-0.0003182572918835018,-0.001815833009386349,0.040632579243963185,0.12438173655668491,0.005547799082826627,-0.034052761540066506
3.932777864276063e-05,0.00010775404735966269,0.0001987648253902919,0.0002387633502960656,4.9625843030776725e-05,-2.531823834682912e-05,-0.0005255431708849112,-0.0020099665996567762,0.023138706344334986,0.13201906013627004,-0.04700497488310851,-0.004773956514018934
4.133064424876748e-05,0.0001126173770277207,0.00019069115390189654,0.0002197920861132791,0.00035094727817059273,0.0009979841719584318,-0.0010891911267941622,-0.0017842862369005276,0.037125580683628215,0.07264142192478215,-0.06572461629874166,0.049910029065268674
4.55892755487932e-05,0.00012334715991093584,0.00017814568337947117,0.00020458328057298465,0.0005007789818345517,0.0011479724046845954,-0.0014199029776909113,-0.0012574748711583613,-0.007159239950836407,-0.042643775379549415,-0.00041775388060816265,0.0554522440831646
5.009454026815284e-05,0.00013055903102713096,0.00016634741881881238,0.00019382799324781723,0.0004002739620373758,0.00029440181855442944,-0.0009397499344408469,-0.0008935825938751218,-0.012941764008598769,-0.12807034184648378,0.09644836253062106,0.017326211373483308
5.312731654170623e-05,0.0001285336888730045,0.0001617474527367291,0.00018482460381353562,0.00020628129267330283,-0.0006994702493797224,1.975671802419306e-05,-0.0009070952929812003,-0.025856769864215826,-0.0707040717403466,0.09545296796238692,-0.020028751194699018
5.3234687809646083e-05,0.0001213156453605283,0.00016430823454893586,0.00017595468596318751,-0.0001848070390853326,-0.0007441384531155175,0.0004923996444171562,-0.0008668882770884211,-0.05236089648751126,0.061770430993187575,-0.0009243826837943003,0.028070154373254858
4.912773117209072e-05,0.00011734196360493058,0.00016844076262089437,0.0001708744769961679,-0.00063658428842574,-5.059789800402649e-05,0.00033410596997454574,-0.00014915351631549975,-0.03799455338057023,0.07693768002911064,-0.030734352204727783,0.11547679778132941
4.281195406099457e-05,0.00012048995087287174,0.00017091866339655518,0.00017507523519229136,-0.0006265711337934904,0.0006801953515922589,0.00016147418515761794,0.000989305155540189,0.03999718430702015,0.06922096989014642,-0.003792004758657777,0.1122149365898083
4.016195151827301e-05,0.00012855058328458842,0.00017355643379245509,0.00018979067327876584,9.657062524917896e-05,0.0009319311307510764,0.0003660798940223623,0.0019537824617547076,0.10463116750151372,-0.0188738140583829,0.04471314653160664,0.08068052465309544
4.5508513525831185e-05,0.00013689599512265645,0.0001810277505860294,0.0002124426021342565,0.0009727417762624557,0.0007371512368625299,0.0011281834646924994,0.0025766033093434226,0.07060306270114164,-0.02008216471932639,0.10770756760242077,0.04388364486464752
5.670022968156432e-05,0.0001448812767035611,0.00019707047959049704,0.00023877704966665075,0.001265601454884171,0.0008599050793184012,0.002080362336201031,0.0026902861971354296,-0.01203112697679859,0.04463293321050066,0.08272820669928556,-0.021147067306246103
6.674369287153568e-05,0.00015569316719909074,0.00022083457782487865,0.00026513972471726185,0.0007430911831101014,0.0013024730197875264,0.0026724573106752907,0.0025822488129867904,-0.09247092737801532,0.04388065488332438,0.0356907881955663,-0.0004604095234817529
7.098683637360252e-05,0.00017147536458194903,0.000248013110670012,0.0002922137991534881,0.00010553751730326744,0.001853966456784131,0.0027632492583513782,0.0028325660742584613,-0.035039805783351474,0.06641803251599654,-0.017532398660348766,0.050523861777815926
7.203672134617733e-05,0.00019222016324994825,0.000274431143501139,0.00032181669596328017,0.00010443947721169356,0.002294993276815714,0.0025203573078740175,0.00308801328769995,0.0348201977650367,0.021787331490320083,-0.03104599143512339,0.000565580910481811
7.558253506460861e-05,0.0002162148950880976,0.00029983841765858043,0.00035317991046536674,0.0006047232664745625,0.002503953090814157,0.0025610975236142735,0.0031846296127173647,0.06523656008753709,0.02000463130936858,0.03919403458317457,0.018757684093001104
8.498133261135155e-05,0.0002404620829773374,0.0003267074897332926,0.0003837537065495085,0.0012750362428740262,0.0023454844870337997,0.0028127168913281548,0.002930129604110984,0.06882603519235564,-0.051698352065440045,0.011129838959601665,-0.06965768581427728
9.985768268713473e-05,0.00026083126631079936,0.00035415961341370606,0.0004090459224107235,0.0017002337722826098,0.0017283521796585947,0.0026777078447545416,0.002128313568132021,0.016213470689361076,-0.07172810940960095,-0.03813164827432429,-0.09070552138151527
0.0001160114203706471,0.0002754071910491692,0.0003772067319082053,0.0004246712712120788,0.0015305137644198645,0.0011868327680153706,0.0019317158541453101,0.000996756192139033,-0.05015747226191014,-0.0365757729190439,-0.11106674984752203,-0.13560595381708235
0.000127370595889817,0.00028651373621179624,0.00039060001877405236,0.00042787837792134957,0.0007413213394141161,0.0010344762645100392,0.0007469415190240998,-0.00035533485028487605,-0.10768101273923952,0.006104472217977608,-0.12588811717672005,-0.13481225466769947
0.00012921174419459615,0.0002965537156311153,0.0003925139954758251,0.0004183571142744363,-0.00037309167845828823,0.0009735196193537757,-0.00036414617866955667,-0.0015489178790977828,-0.11520159083524134,-0.018295801249230303,-0.09632942236201125,-0.10390435109488189
0.0001224593860995034,0.00030351515018401694,0.0003851533319610315,0.00039979656040762564,-0.000977379940560263,0.0004187672912265497,-0.0011079865242891638,-0.0021631928942643444,-0.00565606158515361,-0.09265466437621489,-0.05243864676191018,-0.01895065193843043
0.00011334369752282359,0.0003008247107273828,0.00037209170919880186,0.00037972944981851364,-0.0008457577747756975,-0.0009568551825533759,-0.0015043380281567602,-0.001850229223558056,0.031980494742066684,-0.18246983037977021,-0.026831654011609085,0.08154338607968808
0.0001069860367242113,0.00028295179534146845,0.000356909389119189,0.0003649342130138632,-0.00042577438494675987,-0.0026177278946294966,-0.0015321259877658115,-0.0011088181373720327,0.05201618322372084,-0.14970471203545388,0.021274062089798818,0.06673883115751661
0.00010376861438761634,0.00025243226752708384,0.0003406570050674358,0.0003574173604124426,-0.00021771008237223135,-0.003486177668247423,-0.0017183508225848292,-0.00039455238291209087,-0.010403322708815138,-0.023985242688131403,-0.058519029053602345,0.07611431973447175
9.949320431075018e-05,0.000219879345714039,0.0003208954538299301,0.00035626461280330573,-0.0006373719330010014,-0.0030244066943615464,-0.002233959424916311,0.00016400286108472133,-0.07352904741693887,0.11633943746530673,-0.04460269141269407,0.0355967290648907
8.943359328377769e-05,0.00019665272781885438,0.00029851579286022936,0.0003556786843645417,-0.0013745502723934962,-0.0016209168846753762,-0.002241972769023836,-0.00028118854883752456,-0.07390662046156012,0.16435852447192734,0.043000022591189124,-0.12463501104933987
7.491933779492522e-05,0.0001872736163569778,0.0002794108076798968,0.0003459245369846338,-0.0015283008253769987,-0.00025490540769993863,-0.0015790242670426706,-0.0016696409271440597,0.043156509864859596,0.10884377092316017,0.08958967780504395,-0.15305546461196712
6.359715815691085e-05,0.00018801241432792957,0.00026807308919505723,0.0003213852546983979,-0.0007361351022258751,0.0004026650018902904,-0.0006885194299252482,-0.003238215530103122,0.11527663476536514,0.022670310994885645,0.08851128961844051,-0.16065945597984538
6.225587159497728e-05,0.00019253452733053014,0.000262487128482825,0.0002845762455753731,0.0004678777898391622,0.0005017575986298239,-0.0004286727125211948,-0.004123586294501833,0.1255259436476423,-0.002851791646978935,-0.036541946137629816,-0.016414696899896775
7.148124674910828e-05,0.00019681475122151183,0.00025453575237069034,0.0002444816361217491,0.0013771972409870367,0.0003542871795665138,-0.00116160250990574,-0.0038953355962229727,0.056337946581932585,-0.02664229216568309,-0.11004401333927924,0.0620648365556688
8.515609126911151e-05,0.0001985310991343921,0.00023721818879019586,0.0002089563477622417,0.0013577716630136108,-1.1017596990458526e-05,-0.002301910206193157,-0.003209722075678507,-0.06022306217661777,-0.04641866314571137,-0.11801752591820416,0.07505786755322436
9.332139535451881e-05,0.00019504263592697209,0.0002096683225684242,0.00017993396376912756,0.00027528915406784937,-0.0006866750444935448,-0.0032080630381611766,-0.0025947547229443185,-0.15627343961253454,-0.08871282635490589,-0.06321304047539975,0.04793560299361327
8.92058944189816e-05,0.0001837218360167695,0.00017667468736098026,0.00015546025645651984,-0.0010983893411752926,-0.0015774849375469707,-0.003390664003327607,-0.0022999867395772245,-0.11846225943609384,-0.08944915225577928,0.026692847442113615,0.011017993679805549
7.420823258707158e-05,0.00016329192167704627,0.00014485082531979137,0.00013132621621923728,-0.00190114302520671,-0.002508497930397678,-0.002974108404910171,-0.0025268213078792883,-0.04208847737018967,-0.09675344631436215,0.05661827224137364,-0.05638490734021834
5.4323039226355726e-05,0.00013436329705043788,0.0001182648460747104,0.00010349993812740081,-0.002075895646936461,-0.0032772269949240002,-0.0023430874441060234,-0.0030384343104880047,0.0071379530242395295,-0.0569923665909023,0.06958591991945581,-0.04593769318152491
3.548749013786327e-05,0.00010105146859551592,9.558189296048384e-05,7.055842947681774e-05,-0.001691214170762031,-0.003385138696060391,-0.0021935031787392893,-0.00354986741962861,0.06979834221064646,0.035410026363624184,-0.03966906684610902,-0.056348928646596186
2.252635624868967e-05,6.992737473913024e-05,7.051094936921352e-05,3.471191466413237e-05,-0.0009010126070726881,-0.0028396800752167467,-0.0028206855395147756,-0.003619435542908464,0.0882419705272221,0.07368169780510463,-0.08576740530898821,0.042435303990625395
1.728195868845205e-05,4.542334489833201e-05,3.7905115491139795e-05,1.0719685250430345e-06,-0.00014786690497483625,-0.0020611258929428993,-0.0037004812360999697,-0.0031085536849094035,0.06238716989234827,0.08202913864966484,-0.09019173400805056,0.05974106760918668
1.7421709629364888e-05,2.717340595743691e-05,-1.9224373452632634e-07,-2.7871420340764364e-05,0.00017581709315740414,-0.0015888618952361205,-0.003918990609033254,-0.0026801240882520752,0.0023496297340998007,0.012423660891690932,0.04648985942139369,0.02594485172227895
1.916956229133288e-05,1.271584691056376e-05,-3.5460279302995326e-05,-5.289655496407915e-05,0.00017375343923619404,-0.0013026499141385094,-0.0031346165046605458,-0.0023249028364108817,-0.0027623605183418193,0.044818735327831274,0.11038496145314794,0.04509939864595974
2.0015040311528276e-05,2.0972585986175812e-06,-5.976916730729003e-05,-7.509099281944592e-05,-4.657835197114627e-06,-0.000821067748250726,-0.0017271610961983948,-0.002113984734662472,-0.032919894368319914,0.051497697849725396,0.17110612023928226,-0.0029157782962778156
1.7833487747735657e-05,-2.935963587553252e-06,-6.914901810109367e-05,-9.56267993664866e-05,-0.0004316526775614092,-0.00018557668898344063,-0.0001488090625623344,-0.001993176574745664,-0.052479074104538996,0.07560051400373168,0.14456428648792982,0.027077410279639447
1.1885060672540045e-05,-1.878431560144668e-06,-6.477557267429826e-05,-0.00011312215827460206,-0.0007580327374777132,0.0003970830944651574,0.001023498147921418,-0.001505895206877428,-0.012796937878721805,0.04093144268598793,0.08989715560882064,0.07037886329400772
5.11445176940096e-06,3.854718185137548e-06,-5.24700409097057e-05,-0.00012155856125814169,-0.0005960890431501037,0.0007495468545912858,0.001437608204997093,-0.0001813853898304978,0.04518567674424371,0.029561309339237743,-0.0070751441936856285,0.19452310011537832
1.988404608146459e-06,1.279074143025714e-05,-3.901822922741939e-05,-0.00011304011040827574,-2.912038910079639e-05,0.0010376577944326325,0.0012527541314601683,0.0018850755598036873,0.06820805406561775,0.028060878629031602,-0.02989567051369932,0.21876908981145865
5.2494522830397116e-06,2.509466925409434e-05,-2.6590212528146955e-05,-8.570796084800203e-05,0.000681329924079447,0.0014231277703348076,0.0012328492083943192,0.003581354352251055,0.07388200857043092,0.049033116551403425,0.025914685900529505,0.12048666867801489
1.4850752137817907e-05,3.995100706061601e-05,-1.1172740808124912e-05,-4.546430490692458e-05,0.0012389300468761922,0.0015481397909695269,0.0018506451356100897,0.004467376835964435,0.03763801598891814,-0.024030712424459547,0.09764449954262458,0.056717828064661135
2.748333225608337e-05,5.529904391864151e-05,1.1993794660876207e-05,1.2507996637430316e-07,0.0012875859767768998,0.001521467580635573,0.0027826619581901336,0.004650500138695343,-0.02790683000877664,0.018696270357668757,0.08875886497338423,-0.020093167518479615
3.866419443460789e-05,7.278997343312443e-05,4.2968380177542374e-05,4.449258276831895e-05,0.0009485864589280036,0.0019767183222610105,0.0034122551451430993,0.004223000421693586,-0.03989307356100258,0.07235387796741875,0.03715977241720894,-0.06540677588187177
4.69650462840456e-05,9.567111504813835e-05,7.684905573342868e-05,8.252496943163356e-05,0.0007115839109595391,0.0025995100007417736,0.0033638799660341613,0.0033834769109693363,-0.007507436032690329,0.05220445772873385,-0.04683480823899658,-0.1024979262629781
5.490579467328037e-05,0.00012294860338393144,0.000107079406286194,0.00011153789948245195,0.0008765657668874145,0.0028559876664168457,0.0026821901445189034,0.002419109099194343,0.04050380721826541,-0.0009089245937193985,-0.08950315606405498,-0.09037563609202054
6.53539407441956e-05,0.00014938592700893886,0.0001306068452256775,0.0001310354614459984,0.0012130634472956327,0.0024314770585846376,0.0020232976433777958,0.001480403293514947,0.02679572886337822,-0.08399319697272221,-0.04227534416416659,-0.09736552504385859
7.822865577355114e-05,0.0001693850993849505,0.00014915577606193655,0.0001417896414551866,0.0013618795585754744,0.0015683574166176903,0.0016864885238740144,0.0006704327083226909,0.002967493392590115,-0.08863073142066726,-0.0250864797365897,-0.06462859199459264
9.032779225218801e-05,0.00018106156100519683,0.000162599065385912,0.0001465741647277275,0.0010579477371518995,0.0007669349074315753,0.0010021693409210755,0.00028647194618549156,-0.06375385767730507,-0.07165377041655573,-0.11177735685399806,-0.01216356043284722
9.63433709605487e-05,0.0001854435415815157,0.000167437616990841,0.0001501301947976115,0.00014516800452023942,0.00010946120783219876,-3.4459019935274273e-05,0.0004247340677913069,-0.11880208884902693,-0.05984096950331959,-0.09554831531727187,0.0398159847540103
9.311642720444719e-05,0.0001826556471339424,0.00016361009119320526,0.00015370913631295314,-0.0007905567557405434,-0.0006670400973468584,-0.0007310461395918735,0.0002910542352770212,-0.06834286320312963,-0.09545929153249184,-0.04376910861404798,-0.06655195125686744
8.345679098814436e-05,0.0001708911693201163,0.00015385329957741438,0.00015243229531032378,-0.001141370487520021,-0.0016858554654183605,-0.001220312183566303,-0.000546422435802893,-0.0018198831527659054,-0.10830378208180856,-0.054084100180837924,-0.1009433829591154
7.147456659599888e-05,0.00014917982741390352,0.000138390144583264,0.00014127397206878305,-0.0012550743909090758,-0.0026564129158241963,-0.0018723188152637753,-0.001685242212505253,-0.020920897525045085,-0.08580770799935857,-0.07631722615865649,-0.1268205723813566
5.8282273620571434e-05,0.00012073115365553867,0.00011598441720384278,0.00011881795799876076,-0.001383384204176413,-0.003033321835848774,-0.002608826660620466,-0.002805960601499205,-0.004741065128422345,0.01042592399444299,-0.07098434291268169,-0.0973231054174338
4.503393993573133e-05,9.214256382607068e-05,8.63087536035753e-05,8.674059062166316e-05,-0.001266282532791607,-0.0026843961300448234,-0.003326306059433031,-0.003609512873920315,0.028161399405383564,0.059359217166347164,-0.0725115368498313,-0.06338734906678814
3.405611095887605e-05,6.716987931447772e-05,5.127877059712377e-05,4.791913555915041e-05,-0.0009292832625794492,-0.002310140772273769,-0.0036796905418572737,-0.004154778138582235,0.039238454637047976,0.015491854387863727,0.0018346403649827647,-0.045665703865595736
2.6149336017182933e-05,4.583914924052607e-05,1.5243923541152905e-05,4.8380902761895924e-06,-0.0006520717257591749,-0.0019560052425165618,-0.0035272788693369,-0.00446143091800993,0.01620385272700689,0.055335251563577645,0.028647694139092017,-0.015664852019943304
1.993452297120385e-05,2.8268345860797234e-05,-1.7308948718288524e-05,-4.066052815529541e-05,-0.0005908908834366415,-0.0015581554334292056,-0.0029832955825513856,-0.00463829276828707,-0.003967684262500215,0.02423471025389358,0.08014896321801085,-0.019707518035484733
1.370096600841007e-05,1.3172888778305191e-05,-4.3133902748455045e-05,-8.516420387188323e-05,-0.0006558205091221148,-0.0014609359830692029,-0.002181695223481918,-0.004262442375030493,-0.009018240874594435,-0.0047908201818930435,0.08017110859588267,0.09487759668680015
6.7842133848141906e-06,-1.5226927400000654e-06,-6.298306259535178e-05,-0.00012187411636524134,-0.0007275300155970611,-0.0014781803205918484,-0.0017881367458974298,-0.00307954012364113,-0.00532366042039481,0.0013419526773639362,-0.0014594130789850612,0.1417028535910724
-1.6626088629921205e-09,-1.4723008318699289e-05,-8.093176635370046e-05,-0.0001443489116470585,-0.0006296451831383754,-0.0011618827951479962,-0.0018016040057723052,-0.0014154189327223018,0.024900626912131935,0.06191755241140649,-0.0012340388959899973,0.1911213845926932
-4.884735904635296e-06,-2.3695703528194105e-05,-9.682728917267559e-05,-0.00015006451012442403,-0.00034696947601608536,-0.0006326562467509672,-0.0013775005580227216,0.00027229923724919505,0.03163451451232607,0.043927757267999315,0.08605472844590673,0.14642224940160617
-7.279570947172948e-06,-2.812699205036992e-05,-0.00010363137725820642,-0.00013898590925225435,-0.00013199753249144521,-0.00025360145768419577,1.6682940916556543e-05,0.0019434209371847408,0.011359874192601954,0.03188320054535497,0.1927819713419489,0.18780209058550298
-7.9860307828029e-06,-2.8955985710043018e-05,-9.425879723491746e-05,-0.00011103149514214225,-9.294434634545039e-06,8.780272574957632e-05,0.0018578330637412338,0.0036474618848376787,0.013180745378778082,0.036397636141399445,0.1754480532229865,0.15300609894508457
-7.353686525866649e-06,-2.4422834332672264e-05,-6.704276280882545e-05,-6.833061867094277e-05,0.00013576328602179512,0.0008188275497245744,0.0035853738214771686,0.004892713409402218,0.01583079875248995,0.10980732865360017,0.17006009832420044,0.09604420596782323
-4.8579685659743624e-06,-9.362901785772966e-06,-2.5692704484606102e-05,-1.52282696462716e-05,0.0003633803059566622,0.0021931589596552855,0.004684637843366701,0.005727756395532016,0.02969260523448346,0.16505895333254206,0.049792706053706004,0.07096439125813639
1.2294102758702687e-06,2.0158737378274155e-05,2.306288641090067e-05,4.5053546067891795e-05,0.000854095462412264,0.0037111688731541383,0.005066480335734654,0.006328606747300665,0.06845042605663691,0.1385430293672285,0.026575792419884614,0.04920567909559345
1.3369952261305965e-05,6.330152237638013e-05,7.529907084660701e-05,0.00011046165032918482,0.0015740129346748753,0.004917388126467057,0.005380756551406613,0.00675301410495794,0.07553306839588537,0.1027008212953553,0.036279450714507,0.035675792435861525
3.331518626406461e-05,0.00011603455666086327,0.0001324620648791868,0.00017729364297125122,0.0024150338658768537,0.005629218730429571,0.006051842255109344,0.006613384423455342,0.0926711178445103,0.039665299497147366,0.09793769002603936,-0.06360172873638106
6.031771518039888e-05,0.000172496533342487,0.0001977383641185614,0.00024014133353581586,0.0029854719173899994,0.0056631766058951715,0.0070034175927655784,0.005956153689457586,0.021416492458118844,-0.03287372440402736,0.09237737750520747,-0.06784441806317007
9.000638838103778e-05,0.00022758532161481278,0.0002693325534495911,0.00029940473817989874,0.002952262722737781,0.0053545810485699855,0.007315420273440364,0.0058965272393589905,-0.02805833138856252,-0.02884538706100992,-0.029976841370250362,0.05591912804345098
0.00011633222589157778,0.0002799020693950725,0.00033823357101139,0.0003610206938051878,0.0023129047793702187,0.0051087685074819545,0.00646478323891941,0.006426663885698824,-0.09981325728494993,-0.02031712115659623,-0.14015056553394034,0.050108201224515786
0.00013473417680845133,0.00032782642374193653,0.0003958448446450979,0.000426950825414244,0.0013674854040044916,0.004476102361890856,0.005057471487822175,0.006759362436112412,-0.08927061778819546,-0.10621610796162351,-0.14131178468550676,0.016431508858201854
0.00014410113354555688,0.0003650904938373867,0.00044022217756158315,0.0004935385133977663,0.0005059059434166172,0.0029767116571991813,0.0038179950954748743,0.0065581751605920495,-0.0830452743293794,-0.19366203297671136,-0.10658349378395338,-0.05666896396227436
0.00014586065690012275,0.00038420226382562296,0.00047350094982203674,0.000553413591437986,-0.00015400127250344339,0.0008456423404480671,0.0028377593566158432,0.005416840447451896,-0.048936168854632714,-0.23255183037351146,-0.08946365398785283,-0.17159797866575646
0.0001428843260225086,0.000383877007451414,0.0004964330241236294,0.0005987234911023905,-0.00044126490301938585,-0.0009106936152898548,0.0017486555037026941,0.003645139485429003,-0.008516557248555781,-0.11871536077407291,-0.128357116594777,-0.18274221373882213
0.00013790592532324803,0.00037166969853606946,0.0005076549090527045,0.000624787760862591,-0.0005544152368327293,-0.0015307681677790568,0.000495721482112319,0.0015677144666111009,-0.014113509514112901,-0.005299549723767505,-0.12222968772329801,-0.2327427900247583
0.00013148720217825505,0.00035667141178236816,0.0005061656573439325,0.000628829958914031,-0.0007293293921658659,-0.0014688891829612038,-0.0007935718238667223,-0.000759274856323113,-0.020869321552514433,0.01767534668733811,-0.13562897347251024,-0.23265507456208448
0.00012441137575856212,0.00034257983090583294,0.0004912239361617031,0.0006096617921960817,-0.0006858358917727198,-0.0013494269923458413,-0.0021947724125791507,-0.0030743584872667475,0.02956802163114365,0.006217091435734401,-0.1446111442699754,-0.23036165162664243
0.00011859107336754411,0.000328314564873844,0.00046256889128647985,0.0005680711005585311,-0.00047822458643088223,-0.001503626214051945,-0.003536236562465502,-0.005243779840243374,0.01195423943722386,-0.03705693577695518,-0.12368168570729482,-0.20352261896868276
0.00011338866364004826,0.000310719349624122,0.0004217729570715047,0.0005084492265589011,-0.0005622573590682879,-0.0020154168358924524,-0.0046229502805295326,-0.006680594959682623,-0.028760793964705003,-0.06530118859114625,-0.09366105790551132,-0.0838404049191672
0.00010632918451442898,0.0002866504479144818,0.00037171543416476686,0.00043705504076512315,-0.0008496384660555683,-0.0027983635060355875,-0.005388554300818031,-0.007598242199072965,-0.02871542743275106,-0.0912881454374807,-0.05945974615218835,-0.09968904295890127
9.52510912154314e-05,0.00025368021474570944,0.00031538819338667754,0.00035713931692410173,-0.0013659801937439494,-0.0037956831277188878,-0.005876893854799832,-0.00838490256913132,-0.07455291810492516,-0.10817577889917934,-0.038208164644171705,-0.05764303105276955
7.817275957679415e-05,0.00021134547698062415,0.00025417349717274704,0.00027272462170816413,-0.0020496861339835,-0.00467126442529817,-0.006366045387986268,-0.008498036474056203,-0.06218826994298497,-0.06694048061667707,-0.059622141993115496,0.03501625006779305
5.493893650851213e-05,0.00016154746540194404,0.00018770964164971986,0.00019103303897811217,-0.002597078479672903,-0.005288337890437853,-0.006926725716619169,-0.007840280071954189,-0.047290199194895646,-0.05647421241125966,-0.052513923733464696,0.09653503035260982
2.7939230263169048e-05,0.00010630767368768643,0.00011730011158493189,0.00011828501168314371,-0.0028028627693957144,-0.005759620452413667,-0.007155180296338424,-0.006709325387039504,0.006133341250333393,-0.0377822999839032,0.0068230077896137,0.12965590663032708
1.8487263737390168e-06,4.8066945468756634e-05,4.7758960232895184e-05,5.7245327559377624e-05,-0.0024152380084902928,-0.005888525191372292,-0.006753049974068916,-0.005498611437713711,0.07139161093075096,0.012001352192178405,0.07360305666428774,0.11248688323483139
-1.8777745352028588e-05,-8.083691732915292e-06,-1.5420162752436238e-05,7.096450267159396e-06,-0.0017100563366632278,-0.005341602248962094,-0.005882774622997367,-0.004531164020729936,0.069644723434662,0.09738323628986106,0.10045201355002226,0.0810026001619237
-3.3053112942108353e-05,-5.597694496353207e-05,-6.819780133717867e-05,-3.5398870859850516e-05,-0.001145017181352725,-0.004237048397161262,-0.0046727530939511186,-0.003967900204672047,0.043363107627438544,0.1235275340703052,0.14155229225922733,0.031650163049654206
-4.2452479518155685e-05,-9.114388177070823e-05,-0.00010689339582306385,-7.45427391310382e-05,-0.0007348561338567413,-0.0027963389642739677,-0.003066365803225918,-0.0038608734495654893,0.03866910187175822,0.16461435250715378,0.17972516588581283,-0.010244812028342737
-4.821806732283971e-05,-0.00011115324276875281,-0.00013002810818514207,-0.00011134597966504177,-0.0004182614270800638,-0.0012055332353349496,-0.001560576669189726,-0.003499774657235224,0.024649839483577282,0.15354679328064985,0.12143266092142552,0.08246457049439584
-5.140112536805792e-05,-0.00011547882012653184,-0.00014017223411254325,-0.00014056995311017653,-0.000218350181963578,0.00034041776377914386,-0.0004682485162905085,-0.002345020031791729,0.015332409539719885,0.15564340654216885,0.09703296965841796,0.14848635459430312
-5.1652407993925455e-05,-0.00010671485046848984,-0.00013975326592206134,-0.00015565368941989683,0.000168093656790071,0.0014123761678292552,0.0005520421543868906,-0.0006717272301523308,0.06195635821100991,0.05874827426785342,0.10702516447706187,0.18617220573357654
-4.7250116486499066e-05,-9.055779386046056e-05,-0.00012778386200406618,-0.0001529124062058703,0.0007123646446952068,0.0018190351537766027,0.00184183862921214,0.0012199838729576385,0.04689783937001725,0.022583522921616056,0.150934130487988,0.1921700148884173
-3.827029880183491e-05,-7.204186731726113e-05,-0.00010184339641170268,-0.00012986291486453454,0.0010835988922376243,0.0018841501548632839,0.0033462544892605608,0.003389914395309513,0.027349010138466287,-0.009560522704279789,0.14994904152169616,0.24181608958195758
-2.7602621353140714e-05,-5.284852975197004e-05,-6.281727449753739e-05,-8.450404193036532e-05,0.0010499365975012147,0.001954517358194933,0.004458969893572497,0.00568186019152433,-0.0340814690857482,0.023633963370609662,0.07259403934069122,0.21657306966100584
-1.883108311698955e-05,-3.0058593008343818e-05,-1.5590181534803667e-05,-1.7827039477456898e-05,0.0007043710497290175,0.002603469990530311,0.0049864486989742475,0.007653540299057357,-0.03503164046869124,0.1061565630964659,0.032901721739658746,0.17776295184559956
-1.3197936105880626e-05,2.8864680637454763e-07,3.510873902369459e-05,6.417209327701855e-05,0.00042225835249276746,0.003465977972413362,0.005153335412725405,0.008746286251837732,-0.021390898978558767,0.06634503328014421,0.0004756210105727743,0.04078623871047524
-8.164756392529118e-06,3.7814736940560564e-05,8.764214337281896e-05,0.0001498211948855013,0.0005843775901775341,0.004039240054423842,0.005353345457099469,0.00838353406985882,0.05381474651551209,0.04830738312195168,0.03952638786423998,-0.11333667510625753
1.724901597082742e-06,7.900204720229864e-05,0.00014313180966407343,0.00022615537610553692,0.0013935540077448382,0.004198221997923774,0.005744587801151425,0.006883302174148304,0.10802053699794871,-0.016510994421965103,0.03872208094615129,-0.18670970403584555
1.996842322716768e-05,0.00012008443016322207,0.0002009012395523958,0.00028587497655860333,0.002255150318272149,0.004018254594260911,0.005809298176513048,0.005060617916464978,0.06429872510751351,-0.019482486310607477,-0.0257800058738267,-0.17782714750081982
4.3392468503191626e-05,0.00015994779091824227,0.00025515547216744367,0.0003274882972968336,0.00242965873693264,0.003954417556743129,0.005041548346496528,0.003262046231181076,-0.029397041375415392,0.00671507880705105,-0.12776996012947725,-0.18188718955596053
6.512381524514908e-05,0.00019964193748890958,0.00029763201515100034,0.00035248880679549356,0.0019166106114588508,0.003984411757390333,0.0034537602502148056,0.001738055668550916,-0.0732125837193424,-0.0007162386776101981,-0.18978765912686726,-0.12291092297007142
8.040669638352245e-05,0.00023611434553440962,0.0003230913652387639,0.0003645823617122524,0.0011399656162158238,0.003310069851709675,0.001638109767337904,0.0006806553148008504,-0.08211641532926302,-0.13415214245852133,-0.17334243744851305,-0.08856914777994171
8.774783006960086e-05,0.00025993492264454976,0.00033081288519333827,0.00036572016963663676,0.0003282611209998585,0.0014540455703183533,-9.380577642302762e-05,-0.00045309372992397793,-0.08022448371393003,-0.23705271381974305,-0.17304067130367326,-0.13818066116502395
8.689848953222681e-05,0.00026203851522811557,0.0003224596637846366,0.00035589650331609277,-0.000498129228474668,-0.0010333270536051914,-0.001576838505317303,-0.0015116395341848205,-0.08505358618097529,-0.26042181096496586,-0.12356587447518183,-0.07352849968714456
7.884267434183262e-05,0.00023983991515773802,0.0003001227494541285,0.0003365193230795181,-0.0011130338096041708,-0.003406392960470319,-0.002890544360784325,-0.0023637965131301174,-0.03792733004492525,-0.21419137040805958,-0.1391752966182225,-0.09690289610191485
6.508674175663652e-05,0.0001977045254001819,0.000263833904654744,0.00030730873437330404,-0.0016381527074350488,-0.005020684991040905,-0.004367224599092567,-0.0034783212281126906,-0.06709644952125034,-0.10866703570605751,-0.15616075104342594,-0.1260020468945998
4.468980535471207e-05,0.00014528045405886035,0.00021220287881833466,0.0002650723457367632,-0.0024412345729498412,-0.005464129277223404,-0.005958980568189303,-0.004968956499195475,-0.09351992358170817,0.019978178469557628,-0.16219044277592135,-0.17212500732195704
1.828872085809932e-05,9.153499008745491e-05,0.00014545336041659404,0.0002054405471495774,-0.0028389823263727083,-0.005284963517057683,-0.007390923112158823,-0.006957403218241688,0.013970372897134806,0.01585497356358645,-0.12419806601798264,-0.22556433648728555
-7.736050277398552e-06,3.91444024577807e-05,6.727369479449531e-05,0.00012539560185836665,-0.002365971900726866,-0.005193154008877159,-0.008245010012260922,-0.00905158584000046,0.08063171223203365,0.0025069280725185106,-0.04661931400243738,-0.19327218786446912
-2.7431535751654356e-05,-1.2839026224110135e-05,-1.492136607700548e-05,2.7006579949432714e-05,-0.0015731251941242946,-0.005203531727501007,-0.008194002162039237,-0.010626218541786327,0.0779376290884806,-0.004582471797288212,0.05682088404677435,-0.12165435249270437
-3.9918494146029386e-05,-6.385016249967538e-05,-9.375485506998552e-05,-8.313890816419026e-05,-0.0009242664847507112,-0.004998695527612043,-0.007572695636556771,-0.011402879080938266,0.05183411278623608,0.04554971177508116,0.06744042104971879,-0.033677755337683385
-4.8105588859031016e-05,-0.00011099575729320963,-0.00016663943946310444,-0.00019580555048754673,-0.0007131524578496149,-0.004430423431094807,-0.007004221242067014,-0.01113044938373303,-0.009611307406016803,0.06810470752836606,0.046254457848232705,0.08816369477873068
-5.6312579516885243e-05,-0.00015217768915807745,-0.00023477631276264135,-0.0002995495996201939,-0.0009282456737212308,-0.0038059629418787577,-0.006623153417840367,-0.009618360442796408,-0.03340733576830639,0.0567873903148437,0.029959106997096557,0.21425409340859378
-6.724092722539736e-05,-0.00018849396008921004,-0.00029792097945727664,-0.00038278034410378566,-0.0012574238679811925,-0.00345729124434776,-0.006005779921086692,-0.00702778845392194,-0.03242830308368595,0.012946949191355861,0.0935155923536384,0.30386030436629985
-8.115273883500626e-05,-0.0002221754060914624,-0.0003519162428676664,-0.0004378879219045324,-0.0015249384539405878,-0.0032789979561027127,-0.004793272760991255,-0.003993727106227408,-0.0210746141081931,0.02271170845765358,0.14898583966544907,0.3029519651726066
-9.723474136816659e-05,-0.00025240095838050257,-0.0003908862034251976,-0.00046466288253926987,-0.0016914620526914778,-0.0027661125017053225,-0.003000719350514989,-0.0013612650207200866,-0.012230105641984915,0.0798653824218245,0.209524842429804,0.22354045192885763
-0.00011381542631137065,-0.0002753198478185923,-0.0004094588594920081,-0.0004673195436183611,-0.0016246749359493347,-0.0018176653859126222,-0.0007138118628471067,0.0008299328049018403,0.025587528990413513,0.10982404073671559,0.2478566551037725,0.21469911319552776
-0.0001267227466406396,-0.00028626656081656216,-0.000405809224032072,-0.0004496876248293914,-0.0009567891299044542,-0.00037167721368135185,0.0014437389548343214,0.0026964509528921007,0.1079896322185626,0.17937359370953848,0.18365350843251313,0.15860451640252432
-0.00013000950811077697,-0.00027995275732373446,-0.00038294789181342304,-0.0004184998141210138,0.0002994368358769793,0.0016344379122468914,0.0031285274888954717,0.003541111188783422,0.14325556093772407,0.2218494314761102,0.1533041983797169,0.010327530775739946
-0.00011955419289330909,-0.0002529041524057434,-0.00034487619629126545,-0.0003818073989243176,0.0017916262076165977,0.003775283071351325,0.004485811615536046,0.0037973718505558193,0.1551823134101996,0.20631960034477653,0.11815262694839798,0.040924601578739506
-9.47885051045268e-05,-0.00020601121939846077,-0.00029520011994106914,-0.000340285831690893,0.003161511350139861,0.005603303530105196,0.005449403654503215,0.004506941596129102,0.11879471509445305,0.15928449140599782,0.07456578084503587,0.1009893475359171
-5.967921814552092e-05,-0.0001451201440578646,-0.00023686833762858394,-0.00028939675196431897,0.003860346041661313,0.006574911538014042,0.006216952807993825,0.005670874349185699,0.02097222320983727,0.035037110175771435,0.07894404985308609,0.13179720307540227
-2.2297366728318096e-05,-7.899819581790072e-05,-0.00017046117338601137,-0.00022514570918330133,0.0036160242417792527,0.006649478109978731,0.007064480040520691,0.007179334207017831,-0.0698365831862493,-0.020123795782833576,0.09056139665228705,0.16989476849102408
8.506402789951976e-06,-1.544634489140656e-05,-9.485443036461376e-05,-0.00014497434398676623,0.0025447296618747624,0.0060608920753201,0.00805686856375883,0.008854938832289187,-0.14442233279464878,-0.0975934111488927,0.10791630799534077,0.16522615656324718
2.7572100469789118e-05,4.0166347537365736e-05,-1.0728368721406167e-05,-4.834393040546326e-05,0.0012684098740926664,0.005061646410434358,0.008768343764882686,0.010471143883971407,-0.1108416247617704,-0.10225572182825565,0.03437873222943058,0.15801485377319685
3.641255745757409e-05,8.654492491447307e-05,7.589829419771512e-05,6.140502065789675e-05,0.0004996815234643282,0.0042140690649871086,0.008556988818941569,0.011478646328700597,-0.04290404536389725,-0.06725974726119416,-0.07664972141765417,0.04348563517264098
4.023842991476177e-05,0.00012631786317775652,0.00015631516423462207,0.0001756923934709247,0.0002654929679732085,0.0037405185876695805,0.007526385188439821,0.011378828233904991,-0.003933665734326686,-0.02745034820231146,-0.12947100468269532,-0.063449254131762
4.441808700070805e-05,0.00016356189572982536,0.0002249099176061481,0.00028176775840320665,0.0005704384492160469,0.0037082879227441873,0.006192565485865384,0.009836244752551399,0.06492276198289436,0.02100421521723278,-0.13729293583219207,-0.24506744213895643
5.481089721418302e-05,0.00020113980209433867,0.00027992377171917983,0.0003646520013247599,0.001508123593478947,0.0038072933501584767,0.004810205336740962,0.006740603831759248,0.12261426686968564,-0.0012031297343749192,-0.13917909399269232,-0.37406074201947376
7.377397648787404e-05,0.00023734234288266793,0.0003215989332584722,0.00041327246032920993,0.0022844922612592564,0.0034332148075073747,0.0035248269711175145,0.0029834879691307604,0.032659466686376246,-0.07361257879584543,-0.11789657913199716,-0.3773624305062237
9.661264329782964e-05,0.0002667516329576127,0.00035014658303823506,0.0004258350373897977,0.0022832411007318635,0.002448643207481584,0.0021847029848350535,-0.000470972557013206,-0.03290969879185483,-0.12330174120931275,-0.15012821812449503,-0.3135296747225696
0.00011550035760160107,0.0002847813086199905,0.0003633205329098187,0.0004082009900658193,0.0014943017600224226,0.0011572919249939761,0.0004500869894816721,-0.003055836907782471,-0.12487816935003333,-0.1349685152882088,-0.19679498094618122,-0.20344319543128336
0.00012200860342773703,0.00028874796903575827,0.0003578712403505967,0.0003705790308290809,-0.00019265259479523018,-0.0003639598418404262,-0.0015399455013260723,-0.004468554939565216,-0.21251270161349722,-0.16928183807867164,-0.20121151721536765,-0.0791004109252656
0.00011093793359664098,0.0002753733366287777,0.0003320792336669335,0.00032327498318925985,-0.0020214813714239804,-0.0023109666395556925,-0.003618455835406564,-0.004992254588398992,-0.15325305371225284,-0.22011952146438163,-0.2144905496007307,-0.02563951884148946
8.546986742416642e-05,0.00024111120805984308,0.00028685216638619376,0.00027389671821465613,-0.003072131863070931,-0.0045414590742312265,-0.005426957620741385,-0.004883398406521751,-0.05687704461713727,-0.22597896547072527,-0.14720980746623344,0.04741075521693755
5.4627731828991095e-05,0.00018580031767423787,0.00022666533453481023,0.0002252485308787251,-0.003096295255964135,-0.006520719002889815,-0.006610408749535323,-0.004846239060664458,0.05204436603849649,-0.16987302026099227,-0.08948041829255407,-0.039978886045479
2.6559663200769602e-05,0.00011640286754585108,0.00015744710297173526,0.00017313181663538744,-0.002517318469680164,-0.007358771022787545,-0.00723323756307967,-0.005577103788003071,0.06375099121829775,0.0022626162814461948,-0.03508534441631536,-0.10619405942224353
3.75790275481339e-06,4.737309950564922e-05,8.411152903873313e-05,0.00011148217006297453,-0.002043033619511079,-0.006447182585252825,-0.007433877223520756,-0.0067528255264795115,0.031105978815519242,0.1800550712254979,-0.005042587671901938,-0.1289502882730446
-1.5653492099907174e-05,-7.220769034597011e-06,1.1790579143052468e-05,3.625888367263495e-05,-0.0018392453514330337,-0.004471591122796421,-0.007030312755615376,-0.008291831751588406,0.009651674800089771,0.2150632212657827,0.08575548125297786,-0.17885095674873425
-3.254902004576092e-05,-4.330840056610237e-05,-5.431879977332102e-05,-5.323688917691642e-05,-0.0015398602377377152,-0.0027459351835046495,-0.00619156302765932,-0.009607322818321868,0.05022534793897393,0.13006796659257158,0.0819944643382334,-0.08424725659795834
-4.535541671412105e-05,-6.632604105407346e-05,-0.00011185353271320699,-0.00014963463578537609,-0.0010214190959343112,-0.0018575929140895683,-0.005315383560317873,-0.009672226503370067,0.05346288042170688,0.04760048729044464,0.09324142913005598,0.07126651958831859
-5.246998912683971e-05,-8.498251459583558e-05,-0.00016070429935456692,-0.0002378914321780615,-0.00040149538660942045,-0.0018737017942628562,-0.004454769767954113,-0.007979132775167012,0.07052186144327127,-0.0508222633251022,0.07888132934269584,0.2673522260522923
-5.4526677222694724e-05,-0.00010612392620398853,-0.0002027586289315805,-0.00030296238071149964,-9.842232561582817e-06,-0.002354580527367734,-0.003956096147448603,-0.00503505693152062,0.00780876936629625,-0.0453534832958733,0.020853394758406335,0.3214629426769861
-5.482765055997803e-05,-0.00013039214819559326,-0.00023883295171067047,-0.0003367377498971475,-5.035243489507799e-05,-0.0024990638709532107,-0.0032587684083693917,-0.0017200169056089546,-0.015910809832995285,0.0164568145787779,0.11861215305743586,0.34154506250534694
-5.7080883791701704e-05,-0.00015336529940948728,-0.00026444302109217104,-0.0003402482859878994,-0.00040029421144965714,-0.0020955663718255943,-0.0018632454679307212,0.0010179096874585757,-0.05407754547792054,0.06424268524674537,0.16049243503029822,0.20604025610815907
-6.313017714123275e-05,-0.0001689299797464433,-0.0002729539058672707,-0.0003222072571800551,-0.0008095644584565528,-0.001017369695565609,0.00016106851291078383,0.0025902960741102828,-0.027776503923458595,0.1513966500052517,0.24437036113800278,0.1084370212221823
-7.148237782802777e-05,-0.0001710767818555157,-0.0002596693663764439,-0.00029342801985818485,-0.0008608756789024497,0.0005880092737511286,0.002495839385254579,0.0031655513902637696,0.017514259834279233,0.1696791438580958,0.2225838133307562,0.006614042008515064
-7.732828880213295e-05,-0.00015717446934226457,-0.00022570445579257747,-0.0002615164382215376,-0.00030830651591858785,0.002192453228899098,0.004297142731518709,0.003216764937065679,0.09299957276249313,0.1512096471714981,0.13767685592206977,0.003628667351866788
-7.433960599706623e-05,-0.00012753455317853298,-0.0001787374833658963,-0.00022765798718494239,0.000906043076931933,0.0037355300038472185,0.005096251753817527,0.003554925270253366,0.14987034580761102,0.15740570781812602,0.022144948537693915,0.06400339928567061
-5.768929148034501e-05,-8.432901411635442e-05,-0.00012769058466344832,-0.0001876728982810708,0.0024240198264123105,0.004905577808588495,0.005113127986672068,0.004442092510520948,0.15372500408846448,0.0766038531301293,-0.01876970196678565,0.11343004876784585
-2.7823755761078178e-05,-3.4492162455135445e-05,-7.832548965479136e-05,-0.00013709795477250225,0.0035490873174410563,0.0050617925236552995,0.004759891015059324,0.005672896191192763,0.07128849411728463,-0.04536091011676835,-0.05187769235576309,0.1327306873665171
7.483394217653504e-06,1.2496407890601556e-05,-3.2819616786701884e-05,-7.500432636874848e-05,0.0035123426783052803,0.004335921545492101,0.00434128355855857,0.006745829489557991,-0.07863742194443987,-0.09981328551587143,-0.03184379894438785,0.08185597230652858
3.556937078522463e-05,5.112928987029242e-05,1.0899658356314813e-05,-5.006686904472395e-06,0.002104852635208945,0.003390654850446072,0.00440257147004477,0.007253698403297222,-0.20286058667482723,-0.0892400534933343,0.044101381241627796,0.01971781044131765
4.688640282010345e-05,8.08472920795363e-05,5.6282154119696634e-05,6.464139836929078e-05,0.00015855377176681893,0.0025529455914027055,0.004673927682631595,0.006675918651455415,-0.18639918601359792,-0.07830179831533901,0.01016986127573724,-0.13527376080967907
4.154803168463057e-05,0.00010207352236450512,0.00010311029643559458,0.00012354614123815226,-0.001226227998861395,0.0016923004655910578,0.004691700780547995,0.005105029922316881,-0.09055716811204487,-0.09382722684699052,-0.006615241692457169,-0.17890398501802757
2.8439183306299247e-05,0.00011492828403360624,0.0001455276906855148,0.00016590103539510282,-0.0013955416768048695,0.0008786518682291655,0.0037917780694360498,0.0033659489090732296,0.056694432523349964,-0.06890249262538795,-0.17336930052993196,-0.1689122176307028
2.0909553894030515e-05,0.00012125413765728469,0.0001731046609796197,0.00019105644805480977,-0.00011038420564887666,0.0003865188565065241,0.0017236159893849307,0.001665133622868161,0.20033706170784857,-0.029524109719140323,-0.24026311548029186,-0.1712508396103109
2.7723501822879206e-05,0.0001248537779974987,0.00017913321435819617,0.00019975234362718718,0.0014731737914186148,0.00033340921153627657,-0.0005179053136696388,7.404549160731954e-05,0.11637453770564973,0.01890218072509081,-0.20804114513062202,-0.14696678664185736
4.492972811088468e-05,0.00012805763305113953,0.00016647944807951775,0.00019235495856173581,0.0019680714661824794,0.0003073617991918908,-0.002012847942066046,-0.0015535225046975924,-0.017395002752876837,-0.024111663193967958,-0.09094738054865945,-0.17854681261912503
6.117635699701754e-05,0.00012906543811770185,0.00014276265277343418,0.00016855252334343934,0.0012812543110440938,-0.00010580078587942612,-0.0027305111191506665,-0.003206964538961703,-0.11996842827480028,-0.058520853820295426,-0.052585254868264625,-0.15214159423369705
6.664025590963421e-05,0.00012405661505041104,0.00011326289393009043,0.0001289784815807519,-0.00018847452852076133,-0.0008959638275787365,-0.0031694406495180833,-0.004707843813575787,-0.17397733963817072,-0.09951175451956665,-0.03520065120521873,-0.1480342606891198
5.6957663255240386e-05,0.00010901942561945355,8.000855921423213e-05,7.680645785095277e-05,-0.0017480440023580031,-0.0021114740586127617,-0.0034814262936535786,-0.0057265609323840375,-0.13793655512927763,-0.14359029168723833,-0.027196477621880294,-0.05570916307253021
3.4682512737762504e-05,8.119228439061673e-05,4.218204695104552e-05,1.8311087936342837e-05,-0.002706986101137573,-0.0034539541871546012,-0.004083876158983743,-0.005972513050537949,-0.05385186462663635,-0.12490573402112962,-0.09329349544415264,0.006518739441747912
6.9346328111936954e-06,4.035263209748909e-05,-3.056480282215468e-06,-3.9629734965775525e-05,-0.002842589884176189,-0.004713976271470927,-0.004963829287668454,-0.005615651529885722,0.02673110801891318,-0.12709868284213552,-0.0826971302927895,0.06485356468869757
-1.847810340088472e-05,-1.0748049000662803e-05,-5.686131179409863e-05,-9.381193695455969e-05,-0.002239957358239494,-0.005506159948159453,-0.005797137014708177,-0.00522078886787111,0.0937953971684258,-0.031338052495569674,-0.08396441511515526,0.014118967714224884
-3.6031943848675684e-05,-6.639676692998349e-05,-0.00011766276496745392,-0.00014599259530011477,-0.001270810731318699,-0.005623583637704684,-0.006363153619962882,-0.005215342801239905,0.10003392821573318,0.007853314586523524,-0.029238905935785625,-0.013029754387983872
-4.6001780769930285e-05,-0.00011966214972007096,-0.00018096575700271762,-0.00019945321490799712,-0.0007231566529322215,-0.005029492920312809,-0.006297444787089856,-0.005476781120336565,0.009496887461562326,0.11096482889185152,0.04238067251039082,-0.03925790943134827
-5.3827654491056984e-05,-0.00016358534457856368,-0.00024044862218605172,-0.00025700283205253835,-0.0008420180912931181,-0.0037551460513857377,-0.005599128249576963,-0.00603314230857168,-0.03326917513374164,0.14390454489356266,0.09728263499218778,-0.07201432821567472
-6.402615623193722e-05,-0.00019452719300915513,-0.0002904200111999157,-0.0003179819804375697,-0.0011976822568829286,-0.0024332236347325525,-0.004395149553195838,-0.006162687368434584,-0.03786365798422045,0.12047993843707436,0.1435131042840372,0.04610531624309405
-7.707547312179867e-05,-0.00021409412137723976,-0.00032742394884614605,-0.00037387502299638926,-0.0014121811210893623,-0.0014801620388843737,-0.003005637976050226,-0.005015921143329332,-0.0050361148570662595,0.07013238073256137,0.13438921114508526,0.1832479287779562
-9.079618120118341e-05,-0.00022679620054144616,-0.0003498237279216749,-0.00041346581318525347,-0.001331960494787586,-0.0010602537939569064,-0.0014743178390555433,-0.002902236894443508,0.021080240117421517,0.013849268252932062,0.1718748162538513,0.23948892099920865
-0.00010136871238179205,-0.00023601606267340127,-0.0003567466931455348,-0.0004293877523332437,-0.0007825457413341405,-0.0007837186324341149,8.972479428356276e-05,-0.0002821509351545394,0.08880271057326758,0.04145776405162624,0.14093371041396993,0.28452827085858506
-0.00010559601769490317,-0.00024022918823018248,-0.00035055877582677847,-0.00041900813059026696,-6.29153212880839e-05,-5.890647892212652e-05,0.001147858669467703,0.0023580752837498876,0.05512337343594373,0.10350466665077143,0.0706930646228581,0.2435169729223003
-0.0001034521067915885,-0.00023497246456595793,-0.00033607567455390923,-0.00038543994513159967,0.0004916975019510187,0.0011102512117670367,0.0017487615851061462,0.0043555618079835715,0.05579919121187678,0.1303268714870612,0.04948751850483055,0.15598033192443644
-9.577634636243016e-05,-0.00021864984289706086,-0.0003146158363436253,-0.000337801034062445,0.001043454583880648,0.002154273122012376,0.0025432060569506414,0.005172220405847359,0.05455222517404905,0.07847751056200666,0.10940137586406853,0.0073513876483210505
-8.313212392294371e-05,-0.0001932066871822286,-0.0002830940257633171,-0.0002868226693432984,0.001485389904016642,0.0029343580209540785,0.003761156059110994,0.005023452537981966,0.033834838853149765,0.07753946922633384,0.13418862456800204,-0.03710496122139978
-6.65042956237334e-05,-0.00016026284577682313,-0.00023897710046239724,-0.00023930703379758153,0.0018401757558254197,0.003654410260127013,0.005062229001072978,0.004479674571161407,0.03712233150860576,0.0664709786082531,0.1260259638243947,-0.071650632142712
-4.689712730623828e-05,-0.00012044915825899633,-0.000183865130376062,-0.00019610847338184413,0.002081257907673605,0.004308327243438347,0.005960165016194066,0.0041600375119860734,0.011094098861031312,0.0643124180540138,0.05356123919982289,0.00772322030764544
-2.66891115590434e-05,-7.529508157540815e-05,-0.00012407157922591282,-0.00015175583664419425,0.001960345241765371,0.004722488093279289,0.005998545213835774,0.004710489835543903,-0.03527663204267818,0.018519751914174626,-0.045885199671481386,0.10236724440392048
-8.417974549522725e-06,-2.8429074217341892e-05,-6.808688794936083e-05,-9.902559705103223e-05,0.001693882160138764,0.004650713378333963,0.005198393041474623,0.005835558083088502,-0.018015984282643158,-0.03287469490323988,-0.1141452348007487,0.12264640510499919
7.518128946774008e-06,1.5467126434781047e-05,-2.014840346345644e-05,-3.556901921944753e-05,0.0014933385391205825,0.004128526752090625,0.004389303855706257,0.00685575748322844,-0.022092739920993157,-0.07156263034542779,-0.04767260235292445,0.08139347492298848
2.1056212196217526e-05,5.1564647182894064e-05,2.259955997365896e-05,3.4951100730475215e-05,0.0012142781107681209,0.0030909773975319787,0.004160288831716821,0.007248266506756108,-0.03371934574949918,-0.13594724056630134,0.0018695975550372113,-0.0028916702174550113
3.2102222785571226e-05,7.682258466176405e-05,6.449208403844456e-05,0.00010352288734414929,0.0009949240071026192,0.001960610098242018,0.004218215981240298,0.006466090815978708,-0.010151474983601153,-0.09012621929169076,0.009715832349658143,-0.15354346793802504
4.0319250308780984e-05,9.425289604949329e-05,0.00010529086211986468,0.00016011758502663048,0.0006484814975393324,0.0015254521793038303,0.003941539635043726,0.00485284872051753,-0.05913702692905619,0.003094635504053228,-0.06505110158897268,-0.1691049511542106
4.342931057965843e-05,0.00011041774621284095,0.0001389892296954535,0.0001985264164014606,-2.6469443363843787e-05,0.0017075178533657006,0.0027981338800740383,0.002828917554448494,-0.07585316125157905,0.03331849930832084,-0.1636300494049648,-0.23568128205959665
4.093804352554577e-05,0.00012743990928569426,0.00015836525696152415,0.00021673163120953587,-0.0004717839674586876,0.0016969147612049624,0.0010770715731400918,0.0008121254071665612,-0.0132097435673897,-0.035439117740468457,-0.18058241198182448,-0.1676771473967899
3.745666964332882e-05,0.0001407711507441835,0.00016200997424821217,0.00021589223622633447,-0.00022449080898470256,0.0009693335304928864,-0.0003481281158024877,-0.0009800044038068417,0.0626683752621867,-0.11007712840194675,-0.1044575258066914,-0.1907488147978907
3.909668867482805e-05,0.0001433528180045807,0.00015315728317608006,0.0001968184927555967,0.0005524946152845481,-0.0004530000784134467,-0.001422410098623935,-0.0028347442903407156,0.09272870959166342,-0.1743895933793199,-0.11039887075759805,-0.18019916250888407
4.686986642259556e-05,0.00013140042738977865,0.00013268311512744675,0.00016236541028066836,0.001002140934268955,-0.0019374780445469645,-0.0026724235111027276,-0.00405587220464495,-0.0027994457947820434,-0.12250599984738367,-0.13960381173816047,-0.06402642035196277
5.3507116797586266e-05,0.00010764468235611,9.935378501338396e-05,0.00012019024019242456,0.00032530914072918533,-0.0028136709621867655,-0.00399344251170983,-0.0043791618130038104,-0.1325669129131719,-0.05273258368057651,-0.12459998838325995,-0.0006315013198094355
4.9471083162094284e-05,7.690069052530134e-05,5.350174805608749e-05,7.614041681346669e-05,-0.0011325158678275817,-0.003335127403974966,-0.005176964879749465,-0.004430802862787763,-0.15899808879818145,-0.05155870467706361,-0.11210448522466718,-0.009696708636981077
3.119411530738823e-05,4.087007332782292e-05,-9.37415834824862e-07,2.992060669456944e-05,-0.0025228777031136287,-0.0038709960355207177,-0.005710867898433005,-0.004813159160991688,-0.119074278259028,-0.05561502163208673,0.005323881487959342,-0.06677455100380375
2.890844189536479e-06,-3.566036742731229e-08,-5.585862489675358e-05,-2.1549958386015276e-05,-0.003137776520456722,-0.004310150703529329,-0.005273373913952739,-0.0054809538551252555,-0.00390548520959072,-0.0322159119696355,0.08217491540809388,-0.0667843878229098
-2.683859314779576e-05,-4.4436921979230056e-05,-0.00010512850379876424,-7.9803595624404e-05,-0.0028081109470097254,-0.004570101618831219,-0.0045806018664493915,-0.006169773592552489,0.06983859989899005,-0.01977427109074245,0.05637949409257556,-0.07097955966253683
-5.038922981718896e-05,-8.936954230330699e-05,-0.00014991374460025176,-0.00014359554781429097,-0.0019020163868689155,-0.004416422445984168,-0.004376446293848113,-0.006588616845424905,0.11138031212917193,0.050510105660152654,-0.015548379572319998,-0.01278909091194641
-6.410005349672491e-05,-0.00013034889624992943,-0.00019507975781391532,-0.00020769240061909054,-0.0008401483490382744,-0.003779448343340322,-0.004656756348884598,-0.00623075371553501,0.10099329543695629,0.0768847148686165,-0.04051363143497691,0.08436171688992539
-6.950501505416921e-05,-0.00016394015079842565,-0.00024174171621152202,-0.0002640637136437778,-0.00024084396245058464,-0.0029388025663589206,-0.004675635330636741,-0.005043508889402438,0.018867581880581658,0.09124444052766376,0.03673783508454834,0.153087248336589
-7.208096107628961e-05,-0.00018802343454263627,-0.0002841938299637252,-0.00030692414583517947,-0.0002743452419734961,-0.001877854182483205,-0.0038147874198038974,-0.003528577548877897,-0.025567837785163944,0.12094523624747935,0.1354317470820204,0.14989901976831926
-7.623799111935267e-05,-0.00020156768532071634,-0.0003132641964600615,-0.00033445961714429054,-0.0005570607666391151,-0.0008309959731328091,-0.001999285879463359,-0.001978516712944317,-0.030975267147959867,0.08842640562259982,0.22766856098608726,0.16011314741839672
-8.26044481512207e-05,-0.00020594155289433328,-0.000322579767831898,-0.00034568510559220494,-0.0007162306397344928,-4.377754159057702e-05,0.00013617160509606227,-0.0002665809766385632,-0.0008587074711156606,0.06901728068584659,0.199422935925797,0.182273999842754
-8.847898409721798e-05,-0.00020181872143535006,-0.0003113949321415583,-0.00034013824785571325,-0.0004586765494649625,0.0008683438333872209,0.0021007955329718675,0.0013759525239369005,0.05236952552502172,0.11340699430971299,0.1935018496493641,0.14623270027233876
-8.908288758368506e-05,-0.00018735656642698546,-0.000282560338360558,-0.00031887972048493245,0.00033789585217154807,0.002024087168285698,0.003666123223228197,0.0028757529502192597,0.10694495480228039,0.1177416726699824,0.11956368840190182,0.15372738498413302
-7.917607918068626e-05,-0.00016049204095595188,-0.00024102689558168014,-0.00028248664020953635,0.001643465828428211,0.0033488179259210183,0.004640565332547376,0.004402863104859961,0.15416904044905216,0.14720447885708163,0.075324733461934,0.1516946459440071
-5.638170401792068e-05,-0.00012011289303674718,-0.0001913841254776589,-0.0002300091142638769,0.0029154092041249044,0.004727011657919923,0.005287988688256872,0.006092642084271928,0.10021963469028655,0.1284342675426993,0.0541599376799651,0.18626114993838622
-2.464052456526484e-05,-6.717715706503034e-05,-0.00013507621721785723,-0.00016057333118948145,0.003432826686406264,0.0058601355364234445,0.0059735929637034614,0.007794514530607165,0.0032638617659853097,0.09819050815800498,0.08296091740935282,0.15411333932866128
8.249101537434146e-06,-5.499561181227789e-06,-6.925743524724567e-05,-7.725325877800453e-05,0.0031450985341335332,0.0064753836403370684,0.007190163430418851,0.008869499951688219,-0.06080949222053139,0.024859112624719765,0.16035317593372514,0.060883744887549496
3.5185153470347754e-05,5.889870603807103e-05,1.0240721656461023e-05,1.450111480725671e-05,0.0022421118524491887,0.006404269803522694,0.008709467950322488,0.00948137476536403,-0.11978784411633753,-0.03908187998759452,0.14350772804700226,0.06149121784761252
5.260313787053179e-05,0.00012040675953249121,0.00010183811012783564,0.0001109822275994989,0.001241485027587618,0.0058973408953613415,0.009610009743952434,0.009814847793084409,-0.08033752085597662,-0.062303901644676,0.036600630678986806,0.00520338769646328
6.292100730928174e-05,0.0001763394136092493,0.00019590942001737732,0.00020893049912699263,0.0008220888601623716,0.005289189919990277,0.009204252233955903,0.009774806512414337,-0.0035417126290726575,-0.05932629342953691,-0.11775213267829313,-0.013211643830477515
7.176075250876794e-05,0.00022586185839448068,0.0002802854079624407,0.0003054664432810158,0.0009458601797348681,0.004615299037056,0.007670945355056772,0.009532382318390294,0.028295976543571966,-0.07545188315731852,-0.18890924310153287,-0.03527319497433096
8.337997800881932e-05,0.000267555989895083,0.0003476593555839094,0.00039707077210064125,0.0013779849202754085,0.003723527263064463,0.005803844169236964,0.008788483445534796,0.058128971564536114,-0.10290247164098901,-0.1845109940624288,-0.11350657959676852
9.93771884216595e-05,0.0003001732984776671,0.00039732025915953525,0.0004759178445682607,0.0018214571622926267,0.002799934453452358,0.00412833654588821,0.006980931047989099,0.030565476838907535,-0.08181609028143197,-0.15059053060732183,-0.24800389991237098
0.00011664021202807948,0.0003243807941121287,0.000432202031583833,0.0005313697981906391,0.0016311475589913709,0.0020415646734399584,0.002848017938971342,0.004109459676486576,-0.0686273974991587,-0.06985786572104793,-0.1054731907760518,-0.32629037438813363
0.00012878750566337846,0.0003420119229074447,0.00045548963397433907,0.0005555695372423358,0.0007983111680684253,0.0014846610856232493,0.001809502539129869,0.0007304881338527675,-0.09793988068543041,-0.041522851842293845,-0.10222988919224282,-0.34950393413862807
0.00013232895127810986,0.00035341678357964426,0.00046797608833839985,0.0005480792302616495,-9.002204512214673e-05,0.000796311048816659,0.0006877883336822877,-0.0022285495299900243,-0.079726761952684,-0.09614715551902422,-0.12211295189727342,-0.24230359862993028
0.00012840450821739608,0.0003557893398661724,0.000465453736193879,0.0005165202706890837,-0.0006948665670206093,-0.00032179979151103434,-0.0011922587625864622,-0.004083242384523141,-0.04124214242700852,-0.12747501254651444,-0.25389646735647653,-0.12863497227669302
0.00012019799260163004,0.0003442937379112196,0.00043982232989699463,0.00047114690377760644,-0.0009464365561325978,-0.0019773205994795206,-0.003934022496790407,-0.004991430997772309,-0.009071855395389183,-0.20362914904718277,-0.2944562794843124,-0.05300275037314056
0.0001093857079485727,0.0003150002254384885,0.000388174964867094,0.000418342799005352,-0.0012160203744788704,-0.003881381895066708,-0.006395450509189714,-0.005569389956678579,-0.044844908273865336,-0.17718311007025467,-0.197829322995549,-0.06258904140811355
9.428434099822715e-05,0.000268049069492364,0.00031707743855907396,0.00035812823275529755,-0.0018042530155902388,-0.005508849294158191,-0.0078240547524143,-0.006473523293332309,-0.07280161994840834,-0.14831036974804201,-0.08789152564936797,-0.11823762592263237
7.277656764725583e-05,0.00020725033150727847,0.00023779141904605242,0.00028640207961213893,-0.0024973016546040263,-0.006650898302858912,-0.008033149150190008,-0.007871707335299415,-0.06580810785434915,-0.08009943199210212,0.04607264609422623,-0.16139918247078872
4.556045409254676e-05,0.0001384974211306651,0.0001589035918984191,0.00020056938804491017,-0.0029459210563377875,-0.007099683772463761,-0.007744416279336658,-0.009294830978146337,-0.02391577249240312,-0.009657661928867634,0.01167392807644374,-0.12322554609859565
1.559486209778325e-05,6.917465010438745e-05,8.146085762575266e-05,0.00010267775266478699,-0.003047197342614914,-0.00676487043279177,-0.007744130575196627,-0.010283496097878299,0.0036605152369778016,0.07662032986326583,-0.011616787248437621,-0.07450747784779671
-1.2706567081406633e-05,5.647453133361095e-06,3.4214498039144e-06,-1.6513677743093163e-06,-0.002613088493223063,-0.0059405689614135,-0.007863750989171026,-0.01058232798994096,0.0831612546413924,0.08823996441238824,-0.012307295546441832,0.014741099435264526
-3.388567902284552e-05,-4.882662148938068e-05,-7.542693737426665e-05,-0.00010517083056005896,-0.001622733895064714,-0.004954245963134854,-0.007905926446465185,-0.010121564567208967,0.11490966499027738,0.10902463524334094,0.0038722040876097985,0.07741158511113416
-4.652173700132092e-05,-9.322964624757971e-05,-0.00015261019121583453,-0.0002011742131766352,-0.0009044777006303656,-0.003926358988504952,-0.007530724321848392,-0.009079111956106282,0.02874157389659232,0.09655275968263954,0.07116822083574892,0.13107893710940272
-5.5451581670671524e-05,-0.000129228948260283,-0.00022177298600322776,-0.00028431529156754793,-0.0008814912332397556,-0.003273501414035703,-0.006301834635630254,-0.007549103722076264,-0.024144280418470332,0.03401875521121023,0.1746097164078786,0.1749227096966009
-6.650842347200546e-05,-0.0001605709839279962,-0.0002754613668178917,-0.0003493352532161801,-0.001329877127027032,-0.0029949057195069384,-0.004435841527302537,-0.005454888607650174,-0.06553289833898496,0.021700383694542746,0.19858890525766482,0.24392031318861712
-8.107154076764943e-05,-0.0001885970260681542,-0.00031106168540280256,-0.00039088063974664777,-0.001582746332101762,-0.0026103027085246644,-0.0026842221896796305,-0.0028541886984433597,0.01495905732403896,0.055220218501912055,0.1517349622669164,0.27621966865274566
-9.464925090066837e-05,-0.00021129157595538504,-0.00032944778061802884,-0.00040550207903134795,-0.0011327956945020256,-0.0019286072689215007,-0.0009929968533656265,-7.009915849667597e-05,0.07503107019590832,0.08111886941872071,0.18651010499588438,0.28059823933659106
-0.00010251841988504708,-0.00022493198328477618,-0.00032971042344190636,-0.0003934708675380612,-0.00044103810237371664,-0.0007994741969567292,0.0009404682885901224,0.0024763414571540303,0.06332044822975347,0.14470774497423355,0.2001829233952654,0.2286898837935502
-0.00010317835064333471,-0.0002239821297041744,-0.0003116238959263362,-0.000359565495770385,0.0003090519507161905,0.000989444913077089,0.0026768372145239143,0.004304732896381208,0.08669756238822796,0.21307607703253006,0.147090861791493,0.13698840405188545
-9.524470017006898e-05,-0.00020256958324531548,-0.00027801000400622957,-0.00031107656761332047,0.0012776781439369574,0.003293064378694693,0.004045941169497407,0.005393052735031695,0.10702767625592541,0.24764781609099068,0.12672992920320558,0.08067556367821188
-7.788927699737648e-05,-0.00015954666264725043,-0.00023119159780186872,-0.00025380573683501755,0.0021934064906015418,0.005311519740918317,0.005317740071374763,0.006061113420628888,0.07611799307699146,0.156043256353734,0.12762985117226555,0.052936573441226875
-5.196679892391255e-05,-0.00010175502542519297,-0.00017115932670503346,-0.00019182925049049328,0.002991089124091244,0.006246807703493175,0.006688714147992287,0.006334183848275966,0.08341853362094892,0.031014336161237555,0.1465649641512392,0.0016775120881886152
-1.9177367452721526e-05,-3.9575330287204636e-05,-9.816838722999877e-05,-0.00012811369264032006,0.003566797170146961,0.00618913132410449,0.00790947374701465,0.006408927721758678,0.03172307559019455,-0.042549612038974505,0.09758695565323339,0.013271262608353818
1.5502581076116143e-05,2.095308268811974e-05,-1.7518321506515455e-05,-6.32149287115124e-05,0.003369192535620572,0.005916551270960385,0.008220539397682013,0.0065708250640028505,-0.07124400249547241,-0.011966398589846439,-0.03537382551976065,0.01910820584048073
4.4775715875384305e-05,7.923584461163288e-05,5.897075795625288e-05,5.541620429412633e-06,0.0024854344242330613,0.005740001113742243,0.0070772764948716545,0.007180484764182156,-0.10550761978202966,-0.023343632853782104,-0.19327875504231096,0.10282373419538043
6.367701630790711e-05,0.00013334254581202378,0.00012115241049086026,8.16495452192958e-05,0.0012948256622715001,0.005081339126335937,0.005359054012049821,0.008041100193794478,-0.1326141326102826,-0.1083887646274791,-0.15036574152205584,0.06929935172708385
7.12825920827841e-05,0.000175633879059993,0.00016884354229933782,0.00016087020120198695,0.0002262894927038974,0.0033769275232579075,0.004179172349645691,0.0078030310027437525,-0.08109310130323794,-0.23249355598812688,-0.0856105909587701,-0.11691318993722882
7.152141208531464e-05,0.00019752688841170895,0.0002079508372929877,0.00023075648178272074,-0.00017852549219778987,0.001001674347085282,0.0036422866490842826,0.006174225113403007,0.00013010432290049,-0.2425570792463982,-0.021766549153511505,-0.20884798793092024
6.956228384321305e-05,0.00019894218022610568,0.00024261748958000868,0.00028081716829296907,-0.00021330015622252795,-0.0007186159842059361,0.003291043808319914,0.0038379121886466592,-0.0070850371278481095,-0.10150098701184546,-0.04848201899936222,-0.25841459702034925
6.68795279619175e-05,0.00019074907881320947,0.00026919232418725963,0.0003063758045826035,-0.00032325102003658056,-0.0009200042983733055,0.0020239231131302764,0.0012738150692802284,-0.014905135634962416,0.06122332417837156,-0.20494212003856527,-0.2544048268529369
6.335156601211406e-05,0.000185757253955253,0.00027786486980868375,0.0003070625836385316,-0.0003823413699241085,-7.836067321798784e-05,-0.00028941398884545395,-0.0011364592580946145,0.003087065657456825,0.10710540085269196,-0.25772530035658076,-0.22765003862203165
6.0824039703910094e-05,0.00018806627884517912,0.0002637714042632777,0.00028673237261195924,-0.00012316389171668484,0.0005401656512032118,-0.0025292791202357586,-0.0029295829472198547,0.04874842998402791,0.016599864031547965,-0.19024772592148015,-0.13097469920301635
6.186343941528842e-05,0.0001902121274610895,0.0002327563233140902,0.0002523645642820361,0.0003310438339923495,-0.00011099592802113738,-0.003673737069601741,-0.003943978718764768,0.04209311515777896,-0.14683217987641778,-0.03864386395171632,-0.07190445510596638
6.551551621942173e-05,0.00018140875753890995,0.00019545177201770494,0.00021000971985263243,0.00039937152683431243,-0.001649678056414772,-0.003787173189675309,-0.00452699016711597,-0.02842757658938637,-0.16090424580230916,0.015956639937002748,-0.04469783456427395
6.6751759960483e-05,0.00015881958095768228,0.00015923592804295702,0.00016367854966916706,-0.00015212277862205862,-0.0028681572598307607,-0.0034559956052742755,-0.004739243869577104,-0.08187128450188784,-0.08279159488088855,0.05027887694320393,0.0022470940720472066
6.029352782300031e-05,0.00012800080657394286,0.00012583167392141894,0.00011776965189156599,-0.0011395236488744792,-0.0032955976169171245,-0.003224855219033341,-0.004442535685943111,-0.11560888954859629,-0.002696476536384218,-0.004050799695017038,0.05709454265475128
4.4260710976190796e-05,9.460849001199006e-05,9.195938963399687e-05,7.590860250196258e-05,-0.002067039720487423,-0.003382865695473434,-0.003549601638451074,-0.0039296741919775694,-0.06989432477399248,-0.014757139174877698,-0.060898484188529556,0.045477756138357084
2.193192287579304e-05,6.152072608654737e-05,5.3867053076487844e-05,3.890661267102425e-05,-0.002398717899592128,-0.0032346870896151052,-0.004068865673050729,-0.0034707237742100964,0.0035586889530514337,0.044392860346543495,-0.042954322731401595,0.04631232741513752
-9.088223161463005e-08,3.0327430778272167e-05,1.2830340634457389e-05,6.744694046312314e-06,-0.0020058431218894055,-0.0030039719720399345,-0.004138476815355362,-0.002961659950732291,0.07501626658749307,0.0017501631684906926,0.029032094270475206,0.05550043728042359
-1.5662401411024422e-05,1.5589697929580696e-06,-2.5384663739832972e-05,-2.1609335446146164e-05,-0.0011084607139925525,-0.0027497202250228855,-0.0035045240595027094,-0.002709145947759404,0.1044602149918775,0.04910018623491913,0.0977584569000553,-0.004997636685846241
-2.320144833304365e-05,-2.4165950125129116e-05,-5.402274264431271e-05,-4.821067315195308e-05,-0.0003993486704112932,-0.002395263758594552,-0.0022230917213932376,-0.0026111215934019796,0.03736219372437434,0.02179110705074755,0.15852801072183903,0.02460250755733112
-2.6907506996577972e-05,-4.595511190441006e-05,-6.941400569292857e-05,-7.289855024922389e-05,-0.0003418630622955711,-0.001962568597261636,-0.0008551608883299348,-0.0023264538260521833,-0.025865072101229916,0.06474792521583567,0.11505815589082152,0.03233104591262809
-3.1572151863670926e-05,-6.0958817856502e-05,-7.476368928559987e-05,-9.312639734907234e-05,-0.0005910659111230197,-0.0010381725931567522,-0.00021477583020432472,-0.0017191155939175057,-0.023975497664259812,0.12013127560514109,0.013018855734300477,0.08913660051430744
-3.8046303903726885e-05,-6.607589984847361e-05,-7.704480728825005e-05,-0.00010483220893092023,-0.0007037644968881723,1.4756194762429158e-05,-0.0002414477703257099,-0.0006220467224520728,0.0014357805112292926,0.09045448197869518,-0.01835324375857751,0.13027717377877912
-4.372417863090448e-05,-6.187588817165376e-05,-7.956568341833814e-05,-0.00010598241624889579,-0.00043181044854734627,0.000825246140601541,-0.0002627274556919098,0.000392005258856961,0.05295502915693591,0.07164350718912718,0.014097306685337527,0.07253322248302763
-4.4274488153151585e-05,-5.195098552114471e-05,-7.922395865485215e-05,-9.854160841151448e-05,0.00032174854409792493,0.0011597343895002699,0.000331072408389108,0.001096156308619301,0.09775676937211832,-0.00474585740938141,0.10466266613086603,0.06829698746944035
-3.650757182008779e-05,-4.176298638629208e-05,-6.997747184972892e-05,-8.509699997479161e-05,0.0012316347225148343,0.0008778654374702558,0.001518224952635538,0.0015927653787252728,0.08422046631126355,-0.05162793299662141,0.13276784271842,0.031024826551754037
-2.1549439993843182e-05,-3.3974234923816996e-05,-5.028746482740425e-05,-6.788937245175324e-05,0.0017599916427340876,0.0006798848550247613,0.002419776451829397,0.0018487601258824022,0.021450917732587074,0.012031816507522525,0.047542457120351794,0.020174122879671852
-5.149394379218398e-06,-2.420465013770684e-05,-2.6059062149358707e-05,-4.757686552039185e-05,0.001520017480190869,0.0012740321021972698,0.0024259040837797115,0.0022137412603898754,-0.06944575024123074,0.10679763292697916,-0.04631693073028889,0.0528221040218228
5.275066595553657e-06,-7.211502260273022e-06,-4.565959347475219e-06,-2.3023241763059187e-05,0.0005648747147635418,0.002124597473289494,0.0018727164765969862,0.002696983491076657,-0.12158280284423471,0.06331544129146574,-0.06432059070625615,0.043826342115533434
7.850317916406814e-06,1.4662238039504816e-05,1.2008484250587328e-05,5.132060876375121e-06,-4.9824450592910385e-05,0.002250150586666073,0.0014421722430155233,0.0029340770368102057,-0.0013570302270557305,-0.03820481861614991,-0.02178825601003645,0.0035923670311763245
8.607768479991155e-06,3.435532717843664e-05,2.56393639829363e-05,3.1812880598068606e-05,0.00020131456330977861,0.0016884672411202912,0.0012840037034542707,0.0024020869075284915,0.051584833007593534,-0.0741318504930065,-0.009845451902214059,-0.10999039288751916
1.3573341568484885e-05,4.7655520423245246e-05,3.7531420785719145e-05,4.9945760739681695e-05,0.0007918000543889673,0.0009715714078414306,0.0010944076571022985,0.0012244891207941263,0.06651226520824421,-0.06924731616276561,-0.02807375736818038,-0.12552916445935386
2.2553209855037447e-05,5.4405672977043055e-05,4.7492977567644054e-05,5.6625107183626314e-05,0.0010041736029215449,0.0003784591029181311,0.0008979036992826831,0.00011138016799479766,-0.024037555501728702,-0.049375144821894285,-0.011227034195742697,-0.09709262610051184
3.0162078318107936e-05,5.727794250155788e-05,5.4900586641469804e-05,5.3446417413245756e-05,0.0005176000896925532,0.0001959948019848336,0.0005836181154824668,-0.0007471181220709095,-0.07327714714406963,0.01288228463523479,-0.051630082564300545,-0.0746070319126296
3.1494546413097874e-05,5.8888275487510445e-05,5.706413787830878e-05,4.478353542812994e-05,-0.00025110647069456554,0.00012607179520567958,-0.00015090786811467144,-0.0009854582749522533,-0.08046416493335412,-0.026866885991065598,-0.0952751141551271,0.026939001336360874
2.6651519185523423e-05,5.7354331358516716e-05,5.115982993527868e-05,3.595367929394262e-05,-0.0007174989748203245,-0.00043286062100442537,-0.0010299537204913486,-0.0007805129518852108,-0.012814335891797687,-0.08491959725095538,-0.08053405632020835,0.014050063277047636
1.939935161375729e-05,4.833544440190375e-05,3.827498983820594e-05,2.6864073589105047e-05,-0.000732934539532902,-0.0013709167703181682,-0.0015470142989231993,-0.0010374081890823041,0.009727222949282174,-0.10269163261179318,-0.0228780593661618,-0.06542911071646632
1.3295175245593841e-05,3.16605323333527e-05,2.216754306234276e-05,1.3870489849781797e-05,-0.0004879007340997878,-0.001964065643392042,-0.0016744750562494369,-0.0015613085587823459,0.03927953813734068,-0.015938142002981576,-0.002614092099085724,-0.03935096322354201
1.0220378847813496e-05,1.3287393479756141e-05,5.010685556802902e-06,-2.938595354703026e-06,-0.00012705854545628131,-0.0017105621273272695,-0.0017568964448585343,-0.0018005084821146188,0.03288889959136061,0.06663884521593608,-0.01387018562273376,-0.008489021442912553
1.0131475997025912e-05,1.0024027010483147e-07,-1.3224982671524456e-05,-2.0946102204347117e-05,0.00010927797529876454,-0.0009268685146029923,-0.0018902372008069378,-0.0018009928878141995,0.014378404559648554,0.09009987732891936,-0.012797965566946928,0.008392140302996426
1.0737583187881998e-05,-5.8185875071407135e-06,-3.0153774636957522e-05,-3.8200468091089476e-05,1.1943462872452665e-05,-0.0002568970408461167,-0.0014955211922796751,-0.0016498802895342723,-0.03384530704491093,0.043894417422455756,0.09174116727239948,0.02183037935298901
9.902397557238021e-06,-6.697293273316201e-06,-3.9726515322185205e-05,-5.350007928236198e-05,-0.00017898058900124803,8.115588761101932e-05,-0.0004190269447658611,-0.0014100419487202281,-0.004339503329829214,0.023716168268971452,0.12355768223036331,0.02613728880981983
8.465447219660753e-06,-4.457972774738977e-06,-3.830014167443485e-05,-6.53001107405008e-05,-0.00010840947851420555,0.0003667082121044255,0.0007043016743159326,-0.0009499643429075352,0.018453725427237708,0.033394296629709774,0.1011080415859954,0.06587823235271875
8.247442765506082e-06,1.0907923380899553e-06,-2.79845793819926e-05,-7.054696304064094e-05,6.48085876832713e-05,0.000743044810461361,0.0013588107841725166,-9.940611712049323e-05,0.016189887812257664,0.04187302304167734,0.029793780385321433,0.10423341280468965
9.173446176232193e-06,9.728835167468176e-06,-1.3926056869591722e-05,-6.720453392104816e-05,0.00012039209446195091,0.0009845637554142834,0.001452893718307659,0.0007678919410390483,-0.005073186456521744,0.0064307659489071245,-0.010977193558292964,0.06922619882721864
1.0633081918318359e-05,2.055089854483052e-05,-5.293784003708653e-07,-5.7412517578524424e-05,0.00017153505395528225,0.0011798489200581853,0.0012264419755365125,0.0011905113274656997,0.015301778355188013,0.03262626697987325,-0.034313154995936346,0.015297678458111641
1.3762554028444493e-05,3.3388225169942106e-05,1.0219530809596007e-05,-4.471299982691954e-05,0.00045435936806994463,0.0013876164049641318,0.0009233398664568618,0.0013493922228552768,0.04126308446774447,0.008927230001316067,-0.02630726681999379,0.01647850061980377
1.9588287203415838e-05,4.655908943977566e-05,1.912853481234403e-05,-2.9330017038326996e-05,0.0007107872669243244,0.001246556449002579,0.0008584609340927426,0.0017272043348632322,0.010022495303131478,-0.037139221193626615,0.013331480347169966,0.059083921781787285
2.6425972986618045e-05,5.6751385028212695e-05,2.9302643814156418e-05,-9.210768112941695e-06,0.0006567498897161171,0.0007919026686848279,0.001176360866269735,0.002296645450213828,-0.020829970744772934,-0.05379153486992361,0.050248506088228506,0.05480430128833186
3.2054298311537976e-05,6.22729073243844e-05,4.387280912353318e-05,1.5913798663591247e-05,0.0004689151752678691,0.00031240179054951243,0.0017376721956056168,0.0027282679050927607,-0.016736972144876662,-0.04210864075713949,0.06201375977894785,0.03152018968745468
3.491632509310196e-05,6.492431882996226e-05,6.326526880200713e-05,4.4753248439472835e-05,0.00010349018104492821,0.00021788051056606005,0.002140819740089173,0.003039622050083557,-0.05634802669971151,0.023204384760449018,0.018615749117763425,0.030750639310704597
3.383160503235605e-05,6.969059125144507e-05,8.540116600604884e-05,7.660454477089136e-05,-0.0003204341931941104,0.0007353739737305015,0.002286359700719169,0.003330637216200149,-0.02843684814809621,0.08029430787243927,0.010492243008235702,0.027452393912613726
3.075319107646304e-05,8.099293299265221e-05,0.0001083195534019319,0.00011133762674197198,-0.00029524859798449256,0.0015250943745109273,0.0022973177784574427,0.003615979178015975,0.03347396719001978,0.07764977228364592,-0.008300627460580912,0.029615998450551462
3.068532210557708e-05,9.84157975275278e-05,0.0001315224575775406,0.0001469118081659673,0.00028167480380730163,0.0019594785324641892,0.002343263056664298,0.0034988571067830904,0.08191071316833906,0.009227059307006485,0.01748968310195198,-0.05304041269712839
3.731019288136241e-05,0.00011744666448736227,0.00015551398977563472,0.00017787436180259432,0.0010432993513497643,0.0018466948595027058,0.002455043382954525,0.0026936536205423127,0.07041419634015347,-0.031783793899303164,0.004866382156093363,-0.10800028455102711
5.0267160218729084e-05,0.00013534935656055912,0.00017959588377445065,0.00020101722165271623,0.0015480941161235698,0.0017338435551366646,0.0023613354168086627,0.0019349183494820682,0.03054475661460762,0.009213533026094928,-0.023607975385265823,-0.04374676966102181
6.57983629607585e-05,0.00015397472979153097,0.00020081834069260752,0.00021819382365858485,0.0015581464322823144,0.0019912310910577056,0.0018831559668227112,0.001500402051691655,-0.028534293382858705,0.042263974158113254,-0.07202791461192448,-0.043156489897060835
7.874958719685126e-05,0.000175018646457923,0.00021631232909275047,0.0002313209562303799,0.0010320984149362364,0.002217552242220702,0.0012156417132058788,0.0011250244626673555,-0.07667531008635689,0.003000256074486035,-0.06147493611144195,-0.03191902790779905
8.493976354093837e-05,0.00019447640456849103,0.00022638092925791046,0.00024117608293870236,0.00020593685388118602,0.0016739993798929012,0.0007980783198261185,0.0008460008789971359,-0.08855700212465317,-0.11171082854004619,-0.022037742564510132,-0.023885688826244866
8.33733157137904e-05,0.00020358507357633534,0.00023404864615400285,0.00024777499611910943,-0.0005192264193107798,0.000147734421675962,0.0007354650593923606,0.00047378175708427857,-0.05647565251373998,-0.19354216310334163,0.009515090477758559,-0.0505581355563266
7.623015855006867e-05,0.0001970680071260557,0.0002394369726734138,0.0002492819735836097,-0.0009094050134335662,-0.0014511477117318922,0.00034220024448982977,-0.00017238626418422675,-0.021560066310817277,-0.12623426357822923,-0.08816805345826473,-0.07867546869737446
6.700231070248152e-05,0.00017890830070503675,0.00023608651440924268,0.00024231317144426533,-0.0009361645560838642,-0.002180793572471897,-0.0010122918973240558,-0.0012213741636846447,0.016208157780757654,-0.019694908569771713,-0.18273037490451238,-0.13112211120270917
5.869281747447159e-05,0.00015615762347314757,0.00021723008976700484,0.00022300125874374712,-0.0007257340895181209,-0.002369341873905938,-0.0027589930311235104,-0.0026410083764189973,0.02587793553239101,-0.01801475171703651,-0.16660985185537858,-0.15280473134416134
5.265142153947237e-05,0.00013105546368889892,0.00018150003187628971,0.00018966178610670573,-0.0004825450974817234,-0.0026510900829437916,-0.004387018547019515,-0.0040268861509892805,0.022759862874888487,-0.03833489009053423,-0.1589952513238223,-0.12437082356989532
4.817462617946176e-05,0.00010234386990570012,0.000132318861448817,0.0001421218142828915,-0.00041281397452039856,-0.003091228673695969,-0.0054492155384750305,-0.005481108213773563,-0.00881363828262352,-0.04969282805990119,-0.053444146967280726,-0.16647358898696124
4.273408700146446e-05,7.010730695835484e-05,7.647221222951281e-05,7.997474733793728e-05,-0.000675293861079062,-0.0033560839157730877,-0.005720114305385804,-0.0069483051752172835,-0.043682339029109174,-0.003278220355522582,-0.0007356064148741348,-0.1269658033017827
3.343162995935061e-05,3.559448800398439e-05,2.06692041334022e-05,6.3733371906064375e-06,-0.001185197547343707,-0.0035464798751010025,-0.005440487313836318,-0.007771976854248885,-0.058298398223819825,-0.03480097151006037,0.056661004724771424,-0.037768532504537544
1.9397151553295332e-05,-1.6331841971600476e-06,-3.149499154095656e-05,-7.01731181914635e-05,-0.001621698133867349,-0.0038990545651278858,-0.004992351821035435,-0.007537314222165101,-0.029001719080908595,-0.0357139664953163,0.032966093835405164,0.08470105892129437
2.24062611520179e-06,-4.126271973076792e-05,-7.938743564339068e-05,-0.0001383334835922561,-0.0018096069537513586,-0.004026852541593689,-0.004586136999451389,-0.006094758857993416,-0.008580044895893313,0.010154371202155649,0.048276870481403944,0.2038100139130426
-1.5012945262667691e-05,-7.9073134084533e-05,-0.0001239988288246627,-0.00018932787025219063,-0.0016411073218225384,-0.003535230329159325,-0.004336141636803017,-0.004104118473993492,0.042279971281657336,0.08817007128471713,0.0017222020482704492,0.19431806288694226
-2.8376869479956096e-05,-0.00010853636955157324,-0.00016580245423653163,-0.00022113771881408168,-0.001031677521635143,-0.002357416764248725,-0.004024583445570766,-0.0022578512383847173,0.07960598875582175,0.14739264169740293,0.06058943619817991,0.17493538423481275
-3.476013665884632e-05,-0.00012605981113046142,-0.0001997985673997775,-0.00023819366897261896,-0.0002449759141429018,-0.00114727155152891,-0.0027746391870784068,-0.001153338793322738,0.07773433274262648,0.09463640084656003,0.18939941550029193,0.04596710477758309
-3.373581146928492e-05,-0.00013178793568505533,-0.0002166809047243486,-0.0002475066622956231,0.0004498409520551814,1.64664061012669e-06,-0.0006018282778358138,-0.0007092598712780927,0.061229040496990156,0.1351472375812473,0.24516276634822665,0.042848679631345976
-2.6506794929881272e-05,-0.0001266103442859055,-0.00021187778234183042,-0.00025050836851257905,0.0009959623558255487,0.0010338716392198374,0.0015624527543394505,0.00010891862788690594,0.047995240257083294,0.07129776214069486,0.1876934400868262,0.12078702020165374
-1.4969228780714773e-05,-0.00011228976085509946,-0.00018865850188346428,-0.0002415270749121907,0.0013115508740077515,0.001830245046941373,0.0030814033373337767,0.0016873400921907662,0.015122463379357243,0.08797691940361227,0.11609667651203903,0.1948972726591183
-2.9318673303910926e-06,-8.906339368130056e-05,-0.0001533492061371794,-0.00021273318161433067,0.0010959214160569848,0.0028150283878184074,0.0039804558119232,0.004071438567381238,-0.058248354969510585,0.10897974877179464,0.06371381840584545,0.281922422378976
5.7805998578185015e-06,-5.64030837433824e-05,-0.00010945384365726171,-0.00015916108526974437,0.0006465720215849339,0.0037170335997652234,0.004798616684060337,0.0066429807015360234,-0.031621523924899586,0.07142129361756852,0.09991835602158217,0.2323860044519812
1.172753337554838e-05,-1.719534049700972e-05,-5.490484113250905e-05,-8.285264928633761e-05,0.0005428146819610419,0.004124515049509314,0.006111183820890196,0.008618706495145328,0.01087005600012117,0.010074996331249558,0.16259507134438955,0.16275915426987964
1.956357409318322e-05,2.51927304315842e-05,1.3668804157702835e-05,9.61345687555557e-06,0.0010243934615659256,0.00435309913620947,0.007603545237152181,0.00987451473723331,0.08544569992085557,0.03564182100878174,0.1358772119080074,0.08840249414771661
3.2628100197317355e-05,7.099083922410924e-05,9.520887459078096e-05,0.000110500286580075,0.0015885117592609017,0.004806522622295539,0.00870446884946344,0.010302851203670577,0.02737795961813963,0.055042876208431984,0.08430751055424457,-0.0027352008602632427
4.981015615239665e-05,0.00012175379278040623,0.00018527097216756473,0.00021420451945686124,0.0018478994317549574,0.00534606808896386,0.009307950665893315,0.010437995371686671,0.024499574880671532,0.0528662171252324,0.036388852731730204,0.029764034463482192
6.87867021463952e-05,0.0001780312779859409,0.00027788486633810986,0.0003183067028746995,0.0019474097670447526,0.005909428952143072,0.00921482816821571,0.010382441311880982,-0.004597507822712482,0.05980595551060999,-0.055013352267251125,-0.040874846424620026
8.9432813742772e-05,0.00023891321496770837,0.0003650604384833144,0.00041858789747966914,0.0021818125522306067,0.006266958444210422,0.008220286260825197,0.009673797609112949,0.05147806485988335,0.01169994290286,-0.14389502921085162,-0.10085389412898649
0.00011394573162140505,0.0003000842345466913,0.0004407224454180472,0.0005083473380132746,0.0027207710234960045,0.005967245471586167,0.00691211512612137,0.008278090497608151,0.0563136293931962,-0.07164253742771107,-0.11773919772991359,-0.17828752817197313
0.00014266315890654286,0.00035542882591085617,0.0005043488663844108,0.0005812384762497826,0.0030227144335315554,0.0051016728012468066,0.005813169067151341,0.006300137149693455,0.004075052613914026,-0.10147199664016107,-0.10205001406409231,-0.21730314141096607
0.00017031315665329603,0.0004006575848732127,0.0005565764579752492,0.0006338512944397558,0.0025072851158190784,0.003944078991224499,0.004632349251016348,0.004222426488301184,-0.10716091615640941,-0.13004676536430035,-0.1341139491629062,-0.1982389908674882
0.00018878336931406567,0.00043231981708390224,0.0005938077722610689,0.0006671081429590683,0.00118675741633485,0.0023883674509134097,0.002813913606147588,0.002428943215561315,-0.1569446237404363,-0.18109554269791764,-0.2295731798108458,-0.16045766368048553
0.00019243854302323875,0.00044598349988699524,0.0006100600943743746,0.0006826487925248909,-0.00045572267450023343,0.00034436910970519173,0.0004365508165135451,0.0006791866976031942,-0.17155139442658038,-0.22770412554372596,-0.24589937811596285,-0.18949363991113866
0.00018117469219094888,0.0004374119537846036,0.000601874236319498,0.000678203351929306,-0.00179704749195774,-0.0020586783301835177,-0.0020737224274888595,-0.0015682748167201784,-0.09671356906492093,-0.25290536243401585,-0.25615527068451804,-0.25999866295353585
0.00015965446551929367,0.00040523520564305087,0.0005689729439478674,0.0006485747705235803,-0.0025069978423733026,-0.004376671298127032,-0.00450653604683726,-0.004357441464424944,-0.045276501018191556,-0.21069323115468697,-0.2304074531851621,-0.29783466658741725
0.0001338050030053329,0.0003529160712520498,0.0005123988680841606,0.0005902963578594548,-0.0026628946604188514,-0.0060871555800731765,-0.006808279125904099,-0.00729824106840017,0.014097137409081778,-0.13140362523454185,-0.22994116262820574,-0.29032525420762795
0.00010808090828749504,0.00028703564025032275,0.00043324692283122233,0.0005044069311051618,-0.0024819242831487206,-0.007088930620272238,-0.009022109924683556,-0.009879644282458418,0.02209693804494442,-0.06895138280527058,-0.21282499712768566,-0.2259553886040218
8.429435667501346e-05,0.00021328462754978452,0.0003335679593007972,0.00039574472900309195,-0.002275386039347596,-0.007661271919835409,-0.010913682781401467,-0.011852796137955557,0.01921071071528055,-0.04551687710736352,-0.1654895742158966,-0.16867498249540608
6.225200086907582e-05,0.00013630484551174605,0.00021947850109333846,0.0002700988695370868,-0.0021330851218399325,-0.007734684487772281,-0.011904208860090285,-0.013276375755245477,0.009249472786252128,0.030834363519989028,-0.03261564152186702,-0.11604094096257805
4.0523048973851705e-05,6.0109959906445376e-05,0.00010173669085847219,0.0001342514402052229,-0.0022127052572048908,-0.0075042926332878545,-0.011644153186882972,-0.013893110111127295,-0.025173499859243803,0.01524400737689624,0.0846267761633297,-0.007305930213785616
1.6625720893109046e-05,-1.4451529208013685e-05,-9.320977849595496e-06,-2.1769887443475075e-06,-0.002566760358943641,-0.007408005189603959,-0.010567380554730567,-0.013392575678786791,-0.045637520488506195,0.004013481359882887,0.13072775026715133,0.10741281668188657
-1.0316375914847118e-05,-8.716647125420963e-05,-0.00010756401468513547,-0.0001279256105690705,-0.002821659002647591,-0.007134983219635229,-0.00908122681237743,-0.011757148686157803,-0.005342208252283848,0.05059091263386306,0.1665029982034758,0.21967258184391097
-3.764224702651995e-05,-0.00015411512919226656,-0.00019041450116756315,-0.0002343393449462229,-0.002643515219686975,-0.006254748367976156,-0.007488870484108104,-0.009525598189272677,0.040970964844407015,0.12545605769795176,0.1519682674503895,0.22663751753311429
-6.161499777511331e-05,-0.0002090733143000498,-0.000257853372491659,-0.0003184302220389529,-0.002151034930031699,-0.004736888653580492,-0.005998903780711063,-0.007292577229273325,0.0575250930866483,0.17811588518118104,0.1460250732290187,0.21996667446675616
-7.95551902920792e-05,-0.0002462315614971466,-0.00030987605197643043,-0.00037995310734678287,-0.0014370035733614795,-0.0026947607858388697,-0.004405632116243225,-0.00501199983229267,0.08528117824739559,0.23030968836714338,0.17262925966454912,0.23614880492937468
-8.85410934140458e-05,-0.0002628748106146874,-0.00034479400319045364,-0.00041879862742745874,-0.00036017705103184037,-0.0006338890376692964,-0.0025779581265614184,-0.002757104183842503,0.13008412621853224,0.18186466126677125,0.19290553827181212,0.21483032476065872
-8.565554636688636e-05,-0.0002619185041289272,-0.0003604501301780442,-0.00043633180008501255,0.0009372864604637284,0.0008251503348213366,-0.0005532672709566903,-0.0007495303476682579,0.1294085760805815,0.10994321323135536,0.21203263284913354,0.1866844424741903
-7.106984613049345e-05,-0.000248366836034448,-0.0003536025990570664,-0.00043436031836391505,0.0019798535868148547,0.0018851832840745032,0.0019227734951522508,0.0011438266918877577,0.07910484918964375,0.10206337661927795,0.2831755203726547,0.19198696543701282
-5.030800867039683e-05,-0.00022442932721954836,-0.00032093955109445627,-0.000412566618370115,0.0021725139052044687,0.0029023184789054297,0.004609836097369773,0.003214913306872253,-0.040572785511720916,0.10136366234690736,0.2542370000708496,0.22223035755988624
-3.1262324604381263e-05,-0.0001897545955068181,-0.0002652676549790956,-0.0003679182052703749,0.0016366229079986454,0.004032627863640621,0.006524543125702358,0.005714769313075761,-0.06660541392944377,0.12469821460013103,0.12870440559566743,0.27774084368081536
-1.782889229351019e-05,-0.00014428152084454597,-0.00019569507833481868,-0.0002975207489706662,0.0010500635541755695,0.005061987068813806,0.007389972203153028,0.008364721946865982,-0.05070645683517136,0.08117362643450593,0.044381409894466595,0.25224968307722867
-8.593934663669427e-06,-9.138337421458089e-05,-0.00011952691443803268,-0.00020395832145547228,0.000796927971792583,0.005517642257179211,0.007843660576204172,0.010347763556172803,7.93403585740704e-05,0.00995741123857502,0.04635626471576226,0.14435863878413563
1.3389039089131055e-06,-3.7263428034233754e-05,-3.8793483420465326e-05,-9.62201299566829e-05,0.0011896397427239235,0.005306346978890216,0.008303025627309299,0.01119987474358507,0.07846301382769402,-0.05221646689637388,0.04551674550526319,0.026063598698317925
1.7729319314585362e-05,1.4202693389647017e-05,4.467989388784406e-05,1.5305041976224695e-05,0.0020884433384105276,0.004986877305885939,0.008391649834352578,0.011105159642996448,0.10129770530962681,-0.011677467704481692,-0.027791904096607256,-0.045006618816042454
4.232961969621567e-05,6.482925250508272e-05,0.0001254425992941508,0.00012177993663525572,0.0028316167379155337,0.005138434517201201,0.007760891246908773,0.01018981928880976,0.0473369745913744,0.04198890996753407,-0.09835981339215372,-0.13806145202129488
7.11375540540633e-05,0.00011835275219234747,0.00019795376408372403,0.00021472061675705895,0.002929970133653991,0.0055662654202517465,0.006741341711005871,0.008398316735550884,-0.027666295443682903,0.04357727064257505,-0.10555009378842661,-0.2202390586304805
9.701623645350606e-05,0.00017426089728352445,0.00026070531889046115,0.0002874503477795149,0.0022457663462345616,0.0056153635979836495,0.005808969250341552,0.006147629468940305,-0.10917446204020301,-0.033757635096194394,-0.08092439834443721,-0.22989839469163514
0.00011392168471880998,0.00022637524221302878,0.00031440061148254613,0.0003379015098003899,0.0011353233068262217,0.0048075053879172176,0.004930089268075442,0.003942602935234691,-0.11291414584146495,-0.12781400691709205,-0.09485159810878474,-0.21110691204948767
0.00011998302075091494,0.0002649475668176102,0.0003573271344067729,0.0003679483956905122,7.694389959476944e-05,0.002906959532999062,0.003655215316769907,0.002066774242789772,-0.09876173560482551,-0.252295164066539,-0.1601231921523223,-0.16405882643949604
0.00011634189931482511,0.0002805730165407744,0.00038349968983021713,0.000383296359652954,-0.000805168186812734,0.00021813041163378042,0.001579295767918943,0.0010028185496985874,-0.07766068167667517,-0.2854706602065173,-0.2550607176178705,-0.04873231217874091
0.0001053101264903838,0.0002698048931632094,0.0003861569906922548,0.00038930604203266285,-0.00140118637807553,-0.0023717550871467756,-0.0010478355955114054,0.00019911792624318313,-0.04154295657588403,-0.23250643954959388,-0.27036555506819915,-0.11200781251233993
9.018582987123048e-05,0.00023711798557980474,0.00036295976163236145,0.0003852979806069831,-0.0016236729457551318,-0.004165626429534159,-0.0035916102164672684,-0.0010007302113791356,-0.0029543569600363195,-0.12626782892788274,-0.23838936912297348,-0.12796181501212378
7.277746632506408e-05,0.0001927340448234924,0.00031702905202168083,0.0003656442326411809,-0.0018579997634781487,-0.004711161721728309,-0.005594531705668855,-0.002930019381781306,-0.043911006584567036,0.01716077048905268,-0.16219492871734364,-0.2578960190683103
5.2551355663895733e-05,0.00014626255414728836,0.00025472877065515207,0.00032134494316875305,-0.0021872223687555204,-0.004583136413512498,-0.006865524567636898,-0.00592983851270426,-0.0219335144709073,0.008444291154109551,-0.09200364367626501,-0.3420678071162805
3.0022250262977196e-05,0.00010013081792232593,0.00018325889131209322,0.00024490676188574484,-0.002318598711428187,-0.004643210831479988,-0.007428451300974872,-0.009357797743897382,-0.004341754063626024,-0.020459174747607445,-0.020581702991329776,-0.3435240391223441
7.562900462534669e-06,5.200331373088754e-05,0.00010806545372956803,0.00013687442840562339,-0.0021732712486603185,-0.00498229000680769,-0.007610236215530168,-0.012248668952126911,0.03340724661719974,-0.04735666031793301,-0.01577527991972949,-0.2346502025235616
-1.2685482624033756e-05,8.306860605181468e-07,3.0097399960070942e-05,1.0046419978128805e-05,-0.0018764053686533668,-0.005252235527266189,-0.00798337453836925,-0.013116932733372005,0.025965929384190622,-0.006632443773766761,-0.05885238464808684,0.060997446274542955
-3.070051412100741e-05,-5.2165990945072214e-05,-5.2528979799671134e-05,-0.00011338146952440256,-0.001726600930741364,-0.005347099873851883,-0.008541901413579165,-0.011568645167134274,0.003994958198209941,-0.012340425543372169,-0.052852990393896127,0.24866006697300336
-4.9041755327730876e-05,-0.0001058641400536708,-0.0001382219472911861,-0.00021606608405018822,-0.001941647310603329,-0.005392529947867832,-0.008596692084723826,-0.00896827773802286,-0.047004234170602954,0.0032544107401824562,0.04189485616496369,0.2714134188492795
-7.100965574177323e-05,-0.0001595809888513324,-0.0002195730602434856,-0.00029339678160337,-0.0024519327722051414,-0.0053508398116644896,-0.0076735305057360785,-0.006497861772613495,-0.055052858149759576,0.00508361650048611,0.14273745963258588,0.2226697742325935
-9.603803530219658e-05,-0.0002113708352437895,-0.00028700418550872675,-0.00034971543645068387,-0.0025537431398795288,-0.0050071294668269295,-0.005812694547312151,-0.004765869196849281,0.034690784614882064,0.0636584524670259,0.22942973205219963,0.12372874092024932
-0.00011907756516314739,-0.0002557645358274518,-0.0003336469361945532,-0.00039050354220874,-0.0020541628323106327,-0.0038716106499055323,-0.0035158555898531373,-0.0033917519547619415,0.06522527689889712,0.1634453109172535,0.229938059439603,0.15109470749721854
-0.00013538142941215317,-0.0002851954978084264,-0.00035942194266728805,-0.0004175227461831225,-0.0012066100174905243,-0.002014581746289384,-0.0016391457046938329,-0.00201208884011456,0.10428528606512455,0.2079604698059761,0.1454039175922579,0.12483791543225775
-0.0001415436753170412,-0.0002951215272766145,-0.00036868534121836606,-0.000431419876551442,-2.5839163487079283e-05,2.9375852651766787e-05,-0.00021353400552176992,-0.0007673372335493429,0.13186888473556446,0.20083104998225404,0.1397184222421547,0.12411240588078565
-0.00013478535008153245,-0.00028593099610422004,-0.0003640061414843061,-0.00043338345000169093,0.0013775042105888269,0.0018087303818271208,0.0011493739523337633,0.0003746225434995555,0.14879979007961674,0.15503985585281677,0.13286316932895192,0.10427954952899404
-0.00011588225227047018,-0.0002618869983050018,-0.0003462262303136981,-0.00042408513560234396,0.002403115351623628,0.0030000691780165322,0.0024066082817878324,0.0014850403363698395,0.0563224381273435,0.08322790338506547,0.1185836965618619,0.11780400904506277
-9.110497009206617e-05,-0.0002281018859065193,-0.0003167854357226927,-0.0004013495864865525,0.002552341084057174,0.003756953301679966,0.0034815506364132475,0.0030620694867884574,-0.026477291640634282,0.0681489213476213,0.09640477436322109,0.1976018210386608
-6.820380402665406e-05,-0.0001882323425654441,-0.0002762052639825499,-0.00036187715529888067,0.0020278921290252465,0.004216955366535074,0.004634483711615313,0.004832416750745904,-0.07841249936575123,0.023851491623400167,0.1341818406771919,0.15646763175282857
-5.247035701638593e-05,-0.00014603702817522036,-0.00022455659040683008,-0.00030641758545168324,0.0011187972730283807,0.004222107511509673,0.005695251003528655,0.006259497218693581,-0.10340647183362195,-0.02282106262848027,0.07797161770547661,0.12894846183670677
-4.4713347453398223e-05,-0.00010616931990722162,-0.00016489704680160264,-0.00023884487346755834,0.00043260463956916006,0.0037514341420900738,0.006236657717516835,0.0072550451781314,-0.03383205485822216,-0.07131361125543967,0.03030972509215929,0.07016113005085706
-4.0956946592260636e-05,-7.180281674941295e-05,-0.00010347325656070637,-0.00016376783994226992,0.0003186755326583575,0.003121866489471661,0.0060481003306624165,0.0077603615269262825,0.011046233476061651,-0.054599919268242814,-0.06802120246304283,0.030902139708119336
-3.6472815604346124e-05,-4.1137374319672503e-05,-4.6611263731569045e-05,-8.644945981439488e-05,0.0005781506649245448,0.003011221996476428,0.005324298235165049,0.007703314498648726,0.04084879297717581,0.03247102066919616,-0.07673921663643074,-0.04231154536363074
-2.760676661195236e-05,-9.786891409092702e-06,3.1263262671608182e-06,-1.3957042091204198e-05,0.0011950591335542077,0.0032588745856395322,0.004623219764580923,0.006795169045989411,0.08253290074875677,0.017059497163424697,-0.06347647748039437,-0.1393175451682322
-1.2432554195437898e-05,2.4068711746838232e-05,4.738924872493631e-05,4.633521134819096e-05,0.0018397833497486849,0.0035122460455466547,0.004229364726974175,0.005263281641889621,0.04641194249013866,0.03361479481799978,-0.015294530040955323,-0.16705993565172578
6.579468232988583e-06,5.973874778472463e-05,8.889465664411326e-05,9.123334073894163e-05,0.0019626211359366113,0.003621761162030624,0.004071716856861217,0.0037163442362605137,-0.02184438525255336,-0.01171177152120595,-0.016235043981636277,-0.1423275454740957
2.397401682464151e-05,9.531902944422116e-05,0.000128245220141612,0.0001228367587805963,0.0015162885823939742,0.0034942951698686835,0.0037983958426385297,0.00260433937207042,-0.06742212545597406,-0.013781426911182115,-0.03842915886290116,-0.08007342736392303
3.59884254068059e-05,0.00012831351888137026,0.00016284721916673086,0.00014654349262861277,0.0008865931340389034,0.003104602717561136,0.003122003962385242,0.0021370073975328745,-0.058516964215040074,-0.06415706355032735,-0.09684921718775635,-0.013392967543586043
4.241713994993322e-05,0.00015476214030360635,0.00018919808738611203,0.00016746375950930716,0.00039914977458656005,0.0021851215668860806,0.002148169681490993,0.002047045978606004,-0.038971707675428596,-0.11973916658468375,-0.09791763899109346,-0.004599316241788054
4.418296995466974e-05,0.000168255439729259,0.00020555778386889453,0.00018894142035460738,-4.5983773639255126e-05,0.0005135383182444495,0.001123769615065506,0.00224848619045404,-0.05005500196973443,-0.21457748314364244,-0.10696237429400396,0.04488735861139531
4.168049007994887e-05,0.0001641887565076119,0.0002119887774913117,0.00021156071728549946,-0.0004545122013049189,-0.0013268749625738672,0.00016242910941792943,0.002275373195724375,-0.03165068356339831,-0.15350517302002087,-0.08530572683551135,-0.03950995755732839
3.554364023535392e-05,0.0001459359956017227,0.00020956628642952057,0.0002313448492616058,-0.0007728577676140722,-0.002323677218603973,-0.0006469273217761567,0.0016814531994968954,-0.032018429698432355,-0.045855278186000326,-0.07656555940330587,-0.07927404168816748
2.5333508883391985e-05,0.00012222505807405119,0.00019857661807466404,0.00024218651741568842,-0.0012691685027783144,-0.0024185102869303306,-0.0015510063491951482,0.000486880431319627,-0.06724371733441611,0.0268886645207288,-0.10425024608049246,-0.15964051194728618
9.876915596961392e-06,9.872464492011534e-05,0.00017848136909574396,0.000238992097295907,-0.001822150154507804,-0.002281572343856838,-0.0024680434465888692,-0.0011257644552759114,-0.04335261301148177,0.0004989240939697881,-0.0791571733982517,-0.1628884653718215
-8.049659667567943e-06,7.530368668494726e-05,0.00015080970070246205,0.00022035141973645241,-0.001763164898398063,-0.0024026193031767783,-0.003066290232067513,-0.002602371056615006,0.05514966423342996,-0.02470831595795786,-0.04049218369747706,-0.13243285489599738
-2.2713938258695748e-05,4.93310460694223e-05,0.00011824913805515536,0.0001880596765667832,-0.0011696908198274981,-0.002791908819928214,-0.003445822297393825,-0.0038559775773188377,0.06354515148068304,-0.05314958739232922,-0.035414229367785405,-0.11828844924476895
-3.212167747515993e-05,1.995042132182033e-05,8.17636368595617e-05,0.00014450298986947466,-0.000711857023465338,-0.003084216129592179,-0.003851277941724906,-0.0048553597621428714,0.028021607791748976,-0.005311874540463779,-0.04567689949843076,-0.08158798772003778
-3.9080881682908166e-05,-1.0553822980864733e-05,4.128921705333488e-05,9.341231119336907e-05,-0.0006799838180843096,-0.0030166327309448337,-0.00424360601952046,-0.0053627759730782475,-0.02164696671554331,0.018828554269932796,-0.03278871606068004,-0.019895254467037493
-4.8161848913913634e-05,-4.032126790999859e-05,-3.537714563732035e-06,3.963550056015389e-05,-0.001136209628116784,-0.002936856254881938,-0.004721780303892921,-0.005392586153564788,-0.0695981952909516,-0.0028732590573535832,-0.0628461408138122,0.013933218369729439
-6.21503600145816e-05,-6.974946022755572e-05,-5.3070214358000614e-05,-1.2505744643857002e-05,-0.0016614925920168098,-0.0029487822086294883,-0.005184719654960795,-0.00503566288723739,-0.03545839748905352,0.0004880683078435366,-0.029741729399762523,0.057451434895750164
-7.916258833565592e-05,-0.00010046155730303403,-0.00010336702620879492,-5.998081108513107e-05,-0.0017409530721980541,-0.0031936372064661736,-0.004874642715198066,-0.004459350401017423,0.019566301452804663,-0.04945906787518062,0.09175711735230832,0.057811062348243125
-9.45283827578469e-05,-0.00013348795525645554,-0.00014691723365379327,-0.00010270710091108879,-0.0013322058122401423,-0.003411642384218128,-0.0038353987738016055,-0.00408590756417412,0.06218315053877768,0.005858032324789764,0.11609167092698378,0.01687750502041746
-0.00010473728960938378,-0.00016594608817790894,-0.0001797836721404383,-0.0001422379914053275,-0.0007095755580672333,-0.0030799842000725523,-0.0027378889235273977,-0.00382027053467362,0.06234290029580411,0.06047360450432537,0.10341029912785774,0.03624990087968266
-0.00010953083585509192,-0.00019167327590195575,-0.0002042053839609201,-0.0001778801533237748,-0.00024913369107439407,-0.0020654533447368078,-0.002146453440568966,-0.0033081618490158403,0.029745473102763736,0.14243256656282355,0.014876797463828612,0.06617183625187323
-0.00011086027877778999,-0.00020535329999548605,-0.0002244518692974264,-0.00020750420891180424,-1.6754893465220194e-05,-0.0006705514739692524,-0.0019028436267322947,-0.0026166492685900486,0.01673028641907104,0.13654780759068752,0.03384516530350559,0.07213067983328508
-0.00011099919512128515,-0.00020633805943767625,-0.00023957087819051124,-0.00022889564790956428,-1.1028375233811874e-05,0.00047359958553121347,-0.0011209581518846702,-0.00166163853096196,-0.015584982772789375,0.09228240430940565,0.1225319296660193,0.11887146769233264
-0.00011140812937944711,-0.00019908372760930792,-0.00024421829716889,-0.00023834148850964567,-7.07584763985807e-05,0.000977266780142452,0.00019147435620891487,-0.00022752958905431853,0.0036389625398356093,0.008451034612842023,0.1399545719526977,0.16795032068919563
-0.00011046662821228542,-0.00018869111724547082,-0.0002355959008572969,-0.00023050191649823574,0.0002590587098309184,0.001101255292624968,0.0015330049061097095,0.0017954439913363054,0.062324474706064205,0.01634666788366118,0.12835153802746121,0.23664439538892917
-0.00010439695646598625,-0.00017590536113246585,-0.00021416760364798107,-0.00020158422439275016,0.0009548756394289155,0.001455895929976025,0.0027526545357534544,0.00398809442976081,0.07683891121353523,0.054581459586550196,0.11557838790128774,0.2018856922959717
-9.0909705861624e-05,-0.00015666413383941987,-0.00018167278180312025,-0.000154138053284257,0.0017425744814435354,0.002392349528633172,0.00374630983321871,0.005501139791937822,0.08070085718938877,0.13270926014487922,0.0831526715917634,0.10072338013943077
-7.02546690718491e-05,-0.00012556040282319568,-0.00013961423746854177,-9.582205585605052e-05,0.0023884328765114457,0.0038283966746116655,0.004665399033696986,0.006162059693703475,0.048470821824193294,0.15450016905081948,0.10066516850389176,0.03146060021369984
-4.613723289140737e-05,-8.085148778286112e-05,-8.854277134240596e-05,-3.207632307777278e-05,0.0024350543595768994,0.005113386333455249,0.005548894191530179,0.00658708686195207,-0.03914652521110254,0.10249776271789707,0.07603386306274681,0.05354483343601918
-2.4470166299390753e-05,-2.6796212408508133e-05,-2.9840090432723934e-05,3.4095646973442686e-05,0.0018983589588264234,0.005697668741415349,0.006191641990406226,0.006647307148291025,-0.06819255493899265,0.014358718874122822,0.052515696712462506,-0.04150077616822828
-7.114167019601627e-06,2.8103159311841136e-05,3.389405408453894e-05,9.863617928261517e-05,0.0015728408971314024,0.0052822056026545034,0.006555186913046348,0.006260799313543473,0.003088942599988459,-0.0974513466262919,0.020193287815561928,-0.03580079078128201
8.717042311930367e-06,7.588525079009961e-05,9.942982450793239e-05,0.00016031448762444402,0.0015934009691749964,0.0042742126929971895,0.006551967171632341,0.006074862354822295,0.0010230718087303192,-0.10414723530517084,-0.02083723609836327,-0.0013866009629535658
2.456611335790367e-05,0.00011380994150467551,0.0001611299489412713,0.00022201207865623243,0.0015764132400196637,0.003310725449917991,0.00578805771503544,0.006264655851535388,-0.00442061763979687,-0.08855021331066887,-0.13194465522101687,0.039345300305572206
3.95270987475572e-05,0.0001420092555952288,0.00021107151624847793,0.0002848606328169311,0.0014157838379110423,0.0023291373681926675,0.004200255746405886,0.006305054980604342,-0.027705262781927392,-0.10776740303439575,-0.18561573850489396,-0.031265474491781575
5.142787343003454e-05,0.00015995065735732893,0.0002442039917066061,0.00034284781154895566,0.000964371098584425,0.0012591429842273567,0.002426239345219753,0.005292380765800573,-0.06257728508339608,-0.10623147375866643,-0.16918754173233255,-0.17126936846897206
5.734707149702098e-05,0.00016738892593161437,0.0002614998330408669,0.0003850169432032135,0.000219468514812864,0.0002285107306297322,0.0010329289216324058,0.003141445565050999,-0.08640323167091613,-0.09989497696085847,-0.1094745429851369,-0.25891767168094276
5.5547510097416016e-05,0.00016486671975619416,0.00026682009859616804,0.00040224293637171907,-0.0005793807947338572,-0.0007329519657137755,3.112418942781826e-05,0.0003037530686501111,-0.0733666302384281,-0.09239756230784305,-0.09088640345578061,-0.30862082759923487
4.693388250053052e-05,0.00015385508723382379,0.000260780385132642,0.00039116204800325807,-0.0011433447246432427,-0.0014693745387602988,-0.0012390668821330288,-0.0025199307423423105,-0.039426155743449015,-0.054886952301461595,-0.16315181085638877,-0.2561159345992495
3.413833591906819e-05,0.00013577030163721993,0.0002390335631983356,0.00035492117064285706,-0.0014157645916492234,-0.0021475825805604715,-0.003110297504728246,-0.004728244729737891,-0.015057817657747136,-0.08075465605857299,-0.21109431366265466,-0.1855468628798666
1.9832748353044768e-05,0.00010992011813730006,0.00019749381198785814,0.00029915282666536605,-0.0014453529215554606,-0.003022454119423502,-0.005197652737367248,-0.006425424065760311,0.009140151676499703,-0.09421965171403304,-0.20637673286514577,-0.15388900432461733
6.517374074468091e-06,7.413692126376495e-05,0.0001378136117472742,0.00022840116180580095,-0.001217721934159875,-0.004134185255283521,-0.006738387310749539,-0.007724908906152711,0.03638604580261742,-0.12812657545797076,-0.10177018181131262,-0.10600796375386262
-5.0466448365358895e-06,2.6345287944381205e-05,6.648014778534108e-05,0.00014665574459421364,-0.0010950818480409213,-0.005424141408593227,-0.007528305481637086,-0.008624174536164752,-0.011858028578826646,-0.12986465520397042,-0.056213452366196764,-0.07384516224854548
-1.805236071667533e-05,-3.168984336030942e-05,-1.0889095954330983e-05,5.915610447300218e-05,-0.001506061327986967,-0.006182884852344897,-0.007945543266297327,-0.008875753488077542,-0.07033786741038248,-0.021884033546363674,-0.02723410456585132,0.023529371865987525
-3.706875323500675e-05,-9.264893921043113e-05,-9.061449600844799e-05,-2.8378322849587815e-05,-0.0022972171756793164,-0.006008934317679445,-0.007999536744526074,-0.008631131976440458,-0.08789330212808746,0.056674140479454155,0.016435408920102007,0.02539493046142932
-6.443847515379487e-05,-0.00015037980092273386,-0.00016850857677476404,-0.00011467289578306101,-0.0031767272080783088,-0.0055372380247811,-0.007579279408737136,-0.008627782610254183,-0.08800870435171101,0.037665118100214806,0.06761605823768566,-0.02472505722417412
-9.854495278011366e-05,-0.00020389613281273814,-0.0002401558536144952,-0.00019991598358419434,-0.003644568317185449,-0.005166028353219759,-0.0067501759592090965,-0.008420834949972483,-0.005559517469716974,0.036576816212053415,0.09820463166792218,0.06611458928051411
-0.00013212513382317634,-0.000253186627398225,-0.000302738798057683,-0.0002789658248477393,-0.0030714678914270863,-0.004692070563877609,-0.005766412929428468,-0.007389133302736511,0.12017960262138952,0.05821474165637655,0.09854797428820358,0.14022574016668027
-0.00015630369154635056,-0.00029716691498445536,-0.0003558986582091817,-0.00034424543958460615,-0.0017642436532077591,-0.004103986953368466,-0.0048655591008712725,-0.0056667896446368545,0.14126524502247592,0.059401980445451946,0.0816227914232355,0.20424299145325103
-0.0001668174566259771,-0.00033402431848006365,-0.00039948589815101904,-0.00039013643987927354,-0.00033850936271754574,-0.003267493745753192,-0.003851888887496194,-0.0035114104142966234,0.14388161307556677,0.1078966610776029,0.12111125125178021,0.22683285461479513
-0.0001651999912486254,-0.0003602144765792991,-0.00043172299889633305,-0.00041522823199971915,0.0006620024381878819,-0.0019705378740939,-0.0025955312615666077,-0.0015069480097924977,0.05622074710551875,0.15149451325425553,0.130160273934137,0.17405962628603006
-0.00015886851391696592,-0.0003714482687370768,-0.0004494882798106477,-0.0004224733707125293,0.0006042930281440153,-0.0002762205574616328,-0.0009575249212963204,5.792026723047054e-05,-0.06776262911429207,0.18736895007219792,0.19744099411992042,0.1389140291185636
-0.0001559827174037269,-0.0003660377633786027,-0.0004491796164853871,-0.0004159433449719786,-2.7133725496212083e-05,0.0013583216291564542,0.0010192575863484355,0.0012480848808796646,-0.05852272161375341,0.1395394872514195,0.19791550740903077,0.09911889361127521
-0.000157142419320579,-0.0003461903113370405,-0.0004297743240625251,-0.0003978612359525503,-0.000204806657874207,0.002611168779155985,0.0028618008982239703,0.002368336923005995,0.022988135138154425,0.11102994274848668,0.17059315496607616,0.12493151481399092
-0.00015550146826367176,-0.0003165901496630483,-0.00039457834604537023,-0.0003674129127691284,0.0005329968692556543,0.003308863555642452,0.004177394705207001,0.0037213277136783837,0.12457257028781785,0.02850901254880675,0.09252560643053001,0.14566664332048682
-0.00014320353575086533,-0.00028289210433567516,-0.00034971617823818135,-0.0003240398039039835,0.0019265896333056313,0.003430745509832172,0.004795038856230775,0.004953294059350597,0.15414598252217757,-0.004132621710862788,0.031003223774224792,0.10072662581395578
-0.00011855256520430912,-0.000248500729964827,-0.0003014470922224253,-0.00026975769574366496,0.0030036044760056112,0.0034475293643374608,0.004858778346920429,0.0059031275727131115,0.0612569860178184,0.007489392611920581,-0.018255325636294034,0.08924007685854715
-8.800662064099458e-05,-0.00021233606728533,-0.0002534877945793082,-0.00020805780770082177,0.003105584436657297,0.0037854031715619367,0.004733081181702993,0.006436850035855528,-0.04086099388748124,0.06008536883297458,-0.0068841074071932795,0.017504415769936138
-6.178000320244811e-05,-0.00017178366925422304,-0.00020633557867935192,-0.0001431158566384212,0.0021397390510519976,0.004325076434659458,0.004697361998288265,0.006551540176624586,-0.15230808323357867,0.047849283786529834,-0.00025972927575221294,0.005433612383875491
-4.760417900420794e-05,-0.0001278079160813568,-0.00015804462968917882,-8.030071375246371e-05,0.0006954257885960356,0.004470074199913791,0.004960827799746355,0.006011488400566911,-0.1365545692576137,-0.018849730735663178,0.05295288956737029,-0.1134439675954105
-4.390864801095394e-05,-8.492529902840564e-05,-0.00010594395291583736,-2.5567406149510638e-05,4.3680410054764925e-05,0.004106449210676438,0.005459307554921937,0.004935173120023704,0.006205493549359564,-0.053875267111807484,0.04674306146774601,-0.10181908851323099
-4.1147311477349614e-05,-4.6691919386478384e-05,-5.1548215296699e-05,1.975512790992241e-05,0.0005085868966661,0.003540226717709014,0.005419839968905734,0.004129333691862905,0.08677580377290744,-0.05936923148167736,-0.0546365786709864,-0.05934879711892868
-3.2205847757019316e-05,-1.39036364538986e-05,-1.7085396169053151e-06,5.885642665636666e-05,0.0012797058473999596,0.0030174298688069433,0.004548095167053004,0.003690926057425945,0.06744798637386445,-0.045190138298736776,-0.11971238169955975,-0.028332729768463377
-1.6370561185872485e-05,1.375113986756049e-05,3.621630181144074e-05,9.497241691505616e-05,0.0018873514668294067,0.0025135253954848744,0.003036873118616208,0.003532271994311954,0.05408113751202498,-0.05559075636567698,-0.18253202798779936,-0.003398082854334822
3.405002173841602e-06,3.5955872089372814e-05,5.931690199935585e-05,0.00012821691041802703,0.00206776120511341,0.0019274210488775898,0.0015832469189668134,0.0031166267062822193,-0.01799918985522425,-0.06163011295577994,-0.10819321194207951,-0.07973097475161209
2.047475264216281e-05,5.3015451163389735e-05,7.07878153207922e-05,0.00015384939171361842,0.0013461888885508313,0.0014844947659257944,0.0007109357453204575,0.00200986955283606,-0.1263152734572915,-0.026955143634579154,-0.06626902278719168,-0.14162045593761982
2.7708577989273918e-05,6.479513002532898e-05,7.63342651794204e-05,0.00016690508350032703,0.00010057618087139014,0.0008714410064620549,0.0003983542264051833,0.0006012688045056618,-0.12280726807859677,-0.09565560825816874,0.0037527190041368452,-0.1400996937284598
2.3535064293876024e-05,6.928521683099799e-05,7.97283286294358e-05,0.00016684952178137437,-0.000935278919950969,2.6576354671746885e-05,0.00028045846359789643,-0.0006123811482961928,-0.08436375208587504,-0.07331732209989286,-0.027331871565594218,-0.10263029683191113
1.1750433444720905e-05,6.67786608353135e-05,7.9722633612223e-05,0.00015641722743441234,-0.0014216472498800549,-0.0005278875538086449,-0.0002815974670404576,-0.0014740777210962132,-0.012909913899942116,-0.03757545959618548,-0.08507931456207658,-0.06970901772809296
-1.3102131370098051e-06,5.7960772858171084e-05,7.27232739723463e-05,0.00013977162028592076,-0.0011904820664660877,-0.0012356900416198389,-0.0011182744609348817,-0.0018550437086021034,0.059142950582735554,-0.10398503796605334,-0.0822560842168082,-0.006484179773085075
-9.492261653779369e-06,4.202078805032895e-05,5.666073406910847e-05,0.00012167868239400084,-0.00044592763688782496,-0.0019523069199485874,-0.0020942335197126852,-0.0017635438697818802,0.08976793533291699,-0.03933833769969637,-0.11293572753875251,0.024784147537129708
-1.0852729741835419e-05,2.1347322185384878e-05,3.235140063375151e-05,0.00010555945303822705,0.00017383401927661502,-0.0021823862530402274,-0.002767633167358706,-0.001460302001372878,0.03418439589997099,-0.006677528918631645,-0.021744201990451642,0.03586422614467072
-9.36856844539856e-06,5.703917323059828e-07,4.988882876925347e-06,9.238022098690078e-05,0.0001229982400107568,-0.0019729998375755515,-0.002704870384006527,-0.0011755444088923745,-0.044351551753142635,0.04855481201156679,0.03429675866088751,0.021087292351429976
-1.0323790223215757e-05,-1.55779714323468e-05,-1.9803736168761777e-05,8.019606586821356e-05,-0.0003140425955741963,-0.0012566727953550049,-0.0022536534251308975,-0.0012612866148450708,-0.043056615363847986,0.0947105964325425,0.05594663311423835,-0.03823573354196924
-1.5201122944399963e-05,-2.4138117401996543e-05,-3.797618927956821e-05,6.395301728460553e-05,-0.0006614239486626449,-0.00045535639857494385,-0.0013808371970303894,-0.0019873231018765355,-0.026419655253841753,0.0655526829234697,0.11861661250586326,-0.10697156386432366
-2.1751333154134965e-05,-2.6792247768286685e-05,-4.6669596136025706e-05,4.0058037328443445e-05,-0.0006486180932843552,-7.546967468308473e-05,-0.0003578441742611094,-0.0027916728893558804,0.028980826329499706,0.010424661854902123,0.08598199204799271,-0.053898393631545305
-2.591389555911259e-05,-2.755001159074871e-05,-4.808550779984559e-05,1.2569319336071174e-05,-0.0001838943877111698,-7.608308980932047e-05,7.46618414971331e-05,-0.002706070709118573,0.06396391478513737,-0.010547344880149273,0.0005192111036557839,0.0710188296790068
-2.5604164810605065e-05,-2.8725230181962795e-05,-4.8928606892563165e-05,-7.835289817734934e-06,0.00024584053741267484,-0.00015896062843349628,-0.00024328166004064858,-0.0013748511216426483,0.021983070239631558,-0.006028162844685887,-0.06410791141121212,0.19522508781617814
-2.318645508571497e-05,-3.011539049060977e-05,-5.418071835736672e-05,-1.2871849085217371e-05,0.00023770140756534418,-0.00011907143329589854,-0.0008071406329200627,0.0003675392681461605,-0.02361089620909769,0.014006001872205437,-0.0486638831646707,0.1532529901415836
-2.177058767469666e-05,-3.1210247233227734e-05,-6.126760165878908e-05,-5.092378008872945e-06,4.5472074638317866e-05,-9.989991522769428e-05,-0.0006102360273644097,0.0011883549471227246,-0.014834970376307571,-0.010171698258564586,0.08804480427580132,0.01091014565372922
-2.160836489713559e-05,-3.2559837268402624e-05,-6.239273532248198e-05,4.829224531388413e-06,-1.3027519126103821e-05,-0.0001700180918072838,0.00038520929462583097,0.000795965560929547,0.0031350516234232347,-0.0038519370573533163,0.11104426012224682,-0.08938802289236475
-2.1460652081756116e-05,-3.412327993802626e-05,-5.478474989973405e-05,9.083022630357704e-06,4.2570082201998464e-05,-0.00014267044211744396,0.0011363877899237549,5.479405886431115e-05,0.007984468642197222,0.009321466995321284,0.03919143893733794,-0.058846277520682416
-2.0448752171408754e-05,-3.4752256819060323e-05,-4.431311994198197e-05,6.69312988455942e-06,0.00015980989986747403,1.687506591063187e-05,0.0009579382016266602,-0.0005327726080239679,0.015463494890897893,0.02258763461029388,-0.07488135659675686,-0.05866705585697339
-1.771968847545303e-05,-3.2758929078316167e-05,-3.88390530002962e-05,-4.5188918979152426e-07,0.0003860028393236706,0.0003817904822381996,0.00013687518671049402,-0.0008962312068462209,0.029775093000341424,0.05039544865521965,-0.08933124638647637,-0.014024663907477211
-1.243380201731859e-05,-2.6523410832189032e-05,-4.144397661449987e-05,-9.093446755141185e-06,0.0006711744523032176,0.0008653131669872275,-0.0006578599095512282,-0.0008320803062237112,0.02725922959556798,0.04630908829458592,-0.06961577286586808,0.026854844031979144
-4.327837058257993e-06,-1.733457214576596e-05,-4.9942635866595316e-05,-1.6145974737402496e-05,0.0009500185395089017,0.0009724545702973872,-0.0010418719408678608,-0.0005784252902285509,0.02850958784556884,-0.024880807632553972,-0.007186633397458439,0.02387615916705292
5.261726284441353e-06,-1.0277909338932024e-05,-5.879852411687443e-05,-2.074721437165176e-05,0.0009678941290309675,0.0004388779910693999,-0.0007293057091879614,-0.00034182263662130204,-0.024934469941155668,-0.08183450821304349,0.06969987973343832,0.02344437155439684
1.2596196119713327e-05,-9.915103534607966e-06,-6.307234851991059e-05,-2.2818231051970553e-05,0.0004989998380234273,-0.00036631683020458834,-0.00012545917141927013,-7.238069944245646e-05,-0.06884438826035238,-0.07920445604175415,0.051069427820299926,0.03044401588137227
1.4004831745547136e-05,-1.6214701585613977e-05,-6.177207456541628e-05,-2.3042914406756037e-05,-0.00021727271285666542,-0.0008936027799966139,0.0003855139623181315,2.744402848535961e-05,-0.07441012191566615,-0.026252733916650964,0.05112519892718041,-0.010479070295809058
8.257564111909737e-06,-2.4347429333769365e-05,-5.666355042030205e-05,-2.3642163328109834e-05,-0.0009321808138708144,-0.0007329427696344637,0.0006361908667047137,-0.00014729381275611905,-0.06857149828716363,0.05838473598908102,-0.0009898180498639914,-0.02446849795248667
-1.4898237557929158e-06,-2.875765596565367e-05,-5.1284053791378265e-05,-2.6609729342891232e-05,-0.0010172967596697162,-0.00014910255674239765,0.00043970845908004375,-0.00044621939020016057,0.051548309127383285,0.058383306589332176,-0.03830666347506999,-0.03531661753632163
-8.623326940954041e-06,-2.756579473842835e-05,-4.929976817240468e-05,-3.093958238276295e-05,-0.00040940387736250906,0.0003874748021874618,-4.285133528532609e-05,-0.00041975121777418275,0.07003026733405815,0.048932165196639704,-0.05820529539800398,0.0406102520215172
-8.881845827247984e-06,-2.1707093576701777e-05,-5.203761889233318e-05,-3.2169450931079745e-05,0.0003577001001037204,0.0007842654301578528,-0.0005047188087003741,0.0001737775081108235,0.08339052815918774,0.0304259603974385,-0.03416819928500561,0.07809549315548406
-2.4356772795437186e-06,-1.321127243688301e-05,-5.643689561045276e-05,-2.617427886173617e-05,0.0009315336094371325,0.0009148987978059009,-0.0003751365349235417,0.0010252569057578916,0.03137617370749468,-0.004299286867828878,0.06008465404037208,0.09220038637392955
7.4415191733785964e-06,-4.567836078225077e-06,-5.6047693434328025e-05,-1.2615070404211914e-05,0.0010439056811473305,0.0008137884739256857,0.0004529769701484881,0.0016865847857469593,-0.008901759365455064,-0.01592277790821417,0.10553804697403388,0.04006518962388397
1.7444509846587083e-05,3.4534892425252568e-06,-4.566907839539422e-05,6.338908837826097e-06,0.0009566924534943669,0.0007904765902243813,0.0016227460376382731,0.0021042110626606422,-0.008540886165137651,0.011260401167953293,0.1284157665239231,0.04346006575885261
2.6076302468335374e-05,1.2064468849118888e-05,-2.466889042309653e-05,2.8642632053472753e-05,0.0007696660708552914,0.0009317193310943451,0.0025772915568212647,0.0023565335804686892,-0.02886439036267746,0.016988147006039456,0.0624933373126752,0.007004437802756752
3.176179591477767e-05,2.23552009724332e-05,1.7366796148830037e-06,5.241191542570354e-05,0.00036743261843316807,0.001126427093568517,0.002703822450774643,0.002397323093977468,-0.05158230012174719,0.02195340548879493,-0.03718715852199955,0.001153464898999007
3.37050094080183e-05,3.645977958062069e-05,2.5911093753669412e-05,7.644309775600945e-05,2.1210080214957637e-05,0.001694488628068981,0.002131060376982638,0.002408913372083714,-0.017662207521894888,0.09165890141129784,-0.0773652562364015,0.0011645907222501972
3.449159106702899e-05,5.641697330768406e-05,4.434549916772147e-05,9.903983337944449e-05,0.00013610625158718093,0.0022969501173436928,0.0015558207058277733,0.0021104337526032927,0.04064144179633954,0.028833396443644466,-0.03768267799457142,-0.060860514618334444
3.955635065849925e-05,7.906644114617531e-05,5.875382382203683e-05,0.00011664495188841915,0.0008768456667068709,0.002232943450354558,0.0013258442250352995,0.0014105899491916405,0.10750644122759845,-0.04163472984147143,-0.008312618163923313,-0.079108246063996
5.282389916720481e-05,9.808545739273989e-05,7.166505770313148e-05,0.0001263861830588823,0.0017766640350342405,0.0015708597989583567,0.001256402551183631,0.0005376562849009884,0.07245723243787544,-0.09078200043776885,-0.005575716606410375,-0.09547848679413443
7.18086209661554e-05,0.00011023698045069813,8.379250718229708e-05,0.00012883751953626522,0.0020202803247558764,0.0008594448126332926,0.0011690873446494887,-4.7388989424403615e-05,-0.02373397449354825,-0.05150099682724396,-0.01188732470041809,-0.021530568070943973
8.879539182857582e-05,0.00011657944148801658,9.383675636183497e-05,0.00012786996157465266,0.0013770738477282079,0.00040904739483039624,0.0008397624912580881,-0.00014612260289810855,-0.10490732091198546,-0.038578486733335304,-0.05397764597786203,0.0017838453762029846
9.613575554921755e-05,0.00011855118802209378,9.826921636204639e-05,0.00012613555328449129,9.09988964001387e-05,-1.4698088014955622e-05,4.672950878419687e-05,-0.00020075905513416582,-0.15230766935362838,-0.046170609835735066,-0.1046289505169162,-0.01271113582341444
8.966859997342399e-05,0.00011597128190497154,9.537114847824613e-05,0.0001237270735347781,-0.0013844300115588505,-0.0005012831354094929,-0.0006263430855442498,-0.0002809368948084695,-0.14277811223816944,-0.051146399643172386,-0.02998556834877311,-0.003324432111446292
7.170342681458763e-05,0.00010919781978189656,8.906646334640067e-05,0.00011998085123771232,-0.002208604620208421,-0.0008534092892055031,-0.0006345939408248426,-0.0004683075646046892,-0.022056809491744656,-0.019278831116029654,0.028335397292654524,-0.03414970184779765
5.178655212502582e-05,9.939747891024798e-05,8.353101199782135e-05,0.00011291873385537029,-0.0017747703177039414,-0.0011066588851242135,-0.0004724963288910199,-0.0009441159118637164,0.10882366999264054,-0.03137108806771241,0.004084125094110019,-0.06101196760400778
4.110369818048742e-05,8.681864394237415e-05,7.840204840380406e-05,0.0001007241603271051,-0.00036180047120373923,-0.0014091081084505522,-0.0005532963899124382,-0.0014947987937893213,0.1737702993073999,-0.029118756597555334,-0.020244137298393666,-0.049124608781113195
4.408631786927983e-05,7.385768551243765e-05,6.99237845403779e-05,8.456148150016265e-05,0.0009583244089622221,-0.001183083577536748,-0.0011423563827727954,-0.0017377369715991689,0.09025467672579235,0.07432366278031619,-0.09756786127367778,0.0005369732191436508
5.548353186875277e-05,6.536651347218256e-05,5.369767445729429e-05,6.61894240043824e-05,0.0013211183909323662,-0.0005151508305142694,-0.002102865633843925,-0.0019366745275568812,-0.017695880331763558,0.05926288662417953,-0.09453398894054815,-0.0403244844106861
6.655290314315771e-05,6.253184293436436e-05,2.992805743023049e-05,4.3888065747067605e-05,0.000892755863948621,-5.17832770493712e-05,-0.0026510577715688362,-0.0025235971239060775,-0.06797662506498547,0.033410624068800104,-0.015104438604434056,-0.07706003485915319
7.133198776490071e-05,6.132110826687091e-05,4.318140693437649e-06,1.5006537427868001e-05,6.306106039998005e-05,-0.0001903636564493188,-0.0024709255757897316,-0.0032527085399338433,-0.09796233564474272,-0.06112669994878962,0.05113087776025499,-0.06876224834639993
6.679962211704078e-05,5.593879063926711e-05,-1.688091949967181e-05,-1.948880891443771e-05,-0.000969534189971967,-0.0008860998690714414,-0.00176888646283216,-0.0036463607285272975,-0.10855671442964668,-0.07802054257563491,0.08927694483125931,-0.009968189372290881
5.33490928346471e-05,4.355157510822324e-05,-3.1063776986279506e-05,-5.2474857816832154e-05,-0.0017205716665067686,-0.0015913432371373322,-0.0010676850344893787,-0.002950849051951592,-0.04165078087731364,-0.06302813103754322,0.05096334083729698,0.14907052468743193
3.66403246751587e-05,2.477752094940001e-05,-3.9432980220143116e-05,-7.297131250252247e-05,-0.0016211819653909113,-0.002163467594627315,-0.0006061556122833435,-0.00114844188518647,0.0615287211004851,-0.0513967404604533,0.04134254360391004,0.21141090866559248
2.4153322835514968e-05,2.9665719919050753e-06,-4.536072239394502e-05,-7.481550203198244e-05,-0.0008762184025378355,-0.0021987221968716715,-0.0005793928224770378,0.0007796039792944752,0.08746399147013004,0.04434582001158195,-0.03598998564264891,0.17419826423059653
1.9356215933170323e-05,-1.6094598010908186e-05,-5.1579599850147623e-05,-6.015543781407217e-05,-8.32029779310933e-05,-0.0016135118036909814,-0.0006643826687634822,0.0021524088642875788,0.07113909345121841,0.07269625862455607,0.018992016385360022,0.10036271276802422
2.1232935816740745e-05,-2.774292903676307e-05,-5.601086564247573e-05,-3.647615224520866e-05,0.0004585469546451778,-0.0007161544014799957,-0.00022187048970213923,0.002583448249485122,0.0372108930640358,0.10677522181764106,0.06951041942690858,-0.014154835728515502
2.640941041810831e-05,-2.8210580678267825e-05,-5.3978714898972734e-05,-1.4256012515030852e-05,0.000576747965628335,0.000622624073179045,0.0006283006384027387,0.0018605796965504404,-0.013570690867404367,0.16098047311416708,0.100523806194067,-0.13041887485842085
3.118204012249983e-05,-1.5730236841205502e-05,-4.389657973920807e-05,-1.1774896527829603e-06,0.0003777779752499697,0.0018734446942334196,0.001388126393550194,0.0007551248758991382,-0.02622330720826868,0.08918365109670784,0.051441344835424035,-0.09067208927183956
3.5189234734559974e-05,5.555948771686429e-06,-2.8494226875720117e-05,1.5511348308898803e-06,0.00042366094716205844,0.0023837924283449667,0.0016923441791473967,-0.00020939997916456993,0.03539990159068643,0.01288589572560156,0.009402212284016526,-0.10223288174090206
4.220967571857986e-05,2.895727311232785e-05,-1.1684597473817656e-05,-3.5233144215509826e-06,0.0009804272496419188,0.002296472439783317,0.0016695817012330957,-0.0008054898713236025,0.07595335890528565,-0.03034989343793154,-0.01395470786687672,-0.016985096690904464
5.446593615297141e-05,4.788782815593231e-05,3.2440385660378888e-06,-1.0003303140551709e-05,0.0014708248372363908,0.0014896385689375752,0.0013161455067380132,-0.0004905078724765427,0.022126158613608726,-0.1310168807312168,-0.056732531032139794,0.07998149646031642
6.794800407069939e-05,5.641071144399895e-05,1.2839730024544013e-05,-9.593673157991422e-06,0.0012255887463092064,0.00021493808867575318,0.0006029927849632116,0.0005724338689886003,-0.07117337679904562,-0.12392321532114758,-0.08589801332282052,0.13260685183271215
7.479780357408765e-05,5.292322743183722e-05,1.4815037574276948e-05,2.3797542140632105e-07,0.00014437115436844567,-0.0009124348911080996,-0.00020793127501662477,0.0013938958468909485,-0.14507014158910653,-0.10155138063562297,-0.07628679867314675,0.03168554374775748
6.91647174199321e-05,3.919549963847595e-05,1.0080493747211988e-05,1.4368712501506583e-05,-0.0012709883851995563,-0.0018331106675641543,-0.0007389774903963672,0.0014322515691291037,-0.13800176632449385,-0.08258377465558797,-0.02992244440280173,-0.024014399300126416
5.1727053293531177e-05,1.7232328208492987e-05,2.133475068842496e-06,2.5077040293067084e-05,-0.002216544440080628,-0.0025595236184324387,-0.0008504262452775313,0.0007094139891829964,-0.05110944465172057,-0.06269881551806888,0.007632693426568915,-0.12055311668909505
2.9618849818979256e-05,-1.0133834482449e-05,-6.281741522595212e-06,2.5851798061766615e-05,-0.0022050962548297564,-0.002913708919755958,-0.0008326170730100102,-0.0005544624354430903,0.053399081701894946,-0.008138244746635048,-0.004070858973064695,-0.1322221682361223
1.160897003285548e-05,-3.786654431847604e-05,-1.7303223319339915e-05,1.5128054972233096e-05,-0.0013968797023949991,-0.002632833047449451,-0.0013716792863389304,-0.0015902861824636134,0.10824422878505652,0.06431341920793654,-0.10374158369271935,-0.07494258116798236
2.8114739759839573e-06,-5.999670225048287e-05,-3.558359177682588e-05,-2.7022731619813646e-06,-0.0003626195089793051,-0.0017931985389519143,-0.0022843944051582628,-0.0019757794443792795,0.09860780989808227,0.10361348249157076,-0.07880144007114709,-0.0021560712151508232
2.831285689673416e-06,-7.255565593032854e-05,-6.030591952396197e-05,-2.3857729576846638e-05,0.0003665818517171969,-0.0007185921970172197,-0.0026600711442689553,-0.002255311838593775,0.04723246224121813,0.11130778589536816,0.003666092249008601,-0.0537504076277483
7.990343953426399e-06,-7.553197684075857e-05,-8.469685293111028e-05,-4.8369093779454915e-05,0.0006652298010333998,0.0001233280149312134,-0.0022181155371607066,-0.0026469610019278804,0.01249712762202243,0.05707625649431847,0.08472502917264113,-0.024579425039072733
1.3622589445670397e-05,-7.412247210911456e-05,-0.00010178514997071376,-7.5296633688477e-05,0.00046121929741539983,0.00015857293139758902,-0.0011995438707599895,-0.0027385469798765355,-0.053299228345622424,-0.050027273201043346,0.1189893041075023,0.0062622294493417385
1.4777984615518571e-05,-7.548082471095834e-05,-0.00010787230591093016,-0.00010118366189344905,-0.00023014026344576508,-0.00043024345176634555,-1.7887317283290204e-05,-0.002438858661117876,-0.08497268382661055,-0.06773600343174356,0.11734200658783756,0.05367543430239019
8.812167695177699e-06,-8.239055613640855e-05,-0.00010466356017976389,-0.00012061854169753637,-0.0009630231206224094,-0.0009517028333236958,0.0006596364635165447,-0.001448117299699588,-0.06160388760871832,-0.03655587287972649,0.018162749572129433,0.14447283798126742
-2.601018063684508e-06,-9.178244928129906e-05,-9.956836098586177e-05,-0.00012940743993851048,-0.0013196140311500315,-0.0009266757956544076,0.00035940337526387797,-0.00030966234849523467,-0.009714294496806108,0.04156128041358413,-0.07820936722266278,0.08321815225960322
-1.4408443959394494e-05,-9.944978622883074e-05,-0.0001000213955974621,-0.0001277882654230694,-0.0010418711479919657,-0.0006067915938519281,-0.00045001029758394456,0.0006334972515834532,0.06526287112841928,0.02241555994691176,-0.08367336734690173,0.10541376775613434
-2.1393475206379817e-05,-0.0001054196803841816,-0.00010712634818482492,-0.00011645156345244909,-0.0003551351014050991,-0.0005871872372182437,-0.0009709802198886173,0.0016338431425406076,0.07208433818895404,-0.01849468862017488,-0.020520617114032802,0.09465541043529654
-2.2086973963957775e-05,-0.00011263664205192535,-0.00011522389826921742,-9.613021565989552e-05,0.00021643534988950762,-0.000856205096330506,-0.000648529796989884,0.0024304264159701063,0.04222975206996729,-0.03530888320227758,0.08501070169377944,0.06466124425060318
-1.9653494596322224e-05,-0.00012195033036873544,-0.00011589242975151615,-6.946788315006723e-05,0.00027026052363760255,-0.0010065325670315125,0.0005148235005301391,0.0029020400859955517,-0.03146471732034831,0.005243389062076262,0.1476599578102252,0.029661489754485876
-1.839603678929657e-05,-0.00012945076683972185,-0.00010435637422453102,-4.17339646277014e-05,-1.8768962232471552e-05,-0.0004935547271657689,0.001792387604866887,0.002644743618477614,-0.026341179853666512,0.09735217891107247,0.10785286305712435,-0.08112078325807345
-1.959273643666011e-05,-0.0001271039514745319,-8.220322456792636e-05,-2.0580953521484267e-05,-0.0002205709672402364,0.0009629178002037564,0.0026382423264540446,0.0015858586027658126,-0.014019221147886458,0.1939423265628326,0.06131808126030716,-0.1306562198842868
-2.0143124946172376e-05,-0.00010916070713091352,-5.455743183074281e-05,-9.59482389933527e-06,0.00011049326533778305,0.002625731068519922,0.0028909162209826656,0.000611367321663987,0.08023206766349034,0.1386203271004005,-0.010783302354582941,-0.0642420363360783
-1.4741120279126763e-05,-7.84861722966835e-05,-2.7567485624580136e-05,-5.1967499525750105e-06,0.0009699076680713396,0.0035091758983260813,0.0025070730202498693,0.00026824746768806476,0.09165081288322097,0.03806863886083134,-0.06598533779197632,-0.004381934459106146
-8.389458937817573e-07,-4.343267666906434e-05,-6.317501114311836e-06,-9.979678721950399e-07,0.0018105272089976616,0.0035015232271977514,0.0017429238818037907,0.0005715089483879295,0.07647309530204344,-0.0395991730864973,-0.08684448989723939,0.06503423059907908
1.9497906118190178e-05,-1.1890479959151795e-05,7.876069184786149e-06,8.196786184023838e-06,0.002256843193396726,0.0028069161147847585,0.0010957901780158064,0.001267441862855846,0.012790101577769442,-0.09932224939610124,-0.04258225086035747,0.07415235229450425
4.070636598837059e-05,1.0478894960713965e-05,1.824814409631353e-05,2.542508781639822e-05,0.0019848487806393565,0.0016669588691883928,0.0009786248042896698,0.0021782184636190307,-0.06718898412924329,-0.12866919972317192,0.019149176115130145,0.10800296785813267
5.572280018530313e-05,2.0497842470446744e-05,3.0243656992694326e-05,5.170335217317982e-05,0.0010184380587471508,0.00033683063275816334,0.0014204777749864895,0.0030774344077372892,-0.12609316024919787,-0.13735644756287396,0.06922141802423379,0.07184022096551902
5.895415377415774e-05,1.9588294606378202e-05,4.7304108328941364e-05,8.590551047836803e-05,-0.00037216734097622866,-0.0005187402055718718,0.001991612492262918,0.0037629972533003517,-0.15202791969547802,-0.03375772010313305,0.045005525431051935,0.06527234814709347
4.887614566059055e-05,1.4148434129032911e-05,6.849383620827841e-05,0.0001257381745154504,-0.0016434342817372098,-0.0005692318898971863,0.0022463330836044915,0.004203535554116121,-0.1022254684567182,0.023659383238070125,0.005938592837262752,0.022835312016060386
3.0510709846611688e-05,1.0908097105388903e-05,8.975921333370603e-05,0.00016673330861719987,-0.0020296528810585623,-7.883551483161525e-05,0.0020067423414810315,0.003995491266233774,0.024981748592447728,0.0744198917750441,-0.05385674126195475,-0.06444416959252965
1.466754247752214e-05,1.3792270641229826e-05,0.00010776809426754547,0.00020053829513492152,-0.0011389805927593465,0.0006556702219997999,0.001595033845286858,0.002765506037310555,0.15315270906739542,0.07248125559123891,-0.02848495797687997,-0.18155287619211424
1.1595625604291448e-05,2.3070458829015452e-05,0.00012210457756634194,0.00021826326262767122,0.0005245972181132082,0.0011999674155573257,0.0012722628144724362,0.0007794874612393854,0.1795628531071155,0.03637818312026625,-0.03606924818600435,-0.21565083902211968
2.4287500152316064e-05,3.6396434486839893e-05,0.00013353415337151976,0.00021747221876077693,0.0020137776914917155,0.0014652277160075626,0.0010136523465631275,-0.000937696234618243,0.11827324156858593,0.01667387696978112,-0.0156528453958574,-0.127785900149406
4.772888779424758e-05,5.123060886811279e-05,0.00014161143279839205,0.00020532698128075428,0.0026744998368945882,0.0015016071602470165,0.0006018035388113303,-0.0014913512613862877,0.013871187511988625,-0.009397988121890355,-0.06671691615450201,0.017054894795797082
7.104023338742435e-05,6.508894532172388e-05,0.00014346102602001286,0.00019275276105028185,0.0019877692817407643,0.0012700601304752007,-0.0002318848944871686,-0.0010234927847081975,-0.1512172985427534,-0.036911417832472815,-0.10002077050519778,0.07651680053982096
8.155577545531913e-05,7.401603170520348e-05,0.00013841378457820773,0.00018645727992633895,0.0001153391318381913,0.0005153571462207187,-0.000777563393873857,-0.0002356034400803821,-0.22326873143776121,-0.11402917901842358,-0.00911492937213991,0.08106106838574212
7.337854917311229e-05,7.311023807235245e-05,0.00013080733565702006,0.0001878110291222371,-0.0017507843882795594,-0.0006965158727909238,-0.0007437263903636764,0.0005063532792600092,-0.1499559725857889,-0.12834542478390493,0.01588233007417604,0.06733027548233614
5.126353059252035e-05,5.878789716553055e-05,0.00012470108099817782,0.00019519646960660197,-0.0026722193278388272,-0.0021679523085734557,-0.0004775245414047724,0.0009707348176129675,-0.034331015326064696,-0.16594186237260145,0.03735803971760475,0.02554603218825552
2.509835609741332e-05,3.1929490323763815e-05,0.00012112065241385213,0.00020536250250601518,-0.0025608155711825797,-0.003203729059779891,-0.00023856117546036616,0.0010624717622696748,0.05661176665731421,-0.04121348786868562,0.010434633471276503,-0.00719864325691405
3.535984433526937e-06,1.189343228678489e-06,0.00011866967156541704,0.0002152893593075416,-0.0017516587615946965,-0.0029443003592371743,-0.0002516349942266507,0.000922899598035611,0.10521959526026242,0.09309922797722892,-0.01304939722453341,-0.020715789589898725
-8.343401107165694e-06,-2.0940200085005082e-05,0.00011363280402963374,0.00022207598913703087,-0.0006242183465438294,-0.0014816083034995403,-0.0007557385129300108,0.00043442636786224134,0.120268487749911,0.19943918317029785,-0.0877713065161386,-0.0769788564447752
-7.677574328908353e-06,-2.689944562751243e-05,0.0001025777085508363,0.00022119928822986667,0.0007573837021952973,0.00028975919499807054,-0.001455280582829478,-0.0006097665492950814,0.15605192199791434,0.1548343165292243,-0.052137107463754856,-0.13185972698668935
4.894775104634797e-06,-1.9054833708358905e-05,8.780554135836759e-05,0.00020728076706394522,0.001757086184513333,0.001279163188832635,-0.001499152855664263,-0.002173937683889209,0.043888574465692776,0.04304648223768856,0.04336265289679783,-0.18097449993213616
2.1950372547004485e-05,-5.924011910576157e-06,7.519134617745858e-05,0.00017789708952149817,0.0016540333039606048,0.0013470011707239148,-0.001023686180517538,-0.0037027978246002,-0.0644991505762384,-0.029478885859432563,0.051730682132547195,-0.12479752821006201
3.349437364759557e-05,5.087927846443521e-06,6.735360545449808e-05,0.00013799596620103882,0.0006547669161576129,0.0008553867806800205,-0.0005438619640745632,-0.004277426839491669,-0.13535412698436,-0.0688439921493463,0.04423416115604775,0.009871725231768214
3.3416260297442454e-05,9.142440342907599e-06,6.176395993433993e-05,9.809459877245505e-05,-0.0006703895861882366,-4.4484281387205e-05,-0.0005740671399570667,-0.003702846646225086,-0.1296771734848099,-0.1111302202640988,-0.050275196332548455,0.10504431342154835
2.152444321025799e-05,2.4981616647355633e-06,5.243737069290252e-05,6.882060381172201e-05,-0.0017079738312486563,-0.0012843714542472022,-0.0012912507083304146,-0.0021519523459215227,-0.07783967552727405,-0.13684721430790064,-0.09316151734212114,0.20513454663916436
3.2410468839761003e-06,-1.6781235761450673e-05,3.5630372321521944e-05,5.7928031274099757e-05,-0.001948705434007722,-0.0025715080309900444,-0.002070148965945701,-2.6562161602928028e-05,0.02969335497546094,-0.1205801010406678,-0.06261813418093615,0.21994349022455456
-1.3439690048982215e-05,-4.657128108903463e-05,1.4691162928070999e-05,6.473890808417866e-05,-0.0013874419525839415,-0.003386501034526747,-0.0021176929127444885,0.001388737523618708,0.08255934130929515,-0.042418499666672715,0.05310934482117863,0.06311644681977263
-2.397867988251916e-05,-7.986691862979589e-05,-2.7387564632184685e-06,8.057942381367913e-05,-0.0007203560141234474,-0.0032726264736255045,-0.0013682909655134048,0.0017793656222813861,0.05085784638280366,0.06519341184692123,0.0967710446250381,0.015009172912762991
-3.0178755161771844e-05,-0.00010708614280599206,-1.1436186361471145e-05,9.630690326426705e-05,-0.0005196590417270895,-0.0021712183616137298,-0.0003711950141371302,0.0013661302678361982,-0.010718451903532072,0.1550882105554337,0.1026481456502168,-0.09765624380180055
-3.528366096754318e-05,-0.00011922671543497781,-1.0244582755281235e-05,0.00010475503543197887,-0.0005013221194271771,-0.00025689616418341985,0.0006095157353751123,0.0003234961657061651,0.014385836363514537,0.22777622893062827,0.0934940042522317,-0.11087057662420607
-3.8266673169742614e-05,-0.00011102536258773419,4.9180114283191024e-09,0.00010420628831353658,-9.528032101271033e-05,0.0018971667336321447,0.0014403844179667986,-0.000433245589394623,0.06682252331937882,0.2030363506324846,0.07267973226610555,-0.040477774395951543
-3.513161457625478e-05,-8.400689705992638e-05,1.7640697219555003e-05,0.00010081795269509133,0.0007222920397102768,0.0035065263719294163,0.002086771423658538,-0.0002444215342944253,0.09669194882521859,0.11883557702696979,0.056597668872242296,0.07824258541599108
-2.318001207731464e-05,-4.571566773281698e-05,4.117191400664754e-05,0.00010342095811009705,0.0016680284600777513,0.004151719493492462,0.0026194719337599695,0.000765022617295568,0.09245533524827632,0.010203047285639366,0.049942433148044,0.12364624490200757
-3.336120481101145e-06,-5.3652280047337985e-06,7.020587952746542e-05,0.00011930038177850013,0.002300749859164948,0.003918368452124174,0.003187321170403608,0.002410862116385049,0.034088944569163004,-0.05687325555929701,0.06362741418068366,0.20552165491588856
1.994767443001432e-05,2.992084208225123e-05,0.00010559736354507126,0.0001534641821423211,0.0023560091230581453,0.003138845565272833,0.0038909756331175598,0.004421897956379145,-0.02303709179052349,-0.0990313218109713,0.07710347836210671,0.19668551308293084
4.113720273749189e-05,5.802821609411013e-05,0.00014818533281154368,0.00020699799370433312,0.0018818965384373692,0.0024826292370989473,0.004626618220176925,0.006284864356023257,-0.07178542513363173,-0.032211943823805766,0.07002503904976634,0.17590776684589146
5.570176685191248e-05,8.347330108290349e-05,0.00019728985195260356,0.00027527613544641285,0.001031016284446749,0.002606387760659725,0.00519428560803505,0.007370763992392689,-0.0983906256644923,0.05696364853596125,0.04350843852185868,0.04127216042799489
6.155138363679585e-05,0.00011294363622270712,0.0002511265624943298,0.00034914305423640736,0.00013890707252992528,0.003287679267301002,0.005573056500310203,0.007402619765606216,-0.08003121671887242,0.0792946527922942,0.03224573993317195,-0.03490100578528946
6.151697905758377e-05,0.00014960066728072607,0.00030719135296645837,0.00041948970102629126,-0.00014578798837234228,0.004043726944302788,0.005639901594115506,0.006666709592370566,0.023092204538418912,0.07191488260806289,-0.018876721172111283,-0.11228102886184052
6.383189157356307e-05,0.00019223294009417405,0.0003616137291683199,0.00048078754414212783,0.0006087704915682027,0.004482727618386809,0.0052445736462568004,0.005592859030796748,0.12781949144969007,0.015885252208741374,-0.06018886839962986,-0.10248908345292287
7.668689662995057e-05,0.00023599291853068576,0.00040953610611530773,0.0005311068654183191,0.001962230519709298,0.004269268068915532,0.004339901743140766,0.004471005224441502,0.14287251417852898,-0.058577162102996905,-0.12074551222357702,-0.1218816778181264
0.00010073400460461171,0.00027436914578653714,0.00044730724814271745,0.0005693137790714165,0.0028471910752229292,0.003405977382254746,0.0032143266623411784,0.003170377506177988,0.034119596924197304,-0.11408097522916028,-0.10436950393634056,-0.1382438658345764
0.00012907213636877805,0.00030339940750851986,0.0004737621292042354,0.0005954721237881246,0.0028204352776103384,0.0024000749621417984,0.002076649549962409,0.0020612914371636246,-0.039470756446715494,-0.0870995087934292,-0.12316591853941342,-0.08357334796829627
0.0001525088922784506,0.00032465796365654855,0.0004886720383007254,0.000609849991947919,0.0018669159043241722,0.0018516362674639397,0.0009053322693356014,0.0008142821947952487,-0.15123311821051777,-0.022588230142142507,-0.11109753758594806,-0.16582850050537892
0.00016289127596598514,0.0003411620322871889,0.0004933220360413034,0.0006096292436527515,0.0002095608331827354,0.0014491774586641347,2.4667278779998245e-05,-0.0008584318538287425,-0.18023789601776957,-0.05790353161781847,-0.06503546052517256,-0.1687143092194193
0.00015792421360813182,0.00034981881565641557,0.0004900319819762753,0.0005924002812002869,-0.0012029733047533991,0.00028217921518119385,-0.0006826780917856277,-0.00258736063666418,-0.10226893156945732,-0.17549611707876972,-0.07643361358795264,-0.17707144734766825
0.0001425404207743238,0.0003433274121740835,0.0004776008814576664,0.0005587668750756095,-0.001873785262008204,-0.0015804599116476116,-0.0018035420119361474,-0.004139320588271307,-0.03189345988150366,-0.19703170828699135,-0.1477391704421513,-0.13332054297375714
0.00012362471982211025,0.00031840371901228784,0.00045067906827823024,0.0005119434936764458,-0.0019093549284345068,-0.0034042787207115167,-0.003580820623951088,-0.005225355691561422,0.024779526596243107,-0.16773205352578968,-0.20771655196083688,-0.08388647768426585
0.00010583466598732219,0.0002770364148274518,0.0004041740388686527,0.00045704994998494965,-0.0016486558385231049,-0.004869182116255696,-0.0057201852579644216,-0.005753353046737808,0.027360291386037294,-0.12524862558304617,-0.22015637484182976,-0.021712993351011373
8.919951917524239e-05,0.00022353305975451534,0.00033665772069004543,0.00039683645561140957,-0.0016783735238928565,-0.005831488898331591,-0.007783078377757029,-0.00628934582797021,-0.03330382845998764,-0.06721273083213275,-0.19242224911669187,-0.08548556289546896
7.107837432261357e-05,0.00016246040681195062,0.00025281443096540146,0.0003292348925770999,-0.0019458554466329071,-0.006383041690181354,-0.008985579567171765,-0.007230966778891727,-0.02019255608802245,-0.04309782753781988,-0.048077988766255186,-0.10283862728883461
5.041569230054863e-05,9.655349393863821e-05,0.00016406253728399613,0.00024974579379294235,-0.00218668095778008,-0.00679834088448113,-0.008764799169109301,-0.008666852977939779,-0.027972546141412147,-0.03996201132213539,0.09223406837874787,-0.18433861252077557
2.6874960635527844e-05,2.9643171295369816e-05,8.170509347200518e-05,0.00015593944858488624,-0.002521465375224077,-0.006583723644172548,-0.007706689593288888,-0.010094416063671443,-0.03898433734738732,0.08288545938385161,0.11938784678533493,-0.10117400462555734
7.215155083099541e-07,-3.013311068057054e-05,9.930547829422486e-06,5.2903993410927864e-05,-0.0027092236502195004,-0.005371532751015525,-0.006648219535227649,-0.010512674971120232,0.001432682348302683,0.1595527192475531,0.09230616482691273,0.017522223135799403
-2.4821963340481908e-05,-7.6061037787489e-05,-5.3672446689057925e-05,-4.755058508906101e-05,-0.0023994721195388716,-0.0038140526703681664,-0.006072379368468433,-0.00957824072887754,0.06051762378782305,0.15194329688191865,0.022861868524930495,0.16936462531273902
-4.418801891577727e-05,-0.00010882970500743924,-0.00011214511937133206,-0.0001333653540544118,-0.0014737389955202004,-0.0027396807736218805,-0.005622155167986394,-0.007584713064192618,0.12462900101591118,0.06293108246733847,0.06718297157147729,0.2293409076242454
-5.32941763094107e-05,-0.0001346624737862258,-0.00016362070644867227,-0.00019657174105596633,-0.0003474924832064868,-0.0024268729821354303,-0.004672962247481647,-0.005056564336118287,0.10062030144683154,-0.00036952417004842975,0.12265561252947205,0.27628883799062076
-5.380089140793039e-05,-0.0001587255337184397,-0.00020310913034035744,-0.0002331145095048389,0.00024614946350255,-0.002385739004307349,-0.0032247225308553854,-0.0022519893536562256,0.018108087894975824,0.00859631973566466,0.1669923307957803,0.2846261585017915
-5.305394803120546e-05,-0.00018116991147658053,-0.00022722868211179695,-0.0002428914430342008,-9.676078815756486e-05,-0.0021031365473208187,-0.0015991878234325161,0.00029660264778384434,-0.0866901382269988,0.047924171661641424,0.15811461068879357,0.22509224178622245
-5.821811056034783e-05,-0.00019759300176444127,-0.0002342693928179049,-0.00023061738574981836,-0.0009360717176709083,-0.0011814815102513293,0.0001910456822109281,0.0021582088090926453,-0.08117204767566989,0.13640683575225643,0.1999320904398953,0.14722899047553778
-6.993420565067224e-05,-0.00020105089463126087,-0.00022292192991429918,-0.0002038330995729434,-0.001407147300393975,0.0004899029368874092,0.0020784468985102127,0.003198648426282349,-0.01304306886894345,0.19787005367549126,0.1775481528199616,0.06085893296240291
-8.210678046534372e-05,-0.000186620497454432,-0.00019485290346679492,-0.00017023180818554083,-0.0010273676625403207,0.0023961764984783644,0.0035353583909906398,0.003521609851198163,0.08899899643967428,0.18338465864269982,0.11383414567612382,0.003733352020759917
-8.499292429367915e-05,-0.00015590512670082555,-0.00015564588474287504,-0.00013490109599584643,0.00045013889687323485,0.0037468976522429262,0.004306045353793336,0.003544532586740717,0.20650231544303682,0.08675957211021257,0.040303246884415556,0.0008511950877509444
-7.062578183157783e-05,-0.00011632166255192547,-0.00011299312738755421,-9.868369065524555e-05,0.0024232895955470304,0.004169795177537089,0.00422450611727083,0.003698948481379459,0.1881278242917223,-0.0021800670513800746,-0.056611094188916855,0.030031983839997445
-4.074907226129275e-05,-7.514033988455144e-05,-7.322087148946379e-05,-6.182797839007031e-05,0.003552052318509985,0.004066469355937717,0.003729945062347254,0.003672193971655589,0.03762472030086855,-0.018485097268494233,-0.04230111679579829,-0.03538288578477139
-6.424193171751824e-06,-3.5660008129653784e-05,-3.809316359883281e-05,-2.668364983361099e-05,0.0033129234993982,0.003829596995041814,0.003295596515778942,0.003356671739636276,-0.08545048412322548,-0.02888937491068644,-0.04456859251786405,-0.0277215606190912
1.9668744860156778e-05,-2.679533925600886e-07,-7.805235315515694e-06,3.900719029188561e-06,0.0019056641069835208,0.0032488139523769253,0.0027619891408844797,0.0027602020329236337,-0.19600139435971037,-0.08726723362229127,-0.06215288246102846,-0.09157238072343726
2.9312819259535357e-05,2.6261630816275997e-05,1.6012963960563317e-05,2.5848309834188546e-05,2.31507728921949e-05,0.0020571028893902918,0.002001650714331322,0.0016293161280763633,-0.1805012724585548,-0.1510749789750354,-0.08991480284960307,-0.1346048002460168
2.3059276662689785e-05,3.817072621171112e-05,3.165797368999889e-05,3.607420806257989e-05,-0.0012738592922613096,0.00032471618969673343,0.0011273512315557914,0.00041586351760190517,-0.07890074057214608,-0.19540236096367625,-0.08494509370550307,-0.10808572184887483
7.898900963609834e-06,3.301194089343437e-05,3.6981281226530436e-05,3.527627792459099e-05,-0.0017582158475546806,-0.0013564732533520839,-6.268972424948167e-05,-0.0005754495451996853,-0.017970570486528115,-0.1408355276460872,-0.15306309745555152,-0.09017689071144325
-7.779437963068495e-06,1.4191698877786853e-05,2.7423595002330437e-05,2.511447186492757e-05,-0.0013774519377809853,-0.00240757514977742,-0.001848847520590518,-0.001456911666732998,0.09412335244126718,-0.06938485163898,-0.20416846181265574,-0.08611553359521928
-1.6620808682199364e-05,-1.301124699072891e-05,-1.0481943650370646e-06,4.971436479306419e-06,-0.0003908222060451886,-0.0030330140239257317,-0.003845510352882983,-0.002571695410391232,0.10320259390589215,-0.055702923190682374,-0.19516410464583728,-0.13684121513642755
-1.6962640860017097e-05,-4.490945760369509e-05,-4.722174834515482e-05,-2.9228577023257123e-05,0.00032245577048164206,-0.0033466280986675042,-0.005389200443140568,-0.004268307290121476,0.03945300139947397,-0.007019891757672148,-0.11357391340567963,-0.2024811608096213
-1.4594493121198424e-05,-7.829252279660588e-05,-0.00010337428339207184,-8.299244196770567e-05,0.0001511737772820925,-0.003329984939914655,-0.005841306566242835,-0.0064844656987682325,-0.07370940003938388,0.010348523508242002,0.023152688785226194,-0.24075052091973004
-1.735192092855719e-05,-0.00011012450078989366,-0.00015943264119460906,-0.00015822879233037837,-0.0007026593387538454,-0.0030364106587429003,-0.00537036499426461,-0.008562804373766306,-0.0970572231678037,0.04836633272610891,0.07103562561041882,-0.17491721407988492
-2.924097790152706e-05,-0.00013938244630255715,-0.0002109970013412808,-0.0002486715365287074,-0.0016751520558401286,-0.002815178443789798,-0.004942507035069741,-0.009525744465899506,-0.09744132024945294,-0.004119889735488491,0.014535966228554853,-0.017670804346755054
-4.873856816588471e-05,-0.00016907647875073555,-0.0002612392345826385,-0.0003409728473323241,-0.002224365997031401,-0.0031236280458458816,-0.005105939613201798,-0.008934517694823825,-0.012401467988801498,-0.05757003067572819,-0.04722248185496619,0.13591615856189132
-7.036153210814978e-05,-0.00020282503164713712,-0.0003151894196947308,-0.0004224034462940531,-0.002100226791421613,-0.0036260825334344334,-0.005684097409216664,-0.007351602097521979,0.03722930911075907,-0.04292086684198215,-0.06840907734800711,0.1806669608984779
-8.873622748811458e-05,-0.00024151654550924742,-0.00037399409868973515,-0.00048678915222787435,-0.0015747122845713476,-0.0041122202389876255,-0.006076838389784205,-0.005525539089242271,0.067873592259294,-0.05430667426865632,-0.010139118765501054,0.1845456407574637
-0.00010216767160633485,-0.0002841881939245004,-0.0004328685455739273,-0.0005334626506686912,-0.0011115765390727057,-0.004422109444062975,-0.005698050987054222,-0.0038091605989210965,0.024753556840434357,-0.00767116674641366,0.08589659931149768,0.15873005730677114
-0.00011282332021972453,-0.0003266760642189157,-0.0004843919736077088,-0.0005659848949367046,-0.0010195531836052305,-0.0040754646148200785,-0.004606634619702083,-0.002695288254681577,-0.006348885746939328,0.07700013259499305,0.13238667415892996,0.06404441154113272
-0.00012368894326525578,-0.00036286342677304144,-0.0005229055779631048,-0.0005904089678819033,-0.0011535714255010193,-0.0031620078960050706,-0.003096086251377122,-0.0021895263343581642,-0.020454762632218446,0.1056912111680085,0.16972299950606223,0.037107972523549915
-0.00013531835064067762,-0.00038783029027055735,-0.0005466653273147657,-0.0006108092663907353,-0.001172310049583349,-0.0018313648034981116,-0.0016558636189550461,-0.0018905333674082523,0.016707037815752543,0.1604374073333833,0.11832152697835291,0.022690620866432476
-0.0001445331517155762,-0.0003980359854745331,-0.0005586663094078506,-0.0006292282319676952,-0.0006706501653963696,-0.00020977423729704207,-0.0007443327996619304,-0.001793259747983714,0.08362493902164332,0.16388070590683063,0.06398463688027023,-0.0032358969815248217
-0.00014663132954952004,-0.00039306280048485284,-0.0005649569037886309,-0.0006464903096963939,0.0002510145986076047,0.001204411235233098,-0.0005137860764941339,-0.001659155797756022,0.10070801377915155,0.11895638859919738,-0.017875292246710917,0.03005668702706321
-0.00013984940735765672,-0.0003773862476632731,-0.0005696090181553131,-0.0006607980862229589,0.0011053698397650595,0.001930899329082852,-0.0004166367968423069,-0.001202399507556983,0.07016303445233942,0.026341230170753405,0.03730514817707631,0.0612945710127446
-0.00012740905504025158,-0.0003604024090137283,-0.0005712025576999741,-0.0006683690231818626,0.0013827006237159668,0.001465868400826111,9.792888791009734e-05,-0.0003117878842237629,-0.01469687766215795,-0.11934741582210162,0.06560798877340454,0.11682775365389941
-0.00011525158084748418,-0.00035156396641232576,-0.0005669036885385422,-0.0006652040802324535,0.0010487942148375143,0.00030182011945439294,0.0007618449443762975,0.0009447764741055922,-0.05208440411353253,-0.11346224045224196,0.06717522251983546,0.1344851180119716
-0.00010924987315396466,-0.00035302179559151587,-0.000555626779028654,-0.0006495771917314713,0.00015154732386639012,-0.0005933859552924147,0.0014935369576013315,0.0021806012260908334,-0.1273649740806923,-0.06557897449711958,0.07916318012517135,0.11267983238507662
-0.00011300925109408769,-0.0003598222391033498,-0.0005377495306501159,-0.0006245862280045758,-0.0009034229118909969,-0.0007667027470743699,0.002081912718106295,0.0028175915192882677,-0.0836290730707851,0.030915616140728547,0.03851197197582132,0.014718226254410216
-0.0001242267189602636,-0.00036441649834789713,-0.0005168583811977892,-0.0005955410076408467,-0.0013400706613441846,-0.00015214910183509837,0.0020963171723590445,0.002991452553457555,-0.0037004768198524163,0.09199511290712575,-0.03563108112527144,0.020053980579447184
-0.00013513727804362495,-0.0003606572575964244,-0.0004992390485496641,-0.0005658200283951809,-0.0008420411553280865,0.0009039972521296441,0.0014275493572659653,0.0029527432956756032,0.10330637802307202,0.11923415788582276,-0.09812248189334441,-0.027795832135837473
-0.00013835634398484155,-0.0003480487505742205,-0.00048788640495687477,-0.0005391728514747388,0.00019822796708476734,0.0016177041523111352,0.0008429793612919084,0.0023766920884128245,0.10474744645949877,0.02350722215047546,-0.01879151730146697,-0.08741440931671829
-0.00013120832361352455,-0.00033266211168225747,-0.00047847618774772576,-0.000520519346152721,0.0012313761071786325,0.0014596236260814716,0.001039064080537892,0.0013540089759907414,0.10188218155927425,-0.055123327396408184,0.05800846115066369,-0.11712221316769833
-0.0001158872645497495,-0.0003207892739932481,-0.0004655712480149074,-0.0005126215241224427,0.0018328357055763787,0.0009149439117204025,0.00154192386602578,0.00022555543006490806,0.018409738120274965,-0.053812615475805625,0.042563495946913915,-0.10856849601746832
-9.921732087154458e-05,-0.00031179616399401735,-0.0004500420026914435,-0.0005127278342548393,0.0015011530300646039,0.0008836780881257481,0.0015639251986670055,-0.0002468174565442252,-0.0847462732226299,0.04755945075687473,-0.038163229418668815,0.014093918695641666
-8.842979316911622e-05,-0.0003003498839417961,-0.0004376747521828773,-0.0005129685315855521,0.0006563525104210685,0.0014055779223184997,0.0009095249030462346,0.0001986779904016658,-0.08421383070607719,0.0568205160816756,-0.09271682970548537,0.07500517069353653
-8.496388159566658e-05,-0.00028591701497765123,-0.00043217217363574574,-0.0005070000897973876,3.682980426885957e-05,0.0014809958705104755,0.00019099080638007267,0.000995010367231235,-0.0396907105243646,-0.04173692644328042,-0.05098998962774701,0.08426130467237729
-8.528965091842299e-05,-0.0002747791246168186,-0.0004313821557262489,-0.0004955325493099031,-0.00010198366882014232,0.0007465822016560496,-3.298722448070727e-05,0.0012984977302656537,0.01192801590656422,-0.10514580732760476,0.006194383455591021,-0.023563832065493548
-8.533101722412322e-05,-0.0002721778667330394,-0.00042936335570571097,-0.0004844332650204659,9.371040768009606e-05,-0.00022633062490021183,0.00043674722858829567,0.0009213591276217951,0.027210799393483455,-0.08943675798364753,0.08775250715820956,-0.05186388846327818
-8.430055363997821e-05,-0.0002769827094663846,-0.00042156380266176693,-0.00047830388550828016,0.00011238230914890629,-0.0007346379217688285,0.001123163380200512,0.0003045167748153524,-0.02347641909972141,-0.012224701390075796,0.049530723164233736,-0.07150458209801037
-8.430254452440844e-05,-0.0002823587937727871,-0.000410260987722105,-0.0004769670064307919,-0.0001127804860349519,-0.00034057893951166906,0.0011373996077318686,-3.714095931769875e-05,-0.021556139937050224,0.09103649784150768,-0.046683477657962436,0.003173035271400143
-8.615611912711864e-05,-0.0002818883699459492,-0.00040207326546203004,-0.00047633478396135376,-0.000257934434507089,0.00043466370487925133,0.0005001448442831284,0.00016358545320532646,-0.0074746497573771956,0.0640120310366764,-0.08076747503178561,0.0369722472332049
-8.856638757490153e-05,-0.0002747733931342348,-0.0003999866781890218,-0.0004730506861934319,-0.00022411925504948744,0.0009883316574636235,-8.282738968147529e-05,0.0004932341003790419,0.014237685648897498,0.04672155948019803,-0.035826971761135126,0.028957482201538196
-8.955002767092907e-05,-0.0002644199200678474,-0.0004005235635689188,-0.00046910011960343416,2.739123584397801e-05,0.001082362955813865,-2.4549686297932443e-05,0.00029687921762050875,0.03606441252979559,-0.027915299810149743,0.047482512437843696,-0.06822845875324483
-8.685606834185204e-05,-0.0002552689112868116,-0.00039864125325288945,-0.0004696182278549841,0.0005114006299714279,0.0007478388003932926,0.00040101174950380494,-0.000400500867930498,0.06073746629569438,-0.03898953127396475,0.037629774722503784,-0.07124755835695652
-7.933267202870382e-05,-0.0002491555239714253,-0.0003927238230803845,-0.0004760755424735286,0.0009932786326582164,0.0004748386626839633,0.0007824742849971875,-0.0008909620557784041,0.03563813424166334,-0.015610496267901106,0.03866273237617274,-0.026844679212624692
-6.837215459746051e-05,-0.00024311756814719856,-0.0003834483916126724,-0.00048508672785190063,0.0011988248535904453,0.000732752502161388,0.0010726120085452293,-0.0009112750198959974,0.0054711099447824554,0.06719326416338604,0.01936481233343562,0.022782086389106018
-5.687032895970641e-05,-0.00023147098748922465,-0.0003711638048667493,-0.0004912121213259463,0.001101540273960376,0.001596563629433394,0.0013843053406393925,-0.0003138036749131463,-0.02492802587079635,0.10556896129101513,0.042973854085397,0.09671218260746421
-4.7599690833278606e-05,-0.0002122592763306292,-0.00035563909973291,-0.0004881227646229601,0.0007525873513251844,0.002245778602285693,0.0017206356861284634,0.000931675015510391,-0.04486255865624194,0.02427403327944465,0.024292215012417184,0.15238355547724325
-4.1322867273222905e-05,-0.00019119316126353755,-0.0003380337777492199,-0.0004712417079542187,0.0005027773606859558,0.0019674444111326384,0.0018004287106095586,0.002444536318237894,-0.005099439471603802,-0.07994087151005556,-0.008333610116198154,0.15018870506825738
-3.720627108321674e-05,-0.00017570770171366427,-0.00032059370044445096,-0.00044048125390234126,0.00032054187731527667,0.0011296474988420186,0.0016875867503442306,0.003707554492137593,-0.03134765720253201,-0.0876185109480684,-0.014234781936867447,0.10241492971168237
-3.606022251965025e-05,-0.00016841179169640931,-0.0003024255790049773,-0.00039971840305398626,-9.133216460197871e-05,0.0003295345046089726,0.0019460375375504996,0.004445015677533408,-0.05102715118091906,-0.07240408789854079,0.06592493937812127,0.04507730736748056
-3.862563504921882e-05,-0.00016623138173040542,-0.0002794630931385293,-0.0003549696446684315,-0.00042175034131173536,0.00010654748859180536,0.0026464596357391006,0.004504735999577545,-0.015056484161032273,0.027806684695107345,0.07415948025959895,-0.03313324295865322
-4.2165259658215726e-05,-0.00016221052385697425,-0.0002507310091470762,-0.00031188209536309376,-0.0002861745804876454,0.0006976240860944305,0.003099957162551524,0.004112773861490003,0.04217163632585027,0.09040863480541768,0.016540025102885658,-0.04525918465885531
-4.228590688213711e-05,-0.00015030166799299567,-0.0002197910770235725,-0.00027408431041325365,0.00026204513570336925,0.0016841470867012842,0.003088029262149215,0.0034467831284780174,0.06747230691235265,0.10689596531595306,-0.018925605183347405,-0.08793896194354173
-3.566001550109354e-05,-0.00012866858599831202,-0.00018993809173989371,-0.00024306482921288556,0.0010631331405053443,0.0026424693122354464,0.0028825677945865406,0.002757113111595601,0.09274529404804235,0.08476847979087938,-0.022166688329187445,-0.04999504143294159
-2.099513185490924e-05,-9.933765382258035e-05,-0.00016203727122784977,-0.0002171229423865577,0.001869843588731516,0.003223717122910888,0.0026975963078222477,0.002431264253669973,0.06859679559719198,0.03148108234420892,-0.014827609023671084,-0.015174730152184013
-3.863008040548839e-07,-6.718201454609228e-05,-0.00013549779462486747,-0.00019352662117899986,0.002251922621439355,0.0032074107323867246,0.002610299012774212,0.002287999987841594,0.007819010944375787,-0.034742360449041595,-0.002631849985936019,-0.013478123013491772
2.0841373868434877e-05,-3.8324502791995004e-05,-0.00010905109624038961,-0.00017136522393347092,0.001993612313058598,0.002564091618432732,0.0026790406641213605,0.002144279461264193,-0.05948107262052718,-0.09392146234175698,0.016380180255365695,-0.015265982301988446
3.594042369313497e-05,-1.750293458271443e-05,-8.240199020459509e-05,-0.00014993454234371042,0.0010261976518814205,0.0016002220234233833,0.002650780543037543,0.002141856856687908,-0.13400185961490826,-0.0988524566601127,-0.02203220447212917,0.014781461386731476
3.9414110607573575e-05,-5.130787674057138e-06,-5.78291165640892e-05,-0.00012745403686344867,-0.0003314602689936997,0.0008742073583080752,0.0022637941850636345,0.0023542442393644416,-0.13752972456011578,-0.046350476362948936,-0.055365067122652545,0.02769601514857528
3.0897978677083004e-05,1.1394336766288341e-06,-3.8281278625749766e-05,-0.00010297458430618776,-0.0013717661171044147,0.0003798369118291193,0.001645773402604253,0.0025416462720877393,-0.07053144506202719,-0.05252361293284223,-0.06823908936922374,0.00978439139608428
1.68960714611045e-05,2.570982655620361e-06,-2.585462614709838e-05,-7.7493109070746e-05,-0.0014286153260912862,-9.352711603081396e-05,0.0008395570931260239,0.002554648775000613,0.05916160326465286,-0.04214919263914442,-0.09300417252642207,-0.007183890813509619
6.513551596219475e-06,-8.091257725674821e-07,-2.194875576415626e-05,-5.403788336190271e-05,-0.0006478886468857184,-0.0005824945696067546,-5.838301653760013e-05,0.002136396366768046,0.0969837325764607,-0.055644298076043694,-0.08658384940630273,-0.07646659083300372
4.809242959164471e-06,-7.667741282401405e-06,-2.5408215369348537e-05,-3.8848252736289773e-05,0.0003070269194747178,-0.0007892285323600299,-0.0006335089045008548,0.0009015297583545409,0.09399938069562652,0.014297505525388651,-0.028441328186348203,-0.1705067308496973
1.042680620441408e-05,-1.328616575435937e-05,-3.2318149590303365e-05,-3.8952084136379933e-05,0.0008164857295752039,-0.00033445636203156327,-0.0007484779396901111,-0.0009222960383725729,0.007892381324470704,0.07665692854030466,0.005447521148496948,-0.19425842849572544
1.836459010462673e-05,-1.3256589409198814e-05,-3.926852572690941e-05,-5.668361652720442e-05,0.0007710710504673262,0.0003403716310636744,-0.0006415972876310981,-0.002624010439792324,-0.016975317146046248,0.058308670078742866,0.015928609263305638,-0.14608445178822477
2.4800587624821862e-05,-7.540006060364698e-06,-4.56739663233445e-05,-8.767553386772346e-05,0.0005161284535717005,0.0008029450387031488,-0.0006394908316559191,-0.003574373028311483,-0.03401320223307888,0.034206011449152016,-0.015507318068269826,-0.043988065915607055
2.8511086530344605e-05,7.454162130048225e-07,-5.3736191759255205e-05,-0.0001244329119108413,0.00022597132753284806,0.0008541394159707551,-0.0009729542555262226,-0.0037771025803120875,-0.02401822297469161,-0.02396713599563076,-0.05118536670579088,0.003442155515486156
2.972654823820338e-05,5.5317467338878895e-06,-6.527873432340682e-05,-0.00016003580968823974,1.712101403890696e-05,0.00010312668820585834,-0.0013355542573040998,-0.0033434769751676,-0.017751839724096607,-0.12623540955734858,-0.02133463364978455,0.08328296551341136
2.9564776216561896e-05,9.81718624246097e-07,-7.938358163508529e-05,-0.00018925390698718838,-4.9475418367203806e-05,-0.0010131323101342168,-0.0014854152050315951,-0.0025001424846221292,0.0044325532428744555,-0.09701639011066646,-0.008637555895714522,0.08538393259568283
2.813584988197816e-05,-1.3011710526562052e-05,-9.384499261490639e-05,-0.0002095484250605776,-0.00023630984854954362,-0.0017855535200274127,-0.0014068669909326234,-0.0015587611300557145,-0.04179943927934242,-0.057467851867972736,0.02434719871550889,0.10289233831760008
2.3316835445164768e-05,-3.1878611163977874e-05,-0.00010567461801424542,-0.00021959253408727203,-0.0007274930388131346,-0.0019878266074557513,-0.0009590580889351826,-0.0004500606752831707,-0.056437198773375774,0.017013234382305037,0.06521458168397926,0.11884775263690867
1.408366546421938e-05,-4.935755158468663e-05,-0.00011079283897484627,-0.00021887441474044794,-0.0011191409573759429,-0.0015079614766860003,-6.45861031849874e-05,0.0005936845446479892,-0.021892384939185883,0.07895979177164517,0.11367981546605979,0.08990129134932329
3.284548920705574e-06,-5.982335228851784e-05,-0.00010718246962800472,-0.00020992975386024566,-0.0010406823513268181,-0.0005851986640802417,0.0007866599725532975,0.001195247631392466,0.03758410614901081,0.10559277074950654,0.05656939968159719,0.03041132599957211
-3.1078143680355205e-06,-5.8398770344496436e-05,-9.671931715569687e-05,-0.00019808097575120474,-0.0002377903064214006,0.0008701150528845229,0.0013059705219082723,0.0011745079904157173,0.12299430283207269,0.18546997264344636,0.047292710189397735,-0.03455925419492187
2.0890807798643106e-07,-4.224709001908402e-05,-8.177863794984767e-05,-0.00018837680456984426,0.0009011347956257911,0.00236022101219796,0.0016821653192615675,0.0007663262458563792,0.10479071757736563,0.11255121921924108,0.027946249281261326,-0.04707709471694574
