x1,x2,x3,x4,v1,v2,v3,v4,a1,a2,a3,a4
0.0,0.0,0.0,0.0,0.0,0.0,0.0,0.0,-0.11973384221394856,-0.1907496452331543,-0.12767065048217774,0.058393543958663946
-6.446494711842722e-06,-9.12536067795636e-06,-6.268504661681854e-06,1.1378715573365933e-06,-0.0012892989423685444,-0.001825072135591272,-0.0012537009323363708,0.00022757431146731868,-0.13812594625976032,-0.17426478188510008,-0.1230695359850964,-0.01287868166520021
-2.4593940251117166e-05,-3.387813299761332e-05,-2.2607129140792392e-05,1.3029652497296392e-06,-0.002340190165486344,-0.0031254823283401205,-0.002014023963485737,-0.00019455557298870947,-0.07205229836379962,-0.08581725666466955,-0.028995070244776877,-0.07154729522600542
-4.90867034038798e-05,-6.723134210372438e-05,-4.562039224072963e-05,-5.846401434952552e-06,-0.002558362465066182,-0.0035451594928820923,-0.0025886286565017106,-0.0012353177639477287,0.028417838447832022,0.0018818237562752138,-0.08592586835841776,-0.1366051429657984
-7.127665780236874e-05,-9.898274111337898e-05,-7.526875166620402e-05,-2.5687352873638807e-05,-0.0018796284146316074,-0.002805120309048827,-0.0033410432285931684,-0.002732872523789522,0.10732897163908289,0.14612601301037786,-0.06455704605987378,-0.1629058090025603
-8.396837602656522e-05,-0.00012081350695883014,-0.0001096142248870119,-6.0350683591775996e-05,-0.0006587152302076889,-0.0015610328600414042,-0.003528051415568407,-0.0041997936198379165,0.1368536652457008,0.10269147679110668,0.02715540866482613,-0.13047841020711864
-8.422428169980335e-05,-0.00013257096908061395,-0.00014163548125081663,-0.00010867577656859469,0.0006075340955600643,-0.0007904595643153574,-0.0028761998571925403,-0.005465224975525823,0.11639619990784983,0.05142318235410265,0.10321490301034719,-0.12260786093046255
-7.446806082722316e-05,-0.00013653459860622384,-0.00016655136794689623,-0.00016668469619577744,0.0013437100789559732,-2.266340806621322e-06,-0.00210697748202338,-0.006136558949910725,0.03083899677133195,0.10621546234764456,0.05062957202348495,-0.011658933946517902
-6.182400310630565e-05,-0.0001329082570448065,-0.00018683471361009875,-0.0002247848743330819,0.0011851014652275284,0.0007275346530900898,-0.0019496916506171246,-0.005483476677550168,-0.06256071951702091,0.03974473643169765,-0.01917240574223389,0.14227538841862925
-5.458791822155576e-05,-0.00012593571511448069,-0.0002070387727639232,-0.00026873946171575687,0.0002621155117224504,0.0006669737329750725,-0.002091120180147766,-0.003307440798984826,-0.12203647118399469,-0.05185692045470111,-0.009113300163894444,0.2929317872944392
-5.761235836745065e-05,-0.00012455606605898787,-0.00022577579971290744,-0.00028826431120216467,-0.0008670035409014278,-0.00039104392187651023,-0.0016562852096490797,-0.0005975290982967335,-0.10378733934078094,-0.15974661051561542,0.09608029426363174,0.24905055284317928
-6.964557969863573e-05,-0.00013560235563684248,-0.00023724300377355232,-0.00028329732368818016,-0.0015396407253355899,-0.0018182139936944106,-0.0006371556024798953,0.0015909266010936344,-0.030740097546051448,-0.12568740384796465,0.10774562717020514,0.18864058703489428
-8.502515315506404e-05,-0.00015683594645652153,-0.0002390355524891375,-0.00026144945478867766,-0.0015362739659500707,-0.002428504170241399,0.0002786458593628604,0.002778647178806866,0.03141344942315527,0.0036293685385670182,0.075414665198346,0.048903528507752037
-9.76610839938197e-05,-0.000177185279906708,-0.00023304883660607516,-0.00023313380270753556,-0.0009909122018010611,-0.0016413625197958968,0.0009186973172496069,0.0028844832374215527,0.0776589034066466,0.15379896155053338,0.05259562637900331,-0.027736316784814696
-0.00010337746437165189,-0.00018387469637694265,-0.00022161573150964977,-0.00020762088829505022,-0.00015236387376537665,0.00030347922574896764,0.0013679237020354706,0.0022180996450755154,0.0900507622004903,0.2351693875584395,0.03724965057816945,-0.10554040168439272
-9.896743104131926e-05,-0.000169887542727765,-0.00020662853446140952,-0.00019037735013328544,0.0010343705398319022,0.0024939515040865654,0.0016295157076125781,0.0012306079872774407,0.14729612051896548,0.20292506810907998,0.015068750537252068,-0.09195792987522222
-8.226972093664345e-05,-0.00013760854714778867,-0.00018820056096808074,-0.0001822291755820968,0.0023051714811032588,0.003961847611908699,0.002056078991053179,0.000399026922960287,0.10686406773530585,0.09065415345534675,0.07024390615086809,-0.07435828298820851
-5.532812454174863e-05,-9.65543984146054e-05,-0.0001635887979428636,-0.00017842308946212904,0.003083147797875706,0.004248982134727955,0.0028662736139902474,0.0003621903010332655,0.048731195619183626,-0.033227248891495614,0.09179501843654556,0.06699095860280421
-2.508562308238407e-05,-5.7870563021753703e-05,-0.00013193264792685222,-0.00016975989787290082,0.002965352493997205,0.003487784943842384,0.003464956389212029,0.0013704480168123773,-0.07229025639488376,-0.11901218928561855,0.027941536607810763,0.13466058455301816
-1.4359703082957009e-06,-2.882067060883908e-05,-9.720904869238451e-05,-0.00014750938316880556,0.001764578060820468,0.00232219353874054,0.003479763457681513,0.0030796549240066752,-0.1678646302404637,-0.11410609173475014,-0.024980122913913855,0.2071807968858414
7.708039866951759e-06,-1.0224471400499345e-05,-6.439091497802286e-05,-0.00010544070924990277,6.42239742290236e-05,0.0013970463029274066,0.003083863285190818,0.005334079859773885,-0.17220618707782517,-0.07092335542787656,-0.054199911584225186,0.24370419026760054
2.300202154246513e-06,-2.8238879065068037e-07,-3.5891842680955356e-05,-4.305953859037431e-05,-0.0011457915167700729,0.0005913702190423264,0.002615951174222682,0.007142154272131808,-0.0697969111219941,-0.09021186134913947,-0.03938251060940204,0.11791069220398404
-9.76956907510923e-06,2.115263635463298e-06,-9.989208472490034e-06,2.948996960778214e-05,-0.0012681627291010757,-0.00011183973381953072,0.0025645756674703827,0.007367747367499483,0.04532266865579354,-0.05043012922323195,0.029107409258942202,-0.07279207313044894
-1.8760564002603067e-05,-1.7897599075935788e-07,1.7145343403965365e-05,9.611961077635604e-05,-0.0005300362563976917,-0.0003470081914250004,0.0028623347078206964,0.005958180866215296,0.10230262588488326,0.0033964377021380096,0.03044439881112057,-0.20912122712638853
-1.8906339976432875e-05,-1.0673608182185587e-06,4.596085683393582e-05,0.00014361296305756392,0.0005008810616317302,0.0001693312259331602,0.0029007679781733954,0.0035404895900262804,0.10388083772100112,0.09987144576949411,-0.02275774474058076,-0.2744170281114146
-1.0166666964600005e-05,7.4239751250564055e-06,7.184186402112928e-05,0.00016501584706874446,0.0012470535407348438,0.0015289359627218325,0.002275433459265297,0.0007400872122098265,0.04535365809962158,0.17204950158824037,-0.1023091590410389,-0.28566344745187616
3.666003008362067e-06,2.997539463129222e-05,8.857232835125271e-05,0.00016004113827211032,0.0015194804538575706,0.002981347938525331,0.0010706594067593895,-0.0017350289715366536,0.009131724524923807,0.11843289357245926,-0.1386456514601426,-0.20935978929741983
1.8567466955737495e-05,6.0723863609253725e-05,9.22478310930708e-05,0.00013495125306441091,0.001460812335617515,0.003168345857066969,-0.0003355588583957719,-0.003282948070003228,-0.020865348172934922,-0.08103330986413163,-0.14259800157088967,-0.100224030395895
3.197874939128411e-05,8.536269001990025e-05,8.357157323850257e-05,0.0001006639262523669,0.0012214441514918084,0.0017594194250623377,-0.0013996927125178747,-0.003574517292405574,-0.02700828865220642,-0.20075197653679464,-0.07022876925353086,0.041910185915425835
4.164880238604955e-05,9.231512718349465e-05,6.77918897175399e-05,6.937014946235018e-05,0.0007125664474612788,-0.00036893199234345813,-0.001756243991674658,-0.002684238065597771,-0.07476725215389948,-0.22491830694436452,-0.0010814865778257798,0.13614565944613477
4.338963195900631e-05,7.865159735496156e-05,5.058880124192354e-05,5.041556495901127e-05,-0.00036440053286992643,-0.0023637739733631605,-0.001684373703448615,-0.0011066788350700101,-0.14062614391234154,-0.1740500892595759,0.015455544223034384,0.1793661866594174
3.2580186512754585e-05,4.9103821258940554e-05,3.448667659095087e-05,4.6913331973219486e-05,-0.001797488556380419,-0.0035457812458410407,-0.0015360512267459192,0.0004062322379116529,-0.14599146078975697,-0.06235136523600013,0.014208951117504781,0.12321602793691522
9.171608013367116e-06,1.4390272242603552e-05,2.0131764709936918e-05,5.40681809209676e-05,-0.002884227143497075,-0.0033969285574263594,-0.001334931149456871,0.0010247375516379694,-0.07135625663357417,0.09212190291893638,0.026015064340304844,0.0004850348083480782
-1.9558015031246807e-05,-1.313079023453955e-05,8.033654901063825e-06,6.138967503838037e-05,-0.002861697465425709,-0.00210728393800226,-0.0010846908123177475,0.0004395612718445845,0.07586219224784732,0.16580702096588354,0.02403300308751985,-0.11752029076702505
-4.0900734755763595e-05,-2.628416656030024e-05,-7.697327524416602e-07,6.032082220080902e-05,-0.0014068464794776477,-0.0005233913271498788,-0.0006759867183833497,-0.0006533318393588536,0.21510800494176494,0.15097150120459266,0.057707815699359705,-0.10105833147366258
-4.4235122296530974e-05,-2.4131993876194712e-05,-4.304121038064146e-06,4.986010180699212e-05,0.0007399689713241721,0.0009538258639709845,-3.089093874114753e-05,-0.0014388122394045273,0.214255085218599,0.14447193701958003,0.07131134022908073,-0.05603774853547214
-2.874565506814764e-05,-8.717881090537085e-06,-9.73702247291452e-07,3.5208176116190356e-05,0.0023579244743524947,0.0021289966931605413,0.0006969746968956864,-0.0014915728987558252,0.10933601538706547,0.09056222881833134,0.07426178689828605,0.04548561666521253
-2.9289427875751713e-06,1.5984436876776964e-05,9.382383562524631e-06,2.3682164597826184e-05,0.002805417981761999,0.002811466900302268,0.0013742424650675306,-0.000813629404917009,-0.019837313905164605,0.04593181261001397,0.06119176673608279,0.09010308210255072
2.2081334886311896e-05,4.556065708564838e-05,2.5384602358762834e-05,2.2557796871313863e-05,0.0021966375530154143,0.0031037771414720154,0.00182620129418011,0.0005887558596145447,-0.10191877184415235,0.012530235623935543,0.02919999908643306,0.19037397080376003
3.922771727038714e-05,7.49417611678365e-05,4.4526543050586636e-05,3.747087016076078e-05,0.0012326389237996343,0.002772443674965607,0.002002186844184651,0.002393858798274839,-0.09088095399900362,-0.0787969289252172,0.0059971109144751344,0.17064661692829877
4.809816100174016e-05,9.691442605496751e-05,6.5775403818303e-05,6.878535371677436e-05,0.0005414498224709699,0.0016220893024605958,0.002247585309358622,0.003869037912927878,-0.047356866266729275,-0.15127394557578508,0.04308258212031907,0.12438920600230893
5.120125154039434e-05,0.00010634283287032332,8.944904048211667e-05,0.00011185027488873879,7.916828525986701e-05,0.0002635920606105656,0.0024871420234041128,0.004743946321465007,-0.04509944117549129,-0.12042550279422096,0.004828760688779077,0.05059247570511696
4.9490239238641405e-05,0.00010439850644301303,0.00011441603762377502,0.0001581677113051937,-0.0004213707456104544,-0.0006524573460726241,0.002506257404927557,0.004519540961825973,-0.05500836499857299,-0.06278437854241697,-0.0010056843840901553,-0.09547354763292373
4.303069380217709e-05,9.808733629654761e-05,0.00013805299095746683,0.0001953974594097253,-0.000870538341682408,-0.0006097766832204584,0.0022211332618108036,0.0029264086590803503,-0.03482515421581771,0.0713205111128501,-0.05601914423926052,-0.22315291291620074
3.474822726344155e-05,9.602133317625183e-05,0.00015624639383329434,0.0002133361933468483,-0.0007859549660647002,0.00019657605916130103,0.0014175473133546989,0.0006613381283442489,0.051741829339359266,0.0899500373635018,-0.10469804545196043,-0.22986119323101953
3.0908948739548555e-05,0.00010143949781686468,0.00016410572381808764,0.0002105417919133588,1.8099261286100656e-05,0.000887056868961269,0.00015431868360395997,-0.0012202184150421499,0.1090690161308009,0.04814612459649181,-0.14794768049818735,-0.14645011544626022
3.636530318237153e-05,0.00011090200207004871,0.00015875249678422342,0.0001919019300037178,0.0010731716272784943,0.001005443981675538,-0.0012249640903768035,-0.00250775396688605,0.10194545706767784,-0.024468702053638047,-0.12790887429796532,-0.11105699492251978
5.080034899433922e-05,0.0001175351675363433,0.00014108649999690375,0.0001625989821977564,0.0018138375351150436,0.0003211891115833791,-0.0023082352670871294,-0.0033528355943062277,0.04618772449963203,-0.11238227196479372,-0.08874536104409986,-0.05795933056151578
6.752523751248352e-05,0.00011462125973045799,0.00011492263234871795,0.00012627723598859436,0.0015311401685138158,-0.0009039706727604402,-0.0029245382625500307,-0.003911513647526183,-0.10272719781987759,-0.1326496849039701,-0.03451523804848039,-0.053776280082475286
7.475465536558577e-05,0.00010052713912706513,8.505789460051657e-05,8.599897756548997e-05,-8.525659789336516e-05,-0.001914853447918133,-0.003048409287090246,-0.004144138037094695,-0.2205521554615586,-0.06952687012756842,0.009741033140437338,0.007251402168772875
6.35134951297432e-05,7.845750180034556e-05,5.5419803234328625e-05,4.644687741223186e-05,-0.00216297544927515,-0.0024990740174257804,-0.0028792089861473438,-0.003766281993556926,-0.19499161481479838,-0.04731724377396107,0.024099027048143096,0.06831980653878086
3.588554236491501e-05,5.100866808712717e-05,2.7946612610805942e-05,1.3605268898464999e-05,-0.003362615103690487,-0.0029906927252178984,-0.002615429138557193,-0.002802039709196446,-0.04493631606826892,-0.051006497784462534,0.028656942469887092,0.1245286503333152
4.028785245137373e-06,1.9085448531322697e-05,2.5040296135819674e-06,-8.97246674672051e-06,-0.0030087363202650408,-0.0033939511859429963,-0.002473087460887601,-0.0017135074198406557,0.11571207275335821,-0.029645194360557015,-0.00018860693596872702,0.09317780753784285
-1.8466675537545268e-05,-1.4157972890596101e-05,-2.142754379161464e-05,-2.1863170458155648e-05,-0.0014903558362714875,-0.0032547330984407643,-0.00231322722015172,-0.0008646333224463713,0.18796402404535245,0.05748881186100341,0.03216065508314497,0.07659701194101401
-2.4966679540150585e-05,-4.146548692905029e-05,-4.1779150933488846e-05,-2.82523435106479e-05,0.00019035503575042423,-0.0022067697092500727,-0.0017570942082231215,-0.0004132012880520795,0.14817815035902987,0.15210386597713488,0.07906594730257471,0.013689394937844351
-1.810284244386614e-05,-5.341219200481982e-05,-5.5006124172703215e-05,-3.3077360490468086e-05,0.001182412383506465,-0.00018257130590383424,-0.0008883004396197529,-0.0005518021079119573,0.05023331919217827,0.25273581469211276,0.09469280641809902,-0.0414095589098199
-5.771270483147083e-06,-4.3100318526691504e-05,-5.894247178229685e-05,-3.833752294232106e-05,0.0012839020086373464,0.002244946001529498,0.00010103091770102617,-0.0005002303824586377,-0.029935394166001994,0.2327676467945537,0.10317346504605679,0.051723904000483795
5.27941749925606e-06,-1.4794627816085805e-05,-5.046555339677486e-05,-3.8988689103936125e-05,0.0009262355878432819,0.0034161921405916414,0.0015943527594033712,0.0003699971501356249,-0.04159788999281089,0.0014815810178749333,0.1954909032944122,0.12232160251836874
1.3892386449487162e-05,1.6728195490456637e-05,-2.4662612263130683e-05,-2.826827773227365e-05,0.0007963582022029385,0.0028883725207168474,0.003566235467325465,0.0017740851241968697,0.015622412864742197,-0.10704550499283377,0.1988856382900065,0.15849599229388026
2.3302503851266778e-05,4.006067053998992e-05,1.851471778360386e-05,-1.9858612035993553e-06,0.0010856652781529848,0.0017781224891898087,0.0050692305420214434,0.0034823981815379898,0.04223900232526706,-0.11500450131257395,0.10171337664918922,0.1831666191743437
3.5109507635313775e-05,5.53195755119595e-05,6.996773191969677e-05,4.3021924856954706e-05,0.0012757354786564147,0.0012736585052041081,0.005221372285197139,0.005519159030572823,-0.004224962224581075,0.01411170451543381,-0.07128502801405012,0.22418555063262294
4.6279892071072267e-05,7.088352960709802e-05,0.0001177019291808971,0.00010729135873227517,0.000958341408495284,0.0018391323138235958,0.004325467167042928,0.007334727744491268,-0.059253851807645086,0.09898305720846373,-0.10789599561679208,0.13892819215106608
5.331847218889216e-05,9.365055499971315e-05,0.00015684748758215724,0.00018377439876889618,0.000449374615068695,0.0027142727646994294,0.0035036445132090987,0.007961880262832934,-0.04253950687767272,0.07604503296670301,-0.05646853514997374,-0.013497688482733111
5.7151820834410325e-05,0.00012203069896333935,0.00019169859554152638,0.0002593645323220108,0.00031729511403493806,0.0029617560280258094,0.00346657707866473,0.0071561464477899895,0.01612360667092133,-0.026548380301426977,0.04905504824109996,-0.14764907452585566
6.308347321656193e-05,0.00014876472765957207,0.00022942883399793798,0.00032101633133315913,0.0008690353623953829,0.002385049711220735,0.004079470612617592,0.005174213354439678,0.09422444300116764,-0.08879288305958793,0.0735236585494724,-0.24873754414420676
7.50134816385657e-05,0.00016906374385346803,0.0002720691336156192,0.0003598300013803025,0.00151696632200537,0.001674753527558457,0.004448589310918655,0.0025885206549889988,0.0353617489208298,-0.05326635367286764,0.0003000811107402024,-0.268400995745929
9.070312664954452e-05,0.00018569874893369862,0.00031172121424367694,0.00037548439108412205,0.0016209626801903946,0.0016522474884876621,0.003481826814692889,0.0005423572857749096,-0.014562477283824898,0.04876514585870867,-0.1936525803558934,-0.1408316780968888
0.00010476682840189163,0.0002041023285917833,0.0003343493471731213,0.0003749909199835511,0.0011917776702790282,0.002028468443129272,0.0010437997711959866,-0.0006410515058890985,-0.07127452469844839,0.02647904506961324,-0.2939528283434871,-0.09585008023591285
0.00011321462121333036,0.00022242578651765247,0.0003320771324053775,0.0003653269051192624,0.0004977808920087172,0.001636223142044563,-0.0014982427247447546,-0.0012917514669686459,-0.06752483095561382,-0.104928105286555,-0.2144556708446611,-0.034289911979996646
0.00011568126748229314,0.00023030573140977615,0.00031066757637030466,0.0003491683917695801,-4.451638216160518e-06,-6.023416361982531e-05,-0.002783668482269808,-0.0019399512029678074,-0.032921675089361724,-0.23436335584632267,-0.04262948066034955,-0.09535003521983565
0.00011351745667851612,0.00021730210526531055,0.0002833740374926068,0.00032273749729134615,-0.00042831052253924413,-0.0025404910652732956,-0.0026750392932697624,-0.0033462276926789864,-0.051850101775254995,-0.2616880244843714,0.06435531846035869,-0.18590526272240016
0.00010460322195618164,0.0001828767986707291,0.00025719627180707566,0.00028094399435063246,-0.0013545364219276523,-0.004344570253642993,-0.0025605138438364677,-0.005012472895463751,-0.13339507810242662,-0.09912781318956804,-0.04145022857369973,-0.14734377783455288
8.432616303132438e-05,0.00013841984506661342,0.0002262756798676871,0.00022697536433728625,-0.002700875363043799,-0.004546820467180144,-0.0036236045440412473,-0.0057812531072054885,-0.13587271012080276,0.05867777048213768,-0.17116791146725618,-0.006412264513794619
5.4005077350334703e-05,9.717818556499733e-05,0.000180805073066667,0.0001697621412680925,-0.0033633417731541364,-0.0037015114331430763,-0.00547051681616277,-0.005661391506633262,0.0033794280987353154,0.11038403632527599,-0.19821454295704832,0.030384584628239897
2.349776440279228e-05,6.460375578529225e-05,0.00011994812249106904,0.0001136417127030774,-0.0027381208163543484,-0.0028133745227979377,-0.006700873298956821,-0.005562694206369758,0.12166476326122228,0.06724334574375174,-0.04785675360176178,-0.010645124575539122
3.5785736588364826e-06,3.752494899805374e-05,5.498787132273669e-05,5.8039954020983175e-05,-0.0012457173324368106,-0.0026023868346497646,-0.006291176934709649,-0.005557657530049087,0.17681593352228525,-0.025045808114117107,0.12979602645119614,0.011652459839673335
-2.350980496673385e-06,9.69192296573822e-06,5.489935643217778e-07,2.544402254229891e-06,5.980650133483728e-05,-0.0029642183718133395,-0.004596598616973334,-0.005541452823301569,0.08428883323204434,-0.047320499318597886,0.20911963709606685,-0.008411518490169745
-4.315726831517538e-07,-1.872487279684017e-05,-3.6356242492746344e-05,-5.1924157854212035e-05,0.0003240750613694889,-0.002719140780702338,-0.0027844485944402905,-0.005352259198386817,-0.03143512122511401,0.09633601754079818,0.15331036741054183,0.04625024347312012
-9.34139947680379e-07,-4.0336199271906086e-05,-5.8617998979542735e-05,-0.0001017858468456459,-0.000424588514275214,-0.0016031245143108444,-0.001667902702918987,-0.004620078599899955,-0.11829759390382656,0.12686723573750053,0.06999881089371884,0.10018587622425235
-1.0836109699864829e-05,-5.0219530986990286e-05,-7.302246185382934e-05,-0.00014141552010903203,-0.0015558054361616762,-0.00037354182870599556,-0.0012129898719383343,-0.0033058560527772715,-0.10794579047346585,0.11904930138346925,0.0209837553024117,0.16265863320028429
-2.7182059573270814e-05,-5.072748714274989e-05,-8.333779143933588e-05,-0.00016504873931113298,-0.0017133845385195212,0.0002719505975540749,-0.0008500760451629727,-0.0014207877876429183,0.07642997000189687,0.010049183868544836,0.0515990100526606,0.21435501982658633
-3.795573112529977e-05,-4.807512215432048e-05,-8.867204287808352e-05,-0.0001672712644627222,-0.00044134977188627035,0.00025852240013180666,-0.00021677424258655608,0.0009762827573250733,0.17797698332475326,-0.012734823352998484,0.07506135046262272,0.26505908916701193
-3.377039904559359e-05,-4.570427123534537e-05,-8.60652850891527e-05,-0.00014513924201625927,0.0012784161878275067,0.0002156477836632158,0.000738125800372722,0.003450121731967515,0.16597620861800216,0.004159900059280311,0.11591865812923291,0.22970870576147634
-1.5665250570936328e-05,-4.1808565068635e-05,-7.194251092782374e-05,-0.00010333958544891748,0.002342613507103946,0.0005634934496788579,0.0020864290318930684,0.004909809581500843,0.046863255237285684,0.06540923314384811,0.15374198817483636,0.06222886414518941
6.2919482176623016e-06,-2.949243959061281e-05,-4.362349997124377e-05,-5.360432096340217e-05,0.002048826250615779,0.0018997316459255804,0.003577373159422927,0.005037243315602217,-0.105620706534919,0.20183840610549636,0.14444683733113534,-0.03674211732491456
2.229070664547818e-05,-1.3596174509005896e-06,-2.0426913101092892e-06,-6.193178259946067e-06,0.0011509254349473964,0.003726832782016864,0.004738788572803969,0.004444985225089002,-0.07395945659875752,0.16358182111276037,0.087836245345073,-0.08170950077772837
3.253792778224521e-05,4.093273303828889e-05,4.708323892594761e-05,3.4442263162013035e-05,0.0008985187924060101,0.004731637315821031,0.005086397474407411,0.0036821030593028187,0.023478128090480277,0.037379085648073185,-0.018314465024384552,-0.07086693237950842
4.45246534512669e-05,8.686056345295653e-05,9.600518925180311e-05,6.89824339082401e-05,0.0014988263413983278,0.004453928767112496,0.004697992590763689,0.003225931089942596,0.09658338170798325,-0.09292079538978021,-0.05936651170435997,-0.020367461492536154
6.295255120605621e-05,0.00012435218537518457,0.00013918376171776091,0.00010132043144147788,0.0021867532095595343,0.0030443956173331122,0.003937721902427872,0.003241668416704959,0.041001991924258074,-0.18898583456609658,-0.09268762596280339,0.02351492684500872
8.319053335765269e-05,0.00014615367742506344,0.00017316964207995242,0.00013475690766637696,0.0018608432207597612,0.0013159027926426625,0.0028594541700104293,0.0034456268282748587,-0.10618398968421267,-0.15671273037199335,-0.12296592052068517,0.017276755468971283
9.418727756781645e-05,0.00015322198606897036,0.00019461957943131786,0.0001676834409265868,0.00033850562127299183,9.775893613872175e-05,0.0014305333002626582,0.003139679823767106,-0.1982835302131412,-0.08691604092879479,-0.16281825342886908,-0.07846615637052184
8.967184795188949e-05,0.00015068821084052611,0.000202510576825446,0.00019408193738465257,-0.0012415915444583838,-0.0006045139818275714,0.000147666178562972,0.00214001946784605,-0.1177359029331339,-0.05353854266446384,-0.09375517091106816,-0.12146591481368935
7.409767380425084e-05,0.00014219011686408408,0.000199654189638211,0.00020901038718367047,-0.0018732432850693459,-0.0010951048134608362,-0.000718943616009976,0.0008456704919575305,-0.008594445189058497,-0.04457962366218912,-0.07956678800352143,-0.13740388036401457
5.729192285036366e-05,0.00012852485521488467,0.00018829971912559727,0.00020894731225818816,-0.0014879069057080916,-0.0016379475163790446,-0.001551950486512768,-0.000858285477053993,0.08566172106130931,-0.06398891692145256,-0.08703458609703699,-0.20338731343829008
4.6228927812297645e-05,0.00011043578620222437,0.00016973645636057715,0.00018983665637643736,-0.000724692101905111,-0.001979866286153015,-0.0021607020664912552,-0.002963845699296165,0.06698123969928682,-0.004394837033341564,-0.034715729898660425,-0.21772473101014433
4.166571302717224e-05,9.209225798934881e-05,0.00014709083213605554,0.00015181833460023046,-0.00018795085511996994,-0.001688839356422097,-0.0023684227784130673,-0.004639818655945216,0.04036700965774137,0.0626002229795252,-0.006828412485702012,-0.11746986031966589
4.053753096165526e-05,7.787212542651006e-05,0.00012085841694044411,0.00010273578189320438,-3.768555798342604e-05,-0.0011551871561456533,-0.0028780602607092185,-0.00517669188546,-0.010313950230432592,0.04413021707576356,-0.09509908397352826,0.01009521441670913
3.799103164962347e-05,6.745978656893052e-05,8.794395807989998e-05,5.2178813087962994e-05,-0.000471614304422932,-0.0009272806153702542,-0.0037048315113996063,-0.004934701875588278,-0.07647179905746859,0.0014510910793162635,-0.07025516616454933,0.038302787557635276
3.062942464052673e-05,5.6672551807310717e-05,4.966599528136228e-05,6.684084959607562e-06,-0.0010007070973964162,-0.0012301663369537062,-0.003950761048307935,-0.004164243750082808,-0.029346759537228234,-0.06202823539600669,0.02106925878288371,0.1157888375434587
2.007132605362027e-05,3.939416101103405e-05,1.3705630250899487e-05,-2.8492229275502586e-05,-0.0011109126199848759,-0.0022255118223016273,-0.0032413119577846235,-0.0028710190969392204,0.007305655019536311,-0.13704086167357746,0.12082055932177846,0.14285609308525882
8.398895256839197e-06,1.2010914012639916e-05,-1.3281645261161347e-05,-5.170144370472345e-05,-0.0012235735393713385,-0.0032511375773771993,-0.0021561431446275444,-0.0017708237889049524,-0.029837838896828867,-0.06808428934153696,0.09621320330963737,0.07718296852159479
-4.7541584764810595e-06,-1.9248312953182486e-05,-3.201189251681848e-05,-6.602591594966977e-05,-0.001407037207292713,-0.0030007078157872815,-0.001589906306503883,-0.0010940706600843116,-0.006854894687446017,0.11817024165952048,0.01703416431509494,0.058167657242533366
-1.8574367693367587e-05,-4.196508568172765e-05,-4.8065798060508325e-05,-7.494947368759082e-05,-0.0013570046360845923,-0.0015426467299217523,-0.0016208748022340854,-0.0006906408874998997,0.01686140892907015,0.17344197551358534,-0.02322786346113545,0.02251829727434901
-2.9802150203201917e-05,-5.018347969899179e-05,-6.376020039706033e-05,-8.228140691366525e-05,-0.0008885518658822739,-0.00010103207353107536,-0.0015180056650763148,-0.0007757457577149847,0.07682914511139352,0.11488095576455007,0.043801690892689565,-0.03953927131736601
-3.415987626276681e-05,-4.844454807490118e-05,-7.607677419297814e-05,-9.182040708816483e-05,1.700665396929524e-05,0.00044881839834919773,-0.0009453090941072475,-0.0011320542771849314,0.1042825588589203,-0.004910861388495447,0.0707376233011239,-0.03172243257662333
-2.959154805139184e-05,-4.5227825199341624e-05,-8.173120899889479e-05,-0.00010355641010652334,0.0008966589883056987,0.00019452617676271285,-0.00018557786707608284,-0.0012151463264867706,0.0716479080083604,-0.04594758292880152,0.08120862210510901,0.015104022716255494
-1.989298614302326e-05,-4.4467696026092007e-05,-8.050173047847512e-05,-0.000114665685201327,0.0010430533933680174,-4.25003421127893e-05,0.000431473571160017,-0.001006708692473961,-0.042369026995896675,-0.0014577208462989086,0.04220166554211095,0.026583504086306442
-1.2976890513975332e-05,-4.414434071853611e-05,-7.674646373368872e-05,-0.00012269858232602624,0.00034016573244156835,0.00010717140362396848,0.00031957977779726205,-0.0005998707324658876,-0.09820850518939311,0.03139206999365046,-0.06458042421466194,0.054784087915308255
-1.4190197920827102e-05,-4.273434485300463e-05,-7.658937829879972e-05,-0.0001260978194674335,-0.0005828272138119222,0.000174827769482327,-0.00028816269081946203,-7.9976695815567e-05,-0.086390084061305,-0.01786079682197876,-0.056968069508682884,0.049194719414755866
-2.2577946047522216e-05,-4.3528148449721077e-05,-8.211631158040647e-05,-0.00012499350915427034,-0.0010947224115271008,-0.0003335884888256157,-0.0008172239655018863,0.0003008387584482005,-0.01598895548173071,-0.08382245483960976,-0.04884418542780199,0.02696837143799763
-3.284045458193383e-05,-5.146256643656637e-05,-9.132646618301668e-05,-0.00012188038321727451,-0.0009577792953552227,-0.0012532951085434427,-0.0010248069550201568,0.0003217864289509647,0.04337757871610634,-0.10011886910395565,0.007327587524147902,-0.02277883733744479
-3.9684148331390195e-05,-6.782388558934882e-05,-0.00010083581061897047,-0.0001197423986747857,-0.00041095945453604966,-0.0020189687220130473,-0.0008770619321706015,0.00010581047954679915,0.06598638944772825,-0.05301585358996527,0.02222141704576315,-0.02041635254338832
-4.266754063064619e-05,-8.785686733937878e-05,-0.00010817113632923697,-0.00011968419330001784,-0.00018571900531514943,-0.0019876276279929446,-0.0005900032098826972,-9.416940459322786e-05,-0.020938299603548205,0.05928407239398578,0.0351903274118177,-0.019579624284617084
-4.585571490166722e-05,-0.00010263846114585803,-0.00011323622354947828,-0.00012280804509432258,-0.00045191584888905714,-0.0009686911333029065,-0.00042301423416556615,-0.000530600954267721,-0.03230106911123333,0.14450322654402184,-0.0017925322683914752,-0.06770668565028155
-5.0963227375138194e-05,-0.00010537966130252178,-0.00011750590009600644,-0.000130752960969601,-0.0005695866458051371,0.00042045110197015613,-0.00043092107514006595,-0.0010583822207879616,0.008766909728017344,0.13332522051059068,0.00021116407349151822,-0.037849567653766555
-5.475093883333974e-05,-9.721946764347996e-05,-0.0001211984164552897,-0.00014219552434494083,-0.00018795564583517203,0.0012115876298382084,-0.00030758219671658555,-0.0012301304542800047,0.06755929026597567,0.024902085063019774,0.024456611611204562,0.0034999209553579352
-5.270651947478443e-05,-8.590617825895964e-05,-0.00012218687096223816,-0.00015372042714634405,0.000596839517546234,0.0010510702470658568,0.00010989129532689356,-0.0010748501060006397,0.08939974241030556,-0.0570055616174901,0.05903808679749126,0.02755614870051505
-4.34312941891406e-05,-7.848443127881893e-05,-0.00011969573059715261,-0.00016259572892726368,0.0012582055395825315,0.00043327914896228365,0.00038833677769021624,-0.0007002102501832861,0.04287346199695395,-0.06655265800322452,-0.003348990324826724,0.04737182246295567
-3.188247533109173e-05,-7.608832444891497e-05,-0.00011656197375804273,-0.00016586800767457013,0.001051558232027243,4.594221701850992e-05,0.00023841459013176027,4.575450072199594e-05,-0.08420292350801166,-0.010914728385530231,-0.026635447186864468,0.10182112771810074
-2.7089628792872582e-05,-7.613465211969349e-05,-0.0001159315516467497,-0.00016160396028473722,-9.298892438341314e-05,-5.520775117421468e-05,-0.00011233016787315334,0.000807054977244587,-0.14470650777411959,-0.009315265253014689,-0.043513504414118255,0.05043896758641746
-3.4070218166871454e-05,-7.773900047791207e-05,-0.00011969893471541564,-0.0001512219552013479,-0.0013031289504163612,-0.00026566192046950144,-0.0006411464458600358,0.0012693460394332784,-0.09732149743247004,-0.032775568606042665,-0.062249751183258255,0.04201924485132082
-4.871683265317462e-05,-8.313691830389957e-05,-0.0001260827557590761,-0.00013676983830277986,-0.0016261939468442716,-0.0008139216447279979,-0.0006356177628720572,0.001621077340280328,0.032708498146887977,-0.07687637624565662,0.06335548778085398,0.028327015318089108
-6.128170967122746e-05,-9.4371260832455e-05,-0.0001291395402322604,-0.00012255726707118675,-0.0008867814567662968,-0.0014329468609830876,2.426086823520109e-05,0.0012214369060382934,0.11517399986870697,-0.046928667005361316,0.06862023844059767,-0.10825510216649602
-6.502475456761291e-05,-0.00010828314983352533,-0.00012641636820855438,-0.00011664997875708582,0.00013817247748920789,-0.001349430939230979,0.0005203735365060012,-3.997924321810786e-05,0.08981678698239395,0.06363185135578305,0.030602295213562336,-0.14402812768478424
-6.0300627807499796e-05,-0.00011653812735475345,-0.00012190616262674396,-0.00012315429006431368,0.0008066528745334145,-0.00030156456501464644,0.0003816675798560817,-0.0012608830182274636,0.043879292426447364,0.14594142348748346,-0.058343486543546236,-0.1001526273170869
-5.1148985148717816e-05,-0.00011314157410988503,-0.0001220884230323361,-0.00013967105990405455,0.0010236756572229813,0.000980875213988331,-0.00041811966097450744,-0.00204247094972071,-0.0004747358885340003,0.11054653231311201,-0.10161396162257158,-0.05616495898156232
-4.096245613744025e-05,-0.00010036596825403856,-0.00012989525355957084,-0.00016076449221177832,0.0010136301450325322,0.0015742459571809642,-0.0011432464444724433,-0.0021762155118240432,-0.0015343665495558267,0.008127616325414644,-0.04341139507701561,0.029416046560895637
-3.1335251078116296e-05,-8.660992887794648e-05,-0.0001414986581918824,-0.00018089825915223358,0.0009118108668322586,0.0011769619180374514,-0.0011774344819898664,-0.0018505378762670103,-0.01882948909049889,-0.08758442415411721,0.036573787573531,0.03571948055051094
-2.47808689462234e-05,-8.02112100723549e-05,-0.00015047434813103734,-0.00019631007252670876,0.00039906555954632083,0.00010278184308086372,-0.0006177035058411233,-0.0012318247986280242,-0.08371957236668867,-0.12725159083720033,0.07537240765621764,0.08802313497728625
-2.4762924391063872e-05,-8.570420728492132e-05,-0.00015257808633630508,-0.00020320862531979738,-0.0003954766485144153,-0.0012013812855941456,0.00019695586478757593,-0.00014788575998970024,-0.07518886924545856,-0.13358103489780154,0.0875594664695222,0.12876467275037856
-3.280110541412636e-05,-0.00010121717103565121,-0.00014848041493381754,-0.00019825547700337722,-0.0012121595560980825,-0.001901211464551833,0.0006225784157099306,0.0011385154232737317,-0.08814771227127488,-0.006385000893735948,-0.0024349562850512624,0.12851556390230784
-4.8666106334407315e-05,-0.000118696742210091,-0.00014272398788854054,-0.00018134785743615162,-0.0019608406279581084,-0.0015947027703361251,0.0005287069933454708,0.0022430084901713886,-0.06158850210073025,0.06768673973687755,-0.016339328187840715,0.09238304947722353
-6.788955999876711e-05,-0.00013131550700684128,-0.00013833773537775103,-0.00015682940518919753,-0.001883850104913851,-0.0009290501890139315,0.0003485435088124308,0.002660681959219429,0.07698660670958174,0.06544377652756117,-0.01969336871876727,-0.008848355667615437
-8.088101308214126e-05,-0.00013609918589146554,-0.0001350590521846747,-0.00013071662410205613,-0.0007144405117609789,-2.7685587910919658e-05,0.00030719312980283627,0.002561874258208851,0.15689531192099265,0.1148291436930412,0.011423292916848363,-0.010913184534500187
-7.994697910001303e-05,-0.0001316812833626207,-0.00013115879779135073,-0.0001085370498342361,0.0009012473081866246,0.0009112660936798877,0.0004728577488619568,0.0018740405953551547,0.16624225206852805,0.07296119262512027,0.02170963089497574,-0.12665354803623907
-6.50351272265741e-05,-0.00011859132320859536,-0.00012420072301223476,-9.72982330307906e-05,0.0020811230665011616,0.0017067259371251792,0.0009187572069612382,0.00037372276533394417,0.06973289959437934,0.08613077606393801,0.06747026072488052,-0.17341001796800304
-4.369508396789099e-05,-9.72310229039361e-05,-0.0001112788254672164,-0.00010137627609813464,0.0021868855852354607,0.0025653341238066722,0.0016656223020424315,-0.0011893313788027523,-0.0485803958475195,0.08559086127236062,0.08190275829135815,-0.13920081085933622
-2.5206504359226853e-05,-6.983878877473021e-05,-9.36945702189169e-05,-0.00011640110022735376,0.0015108303364973668,0.0029131127020345054,0.0018512287476174698,-0.0018156334470410711,-0.08663065390009927,-0.016035145626794006,-0.04478146917635048,0.01394039721167245
-1.4146427998456729e-05,-4.3509980624357466e-05,-7.7821788060672e-05,-0.00013075205336702403,0.0007011849356566582,0.0023526489280400447,0.0013233276840315094,-0.0010545571808929827,-0.07529842626804245,-0.09605760917209813,-0.06079874354084161,0.13827485601794526
-9.94188651308685e-06,-2.746080593583456e-05,-6.662357156041554e-05,-0.0001325859848997079,0.00013972336141731753,0.0008571860096645361,0.0009163156160197838,0.000687770874356206,-0.03699388857982566,-0.2030349745030036,-0.020603670061503515,0.2101907550318925
-1.0294142515816084e-05,-2.7647677966906812e-05,-5.826454738464166e-05,-0.00011545760522049017,-0.00021017456196316414,-0.0008945604158789866,0.0007554892191349915,0.0027379050614873427,-0.03298569609627067,-0.14731431060570097,-0.01156160931545494,0.1998360823943348
-1.5313040469039013e-05,-4.112777898578707e-05,-5.089086291343073e-05,-8.126765535337552e-05,-0.0007936050286814216,-0.0018014597878970651,0.0007192476751071943,0.004100084911935586,-0.08370039724738083,-0.03406556379791473,0.004313300509895507,0.07259988769531378
-2.6741400092556907e-05,-5.769564975821278e-05,-4.3556834662966524e-05,-3.9605198527336075e-05,-0.0014920668960221573,-0.0015121143665880765,0.0007475579749856464,0.004232406453272304,-0.055991976220766335,0.09193464805971244,0.0013487594657949076,-0.046135579427970086
-4.262894834171044e-05,-6.651392853593783e-05,-3.473778608627912e-05,-2.274111596165049e-06,-0.0016854427538085487,-0.00025154138895693316,0.0010162517403518338,0.0032338109329619006,0.017316804663488047,0.16017994746651623,0.05238999360744259,-0.15358352463411062
-5.501012106014441e-05,-6.302669504874073e-05,-2.3340520204660483e-05,2.0912780004868663e-05,-0.0007907917898782457,0.0009489880863963521,0.0012632014359718938,0.0014035673872448415,0.16161338812257253,0.07992594760414082,-0.0030000544834305753,-0.21246518450930119
-5.4455911421306366e-05,-5.042311563158678e-05,-1.2319083229276275e-05,2.5132731841822596e-05,0.0009016337176458543,0.0015717277970344386,0.0009410859591049478,-0.0005595770198540552,0.17687171338224744,0.04462199452347651,-0.06142304088995862,-0.18016369691047812
-3.825772203914132e-05,-3.365771716400134e-05,-5.910837542147842e-06,1.2617722289059397e-05,0.0023380041587871543,0.0017813518964826488,0.0003405631783207386,-0.0019434248906985848,0.11040237484601256,-0.0026971746338344815,-0.05868151526688323,-0.09660587725842779
-1.3374513708913218e-05,-1.5795015445455794e-05,-5.2796541903972784e-06,-8.981315077041544e-06,0.0026386375072584667,0.0017911884472264607,-0.00021432650797062578,-0.002376382582521603,-0.05027570515175006,0.004664484782596873,-0.05229642199138965,0.010014338893824137
7.146430267770804e-06,5.572188628797662e-07,-9.538294946643168e-06,-3.071087655263472e-05,0.0014655512880783377,0.0014792584144406509,-0.0006374016432785523,-0.001969529712597032,-0.18434153868427572,-0.06705049133975885,-0.03231860507019564,0.07135623509109007
1.2042003954881144e-05,1.0414919747067668e-05,-1.694049223156579e-05,-4.654280150714456e-05,-0.00048643655065626996,0.0004922817623969295,-0.0008430378137059721,-0.0011968552783049359,-0.2060560290626458,-0.13034483906898545,-0.008808629015288325,0.08317865176732914
-1.3984086011956623e-07,6.88678351933273e-06,-2.4491809637095522e-05,-5.3662666436404585e-05,-0.001949932412343872,-0.0011979090079439173,-0.0006672256673999743,-0.00022711770754706942,-0.0866431432748746,-0.2076933149991839,0.04397105827648788,0.11076886238424416
-2.182440948167895e-05,-1.4308196127552395e-05,-2.971370047936059e-05,-5.2296147066877037e-05,-0.002386981311968004,-0.003041086921433108,-0.000377152501053039,0.0005004215814525793,-0.0007666366499518573,-0.16094226769865425,0.014043574992899169,0.034738995415685564
-4.441564504945869e-05,-4.801783580597037e-05,-3.497613054501606e-05,-4.51690423896794e-05,-0.0021312658015879447,-0.0037008410142504874,-0.000675333512078055,0.000924999353986948,0.05190973872596377,0.028991449135178343,-0.07367977719790235,0.05017655909118818
-6.294106490913198e-05,-7.887187485638829e-05,-4.577112247533622e-05,-3.549807224636049e-05,-0.0015738181703467123,-0.002469966795833096,-0.0014836648739859773,0.0010091946746768343,0.05957978752228271,0.21718339454829996,-0.08798649518368214,-0.03333749495321092
-7.455251310168256e-05,-9.2253383173971e-05,-6.252036951319388e-05,-2.9155750121760047e-05,-0.0007484714681634051,-0.00020633486768344622,-0.0018661845335855541,0.00025926975024325415,0.10548955291437873,0.23554299108163,0.011482563263766801,-0.1166474899335051
-7.593161693476502e-05,-8.524384264834595e-05,-7.778341320684566e-05,-3.3914661485211185e-05,0.00047265070154691325,0.0016082429728084555,-0.0011864242051448023,-0.001211052022933482,0.13873488102768491,0.12737257701675034,0.12446950242438352,-0.1774168647018421
-6.42836953501391e-05,-6.699853802408878e-05,-8.266447591003724e-05,-5.329288588974395e-05,0.0018569336153782708,0.0020408179520429795,0.00021021166450648637,-0.002664592857973072,0.1381217017385866,-0.04085758116984553,0.1548576715058742,-0.11329130230607587
-4.167117975330829e-05,-4.831236859736308e-05,-7.400466486729443e-05,-8.168701582816542e-05,0.0026655695039878927,0.0016964159333021603,0.0015217505440420762,-0.0030142331297112203,0.02360547598333776,-0.028022822578318313,0.10745010440124375,0.04336324795844615
-1.78535333855136e-05,-3.176309610027723e-05,-5.693272180774149e-05,-0.0001051960047043296,0.0020979597695710457,0.00161343856611501,0.0018926380678685121,-0.0016875646455216176,-0.13712742286670712,0.011427349140888249,-0.03327259963595658,0.22197044887947437
-4.80316679371818e-06,-1.5660746378654973e-05,-4.043213668056816e-05,-0.00010875727729021854,0.0005121135487880387,0.0016070313782094417,0.0014074789575661542,0.0009753101283438302,-0.1800418212898943,-0.012708786722001902,-0.06375922242451498,0.3106045058936152
-6.409355389770012e-06,-1.598426702225573e-06,-2.8011755475820574e-05,-8.37947535966593e-05,-0.0008333512679984051,0.0012054325570764381,0.0010765972833833627,0.004017194610368019,-0.08905114206739448,-0.0676109775045988,-0.002417112412043343,0.2977723905112225
-1.717924504851957e-05,5.4442824771392924e-06,-1.5470380584525306e-05,-3.3434144250666525e-05,-0.001320626663751507,0.00020310927879653483,0.0014316776948756907,0.006054927258830535,-0.00840393708322587,-0.13285367815138185,0.07343319471050896,0.10977413918128065
-2.7572506493029747e-05,2.2705575402113255e-06,3.4729814809246815e-06,2.801668818195791e-05,-0.0007580256251505284,-0.0008378542661821283,0.002356994718214307,0.006235239227694353,0.12092414480342159,-0.07533903084435076,0.11163020995721423,-0.0737117454085171
-2.9862712843283367e-05,-5.981387266774074e-06,3.075966131386222e-05,8.318447779543528e-05,0.0002999843550998045,-0.0008125346952149516,0.003100341248373201,0.00479831869500112,0.09067785124664499,0.08040294503778608,0.037039096074564515,-0.21367236113012955
-2.444624529045647e-05,-6.07674736271719e-06,6.065849042903646e-05,0.00012157086808319127,0.0007833091554655747,0.0007934626760263285,0.002879424574661648,0.002878959362550079,0.0059871088265090605,0.24079652921046993,-0.08122243081687514,-0.17019950536007877
-1.587610274203159e-05,1.3247841171707918e-05,8.42025663134702e-05,0.00014279745764657806,0.0009307193542194014,0.0030714550308586926,0.0018293906022251003,0.0013663585501272793,0.023494930924256294,0.21480194175600284,-0.1287843636704344,-0.13232065712448116
-4.722927403779222e-06,4.8666554606296656e-05,9.851810551204318e-05,0.00015064660971135854,0.001299915713431072,0.004012287656059057,0.001033717237489494,0.0002034718628288175,0.05034434091807784,-0.026635416715930033,-0.03035030927668686,-0.10025668033521118
1.0686911815338849e-05,8.281625660973144e-05,0.00010970695575740765,0.00015054460201168352,0.0017820521303925421,0.002817652744627902,0.0012040528115834007,-0.00022387340276382238,0.04608294247421617,-0.21229156557030096,0.06441742409546819,0.01478762721668321
2.9012104876785e-05,0.00010116468040803864,0.00012436608995435158,0.00014924517555385612,0.0018829864818966883,0.000852032015033536,0.0017277740278053857,-3.601188880165775e-05,-0.02589607217338695,-0.18083258034857216,0.04032681914892883,0.022784675575749716
4.367807411377625e-05,0.00010405511519463385,0.0001410443730291011,0.00015182242118080407,0.0010502073655015618,-0.00027394505771449274,0.001607882587144518,0.0005514610141912483,-0.14065975110563833,-0.04436283420103357,-0.06430510728110234,0.09470990502283148
4.595854475079996e-05,0.00010074903246501861,0.00015297131546479487,0.00016190233515298168,-0.0005941132380968201,-0.00038727148820855606,0.0007775058999942359,0.0014645217802442745,-0.18820436961403803,0.02169754810222091,-0.10177023014895409,0.08790224818777374
3.310936351484894e-05,9.704060800615926e-05,0.0001559811120575942,0.00017852399341270888,-0.001975723009093385,-0.00035441340356331366,-0.0001755465814343673,0.001859809871701164,-0.08811758458527491,-0.01512593117317243,-0.08884026613676654,-0.008844629896395825
1.3063097967362826e-05,9.156090778705257e-05,0.00015196114069866384,0.00019540803770914873,-0.002033530100403837,-0.0007415266402580241,-0.0006284476903517075,0.0015169989875868071,0.07655616632318446,-0.06229671616576965,-0.0017399556467014854,-0.05971754692647553
-1.6413606786030035e-06,8.074327547660947e-05,0.0001465222442552041,0.00020639567476957605,-0.0009073616287893283,-0.001421999821830596,-0.00045933159834024145,0.000680528424498656,0.14867752799971728,-0.07379792014874476,0.0355631740489947,-0.10757656569115469
-4.392943845219458e-06,6.478759831252867e-05,0.00014199487864318013,0.00020818621364758345,0.00035704499546603723,-0.001769135610985563,-0.0004461415240645517,-0.00032242064889717635,0.10420379685135583,0.004370762317751353,-0.032925159193856746,-0.09301324898801179
1.7367270396176481e-06,5.118218982033235e-05,0.00013533864673825563,0.00020023544934086993,0.0008688891815013841,-0.0009519460874537014,-0.0008851048569203488,-0.0012677322124455272,-0.0018349596442864546,0.15906714238862096,-0.05486750737730267,-0.09604906372165838
8.727219252258433e-06,4.975660227250688e-05,0.0001238686292474333,0.00018228075286369616,0.0005292092610267729,0.0006668285778886076,-0.0014088986412441149,-0.0023232070829892265,-0.06610102445063579,0.1646877906798408,-0.04989124948745055,-0.11504591038708152
1.0928012944796554e-05,6.006604145646095e-05,0.00010926792695865803,0.00015505150619912127,-8.905052251914885e-05,0.0013950592589022062,-0.0015112418165109396,-0.003122642249925753,-0.05755093225854856,-0.019041654477121084,0.029422614434085614,-0.044841123000223734
9.567174466591302e-06,6.85436463483628e-05,9.588799065999634e-05,0.00012319726899649806,-0.00018311717312190153,0.00030046171947816316,-0.0011647454432214001,-0.003248205190598889,0.03873760213799802,-0.19987785340768754,0.03987666022382225,0.01972853486559649
9.525305248684163e-06,6.247555569655399e-05,8.450149250038727e-05,9.260646341807005e-05,0.00017474332954047373,-0.0015140798498399252,-0.0011125541887004131,-0.002869955925086713,0.03283449839447703,-0.16303046045593012,-0.029438409319624825,0.05592131823683873
1.070139110109858e-05,4.242326427474132e-05,7.031625025615417e-05,6.822447342469019e-05,6.047384094240984e-05,-0.002496378434522607,-0.001724494260146206,-0.002006442073589259,-0.05568839611408981,-0.033429256480606295,-0.09294960496953375,0.11678145206265204
7.116756525079179e-06,1.8839509551578026e-05,4.8896360740033156e-05,5.235026677962456e-05,-0.0007774007561462904,-0.0022203725101100523,-0.0025594836430779975,-0.0011683992554238657,-0.11188652330365022,0.08863044136311732,-0.07404827161682459,0.05082711157042659
-5.853574832243132e-06,1.6343601333855864e-06,2.2974138358617895e-05,4.145314964811003e-05,-0.0018166655153181717,-0.0012206573735284363,-0.0026249608332050544,-0.0010110241708790402,-0.09596642853072603,0.11131258595320587,0.060952833591413236,-0.019352094661461497
-2.5539635686955732e-05,-8.05997037363313e-06,1.7059062365807857e-06,2.8080868212919736e-05,-0.0021205466556243487,-0.0007182087278753071,-0.0016286855912023678,-0.0016634321161590189,0.03519020046949063,-0.010822856822580051,0.13830221480912408,-0.11112949439453422
-4.245584946634105e-05,-1.695225009876695e-05,-7.970841012548367e-06,8.128124954057325e-06,-0.001262696100252715,-0.0010602472171514566,-0.0003066638586234627,-0.0023271165356134635,0.13637991060483612,-0.057584841032649825,0.12610213170665696,-0.02160738949635467
-4.7964341758174024e-05,-2.8848226068553416e-05,-6.743023785770359e-06,-1.3279806683650216e-05,0.00016099764188612082,-0.0013189479768058367,0.0005522273039790641,-0.0019544697919280448,0.14835883782293102,0.00584468910177377,0.0456761008138484,0.09613673823343839
-4.133171594156556e-05,-3.8803160032071824e-05,-2.120947693689329e-06,-2.5214314910206198e-05,0.0011655275214355716,-0.0006720388158978445,0.00037218791443714185,-0.0004324318533831513,0.0525471380869591,0.12353714307982466,-0.08168397872223285,0.2082708494755403
-2.9425348684712228e-05,-3.7682685463291714e-05,-5.40622690249236e-07,-1.8152845251250823e-05,0.0012157459299350951,0.0008961337296538665,-5.6122913749123216e-05,0.0018447257851742264,-0.042503456387054384,0.19009736603051752,-0.003978186915020165,0.24716067823593524
-2.006731889529416e-05,-2.2046909031690378e-05,9.543994453659865e-07,9.007523196963288e-06,0.0006558600279485184,0.002231021556666401,0.00035512734087216774,0.003587347904468595,-0.06947372401026097,0.07688019937198931,0.08622823783927835,0.10136374562293848
-1.5725118625286812e-05,1.6394467245240015e-06,1.1673515090288786e-05,4.685420385578191e-05,0.0002125800260529511,0.002506249594576475,0.001788695788112392,0.003981988227295128,-0.019182276368852474,-0.02183459178997449,0.20048545160876652,-0.02243568105763194
-1.3239045940764136e-05,2.4048298540842517e-05,3.943864062098725e-05,8.502925440164817e-05,0.00028463451085158415,0.0019755207686872277,0.0037643293180273005,0.0036530218818781254,0.033593173328579085,-0.08431117338787497,0.1946412543742152,-0.0433575880257685
-7.949141591836645e-06,4.060947975916663e-05,8.410304994998416e-05,0.00012167370552355871,0.0007733463589339139,0.0013367154749775944,0.005168552547772081,0.0036758683425039814,0.06414919628788684,-0.0434498853540517,0.086203391574741,0.04792688015093971
2.1633535965049753e-06,5.480663313820386e-05,0.00013568224050107745,0.0001612837628426434,0.0012491526787344102,0.0015027152008298523,0.005147285562446576,0.004246143121312958,0.03101206767221243,0.07664983052450325,-0.09045678863984208,0.06612807561085565
1.6453346057534608e-05,7.5622056916831e-05,0.0001798274136163526,0.00020759796191103773,0.0016088458134715165,0.0026603695548955766,0.003681749060608452,0.005016696692365908,0.04092655927520883,0.15488104028864158,-0.2026505117277827,0.08798263859973432
3.35286526638053e-05,0.00010769145520554792,0.00020943879698165073,0.0002613276956559229,0.0018062155077826218,0.0037535101028478074,0.0022405276124511757,0.005729250056611126,-0.0014526204129877707,0.06374706930180452,-0.08559377790367251,0.05452803424930941
5.137796851081288e-05,0.00014399705899431322,0.0002313021130682328,0.000317832034869389,0.0017636476616188944,0.0035076106549052515,0.0021321356048652376,0.005571617786082095,-0.0070609488197577175,-0.11292695889031568,0.06391537638648492,-0.08605448835511564
6.839687142262248e-05,0.00017225839268433053,0.00025779304896094226,0.00036732849920203647,0.0016401329207430264,0.0021446560830982115,0.0031660515736766557,0.004327675080447401,-0.017641999355415883,-0.15966395547109236,0.14286781737579868,-0.16273405277182318
8.301815480025502e-05,0.00018826166037420118,0.00029472752259643797,0.0004026800119641385,0.0012841237547834808,0.0010559974548759188,0.004220843153422484,0.002742627471973003,-0.05355983383649321,-0.05806777017336617,0.06809049857336702,-0.15427546892305644
9.218032070375441e-05,0.00019910128285043082,0.00033624198171305106,0.0004240230059776633,0.0005483094259163962,0.0011119270403700096,0.004082048669900134,0.001525971330731957,-0.09360303193692371,0.06925368727218434,-0.09584939527783698,-0.08905575932515275
9.482425553826908e-05,0.00021420685695173268,0.00036933855279300574,0.0004373886742493439,-1.9522459013462013e-05,0.0019091877798903614,0.0025372655460908027,0.001147162323604164,-0.01996334504904794,0.09019846063188602,-0.21310722948402927,0.0132939578995942
9.54125687646965e-05,0.00023540248284621031,0.0003845984394166531,0.00044942373873540196,0.0001371851042989465,0.002329937399005165,0.0005147117786386732,0.0012598505736074498,0.05130485771152964,-0.006048536808925309,-0.1914035240063966,0.009243692101062961
0.00010042532208196818,0.0002541004048212305,0.00038366793459038026,0.0004627222407011009,0.0008653655591553894,0.0014096469959988755,-0.0007008127438932451,0.001399849819532341,0.09433123325975892,-0.17800954379233264,-0.05170138049998707,0.01875615708391526
0.00011227833432989059,0.0002587877366431584,0.00037671678966589043,0.000475101375821254,0.0015052368904290934,-0.0004721806316133033,-0.0006894162410047209,0.0010759772044982795,0.033643032994981864,-0.1983559817301031,0.05398068107769188,-0.08353068009072756
0.0001259816418304355,0.0002480085060629354,0.00037238599981313157,0.0004808948825638779,0.0012354246096798892,-0.0016836654844312926,-0.00017674172954705147,8.27241440264925e-05,-0.08760548914482272,-0.04394098883349473,0.04855422121384201,-0.11511993200362985
0.00013160601419736078,0.00023332839380761666,0.0003713273331803116,0.0004758711633580314,-0.00011055013629483507,-0.0012523569666324564,-3.4991597016944403e-05,-0.0010874679851957843,-0.18158946005012214,0.130202692393262,-0.020204194707820596,-0.11891849384082548
0.00012302316152562061,0.0002272855786307971,0.00036860246056791735,0.0004604842526180948,-0.001606020398053197,4.379393126854262e-05,-0.0005099829254619046,-0.0019899141627915434,-0.11750459230155028,0.1290274871869378,-0.07479407098117144,-0.061570741678326324
0.00010567955939322273,0.00023081825564161742,0.0003605339580642804,0.0004380433708840384,-0.0018627000284263799,0.0006627414708955245,-0.00110371757526549,-0.0024982621840197276,0.06616866622691372,-0.005237979261541417,-0.04395285897954562,-0.040098862567310545
9.367680945897656e-05,0.00023327770046031914,0.00034753846765663926,0.0004123424005942727,-0.0005378499584228545,-0.00017085250715518177,-0.0014953805062627324,-0.002641931873933416,0.19880134777379135,-0.16148081634859984,-0.03437972721990287,0.011364924584572944
9.734107052525114e-05,0.000224595759303096,0.00033076629618626857,0.00038892687172869763,0.0012707021716777708,-0.0015655357242894462,-0.0018590537878114062,-0.0020411738991815997,0.1629090782463337,-0.11745582707825303,-0.038354929089831874,0.10878667036579026
0.00011224288564611271,0.00020656921869125413,0.00031053343203852967,0.0003729036421515276,0.0017096608524945424,-0.0020397723980789266,-0.0021875190417363732,-0.0011634720162524074,-0.07511734208297935,0.022608492320356943,-0.02733812169516156,0.06675370622004817
0.00012137350185534509,0.00018968197839055122,0.0002881050692608845,0.00036241986582815624,0.00011646238935193298,-0.001337675662061655,-0.002298153513792661,-0.000933283248421863,-0.24352235054554253,0.11781085488309734,0.005211227283903969,-0.020715952653939274
0.00011200412019320716,0.00018180186832333532,0.00026795001450074195,0.000351103878473075,-0.0019903387217795184,-0.00023834635138152626,-0.0017328574382358484,-0.001329914222594384,-0.17783787168074774,0.10205500725292843,0.10784798782745855,-0.05861024218056493
8.887473875761128e-05,0.0001806240683466959,0.0002559107108321812,0.0003353123428385701,-0.002635537565339657,2.786356053641984e-06,-0.0006750032954763053,-0.001828392904306602,0.04879810296872003,-0.053828465765894784,0.10372284072445007,-0.04108549416187862
6.920391252281269e-05,0.00017701816048143647,0.0002533377779717817,0.00031756536966945045,-0.001298627681620061,-0.0007239679291055274,0.00016041672339640563,-0.0017210017295173244,0.21858387377519914,-0.09152239126593908,0.06336116305009212,0.06256372911973412
6.658942034016626e-05,0.00016749843883204072,0.00025602866410713663,0.0003041372532996429,0.0007757292450907753,-0.0011799764007736219,0.00037776050367458304,-0.0009646215444441894,0.19628751156696814,0.0003206969323201747,-0.019892406994456643,0.08871230789489287
8.019930365873365e-05,0.00015944275968499724,0.0002580155226037414,0.0002994164461079407,0.0019462474186227026,-0.0004311594286350748,1.9611195646376215e-05,2.04601061037493e-05,0.03781612313941732,0.14944269749538924,-0.051737454611184716,0.10830402221469487
9.844980310360782e-05,0.00016408140867905588,0.00025578423654100814,0.0003047567001687725,0.0017038524703521303,0.001358889227446803,-0.0004658684081930338,0.0010475907060626174,-0.08629511279353178,0.20856703372098628,-0.045358466156697294,0.09712209777707875
0.0001102081530293543,0.00018546996841529946,0.0002523965136050647,0.0003183963479166616,0.0006478175147971649,0.0029188227198019136,-0.00021167617899565884,0.0016803388435152012,-0.12491187831746128,0.10341966475003583,0.0961969119961723,0.02942752971343804
0.00011286590007611787,0.00021303105211238215,0.0002578848315355106,0.0003354586478606471,-0.00011626810544445026,0.0025933940196146243,0.0013093397650848413,0.0017321211452818953,-0.027905245730861755,-0.16850540478749365,0.20800627681992773,-0.019071069360099224
0.00011208739880254578,0.00022850837279733065,0.000279718811138879,0.0003521648135175875,-3.94321492699673e-05,0.0005020701173750757,0.0030574561555888466,0.0016091119861061922,0.043272436965758346,-0.24975937566041606,0.14161700128087334,-0.0055307624750414175
0.00011325274253519519,0.000224298168674568,0.00031178575989156777,0.00036953551097235345,0.0002725008957998485,-0.0013441109419276064,0.003355933594948903,0.0018650275048469936,0.019114172048204814,-0.11947683620012034,-0.08192151340886206,0.05671386622320168
0.00011540969596887732,0.00021132765002395055,0.00033658354538624186,0.0003909182864969321,0.00015888979093657703,-0.0012499927881958815,0.001603623503985916,0.002411527600068738,-0.041836393020859106,0.1383004669464653,-0.2685405047837353,0.05258615282114715
0.00011440050524516972,0.00020597129429485666,0.0003403880333785001,0.00041578320108440507,-0.00036072793567809623,0.00017872164237710286,-0.0008427259055342662,0.002561455317425854,-0.06208715230207555,0.14744241916813156,-0.2207293771203011,-0.02260060934972391
0.00010941582143372639,0.00021243384160248322,0.00032571029757509027,0.0004354347182882746,-0.0006362088266105704,0.0011137878191482108,-0.0020928212551477024,0.0013688481233480564,0.006990974115580709,0.03957081618609001,-0.02928969280238608,-0.21592082946583563
0.00010505795060149624,0.0002215312502232987,0.0003075143060577381,0.00043570400345536444,-0.00023536533983545976,0.0007056939050148835,-0.0015463770483227272,-0.0013149910899300926,0.07317772323944143,-0.12118959901275547,0.13857853416738114,-0.3208470131897942
0.00010673187254134071,0.00022179102026120796,0.0002981474487385677,0.00040868412943627114,0.0005701497278043551,-0.000653739897433031,-0.00032699441551135833,-0.004088983713888567,0.08792529028852154,-0.1506971614768274,0.10529799239489263,-0.2339515116019007
0.0001142657256701528,0.00021141175783986473,0.00029565590598459136,0.000360572335267938,0.0009366208979580621,-0.0014221125868356154,-0.0001713141352839094,-0.00553337511977806,-0.014631056257780148,-0.0029773764036894745,-0.07416193634940284,-0.05492676957599779
0.000120773712896755,0.00019979900653935902,0.0002868150132635604,0.00030757645854281705,0.00036497654736237985,-0.0009004376732655255,-0.001596864408922285,-0.005065800225246132,-0.0996978138613563,0.10731235911770745,-0.21094811837827232,0.1484417484823834
0.00011923630227922895,0.00019470887400379277,0.0002618220654992542,0.00026630766197213517,-0.000672458670867592,-0.00011758883384772574,-0.0034017251439389575,-0.003187959088890243,-0.10778922978463805,0.049257408765852495,-0.15002402862506214,0.22712647878879438
0.00010930675541105324,0.0001914249726632799,0.00022525585743344282,0.0002452396769632129,-0.0013134507027675497,-0.0005391914342548468,-0.003911516469223314,-0.0010256379128942153,-0.02040917659535353,-0.1335779288472767,0.04806576356819081,0.20533775641041113
9.624711054362874e-05,0.0001770622839666766,0.0001924906668484074,0.0002418979217583782,-0.0012984782707173505,-0.0023333463050658125,-0.0026415216477837693,0.0003572868719272811,0.023403663005393385,-0.2252530453149164,0.2059332007197182,0.07124720055388817
8.434771120077279e-05,0.00014540215071957952,0.00017553567211170038,0.0002482795900736489,-0.0010814015978538383,-0.003998680344353606,-0.0007494772995576358,0.0009190467911268611,0.020011671567309028,-0.10781376254264219,0.17247566892550847,0.041104783286027846
7.390712723067239e-05,0.000106580521530516,0.00017323257977196966,0.00025866722589961083,-0.001006715196166242,-0.003765645493459099,0.00028885883161149204,0.0011584803740655222,-0.00507439122978974,0.15442073272154355,0.03519155730831708,0.006781933301704346
6.376482815037145e-05,8.091803495668291e-05,0.0001762068396988578,0.00026935467535293555,-0.0010217446198939465,-0.00136685182130752,0.00030599315376613487,0.00097900951659942,0.0020685064842488193,0.32533800170877225,-0.031764692877388506,-0.042676104794924785
5.616987303211305e-05,8.294381850943343e-05,0.00017800833920037247,0.00027724338662272487,-0.0004972464037577332,0.0017720085318576246,5.430674653679967e-05,0.000598732737358445,0.10283113674299384,0.3024340689242566,-0.01857258856847853,-0.03337925105327022
5.7550661117603645e-05,0.00010993741776072808,0.00017998614658049103,0.00028207286220364774,0.0007734040208558521,0.0036267113184013065,0.0003412547294869116,0.0003671623788261296,0.15129894817972322,0.0685064883844797,0.07596218515850092,-0.012934820653192847
7.339586486715208e-05,0.00014444474414056305,0.00019015030822607792,0.0002855245121253363,0.002395636729053835,0.003274753957565687,0.0016915775996304678,0.0003231676055115771,0.1731475934598734,-0.13889796055160364,0.19410238887021028,0.004135865990282345
0.00010200601601699041,0.00017069233759428593,0.00021524614420945887,0.00028866099338426514,0.003326393500913831,0.0019747647331788878,0.0033275895970457233,0.00030412864627419467,0.01300376091212574,-0.12109988432575625,0.1331000106128408,-0.007943657837758827
0.0001318854926736013,0.00018857656054177863,0.0002510093379667509,0.0002948516873788983,0.002649501830408349,0.0016020798563196538,0.0038250491544126815,0.0009340101526524422,-0.14838209501322208,0.046562908953909465,-0.03360809913944915,0.13391995911340832
0.00014945456172968114,0.00020761795549995574,0.0002840119059716764,0.00031233269472148446,0.0008643119808076174,0.0022061991353157675,0.0027754644465724197,0.002562191315864786,-0.20865587490692428,0.07426094684531326,-0.17630884242860326,0.19171627352906034
0.0001502054284978766,0.00023076826507969657,0.00030479540083416334,0.00034561625325848193,-0.0007141386271685261,0.0024238627806323974,0.0013812345259249697,0.004094520391534708,-0.10703424668830441,-0.03072821778198731,-0.10253714170088676,0.11474954160492418
0.0001416807386473204,0.0002489638033641834,0.00031633937978532223,0.0003870884325028063,-0.0009907993429427132,0.001215244876264967,0.0009275612643068075,0.004199915457330168,0.05170210353346699,-0.2109953630914988,0.011802489377254338,-0.09367052844583229
0.00013585135846344267,0.0002503104661571126,0.00032650023170718937,0.0004224296839740338,-0.00017507669383283356,-0.0009459123176791256,0.0011046091200666206,0.002868334836915334,0.11144242628850892,-0.22123607569731968,0.0236070817747083,-0.1726455956371345
0.00013720998497311116,0.0002338357803563092,0.00033684334920916644,0.00044235088729079015,0.0004468019957665325,-0.002349024842481554,0.000964014380328793,0.0011159058264359335,0.012933311631364297,-0.05938642926316606,-0.05172602972227383,-0.1778402064587456
0.0001401580247556173,0.00021256987877274627,0.0003415488632383466,0.0004435613886941258,0.00014280596073469408,-0.0019041554742310312,-2.2911574492763933e-05,-0.0008738055457688035,-0.07373251863773199,0.14836030291327063,-0.14565916124203757,-0.22010206798220183
0.00013712142680315237,0.00020175618992662424,0.00033366999287687163,0.0004247206389466791,-0.0007501255512276802,-0.0002585822949933733,-0.0015528624978022275,-0.002894344403720535,-0.10485378375474284,0.18075433293426096,-0.16033102341985514,-0.18400570360814444
0.00012596793260022003,0.00020415915708889927,0.0003115753163838557,0.00038863115166758215,-0.001480573289358788,0.0007391757274483786,-0.0028660728008009545,-0.0043235530520988556,-0.04123576387147872,0.018797271554089418,-0.10231103717989024,-0.10183602606751968
0.00011227149097498107,0.00020651326137782443,0.00028018782708122175,0.00034218798557009546,-0.0012587150356890024,-0.00026835486966334584,-0.0034114250597258385,-0.004965080167398482,0.08560741460543582,-0.2203033909764343,-0.006759414605086528,-0.026469396992405747
0.0001038999936855019,0.0001911990752078562,0.0002459137029917604,0.0002924225427566964,-0.0004155844222068323,-0.002794482364330303,-0.003443399758166433,-0.004988008395281332,0.08301870809099819,-0.2849221079569571,0.0003644749169676442,0.021883751415835706
0.00010063083557778055,0.00015294719544323607,0.0002099615015420964,0.00024437903444810916,-0.00023824719933743666,-0.004855893588593721,-0.0037470405317663676,-0.004620693266436112,-0.047551263517119066,-0.1273601368957264,-0.06109262963695458,0.05157927435320836
9.27671581280078e-05,0.0001028491148031894,0.00016837081063189518,0.00020157590072132024,-0.0013344882906171146,-0.005163722539415612,-0.004571097650273876,-0.003939933478921672,-0.17169695473881647,0.06579434673134815,-0.10371879406454712,0.08457268314967964
7.131474815235742e-05,5.603585414051525e-05,0.00011964928170332949,0.0001643530125932837,-0.0029559937045129606,-0.004198929593119219,-0.005173208135439261,-0.0035046441466856345,-0.15260412804035278,0.1271642425279303,-0.016703302968529815,0.0024851832975278376
3.827930403831055e-05,1.905600884666137e-05,7.02732086529944e-05,0.00012710740045119063,-0.003651095118296414,-0.003197039465651555,-0.004702006474627756,-0.003944478281732981,0.013583845283662133,0.07321378296560249,0.11094363513083069,-0.09045201030699718
6.1454532632259785e-06,-1.0727687530412545e-05,2.9659746065935432e-05,8.347348671958283e-05,-0.0027756750367205,-0.0027596998097632283,-0.0034206860427840376,-0.004782304464588579,0.16150017103152065,0.01425414821206289,0.14532045123791307,-0.07711322626412237
-1.1930804254357482e-05,-3.727832932078516e-05,1.2977393454399334e-06,3.3982952496663744e-05,-0.0008395764667961927,-0.002550428548311294,-0.002251715301315062,-0.005115802379995238,0.2257195429533408,0.027600104078323973,0.08847369705588201,0.010413643182790422
-1.0753510308399284e-05,-5.867574657889103e-05,-1.8783012109275557e-05,-1.3396824904573599e-05,0.0010750352559878325,-0.0017290549033098807,-0.0017644349896280358,-0.004360153100252231,0.15720280160346423,0.13667462492195864,0.008982365281523214,0.14071621276581098
3.81997040675262e-06,-6.637244018984458e-05,-3.613766123052804e-05,-4.8495882240905015e-05,0.0018396608870425483,0.00018971618111916994,-0.00170649483462246,-0.0026596583670140507,-0.004277675392521052,0.24707959196385149,0.0026056657195919486,0.1993827338818251
1.9843733502646927e-05,-5.417296765933601e-05,-5.0221818971938015e-05,-6.556022716837565e-05,0.0013650917321363135,0.0022501783249825446,-0.001110336713659536,-0.0007532106184800771,-0.0906361555887259,0.16501283680882345,0.11662595847299287,0.18190681582496965
2.8897683996716083e-05,-2.80802425259615e-05,-5.2102230482002255e-05,-6.514406820946265e-05,0.0004456983666775178,0.0029683667016923575,0.0007342544116466882,0.0008364424102626771,-0.09324251750303325,-0.02137516146686086,0.252292266588252,0.13602378992358116
3.1937496326275925e-05,-1.5644504347429902e-06,-3.217292908020839e-05,-4.870962785417345e-05,0.00016226409923445064,0.0023347917165513444,0.003251605868712084,0.002450445660795164,0.03655566401441983,-0.1053398355613418,0.2511780248248271,0.18677686018291628
3.6948031169821945e-05,1.6476669492812123e-05,1.0058294234728637e-05,-1.3398324951578267e-05,0.0008398428694747534,0.0012734322689596784,0.005194638794275321,0.004611814919723871,0.09896009003364072,-0.1069320539569914,0.13742856028782036,0.24549699160282512
4.9128988937210044e-05,2.8420745152235694e-05,6.45251692995294e-05,4.4730725765122446e-05,0.0015963486840028665,0.0011153828629250357,0.00569873621868483,0.007013995223616272,0.052341072871981906,0.07532217275006287,-0.03660907540591862,0.234939069175655
6.514545331753526e-05,4.703973362673425e-05,0.00011842342721342426,0.0001236110771304675,0.001606944192062176,0.0026084148319746765,0.005080915364094143,0.00876207504945274,-0.05022197126012,0.22328422105986523,-0.0869550955122188,0.11467689599163866
7.968911156677165e-05,8.243032554602431e-05,0.00016646645649511288,0.00021141564871209214,0.0013017874577851026,0.004469703551883334,0.004527690492243581,0.008798839266872189,-0.01080937559529467,0.14897352292186639,-0.02368987885789353,-0.10732405250774879
9.3908716234703e-05,0.0001293206864847698,0.00021389894629408654,0.0002908120214093981,0.0015421334758011665,0.004908368635865761,0.00495880746755115,0.007080435272589009,0.05887857919850743,-0.06124050612538101,0.1099132739194072,-0.23635674634888715
0.00011217909851641558,0.0001740891916442086,0.0002684376021136433,0.0003490098664454183,0.002111942980541349,0.004045332396022004,0.005948923696360202,0.0045591337346150285,0.055083321749529054,-0.11136674184337048,0.08810997184240332,-0.2679035612459091
0.00013352088212292655,0.0002100169993977793,0.00032718845753631354,0.00038232226141882836,0.002156413740760846,0.003140229154692137,0.005801247388173847,0.0021033452600669844,-0.046189169705629626,-0.06965390642260283,-0.11764523347967437,-0.22325413366369973
0.00015200256460440775,0.00023908127568563956,0.0003755896587142452,0.0003949982821439887,0.0015399227555353942,0.0026726261028799107,0.0038789928474124895,0.0004318588849650839,-0.07710902733946075,-0.02386670393984247,-0.2668056746725972,-0.11104314135668036
0.00016369708935938122,0.0002640422682058224,0.0003997115181048765,0.0003965906390301509,0.0007989821954592998,0.002319572401156654,0.0009453790307137697,-0.00011338750773264559,-0.07107908467575812,-0.04674403640480884,-0.31991708866714674,0.0019938628171344702
0.0001684993383577249,0.00028150664182448326,0.0003955430389698938,0.00039615070245677716,0.00016146760420943703,0.0011733023225755216,-0.0017790748577103089,2.5400193057898926e-05,-0.056423833574214446,-0.18250997931141766,-0.224973689017669,0.025763677340974435
0.00016716777921317385,0.00028250519260286227,0.0003711474558513323,0.0003942672669144451,-0.00042777943311964875,-0.0009735921668997203,-0.0031000417660019897,-0.00040208730152431244,-0.061425573891602706,-0.24686891858363075,-0.03921969264066716,-0.11126117625741669
0.00015925612441006554,0.0002616404577997703,0.00034136837065924694,0.0003820130521442561,-0.001154551527502014,-0.0031993547937186717,-0.0028557752724150875,-0.002048755652513488,-0.08392884498487037,-0.1982836067801595,0.08807299135804758,-0.21807249394041836
0.0001430435254316144,0.00022437512845796065,0.0003145075349828857,0.0003504492332762096,-0.002087968268188213,-0.004253711074643261,-0.0025163918628571622,-0.004264008121095807,-0.10275450315236938,-0.012587649404758261,-0.020196309446462557,-0.2249779997760454
0.00011877695258584124,0.00018378211636318396,0.00028537902865769237,0.0002992329291937322,-0.0027653463009664203,-0.003864891344312077,-0.0033093094021815006,-0.0059792526953996806,-0.032721103403272125,0.09035159547099497,-0.13838719841840508,-0.1180709150847293
9.200767037311133e-05,0.00015015919574010644,0.00024413984443476152,0.0002361618314552537,-0.002588510141579562,-0.0028596927803034283,-0.004938527442404669,-0.006634966852296017,0.0680883352806438,0.11068811733073486,-0.18745640962622856,-0.013071916294537994
7.092494417610977e-05,0.00012453387332892076,0.00018810526737088524,0.0001705869312837977,-0.0016280350978207486,-0.0022653717019337077,-0.006268387970370586,-0.006480013181995184,0.12400667347111886,0.00817609834320926,-0.07851569596695485,0.0440626503547045
6.018872626983449e-05,9.957427950478589e-05,0.00012536840634201022,0.00010864366570883591,-0.0005192084834343086,-0.002726547062893267,-0.0062789842354044195,-0.005908639932997169,0.09775864940616914,-0.10041117053512111,0.07639644296018822,0.0702119994448985
5.71221857592946e-05,6.801854142565507e-05,6.818275144534146e-05,5.218845411164186e-05,-9.409961867366964e-05,-0.003584600552932897,-0.005158146743929334,-0.005382402386441641,-0.012736876454041354,-0.07119952747280484,0.14777105533482904,0.0350355098662071
5.21219324909286e-05,3.246831730751308e-05,2.308404738505669e-05,2.5329619322516384e-07,-0.0009059510349995296,-0.0035254442706955007,-0.00386159406812762,-0.005004629197241698,-0.14963340681113063,0.08303078392028401,0.1115394798255136,0.04051912797378163
3.532834324943111e-05,3.100880695363124e-06,-1.1396800989763253e-05,-4.59428535552302e-05,-0.0024527668132999694,-0.00234804305173449,-0.003034575606836368,-0.004234600752449375,-0.1597297488489573,0.1524494598719181,0.05386421243273687,0.11348656098468282
7.363690853917056e-06,-1.4625390516675812e-05,-3.8904191555505506e-05,-8.082213134197991e-05,-0.0031401636658028404,-0.0011972111906732974,-0.0024669025063120825,-0.0027412548049005675,0.02225037834838306,0.07771691234032047,0.059670407672120174,0.1851826285250787
-1.8827065331718633e-05,-2.5117189971295277e-05,-5.920763323234605e-05,-0.00010017001273889568,-0.0020979875713242977,-0.0009011487002505954,-0.0015937858290560269,-0.0011283214744825863,0.18618484054732554,-0.01850441425578009,0.11495292777909094,0.13740403755851752
-2.989916508190897e-05,-3.534612997384293e-05,-6.907299592753336e-05,-0.00010523698280490378,-0.00011643237871377006,-0.0011446393002589356,-0.0003792867099814345,0.00011492746128096754,0.21012619797478,-0.030193705745887922,0.12794689603582754,0.11124574959419326
-2.2883435863991944e-05,-4.378778010654997e-05,-6.72839858566688e-05,-9.88077257949232e-05,0.0015195782222971754,-0.000543690726282472,0.0007370887241543462,0.0011709239407151472,0.11707592222740909,0.15038342054118065,0.0953281907913286,0.09995354629264269
-5.4374135280930014e-06,-3.8658574916385394e-05,-5.558498343757743e-05,-8.252423544358833e-05,0.001969626244882613,0.0015695317643153865,0.0016027117596639285,0.002085774129551827,-0.027066317710321586,0.2722610775783911,0.07779641631058787,0.08301649147469331
1.2832648444330839e-05,-1.0797881354403747e-05,-3.4496110769558825e-05,-5.754360240717622e-05,0.0016843861496021555,0.004002606948080943,0.002615062773939792,0.002910352477730595,-0.029981701345769884,0.21435395917472028,0.12467378654458483,0.08189917816106024
2.8424038502454687e-05,3.510239457000984e-05,-1.668004159977335e-06,-2.4929412876551136e-05,0.0014338918620226142,0.005177448236801774,0.003950558547976507,0.003612485428394421,-0.020117156170138373,0.0206142985694458,0.1424253682627581,0.05852741197170502
4.302648328095653e-05,8.276451316606225e-05,4.431087009297766e-05,1.5211649860966252e-05,0.0014865970936777549,0.004354975482408708,0.005245216302614491,0.004415727119109058,0.03065820250116652,-0.1851088494480589,0.11650618266483881,0.10212092617122231
5.866586309221376e-05,0.00011586555131978273,0.00010027619243991414,6.532115510246237e-05,0.0016412788685736916,0.002265232148335387,0.005947848166772803,0.0056061739291901665,0.0002781524780208211,-0.23283981736660525,0.024020190166823552,0.13596843584499935
7.246798294394414e-05,0.000131053363164574,0.0001579502956062166,0.00012737949846033114,0.0011191451017723846,0.0007723302206228662,0.005586972466487689,0.006805494742383587,-0.10470490583828224,-0.06574056817589896,-0.09619533022384652,0.1038957267936848
7.857841889837453e-05,0.00013890833879766498,0.00020622374786175606,0.00019850894299072884,0.00010294208911369273,0.0007986649059953301,0.004067717984620203,0.007420394163695952,-0.09853569669345613,0.07100750525039173,-0.20765556614965064,0.019084157468788165
7.64113946530794e-05,0.00015186958747780155,0.00023764575018930158,0.0002701430200362274,-0.0005363469381727177,0.0017935848300319837,0.0022166824808889,0.006906421245403754,-0.02932210876382596,0.12797647955693897,-0.16255153459660998,-0.1218787411272278
7.272209110346239e-05,0.00017279443093993476,0.00025573978879398006,0.0003278891556767399,-0.00020151377175068485,0.00239138386239466,0.0014021252400467947,0.004642805882698747,0.09628874204823254,-0.008416673084403692,-0.00035991357181108796,-0.3308443314137736
7.662003053533306e-05,0.0001941497308599818,0.0002718021566620436,0.00035665818175114195,0.0009811016581248182,0.0018796761216147446,0.0018103483335659152,0.0011109993321816668,0.14023434392686807,-0.09392487507157937,0.0820045322756352,-0.37551697868964246
9.114821567041348e-05,0.00020919407561101474,0.0002916186104326924,0.00035190969532984694,0.0019245353688912667,0.0011291928285918457,0.0021529424205638447,-0.002060696616440669,0.04845239822642161,-0.0561717835330004,-0.013485714876049326,-0.25882221103482467
0.00011101079623853688,0.00021974418940686166,0.00030762898521048617,0.00032222581473841653,0.002047980744733412,0.0009808299305775377,0.0010491325349949081,-0.0038760795018454148,-0.023763323057992503,0.02649920393013877,-0.20727626223773798,-0.10425436604612454
0.00012782093485275029,0.0002304612177853463,0.0003063756415836756,0.00028147820596837543,0.001314046978109269,0.001162575745119389,-0.0012998012603570165,-0.004273442252162805,-0.1230234302668361,0.009849958978231488,-0.26251049683264693,0.02478181598264645
0.00013379026543244185,0.0002381586786727468,0.000281026132688641,0.00024156450866117345,-0.0001201808621709567,0.0003769164323607138,-0.003770100518649914,-0.0037092972092775903,-0.16382213778920907,-0.16698182152996655,-0.23154935482593253,0.08804719259439647
0.00012511447840088033,0.00022913917081227454,0.0002365150635387266,0.00020920458059116087,-0.0016149765441413457,-0.002180818004455167,-0.00513211331133296,-0.002762688404724926,-0.13513699860486872,-0.34456506583320956,-0.04085320371067669,0.1012745683161364
0.000103070926443293,0.00019123852910619775,0.00018606538648471355,0.00018408952235219163,-0.002793733847376121,-0.00539931033676019,-0.004957822099469651,-0.0022603232430689207,-0.10061446204208635,-0.29913340062779514,0.07571144608333846,-0.0008015359849353199
7.133121447698486e-05,0.0001285672060531435,0.00013995189481951298,0.00015931413513927772,-0.0035542085458855057,-0.0071349542738506615,-0.004264876233570464,-0.00269475419951386,-0.05148047765979058,-0.047995386790299244,0.06287772709649897,-0.08608465530405257
3.428200188035499e-05,6.257080801240725e-05,9.771223667708066e-05,0.00012673346791904508,-0.003855633973440469,-0.006064325334296589,-0.004183055394915999,-0.0038213792445326673,-0.008804607851202073,0.26212117470111373,-0.04651355936560597,-0.13924035369970894
-1.499307055007786e-06,1.641114283381222e-05,5.3148983923712545e-05,8.22215293043762e-05,-0.003300627813632085,-0.003167607701422415,-0.004729595155757624,-0.005081008478401108,0.11980583981287896,0.31722235187372105,-0.06279439280271915,-0.11268549307397929
-2.462007701219579e-05,-3.4000779400288803e-06,5.069298234623312e-06,2.6892154022844303e-05,-0.0013235261778055158,-0.000794636453345805,-0.004886341982060223,-0.005984866577905273,0.2756144873524349,0.15737189774160099,0.031445027542199466,-0.06808612682685361
-2.4364567869243764e-05,-7.057452132637014e-06,-3.963031899081173e-05,-3.560791572015593e-05,0.0013746280063959208,6.316161482417839e-05,-0.004053581463026785,-0.006515147370694772,0.26401634948785246,0.014187715892395675,0.13510707626448804,-0.03797003173104624
-3.5596361541604575e-06,-6.7125669169728035e-06,-7.299211382037543e-05,-0.00010028297805785188,0.0027863583366207405,5.815428308663673e-06,-0.0026187775028859548,-0.006419865096844416,0.018329716557111464,-0.025656953195498617,0.151853715763678,0.05702648650111758
1.955169082730904e-05,-7.344746422291163e-06,-9.296570785022657e-05,-0.00015695387738883516,0.0018359070596731591,-0.0001322513293723355,-0.0013759413030842728,-0.004914314769352238,-0.20841997194662776,-0.001956398340701219,0.09671352419665835,0.24408357899731797
2.5420516158747322e-05,-9.15921765218776e-06,-0.0001035197054460217,-0.0001911904297907209,-0.000662141993385503,-0.00023064291660698387,-0.0007348582160747537,-0.0019329957110249124,-0.2911898386651046,-0.017721919106228456,0.03150309320524547,0.3521802326681471
7.417890822819362e-06,-1.3845716743954796e-05,-0.00010839216523671056,-0.00019279933673489055,-0.0029383830738000886,-0.0007066569017464235,-0.00023963374206301764,0.001611214322190984,-0.16405837741781248,-0.07748087792165946,0.06754180159710174,0.35666177397503224
-2.4819994765482512e-05,-2.5362482932279208e-05,-0.00010632507087363672,-0.00016252878674653668,-0.003509194043860286,-0.0015966963359184587,0.0006530526146777854,0.004442895675479791,0.049896183405773065,-0.10052700891274759,0.11099546975105887,0.20967449668272903
-5.360850332015955e-05,-4.4024831573417585e-05,-9.467170139815267e-05,-0.00011185925636778563,-0.002248507667075122,-0.0021357733923092165,0.001677621280419025,0.005691010400270419,0.20224109195125972,-0.007288402365403943,0.09391826339718909,0.03994844827539673
-6.505994937871075e-05,-6.180309691390736e-05,-7.394570689490078e-05,-5.580526977668685e-05,-4.178154463511854e-05,-0.0014198796757887394,0.0024675776202313527,0.005519786917949338,0.23910413253674095,0.15046714566949937,0.06407300456527645,-0.07419314473961297
-5.55407949846453e-05,-6.484088503953628e-05,-4.775746202681835e-05,-5.248612216364933e-06,0.0019456124234482094,0.0008123220506629559,0.002770071353385133,0.004591544594115046,0.1583746610799246,0.2959731996208397,-0.003574257934520403,-0.1114553200272454
-3.226787704906038e-05,-4.129497375788301e-05,-1.9818671167513116e-05,3.4188658837081644e-05,0.002708971163668775,0.0038968602056676984,0.002817686818475914,0.0032959096165742696,-0.0057029130358114966,0.3209344313801088,0.01309735095267664,-0.14767167548090981
-5.801003387195872e-06,9.602450442000814e-06,9.613826483907877e-06,5.810256170715702e-05,0.002584403568704126,0.006282624634309067,0.003068812711808284,0.001486870957440805,-0.01921060595711821,0.15621845434816484,0.037127827713797384,-0.2141360563457831
1.9646375049988768e-05,7.189275782527377e-05,4.188414721992336e-05,6.51388879494048e-05,0.0025050721187328024,0.006175436842345525,0.0033852514353948115,-7.960570899124913e-05,0.0033443159628534502,-0.17765601274087306,0.026159917003508087,-0.0991592769406277
4.496646433396965e-05,0.00011991441685620746,7.623882215997379e-05,6.341745928975366e-05,0.0025589457380633734,0.0034288949638412126,0.003485683552615275,-0.0002646800229389795,0.007430407903260772,-0.3716523629599895,-0.0060734935594153605,0.06214441415108164
6.755188316403282e-05,0.00013650582108987278,0.00010647646066593075,6.570643000090931e-05,0.0019581380279492617,-0.00011061411710814933,0.0025618441485761164,0.0007224741651701097,-0.12759194992608314,-0.33624945322988287,-0.17869438724841633,0.13528642347073622
7.691888375802184e-05,0.00012316362397928404,0.000120132715082101,8.042398486787597e-05,-8.47379091514582e-05,-0.0025578253050095984,0.0001694067346579343,0.002221036808223223,-0.28098323749406084,-0.15319278435040695,-0.29979309553522004,0.16442610513988648
6.185401823025325e-05,9.286077354444522e-05,0.00010910772654882453,0.00010708188798683257,-0.002928235196402259,-0.0035027447819581665,-0.0023744044413132287,0.003110543815568097,-0.2877162199560993,-0.035791111039306656,-0.20896913965901254,0.013475296329088227
2.3668859561697716e-05,5.690719924905321e-05,7.915584687397164e-05,0.00013490998810013793,-0.004708796537308848,-0.0036879700771202347,-0.003615971493657351,0.0024550762070929748,-0.0683960482252185,-0.001253947993106963,-0.039344270809811954,-0.14456881802411264
-2.0528590453080496e-05,1.8728163679288907e-05,4.4998579122901434e-05,0.00014814371471666204,-0.004130693465646794,-0.003947837036832627,-0.0032154820565566894,0.00019166911621184765,0.18401666255762927,-0.05071944394937156,0.1194421582299443,-0.3081126001521128
-4.945197465049978e-05,-2.0865129268156056e-05,1.9446501512761207e-05,0.00013464110320141222,-0.0016539833738370624,-0.0039708215526563645,-0.0018949334654713562,-0.0028921914192618116,0.3113253558043171,0.04612254078462408,0.14466755998712233,-0.30865950694261907
-5.3108119900032374e-05,-5.305190631055667e-05,4.117575098689306e-06,9.334848236569078e-05,0.000922754323930543,-0.002466533855823759,-0.0011708518173430237,-0.005366332747882476,0.204022183749204,0.2547349985818971,0.00014876963854415504,-0.1861687587815139
-3.7141422396446666e-05,-6.256667259278398e-05,-1.0025243592524786e-05,3.468152954655924e-05,0.0022705851767865987,0.0005635805993782963,-0.0016577119208997949,-0.006367057815943833,0.06554398682200713,0.351287892458514,-0.09752079034989841,-0.013976254830757429
-1.4813681237836633e-05,-4.3725250998052684e-05,-3.031503428383876e-05,-2.6845098232504194e-05,0.002194963054935408,0.003204703719567963,-0.0024002462173629995,-0.005938267739868854,-0.08066841119224522,0.17693673157941936,-0.050986068942742546,0.09973427004575314
2.196932138498216e-06,-1.0014079983978963e-05,-5.298492714837292e-05,-7.828084872487672e-05,0.0012071596203315615,0.0035375304832467817,-0.0021337323555438324,-0.0043488823586056505,-0.11689227572852412,-0.11037137884365567,0.10428884130657595,0.2181428062068877
9.546585008293652e-06,1.3776029366503924e-05,-6.698783021323876e-05,-0.00010797314299719437,0.00026277095362752564,0.001220491386849795,-0.0006668482574293359,-0.001589576495857881,-0.07198545761228303,-0.35303644043574167,0.18908797831632335,0.3337183663426662
8.695093891850272e-06,8.76984169024133e-06,-6.39032087079784e-05,-0.0001063009463165602,-0.00043306917691620164,-0.002221728922102314,0.001283772558481407,0.0019240158319847158,-0.06718256849646242,-0.33540762135468005,0.20103618486582525,0.36900009922585314
3.2033504527130475e-07,-2.1877774115347576e-05,-4.484501845212781e-05,-7.052758264528254e-05,-0.0012418825923995918,-0.003907794239015467,0.0025278654926887125,0.0052306569022708155,-0.09458011460021559,-0.0018054420279506322,0.047782401975635824,0.29232811483136684
-1.597323533614134e-05,-5.350758531405854e-05,-1.8826140725824076e-05,-8.285398578768343e-06,-0.0020168314838829374,-0.0024181680007267256,0.002675910052572034,0.007217779911032023,-0.06040966369645351,0.29973068968569894,-0.01817348999897156,0.10509648692087453
-3.486288292717119e-05,-6.056977147988925e-05,6.9850443811272015e-06,6.374067693219936e-05,-0.0017610980343230323,0.0010057307675605835,0.0024863269688182215,0.00718743519116152,0.11155635360843452,0.38504906397176286,-0.019743126751790963,-0.11116543089497516
-4.2987660777927316e-05,-3.590363940656638e-05,3.4386942707847974e-05,0.00012601445794129218,0.00013614246417180658,0.003927495647103991,0.0029940526965259334,0.005267321010657042,0.26789174609053323,0.19930391193691854,0.12128827229333333,-0.27285740520592033
-2.7829428379826448e-05,8.009458243286697e-06,7.166284892845717e-05,0.0001661870581489758,0.002895504015448367,0.004855123882866625,0.004461128547595907,0.002767199030879682,0.2839805641647789,-0.013778264784391703,0.17212689792066133,-0.22716699074955166
1.1410626934101571e-05,5.399606746374705e-05,0.00012214601077822665,0.00018488077527479562,0.004952507047337238,0.004342197961225445,0.005635503822357989,0.0009715443942842814,0.1274200422129953,-0.08880691954384423,0.06274815703175501,-0.13196393656952848
5.982200924753035e-05,9.605896744790618e-05,0.00017659052801082862,0.00019216015224103052,0.004729769415348518,0.0040703820356063816,0.005253399624162406,0.000484330998962699,-0.17196756861073947,0.03444373442003157,-0.13916899667087163,0.03452125750521201
9.529317134646803e-05,0.00013837294484744767,0.0002198391449955383,0.00020186501881731285,0.002364463004439019,0.004392413444301919,0.0033963237727795297,0.0014566423162937672,-0.3010937135711603,0.029962547319075772,-0.2322461736057037,0.15994100596100164
0.0001060294851128252,0.00017880799170913038,0.00024361300340317653,0.00022525485330842848,-0.00021720025116758399,0.0036945959280346233,0.0013584479087481159,0.0032213245819293587,-0.21523893755016021,-0.16952605057253478,-0.17532899920057904,0.19299544716611666
9.777377162823455e-05,0.0002027447376035688,0.000252388010362757,0.00026456784256243606,-0.0014339424457505477,0.0010927532508530628,0.00039655348316798263,0.004641273268872157,-0.028109501366432532,-0.35084248486377734,-0.017049885915447593,0.09099429022244293
8.520859644791494e-05,0.0001975099254125491,0.00025741167825033787,0.00031104321882002834,-0.0010790925903133735,-0.0021397156890570063,0.0006081800943481872,0.004653801982646299,0.09907947245386739,-0.2956513031182365,0.0593752081514885,-0.08848854746761442
7.767481088912432e-05,0.00016786646296920003,0.00026605010429049853,0.00035055774130249794,-0.0004276645214447508,-0.003788976799612806,0.0011195051136839457,0.0032491025138476214,0.03120614131985716,-0.034200918992923435,0.042889795715663176,-0.19245134629212118
7.256400753133507e-05,0.0001351315212660804,0.0002757376710049411,0.0003723006622374996,-0.0005944961501130995,-0.0027580115410111177,0.000818008229204564,0.0010994816731527079,-0.0645724670535269,0.24039397071326107,-0.10318917261153951,-0.23747282184686153
6.383077840640676e-05,0.000122422642788958,0.00027802971885200733,0.00037247057416991817,-0.001152149674872563,0.00021623584558663755,-0.00035959865979131493,-0.0010654992866689916,-0.04695823789836581,0.35445550660629,-0.13233220518763628,-0.19552337011747833
5.352777376910597e-05,0.00013659261260079778,0.00026929720813628863,0.0003524299177910231,-0.000908451252587595,0.0026177581167813164,-0.0013869034833524242,-0.0029426319891100207,0.09569792235535943,0.12584894763264576,-0.07312875952458558,-0.17990317037072745
5.236563388486161e-05,0.00016193791895705134,0.0002532972729249345,0.0003163520549766986,0.0006760232757387234,0.002451303154469397,-0.0018130835589184064,-0.004272940573754883,0.22119698330990425,-0.15913994009502963,-0.012107255588610866,-0.08615854655824506
6.712529625098536e-05,0.00017555919847009216,0.00023507314673987516,0.00027186691768822814,0.0022759091974860275,0.00027295274813876613,-0.001831741678093457,-0.004624086883939206,0.09878020103955656,-0.27653014117109653,0.008375631753600732,0.015929284521380538
8.922517330821355e-05,0.0001670964358466512,0.0002166320244013603,0.00022809802560544396,0.0021440662139596096,-0.0019655052728269557,-0.001856482789609517,-0.004129691532617631,-0.12514879774484014,-0.17116146302204782,-0.013323854056812745,0.08294978574293443
0.00010015395297542325,0.00014427573604487622,0.00019608314784660906,0.00019114914770448828,4.168971948233062e-05,-0.002598634687528042,-0.00225329252134073,-0.003260084047573505,-0.29532650115061565,0.04453558008183056,-0.06603809228942986,0.09097171126589076
8.662230620864751e-05,0.00012267200114485282,0.0001701070031085353,0.00016329831844256662,-0.00274801907283748,-0.0017221122924766397,-0.0029419364262740196,-0.0023100818048108276,-0.26261525731334645,0.1307688989284499,-0.071690688697228,0.09902873728664474
5.211001298516242e-05,0.00010777664094873326,0.00014028771389643725,0.00014526589333143872,-0.004154439571859538,-0.001256959746747271,-0.003021921416145592,-0.0012964032174147535,-0.018668842491065263,-0.037738389782576154,0.05569369072291358,0.10370698019257008
1.641331506935979e-05,9.103092046207897e-05,0.00011528810492466538,0.0001360752351863108,-0.002984900011300987,-0.002092184350583588,-0.0019780003782087835,-0.0005417284116108317,0.2525767546027755,-0.12930653098468725,0.15309051686444813,0.04722798096821429
6.65859116502671e-07,6.541319765575538e-05,0.00010228926606810012,0.00013255272315963604,-0.00016459117927043613,-0.0030313602106811295,-0.0006217673931042667,-0.0001627739937241176,0.31148501180333465,-0.05852864103482103,0.11815608015645523,0.028562902609128527
9.592205738640956e-06,3.906031633163596e-05,0.00010008018478268975,0.0001327219090433324,0.0019498605036980935,-0.002239216054142755,0.0001799511360221917,0.00019661117046338805,0.11140532479037124,0.21695747234249596,0.04218762566883644,0.043314130228372605
2.9178075010477956e-05,3.2055859232319786e-05,0.00010259037109366088,0.0001361284446845447,0.0019673133506693066,0.0008383246342795205,0.0003220861261720339,0.00048469595777907344,-0.1079147553961286,0.39855066534195915,-0.013760627638867998,0.014302827234764476
4.212747817137056e-05,5.5814554768095724e-05,0.00010715753727963699,0.00014227509449925705,0.0006225672815092138,0.003913414472875668,0.0005913471110231885,0.0007446340051633969,-0.16103445843588993,0.2164673023772702,0.06761282460909891,0.03768478224210023
4.501691919937241e-05,9.840153474855259e-05,0.00011917863775893039,0.00015301340386642546,-4.4679075908843824e-05,0.004603981523215704,0.0018128729848354906,0.0014030278682702836,0.027585186952278407,-0.07835389230926293,0.17669235015336154,0.09399399037927711
4.9170810493271786e-05,0.0001356644921970003,0.0001463312240290506,0.0001716933281374812,0.000875457334688719,0.002848609966473837,0.003617644269188554,0.0023329569859408626,0.15644209516723415,-0.2727204190391105,0.18426190671725112,0.09199183315483864
6.400973026475615e-05,0.00015418356960430324,0.0001895705485637232,0.00020196636970991555,0.0020923266196081545,0.0008552055149867515,0.005030220637745963,0.003721651328546011,0.08693176181665299,-0.12596047125830656,0.09825336699423065,0.18574703536619105
8.54778000050423e-05,0.00016153521077522313,0.0002394670523054708,0.00024705370308083336,0.002201287328449074,0.000615122719197225,0.004949080110603556,0.00529581534563755,-0.0651396200484691,0.07794391210040125,-0.11448147242271206,0.12908576805211683
0.00010204118266183736,0.0001740906111017125,0.0002812895184199704,0.00030412021286341196,0.0011113892029099397,0.0018959573461006514,0.0034154131122963696,0.00611748661087817,-0.15284000505935777,0.17822301328028406,-0.19225192723872514,0.03524848499600716
0.00010737807468755653,0.000199477919602665,0.00030787879687162997,0.0003620173673694635,-4.401079776610701e-05,0.0031815043540898476,0.0019024425780355405,0.005461944290332131,-0.07823999507585155,0.07888638831755518,-0.11034217961344067,-0.1663569491052149
0.00010632434212522955,0.00023084322116346162,0.0003253885486775887,0.0004048018422517943,-0.00016673571469928898,0.0030915559580694772,0.0015995077831562018,0.00309495068613403,0.05369501168921516,-0.0968760675216293,0.04975522063757293,-0.3070417717344053
0.00010855183558443844,0.00025487642088345495,0.0003447488387995712,0.00042044195157665224,0.0006122344065410682,0.0017150839859291882,0.0022725502412403063,3.3071178837560614e-05,0.10209901255885627,-0.1784183269064285,0.08485327097924794,-0.3053341297248886
0.00011924784238340381,0.0002652419889934574,0.00036818511654731156,0.0004099409312983952,0.0015269669532520058,0.00035802963607129714,0.00241470530830776,-0.00213327523448897,0.08084749678333124,-0.0929925430651497,-0.056422257565757195,-0.12793515294041752
0.00013463616075555138,0.000266609373285984,0.0003850598648515289,0.0003879321621146188,0.001550696721177508,-8.455277756597271e-05,0.0009602443525357134,-0.002268478602266313,-0.0761015431982308,0.004476060337695736,-0.23446993358865215,0.10089447938494883
0.0001447029667872387,0.00026642674185298594,0.00038345616695527275,0.00037144388346475524,0.00046266448515995453,4.802649096636124e-05,-0.0012809839317869476,-0.0010291771277063952,-0.14150490400527987,0.02203979336877105,-0.21377572327588007,0.14696581552703475
0.00014263709004316426,0.0002652057848877822,0.00036216680974114786,0.00036784477587212293,-0.0008758398339748419,-0.0002922178840071148,-0.0029768875110380306,0.00030935560917993467,-0.12619595982167942,-0.09008866836346624,-0.12540499257433652,0.12074073185023121
0.00012937853290088047,0.00025525491043391804,0.0003312446543166443,0.0003741439854582679,-0.0017758715944819164,-0.0016979570067657125,-0.003207543573862685,0.000950486308049058,-0.0538103922797355,-0.19105915618825325,0.0792737800094056,0.007485407923593451
0.00011021257670769662,0.00022975335925721428,0.0003059501442326437,0.00037917170528128604,-0.002057319644154853,-0.0034023532285750403,-0.0018513584429374291,5.5057656554570976e-05,-0.0024792176548518174,-0.1498200881736123,0.19196324617564559,-0.18657113822249086
9.08700102299336e-05,0.00019299741301446533,0.0002941941489144164,0.00037026992310054674,-0.0018111936513977504,-0.00394883601997475,-0.0004998406207080343,-0.0018354140927024313,0.05170441620627231,0.04052352989367042,0.07834031827023336,-0.1915232116289096
7.520550096786037e-05,0.00016030915090271326,0.000288599414708067,0.00034290141436957544,-0.001321708201016896,-0.0025888164023756635,-0.0006191062205618467,-0.0036382876534918297,0.04619267386989856,0.23148039362614686,-0.10219343824099583,-0.16905150052897003
6.505808456637074e-05,0.00014695253252107644,0.00027377799995184735,0.0003011712103860335,-0.000707775079281031,-8.25072739517002e-05,-0.0023451767306820817,-0.004707753143216559,0.07659395047727446,0.26978143205864574,-0.24302066378305118,-0.04484159741597579
6.290594145171462e-05,0.00015450018794141136,0.0002405125917781534,0.00025219826361197597,0.000277346456349808,0.0015920383580186848,-0.0043079049040567075,-0.005086836211594947,0.12043035664889334,0.06512769433543125,-0.14952497089187392,-0.03097501625970192
7.08266312688099e-05,0.00016759625284238687,0.00019453340693922384,0.00019909227871305315,0.0013067915070692484,0.0010271746221764155,-0.004887932063729205,-0.005534360768189616,0.08545865349499476,-0.1781004415038851,0.03351953895737428,-0.05852989505923198
8.435092344174906e-05,0.00016675499092593402,0.00014965122561339607,0.00014137822459233204,0.0013980669275185816,-0.0011954270054669838,-0.00408850420143635,-0.006008450055954606,-0.06720356940512812,-0.2664198840247948,0.12636603350119677,-0.036287962493765896
9.194156204122284e-05,0.0001451478732144301,0.00011394310617675158,8.18304678777096e-05,0.00012006079237617505,-0.0031259965368337986,-0.0030531196858925476,-0.005901101286969881,-0.1883976576233532,-0.11969402224856818,0.08071086960756371,0.05775771629071094
8.284263852264778e-05,0.00011161527326450555,8.416840353990766e-05,2.722692310437745e-05,-0.0019398454960911876,-0.0035805234531511134,-0.0029018208414762366,-0.0050196076676965505,-0.2235836000701193,0.028788638985105197,-0.050451100724301506,0.11854100756395511
5.468473252670228e-05,7.794751611480354e-05,5.2349581932483744e-05,-1.587097182029816e-05,-0.003691735703097912,-0.00315302797678929,-0.0034619434800085475,-0.0035999713172385718,-0.12679444133122558,0.05671045628725946,-0.0615734269821607,0.1653862625276407
1.712714933910884e-05,4.766933724866698e-05,1.5154360360920414e-05,-4.5693152350582505e-05,-0.0038197809344207765,-0.002902607796438023,-0.003977100834304119,-0.002364464788818298,0.10118539506665275,-0.0066264202170059905,-0.04145804387695354,0.08171504315641406
-1.2369733517101e-05,1.6602557117610045e-05,-2.410479294341869e-05,-6.576679016700883e-05,-0.0020795956368211905,-0.0033107482297733653,-0.003874729826563703,-0.0016502627744669665,0.2468516644532644,-0.07500166645006245,0.06193224542503675,0.06112535971385227
-2.2063398239855747e-05,-1.780449046778492e-05,-5.909973582595531e-05,-8.080412362151225e-05,0.00014086269227024098,-0.0035706612873056282,-0.0031242587499436198,-0.0013572039164337166,0.1972400013650219,0.023019054943609896,0.08816196989897981,-0.002513588107202286
-1.5543120235665144e-05,-4.863575716786899e-05,-8.492309739112228e-05,-9.549023075936246e-05,0.0011631929085678797,-0.002595592052711186,-0.002040413563089775,-0.0015800175111363266,0.007226041894505847,0.17199479197527856,0.1286070674717891,-0.04204913083331971
-5.809987262903513e-06,-6.196170772726029e-05,-0.00010005805355065681,-0.00011177234027440303,0.000783433685984446,-6.959805916707329e-05,-0.0009865776688171317,-0.0016764043918717872,-0.08317788641119259,0.333204006733544,0.08216011138273957,0.02277175468622758
-1.5580113604420058e-06,-4.845929596086748e-05,-0.00010476535704095208,-0.00012734132209842887,6.696149450785528e-05,0.0027700804124456352,4.51169707580783e-05,-0.001437391972933382,-0.06011655188412557,0.23473168758899765,0.12417881653230242,0.02503072910145346
-1.2171121778425055e-06,-1.4833410325666702e-05,-9.714764142577856e-05,-0.00013896034661932462,1.218342012044798e-06,0.00395509671459452,0.0014784261522766248,-0.0008864129312457663,0.046967921384963474,0.002271572840779279,0.16248301977140686,0.08516507923606967
3.2401326428135397e-06,1.9553569334301787e-05,-7.440752127404447e-05,-0.00014210469417785202,0.0008902306221191643,0.0029222992173991783,0.0030695978780701932,0.0002575434195402854,0.13083453463646044,-0.20883107227984754,0.15575132538730688,0.14362619092114068
1.7198481397272265e-05,3.936681094049586e-05,-3.936655994268817e-05,-0.00012908058069015422,0.0019014391287725807,0.001040349103839637,0.003938594388201067,0.0023472792779992745,0.07140716669422281,-0.1675589504320607,0.018047976638867896,0.27432098077065703
3.57052224541167e-05,4.637266687629398e-05,-1.9239155444567074e-06,-9.169361944338578e-05,0.001799909082596307,0.0003608220833199871,0.003549934491445225,0.0051301129713544145,-0.09171317592947753,0.03165354632813072,-0.09577995599003628,0.282245757900371
4.741612852851138e-05,5.532673600744588e-05,2.919447358758191e-05,-3.0224972198376962e-05,0.0005422721322826288,0.0014299917429103919,0.002673743334962499,0.007163616477647347,-0.15981421413325814,0.18218038558995026,-0.07945827530650898,0.12445494335821561
4.698334875654773e-05,7.533679755388647e-05,5.5121179719282245e-05,4.373559442102735e-05,-0.0006288280866753593,0.0025720205663777264,0.0025115978913775676,0.007628496846233514,-0.07440582965833947,0.046225379103516595,0.04702918658952274,-0.03147886964098223
4.066574615856582e-05,0.00010048196640045608,8.433000863790487e-05,0.00011460340006967139,-0.000634692432921023,0.0024570132029361957,0.0033301678923469574,0.006545064283495294,0.07323296040920674,-0.0692268517918227,0.1166848136043552,-0.1852076429066618
4.0630505903076066e-05,0.00012137808949797091,0.00012211544496682218,0.00016930559353481133,0.0006276443818230723,0.0017222114165667706,0.004226919373436505,0.004395374409532693,0.17923440253961231,-0.07773350548206232,0.06266548261355423,-0.24473033188585847
5.492062364522063e-05,0.00013683657710613606,0.0001629274310488972,0.00020137540889970379,0.0022303791666058413,0.0013694861050662593,0.003935477842978498,0.0020185886634457996,0.14131255441694146,0.007188443181960047,-0.12095378870515552,-0.23062681733152024
8.092291615705279e-05,0.00015337005908604623,0.00019271038786002206,0.00021209797580812182,0.0029700793357605904,0.0019372102909157734,0.0020211135192464732,0.00012592471823780703,0.006627479414008319,0.10635639398794278,-0.26191907604124953,-0.14790597171007824
0.00010726451366659061,0.00017647279290794612,0.0002014063117733052,0.0002067536660106294,0.002298240166146973,0.0026833364734642046,-0.00028192873658984454,-0.001194786677736289,-0.14099531333673176,0.042868842521743444,-0.19868937512601403,-0.11623630748474095
0.00012280288034224765,0.00020144227330423309,0.000192380933236422,0.00018979348911266858,0.000809433168984435,0.0023105596057931893,-0.0015231469707867949,-0.002197248701855876,-0.1567660860957758,-0.1174242160559465,-0.04955427171337601,-0.08425609733917644
0.00012398686799898804,0.0002144929080518146,0.0001756555285387265,0.00016488593364076524,-0.0005726356376363577,0.0002995673437231109,-0.001821933968752307,-0.002784262392524793,-0.11964767522838271,-0.28477423635806914,-0.010203127879726437,-0.033146640794606996
0.00011300091065356751,0.00020286665064860363,0.000157314986322619,0.00013751333962618392,-0.0016245558314477476,-0.0026248188243653023,-0.0018461744744691947,-0.00269025641039147,-0.09073636353389525,-0.3001029972596135,0.005355026736348911,0.05194783722127155
9.354810741887682e-05,0.0001649384732573252,0.00013740983064566053,0.00011187706456689147,-0.0022660048154903908,-0.004960816653890385,-0.002134856660922497,-0.0024369986014670204,-0.03755343327463334,-0.16709656864540307,-0.06309146402700938,-0.001296275436381611
6.970074136545103e-05,0.00011220292677331241,0.00010991924490687018,8.711294710056176e-05,-0.002503468395194767,-0.005586292642912172,-0.0033632604868355735,-0.0025158248917989214,-0.009939282666241889,0.04200137084104577,-0.1825893011556059,-0.014468982629998572
4.367486278222792e-05,6.126092413085662e-05,6.732330063699066e-05,5.9464150385865434e-05,-0.002701707321449855,-0.004602107885578988,-0.005155928367140329,-0.003013934451140343,-0.029708502584775642,0.15483558062559105,-0.17594427490534525,-0.08515292923828582
1.7156359807257688e-05,2.304602759138968e-05,1.11582871488762e-05,2.372864756132099e-05,-0.002601993273544191,-0.003040871422314399,-0.006077074330482565,-0.0041331661137685455,0.049651312165908346,0.1574117120273268,-0.008284917763101918,-0.13869340328735474
-3.932040859253069e-06,-2.1215091796577443e-06,-4.61440087833494e-05,-2.4789757641176213e-05,-0.0016156868597579606,-0.001992635931895085,-0.005383384855962556,-0.0055705149267308955,0.14760997059133774,0.05223538605653594,0.14702281266710382,-0.1487763593051153
-1.2818145286514515e-05,-2.178783727847171e-05,-9.046573195466693e-05,-8.613906519643966e-05,-0.00016153402569432868,-0.0019406296878677082,-0.00348095977830095,-0.006699346584321794,0.14322059622138866,-0.04183413725106061,0.23346220286521735,-0.07698997221306442
-1.0306642002470513e-05,-4.015044667592967e-05,-0.00011638550234985435,-0.0001528600229458913,0.0006638346825031292,-0.001731892191623884,-0.001702994300736532,-0.006644844965568534,0.021853145418102904,0.08358163649982547,0.1221308926476663,0.08789029596371639
-5.322277709434085e-06,-5.17460163589108e-05,-0.0001298791669654376,-0.00021181724522057165,0.0003330381761041561,-0.0005872217449723416,-0.00099573862238012,-0.005146599489367535,-0.08801244669789751,0.14535245283048298,0.019320243023616124,0.2117587992764834
-6.411122070000946e-06,-5.189326432148692e-05,-0.00013958729912492312,-0.0002490147169415425,-0.0005508070482175283,0.0005577721524571175,-0.0009458878095169828,-0.0022928948548266393,-0.08875659816643938,0.0836463266554088,-0.009350080450988674,0.35898212763169574
-1.4179113553294666e-05,-4.5427433047689366e-05,-0.00014884191798636157,-0.00025485838318397934,-0.0010027912484412156,0.000735394102302393,-0.0009050359627707085,0.001124161606339275,-0.00164024187829806,-0.0481219366863537,0.01752044980024353,0.32442916460148713
-2.1823728171940488e-05,-4.128993495006164e-05,-0.00015386135200074817,-0.00022957993335706242,-0.0005261316752879486,9.210551722315166e-05,-9.885084010660965e-05,0.003931528359044109,0.09697215650895144,-0.08053578032949457,0.14371657473257624,0.23704418593947968
-2.2465037063102224e-05,-4.319267502155074e-05,-0.00014506791818923797,-0.00018228059423801372,0.00039786989705560137,-0.00047265353152097173,0.00185753760240865,0.0055283394647656315,0.08782815795975854,-0.03241602941933011,0.24756111377047565,0.08231803520482489
-1.6357510856897325e-05,-4.5461391320928593e-05,-0.00011414913077509393,-0.00012285106572462295,0.0008236353441853784,1.8910271645401723e-05,0.004326219880420158,0.006357566237912523,-0.0026750685338031432,0.1307287900526048,0.24617534183182596,0.08352731942455344
-8.956248380721208e-06,-3.5809064316479973e-05,-6.236803426614833e-05,-5.5623080426574396e-05,0.0006566171510498449,0.0019115551292443222,0.00602999942136896,0.007088030821697188,-0.03072857009330357,0.2478001814671793,0.09458056635793446,0.06256559733237949
-2.360695039913727e-06,-4.2808256903739e-06,1.2259636395032963e-06,1.755206047543084e-05,0.0006624935171116512,0.004394092595976892,0.006688800159761365,0.007546997358703859,0.03190384330566484,0.2487073118793346,0.03717958132054641,0.029227710068954693
8.44366770326652e-06,4.833852475244915e-05,6.805101253544899e-05,9.406186507046857e-05,0.0014983790315243983,0.006129777492587719,0.0066762096194277745,0.007754963560303686,0.13527325957688455,0.09842966744283088,-0.03969768938726445,0.012365530251010781
3.1249767064866965e-05,0.00010984947609587412,0.00013373938696660325,0.0001716642829998096,0.0030628408407956916,0.006172412776097273,0.006461465266803078,0.00776552002556452,0.17761910227737407,-0.08990261074092021,-0.00325118113767478,-0.010254237198844052
6.77174337852623e-05,0.00016641002156121535,0.000198405025608283,0.00024857631421965244,0.0042306925032833745,0.005139696316970973,0.006471662461532873,0.00761688621840405,0.0559512302201626,-0.11664068108433967,0.005290620083633818,-0.01947252423324991
0.00010896685788549214,0.00021378010192813998,0.0002634714144365873,0.0003214502575251804,0.004019192316762595,0.004334319756413952,0.006541615304127985,0.006957902442701546,-0.09825126752431859,-0.044434631027064464,0.008699948435388433,-0.11232423090725091
0.0001408960655348384,0.00025567266789718783,0.00032802431328314693,0.00038509171528167347,0.0023666492131066592,0.0040441934373956195,0.00636896446518394,0.005770389108597066,-0.23225735320686855,-0.013590632776601996,-0.04323011622419723,-0.12517843591364503
0.00015456129153146496,0.0002948426152388836,0.00038682943894490906,0.00043888314172841095,0.00036639598621865084,0.003789796030943538,0.005392060667168484,0.004987896180750432,-0.16779329217073316,-0.03728884851381431,-0.15215064337889397,-0.031320149655681806
0.00015316288985794987,0.0003285417720311677,0.00043165598668966506,0.00048613653952021417,-0.0006460763209216688,0.0029500353275132745,0.0035732488817827156,0.00446278337761021,-0.03470116925733077,-0.13066329217223838,-0.2116117136982598,-0.07370241097236258
0.0001484179167336118,0.0003485633443687069,0.0004575029370625367,0.000525767166512926,-0.0003029183039459463,0.0010542791399945726,0.0015961411927916144,0.0034633420209321487,0.10333277265247526,-0.24848794533150198,-0.1838098240999604,-0.1261858603632497
0.00014946195183460423,0.0003472710969422795,0.00046474474878958286,0.000552577210184017,0.0005117253241444338,-0.001312728625280052,-0.00014777884738238333,0.0018986667132860492,0.059595952965600774,-0.2249136077234229,-0.16497418393483912,-0.1867492011659702
0.00015421130981973195,0.00032610908267277953,0.0004550267133139611,0.0005602655606222316,0.0004381462728811112,-0.0029196742286199473,-0.00179582824774197,-0.00036099662564312274,-0.0743117632182653,-0.0964755129445562,-0.1646356961370782,-0.26518346661986414
0.00015275404826817188,0.00029642353525804495,0.00042891080018667697,0.0005443034175400979,-0.0007295985831931251,-0.003017435254326969,-0.003427354377714856,-0.0028314319907836207,-0.15923720799658198,0.07692330780315187,-0.16166952985749902,-0.22890360640823537
0.00013798855956523117,0.00026998803384181935,0.0003891978143553424,0.000504719828827893,-0.002223499157395018,-0.0022696650289181506,-0.004515242788552054,-0.00508528575165736,-0.1395429068437966,0.07263073727861175,-0.055908152309940756,-0.22186714576651234
0.00011195325760580033,0.00024683138326282754,0.0003429645479238861,0.0004446564797861243,-0.0029835612344911496,-0.002361665086880211,-0.004731410497739213,-0.006927384056696379,-0.012469508575429777,-0.09103074887102386,0.01267461047250909,-0.14655251524129154
8.530639644998151e-05,0.00021670964711923273,0.0002957632324609822,0.0003703391603474421,-0.0023458109966726145,-0.0036626821418387526,-0.004708852594841561,-0.007936079831040055,0.1400195561391368,-0.16917266212068444,-0.008163029892978707,-0.05518663962744352
6.787131045495313e-05,0.00017379136311244906,0.0002465237057989834,0.0002905703495678649,-0.0011412062023330623,-0.004920974659517981,-0.005139052737558201,-0.008017682324875382,0.10090140272877363,-0.08248584141516119,-0.07787699865034933,0.03886614086037821
5.80322338641415e-05,0.00012496736318723552,0.00019038314200062013,0.00021528888856625828,-0.0008266091158292631,-0.004843825325524727,-0.006089060022114452,-0.007038609875445947,-0.03798198542801379,0.09791570821381196,-0.11212445826090092,0.1569483490255087
4.66074024104115e-05,8.322896993439667e-05,0.00012608690798265526,0.00015024353343810875,-0.0014583571749167373,-0.0035038533250430423,-0.006770186781478523,-0.005970461150183959,-0.08836762638948104,0.17007869188252506,-0.024100893611913116,0.05668139602688893
2.7937996261287125e-05,5.431096750354823e-05,6.134623048455723e-05,9.144810090788247e-05,-0.002275524054908138,-0.0022797471611266445,-0.006177948718141085,-0.005788625355861299,-0.07506574960879908,0.07474254090075444,0.14254850627940072,-0.02031423716235692
4.457468286783954e-06,3.269657426621384e-05,8.718633120261536e-06,3.315013372325118e-05,-0.0024205815399924962,-0.002043131486340234,-0.004347570754718054,-0.005870968081064958,0.046054252591927414,-0.027419405943472308,0.2235270864052055,0.0038456921216251105
-1.589330964457929e-05,9.86708751415993e-06,-2.4717997213638604e-05,-2.299805023812979e-05,-0.001649574046280153,-0.002522765864070548,-0.0023397553120619737,-0.0053586687112112345,0.10814724615054128,-0.06850746960259052,0.17803600212601053,0.09861418184911963
-2.7184158999847657e-05,-1.6473709412823654e-05,-4.222292475730086e-05,-6.822299754679029e-05,-0.0006085958247735207,-0.0027453935213261685,-0.0011612301966704782,-0.0036863207505208654,0.10004839815078514,0.023981938151466375,0.05766902095228857,0.23585541028895418
-2.941242395390113e-05,-3.94347679138345e-05,-5.323926842554051e-05,-9.162529695889247e-05,0.00016294283396282644,-0.0018468181788760009,-0.0010420385369774518,-0.000994139131899571,0.05425933359648427,0.15573313033856712,-0.033830689013683274,0.3025809134353047
-2.6704405328474083e-05,-4.905671376912394e-05,-6.48785776738037e-05,-8.752961210718206e-05,0.00037866089112258264,-7.757099218188689e-05,-0.0012858233126751858,0.001813276102241653,-0.011115722164533035,0.19811630700025568,-0.014926266125863535,0.2589021333929401
-2.364109861307263e-05,-4.342243860394652e-05,-7.427368841698153e-05,-6.0357770333122e-05,0.0002340004519577081,0.0012044260252173698,-0.0005931988359603792,0.0036210922525703585,-0.017816365668441872,0.058283096479595675,0.15345116146882484,0.10266109667280099
-2.103059582591682e-05,-3.101881210865294e-05,-6.867356974896789e-05,-2.3290767264839522e-05,0.00028810010547345366,0.0012762992738413464,0.0017132225695631062,0.003792308361086138,0.028636296371590986,-0.04390844675480038,0.30783311963587223,-0.06841787496964513
-1.672131990404367e-05,-2.029630138986377e-05,-3.842484325430785e-05,1.1689699245811924e-05,0.0005737550789011764,0.000868202869916488,0.004336522729368903,0.0032037849410441513,0.02849469831395357,-0.03771083403017128,0.21682691232528706,-0.049286809038752155
-1.0468155263854618e-05,-9.552522907632224e-06,1.0790803016409053e-05,4.285263089166093e-05,0.0006768778491366339,0.0012805528265298213,0.005506606524774477,0.0030288013881256495,-0.007870144266862056,0.12018082535283792,0.017189846755827798,0.014290098455051803
-3.227566340273087e-06,1.0143743140961665e-05,6.26338263320491e-05,7.523517400410382e-05,0.0007712399355796723,0.002658700383188957,0.004861998138353533,0.003447707234362928,0.026742561555469724,0.1554486859789892,-0.1461115240400166,0.06949107079240391
6.350800026257139e-06,4.299717320976575e-05,0.00010426956478630675,0.00011284624347706828,0.001144433337726373,0.003911985630571861,0.003465149552497998,0.004074506660229965,0.04789611887387041,0.09520836349759154,-0.13325819313109033,0.05586881438100355
2.0837415904506642e-05,8.224645619577106e-05,0.00013513473970230003,0.00015614189290086804,0.0017528898379235278,0.003937870966629201,0.0027078854307006585,0.004584623224529986,0.07379518116556055,-0.09003129628612361,-0.01819463122837761,0.04615449847900077
4.0122156573034485e-05,0.00011465303040990145,0.00016281774969957222,0.00020252080135766247,0.0021040582957820406,0.0025434438761968775,0.0028287165687537795,0.0046911584668289,-0.0035614895938579916,-0.188854121800341,0.04236085883900187,-0.024847450019217954
5.866111760448706e-05,0.00013279754766444028,0.00019303236166569462,0.0002477714364509701,0.0016037339105084744,0.0010854595747108898,0.0032142058244706995,0.004358968551832621,-0.09650338746085524,-0.10274273849685656,0.0347369923043821,-0.0415905329800379
6.784589648325215e-05,0.00014021255256471205,0.000223963064118778,0.0002881153010367039,0.00023322186524454272,0.0003975414053434637,0.002971934666145979,0.0037098043653141424,-0.17759902159193108,-0.034840895376628656,-0.08319122396932621,-0.08824230432365776
6.305641840031776e-05,0.00014418082940824469,0.00024796570565610457,0.00031949663881736517,-0.001191117481831421,0.00039611396336306344,0.001828593641319334,0.0025664631908181128,-0.10726884782326163,0.0345554069805486,-0.1454769809960028,-0.1404259305755482
4.966814829847533e-05,0.00014801759445750453,0.00025872482433265606,0.0003375576696796093,-0.0014865365385370636,0.0003712390464889057,0.0003232300939909646,0.0010457429816307104,0.04818503648213307,-0.03953039035538014,-0.155595728469671,-0.16371811126193225
3.9226502957919535e-05,0.00014822614258832618,0.00025501954086240927,0.0003395713831184125,-0.0006017925295740961,-0.00032952942032457545,-0.0010642867880403235,-0.0006430002938700727,0.1287637653104604,-0.10062330300731609,-0.1219076479365866,-0.17403054383822436
3.8458126048843004e-05,0.00014054368699447517,0.0002389725007076333,0.0003230659874490754,0.00044811714775878995,-0.0012069616984456276,-0.002145121242914872,-0.0026580788399973424,0.08121817015611682,-0.07486315261689433,-0.09425924303832317,-0.22898516538722957
4.4565605597093615e-05,0.00012700271272210998,0.00021315167219201726,0.0002859014088063696,0.0007733787618913323,-0.0015012331560274096,-0.0030190444602083326,-0.0047748368885438194,-0.01616584732960835,0.016008861100537924,-0.08052540042036899,-0.19436644432206573
4.918736479435258e-05,0.00011268448357270715,0.0001793970002864097,0.00023018836840085438,0.00015097307756046022,-0.0013624126738531568,-0.003731889920913179,-0.006367771192559222,-0.10831528953656605,0.011755235334312636,-0.06204369172060026,-0.1242204164810149
4.46941327342013e-05,9.845185329810673e-05,0.0001383162231447164,0.00016120784777814843,-0.0010496194895907162,-0.0014841133810669278,-0.004484265507425484,-0.0074283329319819675,-0.13180322389366922,-0.03609537677706684,-0.08843142558186073,-0.08789193140353413
2.8882050372266842e-05,7.976729410441168e-05,9.01999571398332e-05,8.663757862283097e-05,-0.0021127969827961753,-0.002252798457672083,-0.005138987693551153,-0.007485720899081523,-0.0808322747474226,-0.11764163854396417,-0.04251301164327309,0.07641433798362296
6.838570583846945e-06,4.984936220173463e-05,3.70528388413066e-05,1.6948752388506177e-05,-0.0022958989748878035,-0.0037307879228633267,-0.005490435966154168,-0.0064520443477834345,0.044211876329096955,-0.17795625449428462,-0.027776642877329782,0.1303209722759947
-1.4164216704348966e-05,5.049413236465851e-06,-1.8744100512724634e-05,-4.0900536121942764e-05,-0.0019046584827513793,-0.005229201870190429,-0.00566895190465208,-0.005117813354306353,0.03403622209818791,-0.12172653497113597,-0.00792654482225258,0.13652522641942155
-3.3580394192900496e-05,-4.89470970624075e-05,-7.555844167810266e-05,-8.661789437115869e-05,-0.001978577014958927,-0.0055701001895842395,-0.005693916328423526,-0.0040256582955368325,-0.04881992853969741,0.05354687109237402,0.0029336600679635283,0.08190578533448256
-5.484454985575999e-05,-9.993292506840022e-05,-0.00013146081616180125,-0.0001251986640655339,-0.002274254117612972,-0.0046270654116143065,-0.005486558568316192,-0.0036904956433382098,-0.010315491991111592,0.13506008450161264,0.03853789195350327,-0.014873254894757992
-7.673108310095492e-05,-0.00013865530913059155,-0.00018263833329279,-0.00016358264926478764,-0.0021030525314260137,-0.003117411400823958,-0.004748944857881559,-0.0039863013965125375,0.04455580922850333,0.16687071765645714,0.10898485013342324,-0.0442878957401075
-9.416435104087352e-05,-0.00016227384395233222,-0.00022234275595575906,-0.000205354829469959,-0.0013836010565577074,-0.0016062955635241772,-0.00319193967471225,-0.004368134644521737,0.09933448574515791,0.135352449803499,0.20241618650043852,-0.032078753861732534
-0.00010176212788623424,-0.00017183438925822493,-0.0002445916713481081,-0.0002494376659218406,-0.00013595431251443618,-0.0003058134976543648,-0.0012578434037575535,-0.0044484326458545794,0.15019486306349633,0.12474396337046348,0.1844030676905008,0.016019153595164037
-9.641499248534802e-05,-0.00016923075910998733,-0.00024993258021088776,-0.0002904848577898657,0.0012053813926916812,0.0008265395273018851,0.00018966163120161597,-0.0037610057277504424,0.11807227797772712,0.10172664162078651,0.1050979393013331,0.12146623002566337
-8.020759221862323e-05,-0.00015654293998948658,-0.0002449744483047161,-0.00031902866734999174,0.0020360986606532757,0.0017110242967982659,0.0008019647500327126,-0.0019477561842747655,0.04807117561459173,0.07517031227848961,0.01736268446488623,0.241183678669472
-5.971498384990201e-05,-0.0001371078369329351,-0.00023575815414873797,-0.0003246471247383884,0.0020624230130909687,0.002175996314512031,0.0010412940811629185,0.0008240647065954302,-0.04280630512705308,0.017824091264263403,0.030503181761154935,0.31318049950456717
-4.291280699131613e-05,-0.00011534035222679992,-0.0002227018069405748,-0.00030177608923111785,0.0012980123586262076,0.0021775006267150034,0.001569975360469713,0.003750142394858683,-0.11007582576589914,-0.01752322882366894,0.07523307410020394,0.2720350381480834
-3.578759332044301e-05,-9.487067689404581e-05,-0.0002014850805000908,-0.00025403169269512884,0.00012703037554841613,0.0019164344398358187,0.002673369927627087,0.005798736912339118,-0.12412057084965916,-0.034690008552168,0.1454458393312709,0.1376838653480037
-3.901411840199788e-05,-7.822593052235697e-05,-0.0001668036910534001,-0.00019062725101320977,-0.0007723353918593899,0.0014125148345019507,0.004262907961711056,0.0068821514240446965,-0.055752582631902026,-0.06609391251460559,0.17246176748552297,0.07899903699311195
-4.630645029465206e-05,-6.57147000143676e-05,-0.00011855720812591907,-0.00012006381561191093,-0.0006861309866714458,0.0010897312670959227,0.005386388623785147,0.0072305356562150725,0.07299346366949083,0.0015371990333999663,0.05223436492929526,-0.009322190559036825
-4.7960200250988556e-05,-5.223359820442592e-05,-6.474156351242862e-05,-5.248094041270016e-05,0.0003553809954041458,0.0016064890948924132,0.005376740298912941,0.006286039383627081,0.1353089327456275,0.10181436652589812,-0.054164029903736616,-0.17957706395856143
-3.7300729758314445e-05,-2.9842440289778994e-05,-1.5584668273211337e-05,1.519385617881036e-06,0.0017765131031306765,0.0028717424880369724,0.004454638748930516,0.004514025822489157,0.14891748879967864,0.15123631210301372,-0.13025628009274834,-0.17482564826902336
-1.324874430996396e-05,5.713017947888461e-06,2.2068391873285008e-05,3.8667697377109186e-05,0.0030338839865394203,0.004239349159496519,0.003075973280368752,0.0029156365293564737,0.10255668788207012,0.12228502218889567,-0.14547681361960443,-0.1448522103575134
1.9477302292354322e-05,5.0240733118312266e-05,4.764839332010887e-05,6.0983713114976854e-05,0.0035113253339242364,0.004666193874588241,0.0020400270089960203,0.0015475666182170602,-0.007068418405106913,-0.03691607917055126,-0.06171244065494194,-0.1287617718703693
5.1610317855818654e-05,9.254927917196076e-05,6.705869240540476e-05,7.169869652143583e-05,0.002915277778768631,0.003795515336141457,0.0018420328080631576,0.0005954300630747344,-0.11214109262601418,-0.13721962851880556,0.022113600468369382,-0.06166553915809586
7.289086673548639e-05,0.00012146653592050587,8.748647408294533e-05,7.65375959158636e-05,0.0013408319971649155,0.0019879360135675646,0.0022435235274449556,0.00037234981581082,-0.20274806369472892,-0.2242962359959729,0.0581845434079902,0.017049489705312976
7.68197541370111e-05,0.00013087508894351254,0.00011029389773923654,8.379516629343347e-05,-0.000555054516859974,-0.00010622540896622953,0.0023179612038132873,0.001079164259703154,-0.176429239110249,-0.1945360485107859,-0.04329700813432383,0.12431339907315384
6.450538478963897e-05,0.00012224931562416412,0.00012799316341059573,0.00010039720550776859,-0.0019078193526144505,-0.001618929254903455,0.00122189193045855,0.002241243583163871,-0.09412372804064628,-0.1080047206766592,-0.17591684653662362,0.10810246561898948
4.261838799967518e-05,0.00010260593052237692,0.00013101555914448893,0.00012661084350640162,-0.0024695800053783088,-0.002309747765453984,-0.0006174127836799093,0.0030014840165627334,-0.01822840251212532,-0.03015898143344667,-0.1919440962910682,0.04394562106078306
1.9812641379881727e-05,7.980952159585033e-05,0.00011748796742682719,0.00015390315096318544,-0.0020915693185803814,-0.002249534019851335,-0.0020881055598524403,0.0024569774747940313,0.09383053987171075,0.042201730553976496,-0.10219445894343795,-0.15284692941452352
5.664564788076428e-06,5.9811623238720486e-05,9.415409877969422e-05,0.0001666878133073711,-0.0007380459997806783,-0.0017500456515746336,-0.002578668169574154,9.995499404310063e-05,0.17687412388822987,0.057695943101363806,0.0040819369990952314,-0.3185575667356626
4.814366486627837e-06,4.507249409450745e-05,7.062197367224292e-05,0.00015143410062153743,0.0005680063394909601,-0.001197780177267973,-0.0021277568519161064,-0.0031506975312098357,0.0843363439660978,0.05275715175996834,0.08610032653251429,-0.3315729383149246
1.2804993136026157e-05,3.620550196013599e-05,5.273116390130713e-05,0.00010600557941344215,0.0010301189903887038,-0.00057561824960632,-0.0014504051022710504,-0.005935006710409221,0.008086186213450919,0.07167523377236226,0.049370023396496904,-0.2252888975249523
2.1460678006955495e-05,3.417248364911001e-05,3.8562796587404296e-05,4.0171014609248245e-05,0.0007010179837971637,0.00016901458740112404,-0.0013832683605095168,-0.007231906250429562,-0.07390638753175893,0.07725133362912653,-0.03594267504419016,-0.03409101047911611
2.3381221736593522e-05,3.743574570246274e-05,2.2169794448421278e-05,-2.8728899590654373e-05,-0.00031690923786955845,0.0004836378232694221,-0.001895332067287087,-0.006548076589550961,-0.12967905680158548,-0.01432668645546692,-0.06647006631132388,0.1708569426548363
1.5669711869146433e-05,3.8009040904830285e-05,-2.882717853190687e-07,-8.326347704512204e-05,-0.0012253927356198594,-0.0003689787827959131,-0.0025962811794609823,-0.004358838901342574,-0.0520176427484747,-0.15619663475760012,-0.07371975612345519,0.2669905949868412
2.3185564618893796e-06,2.5156162675957792e-05,-2.7725500816466304e-05,-0.00011193918641317785,-0.0014448383458315515,-0.0022015968629785854,-0.0028911646267684647,-0.0013763029722685888,0.008128520706136289,-0.21032698127893437,0.01474306666195871,0.3295165908279558
-1.112377755760364e-05,-5.203214792752231e-06,-5.4238160061700505e-05,-0.00011280817032785182,-0.0012436284580670523,-0.0038702786307634185,-0.0024113672222783747,0.0012025061893337946,0.03211345684676353,-0.12340937227803225,0.08121641423605927,0.18624524149252086
-2.3337559803410137e-05,-4.413520795303084e-05,-7.333702313324961e-05,-9.51202691078155e-05,-0.001199127991094247,-0.0039161200012923034,-0.0014084053920314457,0.00233507405467347,-0.023213363452202485,0.11424109817225522,0.11937595181332653,0.04026833157541421
-3.671060227852053e-05,-7.271811441070762e-05,-8.163266570936699e-05,-7.231353816978602e-05,-0.0014754805039278326,-0.0018004612902430524,-0.00025072312319203123,0.002226272132932425,-0.03205713911451463,0.3088906440375949,0.11216050195455637,-0.062028715923623245
-5.074901536949876e-05,-7.604246702860942e-05,-7.7566856822688e-05,-5.599007497395259e-05,-0.0013322021142678133,0.001135590766662694,0.0010638849005278287,0.001038420506234262,0.060712817046518486,0.27831976734355435,0.1507611027894156,-0.17554160941600938
-5.727722346968275e-05,-5.515432181520227e-05,-6.121037087849349e-05,-5.30874844780096e-05,2.656049423101648e-05,0.003042038276018736,0.0022074122883110744,-0.00045790240704566415,0.21103970465324745,0.10296973452765407,0.07794437476723357,-0.12372297323997583
-4.646955914842223e-05,-2.2469422427284197e-05,-3.6968604914598266e-05,-6.069266887018692e-05,0.0021349723700210873,0.0034949416015648783,0.00264094090446797,-0.0010631344713897999,0.2106426705047667,-0.012389069418425602,0.008761348464145585,0.002676560371148662
-1.7489816650486396e-05,1.0204528838702216e-05,-1.2039624563865159e-05,-6.705279565645086e-05,0.0036609761295660795,0.0030398486516324042,0.0023448551656786516,-0.00020889088586298864,0.09455808140423172,-0.07862952056806921,-0.06797849622200927,0.1681721567342136
1.811643389841863e-05,3.734869344165991e-05,6.265710014541933e-06,-6.040192490367635e-05,0.0034602739802149264,0.0023889842689591347,0.0013162117500027666,0.0015390650364178907,-0.1346985112744623,-0.051543355966584714,-0.13775018691316773,0.18141902772196228
4.350575097757721e-05,5.863731999030246e-05,1.5912130481390842e-05,-3.649999055591148e-05,0.0016175894356167898,0.0018687410407693746,0.0006130723433670153,0.003241321833135083,-0.233838397645165,-0.052505289671367306,-0.002877694413982529,0.15903233162147623
4.8503607364870955e-05,7.270503474979189e-05,2.381902414915969e-05,-6.785486189644384e-08,-0.00061801815815804,0.0009448019111285106,0.0009683063901867542,0.004045105305667925,-0.21328312110980097,-0.13228253625680547,0.0739245037779303,0.0017243628850921455
3.541251063517753e-05,7.55625246039425e-05,3.861481127893052e-05,3.83505029690996e-05,-0.0020002011877806444,-0.00037330394029838816,0.0019908510357674125,0.003638566260531284,-0.06315348481471994,-0.13133863402857426,0.13058442533820142,-0.0830321719124204
1.5444882165229358e-05,6.671107381310621e-05,6.220906640312828e-05,6.885985909247419e-05,-0.001993324506208991,-0.0013969862178688692,0.002727999989072138,0.0024633049641436333,0.06452882112905067,-0.07339782148552193,0.016845365322743666,-0.15202008736510975
4.0840824921156505e-07,5.21262492001063e-05,8.611173518791084e-05,8.620823626149855e-05,-0.0010139702769945678,-0.0015199787047311137,0.002052533767884374,0.001006370469661239,0.13134202471383394,0.04879932411307303,-0.15193860956029642,-0.1393668115313691
-3.2935084313002296e-06,4.271767189500803e-05,9.649565558426803e-05,9.012985009024806e-05,0.0002735869408922089,-0.0003617367562885397,2.4250311387064103e-05,-0.0002220477039113365,0.1261694188635214,0.18284906557544178,-0.2537180817391656,-0.10631682318314603
4.763155150205376e-06,4.673043575751785e-05,8.631081336733012e-05,8.251330607392008e-05,0.0013377457754089126,0.0011642895287905038,-0.0020612187547746465,-0.001301261099354261,0.08666234803981934,0.12235619144036691,-0.16337573149317647,-0.10952585590543887
2.0580614546266895e-05,5.965421577947458e-05,6.088338356564948e-05,6.403325625225051e-05,0.001825746103803391,0.0014204664756008417,-0.0030242672055614812,-0.0023947488649796508,0.010937717639076333,-0.07112080207829935,-0.029233958664190485,-0.10917169721963912
3.6450916208707e-05,6.736091974108656e-05,3.181250481198817e-05,3.5106781998184807e-05,0.0013483142286846294,0.00012087431672155456,-0.0027899085451707803,-0.0033905459858334912,-0.10642409266282868,-0.1887976296975581,0.0761056907423307,-0.08998772695112892
4.215398162188745e-05,5.9797396187693015e-05,8.549643478640928e-06,-9.003642957118103e-07,-0.0002077011460485396,-0.0016335790274002637,-0.0018626637214986688,-0.0038108832729458315,-0.20477898228380512,-0.16209303912680556,0.1093432739920916,0.005920269528660899
3.061357292901417e-05,3.74745506833116e-05,-8.005591652055265e-06,-3.813895327910403e-05,-0.0021003805925261165,-0.002830990073476019,-0.00144838330464057,-0.0036368345237326135,-0.17375690701171023,-0.0773891700883455,-0.026487190620471834,0.028889480313982724
3.665166926631805e-06,6.416017592904276e-06,-2.5203102176399048e-05,-7.145146077835759e-05,-0.003289300607950356,-0.003380716544605446,-0.0019911188002281863,-0.003025666976118097,-0.0640270960731377,-0.03255612413753989,-0.08205990849705141,0.09334402920892051
-2.843111601514717e-05,-2.8075803422391615e-05,-5.118317349284967e-05,-9.694741886074217e-05,-0.003129955980405439,-0.0035176476584537313,-0.0032048954630619388,-0.00207352464035882,0.09589602158212115,0.005169901367882812,-0.1606954240696991,0.09708443794293495
-5.1389866937578866e-05,-6.201927729775434e-05,-8.877917252547099e-05,-0.00011510983971197432,-0.0014617942040809006,-0.003271047116618814,-0.004314304343462324,-0.0015589595298876103,0.2377363336827865,0.044150206999100605,-0.061186352010377976,0.005828584151306965
-5.667753453270201e-05,-9.039247648463277e-05,-0.00013091227800059694,-0.0001320449238268723,0.00040426068505627195,-0.0024035927207568713,-0.004112316751562868,-0.0018280572930919876,0.13547464414464802,0.12934067217328798,0.10158387039026923,-0.05964813679218242
-4.936158800377642e-05,-0.0001072870221098961,-0.00016374459603621535,-0.00015459640209951943,0.0010589286207288464,-0.0009753164042957949,-0.0024541468555608127,-0.0026822383614374364,-0.0045410570101331316,0.15631459111892726,0.23005010881014182,-0.11118807687690732
-4.0623320273016075e-05,-0.00010895084167456261,-0.00017829075125701756,-0.00018479335241772672,0.0006887249254232221,0.0006425524913624922,-0.0004550841885996304,-0.0033571517022040207,-0.06949968205099172,0.16725918801273015,0.16976242458209462,-0.02379459127640951
-3.6795644292505404e-05,-9.593979229718873e-05,-0.0001770428200123399,-0.000217160743036415,7.681027067891219e-05,0.001959657384112284,0.0007046704375351612,-0.0031163264215336326,-0.05288324889787027,0.09616179053722823,0.0621885006448637,0.07195964741048713
-3.6662648601669195e-05,-7.503206479910023e-05,-0.00016832112876484292,-0.00024111406275693253,-5.021113251167035e-05,0.0022218881155054156,0.001039667811964236,-0.001674337522569874,0.027478968259753767,-0.043715644258601916,0.004810974240951282,0.2164381323822646
-3.477783651777491e-05,-5.6867277649909814e-05,-0.00015892916137360326,-0.00024613967827934055,0.0004271735492905268,0.001411069314332668,0.0008387256662836953,0.0006692144180882691,0.06799796810068566,-0.11844811597594757,-0.04499940337705943,0.25227225574936396
-2.835863397226735e-05,-4.949805263291347e-05,-0.00015116746476066944,-0.0002276977338708881,0.0008566669598109855,6.277568906660081e-05,0.0007136136563030693,0.003019174463602224,0.01790071400340608,-0.15121060907726586,0.019977001380934223,0.21771975335342703
-2.063561972275936e-05,-5.3311455559257396e-05,-0.00014237615177622648,-0.00019070538374712346,0.0006879358900906124,-0.0008254562743353861,0.0010446489405855227,0.0043792955611507015,-0.0516469279474807,-0.026435783603131535,0.046230055475556475,0.05430446615626855
-1.714927082256503e-05,-6.115814053500646e-05,-0.00012918544975844417,-0.00014702907523684135,9.333889948253586e-06,-0.0007438807208144259,0.00159349146297094,0.0043559661409057196,-0.08407347208099107,0.042750894307323595,0.063538449001527,-0.05897035020526492
-2.1097891232317436e-05,-6.441690166530577e-05,-0.00011064889465221843,-0.00010812148911659685,-0.0007990579718987346,9.21284947545621e-05,0.0021138195582742084,0.0034255510831431813,-0.07760490028840657,0.124450948806474,0.040527170059126705,-0.1271126613472427
-2.9910484828391985e-05,-5.813236972916476e-05,-8.893700288116162e-05,-8.138584701881127e-05,-0.0009634607473161751,0.0011647778924736402,0.002228558795937152,0.0019215773364139345,0.044724345204918484,0.09007893073734163,-0.017579322526537988,-0.17368208799860668
-3.483004208203268e-05,-4.39847544135736e-05,-6.853977210654165e-05,-6.831345818878865e-05,-2.045070341196375e-05,0.0016647451706445922,0.0018508873589868416,0.0006929004295905894,0.1438776635759238,0.009914524896848742,-0.05795496486352408,-0.07205329336606231
-2.8199172374674886e-05,-2.8085049042624304e-05,-5.3902796666761186e-05,-6.255617947030253e-05,0.0013466246448835223,0.0015151959035452668,0.0010765077289692524,0.0004585553141066351,0.12953740608317343,-0.039824378316713815,-0.09692096113999377,0.025184270269271447
-1.1830976264072867e-05,-1.5355870559527953e-05,-4.6219617119476755e-05,-5.678310390002564e-05,0.0019270145772368815,0.0010306397930740037,0.0004601281804876336,0.0006960597999487418,-0.013459419612501633,-0.05708684377753881,-0.02635494855632997,0.022316626899149872
4.32112859181862e-06,-6.891559144376113e-06,-4.1987708611537994e-05,-4.877059850432982e-05,0.0013034063939414155,0.0006622224899563643,0.0003862535211001187,0.0009064412791904229,-0.11126221704659156,-0.016596616845989065,0.011580016678826993,0.01975966894918635
9.876567530785486e-06,-8.6892575125713e-07,-3.801190017270805e-05,-3.971510815972285e-05,-0.00019231860614804227,0.0005423041886674323,0.0004089081666658707,0.0009046567897309702,-0.1878827829713,-0.007387043411797328,-0.007049087565676598,-0.020116566841076877
1.037167244634303e-06,2.7004429582633817e-06,-3.505781280336754e-05,-3.229994751915893e-05,-0.0015755614510821944,0.00017156955323666996,0.00018190930720223079,0.0005783753383818147,-0.08876578601553042,-0.06675988367435515,-0.03835068432705138,-0.04513972342875422
-1.5481709713874417e-05,-1.105851865988992e-06,-3.539133889850311e-05,-3.0101266792492248e-05,-0.0017282139406195498,-0.0009328285180871447,-0.0002486145262293455,-0.00013863919304847854,0.058235288108059335,-0.1541197305904078,-0.04775408235926387,-0.09826318285730443
-2.8347034382212482e-05,-1.6419664611806324e-05,-4.140302342571103e-05,-3.566845566174557e-05,-0.0008448509930480632,-0.002129934031076322,-0.0009537223792122373,-0.000974798580802186,0.11843730140623798,-0.08530137200742771,-0.09326748823731448,-0.06896869469343705
-3.143060990899167e-05,-3.885180889664356e-05,-5.562312864879734e-05,-4.951507016896247e-05,0.00022813588769222623,-0.0023564948258911252,-0.0018902986654050246,-0.0017945243206411938,0.09616007474181992,0.03998921304446712,-0.09404776900124298,-0.09497645327436446
-2.687808389256049e-05,-5.7842785731351916e-05,-7.807977676011196e-05,-7.15159843066147e-05,0.0006823693155940093,-0.001441700541050546,-0.002601030956857899,-0.002605658506889253,-0.005313389161463303,0.14296964392364875,-0.04809868928933195,-0.06725038397524738
-2.2491368599779512e-05,-6.597113730605315e-05,-0.00010460912809198713,-9.988892427052118e-05,0.00019497374296218633,-0.0001839697738896999,-0.0027048393095171364,-0.003068929485892043,-0.0921657253649013,0.10857650950852044,0.027337018757484538,-0.025403811825310624
-2.399404911218045e-05,-6.499128456477887e-05,-0.00012894998004614252,-0.00013088708498273374,-0.0004955098454423736,0.00037994032214455447,-0.002163331081313942,-0.0031307026565504685,-0.04593099231601071,0.004205509698330445,0.0809646268831544,0.013049177693625486
-2.97903403253735e-05,-6.277914996616815e-05,-0.00014502102400181533,-0.00015964744311716572,-0.000663748397196237,6.248659757759065e-05,-0.0010508777098206191,-0.002621368970335928,0.01228328196523805,-0.06769625461172321,0.14152604741551014,0.08881755954928258
-3.515359744826453e-05,-6.630434341700827e-05,-0.00014984426674973303,-0.0001792475451009344,-0.0004089030273819681,-0.0007675252877456151,8.622916023707811e-05,-0.001298651426417805,0.03868579199761572,-0.09830612245291795,0.0858953265960293,0.17572594923434207
-3.692039296289645e-05,-7.605798292829177e-05,-0.00014677484424374697,-0.00018385513469249118,5.5543924455584044e-05,-0.0011832026145110852,0.0005276553409601331,0.00037713350810644774,0.054203598369894704,0.015170657099823931,0.0023899095485816896,0.15943103767050845
-3.561152031127971e-05,-8.407709239938902e-05,-0.00014266966404038607,-0.00017183500864146895,0.00020623060586776282,-0.0004206192797083638,0.00029338069971204735,0.0020268917020979968,-0.024066262087458948,0.13734600986072035,-0.04924483779819884,0.17052060112780135
-3.551969094182879e-05,-8.166118051835267e-05,-0.00014129291174033785,-0.00014670562538852822,-0.00018786473197757874,0.0009038016559156335,-1.8030239702403368e-05,0.0029989849484901502,-0.054752805481609365,0.1275381772640791,-0.013037350084691299,0.02389804815062932
-3.8397008952238675e-05,-6.932674130312253e-05,-0.00013908841599736657,-0.00011675449461254584,-0.0003875988701043977,0.0015630861871303943,0.0004589293882966605,0.0029912412067063256,0.014805977856245572,0.00431872897887306,0.10842927568450407,-0.025446796507394204
-3.9532329251817895e-05,-5.498694003510037e-05,-0.0001266003199168249,-9.052672100907114e-05,0.00016053481018855382,0.0013048740664740378,0.002038689827811673,0.002254313513988615,0.09482075820234473,-0.05596115311014435,0.20752281221849844,-0.12193874203614788
-3.2660659080122654e-05,-4.401352874467989e-05,-9.889606847687258e-05,-7.377049473338172e-05,0.0012137992241504942,0.0008898081916100587,0.0035021604601787907,0.001096931741149268,0.11583212459004336,-0.02705202186265146,0.08517131425492508,-0.10953761253172153
-1.710678306950901e-05,-3.3164229722119815e-05,-6.444478951977902e-05,-6.42904483784785e-05,0.0018969759779722344,0.0012800516129019561,0.003388095331239921,0.000799077529831378,0.020803226174304718,0.10510070612103092,-0.10798434004269897,0.04996677026814353
5.122718015345471e-07,-1.4377991220545481e-05,-3.7764605148914716e-05,-5.169019268571736e-05,0.0016268349962364774,0.0024771960874129103,0.0019479415429329396,0.0017209736087208487,-0.07483142252145611,0.13432818878115996,-0.18004641761869733,0.1344124455097506
1.3468499819776783e-05,1.3084979511787478e-05,-2.61741259921863e-05,-2.8916353108250595e-05,0.00096441060741197,0.003015398059053681,0.0003701542884127437,0.002833794306772504,-0.05765345524344537,-0.02668779445300576,-0.13551103328534186,0.08815169410058046
2.0868334501491153e-05,3.7829058902104534e-05,-2.4333343478820868e-05,4.617661889800994e-07,0.0005155563289309041,0.00193341781900973,-1.9977857396575845e-06,0.0030418295526736354,-0.032117400452767814,-0.18970825355578444,0.06108061845486161,-0.04654464492035418
2.4684377408658002e-05,4.751007874336605e-05,-1.893366420666592e-05,2.6774789360379003e-05,0.0002476522525024656,2.786149242573442e-06,0.0010819336401706467,0.002220775081606146,-0.021463414832919886,-0.19641808039764688,0.15570566672719927,-0.1176662492931437
2.4594198375379558e-05,4.0408129802866504e-05,-3.0438040940335326e-06,4.2115971839786054e-05,-0.0002656880591581545,-0.0014231759373424832,0.002096038382355831,0.0008474614142752641,-0.08120464749920414,-0.08877433691936445,0.04711528170983764,-0.1569964841730326
1.7686595292431705e-05,2.5855904334322527e-05,1.5406957053644344e-05,4.394050752096893e-05,-0.001115832557431416,-0.0014872691563663123,0.0015941138471797442,-0.0004825542780386887,-0.08882425215544815,0.07595569311459863,-0.14750018874505505,-0.10900665428975795
4.104679950640346e-06,1.4933649668582392e-05,2.1572252916788694e-05,3.566622315338162e-05,-0.0016005505109268558,-0.0006971817767817147,-0.00036105467455087433,-0.0011723025954787742,-0.008119338543639831,0.08206178280232088,-0.24353351560106862,-0.02894300919825915
-1.0328514992214785e-05,9.504606217587962e-06,8.056247613674453e-06,2.3190630096719626e-05,-0.0012860884776441704,-0.00038862691341717137,-0.002342146386071974,-0.001322816015853624,0.07101174520017689,-0.0203508101294122,-0.1526848267031513,-0.0011596748767108145
-1.8450097529187222e-05,3.1569082463913867e-06,-1.923303467710095e-05,8.567997969304544e-06,-0.00033822802975031667,-0.0008809126808221436,-0.0031157100720831062,-0.0016017104096293928,0.11856034437859386,-0.07810634335158226,-0.002027910499075136,-0.054619203878442935
-1.7484254920682972e-05,-9.462179491736787e-06,-4.75252498327951e-05,-1.064457322529112e-05,0.0005313965514511665,-0.0016429048668034911,-0.0025427329590557244,-0.0022408038292897397,0.055364571861702766,-0.07429209384468724,0.11662333310455153,-0.07319948005362648
-1.2503210168738255e-05,-2.702288108668598e-05,-6.815314511172795e-05,-3.585709875468706e-05,0.00046481239893777696,-0.0018692354521863469,-0.0015828460967308457,-0.0028017012765894473,-0.06868140236438067,0.029025976768116107,0.07535403936042417,-0.03898000940631502
-1.2719196306355348e-05,-4.121882667675721e-05,-8.066504499388636e-05,-6.554151416266419e-05,-0.0005080096264611957,-0.0009699536658278995,-0.0009195338797008347,-0.0031351818050059793,-0.12588300271541386,0.15083038050357336,0.05730840404557802,-0.027716096276991398
-2.201296561873719e-05,-4.4601922077053094e-05,-8.82013882849915e-05,-9.648282773681194e-05,-0.0013507442360151728,0.00029333458576872315,-0.0005877347785201935,-0.0030530809098235716,-0.04266391919538154,0.10182726981575116,0.009051416190550221,0.04413627531347292
-3.324486808171726e-05,-3.896876126161278e-05,-9.348335455549102e-05,-0.00012319045402989608,-0.0008956362565808418,0.00083329757731934,-0.0004686584755797102,-0.0022884443487932566,0.13368551508224774,0.0061653284943722075,0.014763844397546438,0.10879103689259012
-3.4297495701552804e-05,-3.214419228568218e-05,-9.71749670613954e-05,-0.00013829655980801417,0.0006851107326137337,0.00053161621786678,-0.0002696640256011665,-0.0007327768068303615,0.18246388275666736,-0.0665016003848842,0.025035045598162303,0.2023424714999889
-2.0945886607038553e-05,-2.8614608777056314e-05,-9.792606398135403e-05,-0.0001353282115149541,0.0019852110862891167,0.00017430048385839287,0.0001194446416094417,0.0013264464654423787,0.07755618797840924,-0.004961546416793222,0.05278668784395933,0.20950218295455914
-8.9515660737575e-07,-2.478151294873199e-05,-9.20435535653328e-05,-0.0001137455668937348,0.002024934913643444,0.0005923186818064716,0.0010570574415948034,0.0029900824588014793,-0.06961142250754382,0.08856518600640897,0.134735872153113,0.12322501571726097
1.3094239664464764e-05,-1.345957073908408e-05,-7.382091995658858e-05,-7.820530207829752e-05,0.000772944340724659,0.0016720697601231105,0.0025874692801540417,0.004117970504285977,-0.18078669207621312,0.12738502965691878,0.1713464955587346,0.10235259337963853
1.3846939594361799e-05,8.352891537105021e-06,-3.976385824556454e-05,-3.386494853204251e-05,-0.0006224043547452523,0.00269042269511471,0.004223943062050765,0.004750100204965024,-0.09828304701776913,0.07628555734140119,0.15594826082061009,0.0240733467561709
7.0796072460202875e-06,3.6837953537237755e-05,8.015361643650865e-06,1.4713360352805063e-05,-0.0007310621149230501,0.003006589704911836,0.005331900915792316,0.00496556157200449,0.07655149498220956,-0.013052155381976016,0.06564330992770018,0.019018926651722223
5.744394834901715e-06,6.49121691593834e-05,6.238086894540319e-05,6.631029193286335e-05,0.0004640196326993355,0.0026082534195172933,0.005541200544558149,0.005353824744007167,0.16246485454226756,-0.06661510169693252,-0.023783384174533517,0.058633707748813046
1.817352202205032e-05,8.848588711353522e-05,0.00011470608738801957,0.0001228445192658231,0.0020218058047303854,0.00210649017131307,0.004923843143965128,0.005953020722584783,0.14909237986394241,-0.03373754794391215,-0.0996880959440708,0.061205487966710104
4.271989056156123e-05,0.00011050567578412862,0.00015833786159868873,0.00018325757872560583,0.002887467903171797,0.00229746756280561,0.003802511698168704,0.006129591169371763,0.024040039824339887,0.07193302624242015,-0.12457819321521402,-0.025891398609313887
6.883638548573445e-05,0.00013741103890229763,0.00019196743283315696,0.00024084408135011397,0.002335831081662847,0.003083605060828193,0.002923402548724942,0.005387709355529865,-0.1343674041261298,0.08529447336209639,-0.05124363667353837,-0.12248496415906573
8.545041781601175e-05,0.00017067625616731948,0.0002209886071524251,0.00028632857233058334,0.0009869753843926106,0.0035694383921761772,0.002880832315128687,0.0037091888405640107,-0.1354037353279175,0.011872192907500523,0.04272958995428733,-0.21321913883410515
9.085648486619315e-05,0.00020292105159259362,0.0002528150110542725,0.00031378855052919825,9.423802564366977e-05,0.0028795206928786494,0.003484448465240792,0.0017828067991589704,-0.043143736421870665,-0.14985573276700603,0.0779936400681337,-0.17205726944690292
9.152815195526186e-05,0.000223470380108401,0.00028684292077578715,0.00032520367371589344,4.0095392170072534e-05,0.0012303450102828268,0.0033211334790621376,0.0005002178381800675,0.03231520972715122,-0.17997940375215848,-0.11065663730386455,-0.08446052274887766
9.351673498142688e-05,0.00022764673161399808,0.0003100132738655665,0.00032798629543296303,0.0003576212130629315,-0.00039507470916340967,0.0013129371388937322,5.63065052338509e-05,0.03118995445142058,-0.1451045401370888,-0.29098263072981656,-0.004321743840365655
9.629876861894718e-05,0.00021962834303420635,0.0003083014948300924,0.0003278573965803153,0.00019878551444112876,-0.001208603006794937,-0.0016552929459885514,-8.20862757634026e-05,-0.06295709417578113,-0.017601119389216657,-0.30266338624664013,-0.023356812359085048
9.401949015451508e-05,0.00020670661304469812,0.000279601968411409,0.0003231561701332807,-0.00065464120732755,-0.0013757429911067103,-0.004084612337748131,-0.0008581590136435163,-0.1077282501779546,-0.01582687747313799,-0.18320049210527578,-0.13185773521693767
8.311553035393374e-05,0.0001902275303641984,0.00023541745461976748,0.0003050046776468192,-0.0015261507527887179,-0.0019200735449932341,-0.004752290420580171,-0.0027721394836487823,-0.066573658914279,-0.0930392333041668,0.04966487553886789,-0.2509383587841155
6.628598085702813e-05,0.0001648211076065342,0.00019126856635979408,0.0002645787926119915,-0.0018397591465924028,-0.003161211006539606,-0.004077487231414509,-0.0053130375233167515,0.0038519801535420173,-0.15518825900510752,0.08529576229426439,-0.2572412491494783
4.8094357301406226e-05,0.0001274144415544548,0.00015297971190149232,0.00020034083220354392,-0.0017985655645319791,-0.004320122203876274,-0.003580283660245842,-0.007534554558372767,0.004386736258542717,-0.07659398046222615,0.014144951939469075,-0.18706215786172475
3.072840065299651e-05,8.306563692860359e-05,0.00011450399733574582,0.00011948294931171219,-0.0016746257651499635,-0.004549638721293967,-0.004114859252903458,-0.00863702201999358,0.020401223617860426,0.030690676978687603,-0.12106007047099221,-0.033431334462437845
1.4955894079343877e-05,4.157955573689439e-05,6.514747585958685e-05,3.4144137621118566e-05,-0.0014798755495805632,-0.003747577517047872,-0.005756445042328337,-0.008430740318125143,0.018548819496019636,0.1297215638705314,-0.20725708741398352,0.07468767483612548
-1.6668534542472595e-07,9.545313098223362e-06,-5.916293791370431e-07,-4.55630488313013e-05,-0.0015446403353731575,-0.002659271010686334,-0.007391376005416443,-0.0075106969723588305,-0.03150177665453849,0.08793973740177624,-0.11972910520363766,0.10932099431713704
-1.66633135980409e-05,-1.6788415424805005e-05,-7.493215722241734e-05,-0.0001158862602085589,-0.001754685315150077,-0.0026074746939193398,-0.007476729563239617,-0.006553945303092692,-0.010507219300845388,-0.07758047404837737,0.10265839363900298,0.0820293395360906
-3.486216549812803e-05,-4.8377514139066595e-05,-0.00014136032341822413,-0.00017719184981351867,-0.001885085064867349,-0.0037103450489329773,-0.005808903675921739,-0.005707172617899261,-0.015572730642609028,-0.14299359695435016,0.23090678382457253,0.0873251975025956
-5.3399423303062803e-05,-8.99814531915298e-05,-0.0001890854314229451,-0.00022916766688222597,-0.0018223664961196052,-0.004610442761559664,-0.0037361179250224564,-0.004687990795842199,0.028116444392157797,-0.037025945570987095,0.1836503663552841,0.11651116690881691
-7.03277132080894e-05,-0.0001338282525449394,-0.00021850184152703893,-0.00026863980108736223,-0.0015632914848857133,-0.0041589171091222545,-0.002147164095796308,-0.0032064360451850545,0.023698557854620578,0.12733107605846888,0.1341403994899456,0.17979978322261203
-8.539081512576034e-05,-0.00016573259343599704,-0.00023459793661795753,-0.0002910963342857674,-0.0014493288986484759,-0.0022219510690892753,-0.001072054922387411,-0.0012848705944959755,-0.0009060406071731142,0.26006213194812694,0.08088143519183377,0.20451330691520375
-9.766380311916015e-05,-0.00017499339573865365,-0.00024198654381899596,-0.00029478902844780493,-0.001005268700031487,0.00036979060855795364,-0.0004056665178202763,0.0005463317620884658,0.08971808033057091,0.2582862035813189,0.05239624572159318,0.1617271644016845
-0.0001005994188811774,-0.0001609171091101113,-0.00024156830317637826,-0.0002823677588579904,0.0004181455476280377,0.0024454667171505155,0.0004893146463438161,0.0019379221558744417,0.19496476920133402,0.15684901813719349,0.12659998711122528,0.11659091435551067
-8.724074921679959e-05,-0.00013235994768133512,-0.00022836315635852913,-0.0002579416551930474,0.0022535883852475252,0.0032659655686047206,0.0021517147172260102,0.0029472985771141534,0.1721237983225635,0.007250752153647511,0.20588002706521352,0.08528436989243166
-5.8221947861770346e-05,-0.00010029159867319132,-0.0001959968547758491,-0.00022534230418035358,0.003550171885758324,0.00314770423302404,0.004321545599309997,0.003572571625424614,0.08719290177959618,-0.030903019269783616,0.22808614935158372,0.03977023976966049
-2.2415665569926295e-05,-6.837898719643643e-05,-0.00014382987869269065,-0.00018692706486330067,0.0036110845726104865,0.0032348180623269383,0.006111849617321692,0.004110476237985968,-0.07501036440916367,0.048325785130363286,0.12997465425075522,0.06781068274261032
7.043987559156012e-06,-3.109131686176475e-05,-8.032878786991739e-05,-0.00014201397336703023,0.0022808460532059757,0.004222716004607397,0.006588368547232961,0.004872142061268119,-0.19103733947173848,0.14925380332572852,-0.034670868268501354,0.08452248191382
2.2355244171731366e-05,1.6392107659281895e-05,-1.9554772192742562e-05,-8.710749176110982e-05,0.0007814052693090952,0.0052739688996019315,0.005566434588202003,0.006109154259915962,-0.1088508173076376,0.06099677567317835,-0.16971592353769033,0.16287995781574865
2.7690320904410366e-05,6.675427828947529e-05,2.984988409416603e-05,-1.9090562573071547e-05,0.0002856100772267048,0.004798465226436746,0.004314496669179718,0.007494231577691694,0.00969177889115952,-0.15609751030621538,-0.08067166026676681,0.11413550573939762
3.313329158764275e-05,0.0001029922732638788,7.085033430215901e-05,5.6615148252960044e-05,0.0008029840594197728,0.002449133768443957,0.003885593372418878,0.007646910587514625,0.09378301754745408,-0.3137687812923425,-0.005108999085401134,-0.08359970377481135
4.4866328540851914e-05,0.00011437057238867224,0.00011004580849218952,0.00012655713449595817,0.0015436233312220592,-0.00017347394348526815,0.003953501465587224,0.006341486661085,0.0543448368130032,-0.21075276109350255,0.01869061771907038,-0.1774850815111137
5.8760836995039e-05,0.00010913954945928361,0.00014880504292490366,0.00017985071042239562,0.0012352783596153581,-0.000872730642392458,0.003798345420955604,0.004317228524202489,-0.11601383113434341,0.07090142131206459,-0.04972182664539443,-0.22736654586538846
6.395755503555648e-05,0.00010807742035055776,0.00018065699379050948,0.00021158849944120654,-0.00019593475151186168,0.0006603048206472878,0.0025720447521655606,0.002030329279559696,-0.17022879109110053,0.23570567129588457,-0.19553830711261427,-0.23001330306317008
5.678544819524056e-05,0.0001235404866568304,0.0001965884884104353,0.00022089304401867326,-0.0012384866165513232,0.0024323084406072384,0.0006142541718196014,-0.00016942036406635257,-0.03828158191679176,0.1186950526961055,-0.1960198089565776,-0.2099366256620397
4.743344258626246e-05,0.00014724907291623177,0.0001951769138781457,0.00021131059830450453,-0.0006319145052442966,0.0023094088112730364,-0.0008965690782775212,-0.001747068778767393,0.15959600417819708,-0.14327497856294594,-0.10614484106284688,-0.10559305727816842
4.9641399733922816e-05,0.0001590456341371193,0.00018324818159595467,0.00019057495518998795,0.0010735059347763685,4.990343290447053e-05,-0.0014891773781606826,-0.002400059844135923,0.18148808382593595,-0.3086260971107673,-0.012376818913785392,-0.02500515579553758
6.455664889074887e-05,0.00014805149832213812,0.0001666546414297115,0.00016623906173685266,0.0019095438965888419,-0.0022487305959007064,-0.0018295306550879502,-0.002467118846491135,-0.014280491463441292,-0.1511007086502681,-0.055693836471668146,0.01159335532449518
7.800722559421373e-05,0.00012398561146439343,0.00014549374475587704,0.0001425257349777345,0.0007805714441041307,-0.002564446775648232,-0.002402648679678942,-0.002275546505332497,-0.21151399903350093,0.08795747270076298,-0.058929768446530195,0.02672111290723239
7.417426089810161e-05,0.00010411711181893469,0.00011900626455217358,0.00012075348536062084,-0.0015471643833265558,-0.001409253153443515,-0.0028948473610617515,-0.0020789034180902356,-0.25403316645263635,0.14308125174018044,-0.03950996783003169,0.012607504541219894
5.047333622417617e-05,9.228110497848048e-05,8.957119556791208e-05,9.880622242763023e-05,-0.0031930205514585325,-0.0009579482146473281,-0.002992166435790547,-0.0023105491685078854,-0.07513806717375898,-0.05282026398094308,0.020046152884272583,-0.058936654624749896
1.995612861424022e-05,7.795083076578963e-05,6.187733372227527e-05,7.278505696472967e-05,-0.002910420970528657,-0.0019081066278908419,-0.0025466059333368158,-0.002893683924072226,0.13165798335973405,-0.13721141866775965,0.06906594760647367,-0.05769029648811824
-8.344379612076823e-07,5.2145952012337666e-05,3.903472089129534e-05,4.2836894505700875e-05,-0.001247692344560923,-0.0032528691227995503,-0.00202191663285917,-0.003095948567733533,0.2008877418338127,-0.13174108031398202,0.035871912489055524,0.01723736775585677
-5.754893574454278e-06,1.875465170429053e-05,1.8599233722361193e-05,1.3122887724844847e-05,0.00026360122191160414,-0.0034253909388098774,-0.0020651808009276595,-0.0028468527884376728,0.10137097146069274,0.09723671711191662,-0.044524746102753476,0.0325817881033153
-2.728102491805823e-06,-8.53194744176097e-06,-3.817813915498774e-06,-1.2517043956891741e-05,0.0003417569946180868,-0.0020319288904004223,-0.0024182287266443342,-0.002281133547909645,-0.08573981691939621,0.1814556925699744,-0.026084839040581453,0.08056206000229021
-5.037189284380571e-06,-2.0879426120307657e-05,-2.7454703886389864e-05,-3.2459010700985585e-05,-0.0008035743531330363,-0.0004375668453089152,-0.002309149267533884,-0.0017072598009091233,-0.14332645263082844,0.13741671644832704,0.04790073086267155,0.03421268939781413
-1.739329264111651e-05,-2.194006082939268e-05,-4.6496988957076547e-05,-4.8203610105594625e-05,-0.0016676463182141513,0.00022543990349191043,-0.0014993077466034527,-0.001441660080012685,-0.02948794038539454,-0.004815366688161904,0.11406757332341466,0.018907254781473537
-3.25786809684939e-05,-2.311968037925934e-05,-5.5240164049190735e-05,-6.10939164538234e-05,-0.0013694313472613264,-0.00046136381346524255,-0.00024932727181938507,-0.00113640118963307,0.0891309345759595,-0.13254537670326869,0.13592852163339886,0.042144523294449454
-4.0976379599225244e-05,-3.202763945025259e-05,-5.304904723749967e-05,-7.04351981287427e-05,-0.0003101083788849422,-0.0013202280007334078,0.000687550634157598,-0.0007318551453507902,0.12273365909931733,-0.039227460750364346,0.05144705956199774,0.03876468556200652
-3.9164120214699e-05,-4.3741736350384964e-05,-4.5635717700765706e-05,-7.409882796712495e-05,0.0006725602557901909,-0.0010225913792930668,0.000795115273189195,-8.708223256598605e-07,0.0738000678357093,0.09875478503843257,-0.029934131755678328,0.10743217904301955
-3.0510484563219788e-05,-4.759396294664381e-05,-3.9801517187002386e-05,-6.92004700029962e-05,0.0010581668745056516,0.00025214606004129677,0.0003717248295634691,0.0009805424151514096,0.0033212559073828585,0.15619270282844014,-0.05474395696946685,0.08885046845239436
-2.0250636645701453e-05,-3.8229934375586136e-05,-3.7846791204786756e-05,-5.657834895066078e-05,0.0009938027089980153,0.0016206596541702386,1.9220366879656886e-05,0.0015438817953156748,-0.016194089008910117,0.1175100159973482,-0.0157569355672956,0.023817407580458694
-1.103570156001823e-05,-1.8747007920014767e-05,-3.6167907967451795e-05,-4.089869000595594e-05,0.0008491843081386293,0.002275925636944035,0.0003165562805873354,0.0015920499936252937,-0.012729591162967069,0.013543180557411133,0.0752241183088313,-0.014183767918534929
-3.4731512856460213e-06,1.2172647552199363e-06,-2.7942035782020014e-05,-2.6182615116865078e-05,0.0006633257467358125,0.0017169288981029058,0.0013286181564990207,0.0013511649841928776,-0.024442121117596305,-0.125342528325637,0.12718825687350577,-0.03399323396794829
3.3736483586469397e-06,1.2076528916916559e-05,-9.941470473192485e-06,-1.3624195755714725e-05,0.0007060341821227797,0.0004549239342364188,0.0022714949052664857,0.0011605188880371932,0.03298380819498975,-0.12705846444766042,0.061387092879987226,-0.004135985263188591
1.0755202925183414e-05,1.4127293630225312e-05,1.1700481391547301e-05,-2.7134941474006402e-06,0.0007702767311845154,-4.477099157466815e-05,0.0020568954676814712,0.001021621433625624,-0.020135298382642608,0.027119479285443032,-0.10430698039699016,-0.02364350561912526
1.689485199438576e-05,1.7227348249051086e-05,2.4783923718413757e-05,6.8283801028480305e-06,0.00045765308265595373,0.0006647819153398231,0.0005597929976918199,0.0008867534164241099,-0.042389431323069715,0.11479110209745522,-0.1951135136009401,-0.0033300978211775467
1.8981211783918632e-05,2.7390890406772325e-05,2.3601190881010898e-05,1.4910292843328908e-05,-4.0381124749379045e-05,0.0013679265162044245,-0.0007963395651723918,0.0007296291316720656,-0.057217410157996834,0.025837818075465063,-0.07611299897190227,-0.028094759129231317
1.730555436245172e-05,3.940103536423574e-05,1.5169864923573208e-05,1.9022347179534838e-05,-0.00029475035954400333,0.0010341024752882591,-0.000889925626315146,9.278173556912048e-05,0.006343563199071978,-0.09260262625869811,0.05739578674335144,-0.09927472009135771
1.531737184799613e-05,4.271016695571569e-05,9.916485261216534e-06,1.623712667549887e-05,-0.00010288614334711481,-0.0003722761569922698,-0.0001607503061561886,-0.000649825836376314,0.032029280040305724,-0.18867310019740766,0.08843927728844003,-0.049246794297729185
1.5515647289557735e-05,3.1468022052407695e-05,1.0817777058439926e-05,7.67453520324367e-06,0.0001425412316594359,-0.0018761528236693286,0.0003410086656008668,-0.001062692458074726,0.01705619496100441,-0.11210223313800408,0.011912517062971056,-0.03332653004195321
1.5585622328569307e-05,1.1397651193359384e-05,1.2304844111226171e-05,-4.819036534439756e-06,-0.0001285462238571215,-0.0021379213481403335,-4.359525504361763e-05,-0.0014360218894619592,-0.07127368606431589,0.059748528243803084,-0.08883330119186794,-0.041339356235493424
1.1045051553201763e-05,-3.7258783797164537e-06,6.232034020418647e-06,-1.9466099998592397e-05,-0.0007795679312163874,-0.0008867845664748335,-0.0011709667631178873,-0.001493390803368569,-0.05893065540753728,0.19047882808929692,-0.136641000422986,0.029865573454171485
2.654678635589718e-06,-4.896271388369663e-06,-1.058714152064724e-05,-3.250965640624783e-05,-0.0008985066523060214,0.0006527059647441918,-0.0021928683450952906,-0.0011153204781625171,0.03514291118961049,0.11741927815450812,-0.06773931597249466,0.04574849158703889
-2.255856746984301e-06,3.0458071577226345e-06,-3.24776447062706e-05,-4.2154726170452834e-05,-8.360042420878255e-05,0.0009357097444742679,-0.002185232292029381,-0.0008136934746784839,0.12783833442983727,-0.0608185222084929,0.0692665265856765,0.01457690910976775
1.991755476843351e-06,7.0601931747671135e-06,-4.698902425296034e-05,-4.9923952656171515e-05,0.0009331228689743129,-0.00013283254106537224,-0.0007170436173085655,-0.0007401518224652524,0.0755063242067818,-0.15288993489943511,0.22437120835848662,0.00013142133287855073
1.2700269543211116e-05,1.3295144924307004e-06,-4.4175158944179646e-05,-5.6821627400475184e-05,0.00120857994429924,-0.0010133031954019105,0.0012798166790647038,-0.0006393831263954814,-0.02041490914179636,-0.023204195967872515,0.17500085091616724,0.02002231788107564
2.1340285713757634e-05,-5.132583735220686e-06,-2.6296487871370415e-05,-6.041500017431542e-05,0.0005194232898100638,-0.0002791164501283667,0.002295917535497142,-7.92914283725656e-05,-0.11741642175603886,0.17004154502258126,0.028219320370320378,0.09199602172350752
2.0979462172429952e-05,1.3897225025676905e-06,-4.760272099235379e-06,-5.554058979842124e-05,-0.0005915879980756003,0.001583577697686042,0.002011325618929865,0.001054173503551401,-0.10478583582109396,0.2024972845403005,-0.08513770368377582,0.1346969646612858
1.2844174942338933e-05,2.256202251173863e-05,1.1852603760967263e-05,-4.007403187941115e-05,-0.0010354694479426036,0.0026508823041481453,0.0013112495531106636,0.002039138080250618,0.01600954584769332,0.01096363675212017,-0.054877509480064424,0.06229595067855767
6.969708293510993e-06,4.617583651132032e-05,2.3989446278365764e-05,-1.9125890205361727e-05,-0.0001394238818229846,0.002071880495768192,0.0011161189503690367,0.002150490254559266,0.16319956737623048,-0.12676399842811079,0.01585138893173904,-0.04002551581682803
1.3880117217651475e-05,6.009536793945758e-05,3.639083313596959e-05,-3.129515861366312e-08,0.001521505666651081,0.0007120257898592603,0.0013641584211517292,0.0016684287547903468,0.16898634231858262,-0.14520694275367554,0.03375650522479945,-0.05638678413695583
3.296312080504841e-05,6.29589537577876e-05,5.068809929162425e-05,1.545942285952708e-05,0.002295095050828306,-0.00013930862619325772,0.001495294809979203,0.0014297148488378018,-0.014268465483137593,-0.02505994045682805,-0.007529227459304733,0.008644002946446822
5.1075941270837134e-05,6.350336247226717e-05,6.428012434707378e-05,3.090432773586757e-05,0.001327469042329439,0.0002481903690891734,0.001223110201110702,0.001659266126430297,-0.1792567362166358,0.10255973951331428,-0.046907694314395454,0.03726625257205221
5.5882520672181034e-05,7.046586846658411e-05,7.485245737022776e-05,4.906618505600749e-05,-0.00036615316206065887,0.0011443108297742148,0.0008913564035200943,0.0019731053375976874,-0.15946770466138377,0.07666435262369399,-0.019443065203726073,0.025501589661425877
4.688819348277982e-05,8.276824042801232e-05,8.392193395267836e-05,6.98265753734868e-05,-0.0014327122758195836,0.0013161635625114259,0.0009225389129700265,0.002178972725898175,-0.053844118090401155,-0.042293806076251786,0.025679567093712496,0.015671887998671613
3.378569012835013e-05,9.173215153069998e-05,9.571146457655803e-05,9.224235258296267e-05,-0.0011877883950663552,0.0004766186580261077,0.0014353672118059065,0.002304182715996998,0.10282889424104683,-0.12561517482081186,0.07688609267346352,0.009370110021092976
2.8323297339976066e-05,9.142418542200853e-05,0.00011246317395654514,0.00011627954744578521,9.530983739154306e-05,-0.0005382118797643988,0.0019149746641915163,0.0025032562565675113,0.15379075225053282,-0.07735093273728946,0.019035397803658427,0.030444598093009728
3.486997690106287e-05,8.535665583017245e-05,0.00013087303925840015,0.00014132967772224233,0.0012140260748258185,-0.0006752940386028166,0.0017669983961794858,0.0025067697987239115,0.06995249523632224,0.049934500969605916,-0.04863065140606454,-0.029741889661729665
4.731631385022305e-05,8.377522790128743e-05,0.00014489024432602464,0.00016337696010003242,0.0012752413150062174,0.0003590084528258125,0.0010364426173454114,0.0019026866768341085,-0.05770944720024246,0.15692599731611992,-0.09748050436075034,-0.09107473471623093
5.6612361826207504e-05,9.520265413244869e-05,0.00015156790348935852,0.00017848175518818033,0.000583968280190673,0.001926476793406439,0.00029908921532136425,0.0011182723407954722,-0.08054515976286641,0.15656767080000536,-0.04999017604405909,-0.06580813249149634
6.022349171860622e-05,0.00011864021639191958,0.00015388524337641175,0.00018552020711594164,0.00013825769828906955,0.0027610356584877385,0.00016437876208928254,0.0002894180447567897,-0.008596956617454271,0.010344102216254564,0.023048085397642748,-0.09996272671624015
6.276687023622996e-05,0.0001425802606412348,0.0001580168432843551,0.00018405004641279342,0.0003704180052356794,0.002026973191375309,0.0006619412194993884,-0.0005834501853864327,0.055029018006776245,-0.1571565956387405,0.0764644060843784,-0.07461091931240432
6.846815507681296e-05,0.00015346667938638712,0.00016728009889046226,0.00017637362166653223,0.00076983896288092,0.00015031055765515346,0.0011907099017220433,-0.0009518347638658058,0.02485517352227186,-0.21817593110529057,0.02928933036015255,0.0009340036165296772
7.504108107340553e-05,0.0001464112059980056,0.00017811876378253166,0.00016802000461332996,0.0005447462364375947,-0.0015614052353314601,0.000977023076691837,-0.0007188886467746479,-0.06987371881093692,-0.12416722749203216,-0.0720266953661938,0.045655219801701896
7.520351770474247e-05,0.00012908321076538133,0.00018080690159815387,0.0001627683361604188,-0.0005122589101702071,-0.0019041938111933926,-0.0004393955135673956,-0.00033144504380758574,-0.14152731051062345,0.05560951231964564,-0.2112570226856527,0.031833500791710545
6.439140737033629e-05,0.00011376669383582416,0.00016603311646933038,0.00015831303551297986,-0.0016501631567110288,-0.0011591095747180414,-0.002515361512197302,-0.0005596150856802012,-0.08605353879754091,0.09340733497542461,-0.2039361770403286,-0.07746750916623363
4.669774351146616e-05,0.00010255001394966675,0.0001349394037858275,0.00014634170570744132,-0.0018885696150629978,-0.0010842264025134399,-0.0037033810245032765,-0.0018346508754275058,0.0383722471271471,-0.07843070053450432,-0.033667725420866296,-0.1775396487832273
3.182744599637248e-05,8.515983489119039e-05,9.779360620708083e-05,0.00011909754804573113,-0.0010854898879557374,-0.002393809409181832,-0.003725778491246055,-0.003614180656914533,0.12224369829430498,-0.18348590079917412,0.02918823207231061,-0.1783663075141781
2.569752681409106e-05,5.432294441948946e-05,6.211433878796561e-05,7.407745318179113e-05,-0.00014049394850054677,-0.003773568685158355,-0.0034100749925769897,-0.005389838315873466,0.06675548959673314,-0.0924659543961305,0.03395246766150248,-0.1767652242776086
2.4530843886996073e-05,1.7644143040239988e-05,2.7052710707322798e-05,1.4128162388051459e-05,-9.284263691845061e-05,-0.0035621915906915392,-0.003602250623551573,-0.006600019842874466,-0.05722522728031391,0.13474137328949368,-0.07238759385641921,-0.06527108112259133
1.9333757406134748e-05,-1.0510478836756449e-05,-1.271023746277657e-05,-5.211061017557371e-05,-0.0009465746592538146,-0.0020687327847077486,-0.0043503390104683,-0.006647734669850568,-0.11352117718675889,0.16395038790726443,-0.07723008352692609,0.055728115727370964
6.1827007011851995e-06,-2.6251553364303825e-05,-5.839505719305885e-05,-0.00011362482735073413,-0.0016836366817360952,-0.0010794821208017264,-0.004786624935588154,-0.005655108765181514,-0.03389122730969721,0.03389974487394001,-0.01002710149704486,0.1427970652064397
-1.004461520330045e-05,-3.887026723112004e-05,-0.00010272423342054564,-0.00016166496018561678,-0.0015618264991610347,-0.0014442606525615158,-0.004079210309909204,-0.003952917801795016,0.05825326382470933,-0.10685545122589793,0.15151002663283494,0.19764112747086
-2.156715861500168e-05,-5.8111731711402955e-05,-0.00013580474123906503,-0.0001923294621279895,-0.0007426821831792109,-0.002404032243495068,-0.002536891253794673,-0.0021799825866795275,0.10557559937165542,-0.08509886696081245,0.15695378459007117,0.15694591555223775
-2.4948221121093928e-05,-8.193614873597201e-05,-0.00015417903170521362,-0.00020613464704634176,6.646968196076118e-05,-0.0023608511614187427,-0.0011379668394350456,-0.0005810543969909242,0.05625477365633899,0.09373508337607747,0.12283109828185432,0.1628397223854829
-2.344725913138884e-05,-9.825265453816661e-05,-0.00015977828257040115,-0.0002059103179406611,0.00023372271598025637,-0.0009024499990201772,1.811666639754141e-05,0.0006259202181270586,-0.022804166852439953,0.19794514910363561,0.10838560288466306,0.07855520063811366
-2.2050585952034032e-05,-9.573189004083876e-05,-0.00015426621539358135,-0.00019559540342424015,4.5611919890705175e-05,0.0014066028984857477,0.0010842967689664177,0.0014370626851571285,-0.014817992365470288,0.2638654303975494,0.10485041762911218,0.08367329276790031
-1.9838990417947486e-05,-7.330117855461879e-05,-0.0001380245473779305,-0.00017623536882107138,0.000396707186926604,0.0030795393987582465,0.002164036834163755,0.0024349442354766266,0.08503704577265006,0.07072186965695038,0.11109759541035524,0.11590301729599933
-1.0259529806486234e-05,-4.209530688660939e-05,-0.00011004400305442594,-0.00014587533390172228,0.0015191849353656463,0.0031616349348436326,0.0034320720305371557,0.0036370627483931937,0.1394585039151584,-0.0543027624398732,0.14250944386432496,0.12452068528731403
9.24103997899058e-06,-1.2833899906745477e-05,-6.91664638063075e-05,-0.00010196111970018975,0.0023809290217297165,0.0026906464611291506,0.004743435819086534,0.005145780091913312,0.03289031335765563,-0.03989493230302321,0.11976331384555061,0.17722278341670966
3.223255115840938e-05,1.4183017225359095e-05,-1.6564004449499386e-05,-4.249252024053323e-05,0.0022173732141540434,0.0027127369652917635,0.005777056052275087,0.0067479398000179925,-0.06560147487279028,0.0443130331355458,0.0869607327921601,0.14320915820422636
4.973794698950713e-05,4.473195699732752e-05,4.486391280017237e-05,3.138728251449438e-05,0.0012837059520655072,0.003397050989101923,0.006508527397659265,0.008028020750987528,-0.12113197754491695,0.09254977162648614,0.059333536284675525,0.11280703198968073
5.884476454677699e-05,8.341470443604561e-05,0.00011167344267516585,0.00011605212076716865,0.0005376575593884646,0.0043394984986416954,0.006853378577339431,0.008904946899547328,-0.02807770099049156,0.0959397302814683,0.009636699651357605,0.0625781977222793
6.411092309334542e-05,0.00012878953326245373,0.00018077993114669894,0.00020579896784624177,0.0005155741499252218,0.004735467266639927,0.006967919116967187,0.009044422516267296,0.023661019097843017,-0.016745976681821984,0.013271408274193708,-0.034683074378285605
7.262292045383241e-05,0.00017264738426567657,0.0002515465687076191,0.00029484705749919377,0.0011868253221721764,0.004036102934004641,0.007185408395216841,0.008765195414323102,0.11058921535154786,-0.12312688984523523,0.030226447375737098,-0.02116234601055339
8.887515439604844e-05,0.00020793796429438056,0.0003227730389559697,0.00037949217168176434,0.0020636214662710295,0.0030220130717361574,0.007059885654453277,0.008163827422191013,0.06477001346822275,-0.07969108260846147,-0.05533099552844989,-0.09911125241586444
0.00011165611432370399,0.0002366529117159474,0.0003872016991276724,0.0004548959321365331,0.0024925705192600798,0.0027209764125772098,0.005825846379887269,0.006916924668762735,0.021019797129587348,0.01948375077667197,-0.19147685938475167,-0.15026929826979124
0.00013580139377764687,0.0002657144868429678,0.00043579568250557023,0.0005148684081206659,0.002336485371528495,0.0030913386128268707,0.003892950295692293,0.005077570528063823,-0.052236826675904235,0.054588689273260216,-0.19510235745424354,-0.2176015298699912
0.00015581033661022457,0.000298230598387249,0.0004663479813936986,0.0005538231258771385,0.0016653031949870457,0.00341188369602937,0.0022175094819333815,0.0027133730232307062,-0.08199960863238565,0.009520327367239623,-0.1399858052975388,-0.2552379710966321
0.00016813229854293282,0.00032915276658327405,0.00048274143915696564,0.0005688050164086063,0.0007990891915546029,0.0027725499431756387,0.001061182070720025,0.00028300508306284373,-0.09124319205410292,-0.13738707793798588,-0.0912796769451325,-0.23083561693694038
0.00017238673003698105,0.000346481368165842,0.00048753047827975734,0.0005618099766433531,5.1797107255043516e-05,0.0006931703733379477,-0.00010337424616168505,-0.0016820130361134716,-0.05821522480580896,-0.2784888360295523,-0.1416315864312095,-0.16216800689832267
0.00016924641781966655,0.00033922509507620756,0.0004782464650906187,0.0005375822666531431,-0.000679859550717944,-0.0021444249912648335,-0.0017534283916660484,-0.0031635289619285287,-0.08811610678878853,-0.28903023689100393,-0.18837924266966316,-0.13413517826468868
0.00015755287678347524,0.00030589880651603904,0.0004494816071646122,0.0004988209034766979,-0.001658848656520318,-0.004520832720768869,-0.003999543193535245,-0.004588743673360509,-0.10768171437168625,-0.18625130900980325,-0.2608437177041761,-0.15090776402170736
0.00013492546661875876,0.0002547691426305718,0.0003968090669155355,0.00044483325218825514,-0.002866633376422978,-0.005705100056324579,-0.006534964856280101,-0.0062087865843280495,-0.1338752296088457,-0.05060215810133872,-0.24624061484479526,-0.17310081817180079
0.0001014450579446961,0.00019649618877397846,0.0003209853395333578,0.0003735776158938283,-0.003829448358389554,-0.00594949071499409,-0.00862978062015544,-0.008042340674557322,-0.0586877667844696,0.0017240263674365153,-0.1727225379302722,-0.1936099998740537
6.272803570774624e-05,0.00013603942040167757,0.00022898110049693354,0.00028411256083692827,-0.003913956089000418,-0.006141862959466089,-0.00977106718712941,-0.00985067033682268,0.04178622066229695,-0.040198475261836286,-0.05553477546452207,-0.16805593257901785
2.760534505217843e-05,7.173114315212921e-05,0.00013053208022563098,0.0001784453013555543,-0.0031105820421131435,-0.006719792490443583,-0.0099187368671311,-0.011282781559452114,0.11888858871515787,-0.07538743093366262,0.026000839464184133,-0.11836631194686875
2.207626419046103e-06,4.051581731238053e-06,3.43329414642956e-05,6.187421023359388e-05,-0.001968961684513322,-0.006816119793734649,-0.009321090885135976,-0.012031436664939972,0.1094354828048065,0.056121970275449407,0.0935283569348409,-0.031364709150702996
-1.437597210968688e-05,-5.903809599710202e-05,-5.3832611142090346e-05,-5.61590400227224e-05,-0.0013477580212332748,-0.005801815751933367,-0.008312019636141211,-0.011575213386323285,0.014805249851202934,0.14673883808480692,0.10828589286411189,0.1226093648740405
-2.883560842611804e-05,-0.00010914888670053966,-0.00013146693327076577,-0.00016260591671675916,-0.0015441692420529575,-0.004220342388754163,-0.007214844789593872,-0.00971416195248407,-0.05408749401513949,0.16955583455103396,0.11114907644535604,0.24960092189380267
-4.580114754019063e-05,-0.00014390387051386858,-0.00019593003024117095,-0.00024537878948398023,-0.0018489385807615596,-0.002730654373911623,-0.005677774604487166,-0.006840412600960145,-0.0068663737265809155,0.12838176841747395,0.19626496057598514,0.3251489484109822
-6.258653843547169e-05,-0.00016627574187191656,-0.0002412975895673238,-0.0002988549821425552,-0.0015081395982946533,-0.001743719897697973,-0.0033957372607434037,-0.003854825930754847,0.07502617021996213,0.06900512682525606,0.26014250817276735,0.2719683856300774
-7.334588548768874e-05,-0.000180461466441449,-0.0002621213836554548,-0.0003250400583988919,-0.0006437298121487573,-0.0010934250162085153,-0.0007690215568828011,-0.0013821893205124957,0.09785578700921707,0.06105384947263548,0.26520063259935317,0.22255893641839286
-7.520718697919814e-05,-0.00018571965554079164,-0.0002581094810777106,-0.00032756648013548264,0.0002714695138468778,4.17871963399874e-05,0.0015714020724316422,0.0008769049731943502,0.08518407818990995,0.16598859303706506,0.20288409326353551,0.22925992232297632
-6.824785111428175e-05,-0.00017596482324989474,-0.00023487816526050395,-0.0003078693095486422,0.0011203976591364,0.001909179261839393,0.0030748610910096906,0.003062529144173738,0.08460155086799451,0.20748982006281605,0.09780771045207415,0.20786491187290124
-5.2884945883192725e-05,-0.0001477478532010216,-0.00020040354242029362,-0.0002682464856282756,0.0019521833870814055,0.0037342147479352355,0.003820063477032377,0.004862035639899585,0.0817555947210066,0.15751727715635241,0.05123276675246313,0.15203638727226831
-2.9513622882018984e-05,-0.00010456817116937875,-0.0001571136168472767,-0.0002135249578384278,0.002722081213153343,0.004901721658393334,0.0048379216375710075,0.00608226991806997,0.07222397049338089,0.07598410493526722,0.15233886535526298,0.0920104683618086
-7.612183226762057e-07,-5.428994684425518e-05,-0.0001000825748497238,-0.0001491490246028096,0.0030283996987152126,0.005153923206631379,0.00656828676193957,0.006792916729053672,-0.010960273381006996,-0.025543795287658294,0.19373415951844952,0.05011889383493173
2.8035018252548387e-05,-4.400316335345855e-06,-2.729593130978514e-05,-7.81705880519611e-05,0.0027308476163297054,0.004824002895150487,0.007989041946048162,0.007402770581116028,-0.04855014309609443,-0.040440267008520187,0.09041687730326908,0.07185187657753955
5.192687465310149e-05,4.1874903838210316e-05,5.3565329584526296e-05,-6.549131494548309e-07,0.0020475236637809155,0.004431041139560748,0.008183210232814125,0.008100364399385225,-0.08811464741366357,-0.038152084109427636,-0.05158321995007642,0.06766688707629998
6.797105647475841e-05,8.419421420092382e-05,0.00013075493708360683,8.22829821966765e-05,0.0011613127005504695,0.004032820932981953,0.00725471126700198,0.008487214669841038,-0.08912754523242564,-0.041491957206331226,-0.1341165732123527,0.009703167014862846
7.697782366632745e-05,0.00012130291851543823,0.00019579868685801267,0.00016557694474959972,0.000640040737763338,0.0033889199299209282,0.00575403868787919,0.008171577840743604,-0.015126847325000664,-0.08728824340587374,-0.16601794261220537,-0.0728305328343497
8.419643552930058e-05,0.00015077894919664507,0.0002445038999067226,0.0002419044002629605,0.0008036816348312875,0.0025062862063204407,0.0039870039218628025,0.007093913261928552,0.04785502673859057,-0.08923850131422381,-0.18738901059107216,-0.14270238292866066
9.437478543451417e-05,0.00017165610298339984,0.0002755610125868248,0.0003029404441201733,0.0012319883462114309,0.0016691445510305138,0.0022244186141576376,0.005113295509514003,0.0378063155374381,-0.07818982974376157,-0.16512805094996075,-0.25342116755424904
0.00010704070682015247,0.00018489953784547698,0.0002910254254250673,0.0003392754056514483,0.0013011959309162304,0.0009795424213849147,0.0008684639534908539,0.0021536967967410005,-0.023964798596478182,-0.059730596185358226,-0.10606288118339602,-0.3384985750003515
0.00011645793165552208,0.00019173005991073936,0.0002952243341165497,0.00034449279711961517,0.0005822490361576914,0.00038656199166756,-2.8682215194368544e-05,-0.0011102185031076268,-0.11982458035522961,-0.058865489758112705,-0.07336635255364846,-0.3142844849693739
0.00011596637233124984,0.0001923956440019971,0.00029032602209289103,0.00031974745533985046,-0.000680560901012141,-0.0002534451734160128,-0.0009509801895373676,-0.003838849852845315,-0.13273740707873685,-0.06913594325860187,-0.11109324231495135,-0.2314417849781637
0.0001033464905077851,0.00018412525884919652,0.000273556373077715,0.0002726605871293324,-0.0018434154636808061,-0.0014006318571441023,-0.0024029496134978425,-0.0055785237892583,-0.09983350545499617,-0.16030139348701603,-0.17930064247714358,-0.11649300230443338
8.127033452077752e-05,0.0001607845614924188,0.00023932485700102154,0.00021518229083651228,-0.00257181573372071,-0.0032675076142114406,-0.004443353601840845,-0.005917135469305721,-0.04584654855298462,-0.21307375792645164,-0.22878015519145703,0.048770666294949305
5.451799838960159e-05,0.00011812108460720647,0.00018497366227050114,0.00015756511137057582,-0.0027786514925144763,-0.005265187762831025,-0.006426885344263236,-0.005606300423881569,0.004479396794231344,-0.18646227179746536,-0.16792619329302114,0.013396342789881
2.7454281049439562e-05,5.907051422919153e-05,0.0001147271741606034,0.00010222241842785146,-0.0026340919755179298,-0.006544926312771964,-0.007622412277716314,-0.005462238164663302,0.024432506605077925,-0.06948543819072237,-0.07117919339759429,0.015416109053772442
6.33814171662229e-07,-5.161799753362107e-06,3.74548655076465e-05,4.565396008376393e-05,-0.0027300014000375366,-0.006301536483738763,-0.007832049452875066,-0.005851453504154203,-0.04361439150899929,0.11816340399736244,0.029251758365843844,-0.09325917695195252
-2.8166987879629686e-05,-6.16403812709287e-05,-3.79536315176854e-05,-1.9002067642854624e-05,-0.003030159010220847,-0.004994179819774556,-0.007249649952191314,-0.007079752041169508,-0.016417130527662777,0.14330792879547907,0.08722814177090663,-0.15240053045110835
-5.772402480979017e-05,-0.00010524380149838026,-0.00010494205213233558,-9.699866136656768e-05,-0.00288124837581125,-0.003726504225715756,-0.006148034170738722,-0.008519566703573104,0.04619925740958217,0.11022719001628098,0.13309501451961173,-0.13556240202961078
-8.210883035006392e-05,-0.0001383209168669405,-0.0001601687749746011,-0.0001862700102559438,-0.0019957127322434987,-0.0028889188479962894,-0.004897310397714379,-0.009334703074302118,0.1309078713039681,0.0572898855276123,0.11704974008525679,-0.027464872116192196
-9.558029940172177e-05,-0.00016373661548764142,-0.00020469620654368386,-0.0002741915307954822,-0.0006985810780880729,-0.0021942208761438968,-0.0040081759161021725,-0.008249601033605562,0.12851845952711702,0.08164970884286624,0.06077715623718441,0.24448528025550365
-9.779742202558032e-05,-0.0001817287647618368,-0.00024181612152918082,-0.0003408301056664003,0.00025515655331636374,-0.001404208978695177,-0.003415807080997221,-0.00507811394057806,0.062229066753770296,0.0763526706468777,0.05769661078380592,0.3898121383499965
-9.489186666663753e-05,-0.00019171044754957888,-0.00027095206749064293,-0.000372854724534745,0.0003259545184721949,-0.0005921275788532407,-0.002411382111295202,-0.0013268098330908823,-0.04806947372260406,0.08606360932150955,0.1431883831565979,0.36044868314743905
-9.500392039825648e-05,-0.00019417638266987618,-0.0002858614389878873,-0.0003705589971386375,-0.00034836526479598603,9.894055479378041e-05,-0.0005704921881536753,0.0017859553123123857,-0.08679448293103212,0.05215001740789468,0.2249896014717074,0.2621043459332145
-0.00010029240056871052,-0.0001905907456559284,-0.00027918332649390744,-0.0003430215426231302,-0.0007093307692948216,0.0006181868479957774,0.0019061146869496506,0.003721535590789079,0.014601382031265014,0.05169924123250472,0.27033177354895777,0.12501170976212406
-0.00010516895509437622,-0.00018059046656508076,-0.0002482902146577871,-0.00029955306408190383,-0.00026598013583831827,0.0013818689701737478,0.004272507680274414,0.004972160117456191,0.07406874466003566,0.10103718320308938,0.20294682511599493,0.1251131955712984
-0.00010283666272602743,-0.00016113387360441926,-0.00019949353466864426,-0.00024493886769667936,0.0007324386095080755,0.0025094496219585528,0.005486828317554158,0.005950679159588702,0.12561500440924311,0.12447894715387156,0.03991730233995394,0.07059061285520374
-8.901266638036416e-05,-0.0001299683926473015,-0.00014419716631293254,-0.00018303864065235523,0.0020323606596245793,0.003723646569465,0.005572445353588185,0.006429366249276126,0.1343694056140577,0.11836044234741791,-0.022793895133148556,0.025146805082281065
-6.255959697765535e-05,-8.792519382600429e-05,-9.012222018421534e-05,-0.00011957756072035106,0.003258253220917183,0.004684993194794442,0.005242543872155253,0.006262849737124706,0.11080910664446303,0.07390888271847054,-0.04318640115343797,-0.058450107512565075
-2.7692295977037836e-05,-3.952263009897618e-05,-3.9688210686649804e-05,-6.115701391835124e-05,0.003715206979206319,0.00499551955061118,0.0048442580273578536,0.00542125962327526,-0.019418354986635855,-0.011803611555122911,-0.03647076780604186,-0.1098679152573242
6.118174053325671e-06,8.767933799142214e-06,6.913995742782423e-06,-1.1370207299490991e-05,0.0030468870268663822,0.0046625932290124995,0.0044761832585285925,0.00453610170049679,-0.11424563548135142,-0.0547816527646133,-0.03714418595981028,-0.06716366929836981
3.0045043433142165e-05,5.089369242804396e-05,5.058411269862954e-05,2.981337216957006e-05,0.0017384868490969163,0.0037625584967678496,0.00425784013264083,0.0037006141933154215,-0.14743440007254177,-0.1252252936843167,-0.006524439217742151,-0.09993383213790386
4.0205216330553845e-05,8.097406115951165e-05,9.052813425653391e-05,6.23116755481422e-05,0.0002935477303854198,0.002253515249525687,0.003730964178940043,0.002799046482399007,-0.14155342366975754,-0.17658335576411574,-0.09885075152241529,-0.08037971004537903
3.8231834054196456e-05,9.408406862267115e-05,0.00012086352722731085,8.627622916088669e-05,-0.0006882241856568975,0.000368486243106213,0.002336114415215346,0.0019938642401498914,-0.05480095953870592,-0.20042244551977909,-0.18011920122252412,-0.0806567384044441
2.9529994233872756e-05,8.92401640308203e-05,0.00013300510930826088,0.00010221176894938911,-0.0010521437784078423,-0.0013372671614763816,9.220200097465915e-05,0.001193243717550592,-0.01798295901148303,-0.14072823539673981,-0.2686632816256132,-0.07946736611541583
1.838615523132011e-05,7.195793226374986e-05,0.00012200974455505943,0.00010865975382865441,-0.0011766240221026867,-0.0021191791919377085,-0.002291274951614949,9.635325830246837e-05,-0.0069130897274858605,-0.015654170695525577,-0.20803210889230844,-0.13991072573420887
7.226606972427718e-06,5.009969731818808e-05,9.163123273280993e-05,0.00010026942955080747,-0.0010552856296757922,-0.0022524677971746472,-0.003784427412834951,-0.0017744181138718575,0.03118076821286478,-0.011003550351862151,-0.09059838335169196,-0.23424354870065628
-2.1450203606580594e-06,2.7854768445401415e-05,5.2639193355311344e-05,7.073955664261087e-05,-0.000819039836941363,-0.002196517977382685,-0.004013980462664766,-0.004131556467767461,0.01606839033402105,0.022193514310254597,0.04468777338572899,-0.23718412207846434
-1.0300448683444832e-05,6.667882946339647e-06,1.551454403659256e-05,1.9853062426307367e-05,-0.0008120458276159915,-0.0020408591224296683,-0.0034109494010789894,-0.006045742375493239,-0.014669588468946754,0.008938256680348783,0.07591843893142641,-0.14565305946669133
-1.9291851931125934e-05,-1.222967737737497e-05,-1.5724392189178723e-05,-4.389187446755386e-05,-0.0009862348219202288,-0.0017386529423132555,-0.0028368378440752668,-0.006703245003279007,-0.020168210391900726,0.05150297934293377,0.03890387246931809,0.014152533909537579
-2.923296434974034e-05,-2.7385923942299066e-05,-4.4006014240453975e-05,-0.00010624780213233095,-0.0010019876618026521,-0.0012925963706715633,-0.0028194865661797836,-0.005767940529676411,0.017017642415416062,0.03770833498540463,-0.03543361689022145,0.17290836081098165
-3.781749330500158e-05,-3.946391420902637e-05,-7.332834589091403e-05,-0.00015378623002143863,-0.0007149181292495958,-0.0011230016826738974,-0.0030449797639122275,-0.003739745048145126,0.04039626409519523,-0.003789397385871446,-0.009665022656267286,0.2327307354952754
-4.3854333757754484e-05,-5.3260689848768646e-05,-0.00010268364810691568,-0.000178272066841797,-0.0004924499613009853,-0.0016363534452745578,-0.002826080679288103,-0.0011574223159265488,0.004097369494526881,-0.09888095513426062,0.053444839581092196,0.28373381094844
-4.909611731011437e-05,-7.292828784872488e-05,-0.00012581876436346324,-0.00017843257966546557,-0.0005559067491709914,-0.002297166154716689,-0.0018009425720214088,0.0011253197511928354,-0.016788727068528103,-0.03328158675416562,0.15158278187224666,0.17281460247543684
-5.601571680925059e-05,-9.45368492679686e-05,-0.00013526288741303374,-0.00016009488936850265,-0.0008280131506562537,-0.0020245461291320556,-8.788203789269274e-05,0.0025422183081997493,-0.03763255322852435,0.0878055918710923,0.19102932495349656,0.11056510892594595
-6.644953906912541e-05,-0.0001084432580629453,-0.00012817414715067435,-0.00013117908691348475,-0.0012587513013187102,-0.0007567356298632834,0.0015056300903645722,0.0032409421828038295,-0.048515076903966975,0.16575650798266214,0.1276731006979564,0.029179665994870096
-7.939950563407853e-05,-0.00010882307684981335,-0.00010809371389170093,-9.714885574382015e-05,-0.0013312420116719133,0.0006807718724896735,0.00251045656143011,0.003565104051129091,0.03401693483332638,0.12174499248792922,0.0732921935151512,0.03565270767018214
-8.745558674597068e-05,-9.731209425204376e-05,-8.031285621658381e-05,-5.914027712285379e-05,-0.00027997421070651745,0.0016214246470642448,0.003045714973593314,0.004036611673064181,0.1762366253597528,0.06638556242698504,0.033759488917489644,0.05864881671683586
-8.171735338704766e-05,-7.902242937848664e-05,-4.908387965893453e-05,-1.6653835200488926e-05,0.0014276208824911224,0.0020365083276471783,0.0032000803379365417,0.004460676711408792,0.16528239327977515,0.016631173689601625,-0.0028864160488441537,0.026164190952086552
-6.204013879535696e-05,-5.6956738622895846e-05,-1.7508459500009066e-05,2.8107264012843235e-05,0.002507822035847017,0.0023766298234709805,0.0031150036938485527,0.004491543131257638,0.0507578373914038,0.05139312547515887,-0.014128912768753665,-0.019990906982317314
-3.7723676214551474e-05,-3.073684307597066e-05,1.3571450195249768e-05,7.128623529239701e-05,0.0023554704803140794,0.002867349285914057,0.0031009782452032153,0.004144251124653117,-0.08122814849799129,0.04675076701345646,0.01132382303968621,-0.04946749433858699
-2.0170270831404034e-05,-1.7101513126762785e-06,4.402857987846331e-05,0.00010946428210983517,0.0011552105963154083,0.0029379890667448195,0.0029904476914394927,0.0034913582388345164,-0.15882382830174294,-0.03262281084730398,-0.0334299337924307,-0.08111108282513302
-1.4948511415180849e-05,2.4475958667813175e-05,7.142332456389639e-05,0.00014080449473533586,-0.0001108587130707714,0.002299232929353071,0.002488501245647123,0.0027766842862656203,-0.094390033575493,-0.09512841663104568,-0.0669593553660432,-0.0618237076886462
-1.8227645574800127e-05,4.054298143663614e-05,9.34467177872588e-05,0.000165527183935892,-0.0005449681188530841,0.0009141716244115221,0.0019161773990253603,0.002167853553845606,0.007568152419030444,-0.1818838443572641,-0.04750541395830937,-0.059942438795356656
-2.1905610749421755e-05,4.2215937415056666e-05,0.00010864689019544129,0.00018302026922441166,-0.0001906249160712414,-0.0005795804287274174,0.0011238570826111374,0.001330763503858328,0.0633004881373381,-0.1168665662705238,-0.1109586493245352,-0.10747557120209894
-2.1397600398427832e-05,3.271700154696239e-05,0.000113402260335785,0.00019047431140931188,0.0002922269862700259,-0.0013202067448914371,-0.00017278305454239483,0.00016004493312171426,0.03326989233091536,-0.03125869696228015,-0.14836937810617123,-0.12666814294522383
-1.861752787746564e-05,2.0210411199265692e-05,0.00010323573150083663,0.00018491638692639975,0.0002637875179224122,-0.001181111324647903,-0.0018605227124472805,-0.0012716298297041396,-0.0389577860004381,0.05907778101098696,-0.1891785534748059,-0.15966680961994695
-1.8540079473710143e-05,1.0488387071330795e-05,7.759987698275501e-05,0.00016309418718819257,-0.00024829783717131255,-0.0007632935009390763,-0.003266648191169042,-0.0030928101179372976,-0.06345928501830685,0.024485783730778393,-0.0920465422695464,-0.20456924802668464
-2.4476023441627173e-05,2.1221410002293545e-06,4.368561497764182e-05,0.00012313791722622,-0.0009388909564120936,-0.0009099557132812117,-0.0035162042098535956,-0.004898443874457217,-0.07465933882984936,-0.05381822619920548,0.04213533853263568,-0.15655750327729934
-3.641086625955798e-05,-1.1627520763134888e-05,1.0554056903009364e-05,6.920693409578241e-05,-0.0014480776071740678,-0.001839976639391637,-0.0031101074050728953,-0.005887752751630299,-0.027177991322545517,-0.13218595902287958,0.03908402242350434,-0.041304272157317024
-5.0491898804297314e-05,-3.510080037882864e-05,-2.028361367644053e-05,1.2543987904138104e-05,-0.0013681289017737988,-0.002854679283747114,-0.003057426710817083,-0.005444836486698563,0.043167732402599315,-0.07075456984821579,-0.028547883572341892,0.1298875251436643
-6.174747640830459e-05,-6.468682759501224e-05,-5.307520257274933e-05,-3.4098167826391786e-05,-0.0008829866190276558,-0.0030625261594896054,-0.0035008910684446773,-0.0038835946594074143,0.05386072414662928,0.02918519469971756,-0.060144987953176965,0.18236084031456545
-6.77694163099028e-05,-9.132326413179195e-05,-9.021637660444106e-05,-6.541634180487906e-05,-0.00032140136129198756,-0.0022647611478663373,-0.00392734373789367,-0.0023800401362900413,0.05845632740050437,0.13036780762493608,-0.025145545936621494,0.11835006430890915
-6.84421945908522e-05,-0.00010732290691937686,-0.00012704754440018138,-8.512607972624092e-05,0.00018684570510210858,-0.0009351674096506448,-0.003438889821254394,-0.00156190744798233,0.04319308587831486,0.13555094001820242,0.12283632926447657,0.04527647335263307
-6.601420581010467e-05,-0.0001114344410418715,-0.00015306058402011084,-9.797918120853362e-05,0.0002987520510473971,0.00011286058515171788,-0.0017637181027314974,-0.0010087128484762096,-0.020811816689257148,0.07405465894227009,0.21219801444010272,0.06536244654859102
-6.440725188808553e-05,-0.00010778734241142562,-0.00015989591621200187,-0.00010628372461401929,2.2638733356432068e-05,0.000616559140937458,0.00039665166435329116,-0.0006521958326209244,-0.03441084684893586,0.026685052214877936,0.21987593897685498,0.00594095662246602
-6.400827441241789e-05,-0.0001009872218076103,-0.00014690512298285336,-0.00011058150034807572,5.715676177709447e-05,0.0007434649798256062,0.002201506981476411,-0.00020735931419036248,0.04131445253306834,-0.0013038844372482983,0.14109512444776906,0.08302634706364637
-6.135277944691908e-05,-9.196986910809917e-05,-0.00012025233609503726,-0.00010586055949506514,0.0004739422313226678,0.0010600055600766198,0.0031290503960868087,0.0011515474847924789,0.042042641376046325,0.064612000487451,0.04441355847431039,0.1887550127329219
-5.4331237069445284e-05,-7.759222090075857e-05,-8.94310391448335e-05,-8.308227226359284e-05,0.0009303662441720918,0.0018155240813915005,0.0030352089939539428,0.00340410996150198,0.04924216119383848,0.08649170377552515,-0.06318183890088358,0.2617574826089783
-4.275199036326e-05,-5.705948865682659e-05,-6.182597334917891e-05,-3.813631735245135e-05,0.0013854830970649653,0.002291022367394895,0.002485804165176975,0.005585081020726319,0.0417812093847362,0.008607953425153775,-0.046699126854510054,0.17443672923588954
-2.7815632128015033e-05,-3.521605758439846e-05,-3.693743417398684e-05,2.190706559307748e-05,0.0016017885499840282,0.00207766384709073,0.0024919036698614395,0.006423595568379445,0.001479881199076355,-0.05127965748598676,0.047919027791403,-0.006733819705264266
-1.319793410952972e-05,-1.702051450763704e-05,-7.743518207723186e-06,8.287689118369125e-05,0.0013217510537130348,0.0015614447682615546,0.003346879523391291,0.005770369549743307,-0.05748738045327503,-0.05196415827984832,0.12307614291456725,-0.12391138402196317
-3.495960228357123e-06,-2.793410498482672e-06,3.069293105556747e-05,0.00013306710965335628,0.0006186437225214845,0.001283976033569319,0.004340410329266841,0.004267674144189698,-0.08313408578503503,-0.003529588658598787,0.07563001826054272,-0.17662769708875864
-7.238882042551546e-07,1.155089489150042e-05,7.352369663899773e-05,0.0001683799778480591,-6.422931770109087e-05,0.0015848850444272994,0.004225742787419211,0.0027948994947508687,-0.05344052225948004,0.06371139083019486,-0.09856352663006862,-0.11792723279900724
-2.491148549772231e-06,2.9191643975254333e-05,0.00010786929180198138,0.00019178412852549658,-0.00028922275140232437,0.001943264772323483,0.0026433762451775174,0.0018859306407366249,0.008441835519233332,0.007964554749041869,-0.21790978181827003,-0.06386653800384151
-3.3692674613513832e-06,4.683280281703502e-05,0.0001232422689581269,0.0002068249272498168,0.00011359896908649396,0.0015849669960326545,0.0004312191860515874,0.0011222291041274167,0.07212250857853034,-0.07962411000720757,-0.22452163000691594,-0.08887376931800012
1.7809110988952685e-06,5.6465478047394946e-05,0.00011951063012874645,0.00021271781926409495,0.0009164367429628363,0.00034156805003933053,-0.0011775469519276771,5.634929872821537e-05,0.08844504619673813,-0.16905567919145723,-0.09723159758893696,-0.12430219176184015
1.2388477910536914e-05,5.1488370701277955e-05,0.00010420453557331886,0.00020597061224093767,0.0012050766193654925,-0.0013369895192627288,-0.0018836719591578416,-0.001405790703359671,-0.030717070916206873,-0.16665583466895464,-0.043993403857095936,-0.16812580865573712
1.9545417774819242e-05,3.33429135103149e-05,8.306587687320265e-05,0.00018493993720582815,0.00022631135349097313,-0.0022921019189298827,-0.0023440597808654,-0.0028003443036622336,-0.165035982258697,-0.024366645264476156,-0.04808416048441577,-0.11078491140477542
1.291293922120065e-05,1.1023743517112034e-05,5.685076723269601e-05,0.00015142397503214243,-0.0015528070642146917,-0.00217173207971069,-0.0028989621472359276,-0.00390284813107491,-0.19078770128243597,0.048440613108314684,-0.06289631278968977,-0.10971585407775986
-1.04120320592875e-05,-1.0527590006783421e-05,2.468770455762718e-05,0.00010612653765019221,-0.003112187191882938,-0.0021385346250684016,-0.0035336503877778373,-0.005156639345315134,-0.12108832425121327,-0.04180112217985707,-0.06404133531869216,-0.14104238877028497
-4.357759398611943e-05,-3.603773081126254e-05,-1.3848618208916288e-05,5.014751788175996e-05,-0.0035209251934834474,-0.002963493535827422,-0.004173614165530857,-0.0060391646083713165,0.039340723931111404,-0.12319065997194703,-0.0639514202319118,-0.035462663840951425
-7.358171329188867e-05,-7.155409450772195e-05,-5.900086351310669e-05,-1.0273084630722252e-05,-0.0024798986676704015,-0.004139779203464459,-0.004856834895307223,-0.006044955894125126,0.16886458123149775,-0.11206647355546037,-0.07269272572336138,0.03430440669018964
-9.147551189138476e-05,-0.00011670581126205947,-0.0001112822562057383,-6.802496332541488e-05,-0.0010988610522288161,-0.0048905641474030455,-0.0055994436432190995,-0.005505419844813399,0.10734294185681933,-0.038090515232256844,-0.0758290238590138,0.07360280317215562
-9.936559795980685e-05,-0.0001641488786438708,-0.00016903848858024534,-0.00011961061385327723,-0.00047915616145560193,-0.00459804932895922,-0.005951802831682309,-0.004811710260759069,0.0165980362978235,0.09659347892102191,0.00535718616637193,0.06513911363871028
-0.00010579259019218766,-0.00020375870874209058,-0.00022656339709301683,-0.00016611042942159284,-0.0008062422850205599,-0.0033239166906847365,-0.005553178870871989,-0.0044882528529040545,-0.08201526101081508,0.15823304873387475,0.07436760599569214,-0.00044763206770737085
-0.00011872498964128888,-0.00022970560779283505,-0.0002755617491091032,-0.000211191722625268,-0.001780237604799683,-0.0018654631194641562,-0.004246491532345289,-0.004528005787830979,-0.11278380294500956,0.13345766551024132,0.1869698617096478,-0.007502954917677496
-0.00013880735872305076,-0.00024453639205204833,-0.000308738873027001,-0.0002560437843774636,-0.0022362362115526937,-0.0011006937323785,-0.0023889332512342645,-0.00444240656260814,0.02158408159440739,0.019496211906889854,0.18454179451255714,0.024622799962245256
-0.00015675516214294503,-0.0002549164231675923,-0.00032525986951441717,-0.0002963535911592117,-0.0013533244724261585,-0.0009753124907302995,-0.0009152660462489744,-0.003619554793741482,0.15499826623089963,0.005580036422750262,0.11019164648450086,0.13994755381108637
-0.00016157001747919882,-0.0002639028358737355,-0.0003317571540054253,-0.00032344995303693676,0.0003903534051753993,-0.0008219700504983376,-0.00038419085195264945,-0.0017997175818035283,0.1937373092894119,0.025088451623642122,-0.003976607625235884,0.22401988857650434
-0.0001501794678784386,-0.0002690348160355175,-0.00033635969011345363,-0.00033119553019708,0.001887756514976647,-0.00020442598185806116,-0.0005363163696530185,0.0002506021497748843,0.10574331267083764,0.09842036210441316,-0.026448495914837916,0.18604405773917815
-0.0001299957075189721,-0.0002653848545038633,-0.00034127203703914854,-0.00032059705153080896,0.002148995556916648,0.0009344182881889017,-0.0004461530154859644,0.0018690935834793192,-0.05349550428283739,0.1293484919049794,0.04448116674824873,0.13765422900170882
-0.00011264214705215422,-0.000250122538711199,-0.00034005235396312506,-0.00029758439535900225,0.0013217165364469298,0.00211804487034396,0.0006900896306906608,0.0027334376508820228,-0.11196029981110628,0.10737682452603223,0.1827673624870763,0.03521458447883191
-0.00010492382275101235,-0.00022594270994401457,-0.00032299277229864233,-0.0002682151782383778,0.00022194832378144482,0.002717920883092925,0.002721826702205886,0.0031404057732428653,-0.10799334272199068,0.012598378023760765,0.22358005181596874,0.04617903999333656
-0.00010542841621927813,-0.00019972848930340008,-0.0002855269565000616,-0.0002355633557452744,-0.0003228670174346,0.0025249232450299734,0.004771336457510262,0.0033899587253778157,-0.0009697255212182815,-0.0511979056363511,0.1863218992449065,0.00373155043365353
-0.00010514356227279601,-0.00017550371291659184,-0.00023215221841106415,-0.00019929577726455987,0.0003798378067310234,0.0023200320323316747,0.005903611160289226,0.003863556970765092,0.14151069035434294,0.01021966309669134,0.040133041310886464,0.0909880986438018
-9.421638100538864e-05,-0.00014938896063699552,-0.0001752836907286551,-0.00015479548830433476,0.0018055984467504511,0.0029029184235875903,0.005470094376192582,0.005036500821279928,0.14364143764954262,0.1063576151544918,-0.1268363981302152,0.14360067145916539
-7.155002244915582e-05,-0.00011455886114020753,-0.00012671452930451807,-9.83623215426214e-05,0.0027276732644961124,0.004063101475770005,0.004243737908634826,0.006250132531062744,0.0407735258995896,0.12567899528199125,-0.11843489538133611,0.0991256704973979
-4.328173959732231e-05,-7.042200583243983e-05,-8.801117435038402e-05,-3.308232622530283e-05,0.00292598330587059,0.004764269585783534,0.0034969330821919835,0.00680586653240097,-0.0011115176246940806,0.014554626720714586,-0.030926069907232456,0.01202112977024733
-1.5289898567293596e-05,-2.496746327858516e-05,-5.056875905875563e-05,3.1978526051829224e-05,0.002672384900135152,0.004326638924987401,0.003991549976133694,0.006206303923025441,-0.0496081635223935,-0.10208075887994125,0.12984944869557458,-0.13193365164535337
7.134689578474303e-06,1.3475855230555573e-05,-4.909596339500766e-06,8.644658862931771e-05,0.001812532729018428,0.0033620247768407453,0.005140282567717279,0.004687308592472257,-0.12236227070095129,-0.0908420707493898,0.09989706962114231,-0.1718654144652833
1.9775344525895154e-05,4.2366091347190765e-05,4.8521871439283044e-05,0.00012678116802222758,0.0007155982604657419,0.0024160224464862936,0.005546010988039483,0.0033796072861097164,-0.09702462300958592,-0.09835839532150056,-0.018751385556701416,-0.08967484680722487
2.3206634088715404e-05,6.365632580021198e-05,9.823607091674082e-05,0.0001584159550985785,-2.9340347901691925e-05,0.0018420244441179493,0.004396828907452071,0.0029473501291604693,-0.051963098663900836,-0.01644120515216832,-0.21108503056078098,0.0032234154173754193
2.202031784606122e-05,8.168469272000993e-05,0.00012984114797391693,0.00018797437512918118,-0.00020792290062914473,0.0017636489398416418,0.001924186503983149,0.0029643338769600653,0.016246588118410274,0.0007661042969068499,-0.2834434501330034,0.00017333414254377955
2.2035423586405756e-05,9.560240353012061e-05,0.00013811319297029243,0.000216233697920951,0.00021094404869805193,0.0010198932221804936,-0.00026977750470804935,0.0026875306813939023,0.06752680174702906,-0.14951724782913647,-0.15534935160523622,-0.055533973255776414
2.7032057697902437e-05,9.848529289342536e-05,0.00013038547648844335,0.00023801519911797623,0.0007883827736012842,-0.0004433153495195432,-0.0012757657916617653,0.0016687695580111424,0.04796094323361738,-0.14312446651087088,-0.04584830578550697,-0.14821825142077555
3.448065638226401e-05,8.838675499424577e-05,0.00011832676650771711,0.0002464230792244283,0.0007013369632710301,-0.0015763922303163758,-0.0011359762044834826,1.280646327927017e-05,-0.06537010529966819,-0.08349090964849565,0.07380622322116354,-0.18297436752559887
3.600946467160087e-05,7.162204680183071e-05,0.00010949094074610069,0.00023841995543474014,-0.0003955753054036568,-0.0017765494081666367,-0.0006311889478398028,-0.0016134312212169022,-0.15401234843526918,0.04345947407844347,0.027151228107572423,-0.1422731693736356
2.6152904129413955e-05,5.7840778739312274e-05,0.00010151902228182314,0.00021635164868542584,-0.0015757368030337269,-0.0009797042043370502,-0.0009631947450157055,-0.0028002301286459566,-0.08201995109074484,0.11590956668747382,-0.09355238754275297,-0.09508661211217534
9.454974127418244e-06,5.168709764264623e-05,8.713428202921988e-05,0.00018380589686490381,-0.0017638491973654155,-0.00025103201499615893,-0.0019137533055049475,-0.0037089202354584475,0.0443974722244071,0.029824871180704426,-0.09655932455509542,-0.08665140925032283
-3.2895698745233728e-06,4.7315777565785316e-05,6.367299702797922e-05,0.00014375375378789966,-0.0007850596030229077,-0.0006232320003760237,-0.0027785036947431856,-0.004301508379942384,0.15136044664409448,-0.10426486825667737,-0.07639075329255218,-0.031866219646464466
-4.4284235626644655e-06,3.5171469243998346e-05,3.2888006162257175e-05,0.00010085049018844878,0.000557288865394689,-0.0018056296639813703,-0.003378494478401222,-0.0042791443399477925,0.11710924703942488,-0.13221466446439195,-0.043607403439055115,0.036339027645382715
2.350293339526955e-06,1.2720231335719308e-05,-2.2353264532337486e-06,6.152570680050607e-05,0.0007984545150435949,-0.0026846179176744367,-0.0036461720446969628,-0.0035858123376407494,-0.0688761171096437,-0.04358298627422136,-0.009928109820093067,0.10232737281602594
3.4954819389286413e-06,-1.3425467031647462e-05,-3.805355993076007e-05,2.949813221680023e-05,-0.0005694167951632576,-0.0025445217557989175,-0.0035174746508083022,-0.0028197025791004172,-0.20469814493172678,0.0716022186493252,0.03566758859782515,0.050894578892040465
-1.080143387672933e-05,-3.5479350458022625e-05,-6.875771236682256e-05,1.5512410008127469e-06,-0.0022899663679683364,-0.0018662549294761153,-0.0026233558364041954,-0.00276967566409708,-0.13941176962928903,0.0640511466152352,0.1431561742829962,-0.04088919589137302
-3.607418360313048e-05,-5.229747071688443e-05,-8.8570563339105e-05,-2.8601641891129418e-05,-0.0027645835773118937,-0.0014973691222962447,-0.0013392143580522942,-0.0032609009142913524,0.04448832776057754,0.009726014820738926,0.11367212138738403,-0.05735585414748151
-5.790921428227608e-05,-6.778526007564429e-05,-9.909481476475237e-05,-6.148549890441465e-05,-0.0016024225585172251,-0.001600188749455728,-0.0007656359270771779,-0.003315870488365692,0.18794387599835616,-0.030289940252635594,0.00104356480763923,0.04636193933261362
-6.437178987247515e-05,-8.435120218818676e-05,-0.00010957937513863905,-9.168348600417791e-05,0.00030990744047741095,-0.0017129996730527656,-0.0013312761477001598,-0.0027237269315869604,0.19452212380057105,0.007727755533228076,-0.1141716089322356,0.07206677202313266
-5.445097965819729e-05,-9.830439829988563e-05,-0.00012764837445074332,-0.00011495607967657698,0.0016742546023781606,-0.0010776395492870083,-0.0022825237147206926,-0.0019307918028928538,0.07834730857957889,0.11934426921992342,-0.07607790447187096,0.08652025371568867
-3.741178141942404e-05,-0.00010180476235541171,-0.0001515355797713787,-0.00013034713297403242,0.00173358504537649,0.00037756673818179127,-0.002494917349406384,-0.001147418856598234,-0.06648121997991302,0.1716969882738365,0.03359917753473268,0.0701543355432353
-2.4321048119571834e-05,-9.196434516735527e-05,-0.00017135319214825627,-0.00013929354694579578,0.0008845616145939511,0.0015905166994294967,-0.0014686051259691312,-0.0006418639377544369,-0.10332346617659477,0.07089300397570458,0.1716632671527179,0.03095664822552413
-1.994174694783471e-05,-7.60120734972277e-05,-0.0001754895977709437,-0.00014370154004565008,-8.701380246526605e-06,0.001599937634596017,0.000641324001431648,-0.0002397346822164241,-0.07532913279150077,-0.06900881694240052,0.2503225583274379,0.04946920288207843
-2.192943039681494e-05,-6.466946340824513e-05,-0.00015927324961037269,-0.00014179926559196884,-0.00038883530954951945,0.0006685843832004982,0.0026019456306825535,0.0006201895729526723,-0.0006976530690977895,-0.11726183333670326,0.1418017675227432,0.12251564815174085
-2.4496294114819377e-05,-6.186650585663511e-05,-0.00012931498927588715,-0.00012896573611341703,-0.00012453743405136752,-0.00010799287287849508,0.003389706436214554,0.0019465163227576905,0.05355722816872817,-0.03805361787909539,0.01575039358365693,0.14274970180926275
-2.367113944345527e-05,-6.113206140491865e-05,-9.763216748758159e-05,-0.00010278624470384713,0.00028956836832418856,0.0002548817632217874,0.002946857921446559,0.003289381959156291,0.02926393230638305,0.11062854509915189,-0.10432009653725594,0.1258234254704573
-1.8270990240686825e-05,-5.23937243347806e-05,-7.322219534508363e-05,-6.598408141335175e-05,0.0007904614722295006,0.001492785650805822,0.0019351365070530329,0.0040710506989427835,0.07091468847467935,0.13695223241765503,-0.09802418634144927,0.030510322486841296
-8.034901380464943e-06,-3.183389549124218e-05,-5.640994872102406e-05,-2.48939454842213e-05,0.001256756299814876,0.0026191801179018632,0.0014273128177588806,0.0041469764868833055,0.02234427704239572,0.08832666100155323,-0.0035405515173811963,-0.015325164898736948
5.41848104495786e-06,-3.291178265409632e-06,-3.9765318875607664e-05,1.4675887239304237e-05,0.0014339201852696846,0.0030893633272646467,0.0019016131513243982,0.0037669900578218025,0.013088500048565987,0.005709980871003439,0.09840061823048474,-0.06067212091356364
1.9590883670245322e-05,2.622960409191336e-05,-1.4457033852480962e-05,4.9796271049691e-05,0.0014005603397878078,0.002814793144199952,0.0031600438533009425,0.003257086704255551,-0.01976046914494134,-0.06062401748394247,0.15328552216482405,-0.041308549799686595
3.254487142592132e-05,5.145327977501618e-05,2.2453437701199707e-05,8.091768851436996e-05,0.0011902372113473912,0.002229941992420612,0.004222050457435192,0.00296719678868024,-0.022304156543141995,-0.05634621287192548,0.059115798662025765,-0.016669433315375598
4.4179449622270566e-05,7.222939915373075e-05,6.47803026511269e-05,0.00011181126132928394,0.0011366784279224587,0.0019252818833223031,0.004243322532550247,0.003211517774302556,0.011592399858155467,-0.004585808947736247,-0.054861383639014716,0.06553363043983881
5.5917197672940753e-05,9.110538928890362e-05,0.00010203609289026065,0.0001466164476864028,0.0012108711822115788,0.00184991614371227,0.003207835515276505,0.003749519497121217,0.0032461509996685733,-0.0104873389742704,-0.15223601981573365,0.04206671412389332
6.713228265889443e-05,0.00010803694296943652,0.00012623871576771878,0.00018441997990429888,0.0010321458149791555,0.001536394592394311,0.001632689060215121,0.0038111869464579977,-0.038991224446153216,-0.0522169712893214,-0.1627932711965432,-0.029733224256537155
7.523798539364763e-05,0.00012164778071068987,0.0001366134993266164,0.00021866884505995513,0.0005889947319714856,0.0011857729558563583,0.00044226765156440365,0.003038586084673252,-0.04963899215538076,-0.01790735601826915,-0.07529101053360027,-0.12478694810041199
7.900057992064168e-05,0.0001314919133396725,0.00013979901632826033,0.00023991313613347859,0.00016352417342732455,0.0007830535699401659,0.0001948357487643804,0.0012102721300314384,-0.03545511955345146,-0.06263652116496932,0.025804629973595616,-0.24087584282795074
8.020450443169232e-05,0.00013613514311327452,0.00014262953886115778,0.00024011221878561694,7.726072878280276e-05,0.00014559238478024006,0.0003712687578151108,-0.0011704555996037685,0.0182024306245471,-0.06485571586701586,0.009481971836550473,-0.2352697030990906
8.186184456547784e-05,0.0001348001269814648,0.00014436948749821767,0.00021825877115571208,0.00025420729797430083,-0.00041259561114218295,-2.327903040313321e-05,-0.0032002339263772035,0.017186883213752516,-0.04678188331746874,-0.08839152948019928,-0.17068596225559637
8.460767233957082e-05,0.00012952265165841923,0.00013807160166788422,0.00018160747558805553,0.00029495825684429497,-0.0006428994534669334,-0.0012362981356635575,-0.004130025187154105,-0.009036691439753691,0.0007211148525186339,-0.1542122915718856,-0.015272289899784047
8.66802236868439e-05,0.00012204128318082022,0.0001178751862077626,0.0001410469240081023,0.00011955201261032176,-0.0008533742420528688,-0.002802984956360767,-0.003982085128836543,-0.026044557407040952,-0.04281607256970571,-0.1591250725675563,0.044860301563296595
8.557628598476394e-05,0.00010965551215342607,8.3271943552873e-05,0.00010285736387804926,-0.0003403395530263134,-0.0016237799634259613,-0.004117663574617152,-0.0036558268971740655,-0.06593375572028606,-0.11126507170491279,-0.10381065108372073,0.020391344769198877
7.753465320776198e-05,8.778399577540138e-05,4.117260670402117e-05,6.699835467092618e-05,-0.0012679870023740796,-0.0027505233121789758,-0.004302203795153215,-0.003515974944250549,-0.11959573414926719,-0.11408359804569007,0.06690260697650824,0.0075790458155044205
5.975238890362522e-05,5.713525137231046e-05,3.629778014985631e-06,3.1502469030343696e-05,-0.002288465858453272,-0.0033792255684392085,-0.003206361942653893,-0.0035832021838659487,-0.08450003706657125,-0.01165685320635651,0.15226576352335613,-0.02102449373858431
3.5071562815433124e-05,2.4460138967452844e-05,-2.238566578174469e-05,-5.158302946999819e-06,-0.0026476993591851472,-0.003155796912532315,-0.001996726816692172,-0.0037489522116027525,0.012653336920196184,0.05634258438773515,0.08966126166898808,-0.012125511808776496
1.214777301650328e-05,-3.541633566975705e-06,-3.974975874856463e-05,-4.176617174520694e-05,-0.0019370586006008216,-0.002444557594353395,-0.0014760917766718164,-0.0035726215480386733,0.12947481479666892,0.08590527924804886,0.014465746335083074,0.04739164452159236
-2.9479686034201704e-07,-2.1987404808217422e-05,-5.609578951612429e-05,-7.31545780955954e-05,-0.0005514553747682377,-0.0012445966538949483,-0.0017931143768401148,-0.002705059722039018,0.14764583036984788,0.15408690884364046,-0.07787026636874278,0.1261207206783387
7.851286848650237e-07,-2.8480632684928226e-05,-7.713269500567052e-05,-9.504657495974226e-05,0.0007674404838096459,-5.404892144721227e-05,-0.0024142667210691315,-0.0016733396507903546,0.11613334134572881,0.08402263764590673,-0.046360202477060575,0.08022329357139399
1.2830250249957996e-05,-2.591897227946163e-05,-0.00010054573388430286,-0.00010945912821268003,0.0016415838292089487,0.0005663810025405312,-0.002268341054657337,-0.0012091709997971982,0.05869532773413175,0.04006334715164196,0.07554533575941952,0.012610436627237293
2.9284167656234476e-05,-1.9720864926473353e-05,-0.00011729040030331965,-0.00012154383233308325,0.0016491996520463473,0.0006732404680571246,-0.0010805922291460207,-0.0012077698242834458,-0.05717216316665205,-0.018691454048323272,0.1620044293428437,-0.0123302015244868
4.0275131220197424e-05,-1.3213488147910913e-05,-0.00011939765671853713,-0.0001331796229141097,0.0005489930607462422,0.0006282348876553634,0.0006591409461025243,-0.001119388291921846,-0.16286915509336894,0.009690337967971016,0.18594220570686532,0.030006507996806736
3.860841541121412e-05,-6.220308672411224e-06,-0.00010537183703533287,-0.00013880206424313337,-0.0008823362225429028,0.0007704010074445743,0.0021460229905383285,-5.099973882887474e-06,-0.12339670156446006,0.018742885989871186,0.11143420318029545,0.19285115561098498
2.7518114397775754e-05,1.0692610561367626e-06,-7.956690521646902e-05,-0.00012736766730043212,-0.0013357239801447707,0.000687512938265023,0.0030149633732344406,0.002291979362423139,0.03271915004408646,-0.03532049982578146,0.062353873358927,0.2665647116502202
1.8248449227554802e-05,6.8515749834464145e-06,-4.909606512370118e-05,-9.205272152728724e-05,-0.0005182090538994197,0.0004689498471969073,0.003079204645319127,0.004771009792205837,0.13078383520498374,-0.008392118387841666,-0.04950561894198974,0.2292413743063194
1.9739615818575887e-05,1.1463759528268404e-05,-2.0072643332440034e-05,-3.535500170557873e-05,0.0008164423721036368,0.00045348706176749073,0.0027254797129331034,0.006568534172135864,0.13614644999562756,0.0052995613019583415,-0.021239367535214992,0.13026350167968592
3.277693856663654e-05,1.812229353906583e-05,7.078027975932088e-06,3.2699167579720825e-05,0.0017910221775084938,0.0008782197403919944,0.0027046545487413214,0.007042299684924046,0.05876951108534387,0.0796469744229424,0.01707433469685854,-0.03551039912204945
5.0837016814279605e-05,3.328349183643943e-05,3.5893937538751674e-05,9.68684943006032e-05,0.001820993472020119,0.002154019919082725,0.0030585273638225954,0.005791565659252431,-0.05277525218301879,0.17551306131520367,0.053700228319396304,-0.21463640601227374
6.562768409749338e-05,6.153370879149668e-05,6.825648439552452e-05,0.00014382868908331797,0.0011371399846226353,0.003496023471928726,0.0034139820075319753,0.0036004732972905237,-0.08399544529647798,0.09288764925399656,0.017390700422479644,-0.2235820663801077
7.512883826831972e-05,9.783235001698441e-05,0.00010213102575771865,0.00016803453858414322,0.0007630908495426345,0.00376370477316882,0.003360926264906849,0.0012406966028745267,0.009185618280477842,-0.039351389005977844,-0.02800184894750496,-0.2483732725030917
8.510501685738688e-05,0.00013135400772412692,0.0001328899824743564,0.00017076141472830843,0.0012321448682707976,0.002940626768259682,0.0027908650784207005,-0.0006953213740414851,0.08462518546515477,-0.12526421197584975,-0.08601038834972469,-0.13883032288011066
0.00010012212171020462,0.00015224215978299253,0.0001541664885345039,0.0001603496747452425,0.001771276102292749,0.0012370036435134378,0.0014644361336088017,-0.0013870266225717038,0.023201061339235524,-0.21546041297339907,-0.17927540061265507,0.0004892731740669398
0.00011552069146765617,0.0001550928201064575,0.00015851002708148893,0.00014857573662847853,0.001308437849197561,-0.0006668715788204426,-0.0005957284242117963,-0.0009677610007810876,-0.11576871195827312,-0.165314631493377,-0.23275751095146457,0.08336385118405631
0.00012009486292703501,0.00014121390721892748,0.0001420010753614546,0.00014053554428653848,-0.00039360355732179285,-0.0021089109986855608,-0.002706061919795071,-0.0006402774676069218,-0.22463956934559762,-0.12309325247964664,-0.18930918816519038,-0.01786714454922317
0.00010545549290353429,0.00011377873195156252,0.00010856513657058999,0.0001313302162605726,-0.002534270447378352,-0.003378124054787432,-0.00398112583837785,-0.001200788137586254,-0.2034938086657143,-0.13074935874072757,-0.06570359555136551,-0.09423498944664327
7.336280231964287e-05,7.319099159715788e-05,6.802225932249377e-05,0.00011193370362420197,-0.0038842676693999307,-0.004739424016093496,-0.0041274496112413935,-0.002678514389687874,-0.06650563573860138,-0.1415106335204852,0.036438840978656795,-0.2013102609736807
3.483071463004359e-05,2.071271649012116e-05,2.84127541334961e-05,7.536748207080455e-05,-0.003822149868519927,-0.005756231005313847,-0.0037944514265581403,-0.00463472992099161,0.07892919591460215,-0.06185076432358505,0.030160795957993813,-0.1899328452870664
2.0877959686432867e-06,-3.6037490365684175e-05,-1.1614239630026916e-05,2.2271608652398424e-05,-0.002726433863760133,-0.00559381036584722,-0.004210947326146463,-0.005984444762689616,0.14021400503735656,0.0943348922169105,-0.11345997587565837,-0.08001012305253469
-1.8679481625193725e-05,-8.43904362877955e-05,-5.954835987854925e-05,-3.842744917511253e-05,-0.0014270216550072694,-0.004076778818575045,-0.005375876723558004,-0.006155366802812574,0.11966843671321617,0.20907141723752454,-0.11952590360664994,0.045825715027943026
-2.820059375231759e-05,-0.00011451564249503322,-0.00011633245360119981,-9.832624299181026e-05,-0.00047720077041750345,-0.0019482624228724975,-0.005980942020972109,-0.005824391960526973,0.07029574020473703,0.216631861902985,-0.0014871558761709869,0.020369253429177114
-2.989802706720696e-05,-0.00012623412101138388,-0.00017197544912694851,-0.0001547920017557118,0.00013771410743962972,-0.0003954332803976345,-0.005147657084177633,-0.0054687597922533325,0.052687235366689594,0.0939339665919876,0.1681441432350662,0.050757180225551035
-2.7453991896959997e-05,-0.00012967089268477514,-0.00021238077912367687,-0.0002060992004102085,0.0003510929266097628,-0.00029192105428061657,-0.0029334089151680375,-0.004792679938646012,-0.010011471532662977,-0.07323152136858402,0.2747054905668528,0.08445879049591315
-2.5969389516246414e-05,-0.00013637676535539075,-0.00022805606635397884,-0.00024799633988349906,-5.417245046704611e-05,-0.0010492534798425073,-0.00020164853089235744,-0.003586747956012099,-0.0710416038826988,-0.0782349637437941,0.2716465862882832,0.1567276060308695
-3.039200838542554e-05,-0.00014829251644202503,-0.0002206376881311371,-0.00027278626278175427,-0.0008303513233687788,-0.0013338967374843481,0.0016853241754607067,-0.0013712366236389426,-0.08419417069764774,0.02130631221542592,0.10574795498232964,0.28637466044376175
-4.15791300178652e-05,-0.00015742551877034557,-0.00020258344798773452,-0.0002732136947461869,-0.0014070730031191525,-0.0004927037281797607,0.0019255238532198077,0.0012857502307524128,-0.031150165252427017,0.14693228964549157,-0.05770801943050946,0.24502271043450935
-5.4115989952681366e-05,-0.00015605524069198825,-0.00018659997320595104,-0.00024820459515963704,-0.0011002989838440813,0.0007667593438512246,0.0012711711031368883,0.003716069686557563,0.09250496910744126,0.10496032476070546,-0.07316253058607441,0.24104118072652075
-5.907710788562126e-05,-0.00014567503945609524,-0.0001748963904754438,-0.0002009287409300885,0.00010807539725610302,0.001309280903327378,0.001069545442964561,0.0057391011593521425,0.1491699071125956,0.0035439871345252227,0.03283739855160894,0.1635651138323952
-5.1401369839282786e-05,-0.0001334718683152947,-0.0001589072674979993,-0.00013793932363975872,0.0014270722120115912,0.0011313533248327324,0.002128279152524339,0.006858782298713815,0.11462945583850204,-0.03912950283345437,0.17890934336034658,0.06037111403993928
-3.475042705769065e-05,-0.00012229375827822901,-0.00012737467672185643,-6.828660131289144e-05,0.001903116344306837,0.0011042686825804024,0.0041782390027042355,0.007071762166659641,-0.01942062937945288,0.033712574382988386,0.23108262667563273,-0.017775140450774052
-1.798539576969351e-05,-0.00010633192655804987,-7.655174364440776e-05,-1.2631559808810176e-06,0.0014498899132925906,0.002088097661455426,0.005986347612785497,0.006332926899742441,-0.0712246568233964,0.16305322139201636,0.13053909534061958,-0.12999191293266582
-6.634406221977969e-06,-7.557645767194411e-05,-1.307620739179069e-05,5.489266173651112e-05,0.0008203079962505177,0.004062996115765726,0.006708759637737916,0.004898236643735987,-0.0546917265850182,0.23192646947004372,0.013943309649864233,-0.15694613826862508
2.5921429016622275e-06,-2.7125143967602937e-05,5.18356967810907e-05,9.813305420871495e-05,0.0010250018284775216,0.005627266625102508,0.00627362119683836,0.00374984185070478,0.09563049303041898,0.08092763239731257,-0.10097099782977548,-0.07273282033761624
1.8762968068808124e-05,2.8544167046848335e-05,0.00010784835933013858,0.00013330323122312028,0.0022091632049516573,0.005506595577787748,0.004928911312971214,0.003284193552176285,0.14120178226440816,-0.10506184186026454,-0.16797097894365365,-0.02039683936808273
4.639517328575102e-05,7.643930761978452e-05,0.00014827394279041102,0.0001659626407120092,0.003317277838436922,0.00407243253679949,0.003156205379083274,0.003247688345601502,0.0804211444326447,-0.181770766337387,-0.1865702078339344,0.013095798053126162
7.954839698695059e-05,0.0001085127189751671,0.00017178513441588867,0.000198020353935666,0.003313366901802991,0.002342249734277026,0.0015460329460122563,0.003163854299129854,-0.08120333175943084,-0.16426579416710582,-0.13546427878026912,-0.029862607347455772
0.00010510712439174556,0.0001247536625376671,0.00018238155761334,0.00022783203398705375,0.0017983785791560027,0.0009059389782229744,0.0005732516934780124,0.0027984817111476983,-0.22179433276996685,-0.12299635704370451,-0.05909197172657965,-0.04321191024897536
0.00011156791378086129,0.00012737046315734526,0.00018691730588918463,0.00025223962906846975,-0.0005062207013328557,-0.0003825788542873433,0.00033389796169091087,0.0020830373051355013,-0.23912552332780485,-0.13470720945835904,0.011221225369159343,-0.09987697095346398
9.688353179468344e-05,0.00011787893150740989,0.00019039833119774083,0.0002683937245699117,-0.002430655695902714,-0.0015157274756997315,0.0003623071000203286,0.0011477817951528841,-0.14576147558616676,-0.09192251482411859,-0.0055393977032758,-0.08717413104305943
6.913301281206288e-05,9.846059313209623e-05,0.00019225654184471918,0.0002757890808939563,-0.0031194481006213983,-0.0023679401993630003,9.33502937534278e-06,0.00033128946965604454,0.008002994642429873,-0.07852002990853515,-0.06505501642572135,-0.07612433405630847
4.168880634198544e-05,7.282775521389854e-05,0.00018678513149424105,0.00027465296433177715,-0.0023693931933940907,-0.002758627384276538,-0.0011036170994709682,-0.00055851278209188,0.14200798680303167,0.00038259292582756843,-0.15753540934354082,-0.10183611629327644
2.5998956335500026e-05,4.7239766618300483e-05,0.0001684831189771188,0.0002620110628235986,-0.0007685768079029928,-0.002358970334843073,-0.0025567854039534824,-0.001969867519543835,0.1781552902951879,0.07954881696086544,-0.13309825155296207,-0.18043483119711462
2.5063489933435967e-05,2.822500580349894e-05,0.00013763700515244813,0.00023255183149067035,0.0005814835274901811,-0.0014439818281172358,-0.003612437360980652,-0.00392197874704181,0.09185677678344689,0.10344888438430203,-0.07803213985247182,-0.2099874143024803
3.2862107634754054e-05,1.8131474766707495e-05,0.0001007448302644802,0.00018482519401263547,0.0009782400127734362,-0.0005747243792410529,-0.0037659976166129344,-0.005623348748565165,-0.012505479726795887,0.07040260539093454,0.04732008872601534,-0.13028658600219062
4.0795215314344436e-05,1.3670354074800674e-05,6.615567531809694e-05,0.00012609196531414594,0.0006083815231446405,-0.0003174997591403111,-0.0031518333726637164,-0.006123296991132741,-0.06146621819896325,-0.018957681370786184,0.07551276006382823,0.0302969374886754
4.2299282832672304e-05,7.899214840569146e-06,3.7472724999267384e-05,6.92875008445806e-05,-0.00030756801947906694,-0.0008367280877059944,-0.002584756691102195,-0.005237595902780326,-0.12172369032577823,-0.08488798434235048,0.03790257624847604,0.14684328018180764
3.3279773830681795e-05,-5.768350060607834e-06,1.3876227487233065e-05,2.6232855852983016e-05,-0.001496333780919035,-0.0018967848925294014,-0.002134542811304669,-0.003373333095539192,-0.11602946196221536,-0.12712337662233095,0.052140199711029234,0.22600928126641912
1.4539851446158866e-05,-2.9272426270836805e-05,-6.081976208512192e-06,4.530523072217134e-06,-0.0022516506959855504,-0.0028040303495163927,-0.0018570979278443823,-0.0009671334606139842,-0.03503392105108777,-0.05432571477506734,0.00334877698102809,0.2552306457186225
-8.097270085344935e-06,-5.915876707914464e-05,-2.3800363001933172e-05,5.985614535428869e-06,-0.00227577361031521,-0.003173237812145175,-0.0016865794308398142,0.001258151753256331,0.030209338185155865,-0.019515777750689106,0.030754922419885533,0.18982639705544058
-2.8591727230605584e-05,-8.860016881382795e-05,-3.7448148044889456e-05,2.5296929864662574e-05,-0.0018231178187369202,-0.0027150425347914862,-0.0010429775777514422,0.0026041113125904103,0.06032182013050208,0.11115483322142691,0.09796544819778885,0.07936551481137533
-4.3241188258108336e-05,-0.0001082407370835127,-4.087696664299474e-05,5.3087984428212275e-05,-0.0011067743867636305,-0.0012130711191454633,0.0003572138581303852,0.0029540996001195296,0.08294686626415587,0.18923944990777766,0.18207283897857662,-0.009367857305551452
-4.929607284343999e-05,-0.00010994191789534052,-2.9467516349130073e-05,8.037031265693342e-05,-0.00010420253030270026,0.0008728349567798989,0.0019246762006425483,0.0025023660456246987,0.11756750502803018,0.2279417652772948,0.131419629523856,-0.08097885359341472
-4.262796314538906e-05,-9.163902348843835e-05,-5.087957195756028e-06,0.00010132808100865905,0.0014378244699128856,0.0027877439246005347,0.0029512356300322607,0.0016891876247204284,0.190837895015087,0.15504002828683236,0.07389225635408647,-0.08165683058743933
-2.1094749841553526e-05,-5.8417571164309486e-05,2.6828890934610932e-05,0.00011476637129983851,0.002868818190854222,0.003856546540225238,0.0034321339960411315,0.0009984704335154625,0.0953608491731803,0.05872049483810829,0.022287416847687647,-0.056486607653553844
9.223082717953748e-06,-1.8352148535560828e-05,6.009978540698478e-05,0.00012394711085780884,0.003194748321047233,0.004156537985524494,0.0032220448984336385,0.0008376774780786032,-0.03017482313457817,0.0012777942217428728,-0.06430523636918628,0.024328016566181998
3.7039703149944014e-05,2.1570777473242204e-05,8.935044990731085e-05,0.00013540357577592233,0.0023685757653508213,0.0038280472162361126,0.002628088001631575,0.0014536155055440956,-0.13505968800470416,-0.06697594807941906,-0.05448614299122645,0.09885958892691649
5.3314077731233097e-05,5.3916740558216885e-05,0.00011286535382704978,0.00015430564576261749,0.0008862991509069953,0.0026411454007588247,0.0020748927823162127,0.0023267984917949352,-0.16139563488406103,-0.17040441501603856,-0.05615290087184599,0.0757770083232514
5.4806834453474855e-05,7.02940952828669e-05,0.00013142945116372706,0.00018115128818195226,-0.0005877478064586436,0.0006343255441711776,0.001637926685019242,0.00304232999207202,-0.13341375658906676,-0.23095955630149087,-0.031240318587548166,0.06732929173216551
4.4636223062402314e-05,6.627948666840597e-05,0.0001462534922179266,0.0002142302615267079,-0.0014463744717558647,-0.001437247267063364,0.0013268815258206661,0.0035734646768791093,-0.038311576470377445,-0.18335500594541745,-0.03096871325216699,0.03889764522925243
2.9829028403154772e-05,4.641976467458195e-05,0.00015813034052437728,0.00024860581069979283,-0.0015150644600936437,-0.0025346971317014386,0.0010484881354694707,0.0033016451577378737,0.024573578802821655,-0.03613496698219751,-0.024709964818072083,-0.0932615490574995
1.61589417741377e-05,2.274739017773334e-05,0.00016595812114633432,0.0002770252962847271,-0.001218952865709771,-0.002199777767668283,0.0005170679889219375,0.0023822519592489777,0.03464874007395288,0.1031188397888286,-0.08157406449143456,-0.09061709064027967
5.6301588404568435e-06,6.862147299044224e-06,0.0001668200449388323,0.00029424954845161334,-0.0008868037210264002,-0.00097727080806954,-0.0003446832304223401,0.001062598474128274,0.03178108886272127,0.14138255213092002,-0.09077617937742094,-0.17331360638386106
-2.4056758116147106e-07,3.5370063490084587e-06,0.0001603684320032189,0.00029572948849872633,-0.00028734156329726277,0.000312242618062387,-0.0009456393567003413,-0.0007666104647056759,0.08811134268310622,0.11652013309546536,-0.029415045878179308,-0.19252818138292893
1.6671617494328482e-06,1.051771992561453e-05,0.0001510832017950654,0.00027973516764254875,0.0006688874294161266,0.0010839000972588273,-0.000911406684930359,-0.0024322537065298417,0.10313445585957165,0.037811362743822685,0.036261580232175766,-0.1406004669819042
1.1863535605214961e-05,2.2172497748997876e-05,0.00014422247013923958,0.00025139942984132873,0.0013703873417402958,0.0012470554674178418,-0.0004607396462348054,-0.003234893853714161,0.03716552660526218,-0.005180288712019809,0.05387182750693495,-0.019927562454959635
2.523243837571117e-05,3.40805826826923e-05,0.00014148851347820052,0.0002200029489390894,0.001303393212358946,0.0011345615193210424,-8.605168597300623e-05,-0.003044402326733706,-0.05056435248153213,-0.01731850090734005,0.021065764545424887,0.05802586785105068
3.4396527210812415e-05,4.4443322407664254e-05,0.00014111380052597155,0.00019564543270868303,0.0005294245546613026,0.000937986425673349,1.110909552721181e-05,-0.0018271009193475682,-0.10422937905799656,-0.021996517822198636,-0.0016336082453812795,0.18543441362617685
3.558671892527894e-05,5.125116710140679e-05,0.00014156100151675738,0.00018724486686250914,-0.00029138621176799705,0.0004235825130751579,7.833110262995367e-05,0.000146987750112791,-0.05993277422786336,-0.08088426469743959,0.01507800966592965,0.20938332026589496
3.1556016316547886e-05,5.1831367821451756e-05,0.00014406873270602808,0.0001988943527397574,-0.0005147543099782143,-0.0003075423690661645,0.00042321513522418754,0.0021829094253368615,0.015259154585819917,-0.0653407117308249,0.053898796852917125,0.19780101477891915
2.786275869829388e-05,4.75601014631652e-05,0.00015163625232913176,0.00022712560458135552,-0.00022389721367258698,-0.0005467109025911466,0.001090288789396548,0.0034633409429827627,0.04291226467530554,0.01750700502582847,0.07951593398155496,0.05828528875026112
2.71140567242175e-05,4.51270905324322e-05,0.00016691296943141312,0.0002627319188491105,7.415681885731141e-05,6.010871644454704e-05,0.001965054631059724,0.003657921910568233,0.016698541830674138,0.10385691878131026,0.09543723435108023,-0.019369095233167044
2.899583148256603e-05,5.2789237291147085e-05,0.00019015021584834193,0.0002967305434108887,0.00030219813281239427,0.0014723206352984296,0.002682394652326038,0.003141803001787407,0.02890972096034243,0.17858546498946626,0.04803076990218255,-0.08385468652299816
3.463853417196509e-05,7.570035092994732e-05,0.00021841296045855977,0.0003248676864876392,0.0008263424050674185,0.003109902092461617,0.00297015426971753,0.0024856256135626924,0.07591913349066241,0.14893082644317113,0.009521153576115854,-0.047380791121944765
4.7334132564388514e-05,0.00011114197629911436,0.0002474226935912322,0.00034770360406118414,0.0017127772734172658,0.0039784229813717925,0.0028317923568169593,0.0020815579011462964,0.10136784017930701,0.024773351338864047,-0.03719353615623003,-0.033432751361334445
6.802349893355824e-05,0.0001488913617844314,0.0002746108127060557,0.00036722054717205465,0.00242509600041668,0.003571454115691613,0.0026058314661477427,0.0018218307210278051,0.04109590522057581,-0.10616712447489995,-0.007998641977613324,-0.018512684662363832
9.332397903753548e-05,0.00017915416376167843,0.0002995963682036194,0.00038640586209057144,0.002635000020378767,0.0024811062797577945,0.0023912796333649938,0.002015232262675553,0.0008848987718416274,-0.11190244271186367,-0.03491172457893646,0.05719299299191333
0.00011680820600680201,0.00020072405709763535,0.00032135034742369683,0.0004073549538469553,0.00206184537347454,0.0018328723874335897,0.0019595162106504915,0.002174586088601223,-0.11551582815268703,-0.01774433575297729,-0.051440959963964,-0.02532222780677923
0.0001304009545118339,0.00021849755340868667,0.00033891461766984713,0.000427004791523178,0.0006567043275318388,0.0017218268747766744,0.0015533378385795677,0.0017553814466433084,-0.1655123810358532,-0.004464766778405793,-0.029794714450220777,-0.05851870058480374
0.0001304394715466693,0.0002330339886848026,0.00035265533086850935,0.0004400369953351267,-0.0006490009205647618,0.0011854601804465116,0.0011948048011528774,0.0008510593157464348,-0.09562866858346691,-0.10280857208762673,-0.041911893035117304,-0.12234572559457096
0.0001210687482851311,0.0002388919802598849,0.0003610759706273104,0.00044201668050064655,-0.0012251437317428778,-1.3861865430050534e-05,0.0004893231506073294,-0.00045512228264246485,-0.01959989365215631,-0.1370558370876857,-0.0991844370739923,-0.13889059408320897
0.00010931542948304073,0.00023217295481214048,0.00035955633942284966,0.0004307604358728641,-0.0011255200286751951,-0.001329943224118833,-0.0007932493914994743,-0.0017961266429140264,0.03952463426569286,-0.12616043465007076,-0.15733007134736846,-0.12931027797110334
9.983330386254465e-05,0.00021343074376343595,0.0003428041248782182,0.00040773506033089,-0.0007709050954240201,-0.0024184989856220734,-0.002557193517426814,-0.002808948465480788,0.03139835238454214,-0.09155071765057732,-0.1954587538380995,-0.07325408654224891
9.176498663324335e-05,0.00018592910329288132,0.0003071136247938486,0.0003748849342354619,-0.0008427583504362407,-0.0030818291084888532,-0.004580906499447116,-0.0037610767536048347,-0.04576900338698625,-0.04111530692277865,-0.2092838425659608,-0.11717157108256043
8.119808340038734e-05,0.0001529659312412607,0.0002536953278147876,0.0003315900428288652,-0.0012706222961349622,-0.003510805301835271,-0.006102752896365082,-0.004897901527714503,-0.03980378575275806,-0.044679931746504864,-0.09508543681763246,-0.11019338373937321
6.638135075115883e-05,0.00011458738776888542,0.00019135248124231574,0.00027530861171977877,-0.001692724233710739,-0.004164903392639785,-0.006365816418129289,-0.006358384694102788,-0.04461660176239729,-0.08613968641439784,0.04247273246479119,-0.1819032495382839
4.6998591640163225e-05,7.084977877173749e-05,0.0001308292770593721,0.00020449225169557255,-0.0021838275884883823,-0.004582618406789803,-0.005738824418459436,-0.007804887310738456,-0.053604069193131376,0.0025966835843941327,0.08292566746917931,-0.10739727378884961
2.34457431999453e-05,2.6968519894510543e-05,7.706916188099325e-05,0.00012357718709881253,-0.0025267420995552024,-0.004193633368655585,-0.005013198617216337,-0.00837812560861355,-0.014978833020232674,0.07520032404244958,0.06219949277944056,-0.007250385786169156
-1.11884153601785e-06,-1.0791957944673095e-05,2.803881480941533e-05,4.274837990180899e-05,-0.0023861748476374277,-0.0033584621991811425,-0.004792870797099247,-0.007787635830787157,0.04309228340378762,0.09183390985243889,-0.01813392875602257,0.12534834135144773
-2.117669309307377e-05,-4.108367532144432e-05,-2.0123823930734058e-05,-2.7782720568326774e-05,-0.001625395463773756,-0.002699881276173103,-0.00483965695093063,-0.006318584263239995,0.10906359336894672,0.039882274749169055,0.00877669798974598,0.16846197215798459
-3.25020376673228e-05,-6.690141368900212e-05,-6.681324904693386e-05,-8.173390050365823e-05,-0.0006396734510760505,-0.002463666397338458,-0.0044982280723093295,-0.004471651723826294,0.08808080917059435,0.007360701017759985,0.05950907773451411,0.20092453572475572
-3.642623160770615e-05,-9.07301843695671e-05,-0.00010731836839962219,-0.00011640110775603588,-0.0001451653370006194,-0.0023020877387745385,-0.0036027957982283365,-0.002461789726649236,0.010820813644491861,0.024955030695023916,0.11957737708168445,0.20104786371065592
-3.966600820879143e-05,-0.00011200333952289491,-0.00013693355965312823,-0.00013232015626290892,-0.0005027899832164364,-0.0019525432918910228,-0.002320242452472872,-0.0007220199747253733,-0.08234574288765527,0.044953858681679226,0.13693329206940855,0.1469060866741166
-4.827042305912191e-05,-0.00012793916834211727,-0.00015182127192612055,-0.00013354163515029357,-0.0012180929868496595,-0.0012346224719534497,-0.0006573000021255918,0.0004777241972484447,-0.06071485783898935,0.09863030530583539,0.19565519800004746,0.09304274772064702
-6.156393749557613e-05,-0.00013443947193781818,-0.00014932393785931157,-0.0001253100391929912,-0.0014406099004411845,-6.543824718673063e-05,0.0011567668154873875,0.0011685949942120293,0.01621147512068434,0.13520653964750845,0.1671581655225484,0.04513141167206991
-7.288550905882663e-05,-0.00012860090849068444,-0.00013157362351186552,-0.00011184898024501503,-0.0008237044122089154,0.0012331509366134783,0.0023932960540018217,0.0015236167953832035,0.10716962252576949,0.12451129711253334,0.08014768218033849,0.025872948562164932
-7.361237071236022e-05,-0.00011168363319039639,-0.00010587385333354766,-9.493495511018755e-05,0.0006783320815021972,0.002150304123444131,0.0027466579816617506,0.0018591882315822927,0.193237676216453,0.058919340253597186,-0.009475296648352755,0.041241338677652895
-5.852890844941305e-05,-8.847280390975985e-05,-8.09633460366924e-05,-7.381851277507846e-05,0.0023383603710872367,0.0024918617326831773,0.002235443477709301,0.002364100235439524,0.13876798170055493,0.009392181594212123,-0.09276760414213717,0.05974106209379337
-3.227984471893908e-05,-6.29769423287748e-05,-6.178468097479701e-05,-4.96104295119572e-05,0.0029114523750075586,0.002607310583513833,0.0016002895346697774,0.0024775164171847294,-0.024149580916490554,0.013697588571918995,-0.034263184465767565,-0.03705782574475225
-6.657033744491673e-06,-3.676900912094054e-05,-4.637013606318195e-05,-2.718863369376405e-05,0.0022131098198819223,0.0026342760580530186,0.0014826194476532336,0.0020068427464539004,-0.11551893010863667,-0.008304493664081869,0.010729167062458828,-0.05707690840141355
8.446630738992292e-06,-1.2906347473266556e-05,-3.1114927199620305e-05,-1.1572260516874334e-05,0.0008076230768148708,0.0021382562714817774,0.0015684223250590958,0.0011164318889240422,-0.16557841850477362,-0.09089946365016638,0.006431408418713619,-0.12100526310455806
9.752404470261404e-06,2.2911604695105633e-06,-1.6631078971791485e-05,-6.768759452977052e-06,-0.0005464683305610484,0.0009012453170736466,0.0013283473205066678,-0.00015573167614458595,-0.10523986297041021,-0.1565027272314598,-0.054446409329199225,-0.13342744990916755
1.4009779898620107e-06,3.2092541576837885e-06,-7.235161731569171e-06,-1.3310572144454884e-05,-0.0011238169655188302,-0.0007176265794390014,0.0005508361275377947,-0.0011526308621509804,-0.010229864021146146,-0.1672716520710698,-0.10105582926457538,-0.06595238729211134
-1.0147224826751196e-05,-9.92506069287652e-06,-9.024248659103064e-06,-2.7116323888659354e-05,-0.0011858235978038111,-0.00190923639067306,-0.0009086535130445732,-0.0016085194866899135,-0.0021714624358500634,-0.07105031017574193,-0.1908420988518982,-0.025225337615675303
-2.069090901890849e-05,-3.063509790308087e-05,-2.8045334023081967e-05,-4.4573915044369664e-05,-0.0009229132406276474,-0.0022327710513678103,-0.0028955635597512075,-0.001882998744452148,0.05475353387108281,0.006343378036791858,-0.20653991048942869,-0.029670513936771614
-2.7421922272688074e-05,-5.329160902441055e-05,-6.531897372350852e-05,-6.681506994054373e-05,-0.0004232894101282693,-0.0022985311728981246,-0.004559164380334103,-0.0025652322347826644,0.045171232228792796,-0.01949540234285474,-0.12618025362715043,-0.10677618412933171
-3.045852174147338e-05,-7.720801292611136e-05,-0.00011392549227211468,-9.982626994377574e-05,-0.00018403048362879214,-0.0024847496074420386,-0.005162139329387127,-0.004037007765863737,0.00268055307110264,-0.01774828456592803,0.005585263816545533,-0.1875789220868827
-3.397376611020458e-05,-0.00010281547710568928,-0.00016222008416057963,-0.00015016080811628273,-0.0005190183901174477,-0.0026367432284735443,-0.004496779048305863,-0.006029899868637662,-0.06967813436883374,-0.012650439640373157,0.1274867923997073,-0.2109994984679024
-4.228215452555748e-05,-0.00012818012164946492,-0.00020139538747949445,-0.00021847321409714432,-0.001142659292953133,-0.002436185680281586,-0.003338281615477101,-0.007632581327534657,-0.05505004619830331,0.052761949278764875,0.10421269416604514,-0.10953679331149663
-5.5964678602681096e-05,-0.00015032999987878685,-0.00023278590934483335,-0.0002957175299639801,-0.0015938455224715894,-0.0019937899655827996,-0.0029398227575906798,-0.007816281845832504,-0.035187199705388,0.03571719366099235,-0.0245209225887609,0.07279668965192726
-7.169116530565223e-05,-0.00016955229626367552,-0.00026537171720130055,-0.0003667527202479452,-0.0015514518181226364,-0.0018506693113949336,-0.0035773388137027608,-0.006390756210960509,0.04366594057517861,-0.0070930628234191495,-0.10298228863365524,0.2123084373224719
-8.461234053480508e-05,-0.0001884854411546367,-0.0003056198685961022,-0.00042027313479070093,-0.001032783227707934,-0.0019359596667973035,-0.0044722914652575675,-0.004313326697590641,0.060067777507761905,-0.00996500825705482,-0.0760082416773061,0.20317746535150177
-9.233592113639057e-05,-0.0002092519981049993,-0.0003509811870522279,-0.00045470466156059195,-0.0005119328926091646,-0.0022173517232752142,-0.004599972225967578,-0.0025729786563875637,0.04410228951199194,-0.04631340303852738,0.05047208953530399,0.14489214288911362
-9.718007638800539e-05,-0.00023287416779591276,-0.00039137001311880925,-0.00047458342404973466,-0.0004568981577138,-0.00250708221490748,-0.0034777929873486876,-0.0014027738414409776,-0.033095342532919014,-0.011632695287925765,0.173963758188474,0.08914882010020359
-0.00010407115564066579,-0.00025643047139234756,-0.0004173052299481251,-0.0004860350232135111,-0.0009213176928182791,-0.002204178504379478,-0.0017092503785144783,-0.0008875459913143071,-0.059788564487976814,0.07221343739352615,0.17974476357836786,0.013896749925130514
-0.00011545986046583772,-0.00027436708378673625,-0.0004265245245758645,-0.0004936596680960732,-0.0013564232722161078,-0.0013831439744982615,-0.0001346085470334006,-0.0006373829851981096,-0.02723255139158892,0.09199346858271717,0.13518360271784766,0.03613585129810898
-0.0001280309083631479,-0.00028282880354665825,-0.0004240818777454156,-0.0004976524329348814,-0.0011577863072459258,-0.00030919997748613676,0.0006231379131231734,-0.00016116998256354064,0.0669599443856253,0.12279533081970778,0.01636568931346713,0.05910674922880482
-0.00013407642448713984,-0.00028026978944278863,-0.0004186934135141535,-0.000497154539129166,-5.131691755246395e-05,0.00082100279826006,0.0004545549331292462,0.0002607487437066288,0.15433393355306707,0.10324522432953157,-0.05008228531225256,0.025276996025229065
-0.00012745481686486556,-0.00026801587198684403,-0.00041765299135864043,-0.0004937940554557997,0.0013756384420073194,0.0016297806929288592,-0.0002464705020266305,0.0004113479909666365,0.1310571383588896,0.05851035460422829,-0.09012280171892278,0.004842853426772473
-0.00010984675620303802,-0.00025045422713406074,-0.00042176175916789233,-0.0004903555301922704,0.002145973690358189,0.001882548277627799,-0.0005752830598237488,0.0002763570617392053,0.023009911311284326,-0.007956837664440358,0.024360290159499115,-0.03184103927225872
-9.080079111163647e-05,-0.0002349175361703974,-0.00042474220512903564,-0.0004888025863467529,0.0016632193279221207,0.001224789915104869,-2.0806132404913914e-05,3.423170736429831e-05,-0.11956078379849794,-0.12359483484014563,0.08653509532426785,-0.016584031602722676
-8.088332174091668e-05,-0.00022847711412697625,-0.00042093510008569347,-0.0004885469571049368,0.0003202745462218366,6.329449357936139e-05,0.0007822271410733489,1.6894140998921592e-05,-0.14902817254155887,-0.10870424946495591,0.0740715593713847,0.013116518329647333
-8.520710814507909e-05,-0.00023260475143585145,-0.0004103312262549724,-0.00048689159038380227,-0.0011850318270543174,-0.0008888219553544011,0.0013385476250708684,0.00031417920322799085,-0.15203310211367194,-0.08171904032179658,0.03719253742811919,0.046340494116166524
-0.00010140155417677444,-0.00024401871714690879,-0.00039728624448854194,-0.0004823164248054907,-0.0020538573792847543,-0.0013939711868570666,0.0012704487282152212,0.0006008539124343243,-0.021732008332415453,-0.01931080597873655,-0.05081231679924865,0.010994447725100172
-0.0001201303603709078,-0.0002577476296920152,-0.00038928953116190896,-0.00047477208016877384,-0.0016919038595419173,-0.001351811322164211,0.00032889393711137377,0.0009080150149090458,0.09412271228098285,0.02774277891730767,-0.13749864142152085,0.05043777276984412
-0.0001307664934769473,-0.0002685760594941545,-0.00039357527376462486,-0.0004645985427124716,-0.00043532276166598433,-0.000813874638263649,-0.001186042457654553,0.0011266924763514079,0.15719350729420373,0.07984455786280473,-0.16548863753166448,-0.006702280481371718
-0.00012950021078915775,-0.00027393003168162404,-0.00041001515876050427,-0.000456129868805433,0.0006885792992238956,-0.0002569197992302643,-0.0021019345415213284,0.000567042305056312,0.06758690488377225,0.0315464099438722,-0.017689779241690573,-0.10522775377764743
-0.00012100564003332156,-0.00027600593564558,-0.0004283097348207257,-0.00045729213339186264,0.0010103348519433426,-0.00015826099356093022,-0.0015569806705229541,-0.0007994952223422461,-0.0032357943398828304,-0.01181464881000538,0.12668055344136542,-0.16807975170206418
-0.0001129274843306955,-0.0002780905219470596,-0.00043725149681159636,-0.0004733150977791757,0.0006052962885818689,-0.0002586562667349906,-0.00023137172765118146,-0.0024050976551203617,-0.0777719183324119,-0.008264405824806698,0.13844123513298912,-0.1530407348535589
-0.00011121788056365124,-0.0002792196181325563,-0.00043539432185137804,-0.0005006074406367217,-0.0002633755351730166,3.283702963565398e-05,0.0006028067196948447,-0.003053370916388839,-0.09596244641856519,0.06656306509893561,0.028394454336216124,0.023386082599863467
-0.0001160228921954124,-0.00027609656112245317,-0.0004308704253666874,-0.0005266200492431307,-0.0006976267911792166,0.0005917743723849722,0.00030197257724328823,-0.002149150804892969,0.009112195217325217,0.04522440345092803,-0.08856128282652742,0.1574579396993106
-0.00012031762383209257,-0.0002704197608678301,-0.00043236483473844847,-0.000538851707131129,-0.00016131953615681636,0.0005435856785396419,-0.0006008544515955074,-0.0002971807727066766,0.09814925578715482,-0.054862142219994095,-0.0920041229412317,0.21293606673794785
-0.00011711877766656596,-0.00026830878012960976,-0.00044122765959237885,-0.0005341665778451759,0.0008010887692621383,-0.00012138953089557464,-0.0011717105191905689,0.0012342066298972922,0.0943324052966361,-0.07813289966704921,-0.02216709057778063,0.09334141378284588
-0.00010683033352756644,-0.0002717604487549713,-0.0004502506671220693,-0.0005193839548047055,0.001256600058537767,-0.0005689441941767314,-0.0006328909867475216,0.0017223179781967921,-0.0032301474415103865,-0.011378032989182135,0.12993099706639008,0.004280855877054124
-9.75925278413833e-05,-0.00027579921504103854,-0.000448982148040465,-0.000504053032507815,0.000590961078698861,-0.00023880906303671879,0.0008865948030683861,0.0013438664811813031,-0.12989764852627078,0.07740505921718466,0.17396616089679143,-0.07997115528015192
-9.74708753410928e-05,-0.0002728825514451675,-0.0004330965204475039,-0.0004932299697383931,-0.0005666305786407609,0.0008221417822109321,0.0022905307155238327,0.0008207460727030777,-0.10162068294165358,0.13478510983234554,0.10682102159429788,-0.02465292641549316
-0.00010525535745375435,-0.00026021652035000014,-0.0004071356510500999,-0.00048440535707116765,-0.0009902658438915495,0.0017110644368225354,0.0029016431639569684,0.0009441764607420089,0.01689362989149587,0.04299942108997512,0.015401468092329312,0.0493390040232794
-0.00011153647687906502,-0.00024196567423827005,-0.00037906277495683476,-0.00047107356317797194,-0.00026595804117058404,0.0019391047855234823,0.0027129320546960566,0.0017221823178971314,0.1279679306526972,0.0026086486502142625,-0.05314368994451166,0.10626216740774508
-0.0001072936690600355,-0.00022339809512936722,-0.0003547720218752841,-0.0004502124464282194,0.001114519604976487,0.001774411036257083,0.002145218561614079,0.0024500410320533795,0.148127598576717,-0.03554739850349409,-0.060399008671883886,0.03930957542350455
-9.033602179629698e-05,-0.00020638270267719206,-0.0003365669659062924,-0.0004248518092502118,0.002277009847771216,0.0016286674541779505,0.0014957926321842573,0.002622086403548143,0.08437044998222884,0.006398682087667584,-0.06948617721408043,-0.00490050112455187
-6.650129149554239e-05,-0.00018895524527429212,-0.00032277605092029444,-0.0004001404311480726,0.0024899362123797023,0.0018568240264020363,0.0012623903650153335,0.0023201892168796946,-0.041785177060531614,0.03923263235714958,0.022805723780295634,-0.0554789362091378
-4.5320432181185506e-05,-0.0001676626914846967,-0.000306882282411952,-0.0003806517518304395,0.0017462356504916745,0.002401686731517046,0.0019163633366531502,0.0015775466466469224,-0.10695493531707392,0.06973990866585233,0.10798887054726772,-0.09304957783741663
-3.270474837855706e-05,-0.00014098083804658115,-0.00028121220055690667,-0.00036815192564782363,0.0007769011100340146,0.0029346839561060663,0.003217653034355921,0.0009224185898762541,-0.08691197277445803,0.03685953625195171,0.1522690689932865,-0.03797603351671702
-2.7647881034487663e-05,-0.00011251280347940924,-0.0002443101203117487,-0.00035793829751915805,0.00023447235877986454,0.0027589229573283178,0.004162763014675672,0.0011203070358568623,-0.021573777476371986,-0.07201173600750144,0.03675292707066383,0.07755372271283867
-2.4213265094847953e-05,-9.0145076914528e-05,-0.00020536596524001484,-0.00034074831529402373,0.00045245082914807753,0.0017146223556479298,0.003626067999671101,0.002317689409170001,0.06516947155001458,-0.13684838432857616,-0.14409193007157808,0.1619227519497891
-1.7686137277782278e-05,-7.843112035747157e-05,-0.00017847607406904414,-0.00030972163322372936,0.0008529747342650577,0.0006281689557633551,0.0017519102345230385,0.0038876470048888716,0.014935309473381439,-0.08044229564833877,-0.23073962295803438,0.152068767193985
-1.0509265921615264e-05,-7.531835981991117e-05,-0.00016901013251942342,-0.0002658606953675819,0.0005823995369683452,-5.6168482512751645e-06,0.00014127807540110495,0.004884540566340618,-0.06905034893272392,-0.04631486515458727,-0.09138680886635234,0.047309945096364436
-8.459180596662799e-06,-7.634673589147513e-05,-0.0001680778070958501,-0.00021903692534681914,-0.0001723824719778522,-0.00020005836606151753,4.518700931356026e-05,0.004480213437811935,-0.08190605285651555,0.007426561592538801,0.0721685956488434,-0.12817537080210106
-1.2944269367660334e-05,-7.785169814112654e-05,-0.00016240565986617864,-0.00018258853765816958,-0.0007246352822216547,-0.00010093408386876456,0.0010892424366207311,0.0028094640999179778,-0.028544509192244966,0.012398294846011793,0.13664248981259078,-0.20597449677669044
-2.018430677219223e-05,-7.785118541868557e-05,-0.00014587528264369958,-0.00016524143270764413,-0.0007233721986847241,0.00010103662835695944,0.0022168330078750813,0.000659956890187113,0.0287971258996311,0.027995847599133004,0.08887562443827926,-0.22392694516948253
-2.4267246185427323e-05,-7.440552586989557e-05,-0.00012260238871310172,-0.00016633807130920895,-9.321568396229458e-05,0.0005880952814010415,0.00243774577824449,-0.0008792846105000775,0.09723417704485479,0.0694158830096834,-0.04469307036439754,-0.08392135496795555
-2.0070022307742556e-05,-6.47154415258437e-05,-0.00010348580632998132,-0.00017581617628955462,0.0009326604594992478,0.0013499215874093321,0.0013855706983795912,-0.0010163363855690568,0.10794105164745368,0.0829493781919747,-0.16574194560858221,0.0565109999541597
-6.516687075437741e-06,-4.8585089314147776e-05,-9.78022401121729e-05,-0.00018223603221531834,0.0017780065869617153,0.0018761488549298524,-0.0002488574548179076,-0.0002676347995836869,0.061128173845039796,0.022296075312129376,-0.16114368503091756,0.09322931724291428
1.2225148591552942e-05,-3.15491503411129e-05,-0.00010469965950357477,-0.00018152160102142783,0.0019703605464364213,0.001531038939677122,-0.001130626423462466,0.00041052103836178885,-0.022657381950098615,-0.09131805836267545,-0.015210108697994135,0.04240185034618088
2.7797473811626583e-05,-2.215674657770917e-05,-0.00011374206274250433,-0.00017647255078186437,0.0011441044975783075,0.0003474418130036251,-0.0006778542243234467,0.0005992890095509026,-0.14259382782152416,-0.1454013669720239,0.105764548525798,-0.0046482561083581175
3.0853319443607204e-05,-2.4313888157907028e-05,-0.00011441232555316166,-0.000171148750800419,-0.0005329353711821835,-0.000778870129043197,0.0005438016621919808,0.00046547098673817245,-0.19281414593057403,-0.0798610214373405,0.1385666287772875,-0.022115348454187916
1.740941093788334e-05,-3.462417812248852e-05,-0.00010406827724700593,-0.00016689199612382973,-0.0021558463299625893,-0.0012831878638731014,0.0015250079990391644,0.0003858799485796811,-0.13176804582550714,-0.021002525528640376,0.05767463859214925,0.00619714082248965
-6.205405300842603e-06,-4.680480095888048e-05,-8.984953490052025e-05,-0.00016098441838744795,-0.0025671169177825994,-0.0011529367034052906,0.0013187404702579718,0.0007956355986966739,0.04951392826150511,0.04705275762220254,-0.09892814434838779,0.0757539892009089
-2.654514708129323e-05,-5.623902902147613e-05,-8.345994453667805e-05,-0.00014953973932243646,-0.0015008314383075268,-0.000733908909113839,-4.082239748953156e-05,0.0014933002143056244,0.1637431676335094,0.03675280123608779,-0.17298442920111287,0.06377893392088121
-3.241143955278634e-05,-6.110873848616955e-05,-9.021662433480356e-05,-0.00013418442686956647,0.00032757294400890527,-0.00024003298382484608,-0.00131051356213557,0.0015777622762683744,0.201937708829777,0.0620223838217108,-0.08095380372809483,-0.0468865215283312
-2.1946561560347498e-05,-5.997953568727835e-05,-0.00010373588837377338,-0.00012320558190396654,0.0017654026544788625,0.00046587354360308627,-0.0013933392456583946,0.0006180067168516121,0.08562823326421445,0.07915892166387567,0.06438866702352988,-0.14506459035502126
-2.6564851611671024e-06,-5.1985450021334465e-05,-0.00011188951429994246,-0.0001248677844137882,0.0020926126253572163,0.001132943589585691,-0.00023738593957542105,-0.0009504472188159457,-0.020186239088543695,0.054255087532645296,0.16680199419306482,-0.1686261967784903
1.5099220503716178e-05,-3.7820708135546146e-05,-0.00010675894836277652,-0.0001406359946344899,0.0014585285076194393,0.0017000047875719727,0.0012634991270086102,-0.0022031948253243942,-0.10663058445901172,0.05915715206461103,0.13337501912374142,-0.08192332452319942
2.4539898699658166e-05,-1.87405451742985e-05,-9.063163487579187e-05,-0.00016443693304368356,0.000429607131568958,0.0021160278046775567,0.00196196357038832,-0.0025569928565143357,-0.09915369075108452,0.024047451356505767,0.006317869552200567,0.01116371828521115
2.5643508623491535e-05,6.151962949439648e-07,-7.267491414115576e-05,-0.0001858938592485678,-0.0002088851468022841,0.0017551204891709362,0.001629380576538901,-0.001734392384462512,-0.028544764923163907,-0.09622891445782988,-0.07283446832208437,0.1533563761251536
2.4470739300222943e-05,1.2916525551030456e-05,-6.100952209259298e-05,-0.00019494145957341073,-2.5668717851434178e-05,0.0007051453620463618,0.000703697833173655,-7.512768050607459e-05,0.06518805071333389,-0.113766110967085,-0.11230208035096481,0.17849656466613387
2.6652958569986206e-05,1.44409377560169e-05,-5.807695290556819e-05,-0.00018736477760181083,0.0004621125718040867,-0.0004002629210490729,-0.0001171839957686973,0.0015904640748260553,0.032368207217770284,-0.10731554565200194,-0.05187428543750566,0.1546217864002921
3.111677728347282e-05,7.104677810841826e-06,-5.9047070679642605e-05,-0.0001654165621511057,0.0004306511708932361,-0.001066989067985942,-7.683955904618553e-05,0.0027991790153149678,-0.03866048739994041,-0.026029683735371845,0.05994317278200802,0.08712120169749041
3.247959751341608e-05,-2.47734961134363e-06,-5.427261306633949e-05,-0.00013567274762974797,-0.00015808712490458354,-0.0008494164164511494,0.0010317310817068077,0.003149583888956581,-0.07908717175962351,0.06954421404233035,0.16177095536859065,-0.017040226969167765
2.7758067870667248e-05,-6.238864361199658e-06,-3.7446097518293496e-05,-0.00010712718677315137,-0.0007862188036451838,9.711346647994377e-05,0.0023335720279023917,0.002559528282362739,-0.04653916398849653,0.11976176254388826,0.09859723387052616,-0.10097089434960069
2.083474755001842e-05,2.4302561547628576e-06,-1.09639711629055e-05,-8.7386413045024e-05,-0.0005984452604845818,0.0016367106367125598,0.002962853243175208,0.0013886264632627357,0.08409387262061693,0.1881576715026349,0.027259009184037064,-0.13320946947039994
2.0532197786599798e-05,2.5410317913934702e-05,1.765568649675045e-05,-7.899840735917626e-05,0.0005379353078008573,0.00295930171512181,0.002761078288755982,0.00028897467390681165,0.1431822410364709,0.07636054417921506,-0.06761400006788226,-0.08672088840078487
