x1,x2,x3,x4,v1,v2,v3,v4,a1,a2,a3,a4
0.0,0.0,0.0,0.0,0.0,0.0,0.0,0.0,-0.11973384221394856,-0.1907496452331543,-0.12767065048217774,0.058393543958663946
-6.286947339356106e-06,-9.213361293989871e-06,-6.2516420511433855e-06,1.0938629370555805e-06,-0.0012573894678712212,-0.0018426722587979744,-0.0012503284102286772,0.0002187725874111161,-0.13174405136029566,-0.17778480652644058,-0.12239503156355769,-0.014639026476440727
-2.3600019839655266e-05,-3.453047622652671e-05,-2.2595443680370482e-05,1.0931639417500434e-06,-0.0022052250321886115,-0.0032207507277093933,-0.002018431915616742,-0.00021891238647222356,-0.057823061503182394,-0.09783088725584321,-0.031225669514055254,-0.07289796830022721
-4.604058480659404e-05,-6.95861252530833e-05,-4.5906892529531447e-05,-6.343614924665307e-06,-0.002282887961199143,-0.0037903790776019257,-0.0026438578542154513,-0.0012684433868108468,0.042290475701076136,-0.016094782722663292,-0.09385951820568661,-0.13700823176749743
-6.507097034815832e-05,-0.00010468856111710879,-7.663625286148575e-05,-2.6569167613700957e-05,-0.0015231891471137135,-0.0032301080952031706,-0.003502014212175411,-0.0027766671509962823,0.10964928711600974,0.1281489792024143,-0.07777175338630526,-0.1646365210695897
-7.450545927589893e-05,-0.0001315147520714274,-0.00011335414350400343,-6.18765053380713e-05,-0.00036370863843440877,-0.0021351300956605527,-0.003841563916328123,-0.004284800393877786,0.12224681461985121,0.09084662070610927,0.009861812555762905,-0.13699012750671113
-7.269855199946781e-05,-0.00014957791517718316,-0.00014942966269166478,-0.00011157132737355314,0.0007250900937206335,-0.0014775025254905984,-0.0033735399212041477,-0.005654164013218582,0.09551293181115725,0.04067889332788155,0.08374298646903211,-0.13688259636144795
-6.259112057269697e-05,-0.000161137069318151,-0.00018025671235650788,-0.0001724316648570751,0.0012963961916335352,-0.000834328302702967,-0.0027918700117644728,-0.006517903483485806,0.018748287771423094,0.08795595122964472,0.03259099541890287,-0.03586529769199687
-5.085225452228513e-05,-0.00016667345272428227,-0.00020821919895098898,-0.00023580854406823591,0.0010513770184488317,-0.000272948378523288,-0.002800627307131747,-0.006157472358746358,-0.06775212240836379,0.02432003360629109,-0.03434245449235773,0.10795152263988661
-4.534482021698826e-05,-0.00016990590170235708,-0.00023767145155308784,-0.0002883666463929634,5.010984261054276e-05,-0.0003735414170916741,-0.003089823213288026,-0.004354148106199135,-0.132501312759294,-0.04443864131996832,-0.02349672673889802,0.2527133278695579
-5.1144188342525316e-05,-0.00017798698857857657,-0.0002671112575965427,-0.0003202865811678481,-0.001209983467717954,-0.001242675958152225,-0.00279813799540295,-0.0020298388487778075,-0.11951734930640534,-0.12938826689214183,0.08183377031591321,0.2121485236147076
-6.707593872554352e-05,-0.0001961895577496417,-0.0002905790173497491,-0.00033115304187323117,-0.0019763666088856878,-0.002397837876060802,-0.0018954139552383228,-0.0001434532922988082,-0.03375927892714142,-0.10164411668957357,0.09871103771701228,0.1651285876810923
-8.629898371014036e-05,-0.0002229352926265502,-0.0003051491359617653,-0.00032731649449419724,-0.001868242388033679,-0.002951309099320896,-0.001018609767164916,0.0009107627681055935,0.0553841230975432,-0.009050127962445254,0.07664979989766907,0.045714624399788045
-0.00010074628294728936,-0.00024991494663207807,-0.000311930076342711,-0.00031727532941498216,-0.0010212174593961225,-0.0024446217017846787,-0.0003375783090242253,0.0010974702477374214,0.11402086262996808,0.11038760746968873,0.05955649173046906,-0.008373128473422448
-0.00010560704994973385,-0.0002665020190082639,-0.0003128005311565916,-0.00030822047130550217,4.9064058907225374e-05,-0.0008727927734524835,0.00016348734624810422,0.0007135013741585779,0.1000354410307015,0.2039781781967503,0.04065663932399685,-0.06842064624234626
-0.00010000914143055146,-0.00026455545142197714,-0.0003097495515829479,-0.0003040277811655462,0.001070517644929253,0.0012621062907098317,0.00044670856848063776,0.0001250366538326134,0.104255276173704,0.2230016346357127,0.01598760512250985,-0.049272297822846645
-8.592760027028746e-05,-0.00024243597930916346,-0.0003027666325269762,-0.0003050035631515282,0.0017457905871235463,0.003161788131852905,0.0009498752427136974,-0.0003201930510290135,0.030799312265154644,0.15693473359290194,0.08464572972410209,-0.03977364314947873
-6.775396334238275e-05,-0.00020601004843927572,-0.00028773645217407913,-0.00030701262832561073,0.0018889367984573956,0.004123398042124643,0.002056160827865719,-8.161998378749077e-05,-0.0021700699983847604,0.03538724846144564,0.1366113873063022,0.08748825659778328
-5.012644532822384e-05,-0.0001660789911816519,-0.0002612421873063432,-0.0003019290195922376,0.0016365668043743862,0.0038628134094001215,0.0032426921456814675,0.001098341730462118,-0.0483039288182171,-0.08750417500634983,0.10069487625684745,0.14850408625213843
-3.6794435109525355e-05,-0.00013249546710255325,-0.00022509900526530323,-0.0002814415898315344,0.0010298352393653112,0.002853891406419608,0.0039859442625265265,0.002999144221678517,-0.07304238418359787,-0.11428022558975287,0.04795554711216435,0.23165641199114137
-3.0027973106063552e-05,-0.00010821607507239137,-0.0001843374650283036,-0.00023836758673491856,0.00032345716132704924,0.002001986999612767,0.004166363784873402,0.005615656397644655,-0.06823323142405452,-0.056100655771615326,-0.01187164264278931,0.2916460232020862
-2.9113785544223718e-05,-9.024646202656375e-05,-0.00014374476286059824,-0.00017025583356352838,-0.00014061964895908257,0.0015919356095527568,0.003952176648667668,0.008006694236633381,-0.024582130633171842,-0.025909622240386676,-0.030965784598357388,0.18656154459565888
-3.072254914793628e-05,-7.400379930914135e-05,-0.00010412811401883982,-8.552712153776176e-05,-0.00018113307178342972,0.0016565969339317236,0.003971153119684016,0.008939048168519944,0.016479446068302414,0.03884188711618003,0.034761078801626905,-9.07582183463651e-05
-3.1064161429739116e-05,-5.512783976173097e-05,-6.177798819038957e-05,1.1180855094523395e-07,0.00011281061542286233,0.0021185949755503533,0.004498872046006034,0.008188737849221453,0.042309291372956,0.05355772120754593,0.07078270646277676,-0.14997130564135175
-2.719373151433396e-05,-3.077349822997318e-05,-1.3633514171918387e-05,7.242182576404597e-05,0.0006612753676581691,0.002752273330801204,0.005130022757688202,0.006273265593398695,0.06738365907410537,0.07317794984262421,0.05544743587365683,-0.23312314552320001
-1.7660373317154422e-05,1.1022207718682124e-06,3.835570711101081e-05,0.0001230214686850183,0.0012453962717777383,0.003622870469567074,0.005267821498897638,0.0038466629907957716,0.04944052174980845,0.10094147791054969,-0.027887687631769603,-0.2521973749973846
-3.2859656770942073e-06,4.186502888894535e-05,8.736954664027974e-05,0.00015080706854743843,0.0016294852562343046,0.004529691153848354,0.004534946406956147,0.001710456981688254,0.027377275141504787,0.08042265894570627,-0.11868733075652851,-0.1750438268241189
1.3308243862638028e-05,8.811247001002385e-05,0.0001250751505210691,0.00016169051571619819,0.0016893566517121425,0.004719797070367346,0.003006174369201725,0.0004662324520636966,-0.0154029960459372,-0.042401475641907826,-0.18706707679435594,-0.07380107910079259
2.9209203742022105e-05,0.0001311133988918945,0.0001470572731149586,0.00016542583181003868,0.001490835324164673,0.0038803887060067863,0.0013902501495761754,0.0002808307667044018,-0.024301269463556707,-0.12548019723020415,-0.136117767130754,0.036720742028933634
4.242036169875709e-05,0.00016185874190941386,0.00015669341030247864,0.0001712055859338092,0.0011513962671823239,0.0022686798974970845,0.0005369772879278323,0.0008751200580497002,-0.043586541932913114,-0.19686156447173625,-0.03453680519891464,0.08213711624012604
5.0961494567208715e-05,0.00017372555117101734,0.0001617901706417023,0.00018415727311209382,0.000556830306508001,0.00010468195482361007,0.00048237477991690036,0.001715217377607226,-0.07532665020195145,-0.2359380240629586,0.023616303596728255,0.08588234767137914
5.242986362084866e-05,0.00016447747593886807,0.00016762643420506577,0.0002040550574906684,-0.0002631564957800124,-0.001954297001253463,0.0006848779327557927,0.0022643394981076885,-0.08867071025565121,-0.17585776715245593,0.016884326971050218,0.023942076428713377
4.548567735581935e-05,0.0001407092755284895,0.00017406698178428382,0.00022549809589632279,-0.0011256807572258489,-0.002799343080822253,0.0006032315830878177,0.00202426818302319,-0.08383414203351608,0.006848551238697875,-0.03321359690464523,-0.07195633944561308
3.1338015880753246e-05,0.00011668558121195304,0.0001767147351490668,0.00023997803412340775,-0.0017038515377873725,-0.0020053957824850387,-7.368091013122116e-05,0.0008717194623938027,-0.03180001407878863,0.15194090842874497,-0.10216890173916254,-0.15855340468026435
1.501321638071691e-05,0.00010467041250436006,0.00017148563133605177,0.00024132024158448132,-0.0015611083622198946,-0.00039763795903355694,-0.0009721398524717846,-0.00060327797017909,0.06034864919228422,0.16961065626155136,-0.07752288672895014,-0.13644608183431417
3.593526328177297e-06,0.00010776790377462194,0.00015972129409310226,0.00022899098251382072,-0.0007228296482880278,0.001017136213085934,-0.001380727596118118,-0.0018625738439530285,0.10730709359408913,0.11334417816234682,-0.00419466200031654,-0.11541309292047353
1.910521606642313e-06,0.00012017084215032326,0.00014759187129426255,0.00020643119871467658,0.0003862287039810312,0.0014634514620543292,-0.0010451569636498249,-0.0026493829158758006,0.11450457685972265,-0.02408112836866777,0.07130878849397515,-0.04194872146408091
1.057640385927294e-05,0.0001318731345410419,0.00014078439236672516,0.00017889059518611056,0.0013469477465450942,0.0008770070160893991,-0.0003163388218576532,-0.002858737789837403,0.07763923165308995,-0.09320776082431825,0.07445483986445917,7.774667176041472e-05
2.6023733474573102e-05,0.00013709627146623032,0.00013927172108720774,0.0001534861515603673,0.0017425181765149385,0.00016762036894828484,1.3804565954170429e-05,-0.0022221509353112508,0.001474854340878906,-0.04866956860390459,-0.008426162302094434,0.12723962423347002
4.193439502908907e-05,0.00013724759613889024,0.00013698159958773053,0.000137960030745854,0.0014396141343882554,-0.0001373554344162999,-0.0004718288658496119,-0.0008830732275914067,-0.06205566276621555,-0.012325592069012362,-0.08870052405866202,0.1405759173104988
5.226837041501882e-05,0.00013517367561318377,0.00012900980956947404,0.00013538523732331472,0.0006271809427976946,-0.00027742867072499494,-0.0011225291378016875,0.0003681145430835485,-0.10043097555189662,-0.015689055192726648,-0.0414395303317531,0.10966163682449226
5.308740689940792e-05,0.0001311558897533154,0.00011701576511570483,0.00014267639788477127,-0.0004633736459198752,-0.0005261285012486802,-0.0012762797529521533,0.0010901175692077623,-0.11767994219161731,-0.034050910912010415,0.010689407301659931,0.03473896840035051
4.346970354112446e-05,0.00012273545650089132,0.00010720488554275041,0.00015193408410900283,-0.0014601670257368168,-0.0011579581492361332,-0.0006858961616387301,0.0007614196756385487,-0.08167873377177104,-0.09231501868548019,0.10738731096102469,-0.10047854711419324
2.6685272118291238e-05,0.00010812861860721271,0.00010505613594954938,0.0001525224540031191,-0.0018967192588298278,-0.0017634094294995887,0.00025614624299852317,-0.0006437456968152939,-0.005631712846831172,-0.028775237367210896,0.08102116996642597,-0.1805545273765753
9.941764441070064e-06,9.04982954684774e-05,0.00010885622734525292,0.00013869805150101114,-0.0014519822766144066,-0.0017626551982474741,0.0005038720361421855,-0.002121134803606298,0.09457910928991542,0.028926083617633838,-0.031476011337693496,-0.1149232939816256
9.491520744063028e-07,7.591133945890899e-05,0.00010903769534240539,0.00011510459450001553,-0.0003465401967183456,-0.001154736003666208,-0.0004675784367116917,-0.0025975565965928255,0.12650930668929677,0.0926577552986194,-0.16281408323308194,0.019638935384320155
3.1314626125504286e-06,6.897588740330311e-05,9.616391460153308e-05,9.071775104610888e-05,0.0007830023043471708,-0.00023235440745496792,-0.0021071777114627707,-0.0022798120941885038,0.0993991935238065,0.0918185639436286,-0.16510577171713386,0.04390996509654421
1.499200321052269e-05,6.856693040477661e-05,6.951407040848247e-05,6.96469063039774e-05,0.0015891058152472813,0.00015056300774966803,-0.003222791127147351,-0.0019343568542377928,0.06182150865621561,-0.015235080902701412,-0.05801691141978221,0.025181082893597995
3.134414174891436e-05,6.6910733855544e-05,3.806815590295186e-05,4.953246247138763e-05,0.0016813218924310535,-0.00048180231759619157,-0.003066391773958771,-0.0020885319122801614,-0.043378293219461184,-0.1112379841664705,0.08929678205749819,-0.05601609450207168
4.348687925592442e-05,5.7094455651904106e-05,1.361807991630298e-05,2.6293065856985098e-05,0.0007472256089709582,-0.0014814533231317863,-0.0018236234233710055,-0.002559347410600345,-0.14344096347255786,-0.08869221694064848,0.15925688806005495,-0.03814700516196501
4.332503626926834e-05,3.955983159246846e-05,1.907934638409368e-06,7.722857381818719e-07,-0.0007795942063021742,-0.0020254714887553422,-0.0005184056322077167,-0.0025448086131603003,-0.16192299958206863,-0.020111416184062716,0.10178667017260279,0.04105476464997393
2.9289586301980016e-05,2.0192118342436378e-05,-7.639466978007044e-07,-1.9968776568507927e-05,-0.0020274957871554908,-0.0018480711612510747,-1.597063503429785e-05,-0.0016034038481776596,-0.08765731658859466,0.05559148168491619,-0.0012996707379190064,0.1472261883465542
7.748276199884369e-06,5.1538760045001735e-06,-2.9641746941012613e-06,-2.8589207714835448e-05,-0.0022807662332636385,-0.0011595773063361662,-0.00042407496422581354,-0.00012068238108784443,0.03700322736696515,0.08210728929806548,-0.08032119510038413,0.1493181050714088
-1.0391039836752149e-05,-2.904539132515275e-06,-9.43355465807432e-06,-2.2943906382727353e-05,-0.0013470969740636651,-0.00045210572106692336,-0.0008698010285687981,0.0012497426475094632,0.14973062447302954,0.0593870277557831,-0.008824017768212788,0.12476690064805274
-1.5464038708470185e-05,-5.721700057833841e-06,-1.5683098176981222e-05,-6.661341193214145e-06,0.0003324971997200577,-0.0001113264639967898,-0.00038010767521258243,0.002006770390393179,0.18618821028371502,0.008768823658243607,0.10676268843945591,0.026638647928690362
-4.549669876115535e-06,-5.120882750766845e-06,-1.3466586375318004e-05,1.255292941969455e-05,0.001850376566750872,0.0002314899254101889,0.0008234100355452262,0.0018360837321885603,0.11738766312244786,0.05979445422315213,0.1339408537121058,-0.06077597956961406
1.6245764944028822e-05,2.308911417417425e-06,-1.3788158598633979e-08,2.974702663270668e-05,0.0023087103972779994,0.001254468908226665,0.0018671496077986478,0.001602735710413865,-0.025720897017022404,0.1448013423401431,0.07480706073857851,0.014106375214675004
3.5111997337784044e-05,2.0748901197076882e-05,2.2667737454047913e-05,4.7802522265136256e-05,0.0014645360814730451,0.0024335290477052263,0.0026691555147306625,0.00200836341607205,-0.14311396614396843,0.09101068555556921,0.0855941206478244,0.06701916591696205
4.300733409184251e-05,4.914757584118023e-05,5.35531808419064e-05,7.136132282210342e-05,0.00011453126933864857,0.0032462058811154426,0.0035079331628410353,0.002703396695321383,-0.1268869962829109,0.07152468112647406,0.08216140897425012,0.07198748993290455
4.048931593006137e-05,8.293505233062095e-05,9.245818058777913e-05,0.00010177605342198326,-0.0006181349016948764,0.0035112894167727013,0.004273066786333512,0.003379549424654585,-0.019646237923794108,-0.01850797399502227,0.0708653157242452,0.06324305593373575
3.575481829789877e-05,0.00011604184562035402,0.00013686657861947802,0.00013975674579430492,-0.00032876462473764383,0.0031100692411739138,0.004608612820006264,0.0042165890498097455,0.07752029331524063,-0.06173606112473526,-0.003756108989694751,0.10416486909729633
3.697563588099595e-05,0.00014376113535331935,0.00018208201603713025,0.0001864828896435104,0.000572928141357079,0.002433788705419152,0.004434474663524183,0.005128639720031355,0.10281825990370394,-0.07352004602621712,-0.031071522306721444,0.0782452649470255
4.681415080258222e-05,0.0001654795807518519,0.00022378900460919205,0.00024035441747435128,0.0013947748429601762,0.001909900374287355,0.003906923050888176,0.005645665846136819,0.06155108041691551,-0.031257620200142305,-0.07443880022047994,0.02515996027406736
6.164367675677076e-05,0.00018418077751804234,0.00025922864785162485,0.0002966570295976605,0.001571130347877531,0.0018303389789507357,0.0031810055975983833,0.005614856578525025,-0.02627997943344454,0.015345341132818463,-0.07074469043747861,-0.03132181379642601
7.530692367028652e-05,0.00020361294277502665,0.0002882668754242323,0.00034877604895783656,0.001161519034825622,0.002056094072446127,0.0026266399169231095,0.004808947293510187,-0.055642283176937285,0.029805677566259764,-0.040128445697576176,-0.1298600432065417
8.312608953194007e-05,0.0002248745772145286,0.00031390246048218636,0.00038817151156494815,0.0004023141375050863,0.0021962328154542634,0.0025004770946677004,0.0030701452279121317,-0.09619869628716984,-0.001777928964632497,0.01489588124649438,-0.21790036991306933
8.394363492829099e-05,0.0002461938601162029,0.00033836359756072383,0.00040920047113632117,-0.00023880505823490076,0.0020676237648805935,0.0023917503210397935,0.001135646686362472,-0.032025142860827555,-0.02394388115010146,-0.03664123597207575,-0.1689993383968626
8.121518323747856e-05,0.00026424707279928055,0.0003585843662214957,0.00041266883827647914,-0.0003068852799275852,0.0015430187717349391,0.0016524034111145775,-0.00044197325833087776,0.018409098522290668,-0.08097711747902939,-0.11122814601296743,-0.14652465054180736
7.991302517555328e-05,0.0002748769826031185,0.00036859434391518277,0.0004036450027824394,4.64536675425294e-05,0.0005829631890326533,0.0003495921276228393,-0.001362793840477076,0.05225869097173225,-0.11103399906142777,-0.14933411068538022,-0.03763946588743228
8.302667599970915e-05,0.00027528230903549734,0.0003650816283510058,0.0003882810541749298,0.0005762764972886429,-0.0005018979025568875,-0.001052135240458235,-0.0017099958810248353,0.05370587497749045,-0.10593821925648039,-0.13101136293083465,-0.0318009422221196
9.00381161783032e-05,0.00026490191537538655,0.00034941341146367246,0.00036785570247755176,0.000826011538430169,-0.0015741808294652713,-0.002081508137008431,-0.002375074458450776,-0.0037588667491852273,-0.10851836612519639,-0.07486321637920446,-0.1012147732630686
9.556662357898931e-05,0.00024492331957078956,0.0003244987919624228,0.00033885090216622104,0.0002796899417070514,-0.0024215383314541263,-0.0029014157632415057,-0.0034258856038153693,-0.1055054525954383,-0.06095313427257465,-0.08911830886741057,-0.10894745580984999
9.22175703454878e-05,0.0002181165179047076,0.0002912577412393068,0.00030084696226917516,-0.000949500588407353,-0.0029398220017622686,-0.003746794381381687,-0.0041749023755938055,-0.14033265342744256,-0.0427035997890538,-0.07995741476062568,-0.040855898545837155
7.755773617953739e-05,0.00018702727472373075,0.0002503574784310568,0.0002571048864004288,-0.0019824662447827284,-0.0032780266344330984,-0.004433258180268316,-0.004573512798155472,-0.06626047784763256,-0.024937326745112176,-0.05733534501670001,-0.03886618596649627
5.5942933059115323e-05,0.0001539548399857326,0.00020473546458137207,0.00020914233944278312,-0.002340494379301685,-0.0033364603131665342,-0.004691144589668631,-0.005018996593373658,-0.005345149056158793,0.01325059099842496,0.0057580631366369595,-0.05023057307714085
3.408576379851785e-05,0.00012120708475430055,0.00015892094820319722,0.00015843463679660424,-0.0020309394728178095,-0.003213090733119874,-0.004471758685966339,-0.005122543935862119,0.06725613035293387,0.011423325010907148,0.038119117603821584,0.029521104579448565
1.7537493774634097e-05,8.898345885518727e-05,0.00011606076833993068,0.00010873766561399621,-0.0012787145319589411,-0.003231634446702782,-0.0041002772866869696,-0.004816850300659486,0.08318885781883978,-0.015132067727488763,0.03617716225205214,0.03161762246107802
9.106647545818274e-06,5.7305885033614586e-05,7.634308954024757e-05,6.239185219160628e-05,-0.00040745471380422376,-0.0031038803176117553,-0.003843258473249653,-0.0044523123838184995,0.0910631058121037,0.0406828935456941,0.01522660043541113,0.04128996090711934
8.06502997007927e-06,2.7594647209918207e-05,3.9025118331054726e-05,1.9111575725994677e-05,0.00019913119865642287,-0.0028383672471275208,-0.0036203357685889157,-0.004203742909303821,0.030254076680025624,0.012419720551152813,0.029357940496736346,0.008423933995816313
9.057087308809194e-06,1.0113731003110201e-06,4.75961478245591e-06,-2.2679572767385862e-05,-7.197309104378777e-07,-0.0024782875747939165,-0.003232764941130847,-0.004154486789372286,-0.07022426259339777,0.05959621391556802,0.04815622499487748,0.0014272899904907987
6.040593783139942e-06,-2.0349550839148706e-05,-2.445517151990147e-05,-6.303434967106538e-05,-0.0006025789742234127,-0.0017938972130980284,-0.0026101923193406294,-0.003916468591363618,-0.050147586069197184,0.07728185842360957,0.07635829936316596,0.04617634961124284
-1.8152308683363328e-06,-3.334154700241067e-05,-4.713855750622485e-05,-9.71619599605829e-05,-0.0009685859560718422,-0.0008045020195543643,-0.001926484877924046,-0.002909053466539884,-0.02305381030048874,0.12059718028512323,0.06038318892015071,0.15530667535350395
-1.0785547639531602e-05,-3.682525958941277e-05,-6.295173107806393e-05,-0.00011705911844742692,-0.0008254773981672119,0.00010775950215394421,-0.0012361498364437708,-0.0010703782308289218,0.05167552188141482,0.06185512405653848,0.0776838193759043,0.21242837178868845
-1.4973217140832001e-05,-3.5086959708337705e-05,-7.034637733100361e-05,-0.00011914397986177372,-1.2056502092868022e-05,0.0002399004740610691,-0.00024277941414416432,0.0006534059479595623,0.11100865733345396,-0.0354269296751135,0.120990265084017,0.13232846396900838
-1.046726025210024e-05,-3.332507505367913e-05,-6.666233911674328e-05,-0.00010718265360979467,0.0009132478798392203,0.00011247645687064597,0.0009795870569962303,0.0017388593024362474,0.0740522190529637,0.009942126237028878,0.1234830291440619,0.08476220692632863
1.8188502857061892e-06,-3.067355695402537e-05,-5.20067565555346e-05,-8.670011732013228e-05,0.0015439742277220654,0.00041782716306010617,0.0019515294552455056,0.0023576479554962304,0.052093050523605314,0.05112801500086317,0.07090545050579317,0.03899552368566794
1.7956431959246833e-05,-2.225223996214513e-05,-3.115857110943494e-05,-6.214169117405229e-05,0.001683542106986063,0.0012664362353159413,0.0022181076339744263,0.0025540372737197677,-0.024179474670805792,0.11859379945030385,-0.017589814760009037,0.0002823399590394793
3.209408937953918e-05,-3.2956968814041453e-06,-9.392323407758494e-06,-3.709230170395105e-05,0.0011439893770724065,0.002524872380832256,0.0021351419063608632,0.0024558406203004806,-0.08373107131192552,0.13309342965295906,0.0009966692372964103,-0.01992167064289685
3.879030561390013e-05,2.5808592184422322e-05,1.3314498766608608e-05,-1.356364637104199e-05,0.00019525386979978455,0.0032959854323330387,0.0024062225285125575,0.002249890446281332,-0.10601603014259887,0.021129180647197432,0.05321945519304244,-0.021268364160932918
3.623953486435809e-05,5.714028889017361e-05,4.044604992659255e-05,8.247621959440334e-06,-0.0007054080197081934,0.0029703539088172196,0.003020087703484231,0.0021123632198151326,-0.07411634775899671,-0.08625548535036126,0.06955357980129223,-0.006237081132306921
2.762459504173311e-05,8.124654681937978e-05,7.194147668593374e-05,2.8925707295179763e-05,-0.0010175799448168023,0.0018508976770240135,0.0032789976483840063,0.002023253847332753,0.01168196273727494,-0.13763576100827996,-0.017771590821337113,-0.011584793364168955
2.0935751562869626e-05,9.369652055933368e-05,0.00010255043078563828,5.024811788104583e-05,-0.00032018875095589437,0.0006390970709667675,0.002842793171556903,0.0022412282698404604,0.12779627603490662,-0.10472436020316922,-0.06946930454408357,0.05517967786571043
2.3741497868933108e-05,9.72806364319212e-05,0.00012543535019517263,7.636648197382258e-05,0.0008813380121685905,7.772610355073718e-05,0.001734190710349968,0.0029824445487148903,0.11250907658999038,-0.007549833280036861,-0.15225118769730345,0.09306357790917552
3.600669254588837e-05,9.87583073405379e-05,0.0001353667488995865,0.00010803799067612944,0.0015717009232224615,0.00021780807817260153,0.0002520890305328029,0.0033518571917464804,0.0255635056207838,0.03556622820440973,-0.14416914826612953,-0.019181049302857467
4.975827286427594e-05,0.00010335607634498012,0.00013491661257786978,0.0001372169100103268,0.001178615140455053,0.0007017457227158425,-0.0003421162948761434,0.0024839266750929893,-0.10418066217426547,0.061221300704238465,0.02532808318434028,-0.15440505402784077
5.5994146161308554e-05,0.00011284218120735212,0.00013618912701289596,0.0001538818657557378,6.855951895146984e-05,0.0011954752497585568,0.0005966191818813789,0.0008490644739892125,-0.11783046212645118,0.03752460470430442,0.1624190121671642,-0.17256738619291456
5.2066593044882475e-05,0.00012488609645617678,0.0001477873624711558,0.00015575168448131864,-0.0008540701422366856,0.0012133078000063765,0.001723027909770587,-0.0004751007288730446,-0.0666954701111799,-0.03395809465474049,0.06286273341067741,-0.09226565437953688
4.139618817092314e-05,0.00013507508664643272,0.0001651383608940615,0.0001479032927265714,-0.0012800108325551815,0.0008244902380448113,0.0017471717748105532,-0.0010945776220764028,-0.018492667952519276,-0.04380541773757256,-0.05803396040268419,-0.03162972426113478
3.0447583037954255e-05,0.00014144613304300686,0.00017756763281725406,0.00013870408221617722,-0.0009097101940385955,0.0004497190412700155,0.0007386826098279599,-0.0007452644800024335,0.09255279565583649,-0.031148821617386593,-0.14366387259383448,0.10149235267592863
2.6851300799180456e-05,0.00014314634357128018,0.00017840111215736978,0.00013719615406267534,0.00019045374628383588,-0.0001096769356153511,-0.000571986741804816,0.00044367884930205845,0.12747999240864977,-0.08073037375968672,-0.11846999773272068,0.13629631318496974
3.290563067994018e-05,0.00013796844332778036,0.00016799527952610253,0.00014525551716102974,0.0010204122298681092,-0.0009259031130846124,-0.0015091797844486328,0.0011681937703688218,0.038511704308204886,-0.08251486173416553,-0.06896861079604269,0.008606671028382917
4.335487245653545e-05,0.00012659339893080187,0.00015105166044924854,0.0001547091903264513,0.0010694361254509441,-0.0013491057663110855,-0.0018795440309221658,0.0007225408627154882,-0.028706925191637922,-0.002125668911129114,-0.005104238498663899,-0.09773725255904964
5.0509772385623695e-05,0.00011340678206033503,0.0001329730320930067,0.00015511985695924977,0.00036154386036670516,-0.0012882176077822815,-0.0017361816403262005,-0.0006404075361557937,-0.11287152782520987,0.014303300616889919,0.033776716617856944,-0.17485242721520672
4.818714592223087e-05,0.00010118932364212128,0.00011771110824914797,0.0001394322695058791,-0.0008260691530452709,-0.0011552740758604698,-0.0013162031284455473,-0.002497109954518338,-0.12465107485718532,0.012285405767472418,0.05021898575827369,-0.1964880564573021
3.504311689981598e-05,8.91944803220339e-05,0.00010462908057059919,0.00010711174080896932,-0.0018027366514377062,-0.0012436945881570064,-0.0013002024072642083,-0.003966995784863621,-0.07068242482130174,-0.029969508226779767,-0.04701884152200589,-0.09748910961175444
1.600794437626872e-05,7.443031200971923e-05,8.749307684393695e-05,6.554688558484456e-05,-0.002004297853271747,-0.0017091390743059277,-0.0021269983380682402,-0.0043459752599613296,0.030370184454493604,-0.06311938900300448,-0.11834034463880047,0.021693214592212795
-1.3244675071299376e-06,5.370698608939779e-05,6.0003846430927614e-05,2.359162784229325e-05,-0.0014621845234079845,-0.00243552610975836,-0.0033708477445336255,-0.004045076288548934,0.07805248151825891,-0.08215801808748194,-0.13042953665427662,0.03848657969026631
-1.1672478189893544e-05,2.4943695142066164e-05,1.972042266789869e-05,-1.558613662503847e-05,-0.0006074176131447369,-0.0033171320797079655,-0.004685837008072158,-0.0037904766049174092,0.09290090053439062,-0.09416317590243914,-0.13256831605342997,0.012433357036038595
-1.4694795894486554e-05,-1.285926227547734e-05,-3.1152876737318015e-05,-5.456027660367779e-05,2.9540722261349028e-06,-0.004243459403800736,-0.005488822872971183,-0.004004351390810452,0.02917343653978373,-0.09110228891611497,-0.02802885692637505,-0.05520831421464728
-1.5414279047818163e-05,-5.835765659382836e-05,-8.641055657790182e-05,-9.834663865374345e-05,-0.0001468507028924567,-0.004856219459869469,-0.005562713095145578,-0.0047529210192026805,-0.059134391563502045,-0.03144972229763163,0.013250812491495984,-0.09450561146379838
-2.117265758421815e-05,-0.00010657203178186033,-0.0001404289002310671,-0.00015070101924644802,-0.0010048250043875409,-0.004786655577736924,-0.00524095563548748,-0.005717955099338232,-0.11246046873551478,0.04536249872414064,0.051100679440123725,-0.09850120456331196
-3.575199828216994e-05,-0.0001515873146600689,-0.00019046451798598873,-0.000210551386172931,-0.0019110431352028165,-0.00421640099790479,-0.004766167915496848,-0.006252118285958364,-0.06878315742754033,0.06868841724228605,0.04385686455800278,-0.008331432760714297
-5.725456973674985e-05,-0.00019045915815719207,-0.0002355499364986902,-0.00027118180590000114,-0.0023894711557131657,-0.0035579677015198435,-0.0042509157870434435,-0.005873965659455667,-0.026902446674529498,0.06299824203470336,0.05919356113267801,0.08396195806125367
-7.975482805682307e-05,-0.00022321835932225502,-0.0002756020367558058,-0.00032536393971133637,-0.0021105805083014785,-0.0029938725314927464,-0.0037595042643796817,-0.004962461102811378,0.0826805761568669,0.04982079197071601,0.039088743400074316,0.09833895326760417
-9.533247625784572e-05,-0.00025054672887802834,-0.00031090498189151756,-0.00036893044396950445,-0.0010049491319030503,-0.002471801379661918,-0.003301084762762666,-0.0037508397488222383,0.13844569912281873,0.054593438395449695,0.052595156923328806,0.14398531753022376
-9.917647684511587e-05,-0.00027230299679402046,-0.00034049172880826537,-0.00039899869844264846,0.0002361490144490194,-0.001879452203536507,-0.0026162646205868958,-0.002262811145806564,0.1097739301475952,0.06387639682963245,0.08436887151182529,0.15362040307291108
-9.324417041933628e-05,-0.00028698263339375354,-0.0003610158033639917,-0.00041489544550074754,0.0009503122707068987,-0.0010564751164101084,-0.0014885502905583744,-0.0009165382658132529,0.03305872110398064,0.10071902059564727,0.141173994493879,0.11563417292575112
-8.37607118372374e-05,-0.00029201551176239555,-0.0003693700446336793,-0.0004193102674024423,0.0009463794457128774,4.9899442681706346e-05,-0.00018229796337914024,3.3573885474300394e-05,-0.033845286102784894,0.12055589122271568,0.12007647094196786,0.07438825733175952
-7.749442227369839e-05,-0.0002855638291397107,-0.0003649905992932442,-0.0004145544148395751,0.0003068784669949245,0.0012404370818552676,0.0010581870314661593,0.0009175966270991405,-0.09405490964080568,0.11755163661199655,0.12802052802709205,0.10241629099320851
-7.849635464014069e-05,-0.00026901273937589304,-0.0003488649292783842,-0.0004009160136511612,-0.0005072649402833841,0.002069780870908262,0.0021669469715058353,0.0018100836105836347,-0.06877377181485606,0.04831712119860229,0.09373145998084312,0.07608110570369034
-8.500455404307525e-05,-0.00024708920509532986,-0.0003246552209344278,-0.0003777288343231877,-0.0007943749403035291,0.002314925985204374,0.0026749946972854507,0.0028273522550110674,0.011351771810827083,0.0007119016606201012,0.007878085175080013,0.12737262318179618
-8.996739022019649e-05,-0.00022478312525757774,-0.0002961698797567012,-0.00034212591936116216,-0.00019819229512071772,0.0021462899823460496,0.0030220735382598717,0.004293230737394044,0.10788475722573518,-0.034439102232284996,0.06153768301980414,0.16580307329479907
-8.597474169086293e-05,-0.00020461845635465683,-0.0002633525890124481,-0.00029416081521903937,0.0009967220009874296,0.001886643798238131,0.0035413846105907462,0.005299790091030514,0.1310981019958943,-0.017490134589298684,0.0423245314463708,0.03550879743249499
-7.120682643066659e-05,-0.00018521045653588388,-0.00022595242733157127,-0.0002414974355099873,0.001956861051051839,0.0019949561655164595,0.0039386477255846175,0.005232885850779898,0.06092970801698758,0.039152608044964315,0.0371280915524034,-0.04888964548261818
-5.0364028784715145e-05,-0.0001624642143540985,-0.00018582136868748773,-0.00019247930251536677,0.002211698478138449,0.002554292270840615,0.00408756400323209,0.004570740748144209,-0.009962222599665477,0.07271461301986673,-0.007344836022908835,-0.08353937504451972
-3.019591199120015e-05,-0.00013394314520256278,-0.00014642475104510014,-0.00015158961961397,0.00182192488056455,0.0031499215594665312,0.003791759525245428,0.0036071958321351434,-0.06799249691511436,0.04641124470531652,-0.05181605957442356,-0.10916960815729346
-1.5295669252187934e-05,-0.00010117276321415252,-0.00011115924274531991,-0.0001197835202735686,0.001158123667237893,0.0034041548382155212,0.003261342134710618,0.002754024035945139,-0.06476774575021702,0.0044354110444814465,-0.054267418532538386,-0.0614647510807074
-6.439681029048522e-06,-6.807551090912965e-05,-8.122219245237232e-05,-9.543176144414132e-05,0.0006130739773899893,0.0032152956227890534,0.0027260679238789005,0.0021163277299403177,-0.044242192219363735,-0.042207254129775024,-0.05278742363380515,-0.06607451012025686
-2.5353597906078295e-06,-3.9411522847792974e-05,-5.6653290861896845e-05,-7.635367939199453e-05,0.0001677902702981494,0.002517501989478282,0.002187712394216194,0.001699288680489039,-0.04481454919900424,-0.09735147253237927,-0.05488368229873611,-0.017333299769998894
-1.6063214309486547e-06,-2.1100639816285224e-05,-3.6861727063136054e-05,-5.9412323077592775e-05,1.801740163368562e-05,0.001144674616823268,0.0017706003655359641,0.0016889825823913124,0.014859975466111487,-0.1772140019986235,-0.02853872343730987,0.015272080150453587
-1.1989261392370427e-06,-1.719730213964672e-05,-2.1856114787045726e-05,-4.193982339176663e-05,6.346165670863678e-05,-0.00036400708149556785,0.001230522089682101,0.0018055173547739172,-0.005771124451121257,-0.12452233766514367,-0.07947693173346274,0.008034874326067393
-2.2611664763889376e-06,-2.554504159583982e-05,-1.3372285663234146e-05,-2.4205317124642247e-05,-0.00027590972413901575,-0.0013055408097430517,0.00046624373508021477,0.0017413838986509588,-0.06210315171840926,-0.06378440798435311,-0.07337873918691454,-0.020861565550659072
-7.523019591087563e-06,-4.0595467729026286e-05,-1.280030836974808e-05,-9.732872700800469e-06,-0.0007764608988007093,-0.0017045444168942415,-0.00035184827638300143,0.0011531049861173964,-0.038007083213929455,-0.01601631344588486,-0.0902396631057287,-0.09679421695605342
-1.672778191543038e-05,-5.596198573964033e-05,-2.0562448977239146e-05,-2.3165700809996576e-06,-0.001064491566067854,-0.001368759185228568,-0.001200579845115212,0.0003301555378427658,-0.019599050239499455,0.08317335977901955,-0.07950665064071338,-0.06779567269887268
-2.7029332406218865e-05,-6.662384660426818e-05,-3.6192311655216454e-05,-4.765187507178579e-06,-0.000995818532089843,-0.000763612987697001,-0.0019253926904802495,-0.0008198790230785504,0.03333365703510163,0.037855879727293845,-0.06545591843229415,-0.16221123948539054
-3.468249514622243e-05,-7.31434345533995e-05,-5.6858502692599424e-05,-2.2083546945903626e-05,-0.0005348140159108696,-0.0005403046021292642,-0.002207845516996344,-0.002643792864666459,0.05886724620069303,0.006805797386253504,0.008965353129075204,-0.20257152883219112
-3.726463946926108e-05,-7.865202350154628e-05,-7.740133165693241e-05,-5.787821126041842e-05,1.838515130313939e-05,-0.0005614131875000913,-0.0019007202758702542,-0.004515139998236499,0.05177258724210877,-0.011027514460418913,0.05245969509614279,-0.17169789788181697
-3.487938831737028e-05,-8.587389703973062e-05,-9.662823422301811e-05,-0.00010792064764901497,0.0004586650790750207,-0.0008829615201367761,-0.0019446602373468843,-0.005493347279482809,0.036283398312267484,-0.053282152066918054,-0.0612476873914688,-0.023943558367445134
-2.9808677288658425e-05,-9.671530569789636e-05,-0.00011935761213181605,-0.000160966088389242,0.0005554771266673502,-0.0012853202114963714,-0.002601215344412704,-0.005115740868562595,-0.016920988793801578,-0.027189586205001004,-0.07006333402169518,0.0994648405514881
-2.6169378303004428e-05,-0.00011186874374529073,-0.00014727423115877108,-0.00020510067485514786,0.00017238267046344936,-0.0017453673979825036,-0.002982108460978302,-0.003711176424618581,-0.05969790244697859,-0.06481985109222543,-0.006115289291424464,0.18144804823731472
-2.7999895809251516e-05,-0.0001318163779263897,-0.00017602710325168283,-0.0002327049095023879,-0.0005384861717128669,-0.002244159438237293,-0.002768465957604047,-0.0018096705048294259,-0.08247586598828469,-0.03493855695873249,0.048843789966275475,0.19885313572051624
-3.7928602361988604e-05,-0.0001554588880353442,-0.00019984673472061104,-0.00024277205508763073,-0.0014472551388345506,-0.002484342583553606,-0.001995460336181595,-0.00020375861221914046,-0.09927792743605204,-0.013098072104530067,0.10575733431821499,0.12232924280154081
-5.56483348159249e-05,-0.0001794692054856488,-0.00021454204985363697,-0.00023998653844886945,-0.0020966913519527078,-0.0023177209065073146,-0.0009436026904235928,0.0007608619399713966,-0.03060931518757945,0.046422407513788344,0.10461419483338541,0.07059486763656658
-7.632944428809519e-05,-0.00019815774204639606,-0.00021841626294884562,-0.00023006298777223687,-0.00203953054248135,-0.0014199864056421343,0.00016876007138186397,0.00122384819535512,0.04204147708185099,0.13312449265924775,0.11785835752770593,0.022002383440178075
-9.186216178512949e-05,-0.00020580548005110386,-0.00021310641262831196,-0.0002177256851024011,-0.0010670129569255113,-0.00010956119529942658,0.0008932099927248674,0.0012436123386120339,0.15246204002931676,0.1289605494092938,0.027031626740894765,-0.018049554788795275
-9.490551222954958e-05,-0.00020001070772459692,-0.0002039906632678235,-0.00020631240341478535,0.00045834286804149484,0.0012685156606008145,0.0009299398793728231,0.0010390439989111152,0.15260912496408444,0.1466548217707544,-0.01968564941130363,-0.022864113151388477
-8.35088227708817e-05,-0.00018145343200389586,-0.0001942385777413526,-0.0001968426473824167,0.0018209950236920804,0.0024429394835393985,0.0010204772259213596,0.0008549072075626182,0.11992130616603267,0.08822994281696239,0.03779311872101093,-0.01396324511831093
-6.192146855603016e-05,-0.00015341591673024297,-0.00018086933040900187,-0.00018806476918067032,0.0024964758192782266,0.0031645635711911794,0.0016533722405487855,0.0009006684327866548,0.01517485295119661,0.056094874713393805,0.08878588420447425,0.023115490163118257
-3.895490404100404e-05,-0.00012088893058807399,-0.00015980056059758564,-0.00017707763881737897,0.0020968370837269983,0.003340833657242615,0.00256038172173446,0.0012967576398716153,-0.09510260006144225,-0.020840857503106713,0.09261601203266062,0.05610235125387386
-2.4118238473957926e-05,-8.90609996718977e-05,-0.0001308046835192086,-0.00016059640613888342,0.0008704960296822238,0.0030247525259926426,0.003238793693940951,0.001999488895827495,-0.15016561074751264,-0.04237536874688774,0.04306638240863753,0.08444389993730206
-2.1386364939672904e-05,-6.215690553949299e-05,-9.676277977591091e-05,-0.00013485671541630208,-0.0003241213228252196,0.002356066300488299,0.0035695870547185846,0.003148449248688773,-0.08875785975397602,-0.09136187635398096,0.023092289746889205,0.14534817063495353
-2.7604644033144488e-05,-4.3344731098007624e-05,-6.111745632252785e-05,-9.757334225308248e-05,-0.000919534495869097,0.0014063685878087744,0.003559477635958027,0.004308225383955149,-0.03032477485479948,-0.09857766618192398,-0.025114173499000747,0.08660705641832167
-3.660061771957257e-05,-3.258875001704237e-05,-2.812953064553037e-05,-5.0055963525814827e-05,-0.0008796602414165194,0.0007448276283842762,0.003038107499441471,0.005195250361498381,0.03829962574531501,-0.03373052570297563,-0.0791598538043104,0.09079793909032485
-4.2910524813959225e-05,-2.4576969788729363e-05,-1.3658455020906573e-06,3.6574042888288495e-06,-0.0003823211774608117,0.0008575284172783249,0.002314629529246471,0.005547423201430353,0.06116818704582652,0.05627068348178538,-0.06553574023468961,-0.020363371103930383
-4.319567693994962e-05,-1.239642489132343e-05,2.026837187509588e-05,5.5357424577603e-05,0.0003252907522627328,0.0015785805622028613,0.0020122139461908367,0.004792580856324476,0.08035419889888237,0.08793974550312189,0.00505262362356268,-0.13060509791724506
-3.633474649011468e-05,7.648462113530065e-06,4.165495451187133e-05,9.458358026196463e-05,0.0010468953377042556,0.0024303968387678378,0.002265102581164253,0.00305265028054785,0.0639667181894222,0.08242350980987345,0.045525103371120645,-0.21738101723808012
-2.2922209337564016e-05,3.397206383344746e-05,6.602082392937885e-05,0.00011489691488663224,0.001635612092805877,0.0028343235052156416,0.0026080713023372507,0.0010100166443856719,0.05377663283090209,-0.0016381765203127285,0.023068640863478873,-0.19114570999435554
-5.202723051995536e-06,6.223065222160145e-05,9.235749580651074e-05,0.00011803568790422577,0.0019082851643078185,0.0028173941724151568,0.002659263073089127,-0.0003822620408669645,0.0007579814694862186,-0.0017476900397842554,-0.012830286713103656,-0.08731002705617175
1.1971383428575395e-05,8.942252248682017e-05,0.00011616670541573795,0.00011313360331751338,0.0015265361318063672,0.002620979880628585,0.0021025788487563147,-0.0005981548764755138,-0.07710778796977644,-0.03753516831753012,-0.09850655815345882,0.04413145993446188
2.2875261838652343e-05,0.00011214679114888472,0.00013240619086116073,0.00011133261301883365,0.0006542395502090224,0.0019238738517843258,0.0011453182403282419,0.00023795681673956747,-0.09735152834969255,-0.10188603745132174,-0.09294556353215572,0.12309087870855437
2.5321913526850188e-05,0.00012577547498499752,0.00014029574006112005,0.0001206046697047029,-0.00016490921256945323,0.0008018629154382352,0.0004325915996636217,0.0016164545204342814,-0.06647822420600258,-0.12251614981789638,-0.049599764600768315,0.1526086620303884
2.0239988086375023e-05,0.0001273772403543452,0.0001429386576948931,0.00014160381859088024,-0.0008514758755255801,-0.00048150984156869925,9.599192709098847e-05,0.0025833752568011877,-0.07083510838522278,-0.13415840158349052,-0.017720169913758327,0.040775485242992876
1.0599580256655762e-05,0.00011711154333648648,0.0001436248739324488,0.00016669712752919927,-0.001076605690418272,-0.0015716295620030456,4.1251320420152896e-05,0.0024352865308626187,0.025809145406684386,-0.08386554250337874,0.006772048579591211,-0.07039323043070664
1.3883243057871497e-06,9.915337779891751e-05,0.00014350718906786005,0.00018501002815836073,-0.0007656454997554503,-0.0020200035455107484,-6.478829333790468e-05,0.0012272935949696722,0.03638289272587997,-0.005809254198161806,-0.027979971331202728,-0.17120535674788265
-5.116302528516515e-06,8.114835844355055e-05,0.00014004826628158726,0.00018986093996977706,-0.0005352798671052826,-0.0015810003255626436,-0.0006269962639166532,-0.00025711123268640484,0.00969023380415357,0.09360989818778276,-0.08446162278454696,-0.12567560878333275
-9.3602311246693e-06,7.055763813571768e-05,0.00012924069964556154,0.00018149339545087877,-0.00031350585212527426,-0.0005371437360039287,-0.0015345170632884905,-0.0014163976710932545,0.0346645691918481,0.11516141972396021,-0.09704253708982051,-0.10618167889803717
-1.0966180165332682e-05,6.836545521480025e-05,0.00011139090428889758,0.00016233419301359443,-7.683956007402122e-06,9.87071518204416e-05,-0.0020354420080443024,-0.0024154428163636133,0.02649981003172633,0.012008757840913847,-0.0031424518613418356,-0.09362735015603454
-9.95575915922557e-06,6.811336726528198e-05,9.2999239762688e-05,0.00013606699962141983,0.0002097681572288244,-0.0001491247417240957,-0.001642890897197614,-0.0028379958620713065,0.016990612615518978,-0.06157513654982131,0.08165267403067951,0.009116741014495916
-7.191187264623788e-06,6.424632880776886e-05,8.05372847055094e-05,0.00010830248456030996,0.000343146221691532,-0.0006242829497785275,-0.0008495001142381044,-0.0027149071501506674,0.009685000277022536,-0.033456505061065046,0.07702548256122242,0.015501001369631923
-4.0310371790224425e-06,5.7583642676844306e-05,7.428646718844102e-05,8.410728251201096e-05,0.0002888837954287372,-0.0007082542764063835,-0.00040066338917557165,-0.0021241332595091323,-0.020537485529581505,0.016662239735493835,0.012741862451284128,0.10265377675867507
-3.0137895804894946e-06,5.146209141287411e-05,7.050669379190773e-05,6.875751985643696e-05,-8.54342757221476e-05,-0.0005160559763876549,-0.00035529129013108646,-0.000945819271605669,-0.05432612870059545,0.021777420268251878,-0.003667442642387095,0.13300902082201757
-6.256229202523471e-06,4.702914571507817e-05,6.663773584665547e-05,6.484473639403297e-05,-0.0005630536486846477,-0.00037053316317153427,-0.00041850029891936705,0.0001632625791248715,-0.04119774589190455,0.007327142374972263,-0.008974359115269018,0.08880734932409054
-1.2783972042355288e-05,4.3888248432493006e-05,6.340978174391426e-05,7.077532730058166e-05,-0.0007424949192817156,-0.00025764629334549795,-0.00022709052162887393,0.0010228556021848658,0.005309491772490953,0.015250231590234996,0.04725631457336764,0.08311125528790833
-1.9300940502947547e-05,4.174410954414138e-05,6.43458685290008e-05,8.431555036593145e-05,-0.0005608987728367362,-0.0001711814843248268,0.0004143078786461825,0.0016851890108850933,0.03100973751650494,0.002042730213899231,0.08102336548164364,0.04935542645213717
-2.2929626510720277e-05,4.0124423844353614e-05,7.151430929975227e-05,0.00010341845147304663,-0.00016483842871780978,-0.0001527556556327269,0.0010193802755041103,0.0021353912105379416,0.04820233130728035,0.0016424355245207509,0.03999111388994191,0.04068501347843248
-2.2207500462884306e-05,4.0666109253282216e-05,8.358642608240239e-05,0.00012558683967391852,0.00030926363828500406,0.00026109273741844736,0.0013950430810259142,0.002298286429636436,0.04661808209328242,0.08112724308571409,0.03514144721441888,-0.008105969658733586
-1.7224024101476548e-05,4.808590171298987e-05,9.862146821767816e-05,0.00014647848636872065,0.0006874316339965474,0.0012228657545230836,0.0016119653460292401,0.0018800429093239908,0.02901551704902624,0.11122736033521316,0.008243005786246302,-0.07554273440375545
-9.745440117960108e-06,6.426817909945987e-05,0.0001154858105776506,0.0001621459394675072,0.0008082851627067407,0.002013589722770917,0.0017609031259652472,0.0012534477104333176,-0.004844811306987572,0.046917433314353524,0.021544550200955095,-0.04977630537437919
-1.1387725487737226e-06,8.460882077860601e-05,0.00013338975630891267,0.00017271242956458258,0.0009130483511305364,0.00205453861305831,0.0018198860202871666,0.0008598503089817596,0.025797448991746706,-0.038727655256874854,-0.009747971336571196,-0.02894317491593243
8.910995441050889e-06,0.0001031816644195467,0.00014985883328498778,0.0001797960801078351,0.0010969052468343858,0.0016600301151298272,0.0014739293749278556,0.0005568797996687459,0.010973930149023182,-0.04017404432882174,-0.05944335773529101,-0.031650926946670294
1.9371604084122667e-05,0.0001173624240441655,0.00016124507737615932,0.00018491046721590305,0.0009952164817799698,0.0011761218097939327,0.0008033194433064521,0.00046599762194484426,-0.03131168315990638,-0.05660761673835715,-0.07467862858898967,0.01347449140188997
2.7012866926587292e-05,0.00012629112782655167,0.00016614176800508332,0.00018921178749336072,0.000533036086712955,0.0006096189466833023,0.00017601868247834912,0.0003942664335466898,-0.06112439585349657,-0.05669295588376891,-0.05078152357663092,-0.027820729081520862
2.8443064277679806e-05,0.00013010984910998203,0.0001670282967620695,0.0001913990076854464,-0.00024699661649445215,0.0001541253100027693,1.2870689188878388e-06,4.3177604870447495e-05,-0.09488214478798485,-0.0344057714523377,0.015835200864738663,-0.0423970366537276
2.2144881618042706e-05,0.00012910514496039971,0.00016753177400604687,0.00018856019948914894,-0.0010126399154329678,-0.0003550661399192327,9.940837987658435e-05,-0.000610939244129942,-0.05824651499971828,-0.0674325185320627,0.0037890613268006385,-0.08842633314635029
1.047778595475557e-05,0.00012244398349487017,0.0001677847997130771,0.00018010353535058868,-0.0013207792172244593,-0.0009771661531866756,-4.880323847053905e-05,-0.0010803935835821093,-0.0033813453585800346,-0.056987484121425874,-0.03343138499622532,-0.005464534744083177
-1.1996648622949101e-06,0.00011030732786655374,0.0001652537343337434,0.0001703882339978044,-0.001014710946185637,-0.0014501649724766102,-0.0004574098373962026,-0.0008626666869747487,0.06459499956634451,-0.03761227973656103,-0.04828993478890739,0.0490099140655553
-7.711299715060758e-06,9.474563770343155e-05,0.00015735351249402193,0.0001650616739737618,-0.0002876160243675324,-0.001662173060147828,-0.001122634530548088,-0.0002026453178337708,0.08082398479727643,-0.004789337797682508,-0.08475500384146972,0.08299435976264027
-7.274674101749952e-06,7.942994878392361e-05,0.00014442378525220267,0.00016718133904721134,0.0003749411470296935,-0.0014009647237537616,-0.0014633109178157652,0.0006265783325236796,0.051687449482168746,0.057031005076495805,0.016619726387934297,0.08285037030884981
-2.5047067992860465e-06,6.836311396380344e-05,0.00013124218359818467,0.000174489692741279,0.0005790523134630876,-0.0008124022402702725,-0.001173009412987834,0.0008350924062898535,-0.01086521619548994,0.060681491620202005,0.041440574577651934,-0.04114755555561503
1.703071084678765e-06,6.438120095347682e-05,0.0001225047077949915,0.00017912575498919202,0.0002625032633298747,1.601963820494878e-05,-0.0005744857476507975,9.21200432927496e-05,-0.05244459383115263,0.10500288407484223,0.07826415848975538,-0.10744691704380574
1.6654324896263815e-06,6.905208821676701e-05,0.00012072083889866139,0.000175443742978046,-0.0002700309823403513,0.0009181578144530892,0.00021771196838477286,-0.0008285224455219512,-0.054062255302892576,0.07542475117478586,0.08017538471735869,-0.07668158071913442
-2.1604559091751524e-06,8.013226014250386e-05,0.00012689859555763854,0.0001663592916857244,-0.0004951466974199555,0.0012978765706942814,0.0010178393634106575,-0.0009883678129423683,0.009039112286971754,0.000519000073452569,0.07985009428781825,0.04471250723505096
-5.475681769900538e-06,9.210469184307371e-05,0.00013968257085607272,0.00015988730235955238,-0.00016789847472512166,0.0010966097694196887,0.0015389556962761785,-0.00030603005229203886,0.05641053225199501,-0.040772360328371116,0.02437317228528596,0.09175504489501493
-2.999825980466392e-06,0.0001016145131561515,0.00015423042035236535,0.00016324336453634405,0.000663069632611951,0.000805354493195869,0.001370614202982347,0.000977242487650373,0.1097830892154195,-0.017478694916392812,-0.058041470944052265,0.1648994630934674
7.209410150327943e-06,0.00010919772495973384,0.00016597056763127067,0.00018203336689488303,0.001378777593546916,0.0007112878675205981,0.0009774152527987172,0.002780757984057424,0.033358502971573514,-0.00133463021866137,-0.020598319092673678,0.1958036361879428
2.0872403156901417e-05,0.00011618590990840586,0.00017597964700273678,0.00021699686830828861,0.0013538210077677787,0.0006863491222138072,0.001024400621494505,0.004211942298623692,-0.03834982012740097,-0.003653118842696812,0.029995392831831225,0.09043322672531087
3.1779054742987245e-05,0.00012393682580052754,0.00018954646247746492,0.0002609533084268189,0.0008275093094493868,0.0008638340562105285,0.0016889624734511247,0.00457934572508236,-0.0669125195362774,0.03915010564204108,0.1029169775594927,-0.0169525414335773
3.721334136416769e-05,0.00013579489446214604,0.00021239980973063025,0.000303980466291178,0.0002593480147867023,0.0015077796761131714,0.002881706977181941,0.004026085847789464,-0.046719739396259494,0.08963901833848748,0.1356319231866706,-0.09369943402500178
3.829209648721925e-05,0.0001559488048669619,0.00024707520960056024,0.0003392096508137934,-4.3596990176390934e-05,0.002523002404849998,0.004053372996804056,0.003019751056733618,-0.013869261596359157,0.11340552740887783,0.09870128073775242,-0.10756752418616747
3.939078371021114e-05,0.0001865587054307866,0.00029035033235935156,0.00036630891123238884,0.0002633344347747697,0.0035989777079149425,0.004601651554954206,0.002400101026985468,0.07525554658659128,0.10178953320411105,0.010954430892277434,-0.016362481763462527
4.631475841640971e-05,0.00022673338130157464,0.0003350735564559154,0.0003910715253379916,0.0011214605064649437,0.004435957466242667,0.00434299326435856,0.002552421794135081,0.09636966775144351,0.06560641846143372,-0.0626860890114066,0.04682663519338512
6.21060980270108e-05,0.0002714719704435556,0.00037547315496117543,0.0004215222692427732,0.002036807415655275,0.004511760362153527,0.0037369264366934486,0.003537726986821247,0.08669971408662275,-0.05044583927926166,-0.05852727652161571,0.150234403343848
8.542104805428876e-05,0.0003122799295932428,0.0004109407862887013,0.00046307787837234025,0.0026261825898003166,0.0036498314677839154,0.003356599828811725,0.004773394839092158,0.03117532074238555,-0.1219399395946606,-0.017538045054729,0.09689916711033417
0.00011135576490134689,0.00034300754574805356,0.00044446066785577853,0.0005140664346320697,0.0025607607796113087,0.002495691763178233,0.0033473764846037226,0.005424316412853728,-0.04425968278018716,-0.10888800132647586,0.015693376213128496,0.0332851476419799
0.00013251895279589379,0.0003644378772592684,0.00047886452938263773,0.0005675667856345885,0.0016718767992980718,0.0017903745390647307,0.0035333958207681183,0.005275753787650027,-0.13351711328246024,-0.03217544349622453,0.021510491019750666,-0.06299767268272008
0.000142105992496419,0.00038203589248370995,0.0005144334537005343,0.00061609064571127,0.00024553114080696917,0.0017292285058235835,0.0035803890428111954,0.004429018227686273,-0.1517520184157603,0.01994623684799507,-0.01211184661113529,-0.10634943931003069
0.00013890930170563844,0.00040085568549487233,0.0005490407450432323,0.0006539095964090901,-0.000884869298963079,0.0020347300964088915,0.003341069225728403,0.0031347719118777614,-0.07432806953824933,0.041154081269066556,-0.03575211680542323,-0.15249982385167163
0.00012947516747838166,0.0004216533709338701,0.0005790268001709519,0.0006782690560534219,-0.0010019575464882773,0.0021248069913906674,0.0026561417998155227,0.0017371200169885922,0.05091042003320967,-0.023138702272711364,-0.1012333683771528,-0.1270305551261622
0.00012458331898172897,0.00044080364485674,0.0005995280042322172,0.0006917687479663572,2.3587847157739185e-05,0.0017052477931833025,0.0014440990124375383,0.0009628183655984675,0.1541986586959936,-0.06077313736876161,-0.14117518909844406,-0.027829775151862718
0.00013111712472780348,0.00045371155923479864,0.0006072120024279552,0.0006993681157090844,0.0012831733020571643,0.0008763350824284308,9.270062671005237e-05,0.000557055182946967,0.0977184322838914,-0.10500940478221271,-0.1291044880470531,-0.053322861378437364
0.00014583112797441475,0.0004570085378235028,0.0006023206287276964,0.0007006668389299896,0.0016596273472650894,-0.00021693936468759585,-0.0010709753667618148,-0.0002973105387659267,-0.022427623242306377,-0.11364548464099264,-0.10363071064732032,-0.11755028296414138
0.00015897001323881215,0.0004506517133327393,0.0005882055541513505,0.0006913102838708087,0.0009681497056143909,-0.0010544255334651114,-0.0017520395485073532,-0.0015740004730702493,-0.11586790508783332,-0.05385174911451049,-0.03258212570178737,-0.13778770389672312
0.00016228815483620057,0.00043756714852118513,0.0005686081107440812,0.0006690490297518821,-0.0003045213861367067,-0.0015624874288457183,-0.0021674491329465146,-0.002878250350715075,-0.13866631326238618,-0.04776062996161087,-0.05049979118604492,-0.12306227163224204
0.00015334779253042274,0.00042020620911425673,0.0005446831040048072,0.0006361106645396937,-0.0014835510750188599,-0.001909700452539961,-0.002617552214908288,-0.003709422691722592,-0.09713962451404445,-0.021681974777237684,-0.039520825206309784,-0.0431721965692613
0.00013565715825627345,0.0003996543234931272,0.0005168076548550391,0.0005970394931003557,-0.0020545757798109982,-0.002200676671685948,-0.0029575376150453255,-0.0041048115961450065,-0.01706531644438325,-0.0365132690519597,-0.02847625482109767,-0.03590558431522162
0.00011634114563816256,0.00037562350038532487,0.0004862627406697515,0.0005551718145462165,-0.0018086267438111804,-0.0026054879498745164,-0.0031514452220121965,-0.004268724114682835,0.06625512364434682,-0.04444898658575394,-0.010305266572276539,0.0031230806076558704
0.00010295230919439403,0.00034823833641961353,0.0004530267702705443,0.0005139126860545427,-0.0008691405449425245,-0.0028715448432677514,-0.003495748857829238,-0.0039831015836519395,0.12164211612938436,-0.008762392092893062,-0.05855546059113176,0.05400142559852328
9.904232045338473e-05,0.0003206109496857659,0.0004158499095613595,0.00047674609691127735,8.714279674066304e-05,-0.002653932503501778,-0.00393962328400773,-0.0034502162450011213,0.06961455220725316,0.05228486004608776,-0.030219424644566673,0.05257564213164034
0.00010185213702713434,0.00029534059848363407,0.0003766023147487676,0.0004441150389216115,0.000474820518009259,-0.0024001377369245835,-0.003909895678510645,-0.0030759953529320453,0.007920992046466041,-0.0015259067306488683,0.03616494574398371,0.022268536282174844
0.00010528670026362199,0.0002709600183950852,0.00034037108418435904,0.000413708347573325,0.000212092129288271,-0.002475978280785191,-0.003336350434371067,-0.00300534291672526,-0.060466669790663646,-0.013642202041472623,0.07854410308393195,-0.00813804904081783
0.00010359030447225904,0.0002454478841474786,0.0003105036209225922,0.00038341314413337335,-0.0005513712875608603,-0.002626448568736134,-0.0026371422179822987,-0.0030536977712650663,-0.0922260135791626,-0.01645185554871606,0.061297540193821665,-0.0015329218671433775
9.418398919920333e-05,0.000220233358815134,0.0002859603955346182,0.000352991257868726,-0.001329891767050281,-0.00241645649773278,-0.0022715028596124983,-0.003030679481664408,-0.06347808231872157,0.05845026974938691,0.0118303314801384,0.006136579787274998
7.906605775189427e-05,0.00019821463766880556,0.0002636755131833214,0.0003239198793772068,-0.0016936945224115315,-0.0019872877315329097,-0.002185473610646863,-0.0027835962166394305,-0.009282468753528533,0.027383483490587085,0.005375518312988603,0.04328007321772054
6.342665515569858e-05,0.00018028932227121517,0.0002419860699351249,0.000297319296014154,-0.0014341859968276052,-0.0015977753479851677,-0.002152415038992438,-0.0025365204559711276,0.0611841738703138,0.05051899321896133,0.0012361960178964293,0.0061350789159400065
5.300175467753609e-05,0.00016658424639231462,0.00022095363675845485,0.0002718737494975274,-0.0006507940988048937,-0.0011432398277949432,-0.0020540715963415727,-0.0025525888473541883,0.09549420573422848,0.040388110819083584,0.018432492512276688,-0.009348757192552126
5.167927313424283e-05,0.00015671863624008546,0.00020153279818124038,0.00024679066112743246,0.00038629779014624137,-0.0008298822026508884,-0.001830096119101323,-0.0024640288266648026,0.11192417205599856,0.022283414209727376,0.02636260293577325,0.02706076133042923
5.9553822058493845e-05,0.00015013609953324285,0.00018501761860695315,0.00022400799458531097,0.001188611994703962,-0.00048662513871763343,-0.0014729397957561233,-0.002092504481759496,0.04853866885554556,0.046367998576923614,0.04506866173326668,0.04724410765063214
7.204064439727799e-05,0.00014786988180442314,0.00017335502109828142,0.00020669010354870592,0.0013087524730528675,3.33815929536916e-05,-0.0008595797059782226,-0.001371073725561514,-0.024510573185764467,0.057633347757341385,0.07760335622231346,0.09704204358896418
8.225374226175536e-05,0.00015099121735879888,0.00016968927848912504,0.00019864267553739096,0.0007338670998426051,0.0005908855179214553,0.00012643118414694702,-0.00023841187670147813,-0.09046650145628801,0.05386743723621136,0.11959882180272047,0.12949032618304301
8.528398068304728e-05,0.00015882012237268366,0.0001771101429478463,0.00020395657213984498,-0.00012781941558422084,0.0009748954848555001,0.0013577417075973078,0.0013011911971922818,-0.08187080162907717,0.0229345561505976,0.12666328288735168,0.17843028859570897
8.087516491393414e-05,0.0001690490023377475,0.00019608505048319074,0.0002252084257220126,-0.0007539437382384068,0.0010708805081572704,0.0024372397994715774,0.002949179519241241,-0.043354062901760027,-0.003737551490243532,0.08923633548750226,0.1511673758140828
7.341217859501042e-05,0.0001792224630108133,0.00022294318076800893,0.0002626858056433549,-0.0007386535255463362,0.0009638116264558871,0.0029343862574920613,0.00454629646502722,0.046412105440174156,-0.017676224850033104,0.010192956116594487,0.16825601334311302
7.020469575725958e-05,0.00018868584846280608,0.0002519547242986684,0.0003145908681224676,9.715695799616692e-05,0.0009288654639426689,0.0028679224486398295,0.005834716030795318,0.12074999126832647,0.010686992347389443,-0.023485717887040847,0.08942789981050647
7.691571488801755e-05,0.00019966059309521364,0.0002806918664111143,0.0003738749058471091,0.0012450468681554272,0.0012660834625388446,0.002879505973849355,0.0060220915141329795,0.10882799076352556,0.056756607371845694,0.02580242292894591,-0.051952803142974124
9.333481167418427e-05,0.00021707427753102414,0.00031125024287109303,0.0004298615171481566,0.002038772489077917,0.0022166534246232544,0.00323216931814639,0.00517523074607653,0.04991713342097237,0.1333573850450363,0.0447302459304611,-0.11741935046831586
0.00011307667490036404,0.0002456370350396833,0.0003457060802802457,0.00047550750079342215,0.001909600156158038,0.0034958980771085738,0.0036589981636841453,0.003953965982976575,-0.07575160000494818,0.12249154545202762,0.040635523177090016,-0.12683360215167494
0.00012845813553352383,0.0002846800569247665,0.0003849064977621297,0.0005091009513512094,0.0011666919704739188,0.004312706299908068,0.004181085332692656,0.002764724128580866,-0.07283003713187564,0.04087009910787126,0.06378191062461208,-0.11101476872746696
0.00013706106127686483,0.00032796847142771684,0.0004282825683253968,0.0005309201439563306,0.0005538931781942822,0.004344976600682002,0.004494128779960768,0.0015991143924433877,-0.04972972132405168,-0.03441603895308459,-0.001173221170989669,-0.12210717850002872
0.00014213901312983958,0.00036870304561619947,0.0004706829144943099,0.0005443105526569249,0.0004616971924006689,0.0038019382370145247,0.00398594045382185,0.0010789673476754647,0.031290524165329014,-0.07419163378041088,-0.10046444405679383,0.018077769546444133
0.0001491179187553124,0.0004010775406572599,0.0005031210297633067,0.0005577410411147632,0.000934083932693895,0.002672960771197563,0.002501682599977498,0.0016071303438922042,0.0631868238933162,-0.15160385938298143,-0.19638712671207653,0.08755482969690376
0.00016077757393632958,0.00041996561600530385,0.000519485074977289,0.0005771388982249789,0.0013978471035095406,0.0011046542984112242,0.000771126442818971,0.002272441078150934,0.02956581026981292,-0.16205743517428634,-0.14972410471962888,0.04550731715484224
0.000174233393377407,0.0004228480438539298,0.0005211898746887355,0.0005979833518470686,0.0012933167847059416,-0.0005281687286860352,-0.0004301665005296655,0.0018964496462669977,-0.050471874030532715,-0.16450717024516553,-0.09053448395009839,-0.12070560353162951
0.0001827087347776328,0.00041065283636547846,0.0005127543606504551,0.0006094897597241643,0.00040175149533921875,-0.0019108727690042317,-0.0012569363071264286,0.00040483192915214197,-0.12784118384281185,-0.11203363781847375,-0.0748194773692542,-0.17761793989134161
0.00017938836793543141,0.00038707665774390457,0.000496614505923041,0.000604427158496664,-0.001065824863779495,-0.0028043629553105463,-0.001971034638356379,-0.0014173521746522035,-0.16567408798093086,-0.06666439944278912,-0.06800018887673587,-0.18681888086952747
0.00016259133843983574,0.0003568783718732993,0.000473210491952319,0.0005797110031735176,-0.0022935810353396395,-0.0032352942188105115,-0.0027097681557880253,-0.00352587888997708,-0.07987714633109805,-0.019521853257203903,-0.07974651460959337,-0.23488646219544784
0.00013792360348756897,0.0003238328342829186,0.00044161547719979657,0.0005339972521249862,-0.002639965955113715,-0.0033738132992656242,-0.003609234794716461,-0.005616871319729195,0.010600162376282973,-0.008181962833818668,-0.10014681317609375,-0.18331202375497524
0.00011339630928948536,0.00028956864903645357,0.00039976186204342286,0.00047140887013173905,-0.002265492884503007,-0.0034790237500273813,-0.00476148823655828,-0.006900805078920229,0.06429445174585863,-0.0128601273185327,-0.13030387519227016,-0.07347472808323152
9.510373124976701e-05,0.0002528568771327971,0.0003462521638898561,0.000400779090078602,-0.0013930227234406631,-0.003863330630703915,-0.005940451394155078,-0.007225150931707181,0.1101995804666101,-0.06400124881677405,-0.10548875632708932,0.008605557525841245
8.57357059978206e-05,0.00021031332343758398,0.000282658540213047,0.00032935225957428154,-0.0004805823269486203,-0.004645380108338707,-0.006778273341206736,-0.0070602151691569115,0.07228849883179844,-0.09240864671018434,-0.062075633083242265,0.02438159498421255
8.240767009635262e-05,0.00015970839388997781,0.0002132872477321608,0.00025953373041524277,-0.00018502485334497465,-0.005475605801182527,-0.007095985154970509,-0.006903490662650842,-0.013177004111069313,-0.07363649185857968,-0.0014667296695122234,0.006963306317001372
7.794413721770693e-05,0.00010219314396197074,0.00014343894322266948,0.00019140147568271813,-0.0007076817223841622,-0.006027444184418888,-0.006873675746927753,-0.006722960283854087,-0.09135436969676819,-0.03673118478869242,0.04592861127806336,0.029142769442349614
6.574918283246832e-05,4.133546603408591e-05,7.828042200321233e-05,0.00012490066181639406,-0.001731309154663561,-0.006144091401158078,-0.006158028496963678,-0.006577202489410727,-0.11337111675911155,0.013401741440854487,0.09720083871475171,8.789446322321481e-06
4.409082575739959e-05,-1.7556254599248472e-05,2.1525435965323983e-05,5.896820368560658e-05,-0.0026003622603501843,-0.0056342527255087965,-0.005192968710613991,-0.0066092891367467675,-0.06043950437821316,0.08856599368900175,0.09581111855518565,-0.006426118913530399
1.6831260242351718e-05,-6.808420268649447e-05,-2.7050191251962547e-05,-5.812203242405085e-06,-0.0028515508426593906,-0.004471336891940405,-0.004522156732843316,-0.006346792248855564,0.010201787916371885,0.14401717302467665,0.03835127699894947,0.058925496491771145
-8.425596309108606e-06,-0.00010604456352462055,-7.080483664304257e-05,-6.479919898697374e-05,-0.002199820467632674,-0.003120735275684812,-0.00422877234537269,-0.005450606900058166,0.12014428708897146,0.1261031502264418,0.020325600495175622,0.12031157326770847
-2.2602928858119653e-05,-0.00013183167844985934,-0.0001108490813898315,-0.00011209797451445442,-0.0006356460421695354,-0.0020366877093629457,-0.0037800766039850953,-0.004009148205437972,0.19269059800365623,0.09070636303793145,0.06941354778234332,0.16798016565633045
-2.0574227205384e-05,-0.00014720445420842828,-0.0001432062377713176,-0.0001441481167334576,0.0010413863727166662,-0.001037867442350843,-0.002691354672312126,-0.0024008802383626623,0.14271588497358406,0.10905769036448909,0.1483308385522505,0.1536734277587315
-5.740043091266417e-06,-0.0001520477896314433,-0.00016100098529404764,-0.0001612519078852635,0.0019254504501068504,6.92003577478376e-05,-0.0008675948322338803,-0.0010198779919985191,0.03409693050445278,0.11235586965524702,0.21642112946339864,0.12252702151409711
1.1856024783725839e-05,-0.00014533792094246578,-0.0001586355093146279,-0.00016554307330849557,0.0015937631248916012,0.0012727733800476683,0.0013406900281178293,0.00016164490735210563,-0.10043439554750261,0.1283587348047191,0.2252358426069433,0.11377755835602782
2.3193757209931634e-05,-0.0001251890689127198,-0.00013571741303621579,-0.0001559958674045233,0.000673783360349558,0.00275699702590153,0.0032429292275645925,0.0017477962734423506,-0.08356155736090604,0.16848599436605322,0.1552119972824093,0.20345271486202116
2.7653411523993933e-05,-9.14492381190823e-05,-9.665039082296377e-05,-0.00012666725118208854,0.0002181475024629016,0.0039909691328259694,0.0045704752150858095,0.0041179269710446,-0.007565614216425237,0.07830842701883461,0.11029720022183409,0.27057342465842865
3.1332116165823926e-05,-4.891531510626816e-05,-4.62711902796828e-05,-7.233492931295928e-05,0.0005175934259030971,0.004515815469736857,0.005505364893570383,0.006748537402781253,0.06745479890446433,0.026660840363342986,0.0766807354750807,0.25554866168890195
3.9803930333099856e-05,-2.786713047862766e-06,1.300368847713284e-05,5.512784574221901e-06,0.0011767694075520887,0.004709904941944222,0.006349610857792744,0.008821005374654982,0.06438039742533398,0.012157054078130003,0.0921684573693915,0.1589449326858437
5.509683114614946e-05,4.453527242857404e-05,8.061501380479898e-05,9.764139776575907e-05,0.001881810755057832,0.00475449215334314,0.0071726542077404825,0.009604717263652453,0.07662787207581466,-0.0032396117983464756,0.07244021262015621,-0.002202554886349406
7.655692995969634e-05,9.179850855728867e-05,0.00015551149300138293,0.00019165398293099586,0.002410209007651545,0.004698155072399784,0.007806641631576309,0.009197799769394905,0.02905177844292796,-0.008027804390324744,0.05435727214700914,-0.07918094396516023
0.00010003831820695863,0.00014069338550770213,0.00023414815172302335,0.0002784444491695139,0.002286068641800913,0.005080820317682908,0.007920690112751774,0.008160293478308702,-0.05387985161305443,0.08456085344694969,-0.031547575911915926,-0.1283203142520804
0.00011852269456541343,0.00019584003949876078,0.00030900393921868034,0.000352314743896256,0.0014108066298900471,0.005948510480528824,0.007050467386379622,0.006613765467039721,-0.12117255076911869,0.08897717912223341,-0.14249696936251444,-0.18098528800171593
0.00012845883820375496,0.0002572908474880326,0.00037273554122481173,0.00040935073020944543,0.0005764220977782592,0.006341651117325536,0.005695853014846658,0.004793431795598163,-0.045704355653238896,-0.010349051762891082,-0.12842590494407857,-0.18308144628659578
0.000134180864768919,0.0003171929444182652,0.0004236781047211733,0.00044981772086121385,0.0005679832152545503,0.005638768268720991,0.004492659684425651,0.0032999663347555224,0.04401657914849712,-0.13022751795801785,-0.11221276114012269,-0.11561164588193223
0.0001425537651482958,0.00036436346125636755,0.0004628458588732682,0.00047903203684944846,0.0011065968606208103,0.0037953350988994767,0.003340891145993337,0.0025428968628914,0.06370614992475492,-0.23845911600628505,-0.11814094654634011,-0.03580224849089225
0.00015530243637139473,0.0003909598867622705,0.000490208436604659,0.0005019286252444832,0.0014431373839989736,0.0015239500022811154,0.0021316244002848213,0.0020364208161155373,0.0036019547508777255,-0.2158179033173872,-0.12371240259536309,-0.0654929608642803
0.00016778777833373812,0.00039725301319057106,0.0005054571045909755,0.0005179838246598348,0.0010539310084697032,-0.00026532471662100683,0.000918109196978474,0.0011746190669548024,-0.08144322985673182,-0.14203704046303722,-0.11899063806590637,-0.10686738896786668
0.00017271304760970972,0.0003901140908292434,0.0005069534713604651,0.0005233229453078151,-6.88771532753815e-05,-0.0011624597556445294,-0.000618835843080556,-0.00010679493735875193,-0.14311840249228513,-0.037389967341667274,-0.1883983699458996,-0.1494154118948442
0.00016581766672145394,0.0003763418681545454,0.0004920077051487619,0.0005146173330172511,-0.0013101990243757754,-0.0015919847792950634,-0.0023703173992600792,-0.0016343275207540426,-0.10514597172779366,-0.04851503738843954,-0.16189794129000507,-0.15609110478421395
0.0001493081100164659,0.0003574602843336731,0.0004616038768312349,0.0004903446374641017,-0.001991712316621833,-0.0021843319848793936,-0.0037104482642453225,-0.0032202115898758493,-0.03115668672141786,-0.06995440372842654,-0.10612823170704361,-0.1610857090401474
0.00012924940003250415,0.00033108443818685365,0.00042104301961671734,0.0004505671828634872,-0.0020200296801705163,-0.0030908372444845007,-0.004401723178658189,-0.004735279330247048,0.025493214011681198,-0.11134664819259488,-0.0321267511755296,-0.14192783903409234
0.0001110689048121587,0.00029429177614793565,0.00037564419472937245,0.0003976682309488768,-0.001616069363898574,-0.0042676951632991,-0.0046780417988107875,-0.005844511052675033,0.05529884924270728,-0.1240249355703249,-0.023136972854990223,-0.07991850545150458
9.737114475658417e-05,0.0002470862491326343,0.00032612838113922594,0.00033568194205139566,-0.0011234826472163305,-0.005173410239761167,-0.005225120919218514,-0.006552746726821191,0.0432184940937414,-0.05711807972208849,-0.08627885122655504,-0.06172862937772705
8.657332746452303e-05,0.00019541333614847694,0.000268185365448488,0.0002675146259159456,-0.001036080811195899,-0.005161172357070309,-0.006363482218929078,-0.007080716500268823,-0.0257381268896551,0.05956565626026,-0.14139340871555778,-0.04386532531179932
7.368161516941492e-05,0.00014738757212292918,0.00019856533111335453,0.00019538315449551332,-0.0015422616478257217,-0.004443980448039242,-0.007560524648097611,-0.007345577783817632,-0.07549804043630942,0.08387272554595349,-0.09801507711814889,-0.009106931397962592
5.5601702026257146e-05,0.00010539407471174718,0.00012164131592651727,0.0001221623296072731,-0.0020737209808058335,-0.003954719034197159,-0.00782427838926984,-0.0072985871938304105,-0.030793826159712878,0.013979557222463246,0.04526432888370285,0.01850504939540687
3.432198590253041e-05,6.498212353927483e-05,4.9052166281037e-05,4.9119278801781326e-05,-0.0021822222439395137,-0.004127671200297309,-0.006693551539826212,-0.007310022967267944,0.00909357353297685,-0.04856999044249344,0.18088104100502284,-0.0207922040829136
1.356425416539856e-05,2.111470686670085e-05,-8.824732161501412e-06,-2.3622491086010265e-05,-0.001969324103486856,-0.004645812134217488,-0.00488182814868147,-0.007238331010290375,0.033486054557554656,-0.05505819634154219,0.1814636372239255,0.03513059547842734
-3.621345334658449e-06,-2.4405565597495513e-05,-5.116728718091963e-05,-9.150519956235717e-05,-0.0014677957965245464,-0.004458242358621784,-0.003586682855202173,-0.006338210684979006,0.06681960683490723,0.09257215146068298,0.07756542147193396,0.1448934695838464
-1.5050982193394362e-05,-6.162043940484664e-05,-8.515588379672236e-05,-0.00014568055189783757,-0.0008181315752226363,-0.0029847324028484425,-0.003211036467958374,-0.004496859782117073,0.06311323742547481,0.20212983969398524,-0.0024361440231742137,0.22337671098854028
-1.916123145427203e-05,-8.125696106338352e-05,-0.00011611709787956855,-0.0001790139597961106,-3.918276952897246e-06,-0.0009425719288589343,-0.0029812063486108634,-0.002169821797537531,0.099729422228473,0.20630225510391642,0.04840216789267632,0.2420308859273681
-1.575578296690522e-05,-8.241013119901781e-05,-0.00014087621719056557,-0.0001906158132453689,0.0006850079744262594,0.0007119379017320757,-0.0019706175135885406,-0.0001505488923141318,0.038055828047358325,0.12459971101428557,0.15371559911178828,0.1618236951173117
-8.042106198467042e-06,-7.217585276588108e-05,-0.0001501834687462133,-0.00018501057703311827,0.0008577273792613763,0.0013349177848952709,0.00010916720245899214,0.001271596134764258,-0.0035119470803349484,-3.7343816465251756e-06,0.26224134409771827,0.12260531029836624
-8.054959094825922e-07,-6.018588242598193e-05,-0.00013565226844918936,-0.00016626423491646297,0.0005895946785355135,0.0010630762830845597,0.002797072856945798,0.002477672288566803,-0.05011459306483759,-0.054364565980495716,0.2753397867996429,0.11860992046214275
1.6965625088254992e-06,-4.975262354773339e-05,-9.667650413684434e-05,-0.0001350917329816371,-8.918299487389533e-05,0.0010235754925651474,0.004998080005523205,0.0037568280983983696,-0.08564094161704416,0.04646440787661327,0.1648616429158386,0.13722124150417053
-1.4173244869192216e-06,-3.4884444883256394e-05,-4.349857906902704e-05,-8.974945458035533e-05,-0.0005335944042750488,0.0019500602403302524,0.005637505008040254,0.0053116275818579865,-0.0032413402631865512,0.13883254167640774,-0.03697664241242882,0.17373865518775283
-4.964953009265543e-06,-6.626761901897299e-06,9.184013889626862e-06,-2.8433465226529074e-05,-0.00017593130019421545,0.0037014763559415666,0.0048990135836905245,0.006951570288907267,0.07477396107935323,0.21145068144585505,-0.11072164245751714,0.15424988622210317
-1.2379478820882675e-06,3.832942825728243e-05,5.541221169116755e-05,4.47390745799361e-05,0.0009213323256296705,0.00528976167589438,0.004346625976617613,0.007682937672385768,0.14467876408542396,0.10620638254470766,0.0002441210429348084,-0.00797640952640305
1.492106920438516e-05,9.379896708561859e-05,0.00010239387854525344,0.00011862999491991165,0.0023104710916650147,0.005804146089772853,0.005049707394199565,0.0070952463956093425,0.13314898912164486,-0.0033294997690131445,0.14037216247345563,-0.10956184582888201
4.218027786082787e-05,0.00015060677232976296,0.00016029850459722085,0.00018390313541278788,0.003141370639623528,0.005557414959056022,0.006531217816193917,0.005959381702965902,0.033030920470057734,-0.046016726374353,0.15592992192541477,-0.11761109269980602
7.397986975010342e-05,0.00020458771358470177,0.00022986134641960919,0.00023849053372215783,0.0032185477382315813,0.0052387732919317405,0.007381350548283749,0.004958097958908087,-0.017595500748447068,-0.017711607050503397,0.014096624492551668,-0.08264565611175695
0.00010306077146712748,0.0002566846617579131,0.0003010872556348644,0.00028565204037018675,0.002597632605173231,0.005180616342710523,0.006863831294767297,0.004474203370697695,-0.10658752586322306,0.006080217206259897,-0.11760047519584205,-0.014133261530321406
0.00012245710964531168,0.00030689791045849363,0.0003605442254264955,0.0003311572835260555,0.0012816350304636099,0.004862033397405586,0.005027562663558913,0.004626845260476055,-0.1566119890787011,-0.06979680626724732,-0.2496532510458348,0.04466163948599339
0.00012826495483466173,0.0003486284083952377,0.0003997722181553069,0.0003801308598843239,-0.00012006599259360034,0.0034840661899432244,0.0028180358822033763,0.005167870011177628,-0.12372821553274094,-0.205796635225225,-0.19225210522527247,0.06354331065432123
0.00012272764642038902,0.0003717554945667052,0.0004207273258256552,0.00043183409810549234,-0.00098739569026094,0.0011413510443502835,0.0013729856518662831,0.00517277763305606,-0.04973772400072701,-0.26274639389336313,-0.09675794084214617,-0.0625617862786349
0.000112456315944138,0.0003715067468039405,0.0004309546327359266,0.0004769765995738438,-0.0010668704049892662,-0.0011911005969032318,0.0006724757301879895,0.0038557226606142333,0.03384278105506178,-0.2037439343573399,-0.04334404349351256,-0.20084920820973046
0.00010343210878388265,0.000354000493708406,0.00043407373622248303,0.0005029448960424272,-0.0007379710270618018,-0.0023101500222036625,-4.865503287669929e-05,0.0013379366331024416,0.03193709453043109,-0.02006595070274625,-0.10088210911942519,-0.3027079972926278
9.736875055906544e-05,0.0003323114923962118,0.0004272236815616486,0.0005014344934995218,-0.00047470061790164076,-0.002027650240235177,-0.0013213558992901866,-0.0016400171416835214,0.020716987301601125,0.07656590709644334,-0.15365806416327227,-0.2928827576645648
9.408708477140235e-05,0.00031542372585590615,0.00040621417354165296,0.0004717290743264951,-0.00018163253963097737,-0.001349903067825956,-0.002880545704708943,-0.004301066692921815,0.03789662835253155,0.05898352738540086,-0.158179896920479,-0.23932715258309395
9.379738569351994e-05,0.0003031851418361501,0.0003703927913838261,0.00041760796173041624,0.00012369272405449508,-0.0010978137361252502,-0.004283730726856431,-0.006523155826293958,0.023168424384562937,-0.008565661045259687,-0.12245710750901867,-0.20509067409133458
9.40122403329161e-05,0.00028911974470594536,0.0003223836329023605,0.0003439685856835593,-8.072179617526164e-05,-0.001715265689915702,-0.005318100969436686,-0.008204719383077425,-0.06405132843051428,-0.11492472971283063,-0.08441694100703229,-0.13122203726535892
8.919464616300227e-05,0.0002640218026185647,0.0002655443653337996,0.00025917484249766417,-0.0008827970378075058,-0.003304322727560433,-0.0060497525442754895,-0.008754029254101604,-0.09636371989593454,-0.20288667781611558,-0.061913373960728324,0.021360063060523016
7.520816751766531e-05,0.00022032155332140412,0.00020171247927006184,0.00017504120251153453,-0.0019144986912598859,-0.005435727131871679,-0.006716624668472063,-0.008072698743124326,-0.10997661079454149,-0.22339420304613355,-0.0714610508785864,0.11490603913493264
5.116937261518453e-05,0.0001567837617208066,0.00013187841646767904,0.00010088375572345617,-0.0028932602892362707,-0.007271831188247826,-0.007250187892004497,-0.006758790614491344,-0.08577570880073546,-0.14382660822909576,-0.035251593827900385,0.1478755865916636
1.9035137490014118e-05,8.03843036147876e-05,5.8437543482525026e-05,3.867741881745424e-05,-0.0035335867357978107,-0.008008060432955972,-0.007437986705026306,-0.005682476766709044,-0.04228958051157253,-0.0034192407125335222,-0.0023081687764613945,0.06738718296479634
-1.6736247452123442e-05,3.341377611863634e-06,-1.5389632205165674e-05,-1.6940577892162994e-05,-0.0036206902526297008,-0.007400524767628822,-0.007327448432511833,-0.0054411225752144035,0.024868877145194507,0.12492637377796356,0.02441582327935604,-0.019116344665868257
-4.9206380657523314e-05,-6.347130381762212e-05,-8.567170993695067e-05,-7.301467356983674e-05,-0.0028733363884502735,-0.005962011518268328,-0.006728967113845167,-0.005773696560320345,0.124601895690691,0.16277627609413514,0.09528044045397716,-0.047398452355320086
-7.024656738640638e-05,-0.00011497831792299022,-0.00014766632502848662,-0.0001318871889589954,-0.0013347009573263392,-0.004339391302805291,-0.005669955904462023,-0.006000806517511385,0.18312519053409584,0.16174776699847238,0.11652180142265184,0.001976460917111955
-7.643108591662847e-05,-0.00014983756804095178,-0.00019783025568335217,-0.00019067028076644426,9.779725128192078e-05,-0.002632458720787022,-0.0043628302265110875,-0.0057558118439783885,0.10337445118755614,0.17963874940518143,0.14490333416753526,0.04702247378948737
-7.153562391207287e-05,-0.00016690055913942052,-0.00023484326274834366,-0.0002462366766884811,0.0008812951496291987,-0.000780139498906725,-0.0030397711864872104,-0.005357467340428982,0.053325128481899436,0.19082509497087796,0.1197084738372402,0.03264642692039382
-6.174892948260605e-05,-0.0001679245353114746,-0.00026000642409069303,-0.00029546142223379666,0.0010760437362641643,0.0005753442644959076,-0.001992861081982663,-0.004487481768634126,-0.014375411154906342,0.08027165770964856,0.0896735470636692,0.14135068743857754
-5.2003657586631845e-05,-0.00016094861629415273,-0.00027428707791316356,-0.00033080862210216913,0.0008730106429306778,0.0008198395389684667,-0.0008632696825114439,-0.0025819582050403697,-0.02623120751179095,-0.031372602815136735,0.13624473283057464,0.2397540252801737
-4.540269103224349e-05,-0.00015615690109752615,-0.0002770053435179069,-0.0003445679646123618,0.0004471826679469937,0.00013850350035685079,0.0003196165615627726,-0.0001699102969981688,-0.058934387484945866,-0.10489460490718644,0.10033251598426868,0.24265555632826646
-4.4573749479626156e-05,-0.00015950191768453138,-0.00027001242972307627,-0.00033374426951871276,-0.0002813943574235271,-0.0008075068177578981,0.0010789661974033567,0.002334649315727982,-0.0867810175891583,-0.08430745871576334,0.051537411183848136,0.25825636621696363
-5.1568008885304586e-05,-0.00016990680461876335,-0.0002563082373617917,-0.0002995927819452093,-0.0011174575237121588,-0.0012734705690884954,0.0016618722748535592,0.004495648198972706,-0.08043161566856805,-0.008885291550356111,0.06504380430619233,0.1739434104319813
-6.451745160746932e-05,-0.00017977554761328641,-0.00023658993983841493,-0.00024741545463723526,-0.0014724310207207885,-0.0007002780298161176,0.002281787229821793,0.005939817262622105,0.009436916266842121,0.12352379940483166,0.058939186687454403,0.11489040229789843
-7.648471784341438e-05,-0.00017969172403323766,-0.00020999813749040662,-0.00018522932309633002,-0.0009210222264682238,0.0007170427458258689,0.0030365732397798686,0.006497409045558944,0.10084484258367082,0.15994035572356563,0.0920180153041607,-0.003372045710530569
-7.882735741668967e-05,-0.00016394876176678406,-0.0001738141841097051,-0.00012194342555221709,0.00045249431181316785,0.0024315497074648505,0.0042002174363604365,0.00615977046326364,0.1738584650726075,0.1829610366042307,0.14071082401195284,-0.06415567074853007
-6.642065739506329e-05,-0.00013024803408598712,-0.00012537909579073427,-6.399083270375579e-05,0.002028845692512107,0.0043085958286945385,0.005486800227433731,0.005430748106428619,0.14141181106718037,0.1924481876417069,0.11660573420270598,-0.08164880061847407
-4.007016277562487e-05,-7.844022342368475e-05,-6.560466356271251e-05,-1.2965063887116977e-05,0.003241253231375577,0.006052966303765934,0.006468086218170622,0.004774405656899145,0.10106969670551358,0.15642590737257234,0.07965146394467221,-0.04961968928742083
-5.864565107993509e-06,-1.2655518433876873e-05,1.689898456274437e-06,3.319224928226122e-05,0.003599866302150695,0.007103974694195641,0.0069908261856267695,0.004457056976976493,-0.02934708255049001,0.05377577071336892,0.024896529546557244,-0.013850046697109597
2.6223247134897866e-05,5.89848815961592e-05,7.166648003311409e-05,7.952337750273329e-05,0.0028176961464275794,0.0072241053118115755,0.00700449012974116,0.004809168667117921,-0.12708694859413305,-0.029749647190182027,-0.02216374072367916,0.08427238472539517
4.8095184012253215e-05,0.0001266176986420438,0.00013927812051531222,0.0001343534130020518,0.0015566912290434901,0.0063024580973653445,0.006517837966698466,0.006156838432745783,-0.1251140348826848,-0.1545797956990641,-0.07516669188485953,0.18526156840017732
5.869343524691971e-05,0.00017946647510409987,0.0002017109547833842,0.00020500555077286126,0.0005629590178898092,0.004267297195045867,0.005968728886915929,0.007973589121416106,-0.07363240734805138,-0.25245238476483134,-0.03465512407164789,0.17808856933388734
6.2111273821457e-05,0.00021118918600836415,0.0002591534709208941,0.0002905436625099258,0.00012060869701764973,0.002077244985806989,0.0055197743405860505,0.009134033225996806,-0.014837656826380524,-0.18555805708294437,-0.05513578519432777,0.05400025158225269
6.3361434386803e-05,0.00022577937904782016,0.0003118722462782318,0.0003798990177943906,0.00012942341605154801,0.000840793622084213,0.005023980730881486,0.00873703783089615,0.016600600633160184,-0.0617322156616108,-0.04402293674658514,-0.13339933060238401
6.614291100372216e-05,0.00023479487728012488,0.0003581467323990247,0.00045684273890403133,0.0004268719073322845,0.0009623060243767306,0.0042309164932771,0.006651706391031999,0.04288909762298711,0.08603469612011433,-0.11458991077429209,-0.28366695737044617
7.190971163203229e-05,0.00024934146117271187,0.00039469011281650685,0.0005073308979544239,0.0007264882183297425,0.001947010754140669,0.003077759590219324,0.003445925419046511,0.017034164576504487,0.11090624983267333,-0.1160414698372631,-0.3574892370266514
7.938231253815159e-05,0.0002722566558903734,0.00041946147266163915,0.0005260298964399446,0.0007680319628941168,0.0026360281893916346,0.001876512378807135,0.0002938742780576411,-0.008725415663629624,0.026897237217519743,-0.12420797244517473,-0.2729209911711225
8.68967050654181e-05,0.0002962135892315658,0.00043178383415605243,0.0005167301754193294,0.0007348465425591844,0.0021553584788468485,0.0005879599200755215,-0.002153818482180686,0.0020883315966431365,-0.12303117932647695,-0.13350251930114798,-0.21661756087654288
9.316148165094192e-05,0.00031066348065236045,0.000430280593773265,0.00048669404098497667,0.0005181087745455809,0.0007346198053120791,-0.0008886079966330086,-0.003853408404689864,-0.045435885199363826,-0.16111655538047692,-0.161811064040558,-0.12330042362529275
9.595803419832326e-05,0.0003093824864290541,0.0004132811528717535,0.00044432860372789615,4.120173493068628e-05,-0.0009908186499733536,-0.002511280183669291,-0.004619679046726241,-0.04994552272361509,-0.1839711356766096,-0.16272337336669845,-0.029953704781982504
9.374877418280929e-05,0.0002902603005494165,0.0003802140913969176,0.000398662336248068,-0.00048305373803347976,-0.0028336185259541626,-0.004102132111297882,-0.004513574449239388,-0.054905571869218114,-0.18458883951955213,-0.15544701215901985,0.05117462427935299
8.613614346683138e-05,0.0002541469801083983,0.0003329661010190685,0.0003560736382417055,-0.0010394724051621016,-0.004389045562249472,-0.005347465964271939,-0.004004165152033109,-0.056378161556506254,-0.12649656773950974,-0.09361975843579168,0.05070723516190284
7.366780840652915e-05,0.00020635012873749758,0.00027668847190762743,0.00031651889126860374,-0.001454194606898345,-0.0051703247119306755,-0.005908059858016278,-0.003906784242587245,-0.02656627879074243,-0.029759262196730918,-0.018499020313076098,-0.03123105327273018
5.766262811191098e-05,0.0001547220718946294,0.00021943417943583052,0.0002748370717028725,-0.0017468414520252892,-0.0051552866566429625,-0.005542798636343104,-0.004429579670559006,-0.03196309023464643,0.032766873254273465,0.09155126464771096,-0.07332803232162194
3.9133444894266575e-05,0.00010577598834682423,0.00016853489579835332,0.00022672852435061354,-0.0019589951915035915,-0.004633930052918071,-0.004637058091152337,-0.005192129799892782,-0.010467657661014054,0.07150444749070489,0.08959684439044252,-0.07918199354513339
2.0034064469533765e-05,6.512488445619463e-05,0.0001266529912180571,0.00017291727338844553,-0.0018608808934429705,-0.0034962907252078512,-0.003739322824906911,-0.005570120392540816,0.03009051727313823,0.15602341805133896,0.08995020885864274,0.0035838750155265386
4.125241331156822e-06,3.75549596382118e-05,9.281379036644683e-05,0.00011868681209083995,-0.001320883734232418,-0.002017694238388714,-0.00302851734541514,-0.005275971866980301,0.07790891456897224,0.13969587931248845,0.052210887039711384,0.05524583009657663
-4.123064072580144e-06,2.3368413739394474e-05,6.412063575967624e-05,7.087131043377818e-05,-0.0003287773465149753,-0.0008196149413747505,-0.002710113575938977,-0.004287128464432052,0.1205123629745163,0.09991998009030428,0.01146986685552126,0.14252285041307305
-2.9284406629229115e-06,1.8451084656555908e-05,3.8444457309927346e-05,3.5891252127474185e-05,0.0005677020284464219,-0.0001638508751929626,-0.0024251221140108026,-0.0027088831968287456,0.05878351201776312,0.031232833146053296,0.04552842553011366,0.17312620310758825
4.524163930811169e-06,1.7022617473133524e-05,1.8792221886629285e-05,1.6528134606633228e-05,0.0009228188903003941,-0.00012184256149151422,-0.0015053249706488098,-0.001163740307339445,0.012239860353031332,-0.022831170405763622,0.1384310031422849,0.13590237479027184
1.3215739031545461e-05,1.5838412041732405e-05,1.1450773536196459e-05,1.017401853672026e-05,0.0008154961298464646,-0.00011499852478870954,3.703530056224451e-05,-0.00010708290664314824,-0.033704412443817236,0.024199977746324555,0.17004105109992596,0.0754291053489875
1.873339300356031e-05,1.8280521441919687e-05,1.8929272831868386e-05,1.3357111398088585e-05,0.00028803466455650526,0.000603420404826166,0.0014586645585721412,0.0007437014789168133,-0.07178788061417464,0.11948380817665054,0.11428480050205336,0.09472777176300479
1.8503088936638265e-05,2.9981118865821303e-05,3.869298419648958e-05,2.73851299565261e-05,-0.00033409547794091424,0.0017366990799541572,0.0024940777143520982,0.00206190223277069,-0.05263814788530925,0.10717192684894768,0.09279783065393798,0.16891237900777056
1.4809295507734902e-05,5.250558155381772e-05,6.798927528380189e-05,5.656418578370682e-05,-0.0004046632078397585,0.002768193457645127,0.003365180503110364,0.0037739089326654547,0.0385246019055404,0.09912694868924625,0.08142272709771514,0.17348896097118238
1.4769826782838106e-05,8.320323194272076e-05,0.00010541415148457197,0.00010252649096169383,0.00039676946286039926,0.003371336620135481,0.004119794737043653,0.005418552102931947,0.12176193223449115,0.021501683808824515,0.06950011968894276,0.15543967308211604
2.4460213272971318e-05,0.00011782658094196368,0.00015060342848807832,0.00016346445954138747,0.0015413078351662432,0.0035533331797131017,0.004918060663657615,0.00676904161300678,0.10714574222667765,0.014897628106699631,0.09015306563384973,0.11465822893285049
4.3319396871415814e-05,0.0001550941104395504,0.0002035699735933246,0.00023444768959107542,0.002230528884522656,0.003900172719804242,0.00567524835739164,0.00742760439693081,0.03069846764460489,0.05447027991152849,0.06128447311295526,0.017054327851955597
6.463554084577225e-05,0.0001962030397174872,0.00026272534080337234,0.0003088194279200913,0.002032699910348632,0.00432161313578312,0.006155825084617907,0.007446743268872363,-0.0702642624794096,0.029817803284247033,0.0348308723322982,-0.013226553463644986
8.184038538029197e-05,0.00024136926678369332,0.00032503282624893543,0.0003827521804266952,0.0014082689965553114,0.004711632277458102,0.00630567200449471,0.007339807232448422,-0.05462192027925454,0.048186025050749384,-0.004861488356937449,-0.008160653821143282
9.40222398783517e-05,0.0002900323282899275,0.00038716348962700007,0.0004539506072908249,0.0010281019030566334,0.005020980023788731,0.006120460671118219,0.0068998781403775125,-0.02141149842048108,0.013683524215376483,-0.03218077831836086,-0.07982516459303868
0.00010388155541389549,0.0003409305404009037,0.00044762129125180635,0.0005195356094520069,0.0009437612040521256,0.005158662398406509,0.005971099653843038,0.006217122291858886,0.00454335861957951,0.013852950708179115,0.002308574863324808,-0.056726005110686484
0.00011446122304769826,0.00039084415810067405,0.0005058495259856024,0.0005771122537252874,0.0011721723227084285,0.004824061141547564,0.005674547292916162,0.005298206562797213,0.041138865111681064,-0.08077320207996815,-0.061619047048700026,-0.1270571407016482
0.00012813879429353836,0.00043348935654766786,0.000557825423289212,0.0006235472899526936,0.0015633419264595911,0.0037049785478512004,0.0047206321678057725,0.003988800682684031,0.037095055638551436,-0.14304331665930453,-0.12916397797337786,-0.1348240353209883
0.0001446535997220906,0.00046342386122548077,0.000596764510665361,0.0006555126324170236,0.0017396191592508588,0.00228192238771138,0.003067185307424016,0.0024042678101819726,-0.0018396090802979131,-0.1415679153686596,-0.20152539410297343,-0.1820825391794233
0.00016004262983523916,0.0004803169446418738,0.0006172196750286017,0.0006700390284251028,0.0013381868633788525,0.0010966942955672233,0.0010238475652241332,0.000501011391433856,-0.07844685009410333,-0.09547770306017173,-0.20714215433700311,-0.19856874457020002
0.00016789895884814374,0.0004869455620488264,0.0006180829444002839,0.0006653188883918757,0.00023307893920206384,0.00022902918582329832,-0.0008511936908876887,-0.001445039398079263,-0.14257473474125437,-0.07805531888861328,-0.16786609688536125,-0.1906414133324238
0.00016455002224081286,0.00048465641345023637,0.0006025391683089165,0.0006430416658173932,-0.0009028662606682411,-0.0006868589055413026,-0.002257561527385794,-0.00301040511681724,-0.08461430523280661,-0.1051222993843069,-0.11340747041425975,-0.12243173041517164
0.0001521901587047666,0.0004705889521011933,0.0005752715975456479,0.0006093132351846818,-0.0015691064465410097,-0.002126633364267307,-0.0031959526252679383,-0.0037352810097250316,-0.04863373194174708,-0.182832592360894,-0.07427074916216919,-0.022543448166386648
0.00013596405842610353,0.0004401945422564514,0.0005410834608790721,0.0005709579753477746,-0.001676113609191605,-0.003952248604681074,-0.003641674708047207,-0.00393577095765641,0.027232299411628025,-0.1822904557218593,-0.014873667393684509,-0.01755454141988899
0.00012082039602653204,0.0003936286756946749,0.0005019089972213845,0.0005318484108759084,-0.0013526188707226922,-0.005360924707674233,-0.004193218023490325,-0.0038861419367168366,0.03746664828215457,-0.09944476487677256,-0.09543499569493913,0.027480345607803658
0.00010836587216425306,0.0003383977487283009,0.000455217878607641,0.0004942933417474716,-0.0011382859017331044,-0.00568526068560056,-0.005145005699258368,-0.003624871888970523,0.005399945515763005,0.03457756929150724,-0.0949225394586693,0.02477366394145908
9.629362369832753e-05,0.00028564301577056533,0.0004009916332939794,0.00045585282453911003,-0.0012761637914520017,-0.00486568590594656,-0.005700243363473958,-0.004063231552701794,-0.032975523459542466,0.12933738663929273,-0.016124993384448894,-0.11244559668771315
8.287437989552046e-05,0.00024374734548262067,0.0003448389757850869,0.00040887589123056293,-0.0014076849691094131,-0.003513448151642372,-0.005530288138304544,-0.005332155109007626,0.0066712879280601545,0.14111016422154476,0.05011603841833162,-0.14133911457345327
6.960365427015026e-05,0.00021441483448884558,0.0002933560836916413,0.0003479172463713913,-0.0012464601559646273,-0.002353054047112647,-0.004766290280384575,-0.006859573862826707,0.025573674700896998,0.09096865668440024,0.1026835331656622,-0.1641446361903629
5.904466558298226e-05,0.00019438967036208656,0.00024923724456878246,0.00027454822516081187,-0.0008653375814689714,-0.0016519787782391568,-0.004057477544187188,-0.007814230379289173,0.05065084019823418,0.04924639709029777,0.039079014073815255,-0.0267866671021304
5.301717851991841e-05,0.0001787080593270559,0.00020948352529023384,0.00019757606074877491,-0.0003401598311437993,-0.0014843434287669735,-0.003893266311522537,-0.007580202503118218,0.05438470986680022,-0.01571932719586111,-0.006236767540885146,0.07359224233632133
5.138822719308694e-05,0.00016208547888129136,0.00016942212927507992,0.00012702473589623376,1.436956577750522e-05,-0.0018401726603859366,-0.004119012891508246,-0.006530062467390012,0.016521169517460688,-0.055446519127931526,-0.038912548456256524,0.13643576480931996
5.073396769408738e-05,0.00014044408046012395,0.00012631635857747006,6.9164742819583e-05,-0.00014522146557741653,-0.0024881070238475436,-0.004502141248013725,-0.005041936147940138,-0.04843937578844504,-0.07414035356438986,-0.037713122844839464,0.16118949908065483
4.699470218747535e-05,0.00011301929788747395,8.087571215262568e-05,2.639441801046378e-05,-0.0006026316357449894,-0.002996849490682458,-0.004585988036955152,-0.003512128813883706,-0.04304265824506953,-0.027608139802593024,0.02094376505655421,0.1447719677306316
3.90584470384994e-05,8.222447487778018e-05,3.74493782168812e-05,-3.7993665105143094e-06,-0.0009846193940502004,-0.003162115111256296,-0.004099278750193744,-0.002526628090311912,-0.03335489341597267,-0.00544498431217455,0.0763980922957273,0.05232817698372716
2.743889867066499e-05,5.104231302339571e-05,2.26869454756865e-06,-2.7487784293104216e-05,-0.0013392902795166819,-0.003074317259620599,-0.0029368579836687655,-0.0022110554662060694,-0.03757928367732363,0.023004554639313946,0.15608606100926842,0.010786347837441368
1.3489289618358151e-05,2.283538671893392e-05,-2.0723325424009786e-05,-5.0331042952710903e-05,-0.0014506315309446862,-0.002567068001271759,-0.0016615460106469211,-0.0023575962657152684,0.015311033391722767,0.078445297030454,0.09897633359510044,-0.04009450773928114
1.0137049857385104e-06,1.3179604556009315e-06,-3.382992008096525e-05,-7.346641489468644e-05,-0.0010444853955792418,-0.0017364172513948382,-0.0009597729207441715,-0.0022694781226798395,0.06591819368136612,0.08768485294493022,0.04137828438544949,0.05771813634636691
-5.57684367098944e-06,-1.152179813261922e-05,-4.332545291694935e-05,-9.201970135023126e-05,-0.0002736243357663481,-0.0008315344662491922,-0.0009393336464526482,-0.0014411791684291238,0.08825401828121263,0.09329170408419896,-0.03729042952714484,0.10794165450377624
-4.56563176284138e-06,-1.6595634572361847e-05,-5.329873811072492e-05,-0.00010108957804233409,0.00047586671739596026,-0.0001832328216993331,-0.0010553233923024663,-0.0003727961699914418,0.061644192351249044,0.036368624825772855,0.014092480357181247,0.10573494518376014
3.1423643284618387e-06,-1.5703636394186533e-05,-6.246953800050886e-05,-9.920350023841629e-05,0.0010657325008646833,0.0003616324573343959,-0.0007788365856543219,0.0007500117307750014,0.05632896434249557,0.07260443098097294,0.04120488097244762,0.1188266349695285
1.5004846315285453e-05,-8.667830313711341e-06,-6.593405200887038e-05,-8.824642322332234e-05,0.0013067638965000396,0.0010455287587606424,8.593378398201912e-05,0.0014414036722437892,-0.008122685215424308,0.06417482930427637,0.13174919295482057,0.01945175332422905
2.5881128855300956e-05,5.08073881425958e-06,-5.765075575668833e-05,-7.383365299255843e-05,0.0008684926115030608,0.0017041850668335422,0.0015707254664543906,0.0014411503739089919,-0.07953157178397147,0.06755643231030356,0.1652091435396537,-0.019502412991188545
3.053667187624382e-05,2.44383826416012e-05,-3.4241963704681506e-05,-6.0439184432916925e-05,6.261599268551259e-05,0.002167343698634782,0.0031110329439469745,0.0012377433380193095,-0.08164375197953816,0.025075294049944408,0.1428523519588631,-0.0211789941867479
2.838863655456624e-05,4.722900623736151e-05,9.32911813887227e-07,-4.594813779592652e-05,-0.0004922230570210292,0.00239078102051728,0.003923942159766772,0.001660465989378772,-0.029324057961770206,0.01961217032655521,0.019729491205096317,0.10572352445864036
2.349704368790832e-05,7.214845973191194e-05,3.8943248746975915e-05,-2.2453109863181673e-05,-0.00048609551631055445,0.0025931096783928056,0.003678125226850965,0.0030385395971701977,0.030549566103865167,0.020853561248549923,-0.06889287778825764,0.1698911970996448
2.17491138920489e-05,9.925955911724842e-05,7.225936917258142e-05,1.5029902490903539e-05,0.00013650955713867026,0.002829110198674492,0.0029850988582701358,0.004458062873646844,0.09397144858597976,0.02634654280778731,-0.06971239592790818,0.11401345819568448
2.7957827247206155e-05,0.00012626499242850012,0.00010016833098156332,6.404366345693849e-05,0.0011052331138927806,0.002571976463575847,0.002596693503526243,0.005344689319560146,0.09977326276484232,-0.07777328982751625,-0.007968675020870342,0.06331183098697596
4.228397428179018e-05,0.00014856091755527815,0.00012639470749636572,0.00011815360678243222,0.001759996293024025,0.0018872085617797592,0.002648581799434237,0.005477299345538601,0.03117937306140657,-0.05918029053170132,0.01834633420246906,-0.036789825791285036
5.984481461247336e-05,0.0001660443142077165,0.0001536834009525637,0.00016894535271347566,0.0017521717731126115,0.0016094707687079103,0.0028091568918053615,0.004681049840670087,-0.03274427704368928,0.003632731917331544,0.013768684271755871,-0.1224600751824177
7.479225884502484e-05,0.0001829088894337341,0.0001809891855347134,0.00020798657547708966,0.0012373170733976841,0.0017634442764956088,0.002652000024624577,0.0031271947120527126,-0.07022666289929617,0.027161969640208172,-0.045200057707912744,-0.18831095054105712
8.391508052504015e-05,0.00020172461712027661,0.00020404901477004823,0.00023016443694012204,0.0005872472626053786,0.0019997012608128956,0.001959965822442389,0.0013083775805537634,-0.05978729925916494,0.02008942722324919,-0.09320678272852484,-0.17545247575873274
8.71341737748479e-05,0.00022090903805737998,0.00021968999730235684,0.00023501423722680073,5.6571387356170954e-05,0.0018371829266077783,0.001168230684019333,-0.0003384175232180255,-0.046347875790676576,-0.05259309406427265,-0.06514024495608634,-0.153906544995625
8.674888870476819e-05,0.0002356983989761092,0.0002282434737832088,0.00022576315533733902,-0.00013362840137211396,0.0011206892571380671,0.0005424646121510596,-0.0015117988546743159,0.008307918045019597,-0.09070563982966956,-0.06001296941756834,-0.08076972129563309
8.607349584195865e-05,0.00024163730922287994,0.0002285669822406491,0.00020876771723053294,-1.4501711897928454e-06,6.709279221607978e-05,-0.0004777629206630026,-0.0018872887666868997,0.018127727991444624,-0.1200136531547279,-0.1440325371452441,0.00567173889311634
8.60803472561336e-05,0.0002362236530137805,0.00021728954510257474,0.0001918813282436057,2.820454024782426e-06,-0.0011498240340359676,-0.0017777245069518673,-0.0014899890306985502,-0.01727360294852957,-0.1233697120956816,-0.11595978011252883,0.07378820830455357
8.524488136167175e-05,0.0002184649355608173,0.00019536874282206643,0.00017792863249564402,-0.00016991363291715155,-0.002401919456556674,-0.002606435949149795,-0.0013005501188937852,-0.017273214439857226,-0.12704937240845976,-0.049782508327056774,-0.035900425943600545
8.232171570509642e-05,0.00018908213099557382,0.0001669706333489755,0.00016186891002134007,-0.00041471949839791444,-0.003474641456492021,-0.0030731859454683945,-0.0019113943759670048,-0.03168795865629534,-0.08749502757860955,-0.04356749093666312,-0.08626842547104341
7.479505778757352e-05,0.00015132390080787656,0.00013398532920978862,0.00013738002467146194,-0.0010906120851066669,-0.004077004581047432,-0.0035238748823689784,-0.0029863826940086206,-0.10349055868545515,-0.032977597332472575,-0.046570296443453674,-0.12872923813727977
5.932618653388777e-05,0.00011116535906289355,9.694059421702333e-05,0.00010169526522020445,-0.0020031621656304826,-0.00395470376794917,-0.00388507211618408,-0.004150569196242878,-0.07901945741930805,0.05743775995212491,-0.025669150319566625,-0.10410806230957159
3.7622184304614295e-05,7.498588406584619e-05,5.678761640935292e-05,5.615186386457172e-05,-0.0023376382802242123,-0.0032811912314603016,-0.004145523445350002,-0.004958111074883668,0.012124234500562103,0.07726474734564875,-0.0264211155136177,-0.057400313418586535
1.682553256346726e-05,4.4310324507738736e-05,1.5410351187332453e-05,4.770093985341416e-06,-0.0018216920680051945,-0.00285392068016119,-0.004129929599054091,-0.005318242900962391,0.09106500794324146,0.008189362914173548,0.029539884772799785,-0.014626051797158146
3.4492873702488454e-06,1.7119366064549306e-05,-2.4410926622125227e-05,-4.7838950702915445e-05,-0.0008535569706384882,-0.002584271008476696,-0.0038343259628374443,-0.005203566036688983,0.1025620115300998,0.04574057142272531,0.02958084247052961,0.03756142465183987
-9.431909808177358e-07,-6.695141199819108e-06,-6.034945874043835e-05,-9.800590736007059e-05,-2.4938699574828037e-05,-0.0021786304443969875,-0.003353380460825181,-0.004829825294742046,0.06316164268263222,0.03538754139321637,0.06660825793192304,0.03718672373754761
4.055017917043114e-07,-2.6811321217205078e-05,-9.02498666732832e-05,-0.00014206424011295644,0.00029467725407923744,-0.001844605559080206,-0.002626701125743788,-0.003981841255835124,0.0007615480481808767,0.03141743567013994,0.0787276090843555,0.13241008404383692
2.0721765575972965e-06,-4.331947917069322e-05,-0.00011380897961110655,-0.00017486046532397623,3.865769909935956e-05,-0.001457026031617422,-0.0020851214618208824,-0.002577403786368834,-0.05196545904415645,0.04609846982241689,0.029588323700225683,0.14847740984942104
7.570278381989995e-08,-5.4378622021461e-05,-0.00013247264035388652,-0.0001925064973141709,-0.0004379524538548389,-0.0007548025385361337,-0.0016476106867351114,-0.0009518026116701024,-0.04335657154668324,0.09434622879384075,0.05791383131692851,0.17664282509032525
-5.742270017267564e-06,-5.819591819353308e-05,-0.00014389247301469687,-0.00019422654928824697,-0.0007256421063626538,-8.656695878283063e-06,-0.0006363558454269573,0.0006077922168548902,-0.014181358954879736,0.05488293973772937,0.1443371369447023,0.13527614061467325
-1.2986139972490239e-05,-5.6238670642956085e-05,-0.00014120526013951037,-0.00017972396592469137,-0.0007231318846818812,0.0004001062059936824,0.0011737984204642567,0.00229272445585623,0.014683403291034264,0.026869640636663722,0.2176937162335405,0.20171030718559463
-1.833974281602364e-05,-5.086500783396341e-05,-0.00012011223587057428,-0.0001469088709371762,-0.0003475886840247988,0.0006746263558048521,0.0030448064333229606,0.004270294541646805,0.0604252368403822,0.028034389325570203,0.15650788633820029,0.19380370997252022
-1.8450849123210883e-05,-4.068901047791155e-05,-8.255279651422601e-05,-9.578700912976304e-05,0.00032536742258734984,0.0013605731154055203,0.004467081437946692,0.00595407781983583,0.07416598448204753,0.10915496259456345,0.12794711458654612,0.14295294566528477
-1.187241561228853e-05,-1.990481581470801e-05,-3.414616454544608e-05,-3.0295863378166954e-05,0.0009903192795971208,0.0027962658172351884,0.005214244955809296,0.007144151330483385,0.05882438691990666,0.1779835777713701,0.02148558898597458,0.09506175646422638
6.817515219930956e-07,1.660487782445094e-05,1.9484716438117997e-05,4.4394901425238045e-05,0.0015205141472592041,0.004505672910596601,0.005511931240903519,0.007794001630197615,0.04721458661250999,0.1638978409009124,0.03805166803287002,0.03490830347861956
1.749370822628325e-05,6.90691739667608e-05,7.764807186843209e-05,0.0001230422776185241,0.0018418771935988262,0.005987186317865369,0.0061207398451592985,0.007935473608459599,0.01705802265541445,0.1324048405528411,0.08371005281828586,-0.006613907826222676
3.723654888221468e-05,0.00013381313566173718,0.00014472774693602693,0.00019964791712369132,0.0021066909375874595,0.006961606021129908,0.007295195168359671,0.007385654292573843,0.035904726142312215,0.062479100100066826,0.1511810118217885,-0.10334995535092845
5.933259242654885e-05,0.00020433271448025707,0.00022439712554688028,0.0002690483811918172,0.002312517771279375,0.00714230974257407,0.008638680553811,0.00649443852105133,0.005260640596070898,-0.02633835581123442,0.11751606526847719,-0.07489319895357421
8.279168469350988e-05,0.000274090630993199,0.00031256870852555127,0.0003343862617183898,0.002379300682112831,0.006809273560014314,0.008995636041923195,0.006573137584263192,0.008095941570620324,-0.0402688807007168,-0.04612496764603796,0.09063301159594667
0.00010587615611190625,0.00034016587074226656,0.00039683966768374695,0.0004050894441720677,0.002237593601566443,0.0064057743897992,0.007858555789715943,0.007567498906472388,-0.036437357679897975,-0.040430953342305925,-0.18129108279541245,0.10823925284589259
0.00012629475111146547,0.00040017514770357854,0.0004665383380445389,0.000485085230582201,0.0018461253983454008,0.0055960810024631965,0.006081178282442442,0.008431658375554277,-0.04185628296431043,-0.12150772412489477,-0.17418441865928774,0.06459264097048517
0.0001417153875696782,0.0004481402295830212,0.0005203589008130398,0.0005698984780583595,0.0012380018932971431,0.0039969353734253315,0.004682934271257738,0.00853099111967742,-0.07976841804534107,-0.19832140168267817,-0.10546438357765303,-0.04472609214585638
0.0001500028605607347,0.00047735503750113463,0.0005631636839749224,0.000649127708207117,0.00041949270491415725,0.0018460262101973562,0.003878022361118779,0.007314854910074074,-0.08393341963125611,-0.2318604309629169,-0.05551799845013877,-0.19850114977481298
0.0001508384203182272,0.0004869811076871029,0.0005983137918364347,0.000711614610135672,-0.00025238075341565687,7.918782699629359e-05,0.003151999211183686,0.005182525475636926,-0.05044127203470672,-0.12150724567729562,-0.08968663153687989,-0.2279647371126166
0.00014624214088934673,0.0004843698828080874,0.0006247484456268771,0.0007510142042343946,-0.0006668751323604379,-0.0006014328027993924,0.002134931546904805,0.0026973933441076063,-0.032457603754249484,-0.014616880281841577,-0.11372690131889635,-0.2690616891932473
0.00013860069956312722,0.0004780953521167757,0.0006389310153628869,0.0007651069362364859,-0.0008614131328834641,-0.0006534733354629497,0.0007015824002971419,0.0001211530563106464,-0.006449996350355772,0.004208773749130118,-0.17294292800263628,-0.24618636836614466
0.00013142317314466,0.0004713615485399281,0.0006363134219443765,0.0007544283409802909,-0.0005740921508099806,-0.0006932873799065632,-0.0012251010839992235,-0.002256872107549646,0.06391419276505246,-0.012171582637852812,-0.2123937688566368,-0.2294186644059138
0.00012835904314726398,0.0004624743551138876,0.0006140484127353091,0.0007208659858874168,-3.8733848669221266e-05,-0.001084151305301536,-0.00322790075781425,-0.004455598911025165,0.043157467663099414,-0.06600120244114174,-0.18816616590636842,-0.21032669628918993
0.00012852018985697711,0.0004473256174863811,0.000573829671326161,0.0006681418315692172,7.096319061184755e-05,-0.0019455962201997703,-0.0048158475240153735,-0.006089231952614773,-0.021218059806885653,-0.1062877805385051,-0.12942318733385633,-0.11639991202873173
0.00012740013104433538,0.00042180281961828365,0.0005207323175563687,0.0006003831368483574,-0.00029497495314019366,-0.0031589633534197152,-0.0058036232299430906,-0.007462506991557174,-0.05196956894352259,-0.13638564610548395,-0.06813195385168708,-0.15825509575974844
0.00012020687018611499,0.0003831551178606862,0.00045988582989350184,0.0005186606785105951,-0.0011436772185038858,-0.004570576998099775,-0.006365674302630277,-0.00888198467599528,-0.11777088412921585,-0.145937082830528,-0.04427826068575019,-0.12564044112787282
0.00010324494625427538,0.0003315051597216272,0.00039291521354456807,0.0004261407536192258,-0.0022487075678640353,-0.005759414629712024,-0.007028448967156477,-0.009622000302278588,-0.10323518574281407,-0.09183044349192168,-0.08827667221948982,-0.02236268412878878
7.653535170379285e-05,0.0002697615207215381,0.00031770126937492535,0.0003308363423009185,-0.0030932113422324705,-0.0065893131703058,-0.008014339866772068,-0.009438881961382874,-0.06566556913087299,-0.0741492646268336,-0.10890150770362844,0.05898635230793153
4.441507559659659e-05,0.00020048130845057337,0.0002333424684115725,0.00024057221598764193,-0.003330843879206782,-0.007266729283887142,-0.008857420325898499,-0.00861394330127244,0.01813906173601068,-0.06133395808943473,-0.0597145841216577,0.10600137971415541
1.416171166622327e-05,0.00012563058807229326,0.0001438087666345984,0.00015931403133203332,-0.002719828906867883,-0.007703414791768882,-0.009049320029496323,-0.007637693629849283,0.10406393273176914,-0.026003143486913266,0.021334643402092845,0.08924855457047604
-7.955151462005114e-06,4.9258915237457336e-05,5.5706466233118395e-05,8.639699348991309e-05,-0.0017035437187777943,-0.007570919775198302,-0.008571140050799677,-0.006945713938574765,0.09919310488624858,0.05250214680102919,0.0743013523372365,0.04914738368442756
-2.1397546451705343e-05,-2.27961847781769e-05,-2.4776878026497847e-05,1.7998710515238017e-05,-0.0009849352791622514,-0.0068401002279285476,-0.00752552880112357,-0.006733942656360251,0.04452858303686,0.09366176265292167,0.1348208975979847,-0.0067931272415246435
-3.007744531570047e-05,-8.464881446677546e-05,-9.220697840593345e-05,-5.0630246637312774e-05,-0.000751044493636774,-0.005530425709791165,-0.005960491274763552,-0.0069918487741499075,0.002249574068235477,0.16827314097455484,0.1781866076740189,-0.044788096316406734
-3.837607431430153e-05,-0.0001310139093350221,-0.00014437948430529477,-0.00012009101147995894,-0.0009086813060834386,-0.0037425932638581634,-0.004474009905108713,-0.006900304194379326,-0.03377693655756839,0.18929334821204555,0.11910966625694902,0.06309701227052306
-4.914807003462837e-05,-0.00015862495169437563,-0.00018360580822862431,-0.00018374678750012464,-0.0012457178379819292,-0.0017796152080125412,-0.003371254879557197,-0.005830851009653814,-0.03363036982212972,0.2033022629570789,0.10144133885335421,0.15079362467457952
-6.116560294188883e-05,-0.00016897506924081886,-0.00021152735292724847,-0.00023299259844579445,-0.0011577887434701625,-0.00029040830127610565,-0.0022130540601676347,-0.004018311179480149,0.05121618872448305,0.0945391183902082,0.1301988250245582,0.2117143413601535
-6.938103515833054e-05,-0.00016860283430358174,-0.00022549767517241961,-0.0002618772973378013,-0.0004852976998181806,0.00036485528872352976,-0.0005810103888665942,-0.0017586285989212194,0.08328202000591331,0.036513599609718866,0.1962099092356499,0.24022217475163238
-6.984449363032644e-05,-0.00016415626099735987,-0.00022120643976607322,-0.00026570008014415,0.0003926060054190017,0.0005244593725208457,0.0014392574701358736,0.0009940720376514752,0.09229872104152315,-0.004592782850255689,0.20784366256484366,0.31031795256290656
-6.303587569194816e-05,-0.00015786051251372364,-0.0001983660575455896,-0.00024049722834675746,0.0009691175822566534,0.0007346903242064002,0.003128818973960848,0.004046498321827035,0.023003594326007182,0.046638973187366595,0.13006863820015124,0.3001673042722052
-5.321976070004823e-05,-0.00014514950038427754,-0.0001616490044840595,-0.0001858678112586812,0.0009941054161233338,0.0018075121016828187,0.004214591638345172,0.006879385095788218,-0.01800602755267111,0.1679253823079171,0.08708589467671346,0.26641005052003136
-4.49750723458564e-05,-0.00011879919109419351,-0.00011575931530109345,-0.00010733816000861177,0.0006548322547150316,0.0034625497563339873,0.00496334619824804,0.008826545154225669,-0.04984860472898933,0.16308214862231663,0.0626650173038601,0.12302196116745895
-3.9469736236806855e-05,-7.63377277658402e-05,-6.146863240768515e-05,-1.7074170817575633e-05,0.0004462349670948771,0.005029742909336676,0.005894790380433619,0.00922625268398156,0.008129147204958442,0.15035648197822105,0.12362381913325571,-0.043080455216280844
-3.257770383102156e-05,-2.0889938345180605e-05,4.154386826064783e-06,7.103751489610936e-05,0.0009321715140621824,0.006059814974795243,0.007229813466316369,0.008396084458755438,0.08905816218850263,0.055657931113492376,0.14338079804329418,-0.1229531898289436
-1.8546662965033225e-05,4.132636838229878e-05,8.194111328421612e-05,0.00014923264321462263,0.0018740366591354842,0.0063834463707006335,0.0083275318253139,0.0072429412049472165,0.09931486682615773,0.009068348067585719,0.07616287375621189,-0.1076754609327008
3.844849563928181e-06,0.00010566542478416482,0.00016563058365406816,0.00021654080616264034,0.0026042658466567973,0.0064843649096725745,0.008410362248656508,0.006218691384656326,0.04673097067810486,0.011115359726802554,-0.05959678908769028,-0.09717450312547721
3.103017944498812e-05,0.00017114041111209935,0.00024402612562968162,0.0002755032324324684,0.0028328001295551903,0.0066106323559143336,0.007268746146466184,0.00557379386930929,-0.0010241140984263153,0.014138129521549248,-0.16872643135037446,-0.03180499994392999
5.796125955941115e-05,0.0002352430094613828,0.00030795932937065397,0.0003300605106329705,0.0025534158933294164,0.006209887313942356,0.005517894601728285,0.005337661770791125,-0.05485273314672842,-0.09428713791594467,-0.18144387759720537,-0.015421419759702959
7.954757105857959e-05,0.00029013587849268817,0.00035421649073760726,0.0003803301131452395,0.0017638464065042711,0.00476868649231872,0.0037335376716623727,0.004716258731662678,-0.10306116421830061,-0.19395302640878254,-0.1754275084159771,-0.10885918806598655
9.140431626178215e-05,0.000326692341811751,0.00038463333095650797,0.00042235885442636035,0.0006075026341362411,0.0025426061714938475,0.0023498303721177696,0.0036894895245614917,-0.1282075902553054,-0.25126303775619196,-0.10131395149294353,-0.09649465335425061
9.268546317397367e-05,0.00033939762760839393,0.00040281873868058376,0.0004529370623134562,-0.0003512732516979367,-1.5490121652627156e-06,0.0012872511726973886,0.002426152052857678,-0.06354758691153017,-0.2575679989756301,-0.11120188839113265,-0.15617284098651213
8.612493314071572e-05,0.0003282054411823423,0.00040872282493010224,0.00046845105849402835,-0.0009608327549536546,-0.002236888273045059,-0.00010643392279369363,0.0006766471832567527,-0.0583643137396134,-0.1894998532003292,-0.1675351307070838,-0.19372813293367291
7.33876128497249e-05,0.00029954718075069864,0.00039732150144745844,0.00046458060370623016,-0.0015866313032445087,-0.003494763813283677,-0.0021738307737350655,-0.0014507381408163905,-0.0667953959185574,-0.062075254847394346,-0.2459442394811906,-0.23174893188095574
5.6515859308427566e-05,0.000261957059492273,0.0003627008818167768,0.0004371282070186386,-0.0017877194050149583,-0.004023260438401455,-0.004750293152401261,-0.004039741196701917,0.02657777556446747,-0.04362407017616127,-0.2693482362520485,-0.28605167929614966
4.0839648298844925e-05,0.0002194740163529134,0.0003033966404453691,0.00038255240515301685,-0.0013475227969015698,-0.00447334818947046,-0.00711055512188028,-0.006875419176422436,0.06146154605821022,-0.046393480037639934,-0.20270415764375538,-0.2810839166479541
2.9746187095207033e-05,0.00017173144494438738,0.00022571592899876022,0.0003003716373298989,-0.0008711694438260086,-0.005075166092234745,-0.008425587167441496,-0.00956073438820116,0.03380912455690202,-0.07397010051521696,-0.060302251468487666,-0.2559791257077904
2.190762073186171e-05,0.00011769273874180396,0.00013989979073044564,0.0001932202474194162,-0.000696543828843056,-0.005732575148281938,-0.00873764048622142,-0.01186954359389538,0.001115998439688487,-0.05751171069422173,-0.00210841228749703,-0.2057827154310536
1.3633398007534787e-05,5.773910417643036e-05,5.2163359587339995e-05,6.721005433766303e-05,-0.0009583007160223285,-0.006258151764792784,-0.008809645742399706,-0.013332495022455254,-0.05346737587554298,-0.047603612607947376,-0.012292638948159906,-0.08680757028092106
1.0412379826417355e-06,-6.9276344868900685e-06,-3.779658876852992e-05,-6.643168945767852e-05,-0.0015601312889562818,-0.006675195967871302,-0.009182343928774275,-0.013395853736613055,-0.06689873871124766,-0.03580522800775626,-0.062246998326753955,0.07413582744936115
-1.7629435259465785e-05,-7.557846180357014e-05,-0.00013219542879584425,-0.00019319501799820425,-0.0021740033594652227,-0.007054969495464712,-0.009697424076688593,-0.011956811971492093,-0.055875675390540475,-0.040149477510925735,-0.040769031256109534,0.21367252557483102
-4.161731871816081e-05,-0.00014728236163016835,-0.0002298974139660568,-0.00030119927091445486,-0.002623573332273782,-0.007285810469854929,-0.00984297295735392,-0.009644038611758029,-0.03403831917117142,-0.00601871736711751,0.01165925512304411,0.24888214637198175
-6.912997692142851e-05,-0.0002190204722888031,-0.000324926279456677,-0.0003869117619508195,-0.002878958308379759,-0.00706181166187202,-0.009162800140770117,-0.007498459595514893,-0.017038676050023932,0.05081847896369912,0.12437530819371667,0.18023365687664533
-9.781753112589941e-05,-0.0002864741678224391,-0.00040739833595871897,-0.00045313068416593803,-0.00285855253251442,-0.00642892744485518,-0.007331611159638277,-0.005745324847508818,0.021119831223091662,0.07575836443966893,0.2418624880326512,0.17039329272456977
-0.00012347073671443277,-0.00034482594685520366,-0.0004687312639216225,-0.0005031616714936748,-0.002272088585192252,-0.005241428361697734,-0.004934974432942437,-0.004260872618038537,0.0961729582413419,0.1617414521918203,0.23746485730651679,0.12649715316948645
-0.00014067252811392387,-0.00038698095217138957,-0.0005065656042793677,-0.0005421651786147502,-0.0011682696947059692,-0.003189572701539449,-0.0026318936386065983,-0.0035398288061765436,0.12459081985591466,0.2486296798398367,0.223151301560651,0.017711609202912204
-0.00014570649334901816,-0.0004055261238844666,-0.0005229120142272044,-0.0005744493447662217,0.00016147664768711122,-0.0005194616410759607,-0.000637388350960747,-0.0029170044241177626,0.1413584486227014,0.28539253225286093,0.17574975596851927,0.10685326720884397
-0.00013738890370671797,-0.00039686327984832524,-0.0005216676212620448,-0.0005954022639251846,0.0015020412807729268,0.0022520304483042352,0.0008862669439926702,-0.0012735794076748149,0.12675447799446174,0.26890588562317824,0.12898130302216415,0.22183173607974555
-0.00011769953570679935,-0.00036408475159528214,-0.0005055089566622832,-0.0005954525732872479,0.0024358323192107964,0.004303675202304386,0.002345465975959643,0.0012635175352621692,0.06000372969311216,0.14142306517685183,0.16285850337123042,0.2855876525076512
-9.205524451627867e-05,-0.00031584932253249864,-0.00047232601007307623,-0.0005673415112608333,0.0026930259188933407,0.0053434106102523155,0.00429112334188176,0.004358694870020739,-0.00856500975660332,0.06652401641273403,0.2262729698131929,0.33344781444406274
-6.74706575110644e-05,-0.00026116615577961676,-0.0004166301549221965,-0.0005072144030820829,0.0022238914821495134,0.00559322274032406,0.006848047688294183,0.007666726765729351,-0.08526187759216211,-0.016561590398385062,0.28511189946929183,0.32815856469765964
-4.926573256469737e-05,-0.00020562997933333603,-0.000335561671051037,-0.0004142746296017562,0.0014170935071238918,0.005514012548932086,0.009365649085937717,0.01092122793033598,-0.0760977174129622,0.0007195521199902521,0.21840838005941499,0.3227416682236662
-3.786788968690274e-05,-0.0001487676742865038,-0.0002343591877259712,-0.0002916446752173623,0.0008624750684350346,0.005858448460434358,0.010874847579075444,0.013604762946542798,-0.03482597032480925,0.06816763018046418,0.08343131856813035,0.21396533501769727
-3.0195716338714273e-05,-8.547015623846293e-05,-0.0001235151599918733,-0.00014755102204790525,0.0006719596012026585,0.006801055149173818,0.011293957967744135,0.015213967687348612,-0.0032771231216659757,0.12035370756742786,0.00039075916560782353,0.10787561314346555
-2.1479651964901732e-05,-1.0838892542763897e-05,-1.1160698390096766e-05,5.111173339921615e-06,0.0010712532735598496,0.008125197589965988,0.011176934352611172,0.015318471390216764,0.08313585759310418,0.14447478059100632,-0.0237954821922004,-0.08697487256983544
-4.427370567971513e-06,7.578828122136226e-05,9.925294972231447e-05,0.00015001971741789705,0.0023392030058261943,0.009200237162859243,0.010905795269871075,0.013663237425378321,0.17045408886016475,0.07053313398764466,-0.030432334355819046,-0.24407192039785314
2.5713324092673396e-05,0.00016821145027780198,0.00020699584226891913,0.0002734659597359185,0.0036889359263027883,0.009284396648428698,0.010642783239449855,0.011026011038225963,0.09949249523515405,-0.053701236873753666,-0.02217007172842478,-0.2833733570326185
6.569716451915194e-05,0.00025644158304960875,0.0003105733143212359,0.0003702236530373756,0.0043078321589929205,0.008361629905932656,0.010072711171013495,0.008325527622065468,0.024286751302872472,-0.13085211162545468,-0.09184434195884728,-0.2567233261994805
0.00010673383992281379,0.0003331969848761003,0.00040411436221386417,0.00044243547117485247,0.0038995029217394495,0.00698945045936565,0.008635498407512161,0.006116836005429903,-0.10595259875356663,-0.14358377768794645,-0.1955982107414196,-0.18501499712763253
0.0001370317833831127,0.0003951850340127664,0.00047922400436168776,0.000496352116471149,0.00216008577032033,0.005408159367967572,0.006386430022052558,0.004666493053829391,-0.2419308315302572,-0.1726744405916692,-0.25421546635050096,-0.10505359319246982
0.00014724062097683574,0.000438981366537818,0.0005292578294007059,0.0005378062834121749,-0.00011831825157571953,0.0033511071370427538,0.0036203349857510656,0.0036243403343757894,-0.21374997284895267,-0.2387360055932945,-0.2990035409097975,-0.10337695069825054
0.00013791151883350478,0.0004592059107052811,0.000551929710706243,0.0005694192730904186,-0.0017475021770904729,0.0006938016964498661,0.0009140412753563662,0.0026982576012729584,-0.112086812253998,-0.292725082525283,-0.24225520116914234,-0.08183959592231566
0.0001184513561717404,0.0004512732628992286,0.0005501039082270342,0.0005891665410344773,-0.0021445303552624037,-0.0022803312576603657,-0.0012792017711981355,0.0012511959875387872,0.03268117661961181,-0.30210150829676335,-0.19639340814175799,-0.2075727268245186
9.981665070950648e-05,0.000416483209209547,0.0005279909748647902,0.0005891930479102402,-0.0015824107371843795,-0.004677679480275964,-0.003143384901250657,-0.0012458946123862053,0.07974274699599301,-0.1773681362263561,-0.17644321786874628,-0.29184539316047986
8.714604022199724e-05,0.0003652722951570705,0.00048714839818595883,0.0005614692011033489,-0.0009517113603174695,-0.005564503330219336,-0.0050251304345156214,-0.00429887474899206,0.04639712837738899,3.3662376816567807e-06,-0.19990588878424664,-0.31875063416069094
7.827119634258565e-05,0.00031154248112716604,0.0004281271687928911,0.0005011557755988467,-0.0008232574155648486,-0.005181459475761549,-0.006779115444097923,-0.007763810351908374,-0.02070633942686481,0.07660540465387583,-0.1508911131322137,-0.374236486422572
6.85241436102813e-05,0.0002625397746728679,0.0003527807323791053,0.0004067574041928433,-0.0011261531308960214,-0.004619081815098078,-0.00829017183865924,-0.011115863929292312,-0.039872803639369764,0.0358701274788184,-0.1513201657800496,-0.29617422905421553
5.465607202096191e-05,0.000216312932179348,0.00026390483750247766,0.0002842031978999642,-0.0016474611869678564,-0.0046262866836059,-0.009485007136666286,-0.013394977329283518,-0.06438880757499724,-0.03731110118038278,-0.0876468938213597,-0.1596484509440257
3.6078507261728155e-05,0.0001650564799949873,0.00016600139689367416,0.00014721736226413524,-0.0020680517648788946,-0.005625003753266243,-0.010095680985094413,-0.01400218979788227,-0.019729308007210372,-0.16243231275168585,-0.034487875864265716,0.03820595722427522
1.4488322966054936e-05,0.00010012830371714716,6.280554589984152e-05,1.1496194364796318e-05,-0.0022499850942557494,-0.007360631502301785,-0.010543489213672114,-0.013142043781985517,-0.01665735786816061,-0.18469323705542257,-0.055073769851274657,0.13382324595507566
-7.955513947122156e-06,1.9105534374152283e-05,-4.315256329178027e-05,-0.00011080955258540483,-0.002238782288379669,-0.008843922366297193,-0.010648132624652243,-0.011319105608054708,0.018897919043376704,-0.11196493574365901,0.03414508765524915,0.23076438883108596
-2.9970518884166055e-05,-7.228057579657369e-05,-0.00014748187951136733,-0.00021377597882645194,-0.002164218699029111,-0.009433299667848002,-0.010217730619265173,-0.009274179640154711,-0.0039852011732650905,-0.005910524566502706,0.05193531342216473,0.17822080474891355
-5.197164705103626e-05,-0.0001627835402325312,-0.000244648249396714,-0.0002986640563966469,-0.00223600693434493,-0.008667293219343503,-0.009215543357804157,-0.007703435873884288,-0.01037244588989869,0.15911181426740256,0.1485021388700385,0.1359279485051712
-7.500160168895537e-05,-0.00023954378373795007,-0.0003279960890781501,-0.0003710411909796119,-0.0023699839932388913,-0.006684755481740269,-0.0074540245784830705,-0.006771991042708709,-0.01642296588889361,0.2373957332532442,0.20380161699417898,0.0503610177299445
-9.834835679436483e-05,-0.00029436937000358723,-0.00039155234507036365,-0.00043635415001680715,-0.0022993670278430014,-0.004280361771387163,-0.005257226619959635,-0.00629060076473034,0.03054635896807159,0.2434830088173769,0.2355579747105081,0.045917037865729204
-0.00011791327831791462,-0.00032479879963947514,-0.000432837791014291,-0.0004949947200408426,-0.0016136172768669564,-0.0018055241557904177,-0.002999862568825836,-0.005437513240076752,0.10660359122713745,0.2514845143019722,0.21591483551625168,0.1247004670649885
-0.0001271206909744893,-0.00033217735479441446,-0.00045237266073220277,-0.0005403816917046932,-0.00022786525444798205,0.00032981312480255326,-0.0009071113747565161,-0.0036398810926933757,0.1705468132566574,0.17558294181662193,0.20263540329761232,0.23482596241168663
-0.00012117891634939736,-0.00032265929786426764,-0.0004530531098506925,-0.0005623205170692485,0.0014162201794663725,0.0015737982612268107,0.0007710215510585735,-0.0007478839802176709,0.1582702735262135,0.07321408546822958,0.1329911818654056,0.34357346008345435
-0.00010178427514381027,-0.0003039778069143254,-0.00043943123032913993,-0.0005519868838762315,0.0024627080616510455,0.0021624999287616405,0.0019533543532519364,0.0028146106188210638,0.05102730291072108,0.04452624803873642,0.10347537857326694,0.3689254597242926
-7.796616860686189e-05,-0.0002793874429156387,-0.00041301573240398905,-0.0005063661172842153,0.0023009132457386303,0.002755572870975693,0.00332974523177824,0.006309542699582182,-0.08338626609320407,0.07408834040407405,0.17180279713199376,0.3300609564279309
-6.017506127896919e-05,-0.00024769672579305445,-0.000370771827840479,-0.0004315814833806793,0.0012573082198399097,0.003582570553541159,0.0051190356809237714,0.008647384081125017,-0.12533473908654005,0.09131119610901908,0.1860552926971124,0.13750731988063625
-5.3216112391390445e-05,-0.00020784794200750598,-0.0003090346907689351,-0.0003410474819456634,0.00013448155767583942,0.004387186203568535,0.007228391733385011,0.009459416205878155,-0.09923059334627402,0.06961193389645612,0.23581591779513555,0.024899105069991156
-5.402221331094862e-05,-0.00016028519388773375,-0.00022845943215650012,-0.000246368244581342,-0.0002957017415874748,0.005125363420385911,0.008886659989101979,0.009476431266986126,0.01319393349361117,0.07802350946701911,0.09583773334825807,-0.02149609284839671
-5.2123143861048354e-05,-0.0001048207381411974,-0.00013763388646702683,-0.00015319016416646397,0.0006755156315675283,0.0059675277289213575,0.009278449148792677,0.009159184815989482,0.18104954113738944,0.09040935224007027,-0.017479901410118348,-0.04195319735093217
-3.677587474384907e-05,-4.033880440457417e-05,-4.75085094182595e-05,-6.285092612076707e-05,0.0023939381918723283,0.006928859018403288,0.00874662626096079,0.008908662793149898,0.16263497092357057,0.1018569056563158,-0.08888467615625917,-0.00815120721698448
-6.632921641263887e-06,3.193294456731962e-05,3.572598430000626e-05,2.504040216465734e-05,0.0036346524286447086,0.00752549077597547,0.007900272482692363,0.008669602863934986,0.08550787643090554,0.017469445858120464,-0.08038607949742627,-0.039660778625997706
3.147138747119265e-05,0.0001062276038554365,0.0001100669169052713,0.00010932696743195309,0.003986209393846599,0.007333441081647909,0.006967914038360646,0.008187710189524161,-0.01519648339052751,-0.0558793847236326,-0.10608560936891731,-0.05671775625616715
6.766325874704737e-05,0.00017496119283967005,0.00017468999692200727,0.00018618263648708733,0.0032521648613243453,0.006413276715198799,0.005956701964986551,0.007183423621502688,-0.13161242311392315,-0.12815348856618938,-0.09615680530590165,-0.14413955734812745
9.217529923591334e-05,0.0002310151672472774,0.00023011591170670305,0.0002503591227912431,0.0016502432364488495,0.004797518166322674,0.005128480991952606,0.0056518736393284695,-0.188771901861176,-0.19499822120903562,-0.06948738930088716,-0.16217043908671624
9.9622893401376e-05,0.00026919756647723073,0.0002762282902273237,0.0002981618218387047,-0.00016072440335631938,0.0028389616796679895,0.0040939947121715285,0.003908666170163845,-0.17342162609985776,-0.19671307612190128,-0.1374098666553285,-0.18647105474620873
9.126654717244688e-05,0.0002869980948421983,0.00030933676238659017,0.0003284899091575958,-0.0015105448424295026,0.0007211439933255213,0.00252769971968176,0.002156951293614373,-0.0965424617147789,-0.22685046114659232,-0.17584913184262518,-0.1638719205636856
7.4502610777784e-05,0.00028424704556304135,0.0003236775923059842,0.0003408356659038371,-0.0018422424365030748,-0.001271353849156907,0.0003404662641970416,0.0003122000556338932,0.03020294290006445,-0.17164910734989328,-0.2615975592543185,-0.20507832703241036
5.972642045207484e-05,0.000262789667664947,0.0003133630200217058,0.0003336072769486975,-0.001112995628638756,-0.00302012173046196,-0.0024033807210527176,-0.0017578778466618133,0.11564641867279932,-0.1781044689111174,-0.2871718377956334,-0.20893725342673097
5.3112265511563476e-05,0.0002255062074403434,0.00027582182184315314,0.0003050099440438361,-0.00020983535946351647,-0.004436570314458762,-0.005104858914657813,-0.003961588734310464,0.06498563516224856,-0.10518524788824304,-0.2531238009253858,-0.23180492410299924
5.23467418509936e-05,0.00017686288975486946,0.0002139430675011822,0.00025226329983925647,5.673062734954184e-05,-0.005292093222636026,-0.007270891953736373,-0.006587740106605466,-0.0116724377996369,-0.06591933374720979,-0.18008280689032596,-0.29342535035600104
4.998532573604009e-05,0.00012114708494670876,0.00013481052358745667,0.00017356240392011986,-0.0005290138503402449,-0.005851067738996113,-0.008555616829008735,-0.00915243907722186,-0.10547645773832046,-0.04587556952480756,-0.0768621681641466,-0.21951444376727747
3.816659298533734e-05,6.049314632918789e-05,4.677672577541999e-05,7.385726426471895e-05,-0.0018347326998003047,-0.006279719984508062,-0.009051142733398599,-0.010788588853858323,-0.15566731215369148,-0.03985487957758224,-0.022243012713826227,-0.10771551156001535
1.2297138372519212e-05,-4.741236397521665e-06,-4.281503434190109e-05,-3.7442842976346304e-05,-0.003339158222763321,-0.006767156560833851,-0.008867209290065618,-0.011471432594354727,-0.14521779243891172,-0.057632435687575395,0.059029701380422184,-0.028853236539265414
-2.49340497206922e-05,-7.443533319678038e-05,-0.00012889579378693537,-0.0001505719505947384,-0.004107079395878962,-0.007171662799017892,-0.008348942598941235,-0.011154388929323694,-0.008366442184216477,-0.023268811949232887,0.04462363684445436,0.09226196954547217
-6.44370794500773e-05,-0.00014600731666134667,-0.00021184013252657604,-0.0002558334346800988,-0.0037935265499980586,-0.007142733893895365,-0.0082399251489869,-0.009897907887748383,0.07107701136039715,0.02905459297373833,-0.02282014685358713,0.1590342387695899
-9.665064302035526e-05,-0.00021516527710923553,-0.0002955672474072255,-0.00034646850527046723,-0.002649186164057532,-0.006688858195682409,-0.008505497827142995,-0.008229106230325307,0.15779106582770816,0.061720546668852766,-0.03029438877763213,0.17472609271502526
-0.00011503513739362654,-0.000279243739100325,-0.00037950736694599796,-0.00042201848591046434,-0.0010277127105967258,-0.00612683420253548,-0.008282526080611493,-0.006880889897674114,0.16650362486445305,0.05068425196053314,0.07488873808393248,0.09491717381521336
-0.00011904913721114668,-0.0003362739831153652,-0.00045597946461754227,-0.000486505168667514,0.0002249127470926992,-0.005279214600472566,-0.0070118934536973695,-0.006016446653735821,0.08402146667343194,0.11883966845204977,0.17923778729889217,0.07797147497244528
-0.00011461392005211865,-0.000381556689111735,-0.000514978226963575,-0.0005435223665339398,0.0006621306847129071,-0.003777326598801388,-0.00478785901550918,-0.005386992919549327,0.003422120850609639,0.18153793188218578,0.2655691003387457,0.04791927186485345
-0.00010959997509395112,-0.00040895726800484964,-0.0005494450284945,-0.0005927250552566359,0.0003406583069205988,-0.0017027891798215454,-0.0021055012906758194,-0.004453544824989892,-0.0677165964090713,0.23336955191378275,0.27090244462792645,0.1387703470470335
-0.00011007238461690378,-0.0004148851991370002,-0.0005585324868754853,-0.0006269701059549138,-0.00043514021151113146,0.0005172029533914301,0.0002880096144787679,-0.0023954653146656996,-0.08744310727727475,0.21062887472881228,0.207799736402991,0.27284555501780494
-0.00011623595941178289,-0.0004005581457546857,-0.0005471516107645398,-0.0006351566862105443,-0.0007975747474646902,0.0023482077230714766,0.0019881656077103266,0.0007581492635395947,0.01495620008656301,0.15557207920719704,0.13223146224332072,0.3578773606232539
-0.0001212021801532439,-0.00037069308987915193,-0.0005197427340449447,-0.0006090881400014548,-0.0001956694008275107,0.003624803452035275,0.003493609736208687,0.004455559978278313,0.10542486924087288,0.09974706658556268,0.16885736345635127,0.3816047823244897
-0.0001169510651485352,-0.00033147282505815073,-0.0004757086902507578,-0.0005467192690633664,0.0010458924017692482,0.004219249512164964,0.005313199022628703,0.008018214209339366,0.1428874912784789,0.01914214544037504,0.1950604938276519,0.33092606388772094
-9.936135783811053e-05,-0.00028735520112618525,-0.0004126378764225364,-0.00045415299253446573,0.002472049060315687,0.004604275274228133,0.0073009637430155715,0.010495041096440769,0.14234384043080886,0.057863006972258796,0.20249245024972184,0.16443931353255947
-7.085806254304472e-05,-0.00023600527473811658,-0.0003309832346004534,-0.00034284343422377983,0.003228609998697474,0.005665710003385601,0.009029964621401033,0.01176687056569641,0.008968347245548597,0.15442393885923475,0.14330772542737025,0.0899265803185687
-4.10134957301501e-05,-0.00017069585925446083,-0.00023578262859017164,-0.00022425213176650483,0.0027403033638814505,0.007396173093345549,0.010010156580655318,0.011951389925758591,-0.10662967420875333,0.1916686791327549,0.052730666423487005,-0.05302270830613254
-1.877526694949941e-05,-8.907264790709884e-05,-0.00013401796346831896,-0.00010732373873993468,0.0017073423922486875,0.008928469176126849,0.010342776443715215,0.011434288679555437,-0.0999625201177993,0.11479053742350495,0.013793306188492505,-0.05039754093449811
-4.244303634625425e-06,2.9913095693594146e-06,-2.946989501296031e-05,2.9182613928239536e-06,0.0011988502707261095,0.009484322319164804,0.010566837247356513,0.01061411134699629,-0.0017359041867162917,-0.0036199088159140913,0.031018854539766938,-0.11363792557733121
1.0563100268799825e-05,9.403683661798048e-05,7.54661613252543e-05,0.00010309522156244888,0.0017626305099589408,0.008724783090559409,0.01042037402028641,0.009421280686928692,0.11449195203328252,-0.14828793690516487,-0.060311499953787706,-0.12492820643618852
3.37204103041226e-05,0.0001729568548166442,0.00017363307909841122,0.0001933349094547457,0.002868831497105615,0.007059220549173332,0.009213009534344974,0.008626656891530674,0.10674824539605235,-0.1848245713720504,-0.18116139723449942,-0.033996552643414946
6.494750700914353e-05,0.00023468003061440502,0.0002551589425765941,0.00027822460888797464,0.0033765878438985707,0.005285414610378833,0.007092163161291603,0.008351282995115113,-0.005196976037461193,-0.16993661638684945,-0.2430078773761748,-0.021078226639697162
9.584496093594492e-05,0.00027896733478718525,0.00031306868562510205,0.00035838443582087917,0.002802902941461708,0.0035720462241772117,0.004489785448409989,0.007680682391465792,-0.10954000444991138,-0.17273706085347482,-0.277467665200148,-0.11304189409016696
0.00011615765634829888,0.00030649735520338225,0.00034667413664157354,0.0004255902463053511,0.0012596361410090828,0.0019339578590621893,0.0022313047548843086,0.005760479705428595,-0.19911335564061364,-0.15488061216952967,-0.17422847350498816,-0.2709986431172726
0.00011920404659637879,0.0003187761575369271,0.0003623178563616212,0.00046744277426676755,-0.0006503580913930999,0.0005218026076467758,0.0008974391891252188,0.0026100258868546927,-0.1828854908398229,-0.12755043811355302,-0.0925446396468298,-0.3590921205975077
0.00010522182988756233,0.00031696526265010343,0.00036597211703519653,0.0004743733818300723,-0.0021460852503701923,-0.0008839815850115046,-0.00016658705441014842,-0.0012239043741937477,-0.11625994095559564,-0.15360640041810306,-0.12026060906024366,-0.40769393161218037
8.105580868417017e-05,0.00030055887875883494,0.0003557501608690822,0.0004434883981933177,-0.0026871189903082404,-0.0023972951932421946,-0.001877804178812714,-0.004953092353157168,0.008053192967985984,-0.149056321228035,-0.22198281582026946,-0.33814366418050357
5.7108336278064906e-05,0.0002685026534788747,0.00032387656881366117,0.00038075145082305686,-0.0021023754909128118,-0.004013949862749855,-0.004496914232271495,-0.007594297120894999,0.10889550691109975,-0.17427461267349711,-0.3018391948714868,-0.19009728936706272
4.1056034682734984e-05,0.00021993059051981476,0.00026452952645560047,0.00029837662823842536,-0.001108084828153173,-0.00570046272906213,-0.007372494239340645,-0.008880667396031305,0.08996262564082799,-0.16302796058895794,-0.2732768065423431,-0.06717676566019848
3.272657293768024e-05,0.00015675223810110138,0.00017957478905900374,0.00020674614423303134,-0.0005578075208577758,-0.006935207754680546,-0.009618453239978703,-0.009445429405047497,0.02009283581825147,-0.08392104453472518,-0.17591499358526852,-0.045775636143040144
2.5710069808343486e-05,8.426682346342728e-05,7.854637473610378e-05,0.0001099847044586701,-0.0008454931050095754,-0.0075618751728542734,-0.010587229624601287,-0.00990685854982475,-0.07762995264861139,-0.04141243910002032,-0.017840283339248475,-0.04651019281241031
1.1847300881099512e-05,7.694017906003064e-06,-2.6123668427042805e-05,8.668148190755464e-06,-0.0019270606804392193,-0.0077526859386305704,-0.010346779008028032,-0.010356452703758179,-0.1386835624373174,0.003250285944760928,0.0659304066538996,-0.04340863797427574
-1.3641182501605713e-05,-6.768596936971402e-05,-0.000123768857870412,-9.757140452697944e-05,-0.0031706359961018254,-0.007323311516512847,-0.009182258880645808,-0.010891457839788803,-0.11003150069520384,0.0826245984787837,0.1669736188225449,-0.06359238923184907
-4.7928504167210434e-05,-0.00013632575657674902,-0.00020767825098175457,-0.0002075230518056468,-0.0036868283370191184,-0.006404645924894155,-0.007599619741622705,-0.011098871615944672,0.006793032511745234,0.10110851984495481,0.14955420898207572,0.022109634000675227
-8.040050838244293e-05,-0.00019425078348726994,-0.0002772806025831853,-0.000314206654203136,-0.002807572506027381,-0.005180359457210029,-0.006320850578663442,-0.010237848863553162,0.16905813368660227,0.14374877369187036,0.10619962360977697,0.15009491647762663
-9.881380083232854e-05,-0.00023864738914473375,-0.0003360987488358074,-0.00040478695716410543,-0.0008750859839497416,-0.0036989616742827344,-0.005442778671860975,-0.007878211728640727,0.2174391707289256,0.15253078289358865,0.06941475775071637,0.3218325105048605
-9.829528990499918e-05,-0.000267616439580638,-0.00038582162343025106,-0.0004659277249492552,0.0009787881694156134,-0.0020948484128981114,-0.00450179624702776,-0.004349941828389223,0.15333565994414539,0.16829186938333598,0.11878172721592672,0.3838214695454403
-8.366055425644104e-05,-0.000280552073065464,-0.0004209384747371092,-0.0004918515050564229,0.0019481589602960143,-0.00049227828406709,-0.0025215740143438685,-0.0008348141930443129,0.04053849823193478,0.15222215638286826,0.27726271932085156,0.31920405752354175
-6.589266352334898e-05,-0.0002780735293770688,-0.0004297809155265578,-0.0004846737733542795,0.0016054191863224,0.000987987021746126,0.0007530858564541438,0.002270360533472983,-0.10908645302665765,0.14383090477977492,0.3776692548387509,0.3018308877799174
-5.600410250394647e-05,-0.0002605371589093341,-0.0004036095831033327,-0.0004487823625506565,0.00037229301755810156,0.0025192870718008112,0.004481180628190884,0.004907921627251621,-0.13753878072620207,0.16242910523116208,0.36794969950859724,0.22568133097581033
-5.714089880684574e-05,-0.0002266760841388192,-0.00034351497517634387,-0.00038849484684069584,-0.0005996522781379566,0.0042529278823021715,0.007537740957206879,0.007149581514740508,-0.05685027841300955,0.18429905686910994,0.24336236629460173,0.2226506465219671
-6.322983294977908e-05,-0.00017555177514585015,-0.0002588242882132436,-0.00030508347932066914,-0.0006181345504487119,0.00597193391629164,0.00940039643541318,0.009532691989264833,0.05315382395085849,0.15950214992878378,0.12916872934665846,0.25397144838289765
-6.334596092397179e-05,-0.00010938031474147313,-0.00016021215435786456,-0.00019755470319667828,0.00059490895561017,0.0072623581645837616,0.010322030335662626,0.011973063235533338,0.1894548772609179,0.09858269972964048,0.055158050703230654,0.2341028008708037
-4.691315354250488e-05,-3.244410367043447e-05,-5.4976561510397536e-05,-6.902100904801985e-05,0.0026916525206832124,0.008124884049623967,0.010725088233830777,0.013733675594198346,0.22989383575369063,0.07392247727840076,0.025453528930399538,0.11801967086219789
-1.1448223021189254e-05,5.186217581217963e-05,5.412077231007378e-05,7.10777232103376e-05,0.004401333583579912,0.008736371846898855,0.011094378530263488,0.014286070857473143,0.1120423768256493,0.048375082176576795,0.04840453035614278,-0.007540618207238614
3.486798419165819e-05,0.00014198127479673063,0.00016775333656533903,0.00021040742634208736,0.004861907858989576,0.009287447950011343,0.011632134320789559,0.013579869768876806,-0.019927521743716453,0.061840138445920984,0.05914662774907142,-0.1336995995120287
7.972600330661245e-05,0.00023656027601252116,0.00028655819913407237,0.0003391826937941616,0.0041096959640012755,0.009628352293146765,0.012128838192957113,0.01217518372153804,-0.13051485725394366,0.0063407301811634065,0.040194146684439436,-0.14723760995572444
0.00011333130870398017,0.0003319966461341579,0.0004056102004841154,0.0004539718950466745,0.0026113651154722707,0.009458921731180576,0.011681562077051491,0.010782656528964535,-0.1691513124518573,-0.040226842574401095,-0.12964936986556375,-0.13126782855897656
0.00013228447887084866,0.0004213091381819257,0.0005128081385243666,0.0005557473519280756,0.0011792689179014276,0.008403576678372982,0.009758025530998745,0.009572434847315698,-0.11726792706231129,-0.17084216798711785,-0.25505793934498555,-0.11077650777079096
0.00013972262398731622,0.0004951839162770758,0.0005972337518420374,0.0006451160556186501,0.0003083601053920831,0.006371378940657034,0.007127097132535415,0.0083013058907992,-0.05691383543955761,-0.23559737955607182,-0.2711277403476805,-0.14344928353250874
0.00014171732692760448,0.0005454649202016627,0.0006549980929201802,0.0007190353736953135,9.058048266556912e-05,0.003684821844260347,0.004425771083093145,0.006482557724533482,0.01335791089425481,-0.3017140397232655,-0.26913746954077344,-0.22030034972063484
0.00014407934274295896,0.0005674247013963341,0.0006872855736380302,0.0007705756311332835,0.000381822680405327,0.0007071343946739427,0.002031725060476867,0.0038254937630604986,0.04489052865369677,-0.29382345019401535,-0.20967173498248226,-0.31111244257396176
0.0001493459693849001,0.0005613032916822911,0.0006955298571403176,0.0007921924940632,0.0006715026479829004,-0.0019314163374825346,-0.0003828683600194038,0.0004978788229228139,0.013045464861817908,-0.2338866962372801,-0.27324694911677183,-0.3544105454535752
0.00015413557445856943,0.0005330369763035627,0.0006776385420418704,0.0007782715678031844,0.0002864183667509665,-0.0037218467382631533,-0.0031953946596700237,-0.0032820640749259286,-0.0900623211082047,-0.12419938391884366,-0.2892583108133522,-0.4015780341161733
0.00015179045364053321,0.0004904776877716407,0.000631709918558169,0.0007257386652179555,-0.0007554425303582103,-0.004790010968121258,-0.005990330037070254,-0.007224516442119869,-0.11830985831363064,-0.08943346205277714,-0.26972876466669393,-0.38691243932261477
0.00013865869777622168,0.0004385042032457625,0.000558935371215979,0.0006351677707127991,-0.0018709086425040971,-0.005604685937054373,-0.008564579431367762,-0.010889662458911403,-0.1047833641155467,-0.07350153173384599,-0.24512111419280758,-0.346116764035692
0.00011451268256285986,0.0003777136103127558,0.00046235497254614117,0.0005112890579127552,-0.002958294400168266,-0.006553432649546965,-0.010751500302599797,-0.013886080101097382,-0.11269378741728706,-0.11624781076467239,-0.19226306005359928,-0.253166764401504
8.096560183681046e-05,0.00030414619761464593,0.0003471641622349095,0.00036287876977241017,-0.003751121745041615,-0.00816004989007501,-0.01228666175964654,-0.01579597752697162,-0.045871681557382776,-0.20507563734093626,-0.11476923135574935,-0.12881272077334327
4.225909463074717e-05,0.00021217780631919994,0.0002189548161637609,0.0002023336799691227,-0.0039901796961710435,-0.010233628369014189,-0.01335520745458318,-0.016313040433685876,-0.0019399086685029931,-0.2096400584468997,-0.09893990763157867,0.025400139430491575
4.373712822683297e-06,0.00010147582000108412,8.02469363642647e-05,4.2764270512699e-05,-0.0035868966654417312,-0.011906768894608972,-0.014386368505316053,-0.015600841457598859,0.08259651481436545,-0.12498804667205687,-0.10729230251499611,0.11703965578691189
-2.7540498402503924e-05,-2.1235430971918196e-05,-6.58155679727501e-05,-0.00010658324264470962,-0.0027959455795957136,-0.012635481299991492,-0.014826132362086901,-0.014268661173882858,0.07559370235483812,-0.020754434404447353,0.01933953116082665,0.14939640095628814
-5.411100886565437e-05,-0.00014503722656012633,-0.00020973752765158113,-0.00024262720365965504,-0.0025181565130343755,-0.012124877817650138,-0.013958259573679306,-0.012940131029106232,-0.020035889042570504,0.12287513087271817,0.15423502652069243,0.11630962799903688
-8.073924684681277e-05,-0.00025679595619243094,-0.0003401993111501642,-0.0003674275436001214,-0.0028074910831973046,-0.010226868108810783,-0.012134097126037307,-0.012019936958987038,-0.03783102499001531,0.2567268108951527,0.21059746300770743,0.06772918602480182
-0.00010939530310946131,-0.000344184561277279,-0.0004498465263360425,-0.00048346053554521,-0.0029237201693324047,-0.007250852908158825,-0.009795345911138358,-0.01118666143003069,0.014585207762995295,0.3384762292352389,0.2571527799720823,0.0989259197664677
-0.00013637520388055946,-0.00040124822597934097,-0.0005343050184859146,-0.0005880035323661335,-0.0024722599848872244,-0.004161880032253571,-0.007096352518836065,-0.009721937934154008,0.07570682912604079,0.27931834594581184,0.2826458984883764,0.1940187794088689
-0.00015448359937511754,-0.00043146492769829335,-0.00059039746143096,-0.0006737001347948087,-0.0011494191140243918,-0.0018814603115369045,-0.004122136070173001,-0.007417382551581033,0.1888613450465257,0.17676559819752147,0.3121973912442362,0.26689229710572604
-0.00015615411607783187,-0.00044281204583400955,-0.0006165079718415762,-0.0007320513788428677,0.0008153157734815243,-0.00038796331560633584,-0.0010999660119502394,-0.004252866258030764,0.20408563245465752,0.12193380098859224,0.29223662040031617,0.36601096160432756
-0.00014052035527856768,-0.0004391549916522964,-0.0006147633494990297,-0.0007553326477953761,0.002311436386371315,0.0011193741519489684,0.0014488904804595298,-0.0004033875324709105,0.09513849012330058,0.1795336925224686,0.21753467808163762,0.40388478350764323
-0.0001153215260546231,-0.00041819510487783315,-0.0005915955169566713,-0.0007374303539110623,0.0027283294584176006,0.00307260320294368,0.00318467602801216,0.003983846309333667,-0.011759875714043494,0.2111121176764737,0.1296224314288884,0.47356198485327217
-9.154433845416213e-05,-0.0003778987553667462,-0.0005509346723634378,-0.0006755448051822509,0.002027108061674592,0.004986666699273709,0.0049474928906345274,0.00839326343642862,-0.12848440363455813,0.17170058158953222,0.22294094109558504,0.4083214405657183
-7.747196637020709e-05,-0.00032211466878886747,-0.0004885217578881609,-0.0005764039336480543,0.000787366355116417,0.006170150616302037,0.007535090004420861,0.011434910870410687,-0.11946393767707689,0.06499620181613347,0.29457848166168155,0.200008046230695
-7.259017770954334e-05,-0.00025828514620863317,-0.000397877471676952,-0.00045443892918358385,0.00018899137701633277,0.006595753899744823,0.010593767237820916,0.01295809002248341,-0.00021105794293996283,0.020124454872423703,0.3171569650183296,0.10462778418384944
-6.861709691948636e-05,-0.00018971540004244516,-0.00027865324710347225,-0.0003208236169498931,0.0006056247809950622,0.007118195333492781,0.013251077676875032,0.013764972424254741,0.08353773873868583,0.08436383187716784,0.21430512279249336,0.05674869617041689
-5.6806061785091255e-05,-0.0001121729068913995,-0.00014153764535367616,-0.0001807269643449946,0.0017565822458839595,0.008390303296716351,0.014172042673084187,0.014254358096724965,0.1466537542390936,0.17005776076754614,-0.030112123550662395,0.04112843832362789
-3.1702899901045956e-05,-1.967075862999713e-05,-4.546983557593127e-06,-3.703117775511808e-05,0.0032640501309251007,0.010110126355564122,0.013226089686132416,0.01448479922125034,0.1548398227691346,0.17390685100200814,-0.15907847383969165,0.004959786581447245
7.565549858446965e-06,8.758714763074563e-05,0.00012018557453534026,0.00010777138086256765,0.004589639820973483,0.01134145489658443,0.011720421932454263,0.014475712502286804,0.11027811524054182,0.07235885720205365,-0.14205507689593888,-0.006777130374154394
5.602308531794493e-05,0.00020012146898241116,0.00023333314314801982,0.00025036448453651783,0.005101867270926109,0.011165409373748677,0.010909091790081649,0.014042908232503232,-0.007832625250016656,-0.10756796176920419,-0.020210951578584102,-0.07978372358256025
0.00010327416176257645,0.00030475456908798243,0.0003419507031250323,0.0003844734581905946,0.004348348018000195,0.009761210647365575,0.010814420205320852,0.012778886498312124,-0.1428712253351661,-0.17327178350741607,0.0012766346264246886,-0.17302062325566125
0.0001384833888741979,0.0003936443847198976,0.0004494287966367737,0.000502774912735632,0.0026934974043240955,0.00801675247901746,0.010681198497027434,0.010881404410695353,-0.18809889740005387,-0.175619850162207,-0.027920976285108368,-0.2064757942676929
0.00015652498561125337,0.0004650956053020071,0.0005509913956037008,0.0006017293663769465,0.0009148219430869973,0.006273491637404436,0.009631321296357975,0.008909486317567557,-0.16763619484736575,-0.1730323181603977,-0.18205446384878365,-0.18790782435786624
0.00015969203093004505,0.0005176272450774174,0.0006340482605895002,0.0006807891137020179,-0.0002814128793286615,0.0042328363176776344,0.006980051700801912,0.0069024631474467095,-0.07161076963576599,-0.23509874578496243,-0.3481994552624289,-0.21349680966630324
0.0001553680907609203,0.0005491360528648771,0.000685018137291343,0.0007386031799109389,-0.0005833751544962868,0.002068925239814288,0.0032139236395666558,0.0046603500943375,0.01121831460224093,-0.19768346978770684,-0.4050261569846224,-0.2349258009555386
0.0001509725565607985,0.0005586843101579471,0.0006984110392747238,0.0007725434598521844,-0.0002957316855280737,-0.00015927378120027735,-0.0005353432428905035,0.0021277058939116037,0.046310379191401685,-0.2479563344152062,-0.3448272195068094,-0.2716030391296407
0.00014963490761224027,0.0005457594406219461,0.0006785655169744655,0.0007773125015455223,2.8201895816426026e-05,-0.0024257001259999278,-0.0034337612171611506,-0.001173897555244031,0.018476337077498253,-0.20532893454472384,-0.23485637534732007,-0.38871765070148623
0.0001480598112381837,0.0005105841204920837,0.0006353456237460267,0.0007460012811367013,-0.0003432211706277407,-0.004609363899972557,-0.00521021742852662,-0.005088346526520165,-0.0927609503663316,-0.23140382024980205,-0.12043486692577376,-0.39417214355374064
0.00013820024284104003,0.00045444134121065867,0.0005768322821629824,0.000675961428192243,-0.0016286925088009937,-0.006619191956312444,-0.006492450888082229,-0.008919624062371491,-0.164333317268319,-0.1705617910181752,-0.13601182498534792,-0.3720833636165244
0.00011447687701507725,0.00038205365501857213,0.0005024923922523133,0.000571246721996445,-0.0031159806563915613,-0.007858345282104861,-0.008375527094051594,-0.012023317176788112,-0.13312431224979449,-0.0772688741403082,-0.2406034162085251,-0.24865525926679988
7.859984434146462e-05,0.0003000328188410022,0.000405876406726386,0.0004419943150672589,-0.004059425878330965,-0.008545821953409123,-0.010947670011133864,-0.013827164209049118,-0.055564732138086104,-0.060226460120544056,-0.2738251672079288,-0.11211414718540125
3.7843883810899164e-05,0.00021208553106146185,0.00028446092239341593,0.0002989836044837331,-0.0040917662277821275,-0.009043635602498948,-0.013335426855460157,-0.014774977907656034,0.04909666224785347,-0.03933626969742082,-0.20372620165732958,-0.07744859253598202
1.3707447853573983e-06,0.00011849926352871306,0.00014541797894212244,0.00014904708426831194,-0.003202861577326226,-0.009673617904050814,-0.01447316183479854,-0.015212326135428196,0.12868426784332687,-0.08666019061295233,-0.023820794210346996,-0.010021053018450576
-2.436833667604055e-05,1.7037915345391073e-05,3.088952390492218e-06,-3.106624533135531e-06,-0.0019449547149533641,-0.010618651732613586,-0.013992643475527498,-0.015218415624861299,0.12289710463124548,-0.10234657509960193,0.11992446606455509,0.008803155131829943
-3.964586706918965e-05,-9.135572088429877e-05,-0.0001304716930553957,-0.00015365755748928048,-0.0011105513636764563,-0.011060075513324382,-0.012719485613650093,-0.014891770966367695,0.04398356562413608,0.014061818957442573,0.13470710631092597,0.05652577656689095
-5.151292638186999e-05,-0.00019682803598005912,-0.00025177512667633894,-0.00029710197340735627,-0.001262860498859611,-0.010034387505827691,-0.01154120111053855,-0.01379711221724746,-0.074445392660767,0.19107578254189544,0.10094979431138285,0.1624059732571559
-6.960742547766951e-05,-0.00028639167104392864,-0.0003618169138396007,-0.0004250964609834565,-0.0023560393203002927,-0.007878339506946212,-0.010467156322113806,-0.011801785297972586,-0.14419037162736936,0.24013381723440025,0.11385916337356594,0.2366594105978188
-9.694907012867326e-05,-0.0003541577218726618,-0.0004589199737063488,-0.0005303675203550211,-0.003112289609900458,-0.005674870658800423,-0.00895345565123581,-0.009252426576340338,-0.007059686292663736,0.2005599523947575,0.18888097080203314,0.27321233372863096
-0.0001256460257343458,-0.00040166102253254136,-0.0005374210570714532,-0.000610663335802519,-0.0026271015112340466,-0.0038257894731754845,-0.006746761021785068,-0.006806736513159243,0.10409730602594602,0.1692562847302303,0.2524579550881154,0.21592567890758785
-0.00014454376643893287,-0.00043219093108573574,-0.000591318283374032,-0.0006674865472599172,-0.0011524466296833694,-0.0022801922374633913,-0.0040326842387306905,-0.004557905778320387,0.1908336702841894,0.13986316241218827,0.29035740152276013,0.23384046806018333
-0.0001478215084986467,-0.00044812045846525105,-0.0006159997031671193,-0.0007002583175118308,0.0004968982177406048,-0.0009057132384396697,-0.000903599719886761,-0.0019964482720623306,0.13903529920060542,0.13503263739255605,0.3354595022460257,0.27845103319142805
-0.00013773304583413837,-0.0004484116490429811,-0.0006096825722298893,-0.0007057002023331412,0.00152079431516106,0.0008474751228936582,0.0021670259073327527,0.0009080713078002461,0.06574392028348564,0.21560503487410954,0.278665623197877,0.3024528827810873
-0.00012123877256631295,-0.00042898752926353543,-0.0005762817250484213,-0.0006794174993459,0.0017780603384040246,0.003037348832995477,0.004513143528960855,0.004348469289647994,-0.014290715634892703,0.2223697071462542,0.1905579011277435,0.38562671358846234
-0.0001042346776324286,-0.0003884052278048172,-0.0005222398148206241,-0.0006180837401118584,0.0016227586483728458,0.005079111458748169,0.0062952385165985685,0.007918282557160332,-0.01676962237134305,0.18598281800428423,0.16586109639979918,0.32833593991400534
-8.876696860719575e-05,-0.0003298679419421389,-0.00045004604624447294,-0.0005261341510848633,0.001470783156673723,0.006628345713787493,0.008143515198631672,0.01047163524823868,-0.013625475968481515,0.12386403300358068,0.20379424000682145,0.1823345983016642
-7.310375449282599e-05,-0.000257684462112218,-0.00035842402760535115,-0.00041347394975204137,0.0016618596662002297,0.007808350252196683,0.010180888529192687,0.012060405018325705,0.05184077787378283,0.11213687467825723,0.2036804261053814,0.13541935571574104
-5.277682725650485e-05,-0.00017439187795124575,-0.0002481096879058646,-0.00028692348479685237,0.0024035257810639966,0.008850166579997766,0.011881979410704627,0.013249687972712093,0.09649244509897059,0.09622639088195956,0.13653775019700654,0.10243723516153658
-2.3960330080736416e-05,-8.179485073038064e-05,-0.00012499005810504067,-0.000150224757921034,0.0033597736540896908,0.009669238864175256,0.012741946549460153,0.014090057402451582,0.09475712950616821,0.06758806595353822,0.03545567755409873,0.06563665078636127
1.2234645000478102e-05,1.697315811990746e-05,3.874937949697391e-06,-7.17876638165163e-06,0.0038792213621532123,0.010084362905882365,0.013031052661487462,0.014519140905424895,0.009132412106536147,0.015436742387883562,0.022365544851362995,0.020180049808301348
5.0465378474352646e-05,0.00011806500436959257,0.0001339994033565775,0.00013711580656949708,0.0037669253326216966,0.010134006344054656,0.012993840419888563,0.014339773684804848,-0.03159161801283927,-0.005508054753425362,-0.029807993171142688,-0.056053493932310516
8.560270279279249e-05,0.00021847961119935563,0.00026122515141721326,0.0002762027446369588,0.003260539531066272,0.009948915021897957,0.012451309192238589,0.013477613928687493,-0.06968554229824564,-0.03151020967791435,-0.07869825235885208,-0.11637845729116059
0.00011413038964051234,0.00031479746898331156,0.00038020668670782733,0.0004037669783408508,0.002444997838477697,0.00931465653489323,0.011344997865884228,0.012035232812090908,-0.09342279621946936,-0.09534148772303092,-0.14256401291202014,-0.1720977660281564
0.00013384141988628085,0.0004004361070013011,0.00048529778200074263,0.000513238140197526,0.0014972082106760052,0.007813071068704677,0.009673221192698832,0.009858999559244129,-0.09613512934086899,-0.2049756055146797,-0.1917913217250592,-0.26314888454119956
0.00014541292473016374,0.0004680006187149929,0.0005705148307204185,0.0005972003960988014,0.0008170927581005722,0.005699831274033685,0.007370188551236341,0.006933451621010965,-0.03988796117421761,-0.21767235341951857,-0.26881520656743885,-0.32196070310543323
0.00015290467628686636,0.0005136294801712646,0.0006290043118875588,0.0006511868066636511,0.0006812575532399534,0.0034259410172206416,0.004327707682191722,0.0038638304919589757,0.012720920202093866,-0.23710569794309017,-0.339680967241485,-0.2919635227049646
0.00015967029557713744,0.000535480756051165,0.0006550288758439208,0.0006769897037667513,0.0006718663048142617,0.0009443141587594469,0.0008772051090806788,0.0012967489286610542,-0.0145991698872322,-0.2592196737491487,-0.35041954738072356,-0.2214527899546197
0.00016447672416789586,0.0005319629130192,0.0006476765979246045,0.000678861246278179,0.00028941941333742187,-0.0016478827651524386,-0.0023476606929439437,-0.0009224404263755187,-0.06189020840813578,-0.25921971103322833,-0.2945536130242009,-0.2223850810526949
0.00016376972425752632,0.0005029391138365378,0.0006117848207282471,0.0006575690937524866,-0.0004308193954113298,-0.004156877071380001,-0.004830694746327541,-0.0033359900787629597,-0.08215755334161456,-0.2425791502122841,-0.20205319765251872,-0.26032484942479334
0.0001539017336282551,0.0004512083934172155,0.0005546273598366265,0.0006111295674608429,-0.0015427787304429115,-0.0061892670124844675,-0.006600797431996582,-0.005951915179565765,-0.14023431366470177,-0.16389883800860922,-0.15196733948128938,-0.2628601707357679
0.00013209006167106533,0.00038363898548758444,0.0004822711288392595,0.0005393992260672465,-0.0028195556609950452,-0.007324614573441746,-0.007870448767476806,-0.008394153099153524,-0.11512107244572498,-0.06317067418284644,-0.10196292761475545,-0.2255874131817836
0.00010018427417036962,0.00030890482345761333,0.00039838062695989854,0.00044640644933134464,-0.003561601839144096,-0.0076222178325524755,-0.008907651608395387,-0.010204402248026845,-0.033288163184085146,0.003650022360700389,-0.1054776405689607,-0.13646241659288078
6.52267287020584e-05,0.0002327604351092869,0.0003048592486272647,0.0003382046135713738,-0.003429907254518148,-0.007606659837112808,-0.009796624058131378,-0.01143596490396732,0.05962708010927467,-0.0005384232727668192,-0.07231684937823768,-0.10985011459521415
3.5049617533735305e-05,0.0001564547169389474,0.00020399192757294734,0.0002194385919412283,-0.002605514979146471,-0.007654483796955094,-0.010376840152732096,-0.012317239422061787,0.10525137496506073,-0.009026368695690346,-0.04372636954190601,-0.06640478902367947
1.4328583678905337e-05,8.068849622874951e-05,9.94511571304346e-05,9.627095556025332e-05,-0.0015386917918195225,-0.0074987603450844854,-0.010531313935770455,-0.012316287854133206,0.10811326250032896,0.040171059069812054,0.012831612934234404,0.06659510260939588
2.9359935280433035e-06,9.010343076901437e-06,-3.924501160836391e-06,-2.245952026026583e-05,-0.0007398262383528842,-0.006836870285285128,-0.01014381772248374,-0.011429807309970624,0.05165984819299871,0.09220695289005937,0.06466762972310824,0.11070100622312057
-4.0272229381851895e-06,-5.4345201372002185e-05,-9.99611523168808e-05,-0.00013005030804219856,-0.0006528170548928144,-0.005834238604495596,-0.00906351250872514,-0.010088350246415925,-0.03425801150098476,0.10831938326784701,0.15139341302861198,0.15759040648781913
-1.3706591155904051e-05,-0.0001081878646894006,-0.00018115959170259758,-0.0002218409330609887,-0.001283056588650958,-0.004934294058984087,-0.007176175368418218,-0.008269774757342101,-0.09178989525064393,0.07166952583445468,0.22607401503277236,0.2061246913269456
-3.057224917408084e-05,-0.0001545750882289162,-0.0002406381852074957,-0.0002937995742811027,-0.0020900750149844003,-0.004343150648919031,-0.004719543332561409,-0.006121953486680695,-0.06961379001604454,0.04655915617855649,0.26525239213858953,0.22343956280533545
-5.300223217273753e-05,-0.0001939232128124297,-0.000276939001400131,-0.0003436477223526425,-0.0023959215847469376,-0.0035264742677836715,-0.0025406199059656515,-0.0038476761276272638,0.00844447606353707,0.1167761200485154,0.17053229318056184,0.23141590900535086
-7.386642200961854e-05,-0.00022170254222074812,-0.00029601943394228126,-0.000371435577202413,-0.0017769163826292637,-0.0020293916138800095,-0.0012754666024643985,-0.001709894842326845,0.11535656435999772,0.18264041073221698,0.08249836751968875,0.19614034805473285
-8.448136322412053e-05,-0.0002339402370335139,-0.0003042602830959819,-0.000379422610126993,-0.0003460718602711361,-0.00041814734867314917,-0.00037270322827573344,0.00011248825741084719,0.1708123401116278,0.1396084423091551,0.09805430731804426,0.1683362718928056
-7.97353800319898e-05,-0.00023209911215846032,-0.0003034221556858038,-0.0003698779062951018,0.001295268498697283,0.0007863723236838668,0.0005403287103113599,0.0017964525089673945,0.15745573168205598,0.10129549216224809,0.0845520803993744,0.16845657841850387
-6.122380523049541e-05,-0.00021926714757565093,-0.0002921940129504779,-0.0003457366946082244,0.002407046461601596,0.0017800205928780114,0.00170529983675382,0.003031789828408081,0.06489986089880659,0.09743416167658081,0.1484421448891176,0.07861088546963341
-3.668005221859877e-05,-0.000195277105408487,-0.00026762037172183516,-0.00031208961339957363,0.002501704140777732,0.003017987840554775,0.0032094284089747268,0.003697626413322078,-0.04596832506357937,0.15015928785877186,0.15238356955506366,0.05455643151316597
-1.5551472408215445e-05,-0.00015897176516116391,-0.0002275607539276284,-0.0002719712051306175,0.001724011821298933,0.004243080208909842,0.004802495149866623,0.00432605524046915,-0.10957013883218039,0.09485918581224162,0.16622977862331562,0.0711293339162486
-3.0301437542895922e-06,-0.00011340135142597947,-0.0001728243998616711,-0.0002238712339495304,0.0007802539094862376,0.0048710025381270465,0.006144775663324843,0.005293938995748268,-0.07918144353035869,0.03072528003119923,0.10222632406832827,0.12244741713957491
2.3170672291446595e-06,-6.40831095472933e-05,-0.00010716011023371873,-0.00016333057044367848,0.0002891882872006126,0.0049926458376101865,0.006988082262265628,0.006814193705422115,-0.019031680926766298,-0.006396620134571318,0.06643499571982875,0.18160352479519454
6.54096076243448e-06,-1.4227371379296423e-05,-3.6906622661965434e-05,-8.751919770339706e-05,0.0005555904194573516,0.004978501795989188,0.00706261525208503,0.008348080842634168,0.0723121073781141,0.0035678118103716905,-0.05152839775594825,0.12517390264721612
1.6782549263958815e-05,3.6419314095173297e-05,3.0571816371477915e-05,6.767832198308371e-07,0.0014927272808475155,0.005150835298904755,0.006433072554603641,0.00929111534201141,0.1151152648999187,0.030898888772741717,-0.07438014174032953,0.06343299722823231
3.6486616369191915e-05,8.804595365597204e-05,9.276195878950856e-05,9.229573613367872e-05,0.0024480861401991044,0.005174492613254991,0.00600495592900249,0.009032675240758166,0.07595650697039906,-0.026167425902694497,-0.011243183379900767,-0.11512101747888098
6.289857651048106e-05,0.00013943462431020913,0.00015295230861583518,0.00017528808505891627,0.0028343058880587243,0.005103241517592428,0.006033114036262833,0.0075657945442893434,0.0012874426015248713,0.01191720677018182,0.016874804831969403,-0.1782551218148834
8.983301497676675e-05,0.00018901032124350584,0.00021289386761861145,0.000242526701991568,0.0025525818051984157,0.004811897869066916,0.00595519776429242,0.005881928842241002,-0.05763225917358657,-0.07018593647528415,-0.032458059226051994,-0.15851801859478493
0.00011140712643987204,0.00023327217975740669,0.00026948197673141387,0.0002944089509113556,0.0017622404874226417,0.004040473833713252,0.005362424058268063,0.004494520941716515,-0.10043600438156823,-0.08409887059544863,-0.08609668197881931,-0.11896356151011239
0.00012276559286167118,0.00026947568426616546,0.0003175053172399848,0.0003357049424528831,0.0005094527969371869,0.003200227068038503,0.004242244043446126,0.0037646773665889824,-0.15012153371552273,-0.08395048253950121,-0.13793932098556821,-0.027005153515394065
0.00012194423197125005,0.0002965138929362241,0.00035342943154532903,0.00037179706977514355,-0.0006737249750214127,0.0022074146659732206,0.0029425788176227173,0.0034537480978631134,-0.08651402067619718,-0.11461199787355536,-0.12199372417911353,-0.03518070022977976
0.00011273980534004365,0.0003120404922588342,0.0003779192548816474,0.0004042583948290169,-0.0011671603512198672,0.0008979051985488038,0.001955385849640959,0.00303851691291156,-0.012173054563493713,-0.147289895611328,-0.0754448694172381,-0.0478655367605309
0.00010276521079775453,0.00031507194719787465,0.00039351695798107224,0.0004316172283539788,-0.0008277585572379572,-0.00029161421074071344,0.0011641547702440057,0.0024332497920808195,0.0800534133598757,-0.09061398624657543,-0.08280134646215259,-0.07318788740561716
9.704514482421588e-05,0.00030875015249361127,0.0004013316866347776,0.00045081450332319807,-0.0003162546374697727,-0.0009727447301119633,0.00039879096049707087,0.0014062052017630318,0.022247370593761195,-0.04561211762767453,-0.07027141548723437,-0.13222103065794039
9.457518263533698e-05,0.000297416225963496,0.00040279067404709953,0.00045971992559036735,-0.00017773780030600703,-0.0012940405759110875,-0.00010699347803268928,0.000374879251670824,0.005455996838991936,-0.018647051532150294,-0.030885472218717652,-0.07404415936050118
9.19447301820972e-05,0.0002848057061203414,0.0003997987373517869,0.00045896481200648535,-0.00034835269034194996,-0.0012280633927198349,-0.0004913938610298324,-0.0005259019684472256,-0.03957897484618052,0.03184248817040081,-0.04599460438071097,-0.10611208466310873
8.786832803060731e-05,0.0002742804010981891,0.00039150147522211,0.00044846605005887015,-0.00046692773995602816,-0.0008769976117106216,-0.0011680585649055468,-0.0015738504210758143,0.01586396492336488,0.038370668031441846,-0.08933833639443194,-0.10347760586260898
8.479920881296932e-05,0.0002665088147262179,0.0003765477634073035,0.0004276218874851847,-0.00014689610357157052,-0.0006773196626836221,-0.0018226837980557607,-0.0025949820936612706,0.048142362353526647,0.0015649217739580612,-0.041586710235610794,-0.10074872865448228
8.56737853351196e-05,0.00025964072045932333,0.0003571242175790011,0.00039761024943298437,0.0003218114080016272,-0.0006962991906952924,-0.002062025367604718,-0.003407345516778801,0.045599139961112894,-0.005360827376292121,-0.006281603674180611,-0.061723955969023775
8.951964370034256e-05,0.00025183391146105103,0.0003362177123947226,0.00036233819491892754,0.0004473602650429654,-0.000865062608959168,-0.0021192756692509774,-0.003647065386032564,-0.02048936855284525,-0.028391856276482996,-0.005168456655071277,0.013779982118271222
9.20469207359564e-05,0.0002406945180251142,0.0003134807167972241,0.00032817343384586843,5.8095142079801515e-05,-0.0013628160782282002,-0.002428123450248727,-0.0031858868285792583,-0.05736365603978752,-0.07115883757732344,-0.05660109954447866,0.0784557293723899
8.878079992301201e-05,0.000222916377944455,0.00028694082504899545,0.0002995817356416699,-0.0007113193046686785,-0.002192811937903636,-0.002879854899397004,-0.002532452812260445,-0.09651923330990847,-0.09484033435776373,-0.033745190285176765,0.0522310738913728
7.771381049412869e-05,0.00019633783550891427,0.00025668291735574637,0.0002748764304961364,-0.0015020785811079868,-0.0031228965492045126,-0.003171726639252811,-0.0024086082168462528,-0.06163262197795316,-0.09117658790241157,-0.0246291576859846,-0.027462154808534395
6.030895578492365e-05,0.00016193917324210856,0.00022423963992868209,0.00024818463997886074,-0.00197889236073302,-0.003756835904156628,-0.0033169288461600468,-0.0029297498866088837,-0.03373013394705349,-0.035611283088011536,-0.004411283695462523,-0.07676617914399178
4.054525083851769e-05,0.00012416345381965378,0.00019020468668401927,0.00021494753910994137,-0.001973848628548172,-0.003798307980334328,-0.0034900618027725173,-0.0037176702871749906,0.03473888038402306,0.02731686785247156,-0.030215307627031604,-0.08081790096922956
2.3520504868006598e-05,8.807202344992637e-05,0.00015323448177535892,0.00017492558947379235,-0.001431100565554046,-0.0034199780936111537,-0.0039039791789595526,-0.004286719640054813,0.07381073221480217,0.04834910949216331,-0.05256816761037543,-0.03299196960673492
1.3458784170634652e-05,5.56745243209516e-05,0.00011159706950764866,0.00013111022941810928,-0.0005812435739203433,-0.003059521732183801,-0.004423503274582501,-0.004476352371081804,0.09616066611193835,0.02374216279330721,-0.05133665151421428,-0.004934576598663226
1.2062208631083005e-05,2.727674193876003e-05,6.692650681652052e-05,8.623396880466513e-05,0.0003019284660100139,-0.0026200347442545137,-0.004510609263643127,-0.004498899751607026,0.08047374187413309,0.06415523479255025,0.033915453702089246,0.0004251004936186298
1.7204287198938286e-05,3.4509290820846733e-06,2.5333758207351226e-05,4.236940883679308e-05,0.0007264872475610425,-0.0021451278270805583,-0.0038079404581907303,-0.004274012241967383,0.004438014436072613,0.03082614864224087,0.10661830738839008,0.04455240143430997
2.2744528392847503e-05,-1.6999050228044022e-05,-7.2199971895867975e-06,2.8750250278141044e-06,0.00038156099122080094,-0.0019448680349451806,-0.0027028106211968747,-0.0036248645198284114,-0.07342326570412092,0.009225809784834671,0.11440766001038104,0.0852771429934844
2.2841464017990336e-05,-3.5318521269219686e-05,-2.8459731956543373e-05,-2.8061966561821057e-05,-0.0003621738661922344,-0.0017190261732899525,-0.001545136332194441,-0.0025625337980986207,-0.07532370577848616,0.03594256254621098,0.11712719779010573,0.1271890013524737
1.6427853320406696e-05,-4.974600339195504e-05,-3.9250675994225466e-05,-4.849970474112098e-05,-0.0009205482733244936,-0.0011664702512571177,-0.0006130524753419778,-0.0015250138377613642,-0.03635117564796567,0.07456862186035595,0.06928957358038688,0.08031499071497758
6.398726952825697e-06,-5.745487788858393e-05,-4.3034301530808983e-05,-6.067181728032987e-05,-0.0010852770001917064,-0.00037530464806866093,-0.00014367263197472571,-0.0009094086700804129,0.0034054302745230858,0.0836644987773354,0.024586395093063526,0.04280604282121267
-2.8273769330443078e-06,-5.6564129954955565e-05,-4.362767718489913e-05,-6.749777168780916e-05,-0.0007599437769822948,0.0005534542347943345,2.4997501156695724e-05,-0.00045578221141544576,0.061661214367359246,0.10208727779526369,0.009147631533220763,0.04791924891178076
-5.852309438970062e-06,-4.750038419481341e-05,-4.3256846469393175e-05,-7.023737490341938e-05,0.00015495727579714375,0.0012592949172340966,4.916864194449584e-05,-9.213843170659866e-05,0.12131899618852846,0.039080858692688736,-0.004313403375660739,0.02480950702998866
1.5594914973285207e-06,-3.476350215869217e-05,-4.279316850660878e-05,-7.068986788417842e-05,0.001327402911462573,0.001288081489990151,4.356695061238309e-05,1.6398355547905612e-06,0.11317013094455738,-0.03332354414147787,0.00319306510923819,-0.006053853577710815
1.868433943938184e-05,-2.3614290385142304e-05,-4.004093849234129e-05,-7.0993494784125e-05,0.0020975666769480913,0.0009417608647198223,0.000506879052241115,-6.236521554410518e-05,0.04086262215254624,-0.035940580912587894,0.08946935521650817,-0.006747156642068333
3.809386880939871e-05,-1.5717660559805814e-05,-3.040351692596054e-05,-7.125014067969127e-05,0.001784339197055282,0.0006375651003474759,0.0014206052610350353,1.103603643085087e-05,-0.10350811813110808,-0.02489857196188139,0.09327588654227587,0.021427407037059542
4.970902491622829e-05,-9.406503441598783e-06,-1.3796918670275712e-05,-6.835475519879768e-05,0.0005386920243106337,0.0006246663232939304,0.0019007143901019305,0.0005680410597478671,-0.14562131641782158,0.022318816551172294,0.0027459392711031705,0.08997359762634369
4.8294306869059076e-05,-2.280051050514433e-06,3.9467731453835775e-06,-5.794173899435486e-05,-0.0008216356337444762,0.0008006241549229397,0.0016480239730299277,0.0015145621811406972,-0.1264442151932004,0.012872749774629572,-0.05328402268550375,0.09933062665222234
3.574464879717925e-05,5.395492979083399e-06,1.8426216841649403e-05,-3.9176341783668125e-05,-0.0016882959806314886,0.0007344846509966267,0.0012478647662232376,0.002238517260996649,-0.04688785418420208,-0.026100650559892163,-0.026747818675834256,0.045460389318968036
1.9701213487828073e-05,1.0348145545710185e-05,3.029003192933406e-05,-1.590052056034984e-05,-0.0015203910812387473,0.0002560458623287305,0.0011248982513136939,0.0024166469836670082,0.08046883406275032,-0.06958710717368707,0.002154515693925496,-0.009834444784896174
1.0321753306728645e-05,1.0627768194608777e-05,4.079480428898032e-05,7.50533168418631e-06,-0.00035550095498113835,-0.0002001213325490122,0.0009760562206155583,0.0022645234652402214,0.15250919118877146,-0.021646331801861457,-0.03192292183355261,-0.02059025890046115
1.3598083918886484e-05,9.24792457358771e-06,4.8303761555422926e-05,2.804023959992224e-05,0.0010107670774127061,-7.584739165520104e-05,0.0005257352326729625,0.001842458117906965,0.12074441528999744,0.04650111998062369,-0.058141275754966526,-0.06382281056619013
2.739314027872763e-05,1.1800046263098535e-05,5.152610045395752e-05,4.214343036288181e-05,0.001748244194555523,0.0005862717295573659,0.00011873254703395592,0.0009781800346849489,0.02675100813856593,0.0859227042618897,-0.023259261372834794,-0.10903280607821306
4.303190016550831e-05,2.1417745847681527e-05,5.308868664682319e-05,4.688041368131628e-05,0.0013795077828006135,0.0013372681873592327,0.00019378469153917896,-3.0783370998055566e-05,-0.10049829048954786,0.06427658729848364,0.0382696902738794,-0.09275987505838781
5.0802888029947014e-05,3.683759533491092e-05,5.742453927954309e-05,4.288329356312141e-05,0.00017468979008712702,0.001746701710086646,0.0006733858350048008,-0.0007686406526409178,-0.1404653080531494,0.017610117246999,0.05765053841924496,-0.05481158127018462
4.603905146970773e-05,5.238817838287029e-05,6.612192434925518e-05,3.4068204231909386e-05,-0.0011274571021349835,0.001363414899505228,0.0010660911789376166,-0.0009943772136014877,-0.11996407039127269,-0.0942674793632826,0.02089053036731818,0.009664269078070636
3.0606739093934856e-05,5.983381857440396e-05,7.582861040347373e-05,2.7960127519098054e-05,-0.001959005373019592,0.00012571313880150583,0.000875246031906094,-0.00022723812896077863,-0.046345583785648986,-0.15327287277746182,-0.05905955977362269,0.14376354785007117
1.1265507329723667e-05,5.3745217852493465e-05,8.101396682970072e-05,3.173055440363147e-05,-0.001909240979822646,-0.001343433283183605,0.00016182525333930439,0.0009813235058674626,0.05629846242503819,-0.14055641161956034,-0.08362459593973522,0.09794877911557703
-3.1798152588525303e-06,3.5348918846345345e-05,7.839881519652185e-05,4.6195863527389216e-05,-0.0009798235378925936,-0.0023358265180460185,-0.0006848555799750792,0.0019117383188840863,0.12958502596097224,-0.0579222353529224,-0.08571157072314149,0.08813418348774771
-8.159869600829384e-06,1.286013998480598e-05,6.808470978111265e-05,6.60151553772638e-05,-1.618733050277692e-05,-0.0021619292542618537,-0.0013779655031067608,0.0020521200510908305,0.06314221551699109,0.09270168810975532,-0.0529104139031948,-0.06005783704639889
-6.482014221298027e-06,-3.7598116255540596e-06,5.265141831599019e-05,8.020129015744447e-05,0.0003517584064090483,-0.0011620610678101547,-0.0017086927899177303,0.0007851069049453036,0.01044693186537396,0.10727194918058447,-0.013235043458999105,-0.1933447921827065
-3.927386465529874e-06,-1.0612290274216198e-05,3.649516211713246e-05,7.656344498403256e-05,0.00015916714474458217,-0.00020843466192227314,-0.0015225584498538166,-0.0015126759396276856,-0.04896518419826719,0.08345333199699184,0.05046191147178185,-0.2662117767318913
-4.621582711185714e-06,-1.0093316021756234e-05,2.3928770664004064e-05,4.906392935123248e-05,-0.0002980063938757501,0.000312229512414266,-0.0009907198407718622,-0.003987227186932332,-0.042469523525799274,0.02067950287031599,0.05590581034460902,-0.22869847272903793
-9.223490865996024e-06,-6.573076805316343e-06,1.522601704020207e-05,3.942774410749303e-06,-0.0006223752370863119,0.00039181833087371205,-0.0007498308839885366,-0.005037003801164304,-0.022404245116313087,-0.004761739178426774,-0.00772801898794391,0.01874314988264353
-1.567798616174808e-05,-4.60899426402475e-06,5.985787759469358e-06,-4.1243242503749034e-05,-0.0006685238220640992,9.98177384606508e-07,-0.0010982149721580057,-0.004000199581735364,0.013174528120755646,-0.07340229151939433,-0.06194879864594992,0.18861769400314438
-2.19517643513519e-05,-8.703041206435793e-06,-7.887095118347298e-06,-7.131103033549174e-05,-0.0005862318158566647,-0.0008198075658668151,-0.0016763616034053254,-0.0020133579846131765,0.003283873120731251,-0.09075885713089,-0.05368052760351401,0.20875062542129313
-2.8021479065375855e-05,-2.1451965126685573e-05,-2.663793356435717e-05,-8.258712728903288e-05,-0.0006277111269481265,-0.001729977218183141,-0.0020738060857966485,-0.00024186140609505288,-0.011579735339023622,-0.09127507333237515,-0.025808368874750617,0.14554869028233158
-3.391226931656356e-05,-4.168429544871844e-05,-4.7090192702950315e-05,-8.128522182362847e-05,-0.0005504469232894148,-0.002316488846223432,-0.002016645741921981,0.0005022424991759362,0.02703257607076595,-0.026027252275683047,0.03724043764968414,0.003272090771866243
-3.890485446842247e-05,-6.375480341969248e-05,-6.469228156424093e-05,-7.700269798440467e-05,-0.000448070107082367,-0.002097612747971377,-0.0015037720303361416,0.0003542622686688236,-0.006557212829356396,0.06980247192609403,0.06533430466748376,-0.03286813687328877
-4.3781188213173704e-05,-8.047907343399168e-05,-7.747127007380336e-05,-7.708627637407166e-05,-0.00052719664186788,-0.001247241254888461,-0.0010520256715763452,-0.0003709779466022218,-0.009268094127746207,0.10027182669048916,0.025014967084475523,-0.1121799061809203
-4.87797596812247e-05,-8.839705899127636e-05,-8.642544295159303e-05,-8.671729261894362e-05,-0.00047251765174231934,-0.000336355856568475,-0.0007388089039815902,-0.0015552253023721704,0.020203892152858338,0.08190525297350805,0.03762838643447548,-0.12466956497306941
-5.09771261782367e-05,-8.880994755201382e-05,-9.267244368165296e-05,-0.00010806096256833559,3.304435233991964e-05,0.00025377814442098263,-0.0005105912420303956,-0.0027135086875062237,0.08090850866358947,0.036121547224383474,0.008015145955763428,-0.10698711205374128
-4.7389697692179424e-05,-8.601233299071119e-05,-9.872665807130226e-05,-0.00013856451972142053,0.0006844413448715355,0.00030574476783954243,-0.0007002516358994637,-0.003387202743110765,0.049370889842733676,-0.025728222540671516,-0.04594722472957703,-0.027751699067166957
-3.908544447412352e-05,-8.421337591418868e-05,-0.00010892420567653379,-0.00017034653961729988,0.0009764092987396458,5.404664746495993e-05,-0.0013392578851468423,-0.002969201236065106,0.009022700930888375,-0.024611401534244987,-0.08185402511989869,0.11135200047629873
-3.0176091817352722e-05,-8.545777135514004e-05,-0.00012448678995640757,-0.0001947528131332707,0.0008054612326145133,-0.00030292573565523264,-0.0017732589708279128,-0.001912053467129057,-0.04321231415591488,-0.04678307508979353,-0.004946192016315423,0.10007755331091112
-2.587093031183484e-05,-9.1244423688496e-05,-0.00014181501352183634,-0.0002094495447488602,5.55710684890633e-05,-0.0008544047310159583,-0.0016923857422578427,-0.0010272928559888436,-0.10676571866917513,-0.0635127239823516,0.02112083773032948,0.07687456891713157
-3.0044564898271273e-05,-0.00010326360908480297,-0.0001566912997613703,-0.0002172401226717907,-0.00089029798577635,-0.0015494323482454359,-0.0012828715056489495,-0.0005308227285972544,-0.08240809218390753,-0.07549279946354391,0.06078200959144918,0.02241945656118627
-4.230873825516512e-05,-0.00012120907823942886,-0.00016757604149688938,-0.00022164507603203898,-0.0015625366856024192,-0.0020396614826797424,-0.0008940768414548651,-0.0003501679434524024,-0.05203964778130628,-0.022553027423317454,0.016976923247367673,0.013711500467784132
-5.901137665976353e-05,-0.00013982363141130683,-0.00017562320578061309,-0.00022471225776542745,-0.0017779909953172623,-0.0016832491516958511,-0.0007153560152898768,-0.00026326840322529223,0.00894878583833765,0.0938354936200957,0.018767241985629998,0.0036684075776378944
-7.37685222207462e-05,-0.0001519012356023078,-0.00018183739266720416,-0.00022765138508400336,-0.0011734381168792712,-0.0007322716865043452,-0.000527481362028338,-0.00032455706048988963,0.11196178984926057,0.09635999941820549,0.01880768866667777,-0.015926139030557368
-7.936956822278552e-05,-0.00015383782025149814,-0.00018506336998272465,-0.00023084648956822438,5.322891647140614e-05,0.0003449547566662804,-0.00011771410107575946,-0.0003144638363543152,0.1333716168208749,0.11908528921591964,0.06314576352383793,0.01794478385767226
-7.337031265931198e-05,-0.00014548076205809149,-0.00018248298973759142,-0.00023185835491981385,0.001146622196223301,0.00132645688201505,0.0006337901501024042,0.0001120907660364222,0.08530703912950408,0.07721513585383426,0.08715508671179482,0.06736613662047522
-5.950357053928798e-05,-0.00012807852441640795,-0.00017118565208853654,-0.0002261025121271949,0.0016267262277814992,0.0021539906463216565,0.001625677379708573,0.0010390777924873683,0.010713767182135542,0.08829161700748707,0.11122235920943892,0.118031268669714
-4.392802355339947e-05,-0.00010276653661259289,-0.00014978580172831803,-0.00020885448571779884,0.0014883831693962035,0.002908406914441357,0.002654292692335129,0.002410527489391843,-0.03838237885919468,0.06259163661645299,0.09450070331587222,0.1562586707111809
-3.1620609754245094e-05,-7.141104473954123e-05,-0.00011821511615059108,-0.0001772698809188644,0.0009730995904346714,0.0033626914601689747,0.0036598444232102617,0.003906393470395044,-0.06467433693311173,0.028265272529070587,0.10660964285915432,0.1429145254894593
-2.5392864376866785e-05,-3.883088295254436e-05,-7.706824182297396e-05,-0.00012993310996910957,0.00027244948504099047,0.0031533408972303995,0.004569530442313161,0.005560960719555923,-0.07545568414562445,-0.07013538511678559,0.07532756096142566,0.18799892434271645
-2.4810710521651844e-05,-1.0181014444283615e-05,-2.823582029898508e-05,-6.685831540150621e-05,-0.00015601871399800228,0.0025766328044217485,0.005196953862484614,0.00705399819396475,-0.0102379556621741,-0.04520623344494461,0.05015712307286481,0.11060857053904896
-2.547370532740833e-05,1.4712415490943499e-05,2.5139063024139172e-05,8.22361861340004e-06,2.3419752846704926e-05,0.0024020531826236748,0.005478022802140236,0.0079623886090165,0.04612564903111554,0.010290309085329838,0.0060566648582596055,0.07106951247130097
-2.333115722574437e-05,4.0082649937151956e-05,7.844894039564072e-05,8.879025976813752e-05,0.0004050898674860873,0.0026719937066180164,0.005183952672160072,0.008150939621930997,0.03020837389676092,0.04369779571353845,-0.06487069085429241,-0.033359309888401495
-1.813238575254267e-05,6.803608021256536e-05,0.00012700441919298556,0.00016720393593945847,0.0006346644271542529,0.002918692348464664,0.004527143087308897,0.007531795612333192,0.0157065380368722,0.00564193265579109,-0.0664912261159425,-0.09046949203115953
-1.0333091964116438e-05,9.694052042338388e-05,0.00016958377181338686,0.00023692826711230162,0.0009251943305309935,0.0028621956936990397,0.003988727436771363,0.006413070622235437,0.042399442638475913,-0.016941263608915944,-0.041191903991564235,-0.1332755059883914
-1.7951591780845374e-07,0.00012376809135642428,0.00020723876591638898,0.00029295759191812226,0.0011055208787306035,0.002503318492909042,0.0035422713838290606,0.004792794338928692,-0.006334132998553919,-0.05483417654908358,-0.04809930659689622,-0.19077975067295763
9.420343506588797e-06,0.00014642737423378217,0.00023936331294779374,0.00033101248588283765,0.0008144510061488467,0.0020285380825625357,0.0028826380224518918,0.002818184454014386,-0.05187984151779743,-0.0401219055202177,-0.08382736567853753,-0.2041422263099035
1.454606428779762e-05,0.0001641825236526276,0.00026316818310459473,0.0003500036108742032,0.00021069315009291777,0.0015224918012065498,0.0018783360089083064,0.0009800405442587264,-0.06887172969338837,-0.061087350750979444,-0.11703303703017955,-0.1634865556412284
1.3107964989129797e-05,0.00017488787180810938,0.00027390606061565863,0.00035244721663538854,-0.0004983130098264824,0.0006185778298898063,0.0002692394933044727,-0.0004913193920216604,-0.07292950229049167,-0.11969544351236926,-0.2047862660905872,-0.13078543161484893
5.8807158204816785e-06,0.00017473224887037608,0.00026601436907163205,0.00034208289969556735,-0.0009471368239031414,-0.0006497024174364661,-0.0018475778021097876,-0.001581543995942577,-0.016835260524840107,-0.13396060595288523,-0.21857719299226486,-0.0872594891693344
-3.372173285491729e-06,0.00016022142169080768,0.0002392630768423461,0.0003215757776239014,-0.0009034409972915403,-0.002252463018477215,-0.003502680643747402,-0.0025198804183906107,0.025574425847160326,-0.18659151425526455,-0.11244337533525806,-0.10040779532027239
-1.0955478807751637e-05,0.00012979939629001715,0.0001996976328424675,0.00028966841651189646,-0.0006132201071604413,-0.0038319420616808888,-0.004410408156228317,-0.00386159180401038,0.03246975217905948,-0.1293042943854702,-0.0691021271609249,-0.16793448180368148
-1.637749706241171e-05,8.648509334198308e-05,0.0001527028468742877,0.0002425344266014401,-0.00047118354377157347,-0.004830918527925927,-0.004988549037407642,-0.00556520617808089,-0.0040624395012859305,-0.07049099886353749,-0.04652604907494018,-0.17278839301042054
-2.2587953132173223e-05,3.7013322823508864e-05,9.894754644100459e-05,0.0001789234441462847,-0.000770907670180729,-0.005063435575768915,-0.005762511049248983,-0.0071569903129501886,-0.05588238578054516,0.023987589294939826,-0.1082663532933279,-0.14556843396343916
-3.32548844845938e-05,-1.1961706968478685e-05,3.656625366170899e-05,0.00010091740696014825,-0.0013624786003033863,-0.004731570382628594,-0.006713747506610137,-0.008444217124277105,-0.06243180024398631,0.04238544933312449,-0.08198093817890273,-0.11187692830194401
-5.006902384894752e-05,-5.753189117032797e-05,-3.2479240231464386e-05,1.3323620438728833e-05,-0.0020003492725673587,-0.004382466457741264,-0.007095351272024536,-0.009074540180006778,-0.0651423342088081,0.02743533564434142,0.00566018509602273,-0.01418768284399069
-7.181837952507795e-05,-0.00010150991323656948,-0.00010239135232844611,-7.54791445160282e-05,-0.0023495218626587264,-0.0044131379555070365,-0.00688707114737181,-0.008686012810944629,-0.0046921838094654555,-0.033569635197496006,0.03599583983452259,0.09189315665642034
-9.317016749360161e-05,-0.00014682269280580753,-0.00016875168551541727,-0.00015481303261076365,-0.001920835731046006,-0.004649417958340573,-0.006384995490022422,-0.007180764808002461,0.09042941013200956,-0.013686365369211306,0.06441929163535498,0.20915644393201321
-0.00010710209455898073,-0.0001927628115437599,-0.0002282096473358363,-0.0002161079408344441,-0.0008655496820298184,-0.0045386057892499,-0.005506596874061384,-0.005078216836733628,0.12062779967122794,0.03584879918734585,0.11126043155685261,0.21135315032175345
-0.00010993714675933059,-0.00023371929291590666,-0.0002770668959948243,-0.0002580512220502119,0.0002985392419598467,-0.003652690485179453,-0.004264852857736219,-0.0033104394064199334,0.11218998512670508,0.14133426162674356,0.13708837170818033,0.14220233574098534
-0.00010292429545449333,-0.00026141590929615533,-0.00031140129999337085,-0.00028490143166440404,0.001104031019007605,-0.00188663279087028,-0.0026020279419730888,-0.0020596025164184937,0.048908370282846586,0.2118772772350911,0.19547661144444572,0.10796504225930265
-9.230185262780534e-05,-0.0002695924384034816,-0.0003276554177913671,-0.000298550288492424,0.0010204575463299932,0.00025132696940502073,-0.0006487956176261587,-0.000670168849185495,-0.06562306481836896,0.21571467481996903,0.1951698534249403,0.1699216911872971
-8.609940243960541e-05,-0.0002575334309335861,-0.00032445882109581793,-0.00029813215510066625,0.00022003249130999269,0.002160474524574079,0.001288114956735991,0.0007537955275370414,-0.09446194618563114,0.1661148362138426,0.1922122614474896,0.11487118415721015
-8.592521418754995e-05,-0.00023032816899234407,-0.0003021308620536861,-0.00028385953919938416,-0.00018519484089890218,0.0032805778636743332,0.003177476851690376,0.0021007276527193752,0.01341647974385217,0.05790583160620821,0.1856601175433874,0.15451524087925667
-8.570604068521218e-05,-0.00019543512956140814,-0.0002614662234362389,-0.00025365076540233544,0.00022902954136645699,0.0036980300225128515,0.004955450871799066,0.00394102710669037,0.06942839670921966,0.02558460016149544,0.16993468647835064,0.21354464991494232
-7.89750837863967e-05,-0.00015743413974473808,-0.00020594960681640575,-0.00020218902529441652,0.0011171618383966403,0.003902167940821161,0.006147872452167559,0.006351320914893414,0.108198062696817,0.015242983500166396,0.06854962959534783,0.2685141117256666
-6.295193694252487e-05,-0.00011817456774294915,-0.00014273839356000555,-0.00012698042827194182,0.0020874675303777243,0.003949746459536624,0.006494370199112482,0.008690398489601524,0.08586307569939985,-0.005727279757073767,0.0007499197936366997,0.19930140321595552
-3.972682498653044e-05,-7.84395076678875e-05,-7.808107306859039e-05,-3.401805366298504e-05,0.0025575548608211623,0.003997265555475706,0.006437093899170551,0.009902076432189832,0.008154390389287697,0.015231098944890276,-0.012205179782022846,0.04303418530170594
-1.5830809736614683e-05,-3.716062544068111e-05,-1.3496608727426256e-05,6.404512200483465e-05,0.0022216481891619883,0.004258510889965574,0.006479798969062275,0.009710558701374107,-0.07533572472112252,0.03701796795308332,0.02074619376036768,-0.08133773146485085
1.9189404549229343e-06,7.123991278391009e-06,5.242783482799315e-05,0.00015453609284244612,0.0013283018491455352,0.004598412453848849,0.006705089742021607,0.008387635466148187,-0.10333354328216812,0.03096234482357163,0.02431196083149878,-0.1832469155803334
1.0834144266033471e-05,5.4423999824348656e-05,0.00011855937359426573,0.00022919349056169024,0.00045473891307657235,0.0048615892553426805,0.006521218011232907,0.006543844077700638,-0.07137904393162445,0.021673015475194735,-0.06108630698923889,-0.18551136210917635
1.3186832981281332e-05,0.0001019419961654123,0.00017873100164101792,0.00028601375812443075,1.579882997299975e-05,0.004642010012870049,0.005513107598117532,0.004820209434847462,-0.01640897268909007,-0.06558886396972108,-0.14053577563383612,-0.1592155664614588
1.4059878035451075e-05,0.0001434498899961087,0.0002254446326187807,0.00032627810891332177,0.00015881018086094903,0.003659568753269232,0.003829618597435025,0.003232660722930743,0.04501124286667992,-0.13089938795044231,-0.19616202450266518,-0.15829417592188494
1.9000219120213023e-05,0.0001718558415339057,0.0002546226406331742,0.00035120201600416794,0.0008292580360914406,0.002021621554290168,0.0020059830054436744,0.0017521206952384905,0.08907832817941838,-0.19669005184537047,-0.16856509389560492,-0.13781382961656558
3.0128307551808047e-05,0.00018172620229449404,0.0002657368022851218,0.0003616477634515389,0.001396359650227564,-4.7549402172502794e-05,0.00021684932494584158,0.00033702879423570223,0.024341994647806314,-0.2171441394471637,-0.18926164220396163,-0.14520455058399206
4.2692621505339154e-05,0.0001727133761237261,0.0002583122224525251,0.00035872268570120557,0.0011165031404786576,-0.0017550158319810868,-0.0017017652914651747,-0.000922044344302368,-0.0803132965975876,-0.12434914651455309,-0.19446128107824162,-0.10661007712362197
4.7941178328156794e-05,0.0001505684505689591,0.0002325873385049712,0.000342511008907238,-6.679177591512953e-05,-0.0026739692789723092,-0.0034432114980456063,-0.0023202910144911465,-0.15634568668116983,-0.05944154288369141,-0.15382796023784467,-0.17303925691413374
3.835896453745482e-05,0.00012010390230903959,0.0001919359956589756,0.00030801271302374387,-0.0018496509822252657,-0.0034189403730115944,-0.004687057071153513,-0.00457936816220768,-0.2002261545808574,-0.0895526759241656,-0.09494115438373668,-0.27877617262917304
1.1784457129006202e-05,8.11565264550251e-05,0.00014099502859421824,0.0002499903477080697,-0.0034652504994644577,-0.004370534797791304,-0.005501136341797961,-0.007025104900927153,-0.12289374886698096,-0.10076620903177624,-0.06787469974515287,-0.21037117511472153
-2.4908488793222117e-05,3.2651131915524324e-05,8.20719377003356e-05,0.0001714733384270308,-0.003873338684981205,-0.005330544110108852,-0.006283481836978566,-0.008678296955280631,0.041276111763631496,-0.09123565343173334,-0.08859439929096818,-0.12026723575597414
-5.9521138090748514e-05,-2.5507293542983623e-05,1.37452328791381e-05,8.13079157059723e-05,-0.0030491911745240746,-0.006301140981592736,-0.007381859127260932,-0.009354787588931065,0.12355339032779461,-0.1028837208650435,-0.13108105876550508,-0.015030890974112865
-8.259374362006223e-05,-9.256082533657382e-05,-6.584955331793379e-05,-1.132850998701316e-05,-0.0015653299313386681,-0.007109565377125304,-0.008537098112153444,-0.009172497549666026,0.17321885830928668,-0.05880115824147003,-0.09996673821299745,0.051488898827120544
-9.172511381404056e-05,-0.00016507931505345636,-0.0001554023625300068,-0.00010106055608815874,-0.0002609441074569972,-0.007394132566251203,-0.009373463730261157,-0.008773911670563088,0.08765830646704748,0.0018877204162901506,-0.06730638540854511,0.028228276993466916
-9.42320098140302e-05,-0.0002368645705550205,-0.00024945253123763856,-0.00018792339248542724,-0.0002404350925409327,-0.006962918534061626,-0.009436570011265197,-0.00859865560889061,-0.08355650348383457,0.08435508602162534,0.054685129207737215,0.006822935341028569
-0.00010223341811653018,-0.00030179818340966467,-0.00033928217354781457,-0.0002742594767218042,-0.0013598465679590618,-0.006023804036867206,-0.008529358450770004,-0.008668561238384779,-0.1403257915997912,0.10346781341725864,0.1267571828913015,-0.020804061239862393
-0.00012165780974790652,-0.00035606150641727304,-0.00041717500114553103,-0.0003605791924580501,-0.002525031758316207,-0.004828860564654469,-0.007049207068773289,-0.008595381908864412,-0.09271124647163786,0.1355208810252888,0.16927309350804148,0.0354399271439359
-0.00014815627891665936,-0.00039889855345053964,-0.000479822017648369,-0.0004427185189731993,-0.002774662075434361,-0.003738548841998851,-0.005480196231794307,-0.007832483394165425,0.04278518304800716,0.0825414635058348,0.14452907388775477,0.11713977579586138
-0.00017069255280428432,-0.00043305167177914045,-0.000528163293032902,-0.0005141296400549173,-0.0017325927020906305,-0.00309207482372131,-0.004188058845112287,-0.0064497408221781665,0.1656286916207389,0.04675334014967336,0.11389840344864938,0.15940873860159038
-0.0001795722221934572,-0.0004615833710702333,-0.0005652408224097826,-0.0005686248953229525,-4.334117574394643e-05,-0.0026142650344972594,-0.0032274470302638327,-0.004449310231428879,0.1722216136485979,0.04880861769513678,0.0782239595210415,0.240677379548267
-0.00017290358137407016,-0.00048350946810896454,-0.0005930359307287011,-0.0006011045755051703,0.0013770693396213546,-0.0017709543732489876,-0.0023315746335198797,-0.0020466258050146837,0.1118604894244623,0.11985351455451754,0.10095051982774911,0.2398595057345721
-0.00015740930494360136,-0.0004940824121300248,-0.0006104571942633557,-0.000609132028762119,0.001721785946472406,-0.00034363443096307317,-0.0011526780734110395,0.0004411351536249535,-0.042917168054252,0.16561047390266537,0.13482879219401894,0.2576926859933553
-0.00014433363610208598,-0.0004890954301350451,-0.0006126261051072771,-0.0005950595516019546,0.00089334782183067,0.001341030829959013,0.0007188959046267754,0.0023733602784079084,-0.12277045687409521,0.17132257828175185,0.23948600341354404,0.12875233896323562
-0.00013985707290061825,-0.00046693678039466744,-0.0005920501451286995,-0.0005652949916243048,1.964818462874972e-06,0.0030906991181165267,0.003396296091088731,0.003579551717122052,-0.05550614379946378,0.1786110793497509,0.2959940338788471,0.11248594877959311
-0.00014053226039597888,-0.0004275876954172665,-0.0005447765025224216,-0.0005232069220121523,-0.00013700231753500098,0.004779117877363658,0.006058432430166846,0.0048380622053084575,0.02771271659988859,0.15907267249967533,0.2364332339367759,0.1392161488576879
-0.00013900878736078576,-0.00037286275119191716,-0.0004742579314350935,-0.00046675494281825435,0.0004416969245736251,0.006165870967706214,0.00804528178729878,0.0064523336334711325,0.08802713182183663,0.11827794556883592,0.160936637489611,0.18363813677484703
-0.0001280265560792908,-0.0003069477261669238,-0.00038899975713036937,-0.0003916245837091082,0.0017547493317253693,0.007017134037292458,0.00900635307364605,0.008573738188358096,0.17458334960851218,0.051974668348412745,0.03127761977984306,0.2406427742025456
-0.00010227398489090333,-0.00023503068213645337,-0.0002977897271956874,-0.0002953381243283795,0.003395764905952123,0.0073662747688016325,0.00923565291329034,0.010683553687787648,0.15361976523683862,0.017853477953422126,0.01458234814901499,0.18132032568336492
-6.42269405130624e-05,-0.00015957984556358773,-0.00020532498623060519,-0.00018178844341340243,0.004213643969616063,0.0077238925457714935,0.009257295279726107,0.012026382495207764,0.00995604749594936,0.053670077440550024,-0.010253874861861412,0.08724543580065819
-2.4090380860399037e-05,-8.118351324265519e-05,-0.0001118701885358592,-5.936290125595593e-05,0.003813667960916609,0.007955373918415016,0.009433664259223089,0.012458725936281537,-0.08995124923584019,-0.007373802911845473,0.04552767076125769,-0.000776747585903681
7.80646431606615e-06,-1.8021693283932272e-06,-1.5469460557232614e-05,6.314152147854403e-05,0.0025657010743764274,0.007920894864437375,0.009846481336502228,0.01204215861061846,-0.15964212807219613,0.0004779921163173273,0.037035744694570216,-0.08253671754671182
2.6016588068461375e-05,7.71787069060534e-05,8.365283224055753e-05,0.00017772114663482387,0.0010763236761026174,0.00787528038245195,0.009977977223055804,0.010873766420637511,-0.1382333515825659,-0.009600888513402406,-0.010736567383854922,-0.151141720449478
3.247147425097268e-05,0.00015215691122184014,0.00018178588913183772,0.0002792648036553169,0.0002146535603996441,0.007120360480705399,0.009648634155200233,0.0094349649834611,-0.03410067155802876,-0.14138309183590786,-0.055132046187259476,-0.13661856698580427
3.585600369747734e-05,0.00021626421261093513,0.00027207321812604106,0.0003676223102412476,0.0004622523289012873,0.0057010997971135985,0.008408831643640435,0.008236536333725033,0.0836204252583574,-0.14246904488245232,-0.19282845612470007,-0.10306716296140922
4.523213232065902e-05,0.00026576755213685656,0.0003457407342275072,0.0004455168186392509,0.0014129733957350486,0.0041995681080706886,0.0063246715766528,0.0073423653458756346,0.10652378810839482,-0.15783729292612964,-0.2240035572728269,-0.07576703460847051
6.299374944993862e-05,0.00030072343224735615,0.0003972522032493614,0.0005144249710581908,0.0021393500301208714,0.0027916079140292297,0.00397762222771804,0.006439265137912334,0.038751538768769786,-0.12375474588216212,-0.2454063125141251,-0.1048530069841897
8.457707357596894e-05,0.0003236723316564336,0.0004253006263618605,0.0005705185364359809,0.002177314795085193,0.0017981719677862588,0.0016320623947817707,0.004779447937645701,-0.031158585775905454,-0.07493244336643207,-0.22370565407312876,-0.22711043306913697
0.00010242203165655237,0.00033753369443524487,0.0004334873778983763,0.0006030308479897091,0.0013916768210314925,0.000974100587975996,5.287912521395556e-06,0.0017230143730999365,-0.12596900903483466,-0.08988183259562049,-0.10164924237894629,-0.38417627984001584
0.00010941494002592527,0.0003416808371963947,0.00042925288311581147,0.0006007689365225258,6.9048528430878855e-06,-0.00014467203574603123,-0.0008521868690343638,-0.002175396666536605,-0.15098538460284627,-0.13387269214878494,-0.06984571393220557,-0.3955059280872924
0.00010289985118811566,0.0003330083431893729,0.00041559467426266115,0.0005623747976208216,-0.0013099226204050108,-0.0015898267656583288,-0.0018794549015957,-0.005503431113804221,-0.11238011004677345,-0.15515825383367454,-0.13560789258006167,-0.2701009613662307
8.527163661741787e-05,0.0003092650315562734,0.0003875515988614599,0.0004986707096956397,-0.0022157202937345467,-0.003158835560961569,-0.0037291601786445467,-0.007237386471232165,-0.06877942461913372,-0.15864350522697346,-0.23433316282970762,-0.07669011011935795
6.133661948890379e-05,0.00027017941833205666,0.00033766433859920526,0.00042396384467422853,-0.0025712831319682702,-0.0046582870838817805,-0.006248291873806384,-0.007703986533050071,-0.002333143027610951,-0.14124679935706896,-0.2694931762026598,-0.01662990224422317
3.74706242278828e-05,0.0002162736649475315,0.00026482153137209806,0.0003446439924981701,-0.0022019159202359266,-0.006122863593023251,-0.008320269571615057,-0.008159983902161622,0.0762065853740797,-0.1516685024712252,-0.14490236335907491,-0.07456957157808713
1.948174646221743e-05,0.00014844343482783785,0.00017638672902723433,0.00025771206029038055,-0.0013958596328971483,-0.007443182430915478,-0.009366690897357687,-0.009226402539396283,0.08500467209367596,-0.1123952651072202,-0.06438190178945113,-0.138714155868845
8.047951658977487e-06,6.997215742893022e-05,8.048314828443608e-05,0.00015918095131060422,-0.0008908993277508405,-0.00825107304886605,-0.009814025251201964,-0.010479819256558984,0.0159873889355856,-0.04918285848289394,-0.025084968979404376,-0.11196918756369517
-2.0036379888821585e-06,-1.3145324082648623e-05,-1.8913531597578542e-05,4.864756396034743e-05,-0.0011194186018210885,-0.008372423253449718,-0.01006531072520096,-0.01162685821349237,-0.061691243749635194,0.024912817566160372,-0.02517212582039452,-0.11743860382298205
-1.6850627028463852e-05,-9.345128558600806e-05,-0.00011946418391340845,-7.160408244499903e-05,-0.00184997920609525,-0.0076887690472221696,-0.010044819737965022,-0.012423471067576923,-0.08442087710519713,0.11181802367934934,0.029270323267581944,-0.041883966993928545
-3.863683429621526e-05,-0.000163799449479995,-0.0002176636269368978,-0.00019495083222385818,-0.00250726224745503,-0.006380863731575221,-0.009595068866732845,-0.012245878888194908,-0.04703573116675891,0.14976303945004044,0.06067985097885353,0.07740240287033168
-6.356573122587006e-05,-0.0002215320439194183,-0.0003094709546699874,-0.0003110485291763296,-0.002478517138475931,-0.005165655156309436,-0.008766396679885073,-0.010973660502299379,0.05278475296257873,0.09327867560311653,0.10505458639070087,0.1770412743087742
-8.448401659469425e-05,-0.00027014829594628305,-0.00039011938826984225,-0.00040978179970263187,-0.0017051399352889063,-0.0045575952490635166,-0.0073632900400859005,-0.008772993602961073,0.10189068767482629,0.028333305846067303,0.17556674156913354,0.263092105558887
-9.638397275654452e-05,-0.00031445182126252895,-0.00045472891303155016,-0.00048318798069308527,-0.0006748512970811485,-0.004303109814185662,-0.005558614912255683,-0.0059082425951296055,0.10416703996672527,0.022563781129503635,0.18536828399690997,0.3098580960074065
-9.902056511368147e-05,-0.000354641826078516,-0.0004996888673859469,-0.0005280581696666945,0.00014753282565375784,-0.0037348911490117545,-0.003433375958623666,-0.0030657951995922425,0.06030978458025599,0.09107995190527785,0.23967950672949345,0.2586313831000661
-9.685123485425127e-05,-0.0003842157925353789,-0.0005220690838324451,-0.0005470964132083196,0.0002863332262322838,-0.002179902142360818,-0.0010426673306759768,-0.0007418535087327775,-0.032549704464550785,0.21991784942490944,0.23846221886004437,0.2061569550718269
-9.496756795896718e-05,-0.00039383521226137394,-0.0005209668968786372,-0.0005453910393677293,9.040015282453246e-05,0.0002560181971618075,0.0012631047214375583,0.0010829282768508332,-0.006636910216999484,0.2672662184796157,0.22269219156266262,0.15879940204489523
-9.456250954456435e-05,-0.0003778681042504998,-0.0004980938748827244,-0.0005250977387459795,-9.38846994396475e-06,0.002937403405013022,0.003311499677744995,0.002975731847499132,-0.01332081433669996,0.26901082309062724,0.1869867996988247,0.21976131208476457
-9.347493839046374e-05,-0.00033657443915193397,-0.0004561449467842328,-0.00048326456460145284,0.00022690270076408529,0.005321329614700141,0.005078285941953336,0.0053909029814062015,0.060579048478309964,0.20777441884679665,0.1663704531428435,0.26327291469664926
-8.691438297968372e-05,-0.0002757588303120593,-0.0003961487314778056,-0.00041560558653771487,0.0010852083813919192,0.006841792153274791,0.006920957119332103,0.008140892631341393,0.1110820876472568,0.09631808886813326,0.20216378233291,0.2867250152903891
-6.973394515681218e-05,-0.0002045359776614752,-0.00031714942625763517,-0.00032142954064376275,0.0023508791831823887,0.007402778376842032,0.008878903924701986,0.010694316547449033,0.14205207271083709,0.01587915584531502,0.18942557874106625,0.22395976793113892
-3.942592324581815e-05,-0.00012976292505148732,-0.00021949563410260915,-0.00020435883702580834,0.0037107251990164177,0.0075518321451555435,0.010651854506303219,0.012719824176141852,0.12991713045596875,0.013931597817387342,0.16516453757918048,0.18114175780742503
1.3524115914748312e-06,-5.318105153372707e-05,-0.00010711855545167367,-7.102941807020546e-05,0.00444494176844218,0.007764542558396507,0.011823561223883882,0.013946059614978721,0.016926183429183617,0.02861048483080547,0.06917680593695208,0.06410532995994878
4.314706344697655e-05,2.6430719697676942e-05,1.1702714157806908e-05,6.909069154803668e-05,0.003913988602658163,0.008157811687884296,0.011940692698012232,0.014077962308669709,-0.12311681658598683,0.05004334106675207,-0.04575051111128181,-0.0377247912217511
7.515163837831608e-05,0.00011202391212453245,0.00012749546869673622,0.0002059099023871144,0.0024869263836097425,0.008960826797486806,0.011217858209773628,0.013285879859145837,-0.16229562722369728,0.11055968085374984,-0.09881638653643898,-0.12069169868302332
9.363321670978535e-05,0.00020439027736176744,0.0002350293369657615,0.00033001600563039424,0.0012093892826841104,0.009512446249960192,0.010288915444031425,0.01153534078951013,-0.09321179296142912,-0.00023579035907256296,-0.08697216661200147,-0.22941611524411787
0.00010483402431103956,0.00029586536588249414,0.00033298384297228303,0.00043330074749102726,0.0010307722375667316,0.008782571454185149,0.009301985757272884,0.009121607582616471,0.05748838393795336,-0.145739168795936,-0.11041377073970693,-0.25333052613461415
0.00011965809172958665,0.00037338390788830894,0.00041879635447538105,0.0005118866090753501,0.0019340412461426875,0.006721136946977811,0.007860516543346718,0.006595564734248091,0.12316541777723783,-0.2665477326455316,-0.17788007204552614,-0.25187804353906174
0.00014394505415127597,0.0004273844159712493,0.0004867802683621414,0.0005673789963616608,0.0029233512381951756,0.004078964669610262,0.005736266234005352,0.004502912723014056,0.07469658063325985,-0.26188672282797826,-0.2469699898227472,-0.1666523587077453
0.00017382264463546357,0.000455804606382946,0.0005300816505347731,0.0006041884588407394,0.0030521668586423445,0.0016050734127290769,0.002924010200520997,0.0028589797728016493,-0.048933456543826026,-0.23289152854825884,-0.3154812168741238,-0.16213423133473603
0.00019799895092121618,0.00046123183676425954,0.0005428727806752375,0.0006230840880203125,0.0017830943985081783,-0.0005196273364663686,-0.0003657841724281309,0.0009201460631129777,-0.20488103548300723,-0.19204862129083028,-0.3424776577157017,-0.22563251060299827
0.00020320753283442462,0.00044743990418594134,0.000525450786203125,0.0006199151984311735,-0.0007413780158664906,-0.002238759179197272,-0.0031186147219943706,-0.0015539239809407804,-0.30001344739192654,-0.15177774725535037,-0.20808845219754624,-0.26918149820775333
0.0001830180948768866,0.0004186566140976975,0.00048681857514997433,0.0005896671476005619,-0.0032965095756411116,-0.0035178988384514972,-0.004607827488635755,-0.0044956861851815424,-0.21101286456299767,-0.1040501845954947,-0.08975410113073068,-0.31917094264039897
0.00014441394603352254,0.0003775843417150934,0.00043629612416176667,0.0005290537795434522,-0.0044243201930317015,-0.004696555638069327,-0.005496662709005779,-0.007626987426240395,-0.014549258915120322,-0.13168117532807128,-0.088012942943274,-0.30708930557137154
0.00010423398037074901,0.0003234264858851168,0.0003759272382221745,0.00043997073385386936,-0.0036116729395230056,-0.006135015527925992,-0.00657711447891266,-0.010189621711676167,0.1770787096168595,-0.15601080264326167,-0.1280774110381021,-0.20543755151578286
7.761815773981317e-05,0.0002567255905435157,0.0003010477532550007,0.0003316298837702215,-0.0017114915866641616,-0.0072051635403942264,-0.008398782514522092,-0.011478548305053403,0.2029575609549093,-0.05801879985038533,-0.23625619608378423,-0.052347767159664216
6.849840594924348e-05,0.0001823488958851003,0.00020527509490327097,0.00021502001065560458,-0.0001124587714497762,-0.007670175391288852,-0.01075574915582386,-0.011843426317869983,0.11684900208796778,-0.03498357032853977,-0.23513713217656929,-0.02062783540365193
7.006472250174005e-05,0.00010507958864442556,8.93737560732757e-05,9.511328401846654e-05,0.0004257220819490899,-0.007783686056846095,-0.012424518610175194,-0.012137919009557624,-0.009212831408194566,0.012281437217091018,-0.09861675869369779,-0.03827070293387652
7.02139780231279e-05,2.7368217273103036e-05,-3.546383745497128e-05,-2.8457422748358806e-05,-0.00039587097767152,-0.007758588217418412,-0.012543000095474204,-0.01257622234380744,-0.1551057805159274,-0.007261869331554316,0.07492046163389599,-0.0493899639160868
5.6393100603956223e-05,-4.982137615976293e-05,-0.00015341208973281126,-0.00015559975318866747,-0.0023683045061628147,-0.007679330469154782,-0.011046650360093793,-0.012852243744254291,-0.23938092518233153,0.023113418984280376,0.22434948544218625,-0.005814316173283374
2.2911680252730665e-05,-0.0001247531683522245,-0.0002520668178498534,-0.0002797069088202415,-0.004327979564082297,-0.007307027969337536,-0.008684295263314636,-0.011969187382060518,-0.152554086401565,0.05134708097916868,0.24812153391364544,0.1824255886120379
-2.279547671119757e-05,-0.00019517664082266658,-0.0003269646153179581,-0.0003866814019332802,-0.004813451828703351,-0.006777666524750878,-0.006295264230306309,-0.009425711240547224,0.055459633477354414,0.0545252079381629,0.22968467268801984,0.326269639690621
-6.432249684028862e-05,-0.0002581093455775527,-0.0003817033246773364,-0.00046301634025567754,-0.0034919521971148596,-0.005808874426226347,-0.004652477641569349,-0.005841276423932241,0.20884029284034375,0.13923321176674336,0.0988726450593721,0.3906173236323756
-8.741405716689818e-05,-0.0003084614491072724,-0.0004229913787850008,-0.0005019920630309531,-0.0011263598682070518,-0.004261546279717596,-0.0036051331799635353,-0.001953868131122872,0.2642781729412178,0.17023241753500679,0.11059624726179063,0.3868643349294982
-8.699327703410158e-05,-0.00034120714322797955,-0.00045200722949214256,-0.0005049769572588856,0.001210515894766373,-0.0022875925444238296,-0.002198036961464812,0.0013568892855363693,0.20309697965346712,0.2245583295237465,0.17082299643795407,0.2752871484023501
-6.872182354019374e-05,-0.0003507309198138588,-0.0004631264067600223,-0.0004820374758974344,0.002443774804015193,0.00038283722724797783,-2.5798492111140953e-05,0.0032310069867538746,0.04355480219629693,0.30952762481061497,0.2636246974327801,0.09953639184115098
-4.549238447282729e-05,-0.00033254398947430027,-0.0004496648820553273,-0.0004457648181578556,0.002202113009458098,0.003254548840663731,0.00271810343305015,0.004023524561161884,-0.091887161107716,0.2648146978725356,0.285155687599478,0.058967123040450875
-2.7973000627140183e-05,-0.00028857320542293087,-0.00040862986128256164,-0.0004041585450027476,0.0013017637596793232,0.00553960796961015,0.00548890072150298,0.004297730069859723,-0.08818268884803893,0.1921971279167483,0.26900377009108795,-0.004126021300883076
-1.7208650133191343e-05,-0.00022547168728637046,-0.00034199657379505065,-0.00035922737369472734,0.0008511063391104447,0.0070806956577019325,0.007837756775999216,0.004688504191744326,-0.001948795265736769,0.11602040970160815,0.20076744080815917,0.08228084567780364
-7.155533552906096e-06,-0.0001529712214272277,-0.0002570917721241892,-0.0003048861841735784,0.0011595169769466048,0.007419397514126623,0.00914320355817307,0.006179733712485463,0.06363092283296878,-0.04828003841667011,0.060321915626611544,0.21596505847042385
8.090208443121303e-06,-8.274169706969596e-05,-0.0001659367364273457,-0.00023030021401965745,0.001889631422258875,0.006626507357379723,0.009087803581195637,0.008737460318298725,0.08239196622948525,-0.11029799293270975,-0.07140191102209809,0.29558026269222853
2.9875361627394277e-05,-2.252981247088423e-05,-7.994008825070008e-05,-0.00013128763197619922,0.0024673992145957196,0.005415869562382625,0.008111526054133485,0.011065056090392923,0.033161592237883675,-0.13182956606670987,-0.12385359439033244,0.16993889172661097
5.423643698043714e-05,2.536949043547629e-05,-4.026155634152582e-06,-1.5696704079070088e-05,0.002404815856012853,0.004163991018889479,0.007071260469176013,0.012053129489032904,-0.04567826395445701,-0.11854614263191926,-0.08419952260116187,0.027675788001385315
7.455725101537634e-05,6.198231361684276e-05,6.407264655742329e-05,0.00010081522276516924,0.0016593469509749875,0.0031585736173838155,0.0065484999691391614,0.011249255879814965,-0.10341551705311608,-0.0825373376692135,-0.020352577406208494,-0.18845050984497286
8.578422535797381e-05,9.094034719037143e-05,0.0001286600001742147,0.00020101638625055662,0.0005860479175445056,0.00263303309732192,0.006368970754219124,0.008790976817262508,-0.11124428963298028,-0.022570766343165627,-0.01555326557779907,-0.30320530266551865
8.712731201983549e-05,0.00011726750229450802,0.00018838921012785477,0.0002740101425966286,-0.00031743058517217,0.0026323979235053966,0.005576871236508892,0.005807774451951891,-0.06945141091035484,0.02244373157986096,-0.1428666379642473,-0.2934351703966049
8.237283378630335e-05,0.0001443057403383201,0.00023577305029633195,0.0003195600895793534,-0.0006334650615342573,0.002775249685257018,0.0038998967971865433,0.003302214944593071,0.006244515637937376,0.006126620770463276,-0.19252824990022238,-0.2076767310751591
7.804647450473562e-05,0.00017112010985053703,0.0002649599977579195,0.0003419830394708285,-0.00023180679477928783,0.002587624217186371,0.0019374926951309704,0.001182375033701943,0.07408713771305653,-0.043651714384592644,-0.19995257051089216,-0.2162912511030664
8.034912550850206e-05,0.00019266925383720562,0.00027489359921183923,0.000344442725840494,0.0006923369955325739,0.0017222045801473457,4.92275956529716e-05,-0.0006904377597688346,0.11074162034931581,-0.12943221302321245,-0.17770044938470758,-0.1582713075910891
9.064387754295773e-05,0.00020086949581517606,0.00026743002199898595,0.00033007141114274076,0.0013666134113585605,-8.215618455325777e-05,-0.0015419430382236285,-0.0021838251797818187,0.02411366281588148,-0.23143993991690825,-0.14053367739061245,-0.1404061764115077
0.00010233182524241663,0.0001888677299574472,0.00024641518852297766,0.0003012052500541006,0.0009709761285332209,-0.0023181969869925144,-0.002661023656978029,-0.0035894070379462115,-0.1032411193809494,-0.21576822057094303,-0.08328244636026766,-0.1407101952213709
0.00010478769084267725,0.00015675997786047965,0.0002150897678292853,0.00025939178460867283,-0.0004798030084810969,-0.004103353432400994,-0.003604060481760443,-0.0047732860511393435,-0.18691470802191415,-0.141263068510753,-0.10532491859621512,-0.0960656074172555
9.06971968308861e-05,0.00011148959313170723,0.00017267536564988047,0.0002052178111074422,-0.0023382957938771322,-0.00495072351335349,-0.0048788199541205226,-0.006061508649106783,-0.18478384905729292,-0.02821094767974608,-0.14962697587580082,-0.1615789121762325
6.096926802459441e-05,6.0460939401593854e-05,0.00011645939772492406,0.00013844502766868362,-0.003607289967381206,-0.005255007232669187,-0.00636437363087076,-0.007293048038644931,-0.06901498564352185,-0.03264579618339325,-0.1474837594742467,-0.08472896573139704
2.4376504044033073e-05,5.107126865071847e-06,4.648514461397003e-05,6.341281000217096e-05,-0.003711262828731062,-0.005815755274635215,-0.007630476991320047,-0.007713395494657599,0.04822041337355068,-0.0795038122098124,-0.10573691261561063,0.0006594745288633352
-8.185459366959446e-06,-5.771987991571089e-05,-3.282522840553738e-05,-1.199973467670259e-05,-0.002801129853467442,-0.006749646081521333,-0.008231597612581435,-0.007369113441117112,0.13380618167917332,-0.10727434916741108,-0.014487211636667052,0.06819693617923422
-3.0094270841796826e-05,-0.0001293153750350664,-0.00011372052122239677,-8.161171880554062e-05,-0.0015806324415000336,-0.007569452942349764,-0.007947460950790445,-0.006553283384650492,0.11029330071430835,-0.056687022998275216,0.07131454399486509,0.09496907511408975
-4.1391410220108815e-05,-0.00020432649045579594,-0.0001889766051059548,-0.0001448147101919134,-0.0006787954341623641,-0.007432770141796146,-0.007103755825921162,-0.006087314892624062,0.07007410075322554,0.08402358310899882,0.09742648097899148,-0.0017753767088038441
-4.710010022187879e-05,-0.0002700407675173549,-0.00025409689942249816,-0.00020739709709183797,-0.0004629425661916309,-0.005710085270515644,-0.00592030303738751,-0.006429162487360853,-0.0269035271590789,0.2605133911471016,0.13926407672773894,-0.06659414223855425
-5.313077629385392e-05,-0.0003135637214872432,-0.00030615864286895816,-0.00027359342656127576,-0.0007431926482033954,-0.0029945055234620213,-0.004492045651904489,-0.006810103406526706,-0.02914648924327401,0.2826025582636229,0.14638740036886516,-0.009594041594616354
-6.200159904393919e-05,-0.00033102093578532023,-0.0003440242644385175,-0.0003400390081983172,-0.001030971901813658,-0.0004969373361533845,-0.0030810786620073752,-0.006479012920881577,-0.028409361478778483,0.21691107919810448,0.1358059976105575,0.07581213872364218
-7.184331391914874e-05,-0.00032760452354906223,-0.00036852276380733886,-0.00039767285593378626,-0.0009373710732282531,0.001180219783404984,-0.0018186212117569003,-0.005047756626212239,0.047129527195859444,0.1185203447135692,0.11668549243953746,0.21043912021022554
-7.703545587828153e-05,-0.0003126339769505531,-0.0003805187355550728,-0.0004353612788059961,-0.00010105731859830496,0.0018138895362968424,-0.0005805731377898848,-0.0024899279482297255,0.12013322373013019,0.008213605864802465,0.13092412235386564,0.3011266153862771
-7.168251320847695e-05,-0.0002957417553318497,-0.00037915855608928594,-0.0004428738001806268,0.0011716458525592225,0.001564554787443834,0.0008526090309472548,0.0009874236733035768,0.13440741050137528,-0.05808055563540415,0.15571231139356229,0.39434370892038334
-5.4956298262406235e-05,-0.00028309842319046137,-0.0003620390970344092,-0.0004140494974061308,0.00217359713665492,0.0009641116408338355,0.002571282780028095,0.004777436881595625,0.06598284631776419,-0.062008073686595555,0.18802243842260574,0.36365893273802624
-3.3276938162206075e-05,-0.00027293734694215876,-0.0003271902330889288,-0.0003496080242846473,0.002162274883385112,0.001068103608826686,0.004398490009067985,0.008110857742701075,-0.06824729697172571,0.08280646728516566,0.17741900738537225,0.30302523948306365
-1.7320242413590114e-05,-0.0002555465654047997,-0.0002744649994579707,-0.0002566225271678298,0.0010290642663380802,0.002410052698645129,0.006146556717123636,0.010486241680662426,-0.15839482643768066,0.18558335067852288,0.17219433422575797,0.17205154810920648
-1.3857966678777666e-05,-0.0002206266188381861,-0.0002052900638717425,-0.00014736148890697975,-0.00033660911937559066,0.004573936614677589,0.0076884304001219985,0.011365965971507587,-0.11473985070505349,0.24719343252796916,0.13618040237391454,0.003893310059825683
-1.9120053390740295e-05,-0.00016364915136034795,-0.00012140993580722125,-3.741027821850201e-05,-0.0007158082230169351,0.006821556880890039,0.009087595212782252,0.010624276166187961,0.0389000299767846,0.20233062071452085,0.14365256015813627,-0.15223127112375073
-2.0778922740999498e-05,-8.828077617378699e-05,-2.5312354569340706e-05,6.056149796648666e-05,0.00038403435296509433,0.008252118156422152,0.010131921034793857,0.008970079070809777,0.18106848521962127,0.08378163439190195,0.06521260424418468,-0.17860814795188623
-6.260088897624313e-06,-4.138972211266425e-06,7.719066874678258e-05,0.00014418553152601964,0.002519732415709943,0.00857624263608196,0.010368683628430799,0.007754727641096818,0.24607112732934844,-0.01895673845994067,-0.017860085516796464,-0.06446213799070549
2.9840153850805636e-05,7.884887171372336e-05,0.00017637806437900528,0.0002221665210792914,0.004700316133976048,0.008021326148915998,0.00946879549801374,0.007841470269557537,0.1900456163238725,-0.09202655897325168,-0.16211754056661537,0.08181066368284923
8.05123651564061e-05,0.00015376332185829784,0.00026103931496750175,0.00030483671607927764,0.0054341261271440445,0.006961563879998899,0.007463454619685554,0.008692568730439708,-0.043283617690273224,-0.11992589481016819,-0.23895063509902176,0.08840902849358506
0.00012720201624637258,0.00021610216052267515,0.00032637404183304965,0.0003937745778846216,0.0039038040908492533,0.005506203852876562,0.0056034907534240255,0.009095003630629088,-0.262780789568685,-0.17114611061429913,-0.13304213815328408,-0.007922048455709263
0.00015155444465055133,0.0002626313272161102,0.0003774753764474571,0.000481282832195606,0.0009666815899864968,0.0037996294858104497,0.00461677616945746,0.008406647231567794,-0.3246437106038663,-0.1701687627989234,-0.06430077864002909,-0.12974923135654953
0.00014695365415642717,0.00029062072629111173,0.00042152792065613823,0.0005561922038850943,-0.0018868396888113283,0.0017982503291898554,0.0041937326722787695,0.006575227106329862,-0.24606054515569864,-0.2301070685251954,-0.020307920795708923,-0.23653479369103697
0.00012009772357322788,0.0002988343155978191,0.00046092779284857203,0.0006094186584113883,-0.0034843464278285323,-0.00015553246784838493,0.003686241766207992,0.004070063798928929,-0.07344080264774211,-0.16064949088245267,-0.08119026041844662,-0.2644978677891496
8.630745496440511e-05,0.0002912525854613656,0.0004910686990385731,0.0006380281350266964,-0.0032737072939360203,-0.0013608135594423074,0.002341939471792225,0.001651831524132705,0.11556862942624446,-0.08040672743633182,-0.18767019846470673,-0.21914858717009517
6.228608582522616e-05,0.00027583305274802417,0.000501171777304155,0.0006438016403485932,-0.0015305665338997694,-0.0017230929832259831,-0.00032132381867585246,-0.0004971304597533488,0.2330595225810057,0.00795084267959667,-0.3449824596289088,-0.2106438096071156
5.9535992605451025e-05,0.00025850122565465876,0.00048100963633642123,0.0006275089993584539,0.000980547889944741,-0.0017432724354470989,-0.0037111043748708963,-0.002761397738274517,0.2691633621878964,-0.011986733123819815,-0.3329736516101,-0.24220964609711804
7.76474262845139e-05,0.00023881793747006197,0.00043111797628774543,0.0005857880702752235,0.0026417388458678335,-0.0021933852014722585,-0.0062672276348642655,-0.005582788078371554,0.06307482899672212,-0.07803582008121213,-0.17825100038857383,-0.32206842192228924
0.00010143941098369498,0.00021223735851479415,0.0003625086534078198,0.000513936970832065,0.002116658093968383,-0.0031227305895813054,-0.007454636941120858,-0.008787431810260149,-0.16809097937661222,-0.10783325754059725,-0.059230860862744705,-0.31886032445542967
0.00011058448867292542,0.00017538709271581963,0.000287235162510509,0.0004129505212781935,-0.00028764255612229563,-0.004247322570213598,-0.007600061238341302,-0.011409858100514156,-0.3127691506415235,-0.11708513858586123,0.03014600141865581,-0.20562493359537182
9.273818515293708e-05,0.00012646188540678085,0.0002111966094473108,0.0002921186438241131,-0.0032816181478753717,-0.005537718891594159,-0.007607649374298342,-0.012756517390301918,-0.28602596770909167,-0.14099412569025105,-0.03166362861006372,-0.0637069243621805
4.957049114662331e-05,6.361193297316877e-05,0.00013171269677148302,0.00016655596620815033,-0.005351920653387384,-0.007032271595128257,-0.008289133160867213,-0.012356018132890638,-0.12803453339331067,-0.1579164150165685,-0.10463312870371039,0.14380677584443646
-4.34339523606623e-06,-1.4169955644172802e-05,4.3257704933073824e-05,5.35839225010622e-05,-0.005430856623150522,-0.008524106128340057,-0.009401865206814627,-0.010238390608526987,0.11224733944068294,-0.14045049162579148,-0.11791328048577226,0.27971872902829353
-4.95933143574404e-05,-0.00010443241486090236,-5.3795848215648675e-05,-3.6722287782107964e-05,-0.0036191272011243127,-0.009528385715005855,-0.010008845422929872,-0.007822851448107043,0.2500985449645589,-0.060405425707367955,-0.0034827627372767123,0.20338910305569524
-7.436946279370613e-05,-0.00019954091472941193,-0.00015141802086363214,-0.00010563091049067082,-0.0013361024861288334,-0.009493314258696059,-0.00951558910666682,-0.005958873093605527,0.2065063980345369,0.06741971696932725,0.10213402598988691,0.16940656784460806
-8.150148885919084e-05,-0.00028752917045930175,-0.00023885763375681431,-0.00016044506037330336,-9.030272696811006e-05,-0.008104336887281906,-0.007972333471969614,-0.005003956882920982,0.04265355379760777,0.21037575731350333,0.2065171009495545,0.021576674292300813
-8.287254504756261e-05,-0.0003543074676298769,-0.00030634831938799887,-0.00021072529257976208,-0.00018390851070624388,-0.005251322546833119,-0.005525803654267296,-0.005052089558370761,-0.06137471054523453,0.36022711077625413,0.28278886259090924,-0.031203209382256625
-8.823162891071409e-05,-0.0003877937999632069,-0.0003470685465680669,-0.000261112469184071,-0.0008879082619240516,-0.0014459439198328834,-0.0026182417817463143,-0.005025345762491026,-0.07942523969832702,0.40084861462379295,0.2987235119132871,0.03655196855820375
-9.932116651069482e-05,-0.0003839587170845106,-0.0003590593670954316,-0.0003054040522088686,-0.001329999258072094,0.002212960495572144,0.00022007767627338142,-0.003832970842468486,-0.008992959531281458,0.33093226845721246,0.26894037969065204,0.2019230154463042
-0.00010985881625489532,-0.0003491560520132219,-0.000344569706109176,-0.00033063475582419127,-0.0007775306907680054,0.004747572518685593,0.0026778545209777387,-0.0012131698805960519,0.11948667299209917,0.17599013616547732,0.22261498925021944,0.32203717692818257
-0.00010954947517349711,-0.0002964164893971849,-0.0003072428264938386,-0.00032303258888483576,0.0008393989070476466,0.005800340004521803,0.004787521402089741,0.002733603268467154,0.20389924657103123,0.034563361001764714,0.19931838697218102,0.4673174528844587
-9.088424595438832e-05,-0.00023899180270807403,-0.0002495239349220597,-0.0002721049217884228,0.002893646936774112,0.005684597333300373,0.006756256912266032,0.007451930150815442,0.2069503593742619,-0.057711895246050804,0.19442871506307707,0.47634792358519873
-5.442403031488545e-05,-0.00018318930891826206,-0.00017240012292098496,-0.0001752711153025319,0.0043983961911264625,0.005475901424662021,0.00866850548794892,0.011914831146362733,0.09399949149620809,0.015972713518380366,0.1880210000735007,0.4162322755242597
-1.0205868752630806e-05,-0.00012406694358792927,-7.67067933469147e-05,-4.071320914997567e-05,0.004445236121324465,0.006348571641404538,0.010470160426865131,0.014996750084148514,-0.08463150545660755,0.15856132983012305,0.17230998770974143,0.2001515120328966
2.68115262906313e-05,-5.078106469652078e-05,3.6540774294858555e-05,0.00011509511728923462,0.0029582428873279557,0.008308604136877161,0.01217935310148952,0.016164915203693543,-0.2127671413426944,0.23344516926440162,0.16952854721513638,0.03348151187610904
4.711471496228362e-05,4.379077256229368e-05,0.00016533743598608945,0.00027485460567779106,0.0011023948470025083,0.010605763314885731,0.013579979236756658,0.015786982474017743,-0.15840246672239508,0.22598666633731235,0.11059667983829119,-0.10906805781126871
5.4829826013295835e-05,0.0001579852635709512,0.0003047081367828272,0.00042698264684789037,0.0004406273631999344,0.012233134886845777,0.014294160922590891,0.014638625760002117,0.026048969961880303,0.09948764805469679,0.032239657328555216,-0.12060328499185646
6.479250776672875e-05,0.0002806804067498436,0.0004459841334562628,0.0005672284703052004,0.0015519089874866496,0.012305893748932702,0.013961038412096234,0.013410538931459891,0.19620735489546273,-0.08493587563731164,-0.09886415942748655,-0.1250140807165886
9.054346314451737e-05,0.00039583750148489946,0.0005788022544533454,0.0006951873429163287,0.0035982820880710734,0.010725525198078473,0.012602585787320288,0.012181235590765763,0.21306726522142203,-0.23113783453353431,-0.17282636552770253,-0.12084658742223697
0.0001355443269488364,0.0004915197502335306,0.0006937577783990336,0.0008120463211757018,0.00540189067279273,0.008410924551647757,0.010388519001817347,0.01119056006110886,0.14765445172290928,-0.2317822947526088,-0.2699869915728858,-0.07728851850914376
0.00019110574416195285,0.000566504396715931,0.0007836222444218937,0.0009164623955161492,0.005710392769830563,0.006586004744832309,0.007584374202754674,0.009692654806980618,-0.08595403231534274,-0.13320166661048083,-0.29084196823964886,-0.2222925323165047
0.0002387025958257128,0.0006261408574109705,0.0008466446091724643,0.000999683649160641,0.0038089775629214268,0.005341287394175608,0.0050200987473594475,0.0069515959219177345,-0.2943290090664845,-0.11574180352085939,-0.2220131228393964,-0.32591924469607203
0.00026096540452318393,0.0006712353038489412,0.0008867510190893733,0.0010503149072499537,0.0006435841765727989,0.003677601893418524,0.0030011832360223416,0.0031746556959448054,-0.33874966820324104,-0.2169952966305574,-0.1817699794280248,-0.42946880049851377
0.0002525763016039239,0.0006955047936419554,0.000906627412835651,0.0010606435493736737,-0.0023214047604248004,0.0011762960651843252,0.0009740955132332006,-0.0011089272712007919,-0.25424811919627877,-0.28326586901628237,-0.22364756512980338,-0.42724779293060566
0.000221512335629796,0.0006918820811402288,0.0009028873580408542,0.0010302334400690732,-0.0038913884344007853,-0.0019008385655296593,-0.0017221064721925513,-0.004973094589719319,-0.0597486155989182,-0.33216105712651456,-0.315592831955347,-0.3455856707730999
0.00018386270727345733,0.0006558972455116712,0.0008674230540300499,0.0009668017096730181,-0.0036385372368669486,-0.005296128560181848,-0.005370754329968307,-0.007713251489491685,0.11031885510568551,-0.34689694180392305,-0.4141367395998042,-0.20244570918137328
0.00015365797366197014,0.0005870764115112465,0.0007916004153553158,0.0008797820539526144,-0.0024024094854304887,-0.008468038239903102,-0.009793773404978513,-0.009690679654589073,0.13690669518160647,-0.2874849941403278,-0.47046707540223703,-0.1930399238381043
0.00013566048302671618,0.000490001649952093,0.0006733737740475781,0.0007731810990082866,-0.0011970886416203016,-0.010946914071927591,-0.013851554856569036,-0.01162951133427649,0.10415747358043093,-0.20829017226457014,-0.3410892149158676,-0.19472641209937935
0.00012514499368142932,0.0003719449064930244,0.0005232988955410068,0.0006439139782582755,-0.0009060092274370724,-0.012664434619886132,-0.016163420844745233,-0.014223912815725727,-0.045941590743785066,-0.13521393732713827,-0.12128398271937163,-0.32415388419046776
0.00010988815499431815,0.00024285968683123734,0.0003596107149014887,0.00048587770259182273,-0.002145358509985161,-0.013152609312471277,-0.016574215283158375,-0.01738334231756482,-0.20192826576583262,0.03757899881010951,0.03912509503674316,-0.30773201617735124
7.784986464933034e-05,0.00011572714626357577,0.000197844468488469,0.00029912169412772894,-0.004262299559012401,-0.012273898801061035,-0.015779033999445566,-0.01996785937525394,-0.2214599440396154,0.13816310347193872,0.11991116170581867,-0.20917139536047225
2.7124716985685476e-05,-5.3710411811341286e-08,4.494503646296218e-05,9.44157279769787e-05,-0.0058827299737165715,-0.010882272534016385,-0.014800852405655793,-0.02097333385489611,-0.10262613890121869,0.14016214993699128,0.07572515705213595,0.008076499432038253
-3.155753150301819e-05,-0.00010397670577508355,-9.938751579662713e-05,-0.00011006194963707726,-0.005853719724024162,-0.009902326538638054,-0.014065658046262067,-0.019922201667915085,0.10842818883970057,0.05582704913867487,0.07131371482660948,0.2021499379641668
-8.144892723339583e-05,-0.00020170008125736805,-0.00023652041922716762,-0.00029448398412286247,-0.004124559422051366,-0.009642348557818845,-0.013360922639846035,-0.01696220522924196,0.2374038715548587,-0.003831452974833227,0.06963336645659707,0.38984934977045815
-0.00011108258314930709,-0.0002978028878808032,-0.00036544104493872243,-0.0004423356733825401,-0.0018021717611308862,-0.009578212766868181,-0.012423202502464929,-0.01260813262269356,0.22707366062923723,0.01665861116496592,0.11791066101962416,0.4809651715392219
-0.00012163790070654091,-0.00039089673098619357,-0.0004818579589315068,-0.0005458378037842875,-0.00030889175031587925,-0.0090405558542099,-0.01086018029609195,-0.00809229345765592,0.07158234153376414,0.09087277136669047,0.1946937802549717,0.42220266146830576
-0.00012454216080306322,-0.00047292270945635854,-0.0005764983054864499,-0.000608883968907278,-0.00027196026898858213,-0.007364639839823095,-0.00806788901489666,-0.004516939566942192,-0.06419604526830472,0.24431043151067044,0.3637644759840862,0.2928681166744399
-0.00013228605509398652,-0.0005308719385140595,-0.000637007967000474,-0.000642674100691684,-0.0012768185891960768,-0.0042252059717170914,-0.004034043287908171,-0.0022410867899390068,-0.1367756187731942,0.38357634211053016,0.4430046694136118,0.1623024387261972
-0.00015047173083221777,-0.0005529782294280038,-0.0006560329123690442,-0.0006581373015515654,-0.0023603165584501744,-0.0001960522110717759,0.00022905421419413402,-0.0008515533820372765,-0.0799239750776253,0.4222544100185329,0.4096148310068491,0.11560424285414883
-0.00017291466355790635,-0.0005363920278256268,-0.0006360703609973406,-0.0006591943710010225,-0.002128269986687542,0.0035132925315471777,0.0037634560601465875,0.0006401394921458584,0.1263332894301518,0.3196145385052578,0.2972655381836416,0.18273433198247813
-0.00018396327886548527,-0.0004891650555983127,-0.0005877144167927516,-0.0006406308684508725,-8.145307482824125e-05,0.005932101913915643,0.005907732780771215,0.0030725610178841452,0.28303009294170833,0.16414733796843528,0.13158980594128383,0.30374997316517927
-0.00017064784680529817,-0.0004241047268126698,-0.0005230673982369487,-0.0005948715175477205,0.002744539486865661,0.007079963843212937,0.00702167093038936,0.006079309162746267,0.28216841939707205,0.06542504789102344,0.09119782398234527,0.297599655807245
-0.00013165345801310243,-0.00035124733423133527,-0.00044879412714725374,-0.000519283732432105,0.005054338271573488,0.007491514673053971,0.007832983287549639,0.00903824786037682,0.1797913375444934,0.016885118077183403,0.07106464744971047,0.2941880837188656
-7.808316070718486e-05,-0.0002762026013995716,-0.00036698250362417396,-0.000417840523929188,0.005659721189610027,0.00751743189329876,0.00852934141706632,0.011250393840206584,-0.058714753937185615,-0.01170167402822564,0.06820697845362572,0.14824111224708736
-2.890791448966602e-05,-0.0002016473128219502,-0.0002783497940101905,-0.00030195991360006715,0.004175328053893741,0.00739362582222552,0.009197200505730373,0.011925728225617584,-0.23816387320607146,-0.013059540186422414,0.06536483927918496,-0.013174235164887471
1.42204171450254e-07,-0.00012878507804182728,-0.00018282027846272062,-0.00018532227696599915,0.001634695678329514,0.007178821133799065,0.009908702603763603,0.011401799101196016,-0.2699626019067739,-0.029901397498868665,0.076935580327461,-0.09161158971942596
4.837005203912604e-06,-5.840430720802725e-05,-8.247696301234137e-05,-7.679614109087077e-05,-0.0006957354718370437,0.0068973330329609416,0.010159960486312245,0.010303428073829661,-0.1961236281265376,-0.026396222668755964,-0.026684003817732782,-0.1280626157538448
-5.582162413828194e-06,8.191429479242145e-06,1.4379694714966903e-05,1.9947374977261614e-05,-0.0013880980517111158,0.006421814304492937,0.009211371059149409,0.009045275139796818,0.057651112151723194,-0.06870752302484506,-0.1630338816148344,-0.12356797105272388
-1.2159587188087216e-05,6.636313748820439e-05,9.563494192255329e-05,0.00010355676850328227,7.261309685931139e-05,0.005212527297299512,0.007039678382367869,0.007676603565407317,0.23449111756236224,-0.17314987841383989,-0.27130465374147367,-0.15016634382517646
5.953525193094098e-07,0.00010942435297147589,0.00015178426297844514,0.00017117126557587134,0.002478374844620014,0.003399715799354788,0.004190185828810502,0.005846295849110498,0.24666123198977824,-0.18941242117510493,-0.2985938569699997,-0.21589519943418745
3.3052752116397884e-05,0.0001345866477345043,0.00018074263302653227,0.00021642071761422568,0.004013105074797681,0.0016327431532508919,0.0016014881808069244,0.0032035945585603695,0.06028481404575531,-0.16398210804567426,-0.21914567263071577,-0.31264505867583814
7.108346043681878e-05,0.00014497089341401515,0.0001873022860023478,0.00023165682391089394,0.0035930365892864976,0.00044410598265128064,-0.00028955758564381683,-0.0001563732992267185,-0.14429851114799203,-0.073745326074248,-0.1590634806594325,-0.35934851288157943
9.538762268180437e-05,0.0001454570678096496,0.0001764863335379214,0.00021301267130681187,0.0012677958597106195,-0.00034687110352439187,-0.0018736329072414643,-0.003572457221589696,-0.3207496347671836,-0.0844500911608865,-0.157751583660097,-0.32386827159101605
9.266655838804199e-05,0.00013619404205664098,0.00014954571664226585,0.00016316388919270124,-0.0018120087184630945,-0.0015057340470773298,-0.003514490471889647,-0.00639729920123243,-0.29521128086755916,-0.14732249754970106,-0.17041992926953953,-0.24110012433753092
6.333603781680002e-05,0.00011267781995945007,0.0001051477285617777,8.868496985389916e-05,-0.004054095395785301,-0.003197510372360852,-0.005365107144207985,-0.008498484666527986,-0.15320605459688202,-0.19103276750700338,-0.1997034051941281,-0.17913696872158036
2.0425394794490602e-05,6.92064682840887e-05,4.121083674472741e-05,-2.8406719734798108e-06,-0.004528033208676582,-0.005496759962711423,-0.007422271219202072,-0.009806643698947808,0.05841849201862587,-0.26881715056311073,-0.21172940980468924,-0.08249483776238409
-1.921406719464004e-05,1.2705530709034508e-06,-4.331617712803875e-05,-0.0001028853293346054,-0.0033998591891495466,-0.008090423079925628,-0.009483131555351158,-0.010202287773277313,0.16721631188678115,-0.24991547287973015,-0.200442657425128,0.003366022896483245
-4.4955494373813255e-05,-8.91854858269105e-05,-0.00014773672271624054,-0.000205452828248469,-0.0017484262466850964,-0.010000784699637161,-0.011400977562289203,-0.01031121200949541,0.1630702766061089,-0.13215685106257657,-0.18312654396248085,-0.025150870140102755
-5.739972332727457e-05,-0.00019308800111054802,-0.0002682745358616414,-0.0003106868585428549,-0.000740419544007167,-0.01077971835709034,-0.01270658506679097,-0.010735594049381765,0.03853106392947697,-0.02362988042805947,-0.0779949569378725,-0.059725537837168274
-6.620248564961681e-05,-0.0002984681169844306,-0.0003969262903052789,-0.00042271788066665687,-0.00102013292046128,-0.010296304817686173,-0.013023765821936534,-0.011670610375378632,-0.09447373922029961,0.12031258830889291,0.014558805908759465,-0.1272777273622051
-8.232646921582559e-05,-0.00039371780615866426,-0.0005240923406218134,-0.0005472504707192393,-0.0022046637927804758,-0.008753633017160565,-0.01240944424137036,-0.013235907635137857,-0.14243243524353955,0.18822177179622868,0.10830551020447554,-0.1857817245896397
-0.00011059370364517974,-0.0004722946454591979,-0.0006428459244733759,-0.000686932619091188,-0.003448783093090354,-0.006961734842946166,-0.01134127252894213,-0.014700522039251894,-0.10639142481843611,0.17015786304665115,0.1053288322811704,-0.10714115623316778
-0.00014750979817429357,-0.000535741068712788,-0.000749926765072743,-0.000835256754356172,-0.003934435812732413,-0.005727549807771855,-0.01007489559093131,-0.014964305013744891,0.009260880890024303,0.07667914398821107,0.14794655532099366,0.05438456133456848
-0.00018380330041476098,-0.0005930164988380132,-0.0008440752787827084,-0.000976672760908391,-0.003324264635361069,-0.005727536217273191,-0.008754807151061764,-0.01331889629669892,0.11277335458424442,-0.07667642588847823,0.11607113265291569,0.2746971820746257
-0.00020932781324982996,-0.000653835564061861,-0.0009265806390621927,-0.0010925790576452148,-0.001780637931652726,-0.006436276827496359,-0.007746264904835092,-0.009862363050665825,0.19595198615742415,-0.06507169615615549,0.08563731659241858,0.4166094671319934
-0.00021963759782417226,-0.0007194229159635692,-0.0009982893160249212,-0.0011700701270780664,-0.0002813189832157341,-0.006681193552845275,-0.0065954704877106,-0.005635850835904511,0.1039118035299742,0.0160883510863723,0.14452156683247985,0.4286929758202692
-0.00021965616758076856,-0.0007814892010672541,-0.0010551581982784209,-0.0012086816304806322,0.0002776050318964744,-0.0057320634678917175,-0.004778305962989343,-0.0020864498446086397,0.007872999492467489,0.17373766590433926,0.21891133811177166,0.28118722243890504
-0.00021875520730417407,-0.0008268758013052815,-0.0010908307939211524,-0.0012172772022439012,-9.741297657757777e-05,-0.0033452565797137583,-0.0023562131655569737,0.00036733549195483526,-0.08287660118727792,0.3036237117312526,0.2655072213747022,0.20956984487378993
-0.00022342840122262296,-0.0008433863631493383,-0.0011012374934445206,-0.0012053046073961572,-0.0008372258071121994,4.3144210902396844e-05,0.0002748732608833372,0.002027183477593974,-0.0650859649196464,0.37405644639197844,0.26071006391336005,0.12239975225403782
-0.00023370753210693942,-0.0008268692973961667,-0.0010843246835024415,-0.001179690362047541,-0.0012186003697510928,0.0032602689397319314,0.0031076887275324873,0.0030956655921292623,-0.011188947608132285,0.2693684993739285,0.30585302941646997,0.09129667065301988
-0.00024245670596305047,-0.0007843160876979869,-0.001038526894963601,-0.0011430767706229008,-0.0005312344014711166,0.005250372999904029,0.006051868980235622,0.004227052692798772,0.14866214126412752,0.12865231266049104,0.28298302112415696,0.13498074948088207
-0.00023824385336853628,-0.0007274465507901997,-0.0009668938699059241,-0.001092349588160357,0.001373804920373954,0.006123534381653408,0.008274736031299745,0.005918383799709979,0.2323457231048866,0.04597996368938473,0.16159038908866774,0.20328547190135932
-0.00021406467839994655,-0.000662794039599501,-0.0008795952320784528,-0.001020140225300063,0.003462030073343993,0.006806967856486336,0.009184991534194529,0.008523488772348833,0.1852993074891211,0.09070673127720097,0.02046071149028894,0.3177355226264115
-0.0001726779755313742,-0.000589953064296147,-0.0007880860419673264,-0.0009197763192443215,0.004815310500370476,0.0077612272041844505,0.009116846488030735,0.011549292438799473,0.08535677791617552,0.10014513826242188,-0.034089720723047834,0.28742521066371635
-0.00012400458242927634,-0.0005088902057888838,-0.0006967173702559586,-0.0007932082952078067,0.004919368120049096,0.008451344497268195,0.009156887854242828,0.013764312368503492,-0.06454525398045147,0.037878320354327144,0.04209799396546654,0.15557877527708736
-8.07671828583763e-05,-0.0004236234065555847,-0.000601092349518032,-0.0006537535735412926,0.003728111794130913,0.00860201534939162,0.009968116293342487,0.014126631964799324,-0.17370601120318513,-0.007744149929641786,0.12014769385446511,-0.08311485601792085
-5.24630281449761e-05,-0.00033862218069162964,-0.0004942135082063811,-0.0005191146211414572,0.0019327191485491281,0.00839822982339939,0.011407651968987695,0.01280115851516775,-0.18537251791317183,-0.03301295526880432,0.16775944127457676,-0.18197983390839384
-4.090136471984828e-05,-0.00025666637826277203,-0.0003751486739702181,-0.00040069919472115366,0.00037961353647643446,0.007992930662372132,0.012405314878244915,0.01088192676889295,-0.12524860450136688,-0.04804687693664755,0.0317731405768672,-0.20186651534656636
-3.9336231682642415e-05,-0.00017897656083122775,-0.0002551563414377748,-0.00029921943723466035,-6.658692903526077e-05,0.0075450328239367245,0.011593151628243741,0.009414024728405714,0.03600851139902783,-0.041532690750433865,-0.19420579057710208,-0.09171389275088054
-3.549613577103499e-05,-0.00010766997059230464,-0.00015241577627207086,-0.00020841960482694086,0.0008346061113567453,0.006716285223847896,0.008954961404897047,0.008745941753138184,0.14423009667937337,-0.1242168292673318,-0.33343225409223687,-0.04190270230262544
-2.0196457059400128e-05,-4.720057668206165e-05,-7.925957155267184e-05,-0.0001242948253990899,0.0022253296309702277,0.005377593558200702,0.005676279538982755,0.008079014132432009,0.1339146072433231,-0.14352150386210694,-0.3223041190906216,-0.09148282183860951
5.984413577738996e-06,-1.7062548749819025e-06,-3.547267199850492e-05,-5.2843637432695375e-05,0.003010844496457597,0.0037212708032152474,0.0030811003718506287,0.006211223460846896,0.023188365854150794,-0.1877430471349839,-0.19673171433580372,-0.28207531247841294
3.427191585543914e-05,2.6554613090292594e-05,-1.2847979651555987e-05,-7.366430407204417e-06,0.002646655959082432,0.0019309027898396511,0.001443838097539158,0.0028842179442512958,-0.09602607332918384,-0.17033055554013532,-0.1307207405264904,-0.3833257908407071
5.3686051479490525e-05,3.8060430000615896e-05,-3.7121764624592813e-06,2.274240773144381e-06,0.0012361711657278452,0.00037026059222500913,0.0003833225402801832,-0.0009560837081815359,-0.1860708853417335,-0.14179788398279308,-0.08138237092530454,-0.3847345396458592
5.717103407897707e-05,3.6381720184567096e-05,-4.808001398873856e-06,-2.440002269756746e-05,-0.0005391746458305357,-0.0007060025554347692,-0.0006024875275630981,-0.004378768985960832,-0.16899827696994268,-0.07345474554916256,-0.11577964264335172,-0.29980251591
4.5585681217661136e-05,2.6242596827397044e-05,-1.7574176393644623e-05,-7.890224375432873e-05,-0.0017778959264326518,-0.0013218221159992413,-0.0019507474713910556,-0.006521675225391424,-0.07874597915048054,-0.04970916656373184,-0.15387234612223977,-0.1287787319761184
2.627953560821515e-05,8.540055275794734e-06,-4.6502991764201616e-05,-0.00014653328726630307,-0.0020833331954565456,-0.0022186861943212207,-0.003835015602720343,-0.007004533477003446,0.01765852534570178,-0.12966364910066405,-0.22298128014361773,0.032207081653714054
8.52467368338765e-06,-2.2236085203061835e-05,-9.64140588578978e-05,-0.00021344931619824884,-0.0014676391895089539,-0.0039365419014500925,-0.006147197816018895,-0.006378672309385707,0.10548027584381658,-0.21390749232511033,-0.23945516251609256,0.09296515186983362
-2.4683385577730787e-06,-7.158276169359442e-05,-0.00016768533855093335,-0.0002736121217506429,-0.0007309632587231918,-0.005932793396656425,-0.008107058122588214,-0.005653888801093102,0.041854910313335825,-0.1853428067161562,-0.1525168987977712,0.05199154978868753
-1.045118057954679e-05,-0.0001384644749048127,-0.0002512040439174462,-0.00032948624252530955,-0.0008656051456315506,-0.00744354924558723,-0.008596682950714361,-0.005520935353840229,-0.06878328769500758,-0.11680836307000478,0.05459193317254174,-0.025400860338113007
-2.3728174719577823e-05,-0.000214575476041309,-0.0003317541869005034,-0.0003878947004855958,-0.0017897936823746562,-0.007778650981712029,-0.007513345645897074,-0.006160756238217021,-0.11605441965361352,0.049788015845045025,0.1620755277909156,-0.10256331653724532
-4.6481246398249004e-05,-0.0002867422671725868,-0.00039931133221086235,-0.00045360679881529777,-0.00276082065335958,-0.006654707244543527,-0.005998083416174716,-0.0069816634277233705,-0.07815097454337128,0.17500073158865545,0.14097691815355606,-0.061618121364024725
-7.580746170193844e-05,-0.00034321608715182696,-0.00045345473537899636,-0.0005251154246137835,-0.0031044224073783076,-0.004640056751304511,-0.0048305972174520866,-0.0073200617319737794,0.009430623739625776,0.22792936705914782,0.09252032159096979,-0.006061539486057088
-0.00010296641592453235,-0.0003787600241233806,-0.0004976707196511856,-0.0005950220249650592,-0.0023273684371404747,-0.002468730643006217,-0.004012599636985766,-0.006661258338281349,0.14598017030794086,0.20633585460051093,0.07107919450229438,0.13782221822454327
-0.00011713945885629327,-0.0003949759514619045,-0.0005337090647004304,-0.0006520622956197206,-0.0005072401492117091,-0.0007744548246985581,-0.003195069372863189,-0.004746795792650931,0.21804548727781226,0.13251930906102086,0.09242685832222097,0.24507029090154026
-0.00011220671046269398,-0.000398001345708499,-0.0005594850573046096,-0.0006867453939746628,0.001493789827931567,0.0001693759753796588,-0.001960129147972652,-0.0021898238783375147,0.18216050815084295,0.05624685095462251,0.15456118665588647,0.266324091961143
-9.131246743661751e-05,-0.0003943814769821287,-0.000569409477609427,-0.0006959535189639747,0.0026850587772837267,0.0005545977698943917,-2.475491299083754e-05,0.0003481988804751369,0.05609328171958905,0.02079750794832408,0.23251366034047644,0.2412804598013873
-6.608902398842015e-05,-0.00038662027202344035,-0.0005581044000501302,-0.0006806213583227005,0.0023596299123557463,0.0009976432218432836,0.0022857704248502074,0.002718233247779707,-0.12117905470518509,0.0678115824414543,0.22959140722773258,0.23272641365952668
-5.066791742300014e-05,-0.00037074179740751177,-0.0005246576726106488,-0.0006421989529544395,0.0007245914007282556,0.0021780517013424315,0.004403575063046072,0.004966247825872487,-0.20582864762031305,0.16827011345837528,0.19396952041144017,0.21687650195902924
-5.2238545843367966e-05,-0.0003405537187634264,-0.0004720416448164541,-0.0005823764108974721,-0.001038717084801821,0.003859564027474646,0.006119630495792868,0.0069982605855209955,-0.14683304948570225,0.16803235176806763,0.149241566137919,0.1895260499706724
-6.49475671420044e-05,-0.00029461993065442563,-0.0004051110803551449,-0.0005032770887658558,-0.0015030871749254645,0.005327193594325505,0.007266482396468975,0.008821603840802267,0.05395903146097353,0.12549356160210412,0.08012881399730237,0.17514260108558183
-7.374260185368145e-05,-0.000237667208940179,-0.00032944841681851664,-0.0004080797210114978,-0.0002559197674099464,0.006063350748523823,0.007866050310856675,0.01021786971006933,0.1954744500421301,0.021737869237559493,0.039784768880237575,0.10411057276783092
-6.501459511981471e-05,-0.0001761640589438218,-0.0002485687719476654,-0.0003036008578794691,0.002001521114183293,0.006237279250747614,0.008309878663313572,0.01067790291633641,0.25601372627651786,0.013047831207198546,0.048980901611141714,-0.012103931514414745
-3.505494939146922e-05,-0.00011223632375021693,-0.00016344446739593795,-0.00019931508448186458,0.003990408031485805,0.006548267787973361,0.008714982247031919,0.01017925176318449,0.14176365718398454,0.04914987623795086,0.03203981513252768,-0.08762629911596947
8.549022824136573e-06,-4.416136824326795e-05,-7.55393212720591e-05,-0.00010268917245501123,0.004730386411635354,0.007066723313416435,0.008866046977743854,0.009145930642186181,0.006232018845925169,0.054541228850663814,-0.0018268689901408952,-0.11903792508369243
5.2595357630180766e-05,2.9346077082580516e-05,1.1558967028866114e-05,-1.6954003497158205e-05,0.004078880549573486,0.007634765751753259,0.008553610682441188,0.008001103149384424,-0.13653319125829888,0.05906725881670105,-0.06066039007039209,-0.10992757347665888
8.524230405032139e-05,0.00010683002265732684,9.285669004226735e-05,5.668546471366386e-05,0.0024505087344546383,0.007862023363196005,0.007705933920239061,0.006726790492779991,-0.18914117176547063,-0.013615736528151845,-0.10887496237003341,-0.14493495784422766
0.0001013524836398089,0.0001804680743980085,0.00016478265461908223,0.00011748579907535603,0.0007715271834428633,0.006865586984940329,0.006679258995123916,0.005433276379558441,-0.14665513843688438,-0.1856715391229834,-0.09646002265299564,-0.11376786480008233
0.00010490335778732853,0.00023825907613513509,0.0002259490078963707,0.00016601491255069983,-6.135235393893673e-05,0.004692613362484986,0.00555401166033378,0.004272546315510319,-0.019920769039475622,-0.24892318536808522,-0.12858944430503155,-0.1183781480095421
0.00010453874543583824,0.0002721745109477531,0.0002740559467298298,0.00020376086820154762,-1.1570116359120607e-05,0.002090473600038617,0.004067376106358035,0.003276644814659239,0.029877216555438846,-0.27150476712118843,-0.1687376664901174,-0.08080215216067382
0.00010600539744161521,0.0002813625155998368,0.00030554948428044844,0.00023326861130035296,0.0003049005175145141,-0.0002528726696218748,0.0022313314037656967,0.0026249038051018307,0.033416910219288096,-0.19716448681090992,-0.19847127402835035,-0.04954604975080784
0.00010976931059973056,0.00027173104994342623,0.0003185502717740692,0.00025591965736313367,0.0004478821141085561,-0.0016734204616602416,0.00036882609495845543,0.0019053054074543094,-0.004820590900479704,-0.08694507159676346,-0.1740297877330979,-0.0943736297786964
0.00011265925583012256,0.00025263210384276883,0.00031320142652058614,0.00026760499294240805,0.00013010693196984326,-0.002146368758471238,-0.0014385951456550663,0.0004317617084005662,-0.058734445527262855,-0.007644587765435862,-0.18745446038960645,-0.20033511003205223
0.00011120360978937317,0.00023332571133598474,0.0002913835830859349,0.0002591501216977247,-0.00042123614011972037,-0.0017149097428855809,-0.0029249735412751857,-0.002122735957337238,-0.051534168890649865,0.09393639088256733,-0.10982121873441741,-0.3105644231155085
0.00010412753270939243,0.00021880093618248088,0.0002580163763753951,0.00022204884256736356,-0.0009939792758764283,-0.0011900452878151901,-0.003748467800832767,-0.005297519868734987,-0.0630144582606917,0.011036500131510807,-0.05487763317709882,-0.32439235916404136
